Num_Acc,senc,catv,occutc,obs,obsm,choc,manv,num_veh
202100000001,1,1,,0,2,1,1,B01
202100000001,1,7,,0,9,3,17,A01
202100000002,0,7,,2,2,1,1,A01
202100000002,0,7,,0,2,1,9,B01
202100000003,1,7,,0,1,3,1,A01
202100000004,1,7,,0,2,3,15,A01
202100000004,-1,60,,0,0,7,19,D01
202100000005,2,7,,0,2,4,1,A01
202100000005,2,7,,0,2,1,0,Z01
202100000006,2,1,,0,0,5,1,B01
202100000006,2,7,,0,2,1,1,A01
202100000007,3,7,,0,2,2,11,B01
202100000007,3,7,,0,2,2,1,A01
202100000008,2,32,,0,2,1,1,B01
202100000008,2,7,,0,0,6,10,A01
202100000009,1,7,,0,2,5,15,A01
202100000009,2,7,,0,2,1,1,B01
202100000010,1,99,,0,2,7,7,A01
202100000010,1,37,4.0,0,2,3,2,B01
202100000011,3,7,,0,2,2,16,A01
202100000011,3,99,,0,2,1,26,B01
202100000012,2,7,,0,2,2,1,A01
202100000012,1,10,,16,2,2,19,B01
202100000013,1,7,,0,2,1,2,A01
202100000013,1,2,,0,0,4,2,B01
202100000014,1,7,,0,2,2,16,A01
202100000014,1,60,,0,2,0,0,B01
202100000015,1,7,,0,2,3,1,B01
202100000015,1,7,,0,2,2,19,A01
202100000016,1,15,,1,0,1,1,A01
202100000017,2,7,,0,0,7,5,A01
202100000017,1,7,,0,0,1,1,B01
202100000018,2,7,,0,0,4,1,B01
202100000018,2,14,,0,2,1,1,A01
202100000019,2,7,,0,2,8,1,B01
202100000019,1,7,,0,2,3,13,A01
202100000020,2,0,,0,2,5,2,A01
202100000020,2,33,,0,2,4,2,B01
202100000021,1,32,,0,2,7,0,B01
202100000021,1,7,,0,2,3,19,A01
202100000022,1,7,,0,2,1,0,A01
202100000022,1,7,,9,2,2,15,B01
202100000023,1,7,,0,1,1,19,A01
202100000024,2,7,,0,2,1,1,B01
202100000024,1,7,,0,2,1,5,A01
202100000025,2,33,,5,0,1,1,A01
202100000026,1,7,,0,2,5,23,C01
202100000026,1,7,,0,0,3,22,B01
202100000026,1,33,,0,2,7,3,A01
202100000027,2,2,,0,2,4,1,A01
202100000027,2,10,,0,2,2,2,B01
202100000028,3,7,,0,2,3,9,A01
202100000028,1,32,,0,2,1,21,B01
202100000029,1,10,,0,1,2,1,A01
202100000030,2,7,,0,1,1,1,A01
202100000031,1,7,,1,0,4,26,A01
202100000032,3,15,,0,2,1,2,B01
202100000032,3,99,,0,2,4,1,A01
202100000033,3,7,,0,1,1,17,A01
202100000034,1,7,,0,1,1,20,A01
202100000035,1,7,,0,1,1,16,A01
202100000036,1,10,,13,0,1,1,A01
202100000037,2,7,,0,1,2,1,A01
202100000038,1,1,,0,2,1,1,B01
202100000038,1,0,,0,2,4,17,A01
202100000039,1,7,,0,2,7,15,A01
202100000039,2,2,,0,2,1,1,B01
202100000040,1,31,,0,2,1,19,B01
202100000040,1,34,,16,0,1,26,A01
202100000041,1,7,,0,2,1,1,A01
202100000041,1,32,,0,2,7,21,B01
202100000042,1,7,,0,2,3,1,B01
202100000042,2,7,,0,2,3,13,A01
202100000043,2,7,,16,0,-1,13,A01
202100000044,1,7,,3,2,1,1,A01
202100000044,1,7,,14,0,7,21,B01
202100000044,1,7,,14,0,2,1,C01
202100000044,1,7,,14,0,1,1,D01
202100000044,1,7,,3,0,7,21,E01
202100000045,1,32,,0,1,1,1,A01
202100000046,2,7,,0,2,3,13,A01
202100000046,1,10,,0,2,8,1,B01
202100000047,1,31,,0,2,1,1,A01
202100000047,1,7,,0,2,3,1,B01
202100000048,3,7,,0,2,1,19,B01
202100000048,2,7,,0,2,2,1,A01
202100000048,1,7,,0,2,3,1,C01
202100000049,1,7,,0,2,1,1,B01
202100000049,1,7,,0,2,4,23,A01
202100000050,1,7,,0,2,4,1,B01
202100000050,2,33,,0,2,1,26,A01
202100000051,3,7,,0,2,1,1,B01
202100000051,3,1,,0,2,8,1,A01
202100000052,2,7,,0,1,3,19,A01
202100000053,1,99,,0,2,3,10,A01
202100000053,1,33,,0,2,1,1,B01
202100000054,1,7,,1,0,2,26,A01
202100000055,1,32,,1,2,3,18,A01
202100000055,1,7,,0,2,7,1,B01
202100000056,0,30,,0,0,1,14,A01
202100000057,3,10,,0,2,1,1,B01
202100000057,3,7,,0,2,1,16,A01
202100000058,3,10,,0,2,2,1,A01
202100000058,1,10,,0,2,3,1,B01
202100000059,2,33,,0,0,8,0,A01
202100000060,0,7,,0,2,3,1,A01
202100000060,0,7,,0,2,3,1,B01
202100000061,3,7,,0,2,2,15,A01
202100000061,3,7,,0,2,1,1,B01
202100000062,1,50,,0,1,1,1,A01
202100000063,1,2,,0,6,1,1,A01
202100000064,1,7,,0,-1,4,1,A01
202100000064,1,7,,0,0,1,1,B01
202100000065,0,50,,0,1,1,26,A01
202100000066,0,7,,0,1,1,1,A01
202100000067,2,7,,0,2,1,1,A01
202100000067,1,33,,0,2,2,15,B01
202100000068,1,7,,13,0,3,1,A01
202100000069,2,7,,0,2,3,5,A01
202100000069,0,7,,0,0,0,0,B01
202100000070,0,1,,0,2,0,0,B01
202100000070,0,7,,0,2,0,0,A01
202100000071,0,1,,0,0,0,0,B01
202100000071,1,7,,0,2,3,21,A01
202100000072,2,10,,0,0,-1,1,A01
202100000073,2,7,,0,1,2,16,A01
202100000074,1,7,,0,1,1,1,A01
202100000075,1,7,,0,2,1,2,D01
202100000075,1,7,,0,2,1,2,C01
202100000075,1,7,,0,2,1,2,B01
202100000075,1,7,,0,0,0,0,A01
202100000076,2,2,,0,0,0,26,A01
202100000077,3,7,,0,1,0,26,A01
202100000078,1,7,,0,2,3,26,A01
202100000078,2,2,,0,2,3,15,B01
202100000079,1,99,,0,2,1,1,B01
202100000079,1,10,,0,2,8,15,A01
202100000080,1,7,,8,0,1,9,A01
202100000081,0,7,,2,0,1,1,A01
202100000082,3,7,,0,2,3,19,A01
202100000082,2,30,,0,2,1,17,B01
202100000083,3,33,,0,1,1,1,A01
202100000084,1,7,,0,2,3,1,A01
202100000084,1,7,,0,2,1,1,B01
202100000085,1,7,,5,0,1,0,A01
202100000086,2,99,,4,0,0,26,A01
202100000087,3,7,,0,2,1,0,B01
202100000087,3,50,,0,2,1,13,A01
202100000088,3,7,,6,0,1,1,A01
202100000089,1,33,,-1,2,2,1,B01
202100000089,1,7,,0,2,8,1,A01
202100000090,3,60,,0,2,3,19,B01
202100000090,3,7,,0,1,1,1,A01
202100000091,2,7,,0,2,8,1,A01
202100000091,1,31,,0,2,0,13,B01
202100000092,2,7,,0,2,2,1,A01
202100000092,2,2,,0,2,8,19,B01
202100000093,2,7,,0,1,3,19,A01
202100000094,2,7,,3,2,1,14,A01
202100000095,3,3,,1,0,1,0,A01
202100000096,3,7,,0,2,3,9,A01
202100000096,3,50,,0,2,1,0,B01
202100000097,3,3,,0,2,3,19,A01
202100000097,0,2,,0,2,1,0,B01
202100000098,2,7,,0,2,8,19,B01
202100000098,2,10,,0,2,1,1,A01
202100000099,1,7,,0,2,7,18,A01
202100000099,2,10,,0,2,1,1,B01
202100000100,1,7,,0,1,1,2,A01
202100000101,3,1,,14,0,1,1,A01
202100000101,3,1,,14,0,1,1,B01
202100000102,0,2,,16,0,7,14,A01
202100000103,3,7,,0,2,2,1,A01
202100000103,3,30,,0,2,8,9,C01
202100000104,1,7,,0,2,1,1,B01
202100000104,1,7,,0,2,1,13,A01
202100000105,1,10,,0,2,1,1,A01
202100000105,2,7,,0,2,1,1,B01
202100000106,3,7,,0,2,4,23,A01
202100000106,3,7,,0,2,1,2,B01
202100000107,0,10,,0,2,1,11,A01
202100000107,0,1,,0,2,1,1,B01
202100000108,3,1,,12,0,1,14,A01
202100000109,1,7,,17,0,1,1,A01
202100000110,3,7,,0,2,2,1,B01
202100000110,3,30,,0,2,8,13,A01
202100000111,3,7,,0,2,2,15,A01
202100000111,3,2,,0,2,1,26,B01
202100000112,0,7,,0,0,0,1,A01
202100000113,1,7,,10,1,2,2,A01
202100000114,2,7,,0,1,1,1,A01
202100000115,1,7,,0,2,3,13,A01
202100000115,2,7,,0,2,3,1,B01
202100000116,2,7,,0,1,1,1,A01
202100000117,1,7,,0,2,3,19,A01
202100000117,0,10,,0,0,8,2,B01
202100000118,3,2,,0,1,2,17,A01
202100000119,0,7,,0,1,1,1,A01
202100000120,2,7,,0,1,1,1,A01
202100000121,1,30,,0,2,1,1,A01
202100000121,1,7,,0,2,4,23,B01
202100000122,3,7,,8,2,2,1,A01
202100000122,3,7,,0,2,6,1,B01
202100000123,1,7,,3,0,2,1,A01
202100000124,1,7,,0,2,1,1,B01
202100000124,2,7,,0,2,1,1,A01
202100000125,2,7,,0,0,3,1,A01
202100000126,2,33,,0,2,1,17,B01
202100000126,2,7,,0,2,8,15,A01
202100000127,3,39,,0,1,2,19,A01
202100000128,3,7,,0,0,1,19,A01
202100000129,0,7,,12,0,2,1,A01
202100000130,3,7,,0,2,3,1,A01
202100000130,3,50,,0,2,0,0,B01
202100000131,1,2,,0,2,1,1,B01
202100000131,1,7,,0,2,3,15,A01
202100000132,0,33,,0,0,1,26,A01
202100000133,2,34,,0,2,1,1,B01
202100000133,1,7,,0,2,2,15,A01
202100000134,2,30,,0,1,1,17,A01
202100000134,1,7,,0,2,8,23,B01
202100000135,3,36,,2,0,1,13,A01
202100000136,3,13,,0,2,2,26,A01
202100000136,3,1,,0,2,3,0,B01
202100000137,1,7,,0,2,4,1,D01
202100000137,1,7,,0,2,6,1,C01
202100000137,1,7,,12,2,5,1,B01
202100000137,1,99,,0,2,1,1,A01
202100000138,1,7,,0,1,1,1,A01
202100000139,1,2,,0,2,1,1,B01
202100000139,1,7,,0,2,5,4,A01
202100000140,2,32,,0,2,1,1,B01
202100000140,2,7,,0,2,4,9,A01
202100000141,3,2,,0,2,0,13,B01
202100000141,3,99,,0,2,3,0,A01
202100000142,1,7,,0,2,4,1,C01
202100000142,1,7,,0,2,1,1,A01
202100000142,1,7,,0,2,4,1,B01
202100000143,1,7,,0,2,7,11,A01
202100000143,1,7,,0,2,9,1,B01
202100000143,1,7,,0,2,8,1,C01
202100000144,2,7,,0,2,1,1,A01
202100000144,2,7,,0,2,4,2,B01
202100000145,2,7,,3,2,2,17,A01
202100000145,2,7,,3,2,6,1,B01
202100000146,1,7,,4,0,1,12,A01
202100000147,2,7,,16,0,1,1,A01
202100000148,2,7,,0,2,8,21,C01
202100000148,2,7,,0,2,1,1,B01
202100000148,2,7,,0,2,4,1,A01
202100000149,1,7,,4,9,1,21,A01
202100000150,2,7,,1,0,1,13,A01
202100000151,2,7,,0,2,3,13,A01
202100000151,1,7,,0,2,3,21,B01
202100000152,3,33,,0,0,4,1,A01
202100000153,1,7,,0,6,3,1,A01
202100000154,1,7,,0,1,1,15,A01
202100000155,3,30,,1,0,5,1,A01
202100000156,1,33,,0,2,0,0,B01
202100000156,1,7,,0,2,3,9,A01
202100000157,2,33,,0,2,1,1,B01
202100000157,1,7,,0,2,2,15,A01
202100000158,0,7,,0,2,5,1,B01
202100000158,0,7,,0,2,1,19,A01
202100000159,2,7,,6,0,3,13,A01
202100000160,0,10,,0,2,3,0,A01
202100000160,0,7,,0,2,3,0,B01
202100000161,3,31,,0,2,3,10,B01
202100000161,3,7,,0,2,2,17,A01
202100000162,0,1,,0,2,1,2,B01
202100000162,0,7,,0,2,2,11,A01
202100000163,1,7,,0,1,0,1,A01
202100000164,1,7,,0,1,1,1,A01
202100000165,2,7,,0,1,2,1,A01
202100000166,2,7,,0,2,2,2,C01
202100000166,2,7,,0,2,1,2,D01
202100000166,2,7,,0,2,6,2,B01
202100000166,2,7,,0,2,4,1,A01
202100000167,3,7,,0,9,3,1,B01
202100000167,3,33,,0,2,1,1,A01
202100000168,3,7,,0,2,4,23,B01
202100000168,3,7,,0,2,1,2,A01
202100000169,0,7,,0,0,9,21,A01
202100000170,2,7,,0,2,1,13,A01
202100000170,1,10,,0,2,1,21,B01
202100000171,1,2,,0,2,1,0,B01
202100000171,1,7,,0,2,3,15,A01
202100000172,2,7,,0,2,3,15,B01
202100000172,2,30,,1,2,9,17,A01
202100000173,1,34,,0,2,8,15,A01
202100000173,1,2,,0,2,3,15,B01
202100000174,2,7,,0,0,9,13,A01
202100000175,1,1,,0,0,8,1,A01
202100000176,2,7,,0,1,1,1,A01
202100000177,2,31,,0,2,1,3,B01
202100000177,1,30,,0,2,1,3,A01
202100000178,2,7,,0,2,4,23,B01
202100000178,2,7,,2,2,1,26,A01
202100000179,1,1,,0,2,8,2,A01
202100000179,1,7,,0,2,7,16,B01
202100000180,2,1,,0,2,4,1,A01
202100000180,2,7,,0,2,1,1,B01
202100000181,1,1,,0,2,1,1,B01
202100000181,2,7,,0,2,1,15,A01
202100000182,2,7,,15,0,1,1,A01
202100000183,2,33,,14,0,1,1,A01
202100000184,1,7,,2,0,3,1,A01
202100000185,2,7,,0,2,2,15,A01
202100000185,1,2,,0,0,2,1,B01
202100000186,1,7,,0,2,1,1,A01
202100000186,1,7,,0,2,4,15,B01
202100000187,0,7,,0,2,3,13,A01
202100000187,0,7,,0,2,3,1,B01
202100000188,1,7,,13,0,2,1,A01
202100000189,3,7,,0,2,1,1,A01
202100000189,3,7,,0,2,4,23,B01
202100000189,3,7,,6,2,4,23,C01
202100000190,3,99,,0,2,1,1,A01
202100000190,3,7,,0,2,3,9,B01
202100000191,0,80,,0,2,1,15,B01
202100000191,2,7,,0,2,1,15,A01
202100000192,1,7,,0,1,2,9,A01
202100000193,1,7,,0,2,3,13,B01
202100000193,2,7,,0,2,3,1,A01
202100000194,0,7,,2,0,1,15,A01
202100000195,1,39,,0,2,8,1,B01
202100000195,2,1,,0,4,0,26,A01
202100000196,2,7,,3,0,1,1,A01
202100000197,1,7,,1,1,1,25,A01
202100000198,1,7,,8,0,1,1,A01
202100000199,1,7,,0,2,4,1,B01
202100000199,1,30,,0,2,1,1,A01
202100000200,3,30,,0,1,1,18,A01
202100000201,2,7,,0,2,1,9,A01
202100000201,1,1,,0,2,3,9,B01
202100000202,2,7,,0,2,3,15,A01
202100000202,3,2,,0,2,1,1,B01
202100000203,1,1,,0,0,8,1,A01
202100000204,2,80,,0,2,7,1,B01
202100000204,2,7,,0,2,1,1,A01
202100000205,1,7,,0,2,4,1,A01
202100000205,1,10,,0,2,1,1,B01
202100000206,2,34,,0,2,1,16,B01
202100000206,2,7,,0,2,7,1,A01
202100000207,3,7,,0,2,2,1,B01
202100000207,3,33,,0,2,2,1,A01
202100000208,3,7,,3,0,1,26,A01
202100000209,1,7,,9,0,1,13,A01
202100000210,1,32,,0,1,1,0,A01
202100000211,0,7,,0,0,0,0,B01
202100000211,0,7,,8,2,3,7,A01
202100000212,1,7,,6,0,1,1,A01
202100000213,2,7,,0,1,2,2,A01
202100000214,1,7,,0,2,4,1,A01
202100000214,1,2,,0,2,1,2,B01
202100000215,3,7,,0,1,2,1,A01
202100000216,1,7,,0,2,8,23,C01
202100000216,1,7,,0,2,1,15,A01
202100000216,1,10,,0,2,7,26,B01
202100000217,3,1,,16,0,1,1,A01
202100000218,1,7,,0,2,7,16,A01
202100000218,1,1,,0,2,7,1,B01
202100000219,1,33,,0,2,1,3,B01
202100000219,1,7,,0,2,2,10,A01
202100000220,1,10,,0,0,2,1,A01
202100000221,1,10,,0,2,8,22,B01
202100000221,1,80,,1,0,7,26,A01
202100000222,1,7,,6,0,3,1,A01
202100000223,1,7,,0,2,1,21,A01
202100000223,1,7,,0,2,6,23,B01
202100000223,1,7,,0,0,4,23,C01
202100000224,1,7,,0,1,1,9,A01
202100000225,1,7,,0,2,3,13,A01
202100000225,2,7,,0,2,3,1,B01
202100000226,1,7,,0,2,7,16,A01
202100000226,1,1,,0,2,1,1,B01
202100000227,1,7,,0,2,4,2,A01
202100000227,1,7,,0,2,1,2,B01
202100000227,1,7,,5,2,8,2,C01
202100000227,1,7,,0,2,4,2,D01
202100000227,1,7,,0,2,1,2,E01
202100000228,2,7,,0,2,2,1,C01
202100000228,1,1,,0,2,1,19,A01
202100000228,1,1,,0,2,1,19,B01
202100000229,1,7,,1,0,1,1,A01
202100000229,1,7,,0,2,4,0,C01
202100000230,2,7,,0,1,1,1,A01
202100000231,1,7,,0,2,1,2,A01
202100000231,1,10,,0,2,4,2,B01
202100000232,2,32,,0,2,1,8,A01
202100000232,1,7,,0,2,2,15,B01
202100000233,3,7,,0,2,5,1,B01
202100000233,3,2,,0,2,3,0,A01
202100000234,2,7,,6,0,1,1,A01
202100000235,3,2,,0,0,2,1,B01
202100000235,3,7,,0,2,3,9,A01
202100000236,1,31,,1,2,2,17,B01
202100000236,1,7,,0,2,3,15,A01
202100000237,1,2,,0,2,1,13,B01
202100000237,1,7,,0,2,8,13,A01
202100000238,1,10,,3,0,3,26,A01
202100000239,2,30,,0,2,1,1,A01
202100000239,2,7,,0,2,4,1,B01
202100000240,1,7,,0,2,2,12,A01
202100000240,1,43,,0,2,3,7,B01
202100000241,1,33,,0,6,1,1,A01
202100000242,1,7,,0,2,3,15,B01
202100000242,1,34,,0,2,1,17,A01
202100000243,2,60,,0,2,1,1,B01
202100000243,1,10,,0,2,2,15,A01
202100000244,3,7,,0,1,1,15,A01
202100000245,3,7,,7,2,1,1,A01
202100000245,3,7,,0,2,3,15,B01
202100000246,0,7,,0,2,1,1,B01
202100000247,2,7,,0,1,1,14,A01
202100000248,2,30,,0,2,2,15,A01
202100000248,1,7,,0,2,1,1,B01
202100000249,1,1,,0,2,4,11,A01
202100000249,1,7,,0,2,2,1,B01
202100000250,2,7,,0,2,2,14,A01
202100000250,2,1,,0,2,4,26,B01
202100000251,3,1,,0,1,0,2,A01
202100000252,3,38,1.0,0,1,8,16,A01
202100000253,2,31,,0,2,0,0,B01
202100000253,3,10,,0,2,7,19,A01
202100000254,0,30,,0,1,4,21,A01
202100000255,1,7,,0,0,1,1,A01
202100000256,3,7,,13,0,0,15,A01
202100000257,2,7,,6,0,1,13,A01
202100000258,1,7,,1,0,2,21,A01
202100000259,1,7,,4,0,1,1,A01
202100000260,1,7,,0,2,-1,17,B01
202100000260,1,7,,0,0,0,1,A01
202100000261,3,7,,0,2,3,10,A01
202100000261,3,2,,0,2,1,17,B01
202100000262,-1,30,,-1,-1,-1,-1,B01
202100000262,-1,20,,-1,-1,-1,-1,A01
202100000263,1,32,,0,2,1,1,A01
202100000263,2,7,,0,2,3,15,B01
202100000264,1,7,,0,2,2,15,A01
202100000264,1,3,,0,2,1,1,B01
202100000265,3,33,,0,2,2,17,B01
202100000265,3,7,,0,2,8,19,A01
202100000266,1,10,,0,2,3,16,A01
202100000266,1,34,,0,2,1,1,B01
202100000267,1,7,,0,2,4,1,B01
202100000267,1,30,,0,2,1,26,A01
202100000268,1,10,,6,0,1,1,A01
202100000269,1,7,,0,2,9,13,A01
202100000269,3,7,,0,0,1,1,C01
202100000269,3,7,,0,2,1,1,B01
202100000270,2,7,,0,2,3,20,B01
202100000270,2,2,,0,2,2,1,A01
202100000271,2,39,,0,1,6,1,E01
202100000272,1,7,,0,2,6,1,B01
202100000272,2,7,,1,2,1,13,A01
202100000273,0,50,,0,2,8,19,B01
202100000273,1,7,,0,2,1,1,A01
202100000274,1,1,,0,2,1,2,B01
202100000274,1,7,,0,2,2,2,A01
202100000275,3,33,,0,2,1,1,B01
202100000275,3,10,,0,2,2,15,A01
202100000276,1,7,,0,2,7,1,B01
202100000276,3,7,,0,2,1,1,A01
202100000277,2,7,,2,0,0,13,A01
202100000278,2,7,,4,0,0,21,A01
202100000279,1,10,,0,1,1,1,A01
202100000280,2,2,,0,1,1,26,A01
202100000281,3,7,,0,2,1,1,B01
202100000281,3,7,,0,2,8,15,A01
202100000282,0,7,,0,1,2,1,A01
202100000283,0,13,,0,2,0,0,A01
202100000283,3,31,,0,2,0,0,B01
202100000284,1,33,,0,1,7,1,A01
202100000285,2,43,,0,2,1,0,B01
202100000285,1,1,,0,2,7,19,A01
202100000286,1,7,,0,2,8,1,C01
202100000286,1,7,,0,2,4,1,B01
202100000286,1,7,,0,2,1,1,A01
202100000287,1,30,,0,2,0,1,A01
202100000287,2,7,,0,2,0,15,B01
202100000288,1,7,,8,0,7,1,A01
202100000289,1,7,,0,2,1,1,A01
202100000289,1,7,,0,2,3,1,B01
202100000290,3,7,,0,2,1,1,A01
202100000290,3,7,,0,2,4,1,B01
202100000291,0,7,,0,2,4,0,B01
202100000291,0,7,,0,2,1,0,A01
202100000292,1,33,,0,2,1,26,A01
202100000292,1,7,,0,2,6,1,B01
202100000293,2,1,,0,2,8,15,B01
202100000293,2,7,,0,2,2,1,A01
202100000294,3,1,,0,2,7,19,A01
202100000294,2,31,,0,2,1,1,B01
202100000295,2,7,,0,2,1,21,A01
202100000295,2,7,,0,2,4,20,B01
202100000296,1,2,,0,2,7,1,A01
202100000296,1,7,,0,2,1,1,B01
202100000297,1,31,,0,2,0,1,A01
202100000297,1,7,,0,0,0,0,B01
202100000298,2,7,,0,2,8,1,A01
202100000298,2,10,,0,2,1,1,B01
202100000299,2,7,,0,2,3,9,A01
202100000299,1,33,,0,2,1,1,B01
202100000300,1,7,,0,2,3,0,A01
202100000300,2,33,,0,2,5,0,B01
202100000301,1,7,,0,1,7,0,A01
202100000302,3,50,,0,1,4,1,A01
202100000303,1,7,,0,2,4,23,B01
202100000303,1,7,,0,2,1,0,A01
202100000304,1,7,,0,1,1,1,A01
202100000305,0,7,,0,1,1,1,A01
202100000306,1,7,,0,1,1,1,A01
202100000307,1,7,,0,2,2,17,A01
202100000307,1,80,,0,2,1,0,B01
202100000308,3,1,,0,2,4,6,B01
202100000308,2,7,,0,2,3,21,A01
202100000309,3,7,,0,2,1,1,B01
202100000309,3,7,,0,2,2,5,A01
202100000310,1,7,,14,0,1,26,A01
202100000311,0,33,,0,2,3,9,A01
202100000311,3,1,,0,2,0,0,B01
202100000312,3,7,,0,2,8,11,A01
202100000312,3,32,,0,2,1,1,B01
202100000313,0,7,,0,2,6,15,B01
202100000313,3,33,,0,2,2,17,A01
202100000314,3,30,,7,2,0,1,A01
202100000314,3,7,,0,2,3,19,B01
202100000315,3,7,,15,2,3,19,A01
202100000315,3,7,,15,2,2,1,B01
202100000316,3,31,,2,0,8,1,A01
202100000317,3,7,,0,2,1,16,A01
202100000317,3,7,,0,1,4,16,B01
202100000318,0,7,,13,0,8,9,A01
202100000319,3,7,,0,2,6,2,B01
202100000319,3,7,,0,2,2,1,A01
202100000320,1,7,,0,2,5,1,A01
202100000320,1,7,,0,2,1,1,Z01
202100000321,3,7,,0,1,1,1,A01
202100000322,2,1,,0,2,7,1,A01
202100000322,1,7,,0,2,1,1,B01
202100000323,1,10,,0,2,3,15,A01
202100000323,2,31,,0,2,8,1,B01
202100000324,2,7,,0,2,1,1,B01
202100000324,2,7,,15,2,7,1,A01
202100000325,1,7,,0,1,0,15,A01
202100000326,0,39,,0,1,1,1,A01
202100000327,-1,7,,0,-1,-1,4,A01
202100000328,2,7,,0,0,0,15,A01
202100000328,1,31,,0,0,9,1,B01
202100000329,1,7,,0,2,3,1,C01
202100000329,1,7,,0,2,3,1,B01
202100000329,2,7,,0,2,3,13,A01
202100000330,3,7,,2,0,0,14,A01
202100000331,2,10,,0,1,3,1,A01
202100000332,2,7,,13,0,1,17,A01
202100000333,2,7,,1,0,1,2,B01
202100000333,2,7,,0,2,4,23,A01
202100000334,3,39,,0,2,2,1,A01
202100000334,1,1,,0,4,7,23,B01
202100000335,3,34,,0,1,1,1,A01
202100000336,2,7,,0,2,3,13,B01
202100000336,1,10,,0,2,3,1,A01
202100000337,1,30,,0,2,1,1,B01
202100000337,2,33,,0,2,1,17,A01
202100000338,1,31,,0,2,7,1,B01
202100000338,1,10,,0,2,8,13,A01
202100000339,2,7,,0,2,4,2,B01
202100000339,2,7,,0,2,1,2,A01
202100000340,1,7,,0,2,2,21,B01
202100000340,1,7,,0,2,1,21,A01
202100000341,1,10,,0,2,1,13,B01
202100000341,2,7,,0,2,1,1,A01
202100000342,2,7,,0,2,1,1,A01
202100000342,2,7,,0,2,4,2,B01
202100000343,2,7,,6,0,1,1,A01
202100000344,2,7,,0,2,5,16,A01
202100000344,2,1,,0,2,1,1,B01
202100000345,1,7,,0,2,7,12,B01
202100000345,1,7,,0,2,8,2,A01
202100000346,1,14,,0,2,1,2,E01
202100000346,1,7,,0,2,9,2,F01
202100000346,1,10,,0,2,9,2,G01
202100000346,1,7,,0,2,9,2,H01
202100000347,2,7,,0,2,2,1,A01
202100000347,2,7,,0,2,3,16,B01
202100000348,2,7,,0,1,3,1,A01
202100000349,2,1,,0,2,1,1,B01
202100000349,2,10,,0,2,3,22,A01
202100000350,1,7,,0,2,4,2,B01
202100000350,1,7,,0,2,1,2,A01
202100000351,2,7,,8,0,3,14,A01
202100000352,3,7,,0,2,1,15,A01
202100000352,3,7,,0,2,1,1,B01
202100000353,2,1,,7,0,0,14,A01
202100000354,1,1,,0,2,1,1,B01
202100000354,1,99,,0,2,6,15,A01
202100000355,1,32,,0,0,8,1,A01
202100000356,2,7,,0,1,7,16,A01
202100000357,2,33,,3,0,1,17,A01
202100000358,2,7,,0,2,1,15,A01
202100000358,2,1,,0,2,1,23,B01
202100000359,1,7,,0,2,1,2,A01
202100000359,1,7,,0,2,4,1,B01
202100000360,3,7,,0,0,2,15,A01
202100000361,3,7,,0,2,2,15,B01
202100000361,3,7,,0,2,5,1,A01
202100000362,1,7,,0,2,5,1,B01
202100000362,3,33,,0,2,1,2,A01
202100000363,3,34,,12,0,3,13,A01
202100000364,0,7,,0,2,1,2,B01
202100000364,0,7,,0,2,1,2,C01
202100000364,0,7,,0,2,1,2,D01
202100000364,0,7,,0,2,1,2,E01
202100000364,0,7,,0,0,0,23,A01
202100000365,3,1,,0,2,1,2,B01
202100000365,3,10,,0,2,5,2,A01
202100000366,3,7,,0,2,2,15,A01
202100000366,3,32,,0,2,1,3,B01
202100000367,1,32,,0,1,1,26,A01
202100000368,1,7,,0,2,1,1,B01
202100000368,2,7,,6,2,1,4,A01
202100000369,1,7,,0,1,2,21,A01
202100000370,1,7,,0,2,2,1,A01
202100000370,1,33,,0,2,4,1,B01
202100000371,2,1,,1,2,7,1,B01
202100000371,1,7,,0,2,1,9,A01
202100000372,3,7,,6,0,1,1,A01
202100000373,1,30,,0,2,7,1,A01
202100000373,1,7,,0,2,1,1,B01
202100000374,3,39,,0,1,1,1,A01
202100000375,3,7,,0,2,3,1,B01
202100000375,3,7,,0,2,2,1,A01
202100000376,1,7,,0,2,3,1,A01
202100000376,0,30,,0,2,7,1,B01
202100000377,2,7,,0,2,8,1,A01
202100000377,1,80,,0,2,8,1,B01
202100000377,1,1,,0,2,4,1,C01
202100000378,1,7,,0,1,1,1,A01
202100000379,0,7,,0,2,3,16,B01
202100000379,0,43,,0,2,7,1,A01
202100000380,2,7,,13,0,9,1,A01
202100000381,2,7,,0,2,3,2,B01
202100000381,1,10,,0,2,3,13,A01
202100000382,2,15,,0,2,4,1,B01
202100000382,2,7,,3,2,9,1,A01
202100000383,2,80,,6,0,1,1,A01
202100000384,1,7,,3,0,1,26,A01
202100000385,1,80,,0,2,2,9,B01
202100000385,1,7,,0,2,3,9,A01
202100000386,0,7,,13,0,9,1,A01
202100000387,2,7,,0,2,1,5,A01
202100000387,1,7,,0,2,3,0,B01
202100000388,2,7,,0,1,2,1,A01
202100000389,3,7,,2,0,1,1,A01
202100000390,3,32,,0,2,1,1,B01
202100000390,3,7,,0,2,3,15,A01
202100000391,1,7,,0,2,1,0,Z01
202100000391,1,7,,0,2,4,23,A01
202100000392,3,50,,0,2,1,9,B01
202100000392,3,7,,0,2,2,1,A01
202100000393,3,7,,0,2,8,10,A01