Num_Acc,senc,catv,occutc,obs,obsm,choc,manv,num_veh
202100000785,2,7,,0,1,0,19,A01
202100000786,2,7,,0,2,1,1,A01
202100000786,2,7,,0,2,4,23,B01
202100000787,2,7,,0,1,0,2,Z01
202100000788,1,7,,1,0,1,1,A01
202100000789,2,32,,0,2,3,13,A01
202100000789,1,7,,0,2,3,1,B01
202100000790,2,34,,0,2,7,16,B01
202100000790,2,10,,0,2,8,19,Z01
202100000791,-1,7,,0,1,3,15,Z01
202100000792,-1,32,,0,0,1,17,A01
202100000793,3,7,,12,1,1,1,Z01
202100000794,2,7,,0,2,3,15,B01
202100000794,1,7,,8,2,8,1,A01
202100000795,2,7,,0,2,5,16,A01
202100000795,2,2,,0,2,1,2,B01
202100000796,1,7,,0,1,2,1,A01
202100000797,1,10,,0,2,3,16,A01
202100000797,1,32,,0,2,1,1,B01
202100000798,1,10,,0,2,2,15,B01
202100000798,2,2,,0,2,3,1,A01
202100000799,1,32,,0,2,1,1,B01
202100000799,2,7,,0,0,2,26,A01
202100000800,1,7,,14,0,5,14,A01
202100000801,1,2,,0,0,7,1,A01
202100000802,1,33,,0,2,1,13,A01
202100000802,2,7,,0,2,3,1,B01
202100000803,2,15,,0,0,6,1,B01
202100000803,2,7,,0,2,1,1,A01
202100000804,1,7,,13,0,1,0,A01
202100000805,3,7,,0,1,1,0,A01
202100000806,3,7,,6,0,1,15,A01
202100000807,2,7,,2,0,1,1,A01
202100000808,2,7,,3,0,6,1,B01
202100000808,2,7,,3,2,2,11,A01
202100000809,1,7,,0,2,1,2,A01
202100000809,1,7,,0,2,4,2,B01
202100000810,2,7,,3,0,1,1,A01
202100000811,2,7,,0,2,4,2,B01
202100000811,2,7,,0,2,1,14,A01
202100000812,1,7,,0,2,1,2,A01
202100000812,1,7,,0,2,4,2,B01
202100000813,1,7,,0,2,2,14,A01
202100000813,1,7,,6,2,6,0,B01
202100000814,2,33,,0,2,2,3,A01
202100000814,2,7,,0,2,3,1,B01
202100000815,3,7,,0,1,3,9,A01
202100000816,1,7,,0,2,5,2,B01
202100000816,1,7,,0,2,3,2,A01
202100000817,2,33,,1,2,8,18,A01
202100000817,2,10,,0,2,7,1,B01
202100000818,3,30,,0,1,1,21,A01
202100000819,1,30,,0,1,1,1,A01
202100000820,3,15,,0,1,0,16,A01
202100000821,2,7,,0,1,1,15,A01
202100000822,1,7,,0,1,1,16,A01
202100000823,3,10,,0,1,1,1,A01
202100000824,3,7,,0,2,3,5,A01
202100000824,3,7,,0,2,3,1,B01
202100000825,1,33,,0,1,3,26,A01
202100000826,3,7,,0,1,1,1,A01
202100000827,1,32,,0,1,1,1,A01
202100000828,0,7,,0,1,0,0,A01
202100000829,2,7,,0,1,2,15,A01
202100000830,3,7,,0,1,1,1,A01
202100000831,3,37,1.0,0,1,8,2,A01
202100000832,3,32,,0,1,1,17,A01
202100000833,3,50,,0,2,8,18,A01
202100000833,3,7,,0,2,2,16,B01
202100000834,1,7,,4,1,2,21,A01
202100000835,2,7,,0,1,1,1,A01
202100000836,2,7,,0,1,1,15,A01
202100000837,1,7,,0,2,1,15,A01
202100000837,1,38,5.0,0,2,0,0,B01
202100000838,1,7,,13,0,1,1,A01
202100000839,1,7,,0,2,1,14,A01
202100000839,1,7,,0,2,9,14,B01
202100000839,1,33,,0,2,3,2,C01
202100000840,1,34,,0,2,3,0,B01
202100000840,2,7,,0,9,6,15,A01
202100000841,2,7,,0,1,2,1,A01
202100000842,2,7,,0,2,5,2,B01
202100000843,1,50,,0,2,0,16,B01
202100000843,1,7,,0,2,0,16,A01
202100000844,2,7,,0,1,3,1,A01
202100000845,2,7,,0,1,4,4,A01
202100000846,3,7,,0,1,2,26,A01
202100000847,0,99,,0,1,1,26,A01
202100000848,2,7,,0,2,5,23,B01
202100000848,2,7,,0,2,3,1,A01
202100000849,1,7,,0,1,6,4,A01
202100000850,3,7,,0,1,1,9,A01
202100000851,2,10,,0,1,3,1,A01
202100000852,3,7,,0,1,1,1,A01
202100000853,3,43,,0,2,1,1,B01
202100000853,1,7,,0,2,7,9,A01
202100000854,2,1,,0,0,8,25,A01
202100000855,2,7,,7,2,4,23,B01
202100000855,2,7,,0,2,1,1,A01
202100000856,3,7,,0,2,4,2,A01
202100000856,3,7,,0,2,4,2,B01
202100000857,1,7,,0,2,4,1,C01
202100000857,1,7,,0,2,4,1,B01
202100000857,1,99,,0,2,1,1,A01
202100000858,1,50,,0,2,1,2,B01
202100000858,2,7,,0,2,3,9,A01
202100000859,1,7,,9,0,5,22,A01
202100000860,3,7,,0,1,3,1,A01
202100000861,1,10,,12,0,7,14,A01
202100000862,3,7,,0,2,1,1,B01
202100000862,3,7,,0,2,2,15,A01
202100000863,1,7,,0,1,2,2,A01
202100000864,1,7,,0,2,1,1,A01
202100000864,2,7,,15,2,8,1,B01
202100000865,1,40,,0,1,1,1,A01
202100000866,2,7,,1,0,3,13,A01
202100000867,3,7,,6,0,2,14,A01
202100000868,3,7,,0,2,1,9,A01
202100000868,3,1,,0,2,2,1,B01
202100000869,3,10,,0,2,1,2,A01
202100000869,3,7,,0,2,4,23,B01
202100000870,3,36,,0,0,0,0,A01
202100000871,3,7,,0,2,2,15,A01
202100000871,3,30,,0,2,1,1,B01
202100000872,3,7,,13,0,1,13,A01
202100000873,2,10,,13,0,9,1,A01
202100000874,1,7,,0,1,8,26,A01
202100000875,2,7,,0,1,3,1,A01
202100000876,2,7,,2,0,2,26,A01
202100000877,1,7,,3,0,1,14,A01
202100000878,2,7,,0,2,1,16,A01
202100000878,2,7,,0,2,3,15,B01
202100000879,2,7,,0,2,8,15,A01
202100000879,2,7,,0,2,1,1,B01
202100000880,1,7,,0,2,2,15,A01
202100000880,2,7,,0,2,3,1,B01
202100000881,3,7,,0,2,6,20,A01
202100000881,3,7,,0,2,5,26,B01
202100000882,2,10,,0,1,4,4,A01
202100000883,1,7,,0,1,1,1,A01
202100000884,3,7,,0,1,2,25,A01
202100000885,1,10,,0,2,3,15,A01
202100000885,1,34,,0,2,1,2,B01
202100000886,2,7,,0,2,5,23,B01
202100000886,2,7,,0,2,3,2,A01
202100000887,2,43,,0,2,3,1,B01
202100000887,1,7,,0,2,3,9,A01
202100000888,3,10,,0,2,3,22,A01
202100000888,1,1,,0,2,2,1,B01
202100000889,1,7,,0,2,8,15,A01
202100000889,1,43,,0,2,1,1,B01
202100000890,1,7,,0,2,1,13,A01
202100000890,2,7,,0,2,3,1,B01
202100000891,2,7,,0,2,1,1,A01
202100000891,2,7,,0,0,4,1,B01
202100000892,1,10,,0,1,3,26,A01
202100000893,1,31,,0,2,1,1,B01
202100000893,2,7,,0,2,5,15,A01
202100000894,1,7,,0,2,5,15,A01
202100000894,2,30,,0,2,1,1,B01
202100000895,2,31,,0,2,3,1,B01
202100000895,1,7,,0,2,1,15,A01
202100000896,1,7,,0,2,4,26,B01
202100000896,1,32,,0,2,7,19,A01
202100000897,3,7,,0,1,1,15,B01
202100000898,2,32,,0,2,1,2,B01
202100000898,2,10,,1,2,3,15,A01
202100000899,1,34,,1,0,1,1,A01
202100000900,1,7,,0,2,6,0,A01
202100000900,1,32,,0,2,2,2,B01
202100000901,1,7,,0,2,3,1,B01
202100000901,1,10,,0,2,2,1,A01
202100000902,1,7,,4,0,1,0,A01
202100000903,1,10,,0,1,2,9,A01
202100000904,2,7,,0,0,4,21,A01
202100000904,2,7,,0,2,1,1,B01
202100000905,1,33,,0,2,8,1,A01
202100000905,2,10,,0,2,8,1,B01
202100000906,2,7,,0,2,2,15,A01
202100000906,1,33,,0,2,1,1,B01
202100000907,2,7,,0,2,1,13,A01
202100000907,1,7,,0,2,1,1,B01
202100000908,1,7,,0,2,1,13,A01
202100000908,2,7,,0,2,1,1,B01
202100000909,1,33,,0,2,1,1,B01
202100000909,2,7,,0,2,2,15,A01
202100000910,2,10,,6,1,6,16,B01
202100000910,2,7,,0,2,2,2,A01
202100000911,0,7,,0,0,7,15,A01
202100000911,3,33,,0,2,1,1,B01
202100000912,1,7,,0,2,2,17,B01
202100000912,1,7,,0,2,6,1,A01
202100000913,2,7,,0,1,3,1,A01
202100000914,2,7,,0,2,5,15,B01
202100000914,2,33,,0,0,1,1,A01
202100000915,1,7,,10,0,1,14,A01
202100000916,2,7,,2,0,1,2,A01
202100000917,1,10,,0,1,1,1,A01
202100000918,2,7,,0,1,3,5,A01
202100000919,1,2,,15,0,1,13,A01
202100000920,1,7,,0,2,4,2,B01
202100000920,1,7,,0,2,1,2,A01
202100000921,1,7,,0,2,3,17,A01
202100000921,2,7,,0,2,3,1,B01
202100000922,2,7,,13,0,2,14,A01
202100000923,2,2,,0,2,7,15,A01
202100000923,1,7,,0,2,1,1,B01
202100000924,2,7,,13,0,2,21,A01
202100000925,1,34,,0,6,1,1,A01
202100000926,1,7,,0,2,1,1,B01
202100000926,2,10,,0,2,1,13,A01
202100000927,2,7,,8,0,3,1,A01
202100000928,3,2,,0,1,1,1,A01
202100000929,2,10,,0,2,1,1,A01
202100000929,2,7,,0,2,4,1,B01
202100000929,2,10,,0,0,4,1,C01
202100000930,1,7,,0,2,2,19,B01
202100000930,2,7,,0,2,1,1,A01
202100000931,1,30,,0,0,0,0,B01
202100000932,2,7,,2,0,8,13,A01
202100000933,1,7,,0,0,0,0,B01
202100000933,1,7,,13,0,1,1,A01
202100000934,3,2,,0,2,1,17,B01
202100000934,3,7,,0,2,3,15,A01
202100000935,1,7,,0,0,0,17,A01
202100000936,3,7,,0,2,1,1,A01
202100000936,3,32,,0,0,4,1,B01
202100000937,1,7,,2,0,7,1,A01
202100000938,0,7,,0,2,1,1,A01
202100000938,0,7,,0,2,1,1,B01
202100000939,2,7,,0,2,3,13,A01
202100000939,1,7,,0,2,3,1,B01
202100000940,2,7,,0,2,7,21,A01
202100000940,3,1,,0,2,8,19,B01
202100000941,2,7,,6,2,3,1,B01
202100000941,1,7,,3,2,3,14,A01
202100000942,1,2,,0,0,0,1,A01
202100000943,1,7,,2,0,3,1,A01
202100000944,1,2,,13,0,1,2,A01
202100000945,3,1,,0,2,1,1,B01
202100000945,3,7,,0,2,3,15,A01
202100000946,2,7,,0,2,2,13,A01
202100000946,2,10,,13,2,3,1,B01
202100000946,2,7,,0,2,1,1,C01
202100000947,2,7,,0,1,3,13,A01
202100000948,1,7,,3,0,9,1,A01
202100000949,2,7,,3,0,3,1,A01
202100000950,1,33,,0,2,8,1,B01
202100000950,1,7,,0,2,7,12,A01
202100000950,1,7,,0,0,0,0,U01
202100000950,1,7,,0,0,0,0,T01
202100000951,1,7,,3,0,1,13,A01
202100000952,2,7,,0,0,7,12,A01
202100000953,1,7,,0,2,1,2,A01
202100000953,1,7,,0,2,4,2,B01
202100000954,2,14,,0,2,1,2,A01
202100000954,2,15,,0,2,1,1,B01
202100000954,2,15,,0,2,4,1,C01
202100000955,1,30,,0,2,4,1,C01
202100000955,1,7,,0,2,5,1,B01
202100000955,1,7,,3,2,2,13,A01
202100000956,2,33,,0,0,3,1,A01
202100000957,3,7,,0,1,1,1,A01
202100000958,3,2,,0,2,6,1,B01
202100000958,2,7,,0,2,2,16,A01
202100000959,1,99,,0,1,0,26,A01
202100000960,0,7,,0,1,1,25,A01
202100000961,0,7,,0,1,1,13,A01
202100000962,1,1,,0,0,0,1,A01
202100000963,3,7,,0,1,3,1,A01
202100000964,3,99,,0,2,1,0,B01
202100000964,3,99,,0,2,0,0,A01
202100000965,2,33,,0,1,0,26,A01
202100000966,2,7,,0,2,3,15,A01
202100000966,1,2,,0,2,1,0,B01
202100000967,1,10,,0,1,1,1,A01
202100000968,2,31,,0,2,1,17,B01
202100000968,1,7,,0,2,8,15,A01
202100000969,1,7,,0,1,2,1,A01
202100000970,1,7,,0,2,1,1,B01
202100000970,3,7,,0,2,8,9,A01
202100000971,1,2,,1,0,1,1,B01
202100000972,3,43,,8,0,1,26,A01
202100000973,1,7,,0,1,1,0,A01
202100000974,2,7,,0,2,8,0,A01
202100000974,0,50,,0,2,3,25,B01
202100000975,1,7,,15,0,4,14,A01
202100000976,1,7,,0,1,1,1,A01
202100000977,2,10,,0,2,1,9,B01
202100000977,2,7,,0,2,8,9,A01
202100000978,0,1,,0,1,0,1,B01
202100000979,0,1,,0,2,1,1,B01
202100000979,0,7,,0,2,3,15,A01
202100000980,2,7,,0,1,1,19,A01
202100000981,3,60,,0,2,0,19,C01
202100000981,0,7,,0,2,5,16,B01
202100000982,1,2,,9,2,8,1,A01
202100000982,2,7,,0,2,3,15,B01
202100000983,2,7,,0,2,1,1,A01
202100000983,1,1,,0,2,8,19,B01
202100000984,3,7,,0,2,3,1,B01
202100000984,3,7,,0,2,1,13,A01
202100000985,3,2,,0,2,1,1,B01
202100000985,3,7,,0,2,3,15,A01
202100000986,2,40,,0,1,1,0,A01
202100000987,2,33,,0,2,0,1,B01
202100000987,1,7,,0,2,7,15,A01
202100000988,3,7,,0,1,1,15,A01
202100000989,2,7,,0,0,7,14,A01
202100000990,1,7,,0,1,1,15,A01
202100000991,3,32,,0,0,7,1,A01
202100000992,1,7,,0,1,1,1,A01
202100000993,1,7,,0,1,2,1,A01
202100000994,1,33,,0,1,1,1,A01
202100000995,2,2,,12,0,1,1,A01
202100000996,1,7,,0,2,3,11,B01
202100000996,2,30,,0,2,1,18,A01
202100000997,1,7,,8,0,2,14,A01
202100000998,1,7,,1,1,1,16,A01
202100000999,1,7,,0,2,1,1,B01
202100000999,2,7,,0,2,5,15,A01
202100001000,3,7,,0,1,0,9,A01
202100001001,3,7,,0,1,3,1,A01
202100001002,2,7,,4,0,3,13,A01
202100001003,1,10,,0,1,1,15,A01
202100001004,2,7,,0,2,8,1,B01
202100001004,2,3,,0,2,1,1,A01
202100001005,3,1,,0,2,1,1,B01
202100001005,3,7,,0,2,7,19,A01
202100001006,2,10,,0,2,2,17,B01
202100001006,2,7,,0,2,8,15,A01
202100001007,2,7,,6,2,8,1,B01
202100001007,1,7,,1,2,1,1,A01
202100001008,1,7,,0,1,1,1,A01
202100001009,1,7,,0,0,7,26,A01
202100001010,1,7,,0,0,9,26,A01
202100001011,1,30,,0,0,0,21,A01
202100001011,1,7,,0,0,0,20,B01
202100001012,3,7,,0,2,7,1,A01
202100001012,3,7,,0,2,1,1,B01
202100001013,0,30,,0,2,1,2,B01
202100001013,0,7,,0,2,3,16,A01
202100001014,1,33,,0,2,1,1,B01
202100001014,1,7,,0,2,2,1,A01
202100001015,1,7,,0,2,5,15,A01
202100001015,2,31,,0,2,8,1,B01
202100001016,3,7,,0,2,2,16,A01
202100001016,3,30,,0,2,6,1,B01
202100001017,1,7,,0,0,4,1,B01
202100001017,1,7,,0,2,1,9,A01
202100001018,0,7,,0,1,1,1,A01
202100001019,3,7,,0,2,1,1,A01
202100001019,3,1,,0,2,4,9,B01
202100001020,3,10,,1,0,1,13,A01
202100001021,2,7,,0,2,0,0,C01
202100001021,2,7,,8,1,1,1,A01
202100001021,1,7,,0,2,6,1,B01
202100001022,1,31,,0,2,1,1,B01
202100001022,2,7,,0,2,7,15,A01
202100001023,1,30,,0,2,7,1,A01
202100001023,1,7,,0,2,0,19,Z01
202100001024,2,7,,0,2,7,16,A01
202100001024,2,50,,0,2,1,1,B01
202100001025,2,7,,0,1,1,1,A01
202100001026,2,10,,0,2,3,1,B01
202100001026,1,7,,0,2,1,15,A01
202100001027,2,30,,16,0,-1,1,A01
202100001028,1,7,,0,1,2,16,A01
202100001029,2,7,,0,2,1,1,B01
202100001029,1,7,,0,2,1,1,A01
202100001030,1,2,,0,0,0,12,A01
202100001031,3,7,,0,1,2,9,A01
202100001032,3,7,,0,2,3,1,A01
202100001032,3,1,,0,2,2,0,B01
202100001033,1,7,,0,1,1,1,A01
202100001034,2,7,,0,1,1,1,A01
202100001035,0,7,,0,2,3,13,A01
202100001035,0,7,,0,2,1,1,B01
202100001036,1,2,,0,2,3,26,A01
202100001036,2,7,,0,2,3,15,B01
202100001037,1,7,,0,1,3,1,A01
202100001038,1,7,,0,2,1,1,A01
202100001038,1,7,,0,2,8,16,B01
202100001039,2,7,,0,2,1,15,A01
202100001039,1,7,,0,2,1,1,B01
202100001040,0,2,,0,1,0,21,Z01
202100001041,3,32,,0,2,1,17,B01
202100001041,3,10,,0,2,1,2,A01
202100001042,1,7,,0,2,2,15,A01
202100001042,2,7,,0,2,2,1,B01
202100001043,3,7,,0,2,4,23,B01
202100001043,1,32,,0,2,1,1,A01
202100001044,1,7,,0,2,2,16,A01
202100001044,1,31,,0,2,1,1,B01
202100001045,3,7,,0,2,1,1,A01
202100001045,3,7,,0,2,1,1,B01
202100001045,3,7,,0,2,4,1,C01
202100001046,3,7,,8,0,1,1,A01
202100001047,2,10,,0,2,8,1,B01
202100001047,1,7,,0,2,1,1,A01
202100001048,2,7,,0,2,1,0,B01
202100001048,1,1,,0,2,7,15,A01
202100001049,2,7,,0,2,1,2,D01
202100001049,2,7,,0,2,4,2,C01
202100001049,2,7,,0,2,4,2,B01
202100001049,2,7,,0,2,4,2,A01
202100001050,2,10,,0,2,1,2,A01
202100001050,2,7,,0,2,6,2,C01
202100001050,2,7,,0,2,4,2,B01
202100001051,1,7,,0,2,6,2,A01
202100001051,1,30,,0,2,1,2,B01
202100001052,1,43,,0,2,1,1,B01
202100001052,2,7,,0,2,2,15,A01
202100001053,1,30,,0,0,0,1,A01
202100001054,1,7,,0,2,3,22,A01
202100001054,1,50,,0,2,1,1,B01
202100001055,1,10,,0,1,2,16,A01
202100001056,2,10,,0,1,7,1,A01
202100001057,2,7,,0,2,1,15,B01
202100001057,1,80,,0,2,2,1,A01
202100001058,1,30,,0,1,1,1,A01
202100001059,1,50,,0,2,8,1,A01
202100001059,2,30,,0,2,1,1,B01
202100001060,3,32,,0,0,1,21,A01
202100001061,1,30,,1,0,5,13,A01
202100001062,2,10,,0,1,2,16,A01
202100001063,2,7,,0,2,2,1,A01
202100001063,1,1,,0,2,7,1,B01
202100001064,1,7,,0,2,5,1,A01
202100001064,2,10,,0,2,1,1,B01
202100001065,1,30,,0,0,0,21,A01
202100001066,1,7,,0,2,2,15,A01
202100001066,2,34,,0,2,1,1,B01
202100001067,1,30,,0,1,1,2,A01
202100001068,2,7,,0,1,3,1,A01
202100001069,2,7,,0,1,5,19,A01
202100001070,1,7,,0,2,3,21,B01
202100001070,2,7,,12,2,3,26,A01
202100001071,3,7,,9,1,2,15,A01
202100001072,0,7,,0,1,1,9,A01
202100001073,1,30,,0,2,5,26,B01
202100001073,1,3,,0,2,2,1,A01
202100001074,1,7,,0,1,1,1,A01
202100001075,2,10,,0,2,1,15,A01
202100001075,1,7,,0,2,1,1,B01
202100001076,2,7,,14,0,4,2,A01
202100001076,2,7,,14,0,1,2,B01
202100001077,1,7,,0,0,4,0,B01
202100001077,1,7,,0,0,5,2,C01
202100001077,1,7,,0,2,1,2,A01
202100001078,1,7,,0,2,1,1,B01
202100001078,2,7,,0,2,2,2,A01
202100001079,2,7,,0,2,7,10,B01
202100001079,1,32,,0,2,1,1,A01
202100001080,0,7,,0,1,1,2,A01
202100001081,3,10,,0,1,5,1,A01
202100001082,3,7,,0,1,2,15,A01
202100001083,-1,34,,0,1,1,1,A01
202100001084,3,99,,0,2,7,2,A01
202100001084,3,7,,0,2,0,1,B01
202100001085,1,7,,1,0,1,13,A01
202100001086,2,7,,0,2,2,15,B01
202100001086,1,7,,0,2,2,1,A01
202100001087,2,30,,1,0,1,1,B01
202100001087,2,7,,0,2,8,24,A01
202100001088,1,7,,0,2,5,23,B01
202100001088,1,7,,0,2,1,1,A01
202100001089,1,7,,9,2,3,16,A01
202100001089,1,7,,0,2,2,1,B01
202100001090,0,2,,0,2,5,1,A01
202100001090,0,7,,0,2,5,23,B01
202100001091,1,30,,0,0,8,16,A01
202100001092,2,7,,0,1,4,26,A01
202100001093,1,7,,0,1,4,20,A01
202100001094,1,7,,9,0,0,1,A01
202100001095,1,7,,0,2,3,1,B01
202100001095,2,7,,0,2,3,13,A01
202100001096,1,7,,0,2,1,13,A01
202100001096,2,7,,0,2,1,1,B01
202100001097,2,7,,16,0,2,1,A01
202100001097,2,7,,4,2,3,2,B01
202100001097,2,7,,0,2,1,2,C01
202100001098,1,7,,13,0,1,1,A01
202100001099,2,7,,13,0,1,1,A01
202100001100,0,1,,0,0,1,21,A01
202100001101,1,7,,0,2,8,15,B01
202100001101,1,7,,2,2,1,17,A01
202100001102,1,7,,0,0,0,1,A01
202100001103,1,7,,2,0,3,1,A01
202100001104,1,2,,6,0,3,1,A01
202100001105,1,7,,0,2,1,9,A01
202100001105,1,14,,0,2,7,1,B01
202100001106,0,7,,0,2,1,1,B01
202100001106,3,7,,0,2,8,9,A01
202100001107,1,1,,6,0,1,1,A01
202100001108,0,10,,0,2,6,15,A01
202100001108,3,2,,0,2,1,1,B01
202100001109,2,7,,0,2,1,1,B01
202100001109,1,7,,0,2,7,1,A01
202100001110,1,33,,0,0,2,2,A01
202100001111,1,7,,0,2,1,1,B01
202100001111,1,7,,3,2,1,11,A01
202100001112,1,7,,0,2,1,2,A01
202100001112,1,15,,0,2,4,2,B01
202100001113,2,7,,0,9,1,11,B01
202100001113,2,7,,3,0,3,2,A01
202100001114,2,7,,0,2,3,13,B01
202100001114,1,15,,0,2,3,1,A01
202100001115,0,14,,0,2,2,1,B01
202100001115,3,7,,0,2,7,1,A01
202100001116,1,15,,0,2,2,1,A01
202100001116,1,7,,4,0,8,1,B01
202100001117,1,10,,1,0,1,2,A01
202100001118,1,7,,0,2,1,2,A01
202100001118,1,7,,4,0,4,2,B01
202100001119,1,7,,0,2,7,11,A01
202100001119,2,33,,0,2,1,1,B01
202100001120,2,7,,13,0,3,0,A01
202100001121,1,7,,0,1,3,1,A01
202100001122,2,1,,0,0,4,1,B01
202100001122,2,1,,0,2,1,1,A01
202100001123,1,7,,0,1,1,15,A01
202100001124,1,7,,6,0,8,1,A01
202100001125,2,7,,0,0,1,0,B01
202100001125,1,7,,8,0,5,0,A01
202100001126,1,7,,2,0,1,1,A01
202100001127,2,7,,0,2,1,12,A01
202100001128,2,7,,0,2,2,2,B01
202100001128,2,7,,0,2,4,2,A01
202100001129,2,7,,0,2,4,1,B01
202100001129,2,7,,0,2,1,1,A01
202100001130,2,7,,0,2,1,2,A01
202100001130,2,7,,0,2,4,2,B01
202100001131,2,7,,4,0,1,14,A01
202100001132,2,7,,0,2,4,23,C01
202100001132,2,7,,0,2,4,23,B01
202100001132,2,7,,0,2,1,2,A01
202100001133,1,15,,0,2,1,2,A01
202100001133,1,33,,0,2,6,2,B01
202100001134,1,7,,0,2,1,2,A01
202100001134,1,7,,0,2,1,2,B01
202100001134,1,7,,0,2,2,2,C01
202100001134,1,7,,0,2,1,2,D01
202100001135,2,15,,3,2,3,13,A01
202100001135,2,7,,0,2,2,1,B01
202100001136,1,7,,4,0,3,16,A01
202100001137,2,7,,0,9,1,1,A01
202100001138,0,7,,0,0,0,26,A01
202100001139,1,7,,4,0,1,1,A01
202100001140,1,17,,1,0,1,2,A01
202100001140,1,7,,3,0,4,23,B01
202100001141,1,7,,3,0,1,1,A01
202100001142,1,33,,0,0,1,1,A01
202100001143,1,7,,0,2,3,11,B01
202100001143,1,7,,0,2,2,1,A01
202100001144,2,7,,4,0,1,1,A01
202100001145,2,33,,0,2,2,3,B01
202100001145,2,7,,0,2,6,11,A01
202100001146,2,43,,0,2,1,3,A01
202100001146,2,7,,0,2,5,12,B01
202100001147,1,7,,3,2,3,1,A01
202100001147,1,7,,16,2,7,1,B01
202100001148,1,7,,2,0,1,26,A01
202100001149,1,10,,0,9,5,2,A01
202100001149,1,2,,0,2,1,2,B01
202100001150,1,7,,0,2,3,15,A01
202100001150,1,2,,0,2,3,1,B01
202100001151,3,33,,0,2,8,17,B01
202100001151,0,7,,0,2,3,1,A01
202100001152,1,2,,0,2,8,1,B01
202100001152,2,7,,0,2,0,15,A01
202100001153,2,7,,15,2,1,1,A01
202100001153,2,7,,6,2,7,1,B01
202100001154,1,10,,0,2,6,15,B01
202100001154,1,7,,0,2,1,13,A01
202100001155,1,30,,0,2,4,2,A01
202100001155,1,2,,0,0,0,0,Z01
202100001156,1,7,,0,2,7,16,A01
202100001156,1,31,,0,2,3,1,B01
202100001157,1,7,,0,2,1,1,B01
202100001157,1,7,,0,2,2,1,A01
202100001158,1,7,,14,0,7,17,A01
202100001159,3,7,,8,0,0,14,A01
202100001160,1,32,,0,0,8,1,A01
202100001161,1,7,,0,1,1,15,A01
202100001162,2,7,,0,2,1,9,A01
202100001162,1,7,,0,2,3,0,B01
202100001163,2,7,,0,1,2,0,A01
202100001164,1,7,,0,2,1,2,B01
202100001164,1,7,,0,2,1,0,A01
202100001165,1,1,,0,2,7,1,B01
202100001165,1,7,,0,2,1,9,A01
202100001166,0,7,,0,2,1,1,B01
202100001166,0,7,,0,2,1,13,A01
202100001167,2,1,,0,1,1,1,A01
202100001168,3,37,1.0,0,1,2,16,A01
202100001169,0,32,,0,2,1,0,A01
202100001169,0,20,,0,2,1,15,B01
202100001170,0,30,,0,0,0,9,A01
202100001171,2,7,,0,2,1,1,B01
202100001171,1,7,,0,2,0,0,A01
202100001172,1,7,,0,2,1,1,A01
202100001172,1,7,,0,2,6,1,B01
202100001173,2,7,,0,1,1,1,A01
202100001174,1,7,,0,2,1,1,A01
202100001174,2,7,,0,2,8,1,B01
202100001175,1,7,,0,2,2,1,A01
202100001175,2,7,,0,2,8,1,B01
202100001176,1,7,,0,1,3,1,A01
202100001177,2,7,,0,2,3,1,B01
202100001177,1,7,,0,2,2,1,A01
202100001178,1,7,,0,2,3,1,B01
202100001178,2,1,,0,2,1,9,A01
202100001179,1,2,,0,0,7,1,A01
202100001180,2,7,,0,2,2,13,A01
202100001180,1,14,,0,2,2,21,B01
202100001181,1,1,,0,2,8,1,B01
202100001181,1,7,,0,2,2,14,A01
202100001182,1,7,,0,1,2,26,A01
202100001183,1,7,,2,0,1,21,A01
202100001184,2,3,,0,2,3,9,B01
202100001184,2,7,,0,2,1,7,A01
202100001185,1,7,,0,2,7,15,A01
202100001185,1,10,,0,2,2,1,B01
202100001186,1,7,,0,2,1,1,B01
202100001186,1,7,,0,2,3,10,A01
202100001187,1,10,,0,2,2,26,B01
202100001187,1,7,,0,2,7,26,A01
202100001188,1,7,,0,2,8,15,A01
202100001188,2,33,,0,2,1,1,B01
202100001189,2,7,,0,2,1,1,B01
202100001189,2,7,,0,2,7,15,A01
202100001190,2,7,,1,0,1,1,A01
202100001191,-1,33,,0,0,0,1,A01
202100001192,1,30,,0,0,0,2,A01
202100001193,1,7,,0,2,2,1,A01
202100001193,1,7,,0,2,0,0,B01
202100001193,1,7,,0,2,6,1,C01
202100001194,1,30,,12,0,1,26,A01
202100001195,2,7,,0,2,1,13,A01
202100001195,1,7,,0,2,3,1,B01
202100001195,2,7,,0,9,1,1,C01
202100001196,1,7,,3,2,4,1,B01
202100001196,1,7,,0,2,1,9,A01
202100001197,1,10,,0,2,3,1,B01
202100001197,2,7,,0,2,1,1,C01
202100001197,1,10,,0,2,1,17,A01
202100001198,1,7,,0,2,1,23,B01
202100001198,2,7,,0,2,1,5,A01
202100001199,3,7,,0,1,2,1,A01
202100001199,3,7,,4,1,3,1,B01
202100001200,1,10,,0,2,3,19,A01
202100001200,2,33,,0,2,1,1,B01
202100001201,3,33,,0,0,1,26,A01
202100001202,1,2,,0,0,7,1,A01
202100001203,2,7,,0,1,2,21,A01
202100001204,1,7,,0,2,8,9,A01
202100001204,2,50,,0,2,1,1,B01
202100001205,2,50,,0,2,1,2,A01
202100001205,2,7,,0,2,6,2,B01
202100001206,1,7,,0,2,6,16,C01
202100001206,1,33,,0,2,2,18,B01
202100001206,2,7,,0,2,2,16,A01