Num_Acc,senc,catv,occutc,obs,obsm,choc,manv,num_veh
202100001207,3,30,,0,2,2,15,B01
202100001207,2,7,,0,2,8,1,A01
202100001208,1,30,,0,2,2,2,B01
202100001208,1,7,,0,2,3,20,A01
202100001209,1,7,,11,0,1,13,A01
202100001210,2,30,,0,2,3,1,B01
202100001210,2,7,,0,2,2,22,A01
202100001211,2,7,,0,2,6,15,B01
202100001211,2,50,,0,2,1,1,A01
202100001212,1,2,,0,0,0,21,A01
202100001213,1,7,,0,9,1,15,Z01
202100001213,2,1,,0,2,1,19,B01
202100001214,2,7,,4,0,1,1,A01
202100001215,0,37,2.0,0,2,5,19,B01
202100001215,0,37,5.0,0,2,1,19,A01
202100001216,1,13,,0,2,3,1,B01
202100001216,1,7,,0,2,7,16,A01
202100001217,1,7,,0,2,1,2,A01
202100001217,1,31,,0,2,4,1,B01
202100001218,2,2,,0,2,1,1,B01
202100001218,1,7,,0,2,2,15,A01
202100001219,1,7,,0,2,1,1,A01
202100001219,1,7,,0,2,3,15,B01
202100001220,1,7,,0,2,1,1,A01
202100001220,1,13,,0,2,4,23,B01
202100001221,1,7,,0,2,8,15,B01
202100001221,1,7,,0,2,1,1,A01
202100001222,1,7,,0,2,7,16,Z01
202100001222,1,32,,0,2,1,1,A01
202100001223,3,7,,0,2,1,11,A01
202100001223,3,99,,0,2,5,1,C01
202100001223,3,99,,0,2,4,0,B01
202100001224,1,15,,0,1,0,9,A01
202100001225,2,7,,0,0,3,1,B01
202100001225,1,7,,0,0,3,13,A01
202100001226,1,33,,0,2,1,13,A01
202100001226,2,7,,0,2,1,1,B01
202100001227,1,7,,2,0,1,1,A01
202100001228,1,7,,0,2,2,17,B01
202100001228,1,15,,0,2,6,13,A01
202100001229,1,15,,0,2,3,1,B01
202100001229,1,7,,13,2,5,12,A01
202100001230,0,7,,0,0,8,19,A01
202100001230,0,7,,0,2,1,1,B01
202100001231,3,7,,16,0,1,1,A01
202100001232,2,7,,0,2,3,15,A01
202100001232,1,2,,0,2,1,1,B01
202100001233,1,10,,6,0,2,1,A01
202100001234,3,7,,0,0,3,15,B01
202100001234,1,2,,0,2,1,1,A01
202100001235,2,7,,0,1,2,1,A01
202100001236,1,7,,0,2,1,15,B01
202100001236,2,10,,0,2,3,15,A01
202100001237,2,7,,0,1,3,1,A01
202100001238,1,15,,0,0,6,2,A01
202100001238,1,7,,3,2,2,2,B01
202100001239,2,7,,0,6,3,1,A01
202100001239,2,7,,0,2,1,1,B01
202100001240,1,7,,0,2,1,1,A01
202100001240,2,7,,0,2,1,13,B01
202100001241,1,7,,0,9,3,15,A01
202100001241,1,1,,0,2,2,1,B01
202100001242,1,7,,0,2,7,1,A01
202100001242,2,1,,0,2,1,19,B01
202100001243,0,7,,0,2,3,5,A01
202100001243,0,7,,0,2,3,1,B01
202100001244,3,7,,0,1,2,1,B01
202100001244,3,7,,16,0,2,1,A01
202100001245,2,15,,0,2,1,1,B01
202100001245,1,7,,0,2,1,13,A01
202100001246,2,10,,0,2,1,13,A01
202100001246,2,21,,0,2,6,1,B01
202100001246,2,7,,0,2,1,1,C01
202100001246,1,7,,0,2,1,1,D01
202100001246,1,7,,0,2,1,1,E01
202100001247,1,7,,13,0,1,1,A01
202100001248,1,7,,0,2,4,1,B01
202100001248,1,7,,0,2,1,2,A01
202100001249,1,7,,4,0,1,13,A01
202100001250,2,7,,0,2,2,0,A01
202100001250,2,10,,0,2,6,26,B01
202100001251,1,7,,1,0,4,23,B01
202100001251,1,10,,1,0,1,2,A01
202100001252,2,7,,4,0,1,1,A01
202100001253,2,7,,4,0,1,2,A01
202100001254,1,33,,0,0,1,0,A01
202100001255,2,7,,0,0,1,1,A01
202100001256,1,7,,6,0,3,0,A01
202100001257,3,7,,4,0,2,0,A01
202100001258,2,7,,0,0,1,1,A01
202100001259,1,7,,0,2,1,16,A01
202100001260,2,10,,0,2,1,13,A01
202100001261,2,7,,3,2,1,1,A01
202100001261,2,7,,0,2,4,2,B01
202100001262,1,17,,0,2,1,2,A01
202100001262,1,7,,0,2,4,2,B01
202100001262,1,7,,0,2,4,2,C01
202100001263,2,7,,0,2,1,1,F01
202100001263,2,7,,0,2,4,1,E01
202100001263,2,7,,0,2,4,1,D01
202100001263,2,7,,0,2,4,1,C01
202100001263,2,7,,0,2,4,1,A01
202100001263,2,7,,0,2,4,2,B01
202100001264,1,10,,0,2,8,21,A01
202100001264,1,7,,0,2,1,1,B01
202100001265,1,7,,3,2,1,1,A01
202100001265,1,7,,0,2,3,1,B01
202100001266,1,7,,0,2,7,1,A01
202100001266,0,7,,0,2,1,1,B01
202100001267,3,7,,0,2,5,9,A01
202100001267,3,7,,0,2,4,0,B01
202100001267,3,7,,0,2,4,0,C01
202100001267,3,7,,0,9,0,0,D01
202100001268,3,7,,0,0,2,26,A01
202100001269,3,2,,0,1,1,1,A01
202100001270,3,0,,0,2,0,0,A01
202100001271,3,7,,0,2,5,1,A01
202100001271,3,2,,0,2,1,2,B01
202100001272,1,7,,0,2,1,1,B01
202100001272,1,7,,0,2,3,19,A01
202100001273,3,7,,0,2,4,23,A01
202100001273,3,7,,0,2,1,2,B01
202100001274,3,7,,0,0,0,13,A01
202100001275,1,7,,0,2,1,13,A01
202100001275,2,7,,0,2,1,21,B01
202100001276,2,7,,0,2,4,23,C01
202100001276,2,7,,0,2,4,23,B01
202100001276,2,7,,0,2,1,1,A01
202100001277,0,7,,0,2,2,15,A01
202100001277,0,33,,0,2,1,1,B01
202100001278,2,7,,0,2,3,19,A01
202100001278,1,2,,0,2,1,1,B01
202100001279,3,7,,0,2,2,10,A01
202100001279,3,2,,0,2,9,1,B01
202100001280,1,1,,0,2,7,9,A01
202100001280,1,7,,0,2,3,16,B01
202100001281,1,99,,0,1,2,16,A01
202100001282,1,31,,6,0,1,1,A01
202100001283,2,7,,0,1,1,1,A01
202100001284,1,7,,0,2,7,26,A01
202100001284,1,30,,0,2,1,26,B01
202100001285,1,7,,13,0,7,1,A01
202100001286,1,7,,8,0,1,19,A01
202100001287,1,7,,0,2,8,1,A01
202100001287,1,30,,0,2,7,17,B01
202100001288,2,7,,0,2,1,1,B01
202100001288,2,7,,0,2,1,1,A01
202100001289,0,7,,0,4,1,26,A01
202100001290,1,7,,8,0,1,26,A01
202100001291,1,7,,14,0,1,9,A01
202100001292,2,7,,0,2,5,23,B01
202100001292,2,32,,0,2,1,1,A01
202100001293,2,7,,0,2,6,1,B01
202100001293,2,1,,0,2,1,1,A01
202100001294,2,43,,0,2,1,1,B01
202100001294,2,7,,0,2,4,10,A01
202100001295,2,30,,0,2,4,10,A01
202100001295,2,7,,0,2,3,1,B01
202100001296,2,30,,14,0,1,1,A01
202100001297,2,30,,0,2,1,1,B01
202100001297,2,7,,0,2,4,23,A01
202100001298,2,7,,0,2,3,10,A01
202100001298,2,32,,0,2,1,1,B01
202100001299,3,10,,1,0,1,1,A01
202100001300,3,2,,0,2,1,2,A01
202100001300,3,13,,0,2,5,2,B01
202100001301,1,7,,0,2,4,2,A01
202100001301,1,7,,0,2,1,0,B01
202100001302,2,7,,4,0,1,13,A01
202100001303,2,2,,0,2,3,16,B01
202100001303,2,7,,0,2,5,16,A01
202100001304,1,17,,0,0,4,24,C01
202100001304,1,7,,14,0,3,2,D01
202100001304,1,7,,1,2,1,1,B01
202100001304,1,7,,4,0,1,0,A01
202100001305,0,2,,0,2,1,1,A01
202100001305,0,7,,0,2,1,15,B01
202100001306,1,7,,10,0,8,13,A01
202100001307,1,10,,0,1,2,1,A01
202100001308,3,7,,0,2,6,19,A01
202100001308,1,33,,0,2,1,1,B01
202100001309,2,10,,0,2,8,11,A01
202100001309,2,7,,0,2,7,1,B01
202100001309,1,7,,0,9,2,2,C01
202100001310,1,7,,3,2,1,2,A01
202100001310,1,17,,0,2,5,2,B01
202100001311,1,10,,0,2,1,1,A01
202100001311,1,7,,0,2,3,16,B01
202100001311,2,7,,0,2,3,1,C01
202100001312,1,7,,0,2,1,1,D01
202100001312,1,7,,0,2,3,1,C01
202100001312,1,10,,0,2,6,21,B01
202100001312,2,7,,0,2,3,13,A01
202100001313,2,7,,0,2,1,1,B01
202100001313,1,17,,0,2,8,15,A01
202100001314,2,10,,0,2,1,1,B01
202100001314,1,7,,0,2,6,13,A01
202100001315,1,7,,2,0,9,1,A01
202100001316,2,7,,2,0,7,1,A01
202100001317,1,7,,2,0,8,1,A01
202100001318,2,7,,9,0,1,1,A01
202100001319,2,7,,0,1,3,1,A01
202100001320,2,7,,6,0,1,1,A01
202100001321,2,7,,0,2,1,1,A01
202100001321,2,20,,0,0,4,1,B01
202100001322,1,2,,0,2,1,1,A01
202100001322,1,7,,0,2,5,15,B01
202100001323,2,7,,13,0,1,1,A01
202100001324,1,7,,0,2,1,17,A01
202100001324,2,7,,0,2,1,21,B01
202100001325,2,7,,0,2,1,1,B01
202100001325,1,7,,0,2,1,13,A01
202100001326,2,7,,0,0,3,1,B01
202100001326,2,7,,0,2,9,14,A01
202100001327,1,7,,0,1,3,1,A01
202100001328,1,17,,0,2,5,2,B01
202100001328,1,7,,0,2,3,14,A01
202100001329,1,7,,3,2,1,1,B01
202100001329,1,7,,3,2,2,14,A01
202100001330,1,1,,0,2,3,0,A01
202100001330,1,10,,0,2,2,0,B01
202100001331,0,7,,0,2,6,23,B01
202100001331,2,1,,0,2,1,1,A01
202100001332,3,2,,0,2,1,13,A01
202100001332,3,36,,0,2,1,1,B01
202100001333,3,33,,0,2,7,1,A01
202100001333,3,7,,0,2,1,19,B01
202100001334,2,7,,5,0,1,1,A01
202100001335,3,7,,6,0,1,1,A01
202100001336,1,7,,0,2,1,1,A01
202100001336,2,14,,13,2,1,1,B01
202100001337,0,7,,0,2,2,1,B01
202100001337,0,7,,0,2,1,15,A01
202100001338,1,7,,7,0,2,1,A01
202100001339,1,7,,0,1,8,1,A01
202100001340,1,7,,0,2,3,21,B01
202100001340,1,7,,0,2,3,13,A01
202100001341,2,7,,0,2,1,0,B01
202100001341,2,7,,0,2,4,0,A01
202100001341,2,7,,0,2,1,0,C01
202100001342,1,7,,0,2,1,0,A01
202100001342,1,7,,0,2,4,0,B01
202100001343,1,7,,0,1,2,1,B01
202100001344,1,7,,0,2,1,2,A01
202100001344,1,10,,0,2,4,2,B01
202100001344,1,7,,0,2,4,2,C01
202100001345,1,7,,0,2,2,2,A01
202100001345,1,7,,0,2,2,2,B01
202100001346,1,7,,0,0,9,1,A01
202100001347,1,7,,0,2,4,2,D01
202100001347,1,7,,0,2,4,2,C01
202100001347,1,7,,0,2,4,2,B01
202100001347,1,10,,0,2,3,2,A01
202100001348,1,7,,4,0,1,2,A01
202100001349,2,7,,3,0,7,13,A01
202100001350,2,7,,4,0,1,2,A01
202100001351,2,7,,4,2,1,1,A01
202100001351,2,7,,4,2,4,2,B01
202100001352,1,7,,4,0,1,1,A01
202100001353,1,7,,4,0,1,1,A01
202100001354,2,7,,0,2,1,2,A01
202100001354,2,7,,0,2,4,2,B01
202100001355,2,7,,3,0,1,1,A01
202100001356,2,7,,4,0,2,14,A01
202100001357,1,7,,4,0,1,2,A01
202100001358,2,7,,4,2,3,1,A01
202100001358,2,17,,0,2,8,1,B01
202100001359,1,7,,3,5,3,21,A01
202100001360,1,2,,0,2,4,2,A01
202100001360,1,7,,0,2,4,2,B01
202100001361,1,7,,0,2,2,2,B01
202100001361,1,7,,0,2,6,2,A01
202100001362,2,31,,0,1,1,1,A01
202100001363,3,2,,12,0,1,1,A01
202100001364,1,7,,0,2,3,6,B01
202100001364,1,32,,0,2,2,1,A01
202100001365,0,7,,9,0,1,1,A01
202100001366,1,1,,0,2,3,1,Y01
202100001366,1,7,,0,9,3,15,A01
202100001367,1,7,,9,2,2,1,B01
202100001367,1,7,,0,2,3,19,A01
202100001368,1,7,,2,0,7,14,A01
202100001369,1,7,,0,1,2,16,A01
202100001370,1,32,,0,0,8,26,A01
202100001371,2,32,,0,2,7,1,B01
202100001371,2,7,,0,2,8,9,A01
202100001372,2,7,,0,2,1,15,A01
202100001372,1,7,,0,2,1,1,B01
202100001373,1,7,,4,0,3,13,A01
202100001374,3,7,,16,0,1,24,A01
202100001375,1,10,,0,1,4,4,A01
202100001376,3,7,,0,2,3,16,A01
202100001376,3,7,,0,2,1,1,B01
202100001377,1,7,,0,2,6,19,A01
202100001377,1,30,,0,2,1,19,B01
202100001378,2,32,,0,1,1,1,A01
202100001379,2,1,,0,2,8,19,B01
202100001379,1,32,,0,2,1,1,A01
202100001380,3,7,,0,2,1,1,A01
202100001380,3,7,,0,2,4,1,B01
202100001381,1,7,,0,2,1,1,A01
202100001381,1,30,,0,2,4,23,B01
202100001382,1,32,,0,1,0,16,A01
202100001383,2,2,,0,1,1,3,A01
202100001384,3,7,,0,2,4,26,B01
202100001384,3,7,,0,2,1,1,A01
202100001385,1,7,,0,2,0,0,C01
202100001385,1,7,,0,2,0,26,B01
202100001385,-1,7,,0,2,4,23,A01
202100001386,2,10,,0,2,7,15,B01
202100001386,1,30,,0,2,1,7,A01
202100001387,3,50,,0,2,3,1,B01
202100001387,1,7,,0,9,2,1,A01
202100001388,2,7,,2,0,1,1,A01
202100001389,1,30,,0,1,1,1,Z01
202100001390,2,30,,0,2,0,1,B01
202100001390,1,7,,0,2,0,15,A01
202100001391,1,7,,4,0,1,1,A01
202100001392,3,31,,12,0,3,1,A01
202100001393,1,7,,2,2,8,1,C01
202100001393,2,10,,0,2,6,1,B01
202100001393,2,33,,0,2,1,2,A01
202100001394,2,7,,0,0,6,2,A01
202100001394,2,7,,0,2,1,2,B01
202100001395,1,7,,0,2,1,1,C01
202100001395,1,7,,0,2,1,1,B01
202100001395,2,7,,0,2,7,1,A01
202100001396,1,7,,2,0,1,1,A01
202100001397,1,7,,13,0,1,1,A01
202100001398,2,7,,0,0,0,0,A01
202100001399,1,7,,16,0,3,1,A01
202100001400,2,7,,13,0,9,1,A01
202100001401,1,7,,6,0,1,1,A01
202100001402,1,7,,13,0,1,1,A01
202100001403,1,7,,8,0,8,1,A01
202100001404,1,7,,0,2,4,2,B01
202100001404,1,7,,0,2,1,2,A01
202100001405,1,7,,3,0,8,1,A01
202100001406,1,7,,16,0,0,1,A01
202100001407,1,7,,13,0,3,13,A01
202100001408,1,7,,0,0,3,1,A01
202100001408,2,7,,7,0,3,1,B01
202100001408,1,10,,0,2,6,1,C01
202100001409,1,7,,0,2,7,1,B01
202100001409,1,7,,2,2,2,14,A01
202100001410,1,2,,0,2,1,16,A01
202100001410,2,7,,0,2,1,15,B01
202100001411,2,7,,0,2,3,1,B01
202100001411,1,7,,0,2,3,1,A01
202100001412,1,7,,0,9,0,21,A01
202100001413,1,7,,0,2,1,2,A01
202100001413,1,15,,0,0,4,2,B01
202100001414,1,1,,0,0,4,1,B01
202100001414,1,15,,0,2,2,2,A01
202100001415,2,10,,8,0,3,1,A01
202100001416,1,7,,0,1,0,1,A01
202100001417,1,7,,16,0,9,14,A01
202100001418,0,7,,13,0,0,1,A01
202100001419,1,2,,0,0,4,0,C01
202100001419,1,7,,0,2,1,0,B01
202100001419,1,7,,0,2,4,2,A01
202100001420,3,7,,0,1,4,4,A01
202100001421,2,7,,17,0,2,1,A01
202100001422,2,7,,0,2,7,2,A01
202100001422,2,50,,0,2,8,2,B01
202100001423,0,10,,0,2,1,1,B01
202100001423,1,10,,0,2,7,1,A01
202100001424,1,7,,3,0,7,14,A01
202100001425,2,7,,0,1,2,1,A01
202100001426,3,33,,0,0,7,1,A01
202100001427,1,7,,6,0,5,13,A01
202100001428,2,7,,0,2,4,0,A01
202100001428,2,7,,0,2,1,0,B01
202100001428,2,7,,0,2,4,0,C01
202100001428,2,7,,1,0,9,0,D01
202100001429,2,7,,0,2,1,2,A01
202100001429,2,7,,0,2,4,2,B01
202100001430,1,7,,0,2,2,26,A01
202100001430,1,7,,0,2,6,1,B01
202100001431,2,7,,4,0,2,2,A01
202100001432,2,15,,0,0,1,1,A01
202100001433,1,7,,4,0,1,1,A01
202100001434,1,7,,0,2,1,1,A01
202100001434,1,7,,0,2,6,2,B01
202100001435,2,7,,4,0,1,1,A01
202100001436,1,7,,3,9,1,9,A01
202100001437,1,7,,3,2,1,26,A01
202100001438,2,7,,4,0,1,0,A01
202100001439,2,7,,0,2,5,12,B01
202100001439,2,32,,0,2,1,1,A01
202100001440,3,7,,0,2,8,19,B01
202100001440,3,7,,0,2,2,19,A01
202100001441,3,7,,1,2,0,0,C01
202100001441,1,7,,0,2,6,1,B01
202100001441,1,30,,0,2,1,1,A01
202100001442,1,30,,0,2,8,9,A01
202100001442,1,10,,0,2,1,1,B01
202100001443,0,7,,0,2,3,1,B01
202100001443,0,33,,0,2,1,1,A01
202100001444,2,34,,0,1,2,21,A01
202100001445,1,2,,16,0,8,9,B01
202100001445,1,7,,0,2,2,26,A01
202100001446,3,7,,0,1,0,26,A01
202100001447,3,7,,0,2,3,19,A01
202100001447,2,7,,0,2,2,1,Z01
202100001448,1,7,,14,2,1,1,B01
202100001448,2,7,,0,2,4,23,A01
202100001449,2,10,,0,1,1,26,A01
202100001450,2,7,,0,2,7,1,A01
202100001450,0,99,,0,2,1,26,B01
202100001451,2,7,,0,2,7,15,B01
202100001451,1,7,,0,0,0,0,A01
202100001452,3,7,,0,2,1,1,A01
202100001452,3,7,,0,2,5,1,B01
202100001453,1,1,,0,2,1,1,B01
202100001453,2,7,,0,9,2,15,A01
202100001454,3,7,,1,0,1,1,A01
202100001455,3,7,,0,2,0,16,B01
202100001455,3,30,,0,2,0,1,A01
202100001456,1,7,,0,1,1,16,A01
202100001457,2,7,,0,2,1,5,A01
202100001457,1,7,,0,2,1,1,B01
202100001458,2,7,,0,2,7,1,B01
202100001458,3,7,,0,2,1,1,A01
202100001459,1,30,,0,0,7,26,A01
202100001460,2,7,,0,0,1,26,A01
202100001461,3,30,,0,1,1,26,Y01
202100001462,1,2,,0,2,1,1,B01
202100001462,2,7,,0,2,8,15,A01
202100001463,1,7,,9,0,1,26,A01
202100001464,1,7,,0,9,1,1,A01
202100001464,1,50,,0,2,1,1,B01
202100001465,1,14,,0,2,3,26,B01
202100001465,1,7,,0,2,2,26,A01
202100001466,1,7,,0,2,2,20,A01
202100001466,1,1,,0,2,1,1,B01
202100001467,1,7,,0,2,3,26,A01
202100001467,1,2,,0,2,4,26,B01
202100001468,2,7,,0,2,3,19,A01
202100001468,2,33,,0,2,1,1,B01
202100001469,2,7,,0,2,1,1,B01
202100001469,1,7,,0,2,1,13,A01
202100001470,2,30,,0,0,0,21,A01
202100001471,3,7,,0,2,1,2,B01
202100001471,3,7,,0,2,4,23,A01
202100001472,1,7,,0,1,1,1,A01
202100001473,2,7,,0,1,1,1,A01
202100001474,2,7,,0,2,4,1,B01
202100001474,2,7,,0,2,2,1,A01
202100001475,2,7,,8,0,7,1,B01
202100001475,1,7,,0,2,1,1,A01
202100001476,3,7,,0,2,0,1,B01
202100001476,3,7,,0,2,0,15,A01
202100001477,2,7,,0,1,3,1,A01
202100001478,2,7,,0,2,8,15,B01
202100001478,2,30,,0,2,1,17,A01
202100001479,2,7,,0,2,1,15,A01
202100001479,2,50,,0,2,0,19,B01
202100001480,2,10,,0,2,5,20,A01
202100001480,2,43,,0,2,1,2,B01
202100001481,2,7,,6,0,1,13,A01
202100001482,1,7,,0,2,3,9,A01
202100001482,1,60,,0,2,1,9,B01
202100001483,2,7,,0,2,1,1,A01
202100001483,1,30,,0,2,1,1,B01
202100001484,1,7,,0,2,3,19,A01
202100001484,1,14,,0,2,1,26,B01
202100001485,2,7,,0,2,1,1,B01
202100001485,2,7,,0,2,3,19,A01
202100001486,1,33,,12,0,5,1,A01
202100001487,1,7,,0,2,1,9,A01
202100001487,1,2,,0,2,7,0,B01
202100001488,1,10,,0,1,1,15,A01
202100001489,2,7,,0,2,8,10,A01
202100001489,2,32,,0,2,1,17,B01
202100001490,2,50,,14,0,1,26,A01
202100001491,1,10,,6,0,1,1,A01
202100001492,1,7,,0,2,8,9,B01
202100001492,2,30,,0,2,1,6,A01
202100001493,2,10,,14,0,2,14,A01
202100001494,1,32,,0,2,3,1,B01
202100001494,2,10,,0,2,1,15,A01
202100001495,1,1,,0,0,0,5,A01
202100001496,1,7,,0,2,3,15,B01
202100001496,2,33,,0,2,1,1,A01
202100001497,1,10,,6,0,1,1,A01
202100001498,2,7,,0,1,7,1,A01
202100001499,1,7,,9,1,4,4,A01
202100001500,1,7,,14,0,3,13,A01
202100001501,1,32,,1,2,1,18,B01
202100001501,1,10,,0,2,8,22,A01
202100001502,1,13,,0,1,2,14,Z01
202100001503,0,7,,0,2,7,22,Z01
202100001503,2,1,,0,2,8,1,B01
202100001504,3,99,,0,2,3,16,B01
202100001504,3,7,,0,2,7,1,A01
202100001505,2,7,,15,1,3,1,A01
202100001506,2,10,,0,2,2,10,A01
202100001506,2,31,,0,2,1,1,B01
202100001507,2,7,,0,1,1,1,A01
202100001508,1,0,,0,2,1,26,Z01
202100001508,2,32,,0,2,2,1,A01
202100001509,1,10,,0,1,1,9,A01
202100001510,2,7,,0,1,2,1,A01
202100001511,2,7,,0,1,1,19,A01
202100001512,1,7,,0,2,8,15,A01
202100001512,1,7,,0,2,3,1,B01
202100001513,2,32,,0,0,3,1,A01
202100001514,1,7,,13,0,1,1,A01
202100001515,1,2,,0,2,6,2,B01
202100001515,1,7,,0,2,2,2,A01
202100001516,2,0,,0,0,0,0,A01
202100001517,3,33,,12,0,0,1,A01
202100001518,3,7,,0,0,9,2,A01
202100001519,1,7,,13,0,3,1,A01
202100001520,3,7,,0,2,7,15,A01
202100001520,3,7,,0,2,2,1,B01
202100001520,3,7,,0,2,3,23,C01
202100001521,1,1,,0,5,1,1,A01
202100001522,1,3,,14,0,9,1,A01
202100001523,1,7,,13,0,1,1,A01
202100001524,2,7,,0,2,2,19,A01
202100001524,2,7,,6,2,3,1,B01
202100001525,3,7,,0,1,1,2,A01
202100001526,3,7,,2,0,1,1,A01
202100001527,1,7,,8,0,2,1,A01
202100001528,3,7,,2,0,1,0,A01
202100001529,1,10,,0,2,3,13,A01
202100001529,2,7,,0,2,3,1,B01
202100001530,0,43,,0,2,1,1,B01
202100001530,0,7,,0,2,3,9,A01
202100001531,2,2,,7,0,1,1,A01
202100001532,0,7,,0,2,3,1,B01
202100001532,0,2,,0,2,1,13,A01
202100001533,0,7,,8,0,2,1,A01
202100001534,1,7,,13,0,0,1,A01
202100001535,2,7,,0,1,7,15,A01
202100001535,1,7,,0,2,1,1,B01
202100001536,1,7,,13,0,9,1,A01
202100001537,2,7,,0,0,6,23,B01
202100001537,2,14,,1,0,2,1,A01
202100001538,1,7,,13,0,1,1,A01
202100001539,2,7,,4,0,2,1,A01
202100001540,1,7,,0,2,2,15,A01
202100001540,2,7,,0,2,1,1,B01
202100001541,1,10,,0,2,1,2,A01
202100001541,1,50,,0,2,8,15,B01
202100001542,2,7,,0,2,1,2,B01
202100001542,1,7,,0,0,4,2,A01
202100001543,2,7,,3,0,3,1,A01
202100001543,2,7,,0,2,1,2,B01
202100001544,1,7,,0,2,2,14,B01
202100001544,1,7,,0,2,8,2,A01
202100001545,2,7,,4,0,4,2,B01
202100001545,2,7,,0,2,1,2,A01
202100001546,1,7,,0,1,7,1,A01
202100001547,1,7,,4,0,0,1,A01
202100001548,1,2,,6,0,1,1,A01
202100001549,1,7,,0,2,1,1,B01
202100001549,2,7,,0,2,1,1,A01
202100001550,3,99,,6,0,3,1,A01
202100001551,2,7,,3,0,2,6,A01
202100001552,1,7,,9,0,2,1,A01
202100001553,0,7,,13,0,2,1,A01
202100001554,2,10,,6,0,0,0,A01
202100001555,0,7,,8,0,1,1,A01
202100001556,2,7,,0,2,2,1,B01
202100001556,2,7,,1,2,3,1,A01
202100001557,2,7,,0,2,0,0,B01
202100001557,2,7,,0,2,4,0,A01
202100001558,1,7,,4,0,1,1,A01
202100001559,2,7,,0,2,6,1,B01
202100001559,2,10,,0,2,2,14,A01
202100001560,1,7,,0,2,1,12,A01
202100001560,1,7,,0,2,4,2,B01
202100001561,2,7,,0,2,2,2,A01
202100001561,2,7,,0,2,6,1,B01
202100001562,2,31,,0,2,8,2,A01
202100001562,1,10,,0,2,7,14,Z01
202100001563,1,33,,0,2,0,0,B01
202100001563,1,7,,0,2,0,0,A01
202100001564,1,7,,0,0,0,0,A01
202100001565,2,7,,4,0,1,1,A01
202100001566,1,7,,4,0,3,0,A01
202100001567,1,7,,0,2,1,1,A01
202100001567,1,7,,0,2,4,2,B01
202100001568,1,7,,0,1,3,19,A01
202100001569,2,7,,0,2,3,13,A01
202100001569,1,7,,0,2,3,1,B01
202100001570,0,30,,0,2,1,9,A01
202100001570,2,30,,0,2,8,1,B01
202100001571,1,7,,0,1,1,15,A01
202100001572,2,2,,0,2,2,1,B01
202100001572,3,7,,0,2,5,4,A01
202100001573,3,1,,0,2,0,0,B01
202100001573,2,1,,0,9,7,26,A01
202100001574,3,38,1.0,0,1,4,4,A01
202100001575,1,7,,12,0,1,0,A01
202100001576,1,7,,0,2,4,0,B01
202100001576,1,7,,0,2,1,0,A01
202100001577,1,32,,0,2,3,13,A01
202100001577,2,33,,0,2,3,1,B01
202100001577,2,7,,0,9,6,1,C01
202100001578,2,7,,0,1,3,1,A01
202100001579,3,7,,0,1,2,23,A01
202100001580,1,50,,0,0,0,1,A01
202100001581,1,7,,0,2,4,2,B01
202100001581,1,7,,0,2,1,2,A01
202100001582,2,7,,0,1,1,1,A01
202100001583,2,7,,0,1,3,26,A01
202100001584,2,7,,0,1,1,1,A01
202100001585,2,10,,0,2,1,1,A01
202100001585,2,7,,0,2,4,1,B01
202100001585,2,7,,0,2,4,1,C01
202100001586,2,50,,0,2,1,15,A01
202100001586,2,7,,0,2,5,1,B01
202100001587,1,30,,0,2,3,16,A01
202100001587,2,7,,0,2,5,1,B01
202100001588,1,7,,0,2,1,2,A01
202100001588,1,7,,0,2,4,0,B01
202100001589,1,7,,0,2,4,1,B01
202100001589,1,7,,0,2,1,1,A01
202100001590,2,33,,0,2,1,1,B01
202100001590,1,7,,0,2,1,15,A01
202100001591,2,1,,0,2,4,15,B01
202100001591,2,3,,0,2,3,16,A01
202100001592,1,33,,0,2,1,2,A01
202100001592,1,7,,0,2,4,2,B01
202100001593,2,7,,0,0,4,2,B01
202100001593,2,3,,0,2,1,2,A01
202100001594,2,7,,0,1,1,1,A01
202100001595,1,7,,0,2,3,1,C01
202100001595,1,7,,0,2,1,1,B01
202100001595,1,7,,0,2,1,26,A01
202100001596,1,33,,0,0,1,26,A01
202100001597,1,7,,0,2,0,0,A01
202100001597,1,7,,0,2,0,0,B01
202100001598,2,7,,0,1,1,1,A01
202100001599,3,1,,0,2,1,19,A01
202100001599,3,7,,0,2,1,1,B01
202100001600,3,7,,0,9,2,16,A01
202100001600,1,99,,0,2,3,5,B01
202100001601,3,7,,0,0,0,23,A01
202100001602,1,7,,0,2,1,1,C01
202100001602,1,7,,0,2,1,1,B01
202100001602,2,7,,0,2,1,13,A01
202100001603,2,7,,0,2,1,2,A01
202100001603,2,7,,0,2,4,2,B01
202100001604,3,7,,0,2,2,12,A01
202100001604,3,7,,0,2,8,15,B01
202100001605,2,7,,3,0,1,1,A01
202100001605,1,7,,0,2,1,1,B01
202100001606,0,7,,0,2,2,1,A01
202100001606,0,10,,0,2,1,1,B01
202100001607,3,7,,0,2,1,1,A01
202100001607,3,1,,0,2,1,1,B01
202100001608,3,7,,0,2,2,15,A01
202100001608,3,2,,0,2,1,26,B01
202100001609,0,7,,0,2,7,9,A01
202100001609,0,33,,0,2,1,1,B01
202100001610,1,43,,0,2,1,0,B01
202100001610,1,10,,0,2,8,15,A01
202100001611,2,7,,10,0,1,1,A01
202100001612,0,33,,0,2,1,1,B01