Num_Acc,senc,catv,occutc,obs,obsm,choc,manv,num_veh
202100001612,3,32,,0,2,2,10,A01
202100001613,1,7,,0,2,1,19,A01
202100001613,1,99,,0,2,7,19,B01
202100001614,1,50,,15,0,1,1,A01
202100001615,3,10,,0,0,7,19,A01
202100001615,1,1,,0,2,1,1,Y01
202100001616,0,7,,0,0,2,6,B01
202100001616,0,7,,0,0,3,23,C01
202100001616,2,33,,0,2,3,18,A01
202100001617,1,7,,0,2,4,1,B01
202100001617,1,7,,0,2,1,1,A01
202100001618,2,7,,0,2,2,2,A01
202100001618,2,33,,0,2,4,2,B01
202100001619,2,7,,0,1,1,1,A01
202100001620,1,7,,0,1,3,1,A01
202100001621,2,10,,0,1,2,16,A01
202100001622,1,7,,0,1,1,1,A01
202100001623,1,7,,0,2,7,16,A01
202100001623,1,30,,0,2,8,1,B01
202100001624,2,7,,0,2,3,1,B01
202100001624,2,30,,0,2,2,16,A01
202100001625,1,31,,0,0,8,1,A01
202100001626,2,30,,0,1,1,1,A01
202100001627,1,80,,14,0,3,13,A01
202100001628,2,7,,0,2,3,15,B01
202100001628,2,7,,0,2,2,21,A01
202100001629,2,7,,0,1,3,13,A01
202100001630,0,50,,0,2,3,16,B01
202100001630,2,7,,0,2,1,1,A01
202100001631,2,60,,0,2,1,1,B01
202100001631,1,7,,0,2,0,17,Z01
202100001632,3,7,,0,1,0,0,A01
202100001633,3,7,,15,0,1,9,A01
202100001634,2,37,1.0,0,2,3,9,B01
202100001634,2,7,,0,2,6,26,A01
202100001635,1,7,,0,1,2,1,A01
202100001636,3,7,,0,1,4,4,A01
202100001637,2,43,,0,2,5,13,B01
202100001637,1,10,,0,2,1,15,A01
202100001638,1,7,,0,2,1,1,A01
202100001638,3,7,,0,2,3,0,C01
202100001638,3,7,,0,2,6,0,B01
202100001639,-1,37,2.0,8,2,2,26,A01
202100001639,-1,7,,0,2,6,0,B01
202100001640,2,7,,0,1,2,16,A01
202100001641,1,7,,0,2,2,15,A01
202100001641,2,30,,0,2,1,1,B01
202100001642,3,7,,0,0,7,19,A01
202100001642,1,15,,0,2,1,19,B01
202100001643,2,7,,0,1,2,1,A01
202100001644,1,7,,13,0,1,14,A01
202100001645,2,7,,0,0,1,1,A01
202100001646,1,10,,0,2,1,1,A01
202100001646,1,7,,0,2,7,19,B01
202100001647,2,7,,0,2,3,0,A01
202100001647,1,7,,0,2,1,21,B01
202100001648,2,10,,0,2,4,1,B01
202100001648,2,7,,0,2,1,1,A01
202100001649,1,7,,0,0,0,15,A01
202100001650,1,7,,0,2,4,23,C01
202100001650,1,7,,0,2,4,23,B01
202100001650,1,7,,0,2,1,1,A01
202100001651,2,7,,2,0,1,1,A01
202100001652,2,7,,0,1,1,16,A01
202100001653,2,7,,0,0,0,15,B01
202100001653,2,31,,0,0,0,1,A01
202100001654,1,2,,12,0,2,0,A01
202100001655,0,7,,0,1,2,1,A01
202100001656,2,7,,2,0,8,1,A01
202100001657,2,7,,0,2,2,1,A01
202100001657,2,7,,0,0,6,1,B01
202100001658,2,33,,14,0,8,1,A01
202100001659,2,7,,3,0,1,1,A01
202100001660,2,7,,0,2,3,13,A01
202100001660,1,15,,0,2,3,1,B01
202100001660,2,17,,0,0,4,1,C01
202100001660,2,17,,0,2,1,2,D01
202100001661,2,10,,13,0,7,1,A01
202100001662,3,7,,0,2,3,15,A01
202100001662,3,34,,0,2,1,17,B01
202100001663,2,7,,0,0,8,2,A01
202100001663,1,7,,0,2,6,1,B01
202100001664,3,7,,0,1,2,1,A01
202100001665,1,7,,2,0,1,1,A01
202100001666,2,7,,13,0,1,1,A01
202100001667,1,7,,2,0,8,1,A01
202100001668,2,7,,4,2,1,2,D01
202100001668,2,14,,4,2,2,11,C01
202100001668,2,10,,4,2,7,0,B01
202100001668,2,15,,4,2,4,2,A01
202100001669,2,7,,0,2,4,1,C01
202100001669,2,7,,0,2,4,0,D01
202100001669,2,7,,0,2,4,1,E01
202100001669,2,7,,0,2,4,17,A01
202100001669,2,7,,0,2,4,1,B01
202100001670,2,7,,1,0,1,2,B01
202100001670,2,7,,0,2,6,23,A01
202100001671,1,7,,0,2,4,2,B01
202100001671,1,7,,0,2,1,2,A01
202100001672,1,7,,0,2,1,26,A01
202100001672,1,7,,0,2,4,0,B01
202100001672,1,7,,0,2,4,0,C01
202100001673,2,33,,0,2,3,3,A01
202100001673,2,7,,0,2,2,1,B01
202100001674,2,7,,0,9,4,26,A01
202100001674,2,7,,0,2,1,0,B01
202100001675,2,7,,0,2,1,2,A01
202100001675,2,7,,0,2,4,2,B01
202100001676,1,10,,4,0,1,14,A01
202100001677,2,32,,0,2,8,18,A01
202100001677,2,7,,0,2,1,1,B01
202100001678,1,17,,0,2,2,12,Z01
202100001678,1,7,,4,0,6,1,A01
202100001679,1,7,,0,2,6,1,C01
202100001679,1,7,,0,2,1,1,B01
202100001679,1,7,,0,2,1,21,A01
202100001680,1,7,,0,2,4,1,A01
202100001680,1,7,,0,2,4,2,B01
202100001680,1,7,,0,2,1,2,C01
202100001681,2,7,,0,2,8,9,B01
202100001681,2,10,,0,2,2,1,A01
202100001682,1,7,,0,2,4,11,A01
202100001682,1,33,,0,2,1,1,B01
202100001683,1,7,,0,2,4,2,B01
202100001683,1,7,,0,2,1,2,A01
202100001684,1,7,,0,2,3,1,B01
202100001684,2,7,,0,2,7,1,A01
202100001685,1,7,,0,2,7,12,Z01
202100001685,1,7,,8,2,1,1,A01
202100001686,1,33,,0,2,1,1,B01
202100001686,1,30,,0,2,4,13,A01
202100001687,3,32,,0,2,1,21,A01
202100001687,3,32,,0,2,4,23,B01
202100001687,3,32,,0,2,4,23,C01
202100001688,3,7,,0,2,1,0,B01
202100001688,3,7,,0,2,7,1,A01
202100001689,1,7,,0,2,8,15,B01
202100001689,1,30,,0,2,1,17,A01
202100001690,1,7,,0,2,5,2,B01
202100001690,1,7,,0,2,3,14,A01
202100001691,3,7,,0,2,4,2,C01
202100001691,3,7,,0,2,4,2,B01
202100001691,3,7,,0,2,1,2,A01
202100001692,1,7,,0,2,1,1,B01
202100001692,2,7,,1,1,1,1,A01
202100001693,1,7,,0,2,2,9,A01
202100001693,1,14,,0,2,3,1,B01
202100001694,1,7,,0,2,3,15,A01
202100001694,2,1,,0,2,1,1,B01
202100001695,2,33,,0,2,9,1,B01
202100001695,2,7,,0,2,7,12,A01
202100001696,1,7,,0,2,7,14,A01
202100001696,1,43,,0,2,8,1,B01
202100001697,2,7,,0,2,1,2,A01
202100001697,2,7,,0,2,4,2,B01
202100001697,2,33,,0,2,4,2,C01
202100001698,1,7,,0,2,3,15,A01
202100001698,1,31,,0,2,1,3,B01
202100001699,2,7,,0,2,1,1,A01
202100001699,3,7,,0,2,3,15,B01
202100001700,2,10,,0,1,2,17,A01
202100001701,0,7,,0,2,1,9,A01
202100001701,0,7,,0,2,5,9,B01
202100001702,1,7,,0,1,3,16,A01
202100001703,2,7,,0,2,3,17,A01
202100001703,1,7,,0,2,3,1,B01
202100001703,2,7,,0,2,0,23,C01
202100001704,1,7,,0,1,1,1,A01
202100001705,2,2,,0,0,0,1,B01
202100001705,1,7,,0,0,0,15,A01
202100001706,2,7,,0,2,2,15,A01
202100001706,1,1,,0,2,1,1,B01
202100001707,2,7,,0,1,8,1,Z01
202100001708,2,7,,0,2,4,23,A01
202100001708,2,7,,0,2,1,2,B01
202100001709,1,10,,0,2,1,1,A01
202100001709,0,7,,12,2,7,1,B01
202100001710,3,7,,0,1,1,16,A01
202100001711,1,30,,0,1,1,1,A01
202100001712,1,7,,0,0,4,1,B01
202100001712,1,7,,0,2,1,1,A01
202100001713,1,7,,0,2,1,1,A01
202100001713,1,10,,0,2,1,1,B01
202100001714,1,7,,0,1,1,1,A01
202100001715,3,7,,0,1,2,1,A01
202100001716,1,10,,0,2,1,2,A01
202100001716,1,7,,0,0,4,2,B01
202100001717,1,7,,1,0,3,13,A01
202100001718,2,7,,0,2,1,1,A01
202100001718,2,7,,0,2,4,1,B01
202100001719,1,7,,0,2,1,2,A01
202100001719,1,7,,0,2,4,2,B01
202100001719,1,7,,0,2,1,2,C01
202100001720,1,7,,0,1,3,26,A01
202100001721,2,7,,0,1,1,15,A01
202100001722,2,7,,0,2,4,2,C01
202100001722,2,7,,0,2,5,2,B01
202100001722,2,7,,0,2,1,2,A01
202100001723,3,7,,0,2,7,21,B01
202100001723,3,7,,0,2,2,5,X01
202100001723,3,7,,0,2,1,1,A01
202100001724,3,30,,0,2,4,23,B01
202100001724,2,7,,0,2,1,1,A01
202100001725,1,7,,0,1,1,16,A01
202100001726,1,3,,0,1,1,9,A01
202100001727,1,7,,6,0,1,13,A01
202100001728,0,7,,0,2,6,15,A01
202100001728,0,33,,0,2,1,1,B01
202100001729,0,32,,0,2,1,2,Z01
202100001729,0,7,,0,0,4,23,B01
202100001730,0,7,,0,2,3,11,B01
202100001730,0,7,,0,2,2,26,A01
202100001731,2,7,,0,2,3,9,A01
202100001731,2,50,,0,2,1,1,B01
202100001732,1,7,,0,1,1,1,A01
202100001733,3,50,,15,0,1,26,A01
202100001734,2,7,,0,2,7,19,B01
202100001734,1,7,,0,2,1,1,A01
202100001735,1,7,,0,1,2,15,A01
202100001736,2,1,,0,2,1,1,B01
202100001736,1,7,,0,2,2,15,Z01
202100001737,2,10,,0,2,4,1,B01
202100001737,2,32,,0,2,1,13,A01
202100001738,1,7,,0,2,5,23,B01
202100001738,1,43,,0,2,3,3,A01
202100001739,2,7,,0,2,6,9,B01
202100001739,2,13,,0,2,2,1,A01
202100001740,1,32,,0,2,1,1,A01
202100001740,2,7,,0,2,1,5,Z01
202100001741,1,7,,0,1,1,15,A01
202100001742,3,30,,0,2,3,1,B01
202100001742,3,10,,0,2,2,1,A01
202100001743,1,7,,0,2,1,1,B01
202100001743,2,10,,0,2,7,1,A01
202100001744,2,7,,0,2,5,15,A01
202100001744,2,33,,0,2,1,1,B01
202100001745,3,33,,0,2,7,17,B01
202100001745,3,7,,0,2,8,15,A01
202100001746,2,1,,0,2,2,1,B01
202100001746,1,7,,0,2,2,15,A01
202100001747,2,7,,0,2,2,16,A01
202100001747,2,50,,0,2,1,19,B01
202100001748,2,7,,0,2,5,24,B01
202100001748,2,32,,0,1,2,18,A01
202100001749,1,1,,0,1,1,1,A01
202100001750,2,7,,1,1,2,1,Z01
202100001751,1,10,,0,2,2,15,A01
202100001751,1,31,,0,2,1,1,B01
202100001752,3,34,,15,0,1,14,A01
202100001753,2,30,,0,2,1,3,A01
202100001753,2,7,,0,2,7,16,B01
202100001754,1,10,,0,1,1,15,A01
202100001755,1,10,,0,2,6,11,A01
202100001755,1,7,,0,2,2,2,B01
202100001756,1,7,,0,0,0,0,A01
202100001756,2,2,,0,0,0,0,B01
202100001757,2,7,,0,2,0,0,A01
202100001757,1,1,,0,2,0,0,B01
202100001758,-1,7,,0,1,1,1,A01
202100001759,1,0,,0,0,0,26,Z01
202100001760,2,33,,0,2,2,2,B01
202100001760,1,14,,0,2,0,0,Z01
202100001761,1,30,,0,2,0,0,A01
202100001761,1,7,,0,2,1,1,B01
202100001762,1,32,,0,2,5,17,B01
202100001762,3,7,,0,2,3,26,A01
202100001763,1,7,,0,1,4,26,A01
202100001764,2,7,,0,1,2,1,A01
202100001765,2,31,,0,2,1,1,B01
202100001765,1,7,,0,2,3,15,A01
202100001766,3,7,,0,2,1,5,A01
202100001766,3,7,,0,2,1,23,B01
202100001766,3,31,,0,2,1,1,C01
202100001767,1,7,,13,0,1,21,A01
202100001768,3,32,,0,2,1,17,B01
202100001768,3,7,,0,2,3,26,A01
202100001769,1,7,,0,0,6,15,B01
202100001769,1,7,,0,2,1,17,A01
202100001770,2,7,,0,2,1,1,A01
202100001770,1,7,,0,2,7,15,B01
202100001771,1,7,,6,0,3,0,A01
202100001772,1,7,,0,1,1,16,A01
202100001773,1,7,,2,0,1,26,A01
202100001774,1,7,,6,0,6,1,A01
202100001775,2,7,,0,2,1,1,B01
202100001775,1,7,,0,2,1,1,A01
202100001776,2,7,,0,2,1,2,C01
202100001776,2,7,,0,2,5,2,B01
202100001776,2,7,,0,2,3,2,A01
202100001777,1,1,,0,2,8,10,A01
202100001777,1,7,,0,2,7,17,B01
202100001778,2,7,,3,2,3,17,A01
202100001778,1,10,,0,2,1,1,B01
202100001778,1,10,,13,2,2,2,C01
202100001778,2,15,,0,2,1,2,D01
202100001779,3,7,,0,1,2,2,A01
202100001780,1,7,,13,0,2,1,A01
202100001781,2,10,,0,2,7,19,B01
202100001781,2,7,,0,2,1,1,A01
202100001782,1,2,,0,2,8,1,B01
202100001782,1,7,,0,2,3,9,A01
202100001783,2,7,,2,0,1,0,A01
202100001784,3,10,,0,2,7,1,B01
202100001784,3,1,,0,2,8,1,A01
202100001785,1,7,,0,1,1,1,A01
202100001786,3,20,,0,1,4,4,A01
202100001787,1,7,,13,0,9,1,A01
202100001788,3,7,,0,2,1,1,A01
202100001788,0,2,,0,2,7,1,B01
202100001789,1,7,,0,2,2,1,A01
202100001789,2,10,,0,2,3,1,B01
202100001790,2,7,,13,0,1,14,A01
202100001791,1,7,,0,1,2,1,A01
202100001792,2,17,,0,1,2,1,A01
202100001793,3,7,,13,0,2,0,A01
202100001794,1,7,,0,1,2,1,A01
202100001795,1,3,,0,0,0,1,A01
202100001796,1,7,,3,0,0,0,A01
202100001797,1,17,,0,0,4,2,B01
202100001797,1,10,,0,2,1,2,A01
202100001798,2,33,,0,0,7,9,A01
202100001799,2,7,,2,0,2,1,A01
202100001800,1,7,,4,0,4,2,A01
202100001800,1,7,,0,2,1,2,C01
202100001800,1,7,,0,2,1,2,B01
202100001801,3,7,,0,2,8,1,B01
202100001801,2,15,,0,2,3,1,A01
202100001802,3,7,,2,0,7,0,A01
202100001803,2,10,,0,0,1,17,B01
202100001803,1,7,,0,0,1,1,A01
202100001804,1,7,,2,0,3,1,A01
202100001805,3,7,,0,2,3,0,A01
202100001805,3,7,,0,2,3,0,B01
202100001806,0,7,,0,1,4,26,A01
202100001807,2,7,,0,2,1,1,B01
202100001807,2,7,,0,2,8,15,A01
202100001808,1,7,,0,0,2,1,A01
202100001808,3,7,,0,2,1,19,B01
202100001809,1,7,,0,2,1,2,E01
202100001809,1,7,,0,0,5,2,D01
202100001809,1,7,,0,0,7,23,C01
202100001809,1,10,,0,2,1,1,B01
202100001809,1,7,,0,2,1,2,A01
202100001810,2,7,,0,2,3,19,A01
202100001810,2,10,,0,2,2,1,B01
202100001811,1,7,,3,0,1,1,A01
202100001812,1,7,,0,2,3,1,B01
202100001812,2,7,,0,2,3,13,A01
202100001813,1,7,,17,0,1,1,A01
202100001814,3,7,,0,2,3,1,A01
202100001814,3,7,,0,2,3,1,B01
202100001815,1,7,,0,2,2,13,A01
202100001815,2,2,,0,2,1,1,B01
202100001816,2,7,,13,0,1,0,A01
202100001817,2,7,,0,9,9,17,A01
202100001817,2,1,,0,2,4,1,B01
202100001818,1,7,,9,9,1,2,A01
202100001819,1,7,,3,0,1,14,A01
202100001820,-1,14,,0,2,0,0,A01
202100001820,-1,7,,0,2,4,2,B01
202100001821,1,7,,0,2,1,2,C01
202100001821,1,7,,0,2,4,2,B01
202100001821,1,7,,0,2,2,2,A01
202100001822,1,33,,6,0,8,1,A01
202100001823,1,7,,0,2,3,2,B01
202100001823,1,7,,0,2,2,2,A01
202100001824,1,10,,0,2,8,11,A01
202100001824,1,7,,0,2,4,2,C01
202100001824,1,43,,0,2,2,2,B01
202100001825,2,7,,0,2,2,0,B01
202100001825,2,7,,3,2,6,1,A01
202100001826,2,7,,0,2,7,17,A01
202100001826,2,7,,0,2,3,1,B01
202100001827,2,7,,0,2,1,1,A01
202100001827,2,7,,0,2,4,1,B01
202100001828,2,7,,0,2,1,2,A01
202100001828,2,7,,0,2,4,2,B01
202100001829,1,7,,0,2,0,0,B01
202100001829,1,7,,0,0,2,17,A01
202100001830,1,30,,0,2,1,26,A01
202100001830,2,30,,0,2,1,21,B01
202100001831,3,0,,0,1,0,26,A01
202100001832,2,7,,0,2,5,15,A01
202100001832,1,2,,0,2,1,1,B01
202100001833,3,30,,15,0,8,13,A01
202100001834,1,30,,0,2,1,1,A01
202100001834,1,7,,0,2,4,2,B01
202100001835,1,50,,0,2,1,1,A01
202100001835,1,7,,0,2,2,1,B01
202100001836,1,7,,0,2,8,11,A01
202100001836,1,33,,0,2,7,1,B01
202100001837,1,7,,0,2,1,21,A01
202100001837,1,7,,0,2,4,1,B01
202100001838,1,7,,0,2,7,15,B01
202100001838,2,33,,0,2,1,1,A01
202100001839,2,13,,0,1,3,15,A01
202100001840,1,7,,0,1,3,1,A01
202100001841,1,30,,0,1,1,17,A01
202100001842,1,7,,15,0,1,0,A01
202100001843,3,7,,0,2,1,26,A01
202100001843,2,7,,0,2,1,26,B01
202100001844,2,7,,0,2,6,24,B01
202100001844,1,7,,1,0,1,13,A01
202100001845,3,7,,0,2,2,19,A01
202100001845,3,1,,0,2,1,1,B01
202100001846,3,1,,0,2,7,19,B01
202100001846,1,7,,0,9,1,26,A01
202100001847,0,7,,0,2,1,1,A01
202100001847,0,7,,0,2,2,1,B01
202100001848,3,7,,15,0,8,26,A01
202100001848,1,10,,0,0,1,1,B01
202100001849,2,7,,0,2,1,2,A01
202100001849,2,7,,0,2,4,1,B01
202100001850,2,7,,0,2,4,2,B01
202100001850,1,7,,0,2,1,2,Z01
202100001851,3,15,,0,2,4,11,B01
202100001851,3,7,,0,2,1,12,A01
202100001852,1,7,,0,0,1,9,A01
202100001853,0,7,,0,2,2,9,A01
202100001853,0,3,,0,2,3,1,B01
202100001854,1,7,,0,2,8,15,B01
202100001854,1,33,,0,2,1,17,A01
202100001855,1,7,,0,2,1,2,A01
202100001855,1,7,,0,2,4,2,B01
202100001856,1,80,,1,2,6,1,B01
202100001856,1,7,,0,2,1,1,A01
202100001857,2,7,,0,2,0,0,C01
202100001857,2,7,,0,2,0,0,B01
202100001857,1,7,,0,2,3,13,A01
202100001858,1,7,,0,2,3,5,A01
202100001858,2,7,,0,2,3,1,B01
202100001859,1,7,,0,2,1,2,A01
202100001859,1,7,,0,2,4,2,B01
202100001860,1,7,,0,2,3,13,A01
202100001860,1,17,,0,2,3,1,B01
202100001861,1,40,,0,1,2,26,A01
202100001862,3,7,,0,1,1,15,A01
202100001863,1,20,,0,2,1,5,B01
202100001863,2,20,,0,0,1,1,A01
202100001864,1,33,,16,0,0,1,A01
202100001865,1,3,,0,2,1,2,A01
202100001865,1,7,,0,2,4,1,B01
202100001866,1,7,,0,1,1,1,A01
202100001867,2,7,,0,2,9,1,A01
202100001867,1,10,,0,2,8,1,B01
202100001867,1,7,,0,2,2,1,C01
202100001868,1,7,,0,9,1,1,A01
202100001868,1,1,,0,2,8,15,B01
202100001869,1,7,,0,2,1,1,E01
202100001869,1,7,,0,2,8,1,D01
202100001869,1,15,,0,2,6,1,C01
202100001869,1,7,,0,2,2,1,B01
202100001869,1,7,,0,2,9,17,A01
202100001870,1,7,,0,2,1,26,B01
202100001870,1,30,,0,2,1,26,A01
202100001871,1,30,,0,2,1,26,B01
202100001871,1,7,,0,2,8,26,A01
202100001872,1,7,,0,1,3,26,A01
202100001873,3,34,,4,0,8,1,A01
202100001874,2,7,,6,0,4,14,A01
202100001875,1,7,,4,0,9,1,A01
202100001876,2,10,,0,2,1,2,A01
202100001876,2,7,,0,2,4,2,B01
202100001876,2,7,,0,2,4,2,C01
202100001876,2,7,,0,2,4,2,D01
202100001876,2,7,,0,0,4,2,E01
202100001877,1,7,,0,2,4,2,B01
202100001877,1,14,,0,2,1,2,A01
202100001878,2,7,,0,2,4,23,A01
202100001878,2,7,,0,2,1,2,B01
202100001879,1,7,,0,2,1,1,A01
202100001879,1,7,,0,2,4,1,B01
202100001880,1,30,,0,0,0,1,A01
202100001881,2,7,,8,0,1,15,A01
202100001882,1,7,,0,1,3,26,A01
202100001883,3,7,,0,1,2,1,A01
202100001884,3,7,,0,2,1,5,B01
202100001884,3,7,,0,2,1,1,A01
202100001885,0,7,,0,1,1,19,A01
202100001886,0,7,,3,0,1,1,A01
202100001887,3,1,,0,2,1,1,B01
202100001887,3,7,,0,2,8,1,A01
202100001888,2,7,,0,2,2,26,A01
202100001888,1,7,,0,2,1,0,B01
202100001889,1,7,,0,9,7,1,B01
202100001889,1,1,,0,2,1,1,A01
202100001890,1,7,,0,2,3,15,B01
202100001890,1,7,,6,2,2,21,A01
202100001891,1,7,,0,2,6,1,B01
202100001891,1,7,,0,2,2,26,A01
202100001892,3,7,,0,1,1,1,A01
202100001893,2,30,,2,0,3,26,A01
202100001894,1,7,,15,1,2,15,A01
202100001894,1,7,,15,1,5,23,B01
202100001895,0,7,,0,2,3,2,A01
202100001895,0,1,,0,0,0,0,B01
202100001896,1,33,,0,2,2,1,B01
202100001896,1,7,,0,2,3,12,A01
202100001897,3,7,,0,1,1,1,A01
202100001898,2,14,,0,2,3,1,B01
202100001898,1,7,,0,2,1,13,A01
202100001899,2,7,,0,2,6,23,C01
202100001899,2,33,,0,2,4,23,B01
202100001899,2,31,,0,2,1,1,A01
202100001900,1,7,,2,0,2,21,A01
202100001901,2,7,,4,2,9,16,A01
202100001901,2,7,,4,2,8,1,B01
202100001902,1,32,,0,2,4,7,A01
202100001902,1,7,,0,2,1,16,B01
202100001903,1,31,,14,0,1,14,A01
202100001904,2,50,,0,1,0,25,A01
202100001905,1,10,,0,2,3,15,A01
202100001905,1,7,,0,2,2,1,B01
202100001906,1,50,,0,0,1,1,A01
202100001907,2,32,,0,2,1,1,B01
202100001907,1,7,,0,2,2,15,A01
202100001908,2,7,,0,2,7,11,A01
202100001908,2,2,,0,2,3,11,B01
202100001909,2,7,,0,1,2,26,A01
202100001910,2,1,,0,2,6,1,B01
202100001910,2,7,,0,9,1,1,A01
202100001911,2,7,,0,2,1,1,A01
202100001911,2,7,,0,2,8,2,B01
202100001912,2,33,,0,2,3,1,B01
202100001912,1,7,,0,2,3,15,A01
202100001913,3,33,,0,2,1,1,B01
202100001913,3,10,,0,2,2,5,A01
202100001914,3,10,,0,1,1,15,A01
202100001915,2,7,,6,0,2,14,A01
202100001916,-1,3,,0,2,4,2,B01
202100001916,-1,3,,0,2,1,23,A01
202100001917,2,7,,0,2,1,9,A01
202100001917,3,2,,0,2,7,0,B01
202100001918,2,2,,0,2,3,26,A01
202100001918,2,7,,0,2,1,26,B01
202100001919,1,33,,0,2,7,2,B01
202100001919,1,7,,0,2,8,11,A01
202100001920,2,7,,0,1,1,1,A01
202100001921,3,7,,0,2,1,16,A01
202100001921,3,10,,0,0,0,0,B01
202100001922,1,7,,0,2,1,1,A01
202100001922,1,50,,0,2,8,19,B01
202100001923,0,34,,0,0,8,1,A01
202100001924,1,7,,0,2,6,23,A01
202100001924,1,7,,1,0,2,0,B01
202100001925,2,33,,0,2,1,1,B01
202100001925,1,7,,0,2,5,15,A01
202100001926,1,7,,0,2,1,17,A01
202100001926,2,2,,0,2,1,1,B01
202100001927,2,14,,0,1,2,1,A01
202100001928,0,7,,2,0,3,1,A01
202100001929,2,7,,0,2,1,2,A01
202100001929,2,7,,0,2,4,15,B01
202100001930,1,7,,0,2,1,1,B01
202100001930,2,7,,0,2,1,13,A01
202100001931,2,7,,13,0,1,1,A01
202100001932,1,7,,0,2,3,0,A01
202100001932,2,7,,0,2,3,0,B01
202100001933,2,7,,0,1,2,2,A01
202100001934,2,7,,0,2,1,1,B01
202100001934,1,10,,0,2,1,1,A01
202100001935,0,0,,0,0,0,0,B01
202100001936,2,15,,0,2,3,1,B01
202100001936,1,7,,0,2,1,13,A01
202100001937,1,7,,15,0,9,1,A01
202100001938,2,10,,0,1,3,9,A01
202100001939,1,7,,0,1,1,13,A01
202100001940,1,33,,8,0,8,13,A01
202100001941,1,7,,0,2,1,1,A01
202100001941,1,15,,0,0,4,1,B01
202100001942,1,10,,0,1,2,1,A01
202100001943,2,7,,8,0,3,1,A01
202100001944,2,7,,16,0,0,1,A01
202100001945,1,7,,0,2,1,15,A01
202100001945,2,7,,0,2,2,1,B01
202100001946,2,2,,0,6,1,0,A01
202100001947,1,2,,0,2,1,0,A01
202100001947,2,7,,0,2,3,0,B01
202100001948,2,15,,0,2,6,13,A01
202100001948,2,10,,3,2,2,17,B01
202100001949,3,7,,6,0,1,1,A01
202100001950,1,7,,0,0,7,1,A01
202100001951,0,7,,0,2,8,16,A01
202100001951,1,7,,0,2,1,1,B01
202100001952,1,7,,0,2,1,15,A01
202100001952,2,7,,0,2,1,1,B01
202100001952,1,14,,0,2,3,1,C01
202100001953,3,7,,0,2,3,1,A01
202100001953,3,2,,0,2,1,1,B01
202100001954,1,33,,12,0,7,1,A01
202100001955,2,7,,0,2,2,1,B01
202100001955,1,7,,0,2,3,15,A01
202100001956,3,15,,0,2,3,23,C01
202100001956,2,15,,0,2,5,15,A01
202100001956,1,7,,0,2,1,1,B01
202100001957,1,7,,0,2,1,1,C01
202100001957,1,7,,0,2,6,1,B01
202100001957,2,7,,0,2,3,13,A01
202100001958,1,15,,8,0,1,1,A01
202100001959,2,7,,2,0,7,14,A01
202100001960,1,7,,0,2,3,5,A01
202100001960,2,33,,0,0,8,1,B01
202100001961,1,10,,0,2,1,15,A01
202100001961,2,2,,0,2,1,1,B01
202100001962,2,7,,4,0,3,1,A01
202100001963,1,7,,0,2,3,13,A01
202100001963,2,10,,13,2,8,1,B01
202100001964,1,7,,0,2,2,5,A01
202100001964,2,7,,0,2,1,1,B01
202100001965,1,39,,0,1,2,0,A01
202100001966,2,7,,2,0,1,1,A01
202100001967,1,14,,0,2,3,1,B01
202100001967,2,7,,0,2,3,13,A01
202100001968,1,7,,0,2,2,1,B01
202100001968,1,7,,0,0,7,15,A01
202100001969,2,7,,0,0,3,23,A01
202100001969,2,7,,1,0,2,2,B01
202100001970,1,7,,0,2,4,26,A01
202100001970,1,7,,0,2,0,26,B01
202100001971,1,34,,3,0,7,1,A01
202100001972,1,7,,0,2,1,2,B01
202100001972,1,7,,0,2,4,2,A01
202100001973,2,10,,0,2,7,21,A01
202100001973,2,7,,0,2,8,1,B01
202100001974,1,7,,0,2,1,1,B01
202100001974,1,7,,0,2,4,1,A01
202100001975,1,10,,0,2,1,1,B01
202100001975,1,7,,0,2,4,1,A01
202100001976,1,7,,0,2,4,2,A01
202100001976,1,7,,0,2,1,2,C01
202100001976,1,7,,0,2,4,2,B01
202100001977,2,7,,4,0,4,23,B01
202100001977,2,10,,14,0,1,1,A01
202100001978,2,33,,0,2,1,11,A01
202100001978,2,7,,0,2,4,1,B01
202100001979,2,10,,0,2,1,2,A01
202100001979,2,7,,0,2,4,2,B01
202100001979,2,7,,0,2,4,2,C01
202100001980,2,17,,16,0,7,26,A01
202100001981,2,7,,0,2,4,1,B01
202100001981,2,33,,0,2,1,3,A01
202100001982,2,7,,0,2,1,2,A01
202100001982,2,10,,0,2,5,2,B01
202100001983,1,10,,0,2,6,26,A01
202100001983,1,10,,0,2,2,1,B01
202100001984,2,1,,0,2,9,1,B01
202100001984,2,7,,0,2,1,16,A01
202100001985,2,7,,3,0,2,14,A01
202100001986,1,7,,0,1,5,26,B01
202100001986,1,30,,0,2,1,1,A01
202100001987,2,32,,0,2,3,1,A01
202100001987,1,30,,0,2,2,1,B01
202100001988,3,7,,0,2,1,10,A01
202100001988,3,30,,0,2,1,1,B01
202100001989,1,30,,0,2,2,1,B01
202100001989,1,30,,0,2,4,15,A01
202100001990,1,33,,0,2,0,1,B01
202100001990,2,10,,0,0,1,16,A01
202100001991,3,40,,0,1,3,1,T01
202100001992,1,7,,0,2,1,0,A01
202100001992,1,7,,0,2,4,23,B01
202100001992,1,7,,0,2,4,23,C01
202100001992,1,7,,0,2,4,23,D01