Num_Acc,senc,catv,occutc,obs,obsm,choc,manv,num_veh
202100001993,3,32,,0,2,3,1,B01
202100001993,3,7,,0,2,2,15,A01
202100001994,1,10,,0,1,3,1,A01
202100001995,0,7,,0,2,1,1,A01
202100001995,0,1,,0,2,8,15,B01
202100001996,1,7,,0,2,2,1,A01
202100001996,2,50,,0,2,1,14,B01
202100001997,1,7,,0,1,1,1,A01
202100001998,0,33,,0,2,2,19,A01
202100001998,0,7,,0,2,3,1,B01
202100001999,1,7,,0,1,4,1,A01
202100001999,1,7,,0,2,1,2,B01
202100002000,1,15,,0,2,2,15,A01
202100002000,2,2,,0,2,1,1,B01
202100002001,3,33,,8,1,0,17,A01
202100002002,3,30,,0,2,1,26,A01
202100002002,0,10,,0,2,3,9,B01
202100002003,2,7,,0,2,1,16,B01
202100002003,2,7,,0,2,2,1,A01
202100002004,1,7,,0,2,2,1,A01
202100002004,2,7,,0,2,1,1,B01
202100002005,1,7,,1,0,8,14,A01
202100002006,1,7,,13,2,1,14,A01
202100002007,1,1,,1,2,2,15,A01
202100002007,2,7,,0,2,1,16,Z01
202100002008,2,33,,0,2,3,18,A01
202100002008,2,7,,0,2,2,14,B01
202100002009,1,7,,0,2,2,2,B01
202100002009,2,7,,0,2,3,9,A01
202100002010,1,7,,0,2,7,9,A01
202100002010,1,1,,0,2,3,9,B01
202100002011,1,7,,0,2,1,1,B01
202100002011,2,7,,0,2,1,26,A01
202100002012,2,7,,2,0,1,26,A01
202100002013,2,7,,0,2,1,26,A01
202100002014,3,33,,0,2,1,1,A01
202100002014,3,7,,0,2,2,15,B01
202100002015,1,7,,0,1,1,15,A01
202100002016,2,7,,0,2,4,2,D01
202100002016,2,7,,0,2,4,2,C01
202100002016,2,7,,0,2,4,2,B01
202100002016,2,10,,0,2,1,1,A01
202100002017,3,7,,2,1,1,13,A01
202100002018,1,7,,0,1,2,26,A01
202100002019,1,7,,0,2,2,9,A01
202100002019,1,7,,0,2,3,1,B01
202100002020,2,7,,0,2,8,15,B01
202100002020,2,1,,0,2,1,1,A01
202100002021,3,15,,0,1,0,1,A01
202100002022,2,7,,0,2,1,9,A01
202100002022,2,7,,0,2,9,23,B01
202100002022,2,7,,0,2,5,23,C01
202100002023,0,1,,0,2,3,26,B01
202100002023,2,7,,0,2,3,2,A01
202100002024,2,7,,6,0,3,26,A01
202100002025,2,7,,0,2,1,5,A01
202100002025,1,7,,0,2,1,1,B01
202100002026,2,30,,0,2,1,1,B01
202100002026,2,7,,0,2,8,15,A01
202100002027,1,7,,0,5,1,1,A01
202100002028,1,7,,0,2,1,1,B01
202100002028,1,7,,0,2,3,1,A01
202100002029,2,37,3.0,0,0,0,1,A01
202100002030,0,7,,0,2,1,3,A01
202100002030,0,37,6.0,0,2,3,1,B01
202100002031,3,32,,13,0,7,1,A01
202100002032,0,10,,0,1,0,1,A01
202100002033,2,7,,6,0,1,15,A01
202100002034,1,15,,2,0,3,14,A01
202100002035,2,2,,7,2,1,1,A01
202100002035,1,2,,0,2,1,1,Z01
202100002036,2,7,,0,9,1,9,A01
202100002036,2,80,,0,2,4,1,B01
202100002037,2,7,,0,2,1,1,A01
202100002037,2,7,,0,2,4,23,B01
202100002037,2,7,,0,2,4,23,C01
202100002038,1,14,,0,2,3,2,A01
202100002038,1,7,,0,2,6,1,B01
202100002038,1,33,,0,2,7,3,C01
202100002039,1,7,,0,2,4,2,C01
202100002039,1,7,,0,2,1,2,B01
202100002039,1,7,,0,2,1,2,A01
202100002040,1,7,,12,1,2,14,A01
202100002041,1,43,,0,1,2,1,A01
202100002042,1,10,,0,2,3,9,B01
202100002042,2,32,,0,2,1,17,A01
202100002043,2,7,,2,0,3,21,A01
202100002044,2,32,,0,2,0,21,B01
202100002044,1,7,,0,2,0,15,A01
202100002045,3,7,,0,2,8,1,B01
202100002045,3,50,,0,2,1,1,A01
202100002046,1,1,,0,2,1,1,A01
202100002046,2,50,,0,2,1,1,Z01
202100002047,2,33,,0,1,1,1,A01
202100002048,3,1,,0,1,1,25,A01
202100002049,3,7,,0,2,1,1,A01
202100002049,3,7,,1,0,7,0,B01
202100002050,0,10,,2,0,1,0,A01
202100002051,2,10,,0,2,1,2,C01
202100002051,2,7,,0,2,4,1,B01
202100002051,2,7,,0,2,4,16,A01
202100002052,1,7,,0,2,3,1,B01
202100002052,1,1,,0,2,1,1,A01
202100002053,0,7,,1,0,2,2,A01
202100002054,2,7,,1,2,2,17,A01
202100002054,2,7,,0,2,8,1,B01
202100002054,2,7,,0,2,4,24,D01
202100002055,1,7,,0,2,3,1,A01
202100002055,0,50,,0,2,2,17,B01
202100002056,1,10,,0,1,2,1,A01
202100002057,-1,7,,0,2,8,15,A01
202100002057,-1,32,,0,2,2,1,B01
202100002058,2,30,,0,1,1,1,A01
202100002059,1,7,,0,1,2,1,A01
202100002060,3,7,,0,2,0,0,B01
202100002060,3,50,,0,2,3,1,A01
202100002061,1,7,,0,1,3,2,A01
202100002062,2,10,,0,0,6,23,B01
202100002062,2,1,,1,0,1,1,A01
202100002063,0,7,,0,0,4,1,B01
202100002063,3,2,,0,2,1,2,A01
202100002064,2,33,,15,0,1,1,A01
202100002065,1,7,,13,0,1,14,A01
202100002066,2,7,,1,0,1,13,A01
202100002067,1,7,,0,2,1,1,B01
202100002067,2,10,,0,2,1,17,A01
202100002068,3,2,,1,0,7,1,A01
202100002069,1,7,,0,2,2,1,C01
202100002069,1,7,,0,2,1,1,B01
202100002069,2,7,,0,2,1,13,A01
202100002070,1,10,,0,9,0,0,A01
202100002070,1,1,,0,9,1,2,B01
202100002071,2,7,,13,0,9,17,A01
202100002072,1,2,,13,0,0,13,A01
202100002073,1,7,,0,2,3,1,B01
202100002073,2,10,,0,2,3,13,A01
202100002074,3,7,,0,0,6,0,C01
202100002074,3,7,,0,0,2,0,B01
202100002074,3,7,,0,0,3,0,A01
202100002075,1,7,,0,2,3,9,A01
202100002075,2,2,,0,2,1,1,B01
202100002076,1,7,,13,0,0,1,A01
202100002077,0,7,,13,0,3,17,A01
202100002078,3,10,,0,1,1,15,A01
202100002079,2,7,,0,0,1,1,A01
202100002079,1,10,,0,0,1,1,B01
202100002080,2,10,,0,1,1,0,A01
202100002081,2,7,,0,2,3,15,B01
202100002081,2,31,,13,9,1,17,A01
202100002082,1,7,,0,2,4,24,C01
202100002082,1,7,,1,0,3,13,A01
202100002083,2,7,,13,0,9,14,A01
202100002084,1,7,,0,2,3,1,A01
202100002084,2,7,,0,2,3,1,B01
202100002084,1,7,,0,2,2,1,C01
202100002085,0,7,,8,0,0,1,A01
202100002086,1,7,,0,2,1,1,B01
202100002086,2,7,,0,2,1,17,A01
202100002087,1,2,,8,0,3,1,A01
202100002088,2,7,,0,2,3,0,A01
202100002088,1,10,,0,2,3,1,B01
202100002088,2,7,,0,2,1,0,C01
202100002089,2,10,,0,2,2,1,B01
202100002089,2,10,,0,2,3,11,A01
202100002090,2,7,,0,2,2,1,A01
202100002090,3,10,,14,0,2,19,B01
202100002091,1,7,,13,0,1,2,A01
202100002092,1,7,,0,0,6,11,A01
202100002092,1,7,,0,2,2,1,B01
202100002092,1,7,,0,2,2,1,C01
202100002093,1,14,,0,2,3,1,A01
202100002093,2,10,,0,2,1,5,B01
202100002094,3,1,,0,2,8,19,A01
202100002094,3,14,,0,9,1,1,B01
202100002095,2,7,,3,0,3,16,A01
202100002096,2,7,,3,2,4,2,A01
202100002096,2,7,,0,2,1,2,B01
202100002096,2,15,,0,0,8,1,C01
202100002097,1,31,,0,2,8,5,A01
202100002097,2,7,,0,2,8,21,B01
202100002098,1,33,,0,2,1,1,A01
202100002098,0,7,,0,9,8,15,B01
202100002099,1,7,,0,2,6,17,A01
202100002099,1,33,,0,2,1,17,B01
202100002100,1,7,,0,2,3,1,B01
202100002100,1,7,,0,0,8,15,A01
202100002101,3,7,,2,0,1,0,A01
202100002102,1,31,,0,0,7,0,A01
202100002103,1,7,,13,0,1,1,A01
202100002104,1,2,,0,0,2,0,A01
202100002105,1,7,,2,0,1,5,A01
202100002106,1,7,,0,2,1,15,A01
202100002106,2,7,,0,2,1,1,B01
202100002107,1,7,,0,1,5,1,A01
202100002108,3,2,,0,0,1,1,A01
202100002109,2,17,,0,2,5,16,A01
202100002109,2,80,,0,2,3,1,B01
202100002110,1,7,,0,2,9,26,D01
202100002110,1,7,,0,2,9,0,C01
202100002110,1,7,,0,2,9,26,B01
202100002110,1,7,,0,2,4,26,A01
202100002111,1,7,,6,0,1,0,A01
202100002112,1,10,,0,2,7,1,A01
202100002112,1,37,1.0,0,2,2,1,B01
202100002113,1,7,,0,2,1,2,A01
202100002113,1,10,,0,2,4,2,B01
202100002113,1,10,,0,2,4,2,C01
202100002113,1,7,,0,2,4,2,D01
202100002113,1,7,,0,2,4,2,E01
202100002114,2,7,,4,0,3,21,A01
202100002115,2,7,,4,0,8,13,A01
202100002116,1,33,,4,2,9,26,A01
202100002117,3,10,,0,2,7,1,A01
202100002117,3,33,,0,2,1,1,B01
202100002118,3,7,,6,0,9,21,A01
202100002119,2,7,,0,1,3,25,A01
202100002120,2,7,,0,2,1,0,A01
202100002120,1,7,,0,2,1,1,B01
202100002120,2,7,,0,2,6,0,C01
202100002121,3,30,,0,2,1,1,B01
202100002121,3,30,,0,2,1,1,A01
202100002122,1,7,,8,0,1,26,A01
202100002123,2,7,,0,2,3,15,A01
202100002123,1,7,,0,2,2,1,B01
202100002124,1,7,,0,2,2,20,A01
202100002124,1,7,,0,2,6,24,B01
202100002124,1,7,,0,2,2,1,Z01
202100002125,2,7,,1,0,1,19,A01
202100002126,2,7,,0,2,1,15,A01
202100002126,1,1,,0,2,7,1,B01
202100002127,1,60,,0,2,1,26,B01
202100002127,2,7,,0,9,2,1,A01
202100002128,1,30,,14,0,1,1,A01
202100002129,3,7,,0,2,3,15,A01
202100002129,2,2,,0,2,7,1,B01
202100002130,0,10,,0,2,3,1,C01
202100002130,0,7,,0,2,2,1,A01
202100002130,0,7,,0,2,5,1,B01
202100002131,1,7,,0,2,3,13,A01
202100002131,2,7,,0,2,3,1,B01
202100002132,1,32,,6,0,3,26,A01
202100002133,1,31,,0,2,1,26,A01
202100002133,2,7,,0,2,1,15,B01
202100002134,2,7,,0,2,2,15,B01
202100002134,1,1,,0,2,3,1,A01
202100002135,3,7,,0,2,1,0,B01
202100002135,3,30,,0,2,2,15,A01
202100002136,3,7,,16,0,9,13,A01
202100002137,2,7,,0,2,1,1,A01
202100002137,2,7,,0,2,4,23,B01
202100002138,2,10,,0,2,1,1,A01
202100002138,2,30,,0,2,4,1,B01
202100002139,1,7,,0,2,3,13,A01
202100002139,2,7,,0,2,3,1,B01
202100002140,3,7,,0,0,0,0,A01
202100002140,3,7,,0,0,0,0,B01
202100002141,3,10,,0,2,6,19,B01
202100002141,2,33,,0,9,3,17,A01
202100002142,1,7,,0,2,5,15,A01
202100002142,1,33,,0,2,1,1,B01
202100002143,3,99,,12,0,0,1,A01
202100002144,1,7,,0,2,5,0,A01
202100002144,1,7,,0,2,1,0,B01
202100002145,1,7,,0,2,3,0,A01
202100002145,2,7,,0,2,8,0,B01
202100002146,2,7,,0,2,5,23,B01
202100002146,2,7,,0,2,1,2,A01
202100002147,3,2,,0,2,8,1,B01
202100002147,3,10,,0,2,1,1,A01
202100002148,1,30,,0,2,1,1,B01
202100002148,2,7,,0,2,2,15,A01
202100002149,3,7,,0,2,3,2,B01
202100002149,3,33,,0,2,1,13,A01
202100002150,3,7,,0,1,1,1,A01
202100002151,2,7,,0,0,6,1,B01
202100002151,2,7,,0,2,2,2,A01
202100002152,1,32,,0,2,2,3,A01
202100002152,1,7,,0,2,8,11,B01
202100002153,1,33,,0,2,3,3,A01
202100002153,1,7,,0,2,5,12,B01
202100002154,1,7,,0,1,3,1,A01
202100002155,1,50,,12,0,2,14,A01
202100002156,3,7,,0,2,1,15,B01
202100002156,3,7,,0,2,4,15,A01
202100002157,1,7,,0,2,2,15,A01
202100002157,2,33,,0,2,8,1,B01
202100002158,2,7,,0,2,2,15,A01
202100002158,1,7,,0,2,3,1,B01
202100002158,1,7,,0,2,5,23,C01
202100002158,1,7,,0,2,4,23,D01
202100002159,3,7,,0,2,3,19,A01
202100002159,3,7,,0,2,2,1,B01
202100002160,1,7,,0,2,1,1,A01
202100002160,1,7,,0,2,7,15,Z01
202100002161,1,10,,0,2,7,1,A01
202100002161,1,7,,0,2,3,1,B01
202100002162,1,7,,0,2,1,0,C01
202100002162,1,10,,0,2,7,1,B01
202100002162,2,7,,1,2,1,26,A01
202100002163,2,7,,15,0,2,1,A01
202100002164,1,7,,0,2,1,1,B01
202100002164,1,7,,0,2,1,9,A01
202100002164,1,7,,3,2,4,9,C01
202100002165,2,7,,2,0,1,0,A01
202100002166,1,7,,13,0,2,14,A01
202100002167,1,7,,6,0,2,2,A01
202100002168,1,7,,9,0,9,1,A01
202100002169,2,14,,3,0,8,1,A01
202100002170,2,7,,4,0,1,0,A01
202100002171,2,2,,0,0,0,1,A01
202100002172,2,2,,0,2,1,13,A01
202100002172,1,15,,0,2,1,21,B01
202100002173,1,2,,0,2,7,2,A01
202100002174,2,15,,12,0,8,1,A01
202100002175,1,7,,0,1,2,1,A01
202100002176,2,7,,0,2,1,1,A01
202100002176,1,7,,0,2,3,1,B01
202100002177,0,1,,0,0,4,2,B01
202100002177,3,10,,0,9,2,2,A01
202100002178,2,7,,13,0,1,1,A01
202100002179,2,7,,13,0,2,0,A01
202100002180,2,7,,0,0,1,1,A01
202100002181,0,7,,0,2,1,1,B01
202100002181,0,7,,0,2,2,1,A01
202100002182,1,7,,8,0,9,1,A01
202100002183,1,7,,0,2,1,13,A01
202100002183,2,7,,0,2,1,1,B01
202100002184,1,7,,0,2,3,13,A01
202100002184,1,7,,0,2,3,1,B01
202100002185,1,2,,0,1,1,1,A01
202100002186,2,7,,0,0,9,17,A01
202100002187,2,7,,6,0,1,17,A01
202100002188,2,7,,0,2,3,1,B01
202100002188,1,7,,0,2,1,0,A01
202100002189,1,7,,13,0,2,1,A01
202100002190,1,7,,0,2,2,15,A01
202100002190,2,14,,0,2,3,1,B01
202100002191,1,7,,13,0,2,1,A01
202100002192,2,1,,0,2,1,1,B01
202100002192,1,10,,0,9,1,15,A01
202100002193,3,7,,0,2,3,0,A01
202100002193,0,33,,0,2,1,0,B01
202100002194,1,7,,0,2,5,5,A01
202100002194,2,2,,0,2,1,5,B01
202100002195,1,7,,0,2,3,1,B01
202100002195,2,7,,0,2,1,13,A01
202100002196,2,7,,0,2,7,15,A01
202100002196,1,31,,0,2,1,1,B01
202100002197,2,1,,0,2,0,15,B01
202100002197,2,7,,0,9,2,17,A01
202100002198,2,7,,3,0,1,1,A01
202100002199,2,7,,0,2,3,11,A01
202100002199,2,32,,16,2,8,1,B01
202100002200,2,10,,6,0,2,13,A01
202100002201,2,7,,0,2,6,1,C01
202100002201,2,7,,0,2,1,1,B01
202100002201,1,7,,0,2,7,11,A01
202100002202,1,10,,0,1,8,1,A01
202100002203,1,7,,0,2,3,13,A01
202100002203,2,7,,0,2,8,1,B01
202100002203,2,7,,0,2,1,1,C01
202100002204,2,7,,0,2,3,1,B01
202100002204,1,7,,0,2,3,13,A01
202100002205,0,7,,0,2,1,1,A01
202100002205,0,7,,0,2,5,9,B01
202100002206,1,7,,13,9,1,1,A01
202100002207,1,7,,0,1,1,1,A01
202100002208,3,7,,14,0,1,6,A01
202100002209,3,7,,13,0,1,0,A01
202100002210,0,7,,0,1,2,1,A01
202100002211,1,7,,0,2,6,23,A01
202100002211,1,7,,1,0,2,12,B01
202100002211,1,7,,0,2,2,1,C01
202100002211,1,33,,0,2,4,1,D01
202100002212,1,7,,0,2,2,2,B01
202100002212,1,7,,0,2,3,1,A01
202100002213,1,10,,0,2,6,1,B01
202100002213,1,7,,4,2,2,17,A01
202100002214,1,7,,0,2,4,2,B01
202100002214,1,7,,0,2,1,2,A01
202100002215,2,7,,0,2,1,1,A01
202100002215,2,10,,0,2,4,1,B01
202100002215,0,7,,0,0,4,1,C01
202100002216,1,7,,0,2,2,1,A01
202100002216,1,7,,4,0,6,2,B01
202100002217,1,7,,0,2,1,1,A01
202100002217,1,7,,0,2,4,1,B01
202100002218,2,7,,0,2,1,1,A01
202100002218,2,7,,0,2,4,1,B01
202100002219,1,7,,0,2,2,12,A01
202100002219,1,33,,0,2,3,3,B01
202100002219,1,0,,0,2,0,0,Z01
202100002220,1,7,,0,2,4,1,A01
202100002220,1,7,,0,2,1,1,B01
202100002221,2,7,,0,2,6,1,A01
202100002221,2,33,,0,2,2,21,B01
202100002222,1,7,,0,9,1,1,A01
202100002222,1,2,,0,2,1,0,B01
202100002223,1,7,,0,2,1,19,A01
202100002223,1,7,,0,2,4,1,B01
202100002224,1,7,,0,2,4,2,A01
202100002224,1,33,,0,2,1,2,B01
202100002225,3,60,,0,2,0,0,B01
202100002225,3,0,,0,2,0,26,A01
202100002226,2,7,,0,2,1,2,B01
202100002226,2,33,,0,2,4,2,A01
202100002227,0,7,,0,2,1,1,B01
202100002227,1,7,,0,2,1,15,A01
202100002228,1,7,,0,2,1,15,A01
202100002228,2,33,,0,2,1,1,B01
202100002229,3,32,,8,0,8,13,A01
202100002230,1,7,,0,2,1,1,B01
202100002230,1,7,,0,2,4,1,A01
202100002231,3,7,,0,1,8,15,A01
202100002232,2,7,,0,1,1,1,A01
202100002233,2,7,,0,1,2,15,A01
202100002234,1,7,,0,2,2,17,A01
202100002234,1,30,,0,2,1,10,B01
202100002235,3,7,,0,2,1,1,B01
202100002235,3,7,,0,2,8,1,A01
202100002236,1,7,,0,2,5,10,A01
202100002236,2,31,,0,2,1,1,B01
202100002237,3,7,,0,2,1,1,B01
202100002237,3,1,,0,2,8,19,A01
202100002238,1,30,,0,2,1,19,A01
202100002238,2,7,,0,2,7,1,B01
202100002239,3,30,,0,2,0,0,B01
202100002239,1,7,,0,2,1,9,Z01
202100002240,1,7,,0,2,4,13,B01
202100002240,1,7,,0,2,1,13,A01
202100002241,2,7,,0,9,3,1,A01
202100002241,1,50,,0,2,3,0,B01
202100002242,2,7,,0,2,8,2,D01
202100002242,2,37,1.0,0,2,6,1,C01
202100002242,2,7,,0,2,6,2,B01
202100002242,2,7,,0,2,1,17,A01
202100002243,2,7,,9,0,3,1,A01
202100002244,1,7,,0,2,1,1,A01
202100002244,1,7,,0,2,4,1,B01
202100002245,1,7,,6,0,1,0,A01
202100002246,1,10,,0,1,2,2,A01
202100002247,1,7,,4,2,3,13,A01
202100002248,1,7,,0,2,1,2,A01
202100002248,1,7,,0,2,4,2,B01
202100002248,1,7,,0,2,4,2,C01
202100002249,3,7,,0,1,1,1,A01
202100002250,2,7,,2,0,3,25,A01
202100002251,2,32,,0,2,1,26,A01
202100002251,2,1,,0,2,8,10,B01
202100002252,2,7,,0,2,3,9,A01
202100002252,2,7,,0,2,2,1,B01
202100002253,1,7,,0,1,2,9,A01
202100002254,1,7,,0,1,1,9,A01
202100002255,3,31,,0,2,1,1,B01
202100002255,3,7,,0,2,1,13,A01
202100002256,3,7,,0,1,3,21,A01
202100002257,1,34,,0,2,4,1,A01
202100002257,0,10,,0,0,0,0,Z01
202100002258,3,7,,0,2,8,9,A01
202100002258,2,7,,0,2,1,1,B01
202100002259,1,37,1.0,0,1,3,1,A01
202100002260,1,7,,0,2,4,2,B01
202100002260,1,7,,0,2,1,2,A01
202100002261,2,7,,0,1,2,1,A01
202100002262,1,10,,0,1,3,15,A01
202100002263,2,7,,0,2,2,12,B01
202100002263,2,33,,0,2,3,3,A01
202100002264,1,10,,0,2,7,14,B01
202100002264,1,10,,0,2,0,1,C01
202100002264,1,33,,0,2,8,3,A01
202100002265,1,7,,0,2,2,16,Z01
202100002265,1,1,,0,2,3,1,A01
202100002266,2,7,,0,1,1,1,Z01
202100002267,1,43,,0,2,1,1,A01
202100002267,1,32,,0,2,4,23,B01
202100002268,1,33,,0,2,1,1,B01
202100002268,1,7,,0,2,3,10,A01
202100002269,2,37,1.0,0,1,2,1,A01
202100002270,2,7,,0,2,8,15,B01
202100002270,1,7,,0,2,1,1,A01
202100002271,2,2,,0,0,0,21,A01
202100002272,3,7,,0,2,2,23,B01
202100002272,3,34,,0,2,1,21,Z01
202100002272,3,50,,0,2,1,1,A01
202100002273,2,32,,0,1,1,1,A01
202100002274,3,7,,0,2,0,1,A01
202100002274,3,33,,0,2,0,21,B01
202100002275,2,7,,6,2,2,1,B01
202100002275,2,7,,0,2,3,1,A01
202100002276,2,7,,0,1,2,1,A01
202100002277,1,7,,0,2,8,15,A01
202100002277,1,33,,0,2,7,0,B01
202100002278,2,7,,0,2,2,1,B01
202100002278,1,7,,0,2,3,1,A01
202100002279,3,7,,0,2,1,1,A01
202100002279,3,7,,0,2,1,15,B01
202100002280,2,7,,0,9,3,9,A01
202100002280,3,60,,0,2,1,1,B01
202100002281,1,7,,0,1,2,16,A01
202100002282,-1,7,,9,0,1,26,A01
202100002283,0,7,,0,2,8,1,A01
202100002283,3,34,,0,2,1,1,B01
202100002284,3,34,,0,2,8,1,B01
202100002284,3,7,,0,2,3,9,A01
202100002285,1,7,,0,1,1,1,A01
202100002286,1,10,,0,1,5,2,A01
202100002287,1,7,,0,1,5,1,A01
202100002288,1,7,,0,1,4,20,A01
202100002289,1,7,,15,0,1,1,A01
202100002290,2,10,,0,2,1,15,A01
202100002290,3,30,,0,2,8,1,B01
202100002291,2,2,,0,2,8,1,B01
202100002291,1,7,,0,2,2,15,A01
202100002292,2,30,,0,0,0,1,A01
202100002293,1,1,,0,2,3,1,B01
202100002293,2,7,,0,2,1,1,A01
202100002294,1,33,,0,2,1,1,B01
202100002294,2,10,,0,2,3,15,A01
202100002295,1,7,,0,1,1,16,A01
202100002296,3,3,,0,2,1,5,A01
202100002296,3,7,,0,2,4,4,B01
202100002297,2,7,,1,0,0,0,A01
202100002298,1,7,,16,0,1,1,A01
202100002299,1,7,,0,2,4,0,A01
202100002299,1,7,,0,2,1,0,B01
202100002300,1,7,,6,0,1,1,A01
202100002301,2,3,,0,1,1,1,A01
202100002302,2,7,,0,1,2,1,A01
202100002303,1,7,,3,0,6,1,B01
202100002303,1,7,,0,2,2,1,A01
202100002304,2,7,,3,0,1,1,A01
202100002305,3,99,,0,2,2,1,B01
202100002305,1,34,,0,2,1,1,A01
202100002306,1,7,,13,0,2,1,A01
202100002307,3,50,,0,0,0,16,A01
202100002308,1,10,,0,2,7,1,B01
202100002308,3,7,,0,2,1,19,A01
202100002309,0,7,,6,0,1,0,A01
202100002310,1,7,,0,2,1,1,B01
202100002310,2,10,,0,2,2,11,A01
202100002311,1,10,,2,0,2,1,A01
202100002312,2,7,,0,2,2,13,A01
202100002312,1,7,,0,2,2,1,B01
202100002313,1,33,,3,0,0,0,A01
202100002314,1,7,,0,1,1,0,A01
202100002315,1,7,,13,0,2,1,A01
202100002316,2,31,,0,2,3,1,A01
202100002316,1,7,,0,2,3,15,B01
202100002317,0,1,,0,2,2,1,B01
202100002317,0,7,,0,9,3,0,A01
202100002318,1,33,,13,0,7,17,A01
202100002319,1,7,,0,2,3,16,A01
202100002319,1,7,,0,2,1,17,B01
202100002320,1,7,,0,2,3,1,A01
202100002320,2,7,,0,2,3,1,B01
202100002321,1,7,,0,1,7,1,A01
202100002322,1,7,,0,2,7,1,B01
202100002322,1,7,,0,2,8,9,A01
202100002323,2,7,,14,0,1,1,A01
202100002324,0,7,,2,0,8,1,A01
202100002325,1,7,,0,2,1,1,A01
202100002325,1,10,,0,2,1,1,E01
202100002325,1,10,,0,2,3,1,D01
202100002325,1,16,,0,0,0,1,C01
202100002326,3,7,,0,2,6,1,A01
202100002326,3,32,,0,2,7,2,B01
202100002327,2,7,,0,2,2,1,A01
202100002327,2,15,,0,2,6,1,B01
202100002328,1,1,,0,0,0,1,A01
202100002328,1,0,,0,9,0,0,B01
202100002329,1,10,,0,2,3,14,A01
202100002329,1,7,,0,2,1,1,C01
202100002329,2,10,,0,0,5,0,B01
202100002330,1,15,,0,2,3,1,B01
202100002330,2,10,,0,2,1,13,A01
202100002331,1,7,,0,2,1,1,A01
202100002331,1,7,,0,2,4,1,B01
202100002331,1,7,,0,2,4,1,C01
202100002332,2,7,,0,2,1,13,A01
202100002332,1,33,,0,2,1,1,B01
202100002333,2,7,,0,2,3,17,A01
202100002333,1,7,,13,2,3,1,B01
202100002334,1,7,,8,0,1,1,A01
202100002335,0,10,,0,2,5,20,A01
202100002335,1,34,,0,2,1,20,B01
202100002336,2,43,,0,2,1,1,B01
202100002336,1,7,,0,2,2,15,A01
202100002337,1,7,,0,2,1,1,A01
202100002337,2,7,,0,2,1,17,B01
202100002338,2,7,,0,1,3,1,A01
202100002339,0,7,,0,2,3,9,A01
202100002339,0,7,,0,2,1,1,B01
202100002340,2,2,,0,0,0,1,A01
202100002341,1,7,,0,2,3,26,A01
202100002341,2,7,,0,2,5,1,B01
202100002342,2,7,,0,2,4,1,B01
202100002342,2,10,,0,2,1,12,A01
202100002343,2,10,,0,2,1,2,A01
202100002343,2,33,,0,2,1,2,B01
202100002343,2,7,,0,2,1,2,C01
202100002343,2,7,,0,2,4,2,D01
202100002344,2,7,,0,2,1,2,A01
202100002344,2,7,,0,2,4,2,B01
202100002344,2,7,,0,2,4,2,C01
202100002345,1,33,,13,0,1,14,A01
202100002346,1,7,,0,0,0,26,A01
202100002346,1,7,,3,2,3,0,B01
202100002347,2,7,,0,2,6,1,B01
202100002347,2,33,,0,2,1,3,A01
202100002348,2,7,,0,2,1,2,A01
202100002348,2,7,,0,2,4,1,B01
202100002348,2,10,,0,2,4,1,C01
202100002349,2,3,,0,2,3,11,B01
202100002349,2,33,,0,2,3,0,A01
202100002350,1,17,,0,2,4,1,B01
202100002350,1,10,,0,2,1,1,A01
202100002351,1,33,,0,2,1,21,B01
202100002351,1,7,,0,2,4,1,A01
202100002352,2,7,,0,2,7,12,B01
202100002352,2,33,,0,2,1,3,A01
202100002353,1,15,,1,0,2,1,A01
202100002353,1,7,,1,0,6,24,B01
202100002354,1,7,,0,2,4,1,B01
202100002354,1,7,,0,2,1,1,A01
202100002355,2,7,,0,2,3,26,B01
202100002355,2,7,,0,2,2,12,A01
202100002356,2,7,,3,0,8,23,B01
202100002356,1,37,9.0,3,0,8,10,A01
202100002357,1,7,,8,0,1,26,A01
202100002358,3,32,,0,0,0,0,A01
202100002359,3,7,,0,2,3,1,A01
202100002359,1,50,,0,2,1,1,B01
202100002360,1,10,,0,2,2,1,A01
202100002360,1,7,,0,2,6,1,B01
202100002361,2,40,,0,2,2,1,B01
202100002361,1,7,,11,4,1,1,A01
202100002362,2,80,,0,2,8,25,A01
202100002362,3,7,,0,2,7,26,B01
202100002363,2,7,,0,2,3,16,B01
202100002363,1,99,,0,2,1,1,A01
202100002364,1,10,,0,2,1,9,A01
202100002364,2,30,,0,2,1,9,B01
202100002365,1,7,,0,1,0,1,A01
202100002366,2,32,,6,0,1,1,A01
202100002367,2,10,,0,1,2,26,A01
202100002368,2,7,,0,2,2,3,A01
202100002368,2,1,,0,2,1,1,B01
202100002369,1,7,,6,0,1,13,A01
202100002370,1,7,,0,2,7,12,A01
202100002370,1,2,,0,2,0,2,B01
202100002371,2,32,,0,2,3,19,A01
202100002371,1,37,1.0,0,2,5,19,B01
202100002372,0,30,,0,2,7,15,A01
202100002372,0,7,,0,2,1,1,B01
202100002373,3,7,,0,2,1,2,D01
202100002373,3,10,,0,2,1,2,C01
202100002373,3,10,,0,2,1,2,B01
202100002373,3,10,,0,2,4,1,A01
202100002374,3,7,,0,1,2,26,A01
202100002375,3,10,,0,2,1,17,A01
202100002375,3,33,,0,2,1,1,B01
202100002376,2,7,,0,2,3,15,A01