Num_Acc,senc,catv,occutc,obs,obsm,choc,manv,num_veh
202100002376,2,33,,0,2,1,1,B01
202100002377,1,7,,0,1,4,4,A01
202100002378,3,7,,0,2,0,26,A01
202100002378,1,7,,0,2,1,1,B01
202100002379,0,1,,0,2,1,1,B01
202100002379,0,7,,0,2,1,15,A01
202100002380,0,7,,1,0,0,14,A01
202100002381,2,7,,0,1,2,1,A01
202100002382,2,33,,0,2,1,1,B01
202100002382,2,7,,0,2,3,15,A01
202100002383,2,33,,0,2,1,1,B01
202100002383,3,7,,0,2,3,9,A01
202100002384,3,33,,12,2,2,21,A01
202100002384,3,10,,0,2,2,17,B01
202100002384,3,7,,0,2,2,23,C01
202100002385,3,37,1.0,0,1,2,21,A01
202100002386,3,7,,0,2,2,2,A01
202100002386,3,7,,0,2,6,2,B01
202100002387,2,7,,0,2,4,2,B01
202100002387,2,33,,0,2,1,2,A01
202100002388,3,50,,0,2,1,9,B01
202100002388,3,7,,0,2,8,0,Z01
202100002389,1,7,,0,2,1,11,A01
202100002389,2,7,,0,2,1,1,B01
202100002390,1,7,,0,2,2,11,A01
202100002390,2,7,,0,2,1,1,B01
202100002391,2,7,,8,0,1,14,A01
202100002392,1,7,,0,2,4,2,F01
202100002392,1,7,,0,2,4,2,E01
202100002392,1,7,,0,2,4,2,D01
202100002392,1,7,,0,2,4,2,C01
202100002392,1,7,,0,2,4,2,B01
202100002392,1,7,,0,2,1,2,A01
202100002393,2,7,,0,2,4,2,B01
202100002393,2,7,,0,2,1,2,Z01
202100002394,1,7,,0,4,7,23,A01
202100002394,3,39,,0,4,1,1,B01
202100002395,2,7,,0,1,2,1,A01
202100002396,3,7,,0,2,1,9,A01
202100002396,3,7,,0,2,8,1,B01
202100002397,1,1,,0,0,0,1,A01
202100002398,2,7,,0,1,1,1,A01
202100002399,1,7,,0,1,3,13,A01
202100002400,2,33,,0,1,2,21,A01
202100002401,1,7,,0,1,8,1,A01
202100002402,3,50,,6,2,0,23,D01
202100002402,3,7,,0,2,1,23,C01
202100002402,3,10,,0,2,2,26,A01
202100002402,3,7,,0,2,3,1,B01
202100002403,1,2,,0,2,1,1,B01
202100002403,1,7,,0,2,6,15,A01
202100002404,2,7,,0,2,1,13,A01
202100002404,1,7,,0,2,1,1,B01
202100002405,1,7,,0,9,3,1,A01
202100002405,1,1,,0,2,7,1,B01
202100002406,1,50,,0,2,1,1,B01
202100002406,1,7,,0,9,8,1,A01
202100002407,1,7,,0,2,6,13,A01
202100002407,1,33,,0,2,1,2,B01
202100002408,2,7,,0,1,1,9,A01
202100002409,2,10,,0,2,1,20,A01
202100002409,2,2,,0,2,9,1,B01
202100002410,2,37,1.0,0,1,2,1,A01
202100002411,1,7,,0,2,1,15,A01
202100002411,2,7,,0,2,1,15,C01
202100002411,2,7,,0,2,1,15,B01
202100002412,2,10,,0,2,7,16,A01
202100002412,2,50,,0,2,1,1,B01
202100002413,2,7,,0,2,2,1,A01
202100002413,1,2,,0,2,6,1,B01
202100002414,1,7,,0,2,1,2,C01
202100002414,1,7,,0,2,4,2,B01
202100002414,1,7,,0,2,1,2,A01
202100002415,1,2,,0,2,6,26,B01
202100002415,1,7,,0,2,3,26,A01
202100002416,2,7,,0,1,1,1,A01
202100002417,1,7,,0,2,4,1,C01
202100002417,1,10,,0,2,4,1,B01
202100002417,1,7,,0,2,1,1,A01
202100002418,1,7,,0,2,2,16,A01
202100002418,1,31,,0,2,2,16,B01
202100002419,3,1,,0,2,1,1,B01
202100002419,0,7,,0,9,1,15,A01
202100002420,3,7,,0,1,5,13,A01
202100002421,1,10,,0,1,2,0,B01
202100002422,3,7,,0,1,1,17,A01
202100002423,3,7,,10,2,0,6,A01
202100002423,3,10,,0,2,0,1,D01
202100002423,3,10,,0,2,0,1,C01
202100002423,3,32,,0,2,0,1,B01
202100002424,1,32,,0,2,1,1,A01
202100002424,2,7,,0,2,1,15,B01
202100002425,0,7,,0,1,1,19,A01
202100002426,2,7,,0,0,0,5,A01
202100002426,1,7,,0,2,0,1,B01
202100002426,1,10,,0,2,4,2,C01
202100002426,1,7,,0,2,1,2,D01
202100002427,1,7,,0,2,2,1,B01
202100002427,2,7,,0,2,3,9,A01
202100002428,3,50,,0,2,3,19,Y01
202100002428,3,7,,0,2,2,16,A01
202100002429,3,7,,8,0,1,14,A01
202100002430,1,50,,0,0,0,25,A01
202100002431,0,7,,0,2,1,9,A01
202100002431,3,33,,0,2,7,1,B01
202100002432,2,7,,0,2,4,2,C01
202100002432,2,7,,0,2,4,2,B01
202100002432,2,7,,0,2,1,9,A01
202100002433,3,7,,0,2,7,1,B01
202100002433,3,7,,0,2,3,9,A01
202100002434,1,7,,0,2,1,15,A01
202100002434,2,2,,0,2,8,1,B01
202100002435,1,32,,6,2,2,17,A01
202100002435,1,7,,0,2,8,15,B01
202100002436,3,7,,1,2,3,18,A01
202100002436,1,7,,0,2,7,16,B01
202100002437,3,30,,0,2,2,1,A01
202100002437,3,7,,0,2,3,1,Z01
202100002438,1,15,,0,2,1,1,B01
202100002438,1,7,,0,2,3,1,A01
202100002439,1,32,,0,2,7,1,B01
202100002439,2,7,,0,2,2,5,Z01
202100002440,2,10,,-1,1,4,26,A01
202100002441,2,7,,4,0,2,26,A01
202100002442,3,50,,0,2,1,26,A01
202100002442,3,7,,0,9,4,0,B01
202100002443,2,7,,0,2,3,15,A01
202100002443,1,2,,0,2,3,1,B01
202100002444,1,7,,0,1,2,1,A01
202100002445,3,50,,0,2,8,1,A01
202100002445,2,40,,0,2,3,1,B01
202100002446,3,31,,0,2,1,1,B01
202100002446,3,7,,0,2,2,9,A01
202100002447,2,7,,0,2,2,13,A01
202100002447,1,33,,0,2,1,1,B01
202100002448,2,7,,0,2,3,15,B01
202100002448,1,33,,0,2,2,17,A01
202100002449,2,7,,0,2,8,9,A01
202100002449,2,17,,0,2,1,1,B01
202100002450,3,10,,0,2,8,1,B01
202100002450,3,7,,0,2,8,15,A01
202100002451,1,32,,0,1,2,1,A01
202100002452,2,7,,0,1,3,15,A01
202100002453,2,34,,0,1,1,1,A01
202100002454,2,1,,0,2,8,15,B01
202100002454,2,50,,0,2,2,17,A01
202100002455,1,1,,0,2,1,1,B01
202100002455,1,1,,0,2,7,1,A01
202100002456,1,7,,0,2,8,10,Z01
202100002456,1,33,,0,2,1,1,A01
202100002457,2,7,,0,1,7,1,A01
202100002458,3,7,,0,2,4,23,B01
202100002458,3,30,,0,2,1,18,A01
202100002459,3,7,,1,0,2,14,A01
202100002460,3,10,,0,2,3,15,A01
202100002460,3,33,,0,2,2,1,B01
202100002461,3,1,,0,2,1,1,A01
202100002461,3,7,,0,2,5,22,Z01
202100002462,1,7,,0,2,5,12,Z01
202100002462,1,2,,0,2,3,1,B01
202100002463,2,1,,0,2,6,11,B01
202100002463,2,7,,0,2,2,1,A01
202100002464,2,30,,0,2,3,1,A01
202100002464,2,80,,0,2,8,1,B01
202100002465,1,7,,0,1,1,1,Z01
202100002466,3,33,,0,2,2,1,A01
202100002466,3,7,,0,2,5,1,B01
202100002467,2,1,,0,2,1,1,B01
202100002467,1,2,,0,2,3,9,A01
202100002468,1,33,,0,2,0,15,B01
202100002468,1,7,,0,2,3,1,A01
202100002469,2,30,,0,2,1,1,B01
202100002469,1,10,,0,2,3,15,A01
202100002470,1,7,,0,2,8,11,A01
202100002470,1,7,,0,2,7,1,B01
202100002470,1,7,,0,2,4,1,C01
202100002470,1,31,,0,2,4,1,D01
202100002471,3,7,,0,2,2,15,A01
202100002471,3,2,,0,2,1,16,B01
202100002472,1,7,,0,2,1,1,B01
202100002472,2,7,,0,2,1,1,A01
202100002473,1,7,,8,2,1,19,A01
202100002473,1,7,,0,2,1,1,B01
202100002474,1,99,,0,2,1,1,A01
202100002474,1,7,,0,2,3,15,B01
202100002475,3,7,,0,2,1,1,B01
202100002475,3,7,,1,0,1,21,A01
202100002476,1,43,,0,2,1,1,B01
202100002476,1,1,,0,2,1,2,A01
202100002477,1,7,,1,0,2,1,A01
202100002478,2,10,,0,1,7,26,A01
202100002479,2,33,,0,2,1,3,B01
202100002479,1,17,,0,2,1,1,A01
202100002480,3,7,,0,1,3,1,A01
202100002481,3,7,,0,2,1,17,A01
202100002481,3,7,,0,2,1,1,B01
202100002481,3,37,3.0,0,2,1,1,C01
202100002482,2,34,,0,1,0,1,Z01
202100002483,2,33,,0,2,2,1,B01
202100002483,2,10,,0,2,3,11,A01
202100002484,1,7,,2,0,9,13,A01
202100002485,1,43,,4,0,2,1,A01
202100002486,2,7,,0,9,3,1,A01
202100002486,2,1,,0,2,1,15,B01
202100002487,1,7,,0,2,2,17,A01
202100002487,1,7,,0,2,2,1,B01
202100002488,1,7,,13,0,3,1,A01
202100002489,2,30,,6,0,0,26,A01
202100002490,2,7,,0,1,2,16,A01
202100002491,1,7,,0,2,1,0,B01
202100002491,1,7,,4,0,3,0,A01
202100002492,2,7,,0,2,3,23,B01
202100002492,2,7,,0,2,1,16,A01
202100002493,1,7,,13,0,3,1,A01
202100002494,2,7,,0,2,2,9,A01
202100002494,2,33,,0,2,1,1,B01
202100002494,2,7,,0,2,3,1,C01
202100002495,1,7,,6,0,0,0,A01
202100002496,1,7,,0,2,8,15,B01
202100002496,2,31,,0,2,7,21,A01
202100002497,1,10,,0,2,2,2,A01
202100002497,1,21,,0,2,6,1,B01
202100002498,2,7,,0,0,0,1,B01
202100002498,1,33,,13,0,2,1,A01
202100002499,1,7,,0,1,1,1,A01
202100002500,3,7,,2,2,3,1,B01
202100002500,3,3,,0,2,3,1,A01
202100002501,1,7,,15,0,1,14,A01
202100002502,0,7,,0,2,1,1,A01
202100002502,0,7,,0,0,4,2,B01
202100002503,2,31,,0,2,1,1,A01
202100002503,2,10,,0,2,4,16,B01
202100002504,2,32,,0,2,1,1,A01
202100002504,2,10,,0,0,6,1,B01
202100002505,1,7,,0,1,1,1,A01
202100002506,2,7,,0,2,3,16,A01
202100002506,2,2,,0,2,1,1,B01
202100002507,3,33,,0,2,1,26,A01
202100002507,3,7,,0,2,1,1,B01
202100002508,1,7,,0,2,1,5,A01
202100002508,2,7,,0,2,1,1,B01
202100002509,1,7,,2,0,3,0,A01
202100002510,3,7,,0,2,1,9,A01
202100002510,3,1,,0,2,1,5,B01
202100002511,3,7,,6,0,9,0,A01
202100002512,2,7,,0,2,2,1,B01
202100002512,1,7,,0,2,2,15,A01
202100002513,2,7,,0,0,6,2,B01
202100002513,2,2,,0,2,1,2,A01
202100002514,1,2,,0,0,0,0,A01
202100002515,2,7,,0,2,1,1,B01
202100002515,1,7,,0,2,1,1,A01
202100002516,2,7,,0,1,1,1,A01
202100002517,2,1,,0,2,4,2,B01
202100002517,2,7,,0,9,2,2,A01
202100002518,1,7,,0,2,3,0,B01
202100002518,2,2,,0,2,1,13,A01
202100002519,2,1,,0,2,1,13,B01
202100002519,1,2,,0,2,1,1,A01
202100002520,1,7,,0,9,1,0,A01
202100002521,2,7,,0,9,3,1,B01
202100002521,1,33,,0,0,1,17,A01
202100002522,1,7,,0,2,1,1,B01
202100002522,2,7,,0,2,7,1,A01
202100002523,1,7,,6,0,1,1,A01
202100002524,2,1,,0,0,6,1,A01
202100002524,2,7,,0,2,2,1,B01
202100002525,2,21,,0,2,2,0,B01
202100002525,1,7,,0,2,1,0,A01
202100002526,1,33,,0,0,7,1,A01
202100002527,1,34,,0,2,1,1,A01
202100002527,2,7,,0,2,5,15,B01
202100002528,2,7,,13,0,2,1,A01
202100002529,1,7,,0,0,0,1,B01
202100002529,1,7,,0,0,0,1,A01
202100002530,2,7,,2,0,1,14,A01
202100002531,0,7,,6,2,2,1,A01
202100002532,1,7,,6,0,2,1,A01
202100002533,1,33,,12,0,1,1,A01
202100002534,2,7,,0,2,1,11,A01
202100002534,1,7,,0,2,1,1,B01
202100002535,1,7,,0,2,2,1,B01
202100002535,1,2,,0,2,1,5,A01
202100002536,3,7,,0,0,1,0,B01
202100002536,3,7,,0,2,1,0,A01
202100002537,1,10,,0,2,1,0,A01
202100002537,2,7,,0,2,2,1,B01
202100002538,2,7,,6,0,1,1,A01
202100002539,1,7,,0,2,1,1,A01
202100002539,2,7,,0,2,1,1,B01
202100002540,1,7,,6,0,2,10,A01
202100002541,2,31,,3,0,0,1,A01
202100002542,3,7,,0,2,3,9,A01
202100002542,3,7,,0,2,3,1,B01
202100002543,2,7,,0,2,1,1,A01
202100002543,1,7,,0,2,1,5,B01
202100002544,1,7,,0,2,3,15,B01
202100002544,1,33,,0,2,1,17,A01
202100002545,0,7,,0,2,2,1,C01
202100002545,2,10,,0,2,1,17,B01
202100002545,1,7,,0,2,1,1,A01
202100002546,1,10,,0,2,7,13,A01
202100002546,2,7,,0,2,1,1,B01
202100002547,0,7,,0,2,1,1,B01
202100002547,0,7,,0,2,1,5,A01
202100002548,1,10,,0,0,0,0,A01
202100002549,1,1,,0,0,4,1,B01
202100002549,1,7,,0,2,2,1,A01
202100002550,1,2,,0,0,0,13,A01
202100002551,2,7,,0,2,4,1,B01
202100002551,2,7,,0,2,1,2,A01
202100002552,1,7,,0,2,3,2,A01
202100002552,1,7,,0,2,6,2,B01
202100002553,2,7,,0,2,4,1,B01
202100002553,2,7,,0,2,1,2,A01
202100002554,1,7,,14,0,1,14,A01
202100002555,1,33,,0,2,1,2,B01
202100002555,1,7,,0,2,4,2,A01
202100002556,2,7,,0,2,3,11,A01
202100002556,2,33,,0,2,7,1,B01
202100002557,1,17,,0,2,4,1,B01
202100002557,1,10,,0,2,1,12,A01
202100002558,2,10,,0,2,0,12,A01
202100002558,2,43,,0,2,6,3,B01
202100002559,1,31,,0,0,0,12,A01
202100002560,1,0,,0,2,0,0,Z01
202100002560,1,10,,0,2,4,2,B01
202100002560,1,10,,0,2,9,2,A01
202100002561,2,7,,3,0,2,1,A01
202100002562,2,7,,0,2,4,1,B01
202100002562,2,33,,0,2,1,11,A01
202100002563,1,31,,0,2,0,0,A01
202100002564,2,7,,3,0,3,11,A01
202100002564,2,7,,1,0,1,12,B01
202100002564,2,7,,14,0,1,12,C01
202100002565,0,7,,0,1,0,14,A01
202100002566,1,7,,1,9,2,16,A01
202100002566,1,1,,1,2,3,1,B01
202100002567,3,7,,0,1,1,1,A01
202100002568,2,32,,0,1,0,0,Z01
202100002569,2,7,,0,2,8,26,B01
202100002569,1,30,,0,2,1,17,A01
202100002570,3,99,,0,0,0,0,A01
202100002571,1,7,,0,1,1,26,A01
202100002572,1,7,,0,2,2,15,A01
202100002572,2,2,,0,2,8,1,B01
202100002573,2,33,,0,2,7,1,B01
202100002573,1,7,,0,2,1,1,A01
202100002574,2,7,,0,2,1,15,B01
202100002574,1,7,,0,2,3,1,A01
202100002575,1,7,,1,1,5,26,A01
202100002576,3,2,,16,0,0,0,A01
202100002577,1,7,,0,2,6,16,B01
202100002577,1,7,,0,2,1,26,A01
202100002578,1,30,,0,0,8,26,A01
202100002579,2,37,1.0,0,2,3,15,A01
202100002579,3,1,,0,2,1,19,B01
202100002580,2,7,,0,2,1,15,B01
202100002580,2,1,,0,2,1,13,A01
202100002581,1,7,,0,2,4,2,B01
202100002581,1,31,,14,0,1,2,A01
202100002582,1,7,,0,2,1,26,A01
202100002582,1,7,,0,2,4,1,B01
202100002583,1,7,,0,2,4,11,C01
202100002583,1,10,,0,2,1,2,B01
202100002583,1,10,,0,2,1,1,A01
202100002584,2,7,,0,2,7,1,B01
202100002584,3,7,,0,2,3,15,A01
202100002585,1,1,,0,2,3,19,B01
202100002585,1,7,,0,9,3,15,A01
202100002586,2,7,,0,1,2,26,A01
202100002587,2,32,,0,0,0,1,A01
202100002588,2,33,,0,2,7,3,B01
202100002588,1,13,,0,2,2,15,A01
202100002589,3,10,,1,2,4,2,C01
202100002589,1,2,,0,2,4,2,B01
202100002589,1,7,,1,2,1,2,A01
202100002590,1,39,,0,2,0,0,B01
202100002590,1,30,,0,4,1,1,A01
202100002591,0,7,,0,1,1,18,A01
202100002591,0,7,,0,2,2,1,B01
202100002592,2,7,,13,0,9,2,A01
202100002593,3,7,,0,2,3,14,A01
202100002593,3,7,,0,2,5,11,B01
202100002594,0,7,,0,2,1,1,A01
202100002594,0,7,,0,2,1,1,B01
202100002594,0,7,,0,2,1,15,C01
202100002595,2,7,,0,1,3,26,A01
202100002596,2,7,,0,2,4,23,A01
202100002596,2,7,,0,2,4,23,B01
202100002596,2,7,,0,2,1,26,Z01
202100002597,3,1,,0,2,1,1,A01
202100002597,1,7,,0,9,3,15,B01
202100002598,2,10,,1,0,1,7,A01
202100002598,1,2,,0,2,7,15,B01
202100002599,3,7,,0,9,3,9,A01
202100002599,3,3,,0,2,2,1,B01
202100002600,1,7,,0,2,7,9,A01
202100002600,1,31,,0,2,8,9,B01
202100002601,1,7,,0,2,2,1,A01
202100002601,2,1,,0,2,2,5,B01
202100002602,1,10,,0,1,4,20,A01
202100002603,1,2,,0,2,2,1,A01
202100002603,3,7,,0,2,3,9,B01
202100002604,3,33,,0,0,0,11,A01
202100002604,3,10,,0,0,0,1,B01
202100002605,1,37,1.0,0,2,2,13,A01
202100002605,1,1,,0,2,6,0,B01
202100002606,2,50,,0,1,1,7,A01
202100002607,1,1,,0,2,3,19,A01
202100002607,1,7,,0,2,2,1,B01
202100002608,1,7,,13,0,1,14,A01
202100002609,1,7,,0,2,7,19,A01
202100002609,1,10,,0,2,1,1,B01
202100002610,1,1,,0,2,3,2,B01
202100002610,1,7,,0,2,2,0,A01
202100002611,1,7,,0,0,0,15,A01
202100002611,1,33,,0,0,7,1,B01
202100002612,1,3,,0,2,1,1,B01
202100002612,1,10,,0,2,2,1,A01
202100002613,1,7,,0,2,1,1,A01
202100002613,1,7,,0,2,4,1,B01
202100002614,1,7,,0,2,7,14,A01
202100002614,1,1,,0,2,0,1,B01
202100002615,2,7,,0,1,2,1,A01
202100002616,2,33,,0,2,4,2,B01
202100002617,3,1,,0,2,9,19,A01
202100002617,3,33,,0,2,1,1,B01
202100002618,1,10,,0,2,1,1,A01
202100002618,1,7,,0,2,5,15,B01
202100002619,2,7,,0,2,5,16,A01
202100002619,2,50,,0,2,8,1,B01
202100002620,2,37,1.0,8,0,1,13,A01
202100002621,1,7,,0,2,3,15,A01
202100002621,2,1,,0,2,8,1,B01
202100002622,3,7,,2,2,2,21,A01
202100002622,3,37,1.0,0,2,7,12,B01
202100002623,0,7,,0,2,2,26,A01
202100002623,1,30,,0,2,1,1,B01
202100002624,0,7,,0,2,1,1,A01
202100002624,0,31,,0,2,7,15,B01
202100002625,3,7,,1,0,1,1,A01
202100002626,1,7,,0,2,2,15,B01
202100002626,2,33,,0,2,1,1,A01
202100002627,3,7,,0,1,3,15,A01
202100002628,2,7,,0,2,3,15,A01
202100002628,2,7,,0,2,2,1,B01
202100002629,0,2,,0,2,8,1,B01
202100002629,0,7,,0,2,1,15,A01
202100002630,0,7,,0,1,2,1,A01
202100002631,3,7,,0,2,1,1,E01
202100002631,3,7,,0,2,4,1,D01
202100002631,3,7,,0,2,4,1,C01
202100002631,3,7,,0,2,4,2,B01
202100002631,0,7,,0,2,1,9,A01
202100002632,0,7,,0,1,4,4,A01
202100002633,0,7,,0,2,3,9,A01
202100002633,0,33,,1,2,2,17,B01
202100002634,3,30,,14,0,0,15,A01
202100002635,2,32,,0,2,1,13,A01
202100002635,1,7,,0,2,1,1,B01
202100002636,1,7,,0,1,3,1,A01
202100002637,1,33,,0,2,8,3,B01
202100002637,1,7,,0,2,7,12,A01
202100002638,2,32,,0,2,3,3,A01
202100002638,2,7,,0,2,8,1,B01
202100002638,2,7,,0,2,2,12,Z01
202100002639,1,7,,0,2,2,12,A01
202100002639,1,33,,0,2,8,3,B01
202100002640,1,30,,8,0,1,18,A01
202100002641,2,43,,0,1,2,1,A01
202100002642,3,43,,0,2,4,1,B01
202100002642,3,7,,0,2,1,1,A01
202100002643,1,7,,0,2,4,4,A01
202100002643,1,50,,0,2,1,1,B01
202100002644,1,32,,0,1,1,1,A01
202100002645,1,7,,7,0,1,14,A01
202100002646,2,1,,0,0,1,21,A01
202100002647,1,2,,0,2,1,17,B01
202100002647,2,7,,0,2,3,11,A01
202100002648,3,30,,12,0,0,14,A01
202100002649,2,7,,0,2,2,14,A01
202100002649,2,1,,0,2,8,1,B01
202100002650,1,50,,0,2,6,13,B01
202100002650,1,43,,0,2,2,17,A01
202100002651,1,7,,0,2,2,1,A01
202100002651,2,7,,0,2,3,1,B01
202100002652,3,7,,0,1,1,1,A01
202100002653,3,7,,0,1,2,17,A01
202100002654,3,7,,14,2,2,17,A01
202100002655,1,33,,12,2,1,2,A01
202100002655,1,7,,12,2,4,17,B01
202100002656,2,7,,0,2,8,1,B01
202100002656,2,30,,0,2,7,17,A01
202100002657,1,2,,15,0,4,23,C01
202100002657,1,33,,15,0,4,23,B01
202100002657,1,7,,0,2,1,26,A01
202100002658,1,7,,0,2,3,1,B01
202100002658,1,32,,0,1,2,1,A01
202100002659,2,7,,0,2,3,1,A01
202100002659,1,7,,0,2,5,1,B01
202100002660,1,7,,0,2,4,26,C01
202100002660,1,7,,0,2,4,26,B01
202100002660,3,7,,0,2,1,26,A01
202100002661,1,7,,1,0,1,1,A01
202100002662,0,7,,0,2,8,10,B01
202100002662,0,31,,0,2,2,26,A01
202100002663,2,50,,0,1,2,21,A01
202100002664,1,7,,0,1,1,2,B01
202100002665,3,7,,0,2,5,20,A01
202100002665,2,1,,0,2,1,1,B01
202100002666,0,15,,0,2,6,1,B01
202100002666,0,7,,0,2,1,15,A01
202100002667,2,7,,7,0,1,0,A01
202100002668,2,10,,0,2,0,11,A01
202100002668,1,2,,0,2,0,1,B01
202100002669,1,7,,2,0,0,1,A01
202100002670,2,7,,0,1,2,1,A01
202100002671,1,10,,0,2,1,13,B01
202100002671,2,7,,0,2,1,1,A01
202100002672,1,7,,0,2,7,19,B01
202100002672,2,14,,0,2,3,1,A01
202100002673,1,7,,0,2,3,0,A01
202100002673,2,7,,0,2,3,0,B01
202100002674,2,7,,0,2,1,5,A01
202100002674,1,10,,0,0,1,1,B01
202100002674,1,7,,0,2,2,1,C01
202100002675,1,7,,0,0,9,1,A01
202100002676,2,7,,0,2,1,0,A01
202100002676,1,7,,0,2,1,1,B01
202100002676,1,7,,16,0,3,1,C01
202100002677,1,7,,12,0,2,15,A01
202100002678,1,7,,1,0,1,13,A01
202100002679,1,7,,13,0,9,14,A01
202100002680,3,2,,0,2,1,0,A01
202100002680,3,7,,0,0,8,15,B01
202100002681,2,10,,0,1,2,1,A01
202100002682,1,7,,0,0,4,15,A01
202100002682,1,7,,0,2,4,1,B01
202100002682,1,7,,0,2,1,1,C01
202100002683,3,1,,0,2,2,9,B01
202100002683,2,7,,0,9,3,9,A01
202100002684,1,10,,0,2,3,1,A01
202100002684,2,7,,0,2,3,1,B01
202100002685,1,7,,0,2,3,19,A01
202100002685,2,2,,0,2,1,1,B01
202100002686,2,7,,13,0,2,1,A01
202100002687,2,2,,0,0,0,26,A01
202100002688,1,7,,6,0,1,1,A01
202100002689,0,7,,2,0,0,4,A01
202100002690,1,7,,0,2,1,17,A01
202100002690,2,7,,0,2,1,1,B01
202100002691,3,7,,2,0,3,1,A01
202100002692,1,31,,0,2,1,1,B01
202100002692,1,7,,0,2,7,19,A01
202100002693,2,7,,13,0,3,1,A01
202100002694,1,10,,0,0,5,2,B01
202100002694,1,7,,9,2,9,2,A01
202100002695,1,32,,12,2,3,17,A01
202100002695,1,7,,0,2,3,15,B01
202100002696,1,2,,0,0,1,0,B01
202100002696,2,7,,0,0,3,1,A01
202100002697,2,7,,0,0,4,23,A01
202100002697,2,7,,0,2,4,23,B01
202100002697,2,33,,0,2,4,23,C01
202100002697,2,7,,0,2,1,1,D01
202100002697,1,7,,0,2,3,1,E01
202100002698,1,7,,0,2,2,2,A01
202100002698,1,33,,0,0,4,1,B01
202100002699,1,7,,13,0,1,13,A01
202100002700,2,7,,0,2,1,13,A01
202100002700,1,7,,0,2,1,1,B01
202100002701,1,7,,0,2,1,2,A01
202100002701,1,13,,0,2,4,2,B01
202100002702,1,7,,0,2,5,9,A01
202100002702,1,34,,0,2,3,2,B01
202100002703,1,33,,0,6,1,1,A01
202100002704,0,7,,0,2,1,9,A01
202100002704,1,31,,0,2,1,1,B01
202100002705,3,21,,0,0,0,1,A01
202100002706,1,10,,0,0,4,23,B01
202100002706,1,10,,1,0,1,0,A01
202100002707,2,7,,2,0,8,1,A01
202100002708,2,7,,8,0,8,1,A01
202100002709,1,7,,0,1,1,1,A01
202100002710,3,80,,0,0,8,17,B01
202100002710,3,7,,0,9,3,1,A01
202100002711,2,31,,0,2,1,15,A01
202100002711,1,10,,0,2,2,1,B01
202100002712,1,7,,0,1,1,15,A01
202100002713,2,10,,0,2,4,0,A01
202100002713,2,7,,0,2,1,0,B01
202100002714,2,7,,0,2,3,1,B01
202100002714,2,7,,0,2,3,2,A01
202100002715,2,7,,0,2,4,2,A01
202100002715,2,7,,0,2,1,2,B01
202100002716,1,7,,3,0,5,1,A01
202100002716,1,7,,0,2,3,9,B01
202100002717,1,7,,13,0,0,1,A01
202100002718,2,7,,0,2,1,0,A01
202100002718,2,7,,0,2,0,0,B01
202100002719,2,7,,0,2,4,2,B01
202100002719,2,7,,0,2,1,2,A01
202100002720,1,15,,0,2,4,1,B01
202100002720,1,10,,0,2,1,2,A01
202100002721,2,15,,0,2,4,2,C01
202100002721,2,7,,0,2,4,2,B01
202100002721,2,7,,0,2,1,2,A01
202100002722,1,7,,0,2,8,11,A01
202100002722,1,33,,0,2,7,1,B01
202100002723,1,32,,0,0,9,9,A01
202100002724,1,7,,3,2,2,11,A01
202100002724,1,7,,3,0,6,1,B01
202100002725,1,33,,0,0,9,3,A01
202100002726,1,31,,0,2,1,9,A01
202100002726,1,15,,0,2,5,1,B01
202100002727,1,7,,0,1,2,1,A01
202100002728,2,2,,0,2,3,2,A01
202100002728,2,7,,0,0,0,0,B01
202100002729,1,7,,6,2,1,21,B01
202100002729,1,7,,0,2,2,19,A01
202100002730,2,7,,0,2,3,15,A01
202100002730,1,2,,0,2,4,8,B01
202100002731,2,2,,0,2,1,1,A01
202100002731,2,7,,0,9,5,16,B01
202100002732,1,7,,0,2,2,15,A01
202100002732,1,2,,0,2,1,1,B01
202100002733,2,7,,0,2,5,15,A01
202100002733,2,1,,0,2,0,0,B01
202100002734,2,33,,0,2,0,21,A01
202100002734,1,7,,0,2,0,9,B01
202100002735,2,34,,0,2,1,3,A01
202100002735,2,7,,0,2,7,1,B01
202100002736,1,7,,0,1,1,19,A01
202100002737,3,3,,15,0,1,1,A01
202100002738,1,7,,0,2,4,19,A01
202100002738,1,50,,0,2,1,1,Y01
202100002739,1,7,,0,2,1,1,A01
202100002739,1,7,,0,2,4,1,B01
202100002739,1,7,,0,2,4,1,C01
202100002740,1,7,,0,1,1,26,Z01
202100002741,1,7,,0,2,5,15,A01
202100002741,1,2,,0,2,1,1,B01
202100002742,0,10,,0,1,4,20,A01
202100002743,2,33,,0,2,1,11,A01
202100002743,0,7,,0,0,6,13,B01
202100002744,1,1,,0,2,1,5,A01
202100002744,2,7,,0,2,2,1,B01
202100002745,0,7,,0,2,1,1,B01
202100002745,0,7,,0,2,1,15,A01
202100002746,3,7,,0,2,3,9,A01
202100002746,3,7,,0,2,1,1,B01
202100002747,0,7,,0,1,1,1,A01
202100002748,3,7,,0,2,1,15,A01
202100002748,3,50,,0,2,8,1,B01
202100002749,1,40,,0,1,1,1,A01
202100002750,3,7,,0,2,3,9,A01
202100002750,2,30,,0,2,1,1,B01
202100002751,2,2,,0,2,2,1,B01
202100002751,1,7,,0,2,3,10,A01
202100002752,1,7,,0,1,1,1,A01
202100002753,1,7,,0,1,1,1,A01
202100002754,2,33,,0,2,1,1,B01