Num_Acc,senc,catv,occutc,obs,obsm,choc,manv,num_veh
202100002754,1,7,,0,2,2,13,A01
202100002755,0,7,,0,2,1,16,B01
202100002755,0,50,,0,2,1,1,A01
202100002756,1,1,,0,2,1,15,B01
202100002756,2,7,,0,2,3,9,A01
202100002757,1,7,,0,9,1,1,A01
202100002757,2,1,,0,2,8,19,B01
202100002758,3,7,,14,2,4,23,B01
202100002758,0,7,,0,2,1,2,A01
202100002759,0,7,,0,1,2,9,A01
202100002760,0,7,,9,0,9,1,A01
202100002761,0,7,,0,0,1,13,A01
202100002762,1,7,,0,2,2,15,A01
202100002762,1,7,,0,2,8,14,B01
202100002763,0,7,,0,2,6,1,B01
202100002763,3,7,,12,0,7,1,A01
202100002764,1,7,,0,2,6,26,B01
202100002764,1,7,,0,2,1,2,A01
202100002765,3,7,,0,2,3,10,A01
202100002765,3,33,,0,2,7,1,B01
202100002766,2,7,,0,2,3,1,Z01
202100002766,2,50,,0,2,1,1,A01
202100002767,3,1,,0,2,1,1,B01
202100002767,3,7,,0,2,3,15,A01
202100002768,2,1,,0,2,8,1,B01
202100002768,1,7,,0,2,3,15,A01
202100002769,1,7,,0,1,1,1,A01
202100002770,1,13,,0,1,1,26,A01
202100002771,2,7,,0,2,2,1,B01
202100002771,2,7,,0,2,3,10,A01
202100002772,1,7,,0,2,8,1,A01
202100002772,1,33,,0,0,7,1,B01
202100002773,2,7,,0,2,3,1,B01
202100002773,1,7,,0,2,3,15,A01
202100002774,3,7,,0,1,8,1,A01
202100002775,3,7,,0,2,1,9,A01
202100002775,3,7,,0,2,7,2,B01
202100002776,2,7,,0,1,1,1,A01
202100002777,3,7,,0,2,1,1,B01
202100002777,3,7,,0,2,1,15,A01
202100002778,1,7,,0,2,1,9,A01
202100002778,2,15,,0,2,7,2,B01
202100002779,2,10,,0,2,1,1,A01
202100002779,2,7,,0,2,4,1,B01
202100002780,2,7,,0,0,9,13,A01
202100002781,1,30,,0,2,1,1,A01
202100002781,2,7,,0,2,3,1,B01
202100002782,1,30,,0,2,2,17,A01
202100002782,1,7,,0,2,3,15,B01
202100002783,1,7,,0,1,1,1,A01
202100002784,1,33,,0,2,2,17,A01
202100002784,1,7,,0,2,3,15,B01
202100002785,3,1,,0,2,1,1,B01
202100002785,3,7,,0,2,1,11,A01
202100002786,1,10,,0,2,8,1,B01
202100002786,1,17,,0,2,2,12,A01
202100002787,2,32,,0,1,2,17,A01
202100002788,2,10,,0,2,3,22,A01
202100002788,2,1,,0,2,2,1,B01
202100002789,2,7,,0,2,5,15,A01
202100002789,2,32,,0,2,1,1,B01
202100002790,2,7,,0,2,5,2,B01
202100002790,2,33,,0,2,1,2,A01
202100002791,1,30,,0,2,4,15,B01
202100002791,1,7,,0,2,1,2,A01
202100002792,2,7,,1,0,1,14,A01
202100002793,3,50,,0,0,0,25,A01
202100002794,1,7,,0,1,3,15,A01
202100002795,1,1,,0,2,1,1,B01
202100002795,2,50,,0,2,1,13,A01
202100002796,1,60,,0,1,0,1,A01
202100002797,2,2,,0,2,1,1,A01
202100002797,1,7,,0,2,2,1,B01
202100002798,1,7,,0,2,8,1,B01
202100002798,2,33,,0,2,1,1,A01
202100002799,2,32,,0,2,7,17,B01
202100002799,2,7,,0,2,3,15,A01
202100002800,2,43,,0,2,3,7,B01
202100002800,2,7,,0,2,5,16,A01
202100002801,2,33,,0,2,1,1,A01
202100002801,1,7,,0,2,1,17,B01
202100002802,2,30,,0,1,0,13,A01
202100002803,2,7,,0,0,6,24,B01
202100002803,1,17,,1,0,5,15,A01
202100002804,2,33,,0,2,1,1,B01
202100002804,1,7,,0,2,7,15,A01
202100002805,2,7,,0,1,1,2,A01
202100002806,1,7,,0,2,2,1,A01
202100002806,2,7,,0,2,3,1,B01
202100002807,1,32,,0,2,1,3,A01
202100002807,1,7,,0,2,3,15,B01
202100002808,1,7,,0,2,3,19,A01
202100002808,2,43,,0,2,1,1,B01
202100002809,-1,7,,0,2,1,1,B01
202100002809,3,7,,0,2,7,0,A01
202100002810,0,7,,0,1,3,1,A01
202100002811,2,10,,0,2,7,1,A01
202100002811,1,30,,0,2,1,1,B01
202100002812,-1,33,,0,2,8,1,B01
202100002812,-1,7,,0,2,2,12,A01
202100002813,-1,7,,0,1,1,1,A01
202100002814,-1,7,,0,1,4,4,A01
202100002815,1,37,1.0,0,1,3,1,A01
202100002816,1,7,,0,2,4,1,E01
202100002816,1,7,,0,1,1,17,A01
202100002817,3,7,,0,1,1,1,A01
202100002818,2,33,,0,1,1,1,A01
202100002819,1,7,,0,2,0,15,A01
202100002819,1,1,,0,2,0,0,B01
202100002820,2,7,,0,2,5,14,B01
202100002820,2,33,,0,2,1,0,A01
202100002821,2,7,,0,1,1,1,A01
202100002822,2,7,,0,2,1,1,A01
202100002822,2,7,,0,2,8,23,B01
202100002823,2,7,,2,0,8,1,A01
202100002824,0,7,,0,2,1,0,A01
202100002824,0,7,,0,0,3,1,B01
202100002825,2,10,,2,0,1,21,A01
202100002826,3,50,,0,2,8,14,B01
202100002826,3,13,,0,9,1,1,A01
202100002827,1,7,,0,1,2,9,A01
202100002828,3,7,,3,0,1,16,A01
202100002829,2,33,,0,2,1,1,B01
202100002829,1,7,,0,2,3,15,A01
202100002830,2,2,,0,1,1,1,A01
202100002831,1,7,,7,0,1,1,A01
202100002832,2,7,,0,2,1,9,A01
202100002832,2,10,,0,2,7,15,B01
202100002833,3,7,,0,2,1,1,A01
202100002833,3,7,,0,0,4,1,B01
202100002834,3,7,,0,2,3,21,B01
202100002834,3,2,,0,2,8,5,A01
202100002835,3,36,,0,0,9,1,A01
202100002836,3,7,,0,1,1,1,A01
202100002837,0,7,,0,2,5,15,A01
202100002837,2,33,,0,2,3,1,B01
202100002838,3,7,,0,5,1,1,A01
202100002839,1,7,,0,2,3,1,B01
202100002839,2,7,,0,2,3,1,A01
202100002840,3,7,,1,0,4,1,A01
202100002841,2,7,,0,2,2,17,A01
202100002841,2,1,,16,2,8,2,B01
202100002842,1,7,,2,0,1,1,A01
202100002843,1,7,,0,2,8,11,B01
202100002843,2,2,,0,2,3,1,A01
202100002844,1,7,,0,2,1,1,B01
202100002844,2,7,,0,2,1,13,A01
202100002845,0,7,,0,1,2,1,A01
202100002846,3,7,,13,0,2,1,A01
202100002847,2,1,,0,2,3,2,B01
202100002847,1,7,,0,2,3,13,A01
202100002848,3,7,,8,0,1,0,A01
202100002849,2,7,,0,2,1,1,A01
202100002849,3,7,,0,0,8,16,B01
202100002850,2,7,,13,0,1,1,A01
202100002851,1,7,,0,2,3,1,B01
202100002851,2,7,,3,2,5,13,A01
202100002852,1,7,,0,0,2,1,B01
202100002852,2,2,,0,0,1,19,A01
202100002853,3,7,,8,0,7,19,B01
202100002853,3,10,,0,2,1,1,A01
202100002854,2,7,,0,2,3,5,B01
202100002854,1,7,,0,2,3,5,A01
202100002855,1,7,,13,2,2,2,A01
202100002855,1,7,,13,0,6,1,B01
202100002856,1,2,,0,2,1,14,A01
202100002856,1,99,,0,0,7,15,B01
202100002857,0,7,,0,2,8,9,A01
202100002857,0,32,,0,2,1,17,B01
202100002858,1,10,,0,2,7,1,A01
202100002858,1,7,,3,2,4,14,B01
202100002858,1,15,,0,0,5,2,C01
202100002858,1,7,,0,9,7,2,D01
202100002859,1,10,,0,2,1,1,B01
202100002859,2,7,,0,2,1,5,A01
202100002860,1,7,,0,2,2,5,A01
202100002860,2,7,,0,2,2,0,B01
202100002861,2,1,,15,0,1,21,A01
202100002862,2,7,,0,2,7,9,A01
202100002862,1,7,,0,2,3,1,B01
202100002863,1,33,,0,2,1,3,A01
202100002863,1,7,,0,2,8,23,B01
202100002864,1,10,,13,0,1,0,C01
202100002864,1,10,,0,2,8,2,B01
202100002864,2,7,,0,2,1,13,A01
202100002865,2,7,,0,2,3,1,B01
202100002865,1,2,,0,2,8,13,A01
202100002866,1,7,,0,2,3,10,A01
202100002866,1,10,,0,2,2,17,B01
202100002867,1,33,,0,0,7,1,A01
202100002868,2,2,,0,2,1,1,B01
202100002868,1,7,,0,2,2,15,A01
202100002869,0,31,,0,2,1,1,A01
202100002869,0,7,,0,2,1,1,B01
202100002870,0,7,,8,0,1,1,A01
202100002871,1,33,,0,2,0,0,A01
202100002871,1,7,,0,0,0,0,B01
202100002872,2,7,,0,2,8,1,B01
202100002872,2,7,,0,2,1,3,A01
202100002873,1,7,,0,2,1,2,C01
202100002873,1,15,,0,2,2,12,A01
202100002873,1,7,,0,2,8,2,B01
202100002874,2,7,,0,2,4,2,E01
202100002874,2,7,,0,2,4,2,D01
202100002874,2,7,,0,2,4,2,C01
202100002874,2,34,,0,2,4,2,B01
202100002874,2,7,,0,2,1,2,A01
202100002875,2,33,,0,2,3,3,B01
202100002875,2,7,,0,2,5,12,A01
202100002876,2,7,,0,1,1,26,A01
202100002877,1,7,,0,2,2,2,A01
202100002877,1,1,,0,2,4,2,B01
202100002878,2,7,,0,2,3,15,A01
202100002878,2,32,,0,2,1,1,B01
202100002879,2,1,,0,2,4,19,A01
202100002879,2,31,,0,2,1,26,B01
202100002879,2,7,,0,9,1,26,Z01
202100002880,1,99,,0,2,0,0,Z01
202100002880,1,10,,0,2,1,0,C01
202100002880,1,32,,0,2,6,1,B01
202100002881,0,7,,6,0,1,15,A01
202100002882,3,7,,0,0,9,13,A01
202100002883,2,33,,0,2,1,3,A01
202100002883,2,7,,0,2,7,12,B01
202100002884,2,7,,0,0,1,26,A01
202100002885,2,7,,0,2,1,2,A01
202100002885,2,7,,0,2,4,23,B01
202100002886,3,7,,0,1,2,1,A01
202100002887,1,37,1.0,0,2,3,1,B01
202100002887,1,7,,0,2,8,1,A01
202100002888,2,7,,0,1,3,1,A01
202100002889,1,30,,0,0,1,26,A01
202100002890,2,33,,0,2,1,0,B01
202100002890,2,7,,0,2,1,15,A01
202100002891,2,10,,0,2,5,1,A01
202100002891,2,31,,0,2,3,2,B01
202100002892,0,7,,0,1,3,1,A01
202100002893,2,7,,0,1,7,16,A01
202100002894,2,1,,0,2,0,2,B01
202100002894,2,10,,0,2,0,2,Z01
202100002895,1,10,,0,1,2,1,A01
202100002896,1,37,1.0,0,1,2,9,A01
202100002897,3,7,,0,1,1,26,A01
202100002898,0,7,,0,1,1,1,A01
202100002899,0,50,,0,2,8,5,A01
202100002899,0,7,,0,2,1,9,B01
202100002900,0,7,,0,2,2,1,B01
202100002900,0,60,,0,2,1,1,A01
202100002901,1,7,,0,1,3,1,A01
202100002902,3,7,,0,2,4,23,B01
202100002902,3,7,,0,2,1,2,A01
202100002903,3,7,,0,1,6,20,A01
202100002904,1,7,,0,1,1,1,A01
202100002905,1,7,,0,2,1,15,A01
202100002905,2,7,,0,2,8,1,B01
202100002906,1,50,,0,4,8,0,B01
202100002906,3,40,,0,2,3,1,A01
202100002907,3,1,,0,2,8,1,B01
202100002907,3,7,,0,2,1,9,A01
202100002908,1,7,,0,2,3,2,A01
202100002908,1,1,,0,2,4,2,B01
202100002909,3,7,,0,0,0,0,Z01
202100002909,1,37,2.0,0,0,0,1,B01
202100002910,2,7,,0,2,2,20,B01
202100002910,2,31,,1,2,1,14,A01
202100002911,1,7,,0,1,1,26,A01
202100002912,2,7,,0,0,9,11,A01
202100002913,0,7,,0,2,1,1,A01
202100002914,1,7,,0,2,1,2,A01
202100002914,1,7,,0,2,4,23,B01
202100002915,2,7,,1,0,0,2,E01
202100002915,1,7,,1,0,0,2,F01
202100002915,1,7,,0,2,7,23,C01
202100002915,1,7,,0,2,9,2,A01
202100002915,2,7,,0,2,1,1,D01
202100002915,1,7,,0,2,6,23,B01
202100002916,2,10,,0,2,3,9,Z01
202100002916,2,7,,0,2,2,1,A01
202100002917,3,14,,0,1,1,15,A01
202100002918,0,10,,0,2,7,15,A01
202100002918,2,31,,0,2,1,1,B01
202100002919,3,10,,0,1,1,11,A01
202100002920,1,7,,1,9,1,1,A01
202100002920,2,1,,0,2,3,19,B01
202100002921,2,7,,0,2,1,1,B01
202100002921,1,7,,0,2,1,17,A01
202100002922,1,7,,16,0,0,14,A01
202100002923,2,33,,16,0,0,1,A01
202100002924,1,37,2.0,0,2,1,1,B01
202100002924,2,7,,0,2,2,9,A01
202100002925,1,7,,9,0,2,0,A01
202100002926,0,7,,0,1,1,1,A01
202100002927,1,43,,0,0,0,26,A01
202100002928,1,30,,0,0,0,0,B01
202100002928,1,7,,0,2,1,15,A01
202100002929,1,10,,0,2,6,1,D01
202100002929,2,7,,0,2,8,5,C01
202100002929,2,7,,0,2,3,5,B01
202100002929,1,7,,0,2,1,17,A01
202100002930,0,7,,0,1,3,15,A01
202100002931,2,7,,4,0,8,17,A01
202100002932,1,7,,0,2,6,16,A01
202100002932,1,1,,0,2,2,15,B01
202100002933,2,34,,0,2,7,1,A01
202100002933,2,7,,0,2,8,2,B01
202100002934,2,30,,0,2,1,21,A01
202100002934,2,10,,0,2,4,20,B01
202100002935,1,7,,0,1,1,15,A01
202100002936,2,7,,0,1,1,1,A01
202100002937,2,7,,0,1,2,1,A01
202100002938,1,33,,0,2,1,1,B01
202100002938,2,7,,0,2,7,15,A01
202100002939,1,7,,0,1,2,1,A01
202100002940,0,10,,0,1,4,0,Z01
202100002941,2,7,,0,2,3,2,B01
202100002941,2,33,,0,2,2,17,A01
202100002942,0,7,,0,2,3,1,A01
202100002943,1,2,,0,2,4,2,B01
202100002943,1,7,,0,2,1,2,A01
202100002944,2,10,,0,1,1,15,A01
202100002945,3,7,,0,2,1,2,D01
202100002945,3,7,,0,2,1,1,C01
202100002945,3,7,,0,2,1,1,B01
202100002945,0,7,,0,2,1,1,A01
202100002946,2,7,,0,2,1,26,A01
202100002946,2,7,,0,2,4,21,B01
202100002947,1,7,,6,0,1,26,A01
202100002948,3,7,,1,1,6,26,A01
202100002949,1,7,,0,2,1,26,A01
202100002949,1,7,,0,2,4,1,B01
202100002949,1,7,,0,2,0,0,C01
202100002949,1,7,,0,2,0,0,D01
202100002950,1,7,,0,2,2,1,B01
202100002950,1,7,,0,2,7,19,A01
202100002951,0,7,,0,1,2,9,LA01
202100002952,1,7,,4,0,2,1,A01
202100002953,1,31,,0,2,1,1,A01
202100002953,2,7,,0,2,3,1,B01
202100002954,2,37,1.0,0,2,2,2,A01
202100002954,1,7,,0,2,4,16,B01
202100002955,2,7,,0,1,0,26,A01
202100002956,1,7,,0,1,1,1,A01
202100002957,3,33,,0,2,1,1,B01
202100002957,3,7,,8,2,6,19,A01
202100002958,3,7,,0,2,2,21,A01
202100002958,3,30,,0,2,1,0,B01
202100002959,2,7,,16,0,2,1,A01
202100002960,1,31,,0,2,3,3,B01
202100002960,1,7,,0,2,2,12,A01
202100002961,2,31,,0,2,3,1,B01
202100002961,2,10,,0,2,7,12,A01
202100002962,1,32,,0,2,2,1,A01
202100002962,1,7,,0,2,6,11,B01
202100002963,1,32,,0,2,8,3,A01
202100002963,1,7,,0,2,7,12,Z01
202100002964,2,7,,0,2,7,1,A01
202100002964,2,2,,0,2,1,1,B01
202100002965,2,37,1.0,0,1,5,9,A01
202100002966,3,1,,0,0,0,1,A01
202100002967,1,1,,0,1,1,1,A01
202100002968,2,10,,0,2,3,1,A01
202100002968,2,50,,0,2,1,1,B01
202100002969,2,1,,0,2,4,1,B01
202100002969,2,32,,0,2,1,1,A01
202100002970,2,50,,0,2,2,1,B01
202100002970,2,10,,0,2,3,22,A01
202100002971,3,7,,0,2,3,1,A01
202100002971,3,32,,0,2,6,1,B01
202100002972,1,7,,0,2,6,10,A01
202100002972,1,43,,0,2,1,17,B01
202100002973,1,7,,0,2,1,1,A01
202100002973,2,7,,9,2,8,15,B01
202100002974,2,15,,0,1,1,1,A01
202100002975,3,10,,0,1,4,24,A01
202100002976,2,7,,0,1,1,15,A01
202100002977,2,7,,1,0,2,26,A01
202100002978,0,7,,0,2,1,15,A01
202100002978,0,7,,0,2,2,1,B01
202100002979,3,7,,0,1,1,0,Z01
202100002980,1,10,,0,1,4,4,A01
202100002981,2,7,,0,2,3,11,A01
202100002981,2,32,,0,2,5,1,B01
202100002982,1,7,,0,2,0,0,B01
202100002982,1,7,,0,2,3,9,A01
202100002983,3,7,,0,1,3,9,A01
202100002983,3,99,,0,0,0,0,B01
202100002984,1,10,,0,1,1,15,A01
202100002985,2,7,,0,2,8,15,A01
202100002985,1,2,,0,2,8,1,B01
202100002986,0,7,,0,2,3,14,A01
202100002986,0,7,,0,2,1,1,B01
202100002987,1,7,,0,1,1,1,A01
202100002988,3,7,,0,1,1,1,A01
202100002989,2,10,,0,2,4,15,B01
202100002989,2,7,,0,2,3,2,A01
202100002990,1,7,,13,0,0,2,A01
202100002991,2,7,,0,9,1,1,C01
202100002991,1,17,,0,2,1,1,B01
202100002991,2,7,,0,2,1,13,A01
202100002992,2,7,,0,2,1,1,B01
202100002992,1,7,,0,2,1,13,A01
202100002993,1,7,,0,2,2,13,A01
202100002993,2,7,,0,2,1,1,B01
202100002994,1,14,,0,2,2,15,A01
202100002994,2,7,,0,2,1,1,B01
202100002995,3,7,,0,2,5,1,B01
202100002995,3,2,,0,2,1,2,A01
202100002996,1,7,,8,0,2,0,A01
202100002997,1,7,,7,0,1,1,A01
202100002998,2,7,,0,2,3,1,B01
202100002998,1,7,,0,2,3,13,A01
202100002999,1,2,,0,2,1,17,A01
202100002999,2,31,,0,2,1,1,B01
202100003000,2,7,,0,2,2,9,A01
202100003000,1,7,,0,2,3,23,C01
202100003000,2,7,,0,2,1,1,B01
202100003001,2,7,,15,0,6,1,A01
202100003002,1,7,,2,0,3,14,A01
202100003003,1,10,,0,2,1,1,A01
202100003003,2,13,,0,2,1,1,B01
202100003004,1,7,,0,2,8,1,A01
202100003004,1,7,,0,2,1,1,B01
202100003005,2,7,,0,2,1,13,A01
202100003005,2,7,,0,2,1,1,B01
202100003006,3,2,,0,0,8,1,A01
202100003007,2,7,,0,0,1,11,A01
202100003007,1,7,,0,0,1,1,B01
202100003008,2,13,,13,0,1,13,A01
202100003009,1,7,,5,0,1,1,A01
202100003010,2,2,,0,2,1,1,A01
202100003010,2,7,,0,2,4,23,B01
202100003011,2,10,,0,2,5,1,B01
202100003011,2,10,,0,2,1,1,A01
202100003012,1,33,,0,0,9,6,A01
202100003013,2,7,,0,2,6,10,B01
202100003013,2,7,,0,2,1,1,A01
202100003014,2,7,,13,0,3,1,A01
202100003015,1,7,,0,2,6,23,E01
202100003015,1,7,,0,2,8,23,D01
202100003015,2,7,,0,2,3,5,A01
202100003015,1,10,,0,2,8,21,B01
202100003015,1,7,,0,2,8,1,C01
202100003016,1,7,,3,0,3,0,A01
202100003017,1,7,,0,1,1,1,A01
202100003018,2,7,,13,0,9,0,A01
202100003019,2,7,,1,0,3,21,B01
202100003020,1,7,,0,1,1,1,A01
202100003021,2,7,,2,0,1,1,A01
202100003022,2,7,,0,1,3,1,A01
202100003023,3,7,,15,0,3,1,A01
202100003024,0,7,,2,0,8,1,A01
202100003025,1,7,,13,0,1,1,A01
202100003026,2,7,,0,1,1,15,A01
202100003027,2,7,,2,0,1,21,C01
202100003027,2,7,,0,2,1,1,B01
202100003027,1,7,,2,2,1,17,A01
202100003028,2,2,,0,2,8,1,B01
202100003028,1,10,,0,2,1,15,A01
202100003029,2,7,,0,2,1,13,A01
202100003029,1,7,,0,2,1,1,B01
202100003030,1,33,,0,0,8,15,A01
202100003031,1,7,,0,2,8,21,A01
202100003032,2,7,,0,2,7,12,B01
202100003032,2,33,,0,2,8,18,A01
202100003033,2,7,,0,2,5,1,B01
202100003033,2,33,,0,2,3,3,A01
202100003033,2,7,,0,2,6,11,C01
202100003034,2,7,,0,2,1,1,A01
202100003034,2,7,,0,2,4,11,B01
202100003035,2,10,,0,2,4,2,C01
202100003035,2,7,,0,2,9,2,B01
202100003035,2,7,,0,2,1,2,A01
202100003036,2,7,,0,2,4,2,A01
202100003037,2,7,,0,2,1,2,A01
202100003037,2,7,,0,2,4,2,B01
202100003037,2,10,,0,2,4,2,C01
202100003037,2,7,,0,2,4,2,D01
202100003038,2,17,,0,2,6,23,B01
202100003038,2,7,,0,2,2,13,A01
202100003039,2,17,,0,2,4,2,C01
202100003039,2,17,,0,2,4,2,B01
202100003039,2,17,,0,2,1,2,A01
202100003040,2,7,,0,2,1,2,B01
202100003040,1,10,,4,0,0,2,A01
202100003041,2,10,,0,2,4,2,C01
202100003041,2,7,,0,2,4,2,B01
202100003041,2,10,,0,2,1,2,A01
202100003042,2,10,,0,2,6,11,A01
202100003042,2,33,,0,2,7,3,B01
202100003043,1,7,,0,0,0,1,C01
202100003043,1,7,,0,2,0,11,B01
202100003043,1,33,,0,2,2,3,A01
202100003044,1,33,,3,2,8,3,A01
202100003044,1,7,,3,2,2,12,B01
202100003044,1,7,,3,2,5,2,C01
202100003045,1,7,,0,2,6,1,B01
202100003045,1,33,,0,2,1,1,A01
202100003046,1,33,,4,2,7,0,B01
202100003046,1,7,,4,2,3,2,A01
202100003046,1,7,,4,2,5,2,C01
202100003047,1,33,,0,2,1,0,A01
202100003047,1,7,,0,2,4,2,B01
202100003048,1,7,,0,2,3,1,A01
202100003048,1,7,,0,2,5,1,B01
202100003049,2,7,,0,2,1,2,A01
202100003049,2,7,,0,2,4,2,B01
202100003050,1,7,,0,2,4,2,B01
202100003050,1,15,,0,2,1,2,C01
202100003050,1,7,,0,2,1,12,A01
202100003051,2,7,,0,2,8,11,A01
202100003051,2,33,,0,2,2,1,B01
202100003052,2,7,,0,2,1,1,A01
202100003052,2,10,,0,2,4,9,B01
202100003053,2,7,,0,2,4,2,F01
202100003053,2,7,,0,2,4,2,E01
202100003053,2,7,,0,2,4,2,D01
202100003053,2,7,,0,2,4,2,C01
202100003053,2,7,,0,2,4,2,B01
202100003053,2,7,,0,2,1,1,A01
202100003054,1,7,,0,2,4,0,A01
202100003054,1,15,,0,2,1,2,B01
202100003055,1,15,,0,2,1,1,A01
202100003055,1,10,,0,2,4,2,B01
202100003055,1,7,,0,2,4,2,C01
202100003055,1,7,,0,2,4,2,D01
202100003056,2,7,,4,2,3,1,A01
202100003056,2,7,,0,2,8,21,B01
202100003056,2,17,,0,2,8,21,C01
202100003057,2,31,,0,2,2,1,B01
202100003057,0,10,,0,2,3,19,A01
202100003058,1,7,,0,2,4,15,C01
202100003058,1,7,,0,2,4,1,B01
202100003058,1,7,,0,2,1,1,A01
202100003059,1,31,,0,2,2,17,A01
202100003059,1,7,,0,2,6,15,B01
202100003060,2,7,,0,2,6,1,B01
202100003060,2,7,,4,2,3,17,A01
202100003061,1,7,,8,0,1,14,A01
202100003062,1,2,,0,2,7,16,B01
202100003062,1,7,,0,2,8,16,A01
202100003063,0,1,,9,0,1,19,A01
202100003064,1,1,,0,2,3,1,B01
202100003064,1,7,,0,2,3,23,A01
202100003065,3,43,,0,0,0,26,A01
202100003066,1,7,,0,2,3,1,B01
202100003066,2,7,,0,2,1,1,A01
202100003067,2,33,,1,2,8,2,B01
202100003067,2,7,,0,2,8,15,A01
202100003068,1,7,,0,1,1,1,A01
202100003069,2,34,,1,2,7,2,B01
202100003069,2,10,,0,2,8,15,A01
202100003070,2,7,,4,0,9,1,A01
202100003071,1,7,,0,2,1,2,A01
202100003071,1,7,,0,2,9,2,B01
202100003071,1,10,,0,2,4,2,C01
202100003072,1,7,,0,1,1,14,A01
202100003073,2,2,,0,2,1,13,B01
202100003073,1,3,,1,2,1,1,A01
202100003074,1,7,,0,2,1,9,A01
202100003074,1,7,,1,2,1,1,B01
202100003075,2,7,,0,2,1,9,A01
202100003075,2,2,,0,2,1,1,B01
202100003076,1,10,,13,0,9,1,A01
202100003077,1,2,,0,2,1,1,B01
202100003077,1,7,,0,2,7,10,A01
202100003078,3,7,,11,0,5,1,B01
202100003078,3,7,,0,2,1,21,A01
202100003079,1,7,,0,2,2,15,A01
202100003079,1,2,,0,2,1,1,B01
202100003080,0,20,,0,2,4,15,B01
202100003080,0,7,,0,2,1,1,A01
202100003081,0,15,,0,2,2,14,A01
202100003081,0,7,,0,2,8,1,B01
202100003082,1,7,,6,0,1,15,A01
202100003083,1,13,,0,2,1,2,C01
202100003083,1,10,,0,2,1,2,B01
202100003083,1,7,,0,2,4,2,A01
202100003084,0,33,,0,0,0,0,A01
202100003085,3,7,,0,2,1,15,A01
202100003085,3,7,,0,2,3,1,B01
202100003086,1,32,,0,2,7,1,B01
202100003086,2,7,,0,2,1,0,A01
202100003087,2,7,,0,1,1,1,A01
202100003088,1,31,,1,0,1,0,A01
202100003089,2,2,,0,0,7,16,A01
202100003090,1,7,,0,2,1,9,A01
202100003090,2,99,,0,2,0,1,B01
202100003091,1,7,,0,1,1,2,A01
202100003092,1,7,,1,0,1,14,A01
202100003093,2,7,,0,2,2,1,B01
202100003093,1,7,,0,2,3,15,A01
202100003094,2,7,,0,2,4,20,B01
202100003094,1,7,,1,2,1,26,A01
202100003095,1,7,,10,0,1,14,A01
202100003096,1,7,,0,1,2,1,A01
202100003097,1,7,,0,1,1,1,A01
202100003098,2,7,,0,1,3,1,A01
202100003099,1,7,,0,2,2,16,A01
202100003099,2,50,,0,2,0,5,B01
202100003100,1,10,,0,2,1,1,B01
202100003100,2,7,,0,2,2,15,A01
202100003101,3,32,,0,0,8,1,A01
202100003102,3,10,,0,2,4,0,B01
202100003102,2,33,,8,0,1,1,A01
202100003103,1,7,,0,2,4,1,B01
202100003103,1,7,,0,2,4,1,C01
202100003103,1,7,,0,2,1,1,A01
202100003104,3,32,,0,0,1,1,A01
202100003105,3,7,,0,2,1,15,A01
202100003105,3,2,,0,2,1,1,B01
202100003106,2,7,,0,2,1,19,A01
202100003106,3,7,,0,2,0,1,B01
202100003106,3,7,,0,2,3,1,C01
202100003107,1,7,,0,1,2,1,A01
202100003108,1,7,,2,0,1,13,A01
202100003109,0,3,,0,1,1,0,A01
202100003110,2,7,,0,2,8,9,A01
202100003110,2,7,,0,2,1,19,B01
202100003111,3,34,,0,0,1,1,A01
202100003112,2,1,,0,2,7,1,B01
202100003112,2,7,,0,2,1,9,A01
202100003113,1,7,,0,2,2,1,A01
202100003114,1,10,,0,2,1,1,B01
202100003114,1,7,,0,2,7,1,A01
202100003115,3,31,,0,1,8,1,A01
202100003116,0,7,,0,1,3,15,A01
202100003117,2,7,,0,2,3,19,B01
202100003117,2,3,,0,2,1,19,A01
202100003118,1,7,,0,2,7,26,B01
202100003118,1,1,,0,2,7,11,A01
202100003119,3,80,,0,0,0,26,A01
202100003120,1,7,,0,2,1,26,B01
202100003120,1,7,,0,2,8,26,A01
202100003121,0,7,,0,1,2,1,A01
202100003122,0,7,,0,2,1,15,B01
202100003122,0,7,,0,2,8,1,A01
202100003123,2,7,,0,2,1,2,A01
202100003123,2,7,,0,2,4,23,B01
202100003124,1,7,,0,1,1,13,A01
202100003125,1,7,,0,2,2,15,A01
202100003125,2,50,,0,2,1,1,B01
202100003126,2,7,,0,2,1,2,A01
202100003126,2,7,,0,2,4,2,B01
202100003127,1,7,,0,2,4,1,B01
202100003127,1,7,,0,2,1,1,A01
202100003128,1,7,,0,2,9,23,B01
202100003128,1,7,,0,2,2,16,A01
202100003129,1,1,,0,1,1,0,Z01
202100003130,2,7,,0,2,4,2,B01
202100003130,2,10,,0,2,1,2,A01
202100003131,1,7,,0,2,1,9,Z01
202100003131,1,7,,0,2,2,15,B01
202100003132,3,7,,0,1,7,1,A01
202100003133,2,7,,3,0,2,14,A01
202100003134,0,7,,0,2,2,1,B01
202100003134,0,10,,0,2,1,1,A01
202100003135,1,7,,0,1,3,1,A01
202100003136,2,7,,0,1,1,1,A01
202100003137,1,7,,0,2,2,1,B01
202100003137,2,7,,0,2,3,19,A01
202100003138,1,7,,0,1,7,1,A01
202100003139,1,7,,0,2,3,15,B01