Num_Acc,senc,catv,occutc,obs,obsm,choc,manv,num_veh
202100003139,1,7,,0,2,3,1,A01
202100003140,2,30,,0,0,0,26,A01
202100003141,2,2,,0,2,1,1,B01
202100003141,2,7,,0,2,3,20,A01
202100003142,1,7,,0,2,4,2,C01
202100003142,1,7,,0,2,4,2,B01
202100003142,1,7,,0,2,1,26,A01
202100003143,0,7,,0,2,2,15,B01
202100003143,0,32,,0,2,1,1,A01
202100003144,1,7,,0,2,2,1,B01
202100003144,2,32,,0,2,1,5,A01
202100003145,3,7,,0,1,1,1,A01
202100003146,1,7,,0,2,2,0,A01
202100003146,2,7,,0,2,2,0,B01
202100003147,2,7,,0,2,4,2,B01
202100003147,2,7,,0,2,1,2,A01
202100003147,2,7,,0,2,4,2,D01
202100003147,2,7,,0,2,4,2,C01
202100003148,1,7,,0,2,1,19,A01
202100003148,2,7,,0,2,7,1,B01
202100003149,1,7,,0,2,2,1,A01
202100003149,2,7,,0,2,3,1,B01
202100003150,1,7,,0,1,1,1,A01
202100003151,0,7,,0,2,4,1,B01
202100003151,0,7,,0,2,1,1,A01
202100003152,1,7,,0,2,1,1,A01
202100003152,1,7,,0,2,4,1,B01
202100003152,1,7,,0,0,4,1,C01
202100003153,3,7,,0,2,8,9,A01
202100003153,1,2,,0,2,1,1,B01
202100003154,2,7,,0,1,0,13,A01
202100003154,2,7,,0,2,4,23,C01
202100003154,2,1,,0,2,0,1,B01
202100003154,1,10,,0,2,1,1,D01
202100003155,1,7,,1,0,9,13,A01
202100003156,2,10,,0,2,2,1,A01
202100003156,2,50,,0,2,6,21,B01
202100003157,1,30,,0,2,4,2,A01
202100003157,1,10,,0,2,1,2,Z01
202100003158,2,32,,0,2,2,1,A01
202100003158,2,37,1.0,0,2,8,9,B01
202100003159,2,1,,0,2,8,1,B01
202100003159,1,1,,0,2,8,5,A01
202100003160,2,1,,0,1,0,21,A01
202100003161,3,32,,4,0,8,13,A01
202100003162,1,32,,0,2,4,2,A01
202100003162,1,30,,0,2,4,2,B01
202100003163,2,7,,0,2,1,1,B01
202100003163,2,30,,0,2,2,1,A01
202100003164,2,2,,0,2,2,2,B01
202100003164,1,7,,0,2,2,15,A01
202100003165,1,7,,0,1,2,1,A01
202100003166,2,7,,0,2,5,1,B01
202100003166,2,7,,0,2,3,12,A01
202100003167,2,32,,14,0,4,13,A01
202100003168,2,7,,0,1,7,1,A01
202100003169,3,7,,0,1,0,26,A01
202100003170,3,7,,14,0,1,26,A01
202100003171,0,7,,0,2,1,1,B01
202100003171,0,7,,1,2,1,1,A01
202100003172,1,7,,0,2,1,1,A01
202100003172,2,13,,0,2,1,5,B01
202100003173,1,10,,0,1,3,1,A01
202100003174,1,7,,0,2,6,15,A01
202100003174,1,10,,0,2,1,1,B01
202100003175,0,10,,0,1,1,16,A01
202100003176,2,30,,0,2,4,1,B01
202100003176,2,7,,0,2,1,2,A01
202100003177,1,7,,0,1,2,16,A01
202100003178,3,10,,17,0,2,1,A01
202100003179,1,10,,0,1,6,4,A01
202100003180,1,7,,0,2,1,1,A01
202100003180,1,7,,0,2,7,1,B01
202100003181,1,7,,8,0,1,1,A01
202100003182,3,7,,0,2,3,11,A01
202100003182,3,2,,0,2,7,1,B01
202100003183,2,7,,0,1,2,1,A01
202100003184,2,33,,6,2,7,26,A01
202100003185,1,7,,3,0,2,1,A01
202100003186,1,2,,0,0,7,1,A01
202100003186,2,10,,0,2,1,1,B01
202100003187,2,7,,0,2,3,1,B01
202100003187,1,7,,0,2,3,0,A01
202100003188,1,2,,0,2,1,1,A01
202100003188,1,7,,0,2,7,15,B01
202100003189,2,7,,0,2,2,1,B01
202100003189,1,16,,0,2,5,20,A01
202100003190,1,7,,0,2,1,1,B01
202100003190,2,7,,0,2,1,15,A01
202100003191,2,10,,0,2,3,1,B01
202100003191,1,7,,0,2,1,13,A01
202100003192,1,2,,0,2,1,2,A01
202100003192,1,7,,0,0,4,2,B01
202100003193,2,7,,0,1,1,1,A01
202100003194,1,7,,2,0,2,1,A01
202100003195,0,7,,0,0,0,1,A01
202100003196,2,7,,2,0,1,1,A01
202100003197,1,17,,0,2,3,1,B01
202100003197,2,17,,0,2,3,1,A01
202100003198,1,7,,0,2,3,15,C01
202100003198,2,2,,0,2,1,1,B01
202100003198,1,7,,0,2,3,15,A01
202100003199,3,7,,0,9,1,1,A01
202100003199,3,1,,0,2,8,26,B01
202100003200,2,7,,0,2,1,14,C01
202100003200,2,7,,4,2,9,12,B01
202100003200,2,7,,0,2,1,1,A01
202100003201,1,7,,0,0,1,17,B01
202100003201,1,15,,0,0,6,1,A01
202100003202,2,32,,0,0,0,1,A01
202100003203,1,2,,0,2,1,1,B01
202100003203,0,7,,0,2,8,19,A01
202100003204,2,33,,0,0,4,2,A01
202100003205,2,7,,0,2,1,1,B01
202100003205,1,7,,0,2,8,15,A01
202100003206,3,7,,0,2,1,1,B01
202100003206,3,7,,0,2,1,5,A01
202100003207,2,7,,0,2,3,1,A01
202100003207,1,7,,0,2,3,1,B01
202100003208,3,7,,0,0,0,15,A01
202100003209,1,10,,0,1,2,1,A01
202100003210,1,10,,0,1,2,1,A01
202100003211,0,7,,0,0,5,15,B01
202100003211,0,33,,0,0,1,1,A01
202100003212,2,15,,0,0,0,1,A01
202100003213,3,7,,8,0,9,1,A01
202100003214,2,17,,0,2,5,2,A01
202100003214,1,17,,0,2,3,2,B01
202100003215,2,10,,0,0,0,0,Z01
202100003215,2,7,,0,2,4,2,B01
202100003216,2,7,,0,2,9,14,A01
202100003216,2,10,,0,2,6,1,B01
202100003217,1,7,,0,2,4,2,B01
202100003217,1,7,,0,2,1,2,A01
202100003218,1,7,,0,2,7,12,A01
202100003218,1,31,,0,2,1,3,B01
202100003219,2,7,,0,2,4,2,A01
202100003219,2,7,,0,2,4,1,B01
202100003220,1,7,,0,2,4,1,B01
202100003220,1,10,,0,2,1,9,A01
202100003221,1,7,,4,0,2,0,A01
202100003222,1,31,,0,0,2,1,A01
202100003223,2,7,,0,2,1,2,A01
202100003223,2,43,,0,2,6,21,B01
202100003224,2,7,,0,2,1,1,A01
202100003224,2,7,,0,2,4,1,B01
202100003225,1,32,,0,2,7,0,A01
202100003225,1,0,,0,2,0,0,Z01
202100003226,1,7,,3,0,1,13,A01
202100003227,1,7,,0,2,1,0,B01
202100003227,1,7,,0,2,4,1,A01
202100003228,1,15,,0,2,4,0,A01
202100003228,1,7,,0,2,1,0,B01
202100003229,2,7,,0,2,1,2,B01
202100003229,2,14,,0,2,4,2,A01
202100003230,2,2,,0,2,1,1,B01
202100003230,1,7,,0,2,8,9,A01
202100003231,1,30,,0,2,3,8,A01
202100003231,3,7,,0,2,0,0,B01
202100003232,1,7,,1,2,1,1,A01
202100003232,1,7,,1,2,4,1,B01
202100003232,1,7,,0,2,4,24,C01
202100003233,1,7,,0,2,3,1,A01
202100003233,1,7,,0,2,5,16,B01
202100003233,1,7,,0,2,6,1,C01
202100003234,3,7,,0,2,2,17,A01
202100003234,1,10,,0,2,2,2,B01
202100003235,2,33,,0,1,1,1,A01
202100003236,1,7,,0,2,6,13,A01
202100003236,2,13,,0,2,3,1,B01
202100003237,1,7,,0,2,2,1,B01
202100003237,2,7,,15,2,8,1,A01
202100003238,1,7,,0,2,1,1,A01
202100003238,1,7,,0,2,4,1,B01
202100003239,1,7,,0,2,2,15,A01
202100003239,2,33,,0,2,1,1,B01
202100003240,1,7,,0,9,1,1,B01
202100003240,2,7,,4,0,3,13,A01
202100003241,1,7,,2,0,9,0,A01
202100003242,0,7,,0,2,3,1,B01
202100003242,0,7,,0,2,1,1,A01
202100003243,2,7,,0,2,1,1,A01
202100003243,1,7,,1,2,2,15,B01
202100003244,1,7,,0,2,2,1,B01
202100003244,2,7,,0,2,1,19,A01
202100003245,1,7,,0,1,3,1,A01
202100003246,0,7,,0,2,1,2,A01
202100003246,3,7,,0,0,4,23,B01
202100003247,2,7,,0,2,1,2,A01
202100003247,2,7,,0,2,1,2,B01
202100003247,2,7,,0,2,4,2,C01
202100003248,2,7,,0,2,7,3,A01
202100003248,2,7,,0,2,4,1,F01
202100003248,2,7,,0,2,8,1,E01
202100003248,2,7,,0,2,8,1,D01
202100003248,2,7,,0,2,8,1,C01
202100003248,2,7,,0,2,8,1,B01
202100003249,2,7,,0,2,0,0,B01
202100003249,2,7,,0,2,1,2,A01
202100003250,1,7,,0,2,1,1,A01
202100003250,1,1,,0,2,4,1,B01
202100003251,1,33,,0,0,0,1,A01
202100003252,1,7,,0,2,3,9,A01
202100003252,2,1,,0,2,1,1,B01
202100003253,3,7,,8,0,8,1,A01
202100003254,2,7,,12,0,2,1,A01
202100003255,2,33,,0,1,1,14,A01
202100003256,0,32,,0,2,8,1,A01
202100003256,0,7,,0,2,7,2,B01
202100003257,1,7,,0,1,2,1,A01
202100003258,1,7,,0,2,8,2,B01
202100003258,1,7,,0,2,5,1,C01
202100003258,1,33,,0,2,7,3,A01
202100003259,1,7,,0,2,5,16,Z01
202100003259,1,80,,0,2,1,18,A01
202100003260,1,10,,0,1,6,1,A01
202100003261,1,32,,0,2,7,21,A01
202100003261,3,7,,0,2,6,23,B01
202100003262,2,32,,0,2,1,1,B01
202100003262,2,7,,0,2,1,15,A01
202100003263,3,30,,0,0,0,11,A01
202100003264,3,7,,0,1,0,1,Z01
202100003265,2,7,,0,2,7,16,B01
202100003265,2,7,,0,2,5,4,A01
202100003266,1,30,,0,2,8,1,A01
202100003266,1,1,,0,2,0,14,Z01
202100003267,2,10,,0,1,3,15,A01
202100003268,3,7,,9,0,1,1,A01
202100003269,1,2,,0,2,2,1,B01
202100003269,1,7,,0,2,3,20,A01
202100003270,2,7,,0,2,2,2,C01
202100003270,2,7,,0,0,4,2,B01
202100003270,2,7,,0,2,1,3,Z01
202100003271,2,1,,0,2,1,1,B01
202100003271,1,7,,0,2,3,15,A01
202100003272,3,2,,0,2,7,5,A01
202100003272,0,7,,0,2,2,1,B01
202100003273,1,43,,0,1,2,1,A01
202100003274,2,30,,0,2,1,13,A01
202100003274,1,7,,0,2,3,1,B01
202100003275,2,7,,0,1,3,1,A01
202100003276,1,31,,0,2,5,1,B01
202100003276,2,7,,0,2,2,9,A01
202100003277,0,7,,0,1,1,1,A01
202100003278,2,33,,7,0,8,1,B01
202100003278,1,7,,0,2,1,19,A01
202100003279,2,7,,0,2,3,13,A01
202100003279,1,33,,0,2,3,1,B01
202100003280,1,80,,0,6,0,0,A01
202100003281,1,7,,0,0,4,23,C01
202100003281,1,10,,0,2,6,23,B01
202100003281,1,7,,0,2,2,2,A01
202100003282,3,7,,0,2,1,1,A01
202100003282,3,7,,0,2,1,15,B01
202100003283,1,3,,0,2,3,1,B01
202100003283,1,33,,0,2,1,17,A01
202100003284,1,7,,0,1,2,1,A01
202100003285,1,7,,0,2,7,15,A01
202100003285,2,7,,0,2,1,1,B01
202100003286,2,7,,0,2,1,1,B01
202100003286,1,7,,0,2,1,5,A01
202100003287,1,7,,0,1,1,1,A01
202100003288,1,10,,0,2,1,1,B01
202100003288,2,7,,0,2,2,15,A01
202100003289,1,7,,15,0,0,1,A01
202100003290,2,7,,0,2,1,1,B01
202100003290,1,7,,0,2,2,11,A01
202100003291,2,7,,6,0,7,1,A01
202100003292,1,7,,8,0,1,1,A01
202100003293,1,2,,0,0,0,0,A01
202100003294,2,7,,0,2,1,1,A01
202100003294,1,7,,0,2,1,1,B01
202100003295,1,7,,12,0,2,1,A01
202100003296,2,7,,0,0,9,1,A01
202100003297,2,10,,0,2,1,15,A01
202100003297,1,7,,0,2,1,1,B01
202100003298,1,7,,0,1,4,4,A01
202100003299,1,7,,0,1,1,1,A01
202100003300,2,10,,0,2,1,1,B01
202100003300,1,7,,0,2,3,19,A01
202100003301,2,10,,3,0,7,14,A01
202100003302,1,7,,0,2,1,5,A01
202100003302,2,7,,0,2,1,1,B01
202100003302,2,7,,0,2,1,1,C01
202100003303,0,7,,14,0,1,13,A01
202100003304,1,7,,0,2,2,1,B01
202100003304,1,7,,0,2,1,1,A01
202100003305,2,7,,0,2,1,2,A01
202100003305,2,7,,0,0,4,23,B01
202100003306,1,7,,0,1,1,1,A01
202100003307,-1,7,,2,0,1,1,A01
202100003308,1,1,,0,0,8,19,B01
202100003308,1,7,,0,0,1,1,A01
202100003309,3,7,,0,2,3,16,A01
202100003309,3,2,,0,2,3,15,B01
202100003310,2,7,,0,0,3,17,A01
202100003310,1,2,,13,0,1,1,B01
202100003311,3,2,,0,2,8,1,B01
202100003311,3,7,,0,2,1,19,A01
202100003312,2,7,,0,2,1,1,B01
202100003312,1,7,,0,2,2,15,A01
202100003313,3,7,,0,1,1,0,A01
202100003314,2,10,,0,0,4,23,A01
202100003314,2,7,,0,2,1,2,B01
202100003315,1,1,,0,0,7,1,B01
202100003315,2,10,,0,9,1,26,A01
202100003316,2,10,,0,2,3,13,A01
202100003316,1,15,,0,2,3,1,B01
202100003317,0,7,,0,0,0,0,Z01
202100003317,1,7,,0,2,9,0,B01
202100003317,1,7,,0,2,4,26,A01
202100003318,2,7,,0,2,4,1,B01
202100003318,2,7,,0,2,1,11,A01
202100003319,1,10,,0,0,0,0,T01
202100003319,1,10,,0,0,1,5,B01
202100003319,1,15,,0,2,2,2,A01
202100003320,2,7,,0,2,0,1,A01
202100003321,2,7,,4,2,4,2,B01
202100003321,2,7,,4,2,1,1,A01
202100003322,2,7,,4,0,7,14,A01
202100003323,2,7,,0,2,4,11,Z01
202100003323,2,7,,0,9,1,0,D01
202100003323,2,7,,0,2,3,2,C01
202100003323,2,7,,3,2,3,1,B01
202100003323,2,7,,0,2,1,21,A01
202100003324,2,7,,0,2,4,2,C01
202100003324,2,7,,0,2,4,2,B01
202100003324,2,7,,0,2,1,2,A01
202100003325,1,7,,0,2,6,1,B01
202100003325,1,7,,0,2,2,2,A01
202100003326,1,7,,0,2,1,15,A01
202100003326,1,7,,0,2,6,11,B01
202100003327,1,7,,0,2,1,1,A01
202100003327,1,7,,0,2,4,1,B01
202100003327,1,7,,0,2,4,1,C01
202100003327,1,7,,0,2,4,1,D01
202100003328,1,7,,0,2,3,12,B01
202100003328,1,7,,0,2,3,12,A01
202100003329,1,33,,0,0,7,16,A01
202100003330,1,7,,0,2,1,5,A01
202100003330,2,10,,0,2,1,13,B01
202100003331,3,7,,13,0,1,1,A01
202100003332,1,7,,0,2,3,2,B01
202100003332,1,7,,4,0,3,23,A01
202100003333,0,2,,0,0,0,1,A01
202100003334,3,10,,0,2,8,1,B01
202100003334,3,37,1.0,0,2,1,1,A01
202100003335,2,7,,3,2,1,2,A01
202100003335,2,14,,3,2,8,2,B01
202100003336,1,7,,1,0,1,1,A01
202100003337,3,7,,13,0,1,1,A01
202100003338,1,7,,0,2,1,13,A01
202100003338,2,14,,0,2,1,1,B01
202100003338,1,7,,0,2,1,1,C01
202100003339,1,7,,3,0,2,1,A01
202100003340,1,7,,2,0,1,0,A01
202100003341,3,7,,0,2,3,1,A01
202100003341,3,1,,0,2,1,1,B01
202100003342,1,33,,0,0,8,1,A01
202100003343,1,7,,6,0,3,13,A01
202100003344,2,7,,14,0,1,1,A01
202100003345,2,7,,0,2,3,1,B01
202100003345,1,7,,0,2,3,13,A01
202100003346,1,7,,5,0,9,1,A01
202100003347,2,7,,0,2,2,1,B01
202100003347,2,7,,0,2,3,19,A01
202100003348,2,7,,0,2,1,1,B01
202100003348,1,7,,0,2,1,13,A01
202100003349,1,2,,13,0,1,1,A01
202100003350,3,7,,0,1,1,20,A01
202100003351,1,7,,13,0,9,1,A01
202100003352,1,7,,0,2,4,2,C01
202100003352,2,7,,0,2,1,5,B01
202100003352,1,7,,0,2,1,2,A01
202100003353,3,7,,0,2,3,15,A01
202100003353,2,33,,0,2,1,1,B01
202100003354,0,7,,0,2,1,1,B01
202100003354,0,7,,0,2,4,0,A01
202100003355,1,1,,0,2,1,1,B01
202100003355,1,7,,0,9,2,9,A01
202100003356,1,7,,7,4,2,1,A01
202100003356,3,39,,0,2,3,1,B01
202100003357,0,7,,0,2,3,1,B01
202100003357,0,13,,0,2,3,1,A01
202100003358,1,7,,6,2,1,1,A01
202100003358,2,7,,0,2,2,1,B01
202100003359,2,33,,0,2,1,1,B01
202100003359,1,10,,0,2,2,19,A01
202100003360,2,7,,6,0,8,13,A01
202100003361,1,7,,13,0,3,2,A01
202100003362,1,7,,0,2,2,19,B01
202100003362,2,2,,0,2,1,1,A01
202100003363,1,7,,0,2,1,1,A01
202100003363,1,7,,0,2,1,1,B01
202100003364,1,17,,0,0,4,2,B01
202100003364,1,7,,0,2,1,0,A01
202100003365,1,1,,0,2,8,2,B01
202100003365,1,38,1.0,0,2,7,2,A01
202100003366,1,7,,14,0,8,1,C01
202100003366,1,10,,0,2,2,0,B01
202100003366,1,7,,3,0,6,1,A01
202100003367,1,7,,0,2,3,21,E01
202100003367,1,7,,0,2,2,1,D01
202100003367,1,10,,0,2,1,1,C01
202100003367,1,17,,0,2,4,13,A01
202100003368,3,7,,0,2,3,15,A01
202100003368,3,31,,0,2,8,1,B01
202100003369,2,2,,3,0,1,1,A01
202100003370,1,7,,2,0,1,14,A01
202100003371,1,14,,0,0,1,1,B01
202100003371,2,7,,15,0,2,13,A01
202100003372,0,7,,2,0,1,0,A01
202100003373,1,10,,0,0,8,19,A01
202100003373,1,33,,0,2,1,1,B01
202100003374,2,7,,0,2,1,0,A01
202100003374,1,7,,0,2,1,0,B01
202100003375,0,2,,0,2,2,1,A01
202100003375,0,7,,0,2,2,1,B01
202100003376,1,31,,0,0,0,1,A01
202100003376,2,32,,0,0,0,1,B01
202100003377,3,30,,0,2,1,19,A01
202100003377,3,7,,0,2,2,1,B01
202100003378,2,7,,16,9,1,0,A01
202100003379,2,33,,0,2,7,1,A01
202100003379,1,7,,0,2,1,6,B01
202100003380,1,7,,0,2,6,9,B01
202100003380,1,17,,0,2,2,1,A01
202100003381,2,7,,16,0,2,14,A01
202100003382,3,7,,0,1,8,15,A01
202100003383,2,30,,12,0,2,14,A01
202100003384,-1,1,,0,2,0,26,A01
202100003384,-1,7,,0,2,0,0,B01
202100003385,3,7,,0,1,2,1,A01
202100003386,1,7,,8,0,2,20,A01
202100003387,1,7,,0,2,4,26,A01
202100003387,1,7,,0,2,0,0,B01
202100003387,1,30,,0,2,0,0,C01
202100003388,0,7,,2,0,8,26,A01
202100003389,2,7,,0,2,6,15,B01
202100003389,1,32,,0,2,1,1,A01
202100003390,3,7,,2,0,2,11,A01
202100003391,1,30,,0,2,7,17,A01
202100003391,1,7,,0,2,8,15,B01
202100003392,1,7,,0,1,7,1,A01
202100003393,1,31,,0,2,3,13,A01
202100003393,1,7,,0,1,2,0,B01
202100003394,2,7,,0,2,1,1,A01
202100003394,2,7,,0,2,6,11,B01
202100003394,2,7,,0,2,0,11,C01
202100003395,3,7,,0,2,1,2,A01
202100003395,3,7,,0,2,4,1,B01
202100003396,2,33,,12,0,1,1,A01
202100003397,3,7,,0,1,1,19,A01
202100003398,1,7,,0,2,6,15,A01
202100003398,1,33,,0,2,1,2,B01
202100003399,1,7,,0,2,2,17,A01
202100003399,1,99,,0,2,3,2,B01
202100003399,1,7,,0,2,3,1,C01
202100003400,1,7,,14,0,4,26,A01
202100003400,1,7,,0,2,2,19,B01
202100003401,1,7,,0,0,9,17,A01
202100003402,1,7,,0,2,1,1,C01
202100003402,2,50,,0,2,3,5,B01
202100003403,2,7,,0,2,3,1,B01
202100003403,1,7,,0,2,1,13,A01
202100003404,1,7,,2,0,1,1,A01
202100003405,1,7,,0,1,1,1,A01
202100003406,2,7,,0,1,2,1,A01
202100003407,2,7,,0,1,1,0,A01
202100003408,2,2,,0,2,1,17,A01
202100003408,2,7,,0,2,6,2,B01
202100003409,3,2,,0,2,1,1,B01
202100003409,3,7,,0,2,3,9,A01
202100003410,3,1,,0,2,1,1,B01
202100003410,3,7,,0,2,5,26,A01
202100003411,1,7,,0,1,1,1,A01
202100003412,1,10,,0,1,8,1,A01
202100003413,0,7,,0,2,7,1,B01
202100003413,0,7,,0,2,1,1,A01
202100003414,0,7,,0,2,6,1,D01
202100003414,0,7,,0,2,3,1,C01
202100003414,0,10,,4,0,5,0,B01
202100003414,0,7,,0,2,1,1,A01
202100003415,2,7,,0,2,1,14,B01
202100003415,2,7,,0,2,5,13,A01
202100003416,0,7,,0,1,2,1,A01
202100003417,1,10,,11,0,2,0,A01
202100003418,1,7,,0,2,1,2,A01
202100003418,1,7,,0,2,4,2,B01
202100003419,2,7,,0,2,1,1,A01
202100003419,2,7,,0,2,4,23,B01
202100003420,3,33,,0,5,1,1,A01
202100003421,1,7,,0,2,8,15,A01
202100003421,1,30,,0,2,1,1,B01
202100003422,1,7,,0,2,2,1,B01
202100003422,1,10,,0,2,6,9,A01
202100003423,1,7,,0,2,4,2,A01
202100003423,1,7,,0,2,1,2,B01
202100003424,1,7,,0,1,2,1,A01
202100003425,1,7,,0,2,2,1,B01
202100003425,1,33,,0,2,1,17,A01
202100003426,3,2,,0,2,1,1,B01
202100003426,0,7,,1,2,1,17,A01
202100003427,1,7,,0,2,4,23,E01
202100003427,1,7,,0,2,9,23,D01
202100003427,1,7,,0,2,9,23,C01
202100003427,1,7,,0,2,9,23,B01
202100003427,1,7,,0,2,1,9,A01
202100003428,2,7,,0,1,1,1,A01
202100003429,3,7,,0,1,3,16,A01
202100003430,2,32,,0,0,0,21,A01
202100003431,1,7,,0,2,4,1,C01
202100003431,1,7,,0,2,1,1,A01
202100003431,1,7,,0,2,4,1,B01
202100003432,2,80,,0,1,1,1,A01
202100003433,1,33,,0,1,1,9,A01
202100003434,2,7,,0,2,3,15,A01
202100003434,2,32,,0,2,1,1,B01
202100003435,1,32,,0,2,1,1,B01
202100003435,1,7,,0,2,8,22,A01
202100003436,1,7,,0,2,1,16,A01
202100003436,1,80,,0,2,8,1,B01
202100003437,1,33,,0,2,1,1,B01
202100003437,1,7,,0,2,3,15,A01
202100003438,1,7,,0,1,1,1,A01
202100003439,2,7,,0,2,2,9,A01
202100003439,2,2,,0,2,3,7,B01
202100003440,3,7,,0,2,2,15,A01
202100003440,3,7,,0,2,3,1,B01
202100003441,1,7,,0,2,2,10,A01
202100003441,2,1,,0,2,1,1,B01
202100003442,2,10,,7,0,1,13,A01
202100003443,2,7,,0,1,1,15,A01
202100003444,2,7,,0,2,4,1,B01
202100003444,2,7,,0,2,1,18,A01
202100003445,2,7,,0,2,8,1,B01
202100003445,1,43,,0,2,1,1,A01
202100003446,1,7,,0,2,2,9,B01
202100003446,1,30,,0,2,1,1,A01
202100003447,2,7,,1,1,0,13,A01
202100003448,2,30,,0,0,0,1,A01
202100003449,1,7,,1,2,1,13,A01
202100003449,2,7,,0,2,1,0,B01
202100003449,2,7,,0,2,1,1,C01
202100003449,2,7,,8,0,4,24,D01
202100003450,2,7,,0,1,1,15,A01
202100003451,1,7,,0,2,2,1,B01
202100003451,1,7,,1,2,2,18,A01
202100003452,1,32,,0,2,2,2,B01
202100003452,1,7,,0,2,3,13,A01
202100003453,2,34,,0,1,4,25,A01
202100003454,2,7,,9,0,0,0,C01
202100003454,2,7,,0,2,3,20,B01
202100003454,2,33,,0,2,3,1,A01
202100003455,3,7,,0,2,1,9,A01
202100003455,3,7,,0,2,3,1,B01
202100003456,2,7,,0,2,3,1,A01
202100003456,1,50,,0,2,2,5,B01
202100003457,2,7,,0,2,9,9,A01
202100003457,2,7,,0,2,1,0,B01
202100003457,1,7,,0,2,8,0,C01
202100003458,2,7,,3,2,0,0,A01
202100003458,2,7,,0,2,4,0,C01
202100003458,2,7,,3,2,4,0,B01
202100003459,3,7,,0,2,3,1,A01
202100003459,3,1,,0,2,1,1,B01
202100003460,1,7,,13,0,1,14,A01
202100003461,2,2,,0,6,1,1,A01
202100003462,1,7,,0,2,1,2,B01
202100003462,1,36,,0,0,4,2,A01
202100003463,1,3,,0,2,2,9,B01
202100003463,1,7,,0,2,3,1,A01
202100003464,0,33,,0,0,8,1,A01
202100003465,2,7,,0,2,1,13,A01
202100003465,1,7,,0,2,1,1,B01
202100003466,2,7,,6,0,1,13,A01
202100003467,3,7,,8,0,7,13,A01
202100003468,2,2,,0,2,4,1,B01
202100003468,2,2,,0,2,1,2,A01
202100003469,2,33,,0,2,2,1,A01
202100003469,1,7,,0,2,1,15,B01
202100003470,2,7,,13,0,1,2,A01
202100003471,3,7,,0,1,1,1,A01
202100003472,2,7,,0,2,1,1,B01
202100003472,1,7,,0,2,1,1,A01
202100003473,1,7,,0,2,3,13,A01
202100003473,2,10,,0,2,1,1,B01
202100003474,0,7,,2,0,1,26,A01
202100003475,2,7,,0,2,4,2,B01
202100003475,2,7,,0,2,1,2,A01
202100003476,1,7,,8,0,2,1,A01
202100003477,1,7,,0,2,1,13,A01
202100003477,2,7,,0,2,1,1,B01
202100003478,1,7,,2,0,8,26,A01
202100003479,2,7,,16,0,2,1,A01
202100003480,1,7,,0,2,1,1,B01
202100003480,1,7,,0,2,2,17,A01
202100003481,1,7,,2,0,7,1,A01
202100003482,2,7,,13,0,2,0,A01
202100003483,1,33,,0,0,4,1,B01
202100003483,1,7,,0,2,3,1,A01
202100003484,1,7,,0,9,2,1,A01
202100003484,3,50,,0,2,7,1,B01
202100003485,1,17,,13,9,2,14,A01
202100003486,1,7,,3,2,0,21,C01
202100003486,1,7,,4,2,6,9,B01
202100003486,1,7,,3,2,2,1,A01
202100003487,1,7,,0,2,1,2,B01
202100003487,1,7,,4,0,9,2,A01
202100003488,1,7,,0,2,1,10,A01
202100003488,2,32,,0,2,2,17,B01
202100003489,1,7,,0,2,1,13,A01
202100003489,2,7,,0,2,1,1,B01
202100003490,3,32,,15,0,1,1,A01
202100003491,2,7,,0,2,1,13,A01
202100003491,1,10,,0,2,1,1,B01
202100003491,1,7,,0,2,1,1,C01
202100003492,3,7,,0,2,2,26,A01
202100003492,3,80,,0,2,1,1,B01
202100003493,1,7,,0,2,3,23,C01
202100003493,2,7,,0,2,7,15,B01
202100003493,1,7,,0,2,1,1,A01
202100003494,2,7,,2,0,1,14,A01
202100003495,3,7,,0,2,3,13,A01
202100003495,3,7,,0,2,3,1,B01
202100003495,3,7,,0,2,2,1,C01
202100003496,2,33,,0,0,7,1,A01
202100003497,2,7,,8,0,7,0,A01
202100003498,2,2,,0,2,1,1,A01
202100003498,1,7,,0,2,1,19,B01
202100003499,1,7,,0,2,1,1,B01
202100003499,2,7,,0,2,1,23,A01
202100003500,0,3,,0,2,4,1,B01
202100003500,0,7,,0,2,1,1,A01
202100003501,2,10,,0,2,4,1,B01
202100003501,2,7,,0,2,4,1,C01
202100003501,2,7,,0,2,1,1,A01
202100003501,2,7,,0,2,4,1,D01
202100003502,2,7,,0,2,2,12,A01
202100003502,2,33,,0,2,1,3,B01
202100003503,2,7,,0,2,1,1,A01
202100003503,2,7,,0,2,4,2,B01
202100003503,2,7,,0,2,4,2,C01
202100003504,1,7,,0,2,4,2,B01
202100003504,1,7,,0,2,1,2,A01
202100003505,1,7,,0,2,4,23,C01
202100003505,1,7,,0,2,4,1,B01
202100003505,1,7,,0,2,1,1,A01
202100003506,1,7,,0,2,1,1,A01
202100003506,1,7,,0,2,6,1,B01
202100003507,2,7,,0,2,1,2,A01
202100003507,2,7,,0,2,7,2,B01
202100003508,2,7,,0,2,6,1,B01
202100003508,2,7,,0,2,2,0,A01
202100003509,2,7,,0,1,2,1,A01
202100003510,2,7,,0,1,3,1,A01
202100003511,3,7,,0,1,1,1,A01
202100003512,2,7,,0,1,1,1,A01
202100003513,2,7,,0,1,3,9,A01
202100003514,1,33,,0,2,2,17,A01
202100003514,1,7,,0,2,8,15,B01
202100003515,2,7,,0,2,1,2,A01
202100003515,2,7,,0,2,4,2,B01
202100003516,2,7,,0,2,3,5,A01
202100003516,1,7,,0,2,3,1,B01
202100003517,2,7,,0,2,2,1,B01