Num_Acc,senc,catv,occutc,obs,obsm,choc,manv,num_veh
202100003517,2,7,,0,2,3,9,A01
202100003518,2,14,,0,2,2,2,A01
202100003518,2,7,,0,2,1,2,B01
202100003518,2,7,,1,0,1,2,C01
202100003518,2,7,,0,2,4,23,D01
202100003519,3,7,,0,2,3,9,B01
202100003519,1,32,,0,2,1,3,A01
202100003520,1,32,,0,2,1,16,A01
202100003520,1,7,,0,2,3,1,B01
202100003521,2,7,,0,2,3,0,B01
202100003521,2,32,,0,2,1,26,A01
202100003522,1,10,,0,2,1,2,A01
202100003522,1,33,,0,2,4,23,B01
202100003523,1,7,,0,1,1,16,A01
202100003524,2,30,,12,0,2,1,A01
202100003525,2,33,,0,2,0,2,B01
202100003525,2,33,,0,2,0,2,A01
202100003526,1,7,,0,2,8,16,B01
202100003526,2,33,,0,2,3,1,A01
202100003527,1,7,,0,2,1,2,A01
202100003527,1,7,,0,2,4,2,B01
202100003527,1,7,,0,2,4,16,C01
202100003528,1,10,,6,2,8,9,A01
202100003528,2,13,,0,2,3,1,B01
202100003529,2,1,,0,2,2,1,A01
202100003529,1,7,,0,2,3,15,B01
202100003530,2,7,,0,0,0,0,A01
202100003530,2,2,,0,2,0,9,B01
202100003531,1,30,,0,2,1,1,A01
202100003531,1,7,,0,2,7,1,B01
202100003532,3,7,,0,1,2,1,A01
202100003533,1,7,,0,9,2,16,B01
202100003533,1,1,,0,2,2,7,A01
202100003534,3,2,,0,2,8,26,A01
202100003534,3,33,,0,2,1,1,B01
202100003535,1,7,,9,0,1,26,A01
202100003536,2,7,,4,0,8,26,B01
202100003536,2,99,,0,2,4,26,A01
202100003537,1,33,,0,2,0,3,A01
202100003537,1,7,,0,2,5,12,B01
202100003538,1,7,,0,2,8,9,A01
202100003538,1,30,,0,2,7,3,B01
202100003539,3,33,,0,1,1,1,A01
202100003540,3,33,,0,2,7,3,A01
202100003540,3,7,,0,2,1,9,B01
202100003541,3,7,,1,2,2,20,A01
202100003541,3,33,,0,2,2,1,B01
202100003542,1,7,,0,1,1,1,A01
202100003543,3,7,,0,2,1,1,A01
202100003543,3,7,,0,2,8,1,B01
202100003544,1,7,,0,2,3,1,B01
202100003544,1,1,,0,2,8,19,A01
202100003545,3,7,,0,2,7,1,B01
202100003545,3,7,,0,2,1,19,A01
202100003546,1,30,,0,1,1,17,A01
202100003547,1,50,,0,2,7,1,B01
202100003547,2,7,,0,2,1,1,A01
202100003548,3,50,,0,1,1,25,A01
202100003549,2,1,,0,2,1,26,B01
202100003549,1,7,,0,2,1,15,A01
202100003550,2,10,,0,1,1,15,A01
202100003551,3,1,,0,4,7,1,B01
202100003551,0,40,,0,2,3,1,A01
202100003552,3,7,,0,2,3,1,A01
202100003552,3,7,,0,2,2,9,B01
202100003553,2,7,,1,1,2,17,A01
202100003554,3,1,,15,2,3,24,B01
202100003554,1,10,,6,2,5,26,A01
202100003555,1,10,,0,2,1,1,A01
202100003555,1,7,,0,2,4,15,B01
202100003556,1,7,,0,2,3,1,B01
202100003556,2,7,,0,2,3,15,A01
202100003557,1,1,,0,2,7,26,B01
202100003557,2,7,,0,2,1,1,A01
202100003558,1,31,,0,0,0,26,A01
202100003559,3,7,,16,1,4,20,A01
202100003560,3,7,,9,0,8,1,A01
202100003561,3,7,,12,2,2,17,A01
202100003561,3,7,,0,2,6,1,B01
202100003561,3,10,,12,2,2,1,C01
202100003562,1,10,,0,1,2,16,A01
202100003563,1,7,,4,0,2,1,A01
202100003564,3,7,,0,2,4,26,A01
202100003564,3,10,,0,2,3,12,B01
202100003565,1,7,,0,1,2,1,A01
202100003566,1,7,,0,1,5,4,A01
202100003567,1,7,,8,0,2,0,A01
202100003568,1,7,,0,1,2,9,A01
202100003569,1,7,,0,2,1,26,A01
202100003569,1,32,,0,2,4,2,B01
202100003570,1,7,,0,1,1,26,Z01
202100003571,2,10,,0,1,3,15,A01
202100003572,1,7,,0,1,1,21,A01
202100003573,2,1,,0,2,1,1,B01
202100003573,1,10,,0,2,1,20,A01
202100003574,2,7,,0,2,3,19,A01
202100003574,1,33,,0,2,1,1,B01
202100003575,0,7,,0,1,1,15,A01
202100003576,2,7,,0,2,1,1,A01
202100003576,1,7,,0,2,3,1,B01
202100003577,2,2,,12,0,8,13,A01
202100003578,2,7,,0,2,8,1,B01
202100003578,1,7,,5,2,1,13,A01
202100003579,2,7,,0,2,1,15,A01
202100003579,2,2,,0,2,1,21,B01
202100003580,2,7,,0,2,1,2,A01
202100003580,2,7,,0,2,4,23,B01
202100003581,1,7,,0,2,1,0,B01
202100003581,1,7,,3,2,1,14,A01
202100003582,3,7,,0,1,2,1,A01
202100003583,2,30,,0,2,7,16,B01
202100003583,2,7,,14,2,2,9,A01
202100003584,2,7,,0,2,1,1,B01
202100003584,2,0,,0,2,0,1,A01
202100003585,1,33,,0,2,7,17,A01
202100003585,1,7,,0,2,3,1,B01
202100003586,1,32,,0,2,7,17,B01
202100003586,1,7,,0,2,3,15,A01
202100003587,2,7,,0,2,7,1,A01
202100003587,2,2,,0,2,1,1,B01
202100003588,1,2,,0,2,0,17,B01
202100003588,1,7,,0,2,0,15,A01
202100003589,2,10,,0,2,0,24,C01
202100003589,2,14,,1,2,2,1,A01
202100003590,1,7,,0,2,4,2,B01
202100003590,1,30,,0,2,1,2,A01
202100003591,3,7,,0,1,1,15,A01
202100003592,2,7,,0,0,9,14,B01
202100003592,2,7,,0,0,0,10,A01
202100003593,3,7,,0,2,1,26,B01
202100003593,3,1,,0,2,2,26,A01
202100003594,2,30,,0,9,2,1,A01
202100003595,1,7,,0,2,0,0,B01
202100003595,1,7,,0,2,1,0,A01
202100003596,2,38,6.0,0,2,5,2,B01
202100003596,2,10,,0,2,1,0,Z01
202100003597,2,7,,12,1,2,14,A01
202100003598,3,7,,0,0,8,21,A01
202100003598,3,20,,0,0,8,21,B01
202100003599,2,7,,0,2,1,1,B01
202100003599,1,7,,0,2,7,1,A01
202100003600,3,7,,0,1,3,1,A01
202100003601,3,37,1.0,0,1,7,15,A01
202100003602,1,7,,0,2,3,15,A01
202100003602,2,50,,0,2,1,1,B01
202100003603,3,50,,0,0,0,0,B01
202100003603,1,7,,0,9,3,26,A01
202100003604,1,7,,0,0,3,0,A01
202100003605,1,10,,0,2,3,21,D01
202100003605,1,10,,3,2,3,1,C01
202100003605,1,7,,0,2,3,1,B01
202100003605,2,15,,0,2,3,13,A01
202100003606,2,7,,0,2,1,2,A01
202100003606,2,10,,0,2,4,23,B01
202100003607,1,7,,0,2,6,2,B01
202100003607,1,7,,0,2,2,2,A01
202100003608,2,7,,0,2,1,15,A01
202100003608,1,7,,0,2,0,0,B01
202100003609,1,7,,0,2,4,1,B01
202100003609,1,7,,0,2,1,1,A01
202100003610,1,50,,0,2,1,1,B01
202100003610,1,7,,0,2,2,9,A01
202100003611,1,7,,0,1,1,1,A01
202100003612,2,7,,0,2,2,1,B01
202100003612,2,7,,0,2,3,20,A01
202100003613,1,7,,0,2,1,1,A01
202100003613,2,32,,0,2,1,1,B01
202100003614,2,2,,0,0,7,9,A01
202100003615,2,7,,0,1,2,21,A01
202100003616,1,7,,0,2,1,1,B01
202100003616,1,7,,0,2,1,1,A01
202100003617,1,7,,0,2,8,9,A01
202100003617,1,1,,0,2,2,0,B01
202100003618,1,7,,0,2,3,0,A01
202100003619,3,7,,0,1,1,16,A01
202100003620,2,7,,0,2,3,1,C01
202100003620,2,7,,0,2,3,1,B01
202100003620,1,7,,0,2,1,1,A01
202100003621,3,99,,0,2,8,19,B01
202100003621,3,7,,0,9,1,15,A01
202100003622,2,7,,1,0,2,14,A01
202100003623,1,7,,0,2,2,16,A01
202100003623,2,1,,9,2,2,1,B01
202100003624,1,7,,8,0,3,13,A01
202100003625,1,7,,0,2,5,15,A01
202100003625,2,1,,0,2,1,1,B01
202100003626,3,7,,0,1,7,1,A01
202100003627,1,7,,0,1,1,1,A01
202100003628,3,7,,8,0,8,26,A01
202100003629,1,7,,0,9,3,15,A01
202100003629,1,30,,0,2,3,1,B01
202100003630,1,7,,0,2,1,1,A01
202100003630,1,7,,0,2,4,1,B01
202100003631,1,10,,0,2,8,1,B01
202100003631,1,7,,0,2,7,16,A01
202100003632,1,33,,0,2,8,1,B01
202100003632,1,7,,0,9,7,1,A01
202100003633,1,7,,9,9,1,5,A01
202100003633,1,7,,0,2,4,1,B01
202100003633,1,37,1.0,0,2,4,23,C01
202100003634,1,1,,0,2,7,1,A01
202100003634,1,7,,0,9,8,1,B01
202100003635,1,7,,0,1,3,16,A01
202100003636,1,7,,0,2,0,0,B01
202100003636,1,7,,0,0,4,1,A01
202100003637,1,7,,0,1,1,1,A01
202100003638,1,2,,0,2,1,1,B01
202100003638,2,7,,0,2,2,15,A01
202100003639,1,7,,0,1,3,15,A01
202100003640,2,7,,11,0,3,13,A01
202100003641,0,7,,8,0,9,9,A01
202100003642,2,7,,0,2,4,2,B01
202100003642,2,7,,0,2,1,2,A01
202100003643,1,7,,0,2,7,26,B01
202100003643,1,1,,0,2,1,26,A01
202100003644,1,7,,0,1,1,26,A01
202100003645,1,2,,0,1,0,0,A01
202100003646,1,7,,0,2,4,1,B01
202100003646,1,1,,0,2,1,1,A01
202100003647,1,80,,0,0,7,26,A01
202100003648,2,7,,0,2,4,23,B01
202100003648,2,7,,0,2,1,1,A01
202100003649,2,7,,0,0,1,19,A01
202100003650,1,1,,0,2,1,1,B01
202100003650,1,10,,0,2,1,16,A01
202100003651,0,7,,0,2,1,1,A01
202100003651,2,7,,0,2,4,23,B01
202100003652,2,7,,0,1,1,1,A01
202100003653,1,1,,0,2,1,1,B01
202100003653,1,7,,0,2,7,16,A01
202100003654,1,7,,0,1,7,1,A01
202100003655,1,7,,6,0,3,13,A01
202100003656,3,7,,0,2,2,1,A01
202100003656,3,14,,0,2,3,16,B01
202100003657,3,7,,0,2,6,23,B01
202100003657,3,7,,0,2,0,2,A01
202100003658,2,10,,0,2,7,13,A01
202100003658,1,32,,0,2,1,1,B01
202100003659,3,1,,0,2,1,16,B01
202100003659,3,7,,0,2,7,15,A01
202100003660,1,7,,0,1,3,15,A01
202100003661,2,7,,8,0,1,13,A01
202100003662,0,7,,0,1,1,16,A01
202100003663,3,7,,15,0,0,16,A01
202100003664,1,7,,0,2,4,1,B01
202100003664,1,7,,0,2,1,2,A01
202100003665,1,10,,0,2,1,2,B01
202100003665,1,10,,0,2,4,1,A01
202100003666,1,7,,0,2,3,1,A01
202100003666,2,7,,0,2,3,15,B01
202100003667,1,33,,0,2,1,1,B01
202100003667,2,31,,0,2,1,1,A01
202100003668,3,7,,0,1,3,15,A01
202100003669,1,7,,0,1,1,1,B01
202100003670,2,80,,0,2,1,1,B01
202100003670,2,7,,0,2,3,9,A01
202100003671,1,40,,0,1,2,1,A01
202100003672,3,32,,0,2,7,17,A01
202100003672,3,7,,0,2,3,1,B01
202100003673,1,10,,0,1,1,0,A01
202100003674,1,1,,0,2,1,1,A01
202100003674,1,7,,0,2,4,23,B01
202100003675,1,7,,0,1,2,1,A01
202100003676,3,7,,0,2,8,15,A01
202100003676,1,10,,0,2,0,0,B01
202100003677,2,15,,0,2,4,1,B01
202100003677,2,7,,0,2,4,1,A01
202100003678,2,7,,0,2,1,1,A01
202100003679,3,7,,0,2,1,2,B01
202100003679,3,7,,0,2,4,2,A01
202100003680,1,7,,0,1,1,1,A01
202100003681,0,7,,0,2,1,1,A01
202100003681,0,7,,0,2,4,1,B01
202100003682,3,7,,0,2,1,15,B01
202100003682,3,7,,0,2,2,1,A01
202100003683,3,7,,0,2,1,26,A01
202100003683,3,7,,0,2,1,0,B01
202100003683,3,7,,0,2,1,0,C01
202100003683,3,7,,0,0,4,0,D01
202100003684,1,2,,0,2,7,1,A01
202100003684,2,7,,0,2,1,9,B01
202100003685,3,7,,0,2,7,9,A01
202100003685,3,33,,0,2,0,1,B01
202100003686,1,30,,0,2,1,1,B01
202100003686,3,7,,0,2,8,9,A01
202100003687,3,10,,0,1,1,1,A01
202100003688,3,1,,0,2,7,19,B01
202100003688,3,7,,0,2,1,1,A01
202100003689,2,1,,0,0,0,0,A01
202100003689,-1,7,,0,2,2,1,B01
202100003690,3,99,,0,1,3,25,A01
202100003691,1,10,,0,2,8,1,B01
202100003691,1,7,,0,2,1,19,A01
202100003692,3,10,,0,1,1,15,A01
202100003693,3,1,,0,2,1,1,B01
202100003693,1,7,,0,2,2,9,A01
202100003694,3,31,,0,2,2,2,A01
202100003694,3,7,,0,2,3,10,Z01
202100003695,3,33,,0,2,1,2,B01
202100003695,3,7,,0,2,8,9,A01
202100003696,1,7,,0,2,1,26,B01
202100003696,2,7,,0,2,1,1,A01
202100003697,1,7,,0,2,1,9,A01
202100003697,1,34,,0,2,3,9,B01
202100003698,3,30,,0,2,8,18,Z01
202100003698,2,31,,0,2,2,1,B01
202100003699,3,1,,0,2,8,1,B01
202100003699,3,7,,0,2,2,16,A01
202100003700,3,7,,0,2,2,1,B01
202100003700,3,7,,0,2,3,26,A01
202100003701,2,7,,0,2,4,1,B01
202100003701,2,2,,0,2,1,2,A01
202100003702,1,10,,0,2,4,23,A01
202100003702,1,7,,0,2,4,2,B01
202100003702,1,7,,0,2,1,2,C01
202100003703,1,7,,0,2,3,15,A01
202100003703,1,7,,0,2,3,1,B01
202100003704,2,33,,0,2,1,1,B01
202100003704,1,7,,0,2,5,15,A01
202100003705,2,7,,0,2,0,15,A01
202100003705,2,31,,0,2,0,16,B01
202100003706,3,7,,0,2,3,20,A01
202100003706,3,2,,0,2,8,1,B01
202100003707,1,43,,0,2,1,1,B01
202100003707,0,7,,0,0,8,15,A01
202100003708,1,31,,0,1,1,0,A01
202100003709,3,7,,0,2,4,24,B01
202100003709,3,7,,1,1,1,9,A01
202100003710,1,10,,0,2,2,1,A01
202100003710,1,32,,0,2,4,23,B01
202100003711,1,10,,0,2,1,1,A01
202100003711,1,7,,0,4,0,1,B01
202100003712,2,7,,0,2,3,9,A01
202100003712,1,7,,0,2,7,1,B01
202100003713,2,7,,0,2,1,15,A01
202100003713,1,7,,0,2,3,1,B01
202100003714,2,33,,0,2,1,21,A01
202100003714,2,14,,0,2,4,15,B01
202100003715,1,7,,0,2,6,9,A01
202100003715,2,7,,0,2,1,1,B01
202100003715,1,7,,0,2,2,1,C01
202100003716,2,31,,0,0,8,1,A01
202100003717,2,7,,0,1,2,1,A01
202100003718,1,30,,0,1,1,15,A01
202100003719,3,7,,0,2,1,15,B01
202100003719,3,34,,0,2,8,1,A01
202100003720,1,32,,0,2,3,1,B01
202100003720,1,7,,0,2,1,1,A01
202100003721,1,37,1.0,0,2,1,2,A01
202100003721,1,7,,0,2,4,23,B01
202100003722,1,30,,0,2,3,1,A01
202100003722,1,33,,0,2,2,23,B01
202100003723,3,1,,0,2,1,1,A01
202100003723,3,7,,0,2,2,1,B01
202100003724,1,7,,12,0,3,13,A01
202100003725,2,7,,0,1,3,1,A01
202100003726,1,30,,12,0,1,21,A01
202100003727,2,7,,0,2,3,21,A01
202100003727,3,10,,0,2,0,24,Z01
202100003728,2,1,,0,0,0,1,A01
202100003729,1,7,,0,2,7,15,A01
202100003729,2,2,,0,2,8,1,B01
202100003730,1,34,,0,2,2,17,B01
202100003730,1,7,,0,2,3,15,A01
202100003731,2,43,,0,2,1,17,B01
202100003731,2,7,,0,2,3,10,A01
202100003732,1,1,,0,2,6,19,B01
202100003732,1,7,,0,2,3,15,Z01
202100003733,1,7,,0,1,1,15,A01
202100003734,1,1,,0,1,1,21,A01
202100003735,1,50,,0,2,4,2,B01
202100003735,1,7,,0,2,1,2,A01
202100003736,2,7,,0,9,1,1,A01
202100003736,2,50,,0,2,4,23,B01
202100003737,1,7,,0,2,4,2,B01
202100003737,1,37,1.0,0,2,1,2,A01
202100003738,3,7,,0,2,3,0,B01
202100003738,2,2,,0,2,3,0,A01
202100003739,0,37,3.0,0,0,0,1,A01
202100003740,3,7,,0,2,1,26,A01
202100003740,3,7,,0,2,2,15,B01
202100003741,0,7,,0,1,3,15,A01
202100003742,3,2,,0,2,2,15,B01
202100003742,3,10,,0,2,2,1,A01
202100003743,1,7,,0,2,1,1,B01
202100003743,1,7,,0,2,7,15,A01
202100003744,1,15,,0,2,7,16,B01
202100003744,1,32,,0,2,8,18,A01
202100003745,1,99,,0,1,1,1,A01
202100003746,-1,7,,0,1,1,15,A01
202100003747,0,30,,0,0,0,0,A01
202100003748,2,30,,0,0,3,21,A01
202100003749,3,31,,0,1,2,1,A01
202100003750,1,32,,0,2,8,1,B01
202100003750,2,3,,0,2,3,15,A01
202100003751,1,7,,0,1,2,17,A01
202100003752,3,34,,0,1,8,16,A01
202100003753,2,31,,0,2,2,1,B01
202100003753,2,7,,0,2,3,15,A01
202100003754,3,33,,0,1,0,21,A01
202100003755,0,7,,0,2,7,1,A01
202100003755,0,7,,0,2,1,1,B01
202100003756,1,31,,0,2,1,1,A01
202100003756,1,3,,0,2,6,0,B01
202100003757,2,2,,0,2,2,2,B01
202100003757,2,7,,0,2,3,20,A01
202100003758,3,7,,13,0,2,1,A01
202100003759,1,33,,0,2,1,5,A01
202100003759,2,7,,0,2,3,1,B01
202100003760,3,7,,0,1,3,1,A01
202100003761,1,15,,0,0,0,0,B01
202100003761,1,7,,0,2,1,0,A01
202100003762,1,33,,0,2,1,17,A01
202100003762,2,7,,0,2,3,1,B01
202100003762,1,7,,0,2,8,2,C01
202100003763,3,7,,13,0,0,14,A01
202100003764,1,7,,13,0,3,1,A01
202100003765,2,7,,16,0,1,21,A01
202100003766,2,7,,0,2,1,17,A01
202100003766,1,7,,0,2,1,1,B01
202100003767,2,7,,8,0,6,4,A01
202100003768,1,14,,0,2,1,2,A01
202100003768,1,7,,12,2,7,2,B01
202100003769,1,7,,2,0,7,1,A01
202100003770,2,7,,0,0,0,1,A01
202100003771,1,7,,0,1,1,1,A01
202100003772,1,33,,0,0,9,1,A01
202100003773,1,7,,13,0,7,13,A01
202100003774,3,7,,13,2,3,13,A01
202100003774,3,7,,0,2,3,13,B01
202100003775,2,7,,0,1,2,1,A01
202100003776,2,7,,13,0,8,13,A01
202100003777,3,7,,0,1,2,15,A01
202100003778,1,10,,0,2,1,1,B01
202100003778,2,7,,0,2,3,15,A01
202100003779,2,7,,0,0,2,2,A01
202100003779,2,50,,0,0,6,2,B01
202100003780,2,7,,13,0,1,1,A01
202100003781,1,7,,0,1,2,1,A01
202100003782,2,7,,0,2,3,21,B01
202100003782,1,7,,0,2,3,13,A01
202100003783,1,17,,13,0,1,1,A01
202100003784,1,7,,0,1,2,19,A01
202100003785,2,7,,0,2,3,13,A01
202100003785,1,7,,0,2,3,1,B01
202100003786,1,7,,14,0,3,1,E01
202100003786,1,7,,14,0,1,1,D01
202100003786,1,7,,0,2,0,0,C01
202100003786,1,7,,0,2,0,1,B01
202100003786,1,7,,0,2,2,12,A01
202100003787,2,7,,1,0,1,14,A01
202100003787,2,7,,0,0,4,24,B01
202100003787,2,7,,0,2,1,2,C01
202100003788,2,7,,0,2,1,1,A01
202100003788,1,7,,0,2,1,13,B01
202100003789,2,1,,0,9,1,1,B01
202100003789,1,80,,0,9,1,5,A01
202100003790,2,7,,0,0,1,2,A01
202100003790,2,7,,0,0,4,23,B01
202100003790,2,7,,1,0,3,1,C01
202100003791,3,34,,0,2,1,1,B01
202100003791,3,7,,0,2,8,15,A01
202100003792,2,10,,0,0,5,2,A01
202100003792,2,7,,3,2,1,2,B01
202100003792,2,7,,0,2,2,2,C01
202100003793,2,1,,0,2,0,16,A01
202100003793,1,1,,0,2,0,19,B01
202100003794,1,7,,0,1,3,1,A01
202100003795,3,7,,8,0,2,1,A01
202100003796,2,7,,8,0,1,1,A01
202100003797,1,7,,0,2,1,13,A01
202100003797,2,99,,0,2,3,21,B01
202100003798,2,7,,8,0,8,1,A01
202100003799,2,7,,0,0,1,1,B01
202100003799,2,7,,0,0,4,0,A01
202100003800,1,7,,0,1,2,2,A01
202100003801,1,10,,3,2,6,1,A01
202100003801,1,7,,0,2,1,0,B01
202100003802,2,7,,0,2,4,1,A01
202100003802,2,7,,0,2,1,1,B01
202100003802,2,10,,0,2,1,1,D01
202100003802,2,10,,0,2,1,1,C01
202100003803,1,34,,0,0,0,2,A01
202100003804,1,7,,17,0,1,1,A01
202100003805,2,7,,0,2,3,2,B01
202100003805,1,7,,0,2,1,5,A01
202100003806,1,7,,0,2,4,2,B01
202100003806,1,7,,0,2,1,2,A01
202100003806,1,7,,0,2,6,2,C01
202100003807,1,7,,4,0,3,2,A01
202100003808,1,7,,0,2,1,2,A01
202100003808,1,7,,0,2,4,2,B01
202100003808,1,7,,0,2,4,2,C01
202100003809,2,7,,0,2,6,1,C01
202100003809,2,33,,0,2,7,1,B01
202100003809,2,7,,0,2,3,11,A01
202100003810,2,7,,0,0,4,2,B01
202100003810,2,7,,0,2,1,2,A01
202100003811,1,7,,0,2,5,10,A01
202100003811,1,33,,0,2,1,1,B01
202100003812,2,7,,0,2,1,1,A01
202100003812,2,7,,0,2,4,1,B01
202100003813,1,7,,3,0,3,13,A01
202100003814,1,7,,4,0,2,2,A01
202100003815,2,33,,0,2,7,1,A01
202100003815,2,7,,0,2,8,11,B01
202100003816,2,7,,0,0,0,1,A01
202100003817,2,33,,0,2,4,0,A01
202100003818,2,10,,0,2,1,2,A01
202100003818,2,7,,0,2,4,2,B01
202100003819,1,17,,0,2,1,2,A01
202100003819,1,7,,0,2,4,2,B01
202100003819,1,7,,0,2,4,2,C01
202100003819,1,7,,0,2,4,2,D01
202100003819,1,10,,0,2,4,2,E01
202100003820,1,7,,4,0,1,1,A01
202100003821,2,10,,0,2,6,0,B01
202100003821,2,99,,1,2,2,1,A01
202100003822,2,10,,1,1,3,1,A01
202100003823,3,10,,0,2,3,1,A01
202100003823,3,7,,0,2,3,1,B01
202100003824,1,33,,0,2,1,1,B01
202100003824,1,7,,0,2,5,1,A01
202100003825,1,7,,0,2,3,1,B01
202100003825,1,7,,8,2,3,1,A01
202100003826,1,7,,7,0,1,13,A01
202100003827,2,33,,0,1,1,17,A01
202100003828,1,1,,0,2,3,19,A01
202100003828,2,43,,0,2,1,1,B01
202100003829,1,50,,0,2,8,19,B01
202100003829,2,14,,0,2,1,16,A01
202100003830,1,10,,0,1,1,1,A01
202100003831,2,33,,0,2,4,23,B01
202100003831,2,2,,0,2,1,21,A01
202100003832,1,7,,0,2,3,1,B01
202100003832,1,43,,0,2,2,1,A01
202100003833,1,50,,0,2,1,1,A01
202100003833,2,7,,0,2,2,15,B01
202100003834,2,10,,0,1,5,1,A01
202100003835,2,50,,0,1,1,1,Z01
202100003836,2,32,,0,2,2,1,B01
202100003836,2,7,,0,2,3,9,A01
202100003837,1,10,,0,1,4,4,A01
202100003838,1,50,,0,2,8,1,B01
202100003838,3,10,,0,2,7,1,A01
202100003839,2,32,,0,2,8,21,B01
202100003839,2,7,,0,2,0,9,A01
202100003840,2,1,,0,2,2,1,B01
202100003840,2,7,,0,2,8,22,A01
202100003841,2,2,,0,0,2,7,A01
202100003842,1,7,,0,2,7,1,B01
202100003842,1,30,,0,2,8,16,A01
202100003843,2,7,,0,1,1,1,A01
202100003844,3,37,2.0,0,2,2,15,B01
202100003844,3,7,,0,2,3,1,A01
202100003845,2,30,,0,2,1,1,B01
202100003845,1,7,,0,2,5,15,A01
202100003846,2,7,,0,1,3,1,A01
202100003847,1,7,,0,2,1,17,B01
202100003847,1,7,,15,2,8,20,A01
202100003848,0,3,,0,0,0,15,Z01
202100003848,-1,3,,0,2,2,1,A01
202100003849,3,3,,0,1,1,26,A01
202100003850,1,43,,0,2,1,2,B01
202100003850,-1,3,,0,2,0,13,A01
202100003851,1,32,,12,2,5,17,A01
202100003851,1,14,,0,2,8,15,B01
202100003852,3,7,,0,1,1,1,A01
202100003853,2,7,,1,0,1,20,A01
202100003853,2,31,,0,2,1,2,B01
202100003854,2,30,,0,0,1,19,B01
202100003854,2,10,,0,0,2,16,A01
202100003855,2,7,,0,2,4,1,B01
202100003855,2,14,,0,2,1,2,A01
202100003856,2,7,,0,2,4,23,A01
202100003856,2,99,,0,2,1,1,B01
202100003857,1,1,,0,1,3,1,A01
202100003858,1,10,,0,2,1,1,Z01
202100003858,1,7,,0,2,4,23,B01
202100003859,1,7,,0,1,1,15,A01
202100003860,2,7,,0,2,1,15,B01
202100003860,1,50,,0,2,1,1,A01
202100003861,1,2,,0,2,1,21,A01
202100003861,3,37,1.0,0,2,1,0,B01
202100003862,1,7,,0,2,0,16,B01
202100003862,1,1,,0,2,0,1,A01
202100003863,1,7,,0,2,3,1,A01
202100003863,0,60,,0,2,1,19,B01
202100003864,1,7,,0,2,7,26,A01
202100003864,1,7,,0,2,1,1,B01
202100003865,1,7,,0,1,2,17,A01
202100003866,2,10,,9,2,1,1,B01
202100003866,1,7,,0,2,1,13,A01
202100003867,1,7,,4,0,3,13,A01
202100003868,2,7,,1,0,7,1,C01
202100003868,2,17,,0,2,3,1,B01
202100003868,2,7,,0,2,5,17,A01
202100003869,1,7,,2,0,2,0,A01
202100003870,1,7,,13,9,9,1,A01
202100003871,2,7,,0,2,2,1,A01
202100003871,2,7,,0,2,3,19,B01
202100003872,1,10,,0,2,3,1,B01
202100003872,1,7,,0,2,6,19,A01
202100003873,2,15,,4,0,2,1,A01
202100003874,0,10,,0,1,1,1,A01
202100003875,1,7,,0,2,1,15,A01
202100003875,2,7,,0,2,1,1,B01
202100003876,2,7,,0,2,8,19,B01
202100003876,2,2,,0,2,1,1,A01
202100003877,2,2,,0,0,1,1,B01
202100003877,1,7,,0,0,6,11,A01
202100003878,2,17,,0,2,3,13,B01
202100003878,1,7,,0,2,3,1,A01
202100003879,1,7,,0,1,1,15,A01
202100003880,2,7,,0,2,3,17,A01
202100003880,1,2,,0,2,1,1,B01
202100003881,2,7,,0,1,3,26,A01
202100003882,2,7,,2,0,1,13,A01
202100003883,2,7,,0,2,2,1,B01
202100003883,3,7,,0,2,3,16,A01
202100003884,1,7,,0,1,1,1,A01
202100003885,1,7,,6,0,1,1,A01
202100003886,2,2,,0,6,3,1,A01
202100003887,1,7,,0,2,1,1,B01
202100003887,2,7,,0,2,1,1,A01
202100003888,2,1,,0,2,1,2,A01
202100003888,2,7,,0,9,4,23,B01
202100003889,1,2,,8,2,8,1,B01
202100003889,2,7,,0,2,3,15,A01
202100003890,2,7,,0,1,2,21,A01
202100003891,1,7,,0,2,1,1,A01
202100003891,1,7,,0,2,4,1,B01
202100003891,1,7,,0,2,1,1,C01
202100003892,1,7,,0,1,1,1,A01
202100003893,2,7,,0,2,3,13,A01
202100003893,1,2,,0,2,1,1,B01
202100003894,2,7,,0,2,3,13,A01
202100003894,1,7,,0,2,8,1,B01
202100003895,2,7,,0,2,1,1,B01
202100003895,2,20,,0,0,7,19,A01
202100003896,2,2,,0,2,3,13,A01
202100003896,1,7,,0,2,3,1,B01
202100003897,0,7,,17,0,1,1,A01
202100003898,1,50,,0,1,1,1,A01
202100003899,1,10,,0,1,2,1,A01
202100003900,2,7,,0,2,1,13,A01
202100003900,1,7,,0,2,1,1,B01
202100003901,0,7,,0,1,2,1,A01
202100003902,1,15,,0,2,2,23,B01
202100003902,2,2,,1,2,1,5,A01
202100003903,1,14,,1,0,1,1,A01
202100003904,2,33,,0,0,0,0,A01
202100003904,2,7,,0,2,7,1,C01
202100003904,2,10,,0,2,2,1,B01
202100003905,1,7,,0,2,4,1,A01
202100003905,1,7,,0,2,4,1,B01
202100003905,1,7,,0,2,4,1,C01
202100003905,1,7,,0,2,1,1,D01
202100003905,1,7,,0,2,1,1,E01
202100003906,3,38,5.0,13,0,3,1,A01
202100003907,3,2,,13,0,0,0,A01