Num_Acc,senc,catv,occutc,obs,obsm,choc,manv,num_veh
202100003908,1,31,,0,1,1,17,A01
202100003909,1,7,,1,0,1,0,A01
202100003910,2,10,,0,1,2,14,A01
202100003911,1,7,,0,2,2,13,A01
202100003911,2,10,,0,2,1,1,B01
202100003912,1,7,,0,0,4,23,B01
202100003912,1,2,,0,2,1,2,A01
202100003913,2,7,,0,0,2,15,B01
202100003913,1,33,,0,0,1,1,A01
202100003914,1,15,,0,2,3,1,B01
202100003914,1,7,,4,2,1,2,A01
202100003915,2,7,,0,2,3,1,B01
202100003915,1,7,,0,2,6,1,A01
202100003916,1,7,,4,0,1,17,A01
202100003916,1,10,,14,0,1,1,B01
202100003917,3,7,,15,0,2,14,A01
202100003918,2,10,,0,2,8,1,B01
202100003918,1,7,,0,2,8,13,A01
202100003919,2,7,,0,0,4,23,A01
202100003919,2,15,,0,0,1,2,B01
202100003920,2,7,,0,9,3,10,A01
202100003920,2,1,,0,2,1,0,B01
202100003921,1,7,,0,1,2,1,A01
202100003922,1,7,,0,0,1,1,B01
202100003922,0,10,,0,0,7,1,A01
202100003923,2,33,,0,2,1,1,B01
202100003923,3,33,,0,2,3,9,A01
202100003924,1,7,,0,2,4,1,C01
202100003924,1,7,,0,2,4,1,B01
202100003924,1,7,,0,2,1,2,A01
202100003925,1,7,,4,0,1,2,A01
202100003926,2,7,,0,2,4,1,B01
202100003926,2,33,,0,2,1,3,A01
202100003927,2,10,,0,2,4,2,C01
202100003927,2,33,,0,2,3,3,B01
202100003927,2,7,,0,2,2,12,A01
202100003928,1,7,,0,1,1,2,F01
202100003928,1,7,,1,0,1,2,E01
202100003928,1,7,,1,0,1,2,D01
202100003928,1,7,,1,0,1,2,C01
202100003928,1,10,,0,1,2,2,B01
202100003929,2,33,,0,2,1,1,A01
202100003929,2,7,,0,2,4,1,B01
202100003930,1,7,,0,2,1,2,A01
202100003930,1,7,,0,2,4,2,B01
202100003931,1,17,,0,2,8,2,A01
202100003931,1,17,,0,2,1,0,Z01
202100003931,1,7,,0,2,4,2,B01
202100003932,2,7,,0,2,1,1,A01
202100003932,2,7,,0,2,4,2,B01
202100003932,2,7,,0,2,4,2,C01
202100003933,2,10,,0,2,5,2,B01
202100003933,2,43,,0,2,1,2,A01
202100003934,1,7,,0,2,1,0,A01
202100003934,1,7,,0,2,3,0,B01
202100003935,2,7,,0,2,1,1,B01
202100003935,2,7,,0,2,6,9,A01
202100003936,2,7,,0,2,0,11,A01
202100003936,2,7,,4,2,0,1,B01
202100003937,2,7,,0,2,4,1,B01
202100003937,2,7,,0,2,1,1,A01
202100003938,1,7,,0,2,1,2,B01
202100003938,1,7,,0,2,1,2,A01
202100003939,1,33,,3,0,1,0,A01
202100003940,2,7,,0,2,1,2,A01
202100003940,2,7,,0,2,4,2,B01
202100003941,1,43,,0,2,1,3,B01
202100003941,1,7,,0,2,4,12,A01
202100003942,1,32,,1,2,3,3,B01
202100003942,1,7,,4,0,2,0,A01
202100003943,2,3,,3,2,2,14,A01
202100003944,1,7,,0,2,4,2,B01
202100003944,1,7,,0,2,1,2,A01
202100003945,2,15,,0,2,1,2,A01
202100003946,2,15,,1,0,2,1,B01
202100003946,2,15,,0,2,6,24,A01
202100003947,1,7,,0,2,3,18,A01
202100003947,1,7,,6,2,5,1,B01
202100003948,2,7,,2,0,1,1,A01
202100003949,1,7,,0,1,2,1,A01
202100003950,0,33,,0,1,1,3,A01
202100003951,3,2,,0,2,1,21,A01
202100003952,3,37,1.0,0,1,2,20,A01
202100003953,1,7,,6,0,1,13,A01
202100003954,1,80,,0,0,0,1,B01
202100003954,1,80,,0,1,7,1,A01
202100003955,2,13,,0,2,3,26,B01
202100003955,2,7,,0,2,1,13,A01
202100003956,2,1,,0,2,8,1,B01
202100003956,2,14,,0,2,2,16,A01
202100003957,1,14,,0,2,4,2,B01
202100003957,1,7,,0,2,1,2,A01
202100003958,1,7,,0,1,7,21,A01
202100003959,1,7,,0,2,1,1,A01
202100003959,2,7,,0,2,7,1,B01
202100003960,3,7,,1,0,1,13,A01
202100003960,1,7,,0,2,6,24,B01
202100003960,3,7,,1,2,8,24,C01
202100003960,2,7,,1,2,8,24,D01
202100003961,1,30,,0,1,0,1,A01
202100003962,2,40,,0,2,1,1,B01
202100003962,3,7,,0,4,7,26,A01
202100003963,2,1,,0,2,2,1,B01
202100003963,1,10,,0,2,1,9,A01
202100003964,3,7,,0,2,8,15,B01
202100003964,3,10,,0,2,3,21,A01
202100003965,1,1,,0,2,0,0,B01
202100003965,2,7,,0,2,2,15,A01
202100003966,3,30,,0,0,0,1,A01
202100003967,1,7,,0,2,1,1,A01
202100003967,3,50,,0,2,0,0,B01
202100003968,1,1,,0,2,1,2,A01
202100003968,2,7,,0,2,2,15,B01
202100003969,1,7,,0,2,3,15,A01
202100003969,1,32,,0,2,1,1,B01
202100003970,3,7,,1,0,1,0,A01
202100003971,3,7,,6,0,7,1,A01
202100003972,1,2,,0,0,7,16,A01
202100003973,1,10,,0,1,1,15,A01
202100003974,1,7,,0,2,3,1,B01
202100003974,2,7,,0,2,3,13,A01
202100003975,3,1,,0,2,1,1,B01
202100003975,3,7,,0,2,3,9,A01
202100003976,1,7,,0,2,3,26,A01
202100003976,1,10,,0,2,5,26,B01
202100003977,1,7,,0,1,1,9,A01
202100003978,3,10,,0,2,1,9,A01
202100003979,3,7,,0,1,1,26,A01
202100003980,3,7,,0,2,1,1,A01
202100003980,3,80,,0,2,1,1,B01
202100003981,3,7,,0,2,4,1,B01
202100003981,3,2,,0,2,1,1,A01
202100003982,1,33,,0,2,2,1,B01
202100003982,1,7,,0,2,6,11,A01
202100003983,3,1,,0,2,0,0,B01
202100003983,0,7,,0,2,3,15,A01
202100003984,2,7,,0,1,1,15,A01
202100003985,2,7,,0,2,6,23,C01
202100003985,2,7,,0,2,7,15,B01
202100003985,1,7,,0,2,1,1,A01
202100003986,1,7,,7,0,4,1,A01
202100003987,1,7,,0,2,1,1,C01
202100003987,1,7,,0,2,4,1,B01
202100003987,1,10,,0,2,1,1,A01
202100003988,2,7,,0,2,2,21,B01
202100003988,1,7,,0,2,2,5,A01
202100003989,3,7,,0,2,2,0,B01
202100003989,0,0,,0,2,0,1,A01
202100003990,1,7,,0,2,4,2,B01
202100003990,2,10,,0,2,1,2,A01
202100003991,2,7,,0,2,3,1,B01
202100003991,2,2,,0,2,1,1,A01
202100003992,1,7,,0,5,1,1,A01
202100003992,1,7,,0,5,1,1,B01
202100003993,-1,7,,0,1,0,1,A01
202100003994,0,1,,0,2,1,1,B01
202100003994,0,7,,0,2,3,15,A01
202100003995,0,7,,0,1,0,1,A01
202100003996,0,7,,0,2,3,15,A01
202100003996,0,7,,0,2,7,1,B01
202100003997,0,7,,0,2,1,1,B01
202100003997,0,30,,0,2,1,1,A01
202100003998,2,7,,0,2,5,21,A01
202100003998,1,7,,0,0,0,1,B01
202100003999,1,1,,0,2,0,1,B01
202100003999,1,7,,0,2,0,22,A01
202100004000,2,32,,0,2,1,1,A01
202100004000,3,1,,0,2,7,1,B01
202100004001,3,7,,0,2,3,15,A01
202100004001,3,50,,0,2,1,1,B01
202100004002,1,7,,0,2,4,2,B01
202100004002,1,10,,0,2,1,2,A01
202100004003,0,7,,8,0,0,0,A01
202100004004,3,7,,2,0,1,14,A01
202100004005,1,7,,0,1,1,1,A01
202100004006,3,7,,0,1,3,1,A01
202100004007,1,7,,0,2,4,1,C01
202100004007,1,7,,0,2,4,1,B01
202100004007,1,37,1.0,0,2,1,1,A01
202100004008,2,1,,0,2,3,19,B01
202100004008,2,10,,0,9,3,15,A01
202100004009,2,7,,1,2,7,15,B01
202100004009,1,7,,1,2,1,1,Z01
202100004010,2,7,,0,2,3,1,B01
202100004010,1,3,,0,2,1,13,A01
202100004011,2,7,,0,2,5,16,B01
202100004011,1,1,,0,2,1,19,A01
202100004012,1,7,,0,2,4,2,C01
202100004012,1,7,,0,2,4,2,B01
202100004012,1,10,,0,2,1,2,A01
202100004013,1,7,,0,2,3,13,A01
202100004013,2,7,,0,2,6,1,B01
202100004014,3,7,,0,2,2,19,A01
202100004014,3,7,,0,2,1,21,B01
202100004015,2,7,,0,2,4,2,B01
202100004015,2,30,,0,2,1,2,A01
202100004016,3,7,,0,2,1,2,A01
202100004016,3,7,,0,2,9,2,B01
202100004016,3,7,,0,2,4,2,C01
202100004017,3,7,,0,2,1,2,A01
202100004017,3,7,,0,2,4,2,B01
202100004018,2,36,,1,0,1,14,A01
202100004019,2,7,,0,2,2,9,F01
202100004019,1,7,,0,2,7,1,E01
202100004020,1,1,,0,2,4,1,Y01
202100004020,1,7,,0,2,1,2,A01
202100004021,1,37,1.0,0,2,2,17,A01
202100004021,1,1,,16,2,0,0,B01
202100004022,2,7,,3,0,4,1,A01
202100004023,3,7,,8,0,0,1,A01
202100004024,3,7,,0,1,1,15,A01
202100004025,1,7,,0,1,2,1,A01
202100004026,1,7,,0,9,1,1,B01
202100004026,1,30,,0,2,1,9,A01
202100004027,1,1,,0,2,8,0,B01
202100004027,1,10,,0,9,7,2,Z01
202100004028,2,30,,0,2,7,1,B01
202100004028,1,7,,0,2,1,9,Z01
202100004029,1,7,,0,1,0,1,B01
202100004029,1,10,,0,2,1,2,A01
202100004030,3,7,,0,2,2,2,Z01
202100004030,3,50,,0,2,4,1,B01
202100004031,1,7,,0,1,2,1,A01
202100004032,2,30,,0,2,3,18,B01
202100004032,2,7,,0,2,7,14,A01
202100004033,1,1,,0,2,8,1,B01
202100004033,1,7,,0,9,2,16,A01
202100004034,1,7,,0,1,2,15,A01
202100004035,2,7,,0,1,3,1,A01
202100004036,1,7,,0,2,2,15,A01
202100004036,1,7,,0,2,7,1,B01
202100004037,1,7,,9,0,2,1,A01
202100004038,1,31,,0,2,1,0,B01
202100004038,2,7,,0,2,1,15,A01
202100004039,0,7,,0,1,1,1,A01
202100004040,1,7,,0,1,1,1,A01
202100004041,1,80,,0,0,5,26,A01
202100004042,1,1,,0,2,1,26,B01
202100004042,1,7,,0,2,2,26,A01
202100004043,1,7,,0,1,1,26,A01
202100004044,1,1,,0,0,0,26,A01
202100004045,1,2,,0,2,1,1,B01
202100004045,1,10,,0,2,6,26,A01
202100004046,1,30,,0,2,1,26,B01
202100004046,1,7,,0,2,1,26,A01
202100004047,1,50,,0,2,2,26,A01
202100004047,1,7,,0,2,3,26,B01
202100004048,1,7,,0,0,1,26,A01
202100004049,3,7,,0,1,2,16,A01
202100004050,0,0,,0,1,0,0,B01
202100004051,1,37,1.0,0,1,3,15,A01
202100004052,2,30,,0,2,1,2,A01
202100004052,2,7,,0,2,6,2,B01
202100004053,1,7,,0,9,3,25,A01
202100004053,2,50,,0,2,1,25,B01
202100004054,2,7,,0,1,1,1,A01
202100004055,1,1,,8,0,0,16,A01
202100004056,2,7,,3,0,2,14,A01
202100004057,2,7,,0,2,1,1,B01
202100004057,1,32,,0,2,8,1,A01
202100004058,0,10,,0,1,0,1,A01
202100004059,2,7,,0,2,1,1,A01
202100004059,2,7,,0,2,4,1,B01
202100004060,1,7,,0,1,3,9,A01
202100004061,2,7,,0,2,1,1,A01
202100004061,2,50,,0,2,0,1,B01
202100004062,2,7,,8,4,8,1,A01
202100004062,3,40,,0,2,1,1,B01
202100004063,3,7,,0,1,1,2,A01
202100004064,1,7,,0,2,1,2,A01
202100004064,1,7,,0,2,4,23,B01
202100004065,2,7,,0,1,1,1,A01
202100004066,1,7,,0,2,5,2,C01
202100004066,1,7,,0,2,1,2,A01
202100004066,1,7,,0,2,1,2,B01
202100004067,3,30,,0,2,1,1,B01
202100004067,3,7,,0,2,1,15,A01
202100004068,2,7,,0,1,1,1,A01
202100004069,-1,7,,15,0,1,9,A01
202100004070,1,7,,0,2,1,1,C01
202100004070,2,7,,0,2,0,1,B01
202100004070,1,7,,0,2,1,15,A01
202100004071,0,7,,0,2,7,1,B01
202100004071,0,7,,0,2,3,9,A01
202100004072,1,7,,0,0,3,0,B01
202100004072,2,7,,0,2,3,15,A01
202100004073,3,7,,0,1,1,1,A01
202100004074,0,7,,13,0,1,1,A01
202100004075,1,7,,0,2,8,1,B01
202100004075,2,7,,0,2,3,13,A01
202100004076,2,7,,0,2,4,23,B01
202100004076,2,7,,0,2,1,0,A01
202100004076,1,7,,0,0,0,0,C01
202100004077,1,7,,4,0,2,1,A01
202100004078,1,7,,1,0,6,20,A01
202100004079,2,1,,0,2,7,19,B01
202100004079,1,10,,0,2,1,1,A01
202100004080,1,7,,0,2,4,2,D01
202100004080,1,7,,0,2,4,2,C01
202100004080,1,7,,0,2,4,2,B01
202100004080,1,7,,0,2,1,2,A01
202100004081,1,7,,0,1,1,11,A01
202100004082,1,7,,8,0,7,26,A01
202100004083,2,7,,0,2,3,15,B01
202100004083,2,30,,0,2,1,17,A01
202100004084,1,7,,4,0,2,16,A01
202100004085,3,7,,0,2,8,15,B01
202100004085,3,7,,0,2,1,1,A01
202100004086,1,7,,0,2,1,9,A01
202100004086,1,7,,0,2,5,2,B01
202100004087,0,7,,0,1,1,26,A01
202100004088,3,7,,0,2,1,19,B01
202100004088,3,7,,0,2,7,1,A01
202100004088,3,7,,0,2,6,23,C01
202100004088,3,7,,0,2,2,23,D01
202100004089,3,7,,0,2,1,11,A01
202100004089,3,7,,0,2,3,1,B01
202100004090,2,31,,0,2,9,17,A01
202100004090,2,7,,0,2,3,0,D01
202100004090,1,7,,0,2,3,5,C01
202100004090,1,7,,0,2,1,5,B01
202100004091,2,7,,0,1,1,1,A01
202100004092,3,30,,0,2,1,2,A01
202100004092,3,7,,0,2,0,0,B01
202100004093,1,7,,0,2,1,9,A01
202100004093,3,7,,0,2,5,9,B01
202100004094,3,80,,0,2,1,1,B01
202100004094,3,10,,0,2,4,4,A01
202100004095,3,7,,0,2,3,15,B01
202100004095,3,32,,0,2,2,1,A01
202100004096,2,33,,0,2,1,21,B01
202100004096,2,10,,0,2,5,1,A01
202100004097,2,33,,0,2,4,1,B01
202100004097,1,7,,0,2,1,26,A01
202100004098,3,7,,0,1,3,1,A01
202100004099,2,7,,0,2,4,23,B01
202100004099,2,10,,0,2,1,2,A01
202100004100,2,50,,0,2,2,1,B01
202100004100,1,7,,0,0,0,0,A01
202100004101,2,7,,0,1,1,1,A01
202100004102,1,7,,0,2,2,15,A01
202100004102,2,7,,0,2,1,1,B01
202100004103,1,7,,0,2,1,1,B01
202100004103,2,7,,9,2,8,9,A01
202100004104,2,7,,0,2,3,1,B01
202100004104,1,7,,0,0,0,0,Z01
202100004105,1,7,,0,2,6,13,A01
202100004105,2,7,,0,2,3,0,B01
202100004106,1,7,,0,2,4,11,B01
202100004106,1,34,,0,2,1,1,A01
202100004107,1,7,,0,2,1,2,A01
202100004107,1,32,,0,2,8,3,B01
202100004107,1,7,,0,2,4,23,D01
202100004107,1,7,,0,2,4,23,C01
202100004108,3,7,,1,2,1,14,A01
202100004108,3,7,,0,2,2,1,B01
202100004109,2,1,,0,0,0,1,A01
202100004110,1,7,,0,1,1,1,A01
202100004111,1,33,,1,2,2,17,A01
202100004111,1,7,,0,2,3,17,B01
202100004112,3,34,,0,1,1,17,A01
202100004113,1,43,,12,0,1,14,A01
202100004114,1,50,,0,2,4,23,B01
202100004114,2,7,,0,2,3,9,A01
202100004115,2,7,,0,2,4,15,B01
202100004115,2,1,,0,2,4,1,A01
202100004116,1,10,,0,1,1,15,A01
202100004117,1,33,,0,2,8,11,B01
202100004117,1,15,,0,2,5,24,A01
202100004118,1,30,,0,1,1,1,A01
202100004119,2,10,,0,1,3,15,A01
202100004120,3,30,,0,2,1,1,B01
202100004120,3,30,,0,2,8,9,A01
202100004121,2,43,,0,2,2,18,A01
202100004121,2,1,,0,2,8,19,B01
202100004122,2,1,,0,2,8,1,B01
202100004122,1,13,,0,2,7,14,A01
202100004123,1,1,,0,2,2,1,A01
202100004123,2,7,,0,2,3,7,B01
202100004124,1,1,,0,2,8,1,B01
202100004124,1,10,,0,2,2,16,A01
202100004125,1,2,,0,2,9,19,B01
202100004125,2,7,,0,2,1,19,A01
202100004126,1,7,,0,2,7,1,B01
202100004126,1,2,,0,2,3,11,A01
202100004127,3,7,,0,2,8,9,A01
202100004127,3,30,,6,2,1,1,B01
202100004128,2,30,,15,0,1,1,A01
202100004129,1,7,,0,2,3,9,A01
202100004129,1,14,,0,2,3,9,B01
202100004130,3,37,1.0,0,2,4,23,B01
202100004130,3,7,,0,2,1,1,A01
202100004131,0,99,,0,1,3,2,A01
202100004132,1,7,,0,2,3,15,A01
202100004132,1,33,,0,2,2,1,B01
202100004133,1,7,,0,2,2,1,B01
202100004133,1,7,,0,2,1,9,A01
202100004134,1,7,,14,0,3,14,A01
202100004135,2,7,,0,1,1,15,A01
202100004136,3,38,1.0,0,1,2,16,A01
202100004137,1,2,,8,2,1,1,B01
202100004137,1,7,,0,2,7,16,A01
202100004138,1,10,,0,1,7,19,A01
202100004139,3,1,,0,1,0,14,A01
202100004140,1,7,,5,0,9,1,A01
202100004141,1,14,,0,0,0,1,A01
202100004142,2,2,,0,2,1,17,A01
202100004142,2,7,,0,2,6,15,B01
202100004143,2,10,,0,2,1,1,B01
202100004143,1,7,,0,2,2,15,A01
202100004144,2,10,,0,2,3,1,B01
202100004144,1,38,1.0,0,2,1,11,A01
202100004145,2,21,,0,0,8,15,B01
202100004145,2,7,,0,2,1,17,A01
202100004146,2,13,,0,0,3,1,B01
202100004146,2,7,,0,0,1,1,A01
202100004147,1,7,,3,2,3,2,A01
202100004147,1,17,,0,2,2,21,B01
202100004148,1,7,,2,0,7,12,A01
202100004149,3,7,,0,1,3,1,A01
202100004150,1,7,,0,2,1,5,A01
202100004150,2,7,,0,0,6,1,B01
202100004150,2,7,,0,2,1,1,C01
202100004151,2,7,,0,2,1,1,B01
202100004151,1,7,,0,2,1,6,A01
202100004152,2,7,,3,2,1,2,B01
202100004152,1,7,,0,2,1,1,A01
202100004153,2,7,,13,0,3,1,A01
202100004154,2,7,,0,1,2,1,A01
202100004155,2,7,,0,2,2,1,B01
202100004155,3,7,,0,2,3,9,A01
202100004156,1,7,,0,1,2,1,A01
202100004157,1,10,,13,0,1,2,A01
202100004158,1,10,,2,0,1,1,A01
202100004159,2,7,,0,2,8,0,A01
202100004159,1,7,,0,2,1,2,B01
202100004160,3,7,,0,1,2,0,A01
202100004161,2,7,,0,1,3,1,A01
202100004162,1,7,,0,0,0,1,A01
202100004163,2,7,,0,2,3,1,A01
202100004163,1,33,,0,2,1,17,B01
202100004164,2,7,,13,0,1,21,A01
202100004165,0,7,,0,6,1,19,A01
202100004166,1,7,,0,0,9,1,A01
202100004167,1,1,,0,2,4,1,B01
202100004167,1,0,,0,2,1,1,A01
202100004168,3,7,,2,0,3,13,A01
202100004169,2,7,,0,2,1,1,B01
202100004169,1,7,,0,2,5,13,A01
202100004170,3,2,,0,0,8,21,A01
202100004171,2,7,,2,0,3,1,A01
202100004172,1,7,,0,0,3,26,A01
202100004172,1,15,,0,0,2,1,B01
202100004173,1,7,,0,2,3,1,A01
202100004173,2,7,,0,2,3,1,B01
202100004174,1,2,,0,2,1,17,A01
202100004174,1,7,,0,2,6,15,B01
202100004175,1,17,,0,2,1,13,A01
202100004175,2,7,,0,2,1,1,B01
202100004176,2,7,,0,2,4,1,B01
202100004176,2,7,,0,2,1,1,A01
202100004177,1,7,,0,1,2,1,A01
202100004178,3,31,,15,0,3,0,A01
202100004179,1,7,,1,0,7,1,A01
202100004180,2,7,,11,0,1,1,A01
202100004181,2,7,,8,0,7,1,A01
202100004182,1,1,,0,2,1,5,B01
202100004182,2,7,,0,9,1,1,A01
202100004183,3,7,,3,2,8,1,B01
202100004183,3,7,,0,2,1,13,A01
202100004184,1,15,,0,0,2,1,A01
202100004185,0,2,,0,2,2,1,B01
202100004185,0,7,,0,2,1,9,A01
202100004186,1,1,,0,2,2,15,A01
202100004186,2,7,,0,9,3,1,B01
202100004187,1,17,,6,0,3,1,A01
202100004188,2,7,,0,2,2,1,B01
202100004188,1,7,,0,2,1,13,A01
202100004189,2,7,,0,2,1,2,B01
202100004189,2,7,,3,0,4,1,A01
202100004190,3,7,,0,2,1,13,A01
202100004190,3,7,,0,2,1,1,B01
202100004191,2,7,,2,0,9,1,A01
202100004192,1,10,,0,2,1,1,A01
202100004192,1,7,,0,2,4,1,B01
202100004193,2,7,,0,2,1,1,B01
202100004193,2,7,,3,0,3,11,A01
202100004194,3,7,,0,2,6,1,A01
202100004194,3,7,,0,2,4,1,B01
202100004194,3,7,,0,2,1,1,C01
202100004195,2,17,,0,2,4,2,C01
202100004195,2,14,,0,2,1,2,B01
202100004195,2,17,,0,2,1,2,A01
202100004196,2,7,,4,0,1,2,A01
202100004197,1,13,,13,0,7,14,A01
202100004198,2,33,,0,0,0,2,A01
202100004199,2,7,,0,2,1,2,A01
202100004199,2,7,,0,2,4,2,B01
202100004200,1,7,,0,2,1,2,A01
202100004200,1,7,,0,2,4,2,B01
202100004201,1,7,,0,2,1,2,A01
202100004201,1,7,,0,2,4,2,B01
202100004202,2,7,,0,2,4,23,B01
202100004202,2,7,,0,2,4,23,C01
202100004202,2,7,,0,2,1,1,A01
202100004203,1,33,,0,2,1,2,B01
202100004203,1,7,,0,2,5,0,C01
202100004203,1,10,,0,2,4,1,A01
202100004204,1,7,,0,2,1,2,A01
202100004204,1,7,,0,2,4,2,B01
202100004205,2,7,,0,2,1,2,A01
202100004205,2,7,,0,2,4,2,B01
202100004206,1,7,,3,0,1,1,A01
202100004207,2,7,,3,0,1,1,A01
202100004208,2,7,,0,2,4,2,C01
202100004208,2,10,,0,2,4,2,B01
202100004208,2,10,,0,2,1,2,A01
202100004209,1,7,,0,2,4,2,A01
202100004209,1,10,,0,2,1,2,B01
202100004210,1,10,,0,2,3,20,A01
202100004210,1,33,,0,2,5,26,B01
202100004211,1,7,,0,2,2,1,A01
202100004212,1,33,,0,1,0,1,Z01
202100004213,3,7,,0,1,1,1,A01
202100004214,1,7,,0,1,3,1,A01
202100004215,2,7,,0,2,1,9,A01
202100004215,1,30,,0,2,1,21,B01
202100004216,1,1,,0,2,0,0,B01
202100004216,1,7,,0,2,8,0,C01
202100004216,1,7,,0,2,0,1,Z01
202100004217,3,43,,0,2,1,1,B01
202100004217,3,7,,0,2,2,15,A01
202100004218,1,50,,0,1,1,1,A01
202100004219,2,7,,10,2,9,2,B01
202100004219,2,7,,0,2,2,12,A01
202100004220,2,37,1.0,0,2,6,23,B01
202100004220,2,7,,0,2,2,2,A01
202100004221,2,30,,0,2,1,26,B01
202100004221,2,7,,0,2,3,18,A01
202100004222,1,7,,0,2,8,1,B01
202100004222,1,34,,0,2,1,17,A01
202100004223,2,2,,0,2,1,1,B01
202100004223,1,10,,0,2,2,15,A01
202100004224,2,7,,0,2,1,13,A01
202100004224,2,14,,0,2,1,1,B01
202100004225,1,7,,0,1,2,1,A01
202100004226,0,7,,0,2,1,1,B01
202100004226,0,80,,0,2,2,26,A01
202100004227,0,7,,0,2,4,1,B01
202100004227,0,7,,0,2,1,1,A01
202100004228,0,7,,0,1,5,15,A01
202100004228,0,2,,0,2,1,1,B01
202100004229,1,80,,0,0,0,2,A01
202100004230,1,7,,0,2,1,19,A01
202100004230,1,50,,0,2,7,1,B01
202100004231,2,7,,0,1,7,1,A01
202100004232,0,7,,0,1,1,1,A01
202100004233,0,7,,0,2,1,6,A01
202100004233,0,7,,0,2,2,1,B01
202100004234,0,7,,0,1,1,1,Z01
202100004235,1,7,,8,0,1,14,A01
202100004236,3,7,,0,2,0,0,A01
202100004236,3,7,,0,2,7,0,B01
202100004237,2,30,,0,0,4,1,B01
202100004237,1,7,,0,2,1,1,A01
202100004238,2,1,,0,2,1,1,B01
202100004238,1,7,,0,2,8,1,A01
202100004239,2,7,,0,2,2,1,B01
202100004239,1,32,,0,2,1,15,A01
202100004240,1,7,,2,0,1,1,A01
202100004241,2,7,,6,0,1,14,A01
202100004242,3,7,,0,1,1,15,A01
202100004243,2,7,,0,1,1,1,A01
202100004244,3,7,,0,0,1,0,A01
202100004245,1,7,,0,2,1,17,A01
202100004245,1,7,,0,2,3,1,B01
202100004246,3,10,,0,2,1,1,B01
202100004246,3,10,,0,2,2,5,A01
202100004247,2,7,,0,2,1,1,B01
202100004247,1,7,,0,2,1,13,A01
202100004248,1,7,,8,0,1,16,A01
202100004249,3,7,,0,2,1,1,A01
202100004249,3,7,,0,2,8,15,B01
202100004250,2,7,,0,2,1,2,A01
202100004250,2,7,,0,0,4,2,B01
202100004251,1,7,,0,1,1,19,A01
202100004252,0,7,,0,2,3,9,A01
202100004252,0,7,,0,2,1,1,B01
202100004253,1,10,,0,1,1,15,A01
202100004254,1,7,,0,2,3,15,A01
202100004254,1,2,,0,2,1,1,B01
202100004255,1,7,,0,2,3,1,B01
202100004255,2,7,,0,2,1,15,A01
202100004256,2,7,,0,2,4,21,B01
202100004256,2,10,,0,2,1,1,A01
202100004257,2,7,,0,2,3,13,A01
202100004257,1,7,,0,2,3,1,B01
202100004257,2,7,,0,2,1,1,C01
202100004258,1,7,,1,0,1,14,A01
202100004259,1,7,,0,2,1,1,A01
202100004259,0,7,,0,2,1,1,B01
202100004260,1,7,,0,2,2,1,A01
202100004260,2,80,,0,2,1,9,B01
202100004261,3,7,,0,1,2,15,A01
202100004262,1,7,,0,1,1,2,A01
202100004263,2,10,,13,0,3,13,A01
202100004264,1,7,,0,1,3,1,A01
202100004265,0,7,,14,0,1,2,B01
202100004265,0,7,,2,0,1,1,A01
202100004266,2,7,,1,0,2,1,A01
202100004267,2,7,,0,2,1,15,A01
202100004267,1,1,,0,2,1,1,B01
202100004268,3,7,,0,1,3,1,A01
202100004269,0,7,,6,0,1,19,A01
202100004270,0,50,,0,0,0,0,B01
202100004270,0,7,,0,2,1,9,A01
202100004271,3,33,,8,0,1,9,A01
202100004272,3,7,,0,1,2,1,A01
202100004273,2,7,,0,2,3,11,A01
202100004273,2,2,,0,2,2,1,B01
202100004274,2,7,,0,1,1,1,A01
202100004275,1,7,,0,1,3,2,A01
202100004276,2,30,,12,0,1,12,A01
202100004277,1,7,,0,2,2,5,A01
202100004277,1,7,,0,2,1,1,B01
202100004278,2,33,,0,2,1,1,B01
202100004278,2,7,,0,0,6,19,A01
202100004279,2,50,,0,2,8,5,B01
202100004279,1,10,,8,9,2,1,A01
202100004280,3,3,,0,1,0,15,Z01
202100004281,2,30,,0,2,7,1,A01
202100004281,1,7,,0,2,2,15,B01
202100004281,1,7,,0,2,1,23,C01
202100004282,1,7,,0,1,3,0,A01
202100004283,1,7,,13,0,1,1,A01
202100004284,1,7,,11,2,1,1,A01
202100004284,1,7,,0,2,4,1,B01
202100004284,1,10,,0,2,4,1,C01
202100004285,2,33,,0,2,4,23,B01
202100004285,2,14,,0,2,1,1,A01
202100004286,1,30,,0,2,4,13,A01
202100004286,1,7,,0,2,1,1,B01
202100004287,2,7,,0,2,0,1,Z01
202100004287,2,10,,0,2,5,1,A01
202100004288,1,32,,0,1,1,1,A01
202100004289,2,50,,0,1,0,1,Z01
202100004290,1,7,,0,2,0,23,B01
202100004290,2,33,,0,2,1,5,A01
202100004291,1,7,,11,0,1,1,A01
202100004292,1,1,,0,0,0,21,A01
202100004293,1,7,,0,2,1,2,Z01
202100004293,1,7,,0,2,4,2,A01
202100004294,2,10,,0,2,8,1,B01
202100004294,2,33,,1,2,2,17,A01
202100004295,1,7,,0,2,6,13,A01
202100004295,1,14,,0,2,2,1,B01
202100004296,2,7,,0,2,3,22,A01
202100004296,2,1,,0,2,1,1,B01
202100004297,2,1,,0,2,1,5,A01
202100004297,1,30,,0,2,1,1,B01
202100004298,3,1,,0,0,0,1,A01
202100004299,1,33,,0,2,3,1,B01
202100004299,1,7,,0,0,7,15,A01
202100004300,1,7,,8,0,1,1,A01