Num_Acc,senc,catv,occutc,obs,obsm,choc,manv,num_veh
202100004301,2,7,,0,1,1,1,A01
202100004302,2,50,,0,0,0,25,A01
202100004303,3,33,,0,2,8,18,B01
202100004303,3,7,,0,2,2,20,A01
202100004304,1,33,,12,2,7,15,B01
202100004304,2,7,,12,2,1,1,A01
202100004305,1,30,,0,2,1,1,A01
202100004305,1,7,,0,0,5,1,B01
202100004306,3,7,,0,2,1,13,A01
202100004306,3,16,,0,2,2,1,B01
202100004307,-1,10,,0,1,2,1,A01
202100004308,3,7,,0,2,8,11,A01
202100004308,0,7,,0,2,2,0,B01
202100004309,1,7,,1,1,1,17,A01
202100004310,3,7,,0,2,6,2,B01
202100004310,3,7,,0,2,1,1,A01
202100004310,2,7,,0,2,1,1,C01
202100004311,3,99,,0,2,1,5,B01
202100004311,3,7,,0,9,1,9,A01
202100004312,0,33,,15,0,2,9,A01
202100004313,1,34,,12,0,1,1,A01
202100004314,2,30,,0,2,7,26,A01
202100004315,1,7,,0,2,8,15,A01
202100004315,1,2,,0,2,1,1,B01
202100004316,3,32,,0,0,9,10,A01
202100004317,2,2,,12,0,0,1,A01
202100004318,0,10,,0,2,3,15,A01
202100004318,0,0,,0,0,0,0,B01
202100004319,2,7,,6,2,1,1,A01
202100004320,2,7,,0,2,2,1,A01
202100004320,1,7,,0,2,3,17,B01
202100004321,1,7,,0,2,8,16,A01
202100004321,2,10,,0,2,1,1,B01
202100004322,1,7,,0,2,6,1,B01
202100004322,2,7,,0,2,3,13,A01
202100004323,2,7,,2,0,7,15,A01
202100004324,0,7,,13,0,1,1,A01
202100004325,1,7,,0,2,2,15,A01
202100004325,2,7,,0,0,1,1,B01
202100004326,2,7,,0,2,2,2,A01
202100004326,2,30,,0,0,4,2,B01
202100004327,3,50,,10,0,2,1,A01
202100004328,2,7,,8,0,3,1,A01
202100004329,1,7,,0,0,6,15,A01
202100004329,1,10,,0,2,1,21,B01
202100004329,2,7,,0,2,8,1,C01
202100004330,1,33,,0,2,4,1,A01
202100004330,1,7,,0,2,1,1,B01
202100004331,2,10,,0,2,1,13,A01
202100004331,1,7,,0,2,1,1,B01
202100004332,1,7,,0,2,4,1,A01
202100004332,2,13,,0,2,1,1,B01
202100004333,1,7,,0,2,1,19,A01
202100004333,1,1,,0,2,3,1,B01
202100004334,0,1,,0,0,0,1,A01
202100004335,3,7,,13,0,1,1,A01
202100004336,1,7,,0,1,3,1,A01
202100004337,2,2,,0,2,1,1,B01
202100004337,1,10,,0,2,7,9,A01
202100004338,2,7,,0,2,6,1,A01
202100004338,3,17,,0,2,2,9,B01
202100004339,3,7,,0,1,3,15,A01
202100004340,1,7,,0,2,3,13,A01
202100004340,2,33,,0,2,1,1,B01
202100004341,2,7,,0,2,1,1,C01
202100004341,2,7,,0,0,4,1,A01
202100004341,2,7,,0,2,1,1,B01
202100004341,2,7,,0,0,4,1,D01
202100004341,2,7,,0,0,4,1,E01
202100004341,2,7,,0,2,1,1,F01
202100004342,1,7,,0,0,4,2,B01
202100004342,1,7,,0,2,1,2,A01
202100004343,2,7,,0,0,4,23,B01
202100004343,1,10,,1,0,2,14,A01
202100004344,1,33,,14,0,0,17,A01
202100004345,2,7,,0,2,1,1,B01
202100004345,1,7,,0,2,1,13,A01
202100004346,1,14,,0,2,1,13,A01
202100004346,2,7,,0,2,1,1,B01
202100004347,2,2,,14,0,1,1,A01
202100004348,3,7,,14,0,3,19,A01
202100004349,1,7,,0,2,1,5,B01
202100004349,2,10,,0,2,1,1,A01
202100004350,2,7,,0,0,6,2,B01
202100004350,2,2,,0,2,1,2,A01
202100004351,3,7,,0,0,0,15,B01
202100004351,3,1,,0,0,7,1,A01
202100004352,1,7,,0,1,1,1,A01
202100004353,3,7,,0,2,3,13,A01
202100004353,3,7,,0,2,3,1,B01
202100004353,3,7,,0,2,3,1,C01
202100004354,1,7,,2,0,1,2,A01
202100004355,2,7,,0,2,1,2,C01
202100004355,2,7,,0,2,1,1,B01
202100004355,1,10,,0,2,1,21,A01
202100004356,3,7,,0,1,3,15,A01
202100004357,1,7,,0,2,3,9,B01
202100004357,1,2,,0,2,1,1,A01
202100004358,1,10,,0,1,2,1,A01
202100004359,0,7,,13,0,3,13,A01
202100004360,1,7,,0,1,3,1,A01
202100004361,1,7,,0,1,8,26,A01
202100004362,2,7,,0,2,1,1,A01
202100004362,2,21,,0,0,6,1,B01
202100004363,2,10,,0,2,1,1,D01
202100004363,2,10,,0,2,4,1,C01
202100004363,2,7,,0,2,7,1,B01
202100004363,2,7,,0,2,4,0,A01
202100004364,1,7,,0,2,3,0,B01
202100004364,1,15,,0,2,2,0,A01
202100004365,1,14,,0,2,1,1,B01
202100004365,1,10,,0,0,4,1,A01
202100004366,2,7,,3,2,6,1,A01
202100004367,2,7,,0,2,8,1,A01
202100004367,2,7,,0,2,3,11,B01
202100004368,2,7,,4,0,8,2,A01
202100004369,1,7,,3,0,1,2,A01
202100004370,1,7,,0,2,4,1,B01
202100004370,1,7,,0,2,1,1,A01
202100004371,2,7,,4,0,1,14,A01
202100004372,2,32,,0,0,7,1,B01
202100004372,1,7,,0,0,0,12,A01
202100004373,1,7,,0,2,0,12,A01
202100004373,1,33,,0,2,0,1,B01
202100004374,1,7,,0,2,6,1,B01
202100004374,1,7,,0,2,2,12,A01
202100004375,2,7,,0,2,8,11,A01
202100004375,2,31,,0,2,7,1,B01
202100004376,1,7,,0,2,1,2,A01
202100004376,1,14,,0,2,1,2,B01
202100004376,1,14,,0,2,1,2,C01
202100004376,1,14,,0,2,4,2,D01
202100004377,2,7,,4,0,9,13,A01
202100004378,2,10,,3,0,2,1,A01
202100004379,2,14,,0,1,0,0,A01
202100004380,1,33,,0,2,5,1,B01
202100004380,1,7,,0,2,3,11,A01
202100004381,2,14,,0,2,6,2,B01
202100004381,2,32,,0,2,2,21,A01
202100004382,1,7,,0,2,1,2,A01
202100004382,1,7,,0,2,4,2,B01
202100004382,1,7,,0,2,4,2,C01
202100004383,2,7,,0,2,5,12,A01
202100004383,2,33,,0,2,1,1,B01
202100004384,2,7,,0,2,8,11,A01
202100004384,2,7,,0,2,5,1,C01
202100004384,2,33,,0,2,7,3,B01
202100004385,2,13,,0,2,2,12,A01
202100004385,2,7,,0,2,8,1,B01
202100004386,1,7,,0,2,7,12,A01
202100004386,1,33,,0,2,8,3,B01
202100004387,2,33,,0,2,1,3,A01
202100004387,2,7,,0,2,8,11,B01
202100004388,2,10,,0,2,1,12,A01
202100004388,2,7,,0,2,4,1,B01
202100004389,1,7,,0,2,4,1,B01
202100004389,1,10,,0,2,1,1,A01
202100004390,2,7,,0,2,2,12,A01
202100004390,2,7,,0,2,3,1,B01
202100004390,2,17,,0,2,5,1,C01
202100004391,1,7,,3,0,1,1,A01
202100004392,1,1,,2,0,0,21,A01
202100004393,3,30,,0,2,2,17,A01
202100004393,1,10,,0,2,3,15,B01
202100004394,1,7,,4,0,3,13,A01
202100004395,1,7,,0,2,6,2,A01
202100004395,1,7,,0,2,2,2,Z01
202100004396,2,7,,0,1,1,16,A01
202100004397,1,1,,0,2,7,17,A01
202100004397,1,1,,0,2,8,13,B01
202100004398,1,7,,0,1,3,15,A01
202100004399,2,32,,0,1,1,1,A01
202100004400,1,7,,0,1,1,16,Z01
202100004401,2,10,,0,2,4,4,A01
202100004401,2,30,,0,2,1,23,B01
202100004402,1,30,,0,1,1,15,A01
202100004403,1,30,,0,1,1,1,A01
202100004404,1,7,,0,2,4,23,B01
202100004404,1,7,,0,2,1,2,A01
202100004405,1,10,,0,1,1,15,A01
202100004406,1,1,,0,2,1,1,B01
202100004406,1,7,,0,2,8,22,A01
202100004407,2,7,,0,2,6,2,A01
202100004407,2,32,,0,2,1,2,B01
202100004407,2,32,,0,2,1,2,C01
202100004408,1,7,,0,2,3,1,B01
202100004408,2,30,,0,2,1,1,A01
202100004409,1,50,,1,2,2,1,B01
202100004410,3,7,,0,2,1,15,A01
202100004410,3,33,,0,2,1,1,B01
202100004411,1,7,,0,1,1,15,A01
202100004412,3,10,,0,2,0,15,Z01
202100004412,2,31,,0,2,8,17,A01
202100004413,2,10,,0,1,2,15,A01
202100004414,1,32,,0,2,7,1,B01
202100004414,1,7,,0,2,8,11,A01
202100004415,2,7,,0,1,3,1,A01
202100004416,2,34,,0,0,1,15,A01
202100004417,-1,3,,0,1,2,15,A01
202100004418,1,7,,0,2,3,15,B01
202100004418,1,2,,0,2,2,17,A01
202100004419,3,7,,0,2,2,19,A01
202100004419,0,32,,0,2,0,0,B01
202100004420,1,7,,0,1,2,26,A01
202100004421,3,7,,0,2,7,26,A01
202100004421,2,60,,9,1,1,25,B01
202100004422,1,7,,0,1,4,26,A01
202100004423,1,7,,0,2,1,2,A01
202100004423,1,7,,0,2,0,0,B01
202100004424,2,10,,0,1,0,1,B01
202100004424,2,10,,0,1,1,1,A01
202100004425,2,7,,0,2,2,1,B01
202100004425,2,7,,0,2,3,26,A01
202100004426,1,14,,0,2,3,1,B01
202100004426,1,7,,0,2,1,1,A01
202100004427,1,50,,0,2,1,1,B01
202100004427,1,7,,0,2,3,16,A01
202100004428,2,30,,0,1,0,21,A01
202100004429,1,3,,0,1,4,4,A01
202100004430,2,30,,1,2,4,0,B01
202100004430,2,7,,1,2,4,0,A01
202100004431,1,2,,4,0,2,1,A01
202100004432,2,7,,0,2,3,1,A01
202100004432,1,7,,0,2,3,1,B01
202100004433,1,7,,4,0,2,13,A01
202100004434,2,10,,0,2,1,1,B01
202100004434,2,20,,0,2,2,10,A01
202100004435,1,7,,0,0,4,1,B01
202100004435,1,7,,0,2,1,1,A01
202100004436,2,7,,0,2,1,13,A01
202100004436,1,10,,0,2,3,1,B01
202100004437,2,7,,0,2,8,0,A01
202100004437,1,7,,0,2,8,5,B01
202100004438,1,7,,0,2,4,1,A01
202100004438,1,7,,0,2,1,2,C01
202100004438,1,10,,0,2,4,2,B01
202100004439,2,7,,0,2,3,13,A01
202100004439,1,7,,0,2,3,1,B01
202100004440,3,2,,0,2,1,1,B01
202100004440,3,7,,0,2,2,15,A01
202100004441,1,7,,13,0,1,1,A01
202100004442,2,7,,0,2,3,16,A01
202100004442,2,1,,0,2,1,16,B01
202100004443,1,10,,2,0,2,1,A01
202100004444,2,7,,0,2,8,0,B01
202100004444,1,7,,0,2,8,11,A01
202100004445,1,7,,0,2,3,15,B01
202100004445,1,2,,0,2,1,17,A01
202100004446,3,36,,2,0,1,1,A01
202100004447,2,33,,0,0,0,1,A01
202100004448,1,31,,0,2,3,13,A01
202100004448,2,7,,0,2,3,9,B01
202100004449,1,33,,0,2,1,1,A01
202100004449,1,10,,0,2,6,1,B01
202100004450,2,7,,0,2,1,1,B01
202100004450,1,7,,0,2,2,15,A01
202100004451,1,7,,13,0,7,1,A01
202100004452,1,7,,2,0,2,1,A01
202100004453,3,7,,13,0,1,13,A01
202100004454,1,7,,0,2,1,23,A01
202100004454,2,7,,0,2,1,1,B01
202100004455,2,7,,0,2,1,1,B01
202100004455,1,17,,3,2,1,6,A01
202100004456,1,10,,0,2,8,1,B01
202100004456,1,7,,0,2,2,12,A01
202100004457,2,7,,4,2,3,17,A01
202100004457,2,7,,0,2,3,1,B01
202100004458,0,1,,0,2,1,1,B01
202100004458,0,7,,0,0,3,2,A01
202100004459,1,33,,0,2,1,17,A01
202100004459,1,10,,0,0,8,15,B01
202100004460,1,33,,2,0,8,1,A01
202100004461,2,7,,0,2,3,13,A01
202100004461,1,7,,0,2,3,1,B01
202100004462,2,7,,11,0,1,1,A01
202100004463,1,7,,0,2,3,1,B01
202100004463,2,7,,0,2,1,17,A01
202100004464,1,33,,0,0,9,1,A01
202100004465,3,10,,0,2,2,9,A01
202100004465,3,31,,0,2,1,1,B01
202100004466,1,7,,2,0,8,1,A01
202100004467,1,7,,0,2,1,5,A01
202100004467,2,37,1.0,0,2,1,1,B01
202100004468,1,10,,0,0,7,1,A01
202100004469,2,7,,4,0,0,2,A01
202100004470,1,7,,0,2,5,17,A01
202100004470,1,17,,0,2,3,1,B01
202100004471,1,7,,4,0,9,19,A01
202100004472,2,7,,0,2,4,1,A01
202100004472,2,7,,0,2,4,11,B01
202100004472,1,7,,0,2,6,1,C01
202100004473,1,10,,0,2,1,1,A01
202100004473,1,17,,0,2,4,1,B01
202100004474,1,7,,4,0,1,14,A01
202100004475,2,10,,0,2,4,2,B01
202100004475,2,10,,0,2,1,2,A01
202100004476,2,17,,0,2,1,2,A01
202100004476,2,17,,0,2,4,2,C01
202100004476,2,7,,0,2,4,2,B01
202100004477,2,7,,16,0,7,2,A01
202100004478,2,15,,0,0,0,0,Z01
202100004478,2,7,,0,2,1,2,A01
202100004479,1,7,,0,2,1,1,B01
202100004479,1,7,,0,2,7,10,A01
202100004480,1,7,,0,2,1,2,A01
202100004480,1,7,,0,2,4,0,B01
202100004481,2,31,,0,2,0,3,A01
202100004481,2,7,,0,2,6,1,B01
202100004482,1,7,,12,0,0,0,T01
202100004482,1,7,,12,0,5,0,B01
202100004482,1,7,,12,0,3,18,A01
202100004483,2,33,,0,0,1,3,A01
202100004484,1,7,,4,0,1,1,A01
202100004485,1,7,,3,0,1,1,A01
202100004486,2,7,,1,0,4,23,C01
202100004486,2,7,,1,2,4,23,B01
202100004486,2,7,,1,2,1,1,A01
202100004487,2,7,,4,0,3,1,A01
202100004488,2,10,,4,0,2,1,A01
202100004489,1,7,,3,2,1,1,B01
202100004489,1,10,,3,2,7,18,A01
202100004490,1,7,,0,2,4,1,A01
202100004490,1,7,,0,2,1,2,B01
202100004491,2,33,,0,2,9,21,A01
202100004491,2,7,,0,0,5,1,B01
202100004491,2,7,,0,0,6,1,C01
202100004492,2,7,,14,0,2,2,C01
202100004492,2,7,,0,2,3,2,B01
202100004492,2,7,,3,2,7,17,A01
202100004493,3,7,,0,2,1,16,X01
202100004493,2,99,,0,2,5,1,A01
202100004494,2,33,,10,0,7,9,A01
202100004495,1,7,,0,2,6,15,B01
202100004495,1,33,,0,2,1,1,A01
202100004496,3,7,,0,2,1,15,A01
202100004496,0,32,,0,0,6,1,B01
202100004497,1,7,,0,1,1,1,A01
202100004498,2,7,,0,2,3,9,A01
202100004498,1,1,,0,2,7,12,B01
202100004499,2,7,,4,0,1,1,A01
202100004500,1,1,,0,1,1,15,A01
202100004501,1,7,,0,1,1,9,A01
202100004502,2,7,,13,0,1,2,A01
202100004503,1,7,,0,0,1,1,A01
202100004504,2,32,,0,2,2,15,B01
202100004504,2,10,,0,2,3,15,A01
202100004505,1,7,,14,0,1,16,A01
202100004506,0,33,,0,1,1,26,A01
202100004507,2,1,,0,0,1,1,A01
202100004508,0,10,,0,2,1,2,A01
202100004508,0,7,,0,0,4,2,B01
202100004509,1,7,,8,0,1,26,A01
202100004510,1,7,,8,1,1,14,A01
202100004511,2,7,,0,2,3,13,B01
202100004511,2,7,,6,2,2,1,A01
202100004512,2,7,,6,0,1,16,A01
202100004513,3,7,,1,2,2,13,A01
202100004513,3,7,,1,2,3,1,B01
202100004514,1,7,,0,1,1,21,A01
202100004515,1,7,,7,0,9,6,A01
202100004516,3,7,,0,2,7,2,B01
202100004516,3,7,,0,2,1,9,A01
202100004517,1,7,,0,1,1,1,A01
202100004518,0,7,,13,0,1,13,A01
202100004519,3,7,,0,2,2,21,B01
202100004519,3,7,,0,2,1,5,A01
202100004520,3,10,,0,1,3,15,A01
202100004521,3,7,,11,0,1,1,A01
202100004522,2,15,,4,0,2,2,A01
202100004523,2,7,,0,2,4,1,C01
202100004523,2,7,,0,2,1,1,B01
202100004523,2,7,,0,2,1,1,A01
202100004524,2,7,,4,0,3,26,A01
202100004525,1,1,,0,2,4,1,B01
202100004525,1,7,,0,2,1,1,A01
202100004526,3,7,,0,2,1,2,A01
202100004526,3,7,,0,2,1,2,B01
202100004526,3,7,,0,2,4,2,C01
202100004527,3,32,,0,9,1,17,A01
202100004527,3,50,,0,2,1,1,B01
202100004528,2,30,,0,2,1,1,B01
202100004528,1,10,,0,2,1,15,A01
202100004529,2,7,,13,0,1,14,A01
202100004530,3,7,,13,0,1,14,A01
202100004531,3,10,,0,1,2,1,A01
202100004532,3,1,,0,2,1,19,A01
202100004532,3,7,,0,2,5,1,B01
202100004533,1,1,,0,2,3,1,B01
202100004533,1,7,,0,2,3,1,A01
202100004534,2,7,,0,2,5,22,B01
202100004534,2,1,,0,2,1,18,A01
202100004535,1,7,,0,2,0,2,Z01
202100004535,1,32,,0,2,4,2,A01
202100004536,1,10,,0,1,3,15,A01
202100004537,1,30,,0,2,1,1,B01
202100004537,1,7,,0,2,4,23,A01
202100004538,3,33,,0,2,2,17,B01
202100004538,3,7,,0,2,3,10,A01
202100004539,1,7,,0,1,3,1,A01
202100004540,3,32,,0,2,1,1,A01
202100004540,0,7,,0,2,1,20,Z01
202100004541,1,80,,0,2,0,21,A01
202100004542,1,30,,0,2,1,15,B01
202100004542,2,7,,0,2,1,1,A01
202100004543,1,7,,0,2,4,23,C01
202100004543,1,7,,0,2,4,23,B01
202100004543,1,7,,0,2,1,2,A01
202100004544,2,7,,0,2,6,1,B01
202100004544,1,7,,0,2,1,1,A01
202100004545,1,7,,0,2,3,10,A01
202100004545,1,33,,0,2,0,1,C01
202100004545,1,33,,0,2,1,1,B01
202100004546,2,30,,0,9,8,21,A01
202100004547,1,7,,0,2,8,26,A01
202100004547,1,7,,0,2,1,26,B01
202100004548,2,30,,0,2,4,9,B01
202100004549,2,7,,0,2,8,1,B01
202100004549,2,7,,0,2,1,9,A01
202100004550,2,7,,0,2,5,9,A01
202100004550,2,33,,0,2,1,1,B01
202100004551,1,30,,0,2,8,0,B01
202100004551,2,10,,0,2,1,15,A01
202100004552,-1,7,,0,2,0,-1,B01
202100004552,-1,30,,0,0,0,-1,A01
202100004553,2,30,,0,2,1,1,B01
202100004553,1,7,,0,2,1,11,A01
202100004554,1,30,,0,-1,0,0,A01
202100004555,0,7,,0,2,1,1,B01
202100004555,3,7,,0,2,1,11,A01
202100004556,3,10,,0,2,1,13,B01
202100004556,3,7,,0,2,1,1,A01
202100004557,1,7,,0,2,5,0,B01
202100004557,1,7,,0,2,3,0,A01
202100004558,2,7,,14,0,1,21,A01
202100004559,1,7,,1,0,2,17,A01
202100004559,1,10,,1,0,6,23,B01
202100004560,1,7,,0,2,8,15,A01
202100004560,1,33,,0,0,7,1,B01
202100004561,1,7,,0,1,3,1,B01
202100004562,3,1,,1,2,8,1,B01
202100004562,3,7,,1,2,3,13,A01
202100004563,1,32,,14,0,1,13,A01
202100004564,1,30,,0,2,1,9,B01
202100004564,1,7,,0,2,5,4,A01
202100004565,2,7,,13,0,2,1,A01
202100004566,2,1,,5,0,1,1,A01
202100004567,1,33,,0,2,3,1,B01
202100004567,2,7,,0,2,1,15,A01
202100004568,1,7,,0,0,1,0,A01
202100004568,2,7,,0,0,1,0,B01
202100004569,1,2,,0,1,2,1,A01
202100004570,2,7,,0,2,1,1,B01
202100004570,1,7,,0,2,1,1,A01
202100004571,1,15,,0,0,3,1,A01
202100004571,1,7,,0,0,3,1,B01
202100004572,2,7,,0,2,1,1,B01
202100004572,1,7,,0,2,8,15,A01
202100004573,1,7,,0,2,3,15,B01
202100004573,2,2,,0,2,1,17,A01
202100004574,1,33,,0,0,0,1,A01
202100004575,1,2,,0,2,1,1,B01
202100004575,2,7,,0,2,2,15,A01
202100004576,2,7,,0,2,1,1,B01
202100004576,1,7,,0,2,3,1,A01
202100004577,1,1,,0,2,2,15,B01
202100004577,1,7,,0,2,3,2,A01
202100004578,2,7,,0,2,3,14,B01
202100004578,1,10,,0,2,2,17,A01
202100004579,3,7,,12,0,2,1,A01
202100004580,2,7,,0,0,4,15,B01
202100004580,2,7,,0,2,1,1,A01
202100004581,2,17,,0,2,3,1,B01
202100004581,1,7,,0,2,1,13,A01
202100004582,1,7,,0,2,1,1,A01
202100004582,1,7,,0,2,3,1,B01
202100004583,0,7,,0,2,1,0,A01
202100004583,0,7,,0,2,1,0,B01
202100004584,1,7,,2,0,8,14,A01
202100004585,0,7,,0,1,1,0,A01
202100004586,2,7,,0,2,3,1,A01
202100004586,1,7,,0,2,3,1,B01
202100004587,2,7,,2,0,3,13,A01
202100004588,1,33,,3,0,1,17,A01
202100004589,1,7,,13,0,1,15,A01
202100004590,2,7,,17,0,3,0,A01
202100004591,2,7,,13,0,1,1,A01
202100004592,1,7,,0,2,1,2,A01
202100004592,1,7,,0,0,4,2,B01
202100004593,2,7,,0,2,1,11,B01
202100004593,1,7,,0,2,1,1,A01
202100004594,2,7,,0,1,1,1,A01
202100004595,2,33,,0,2,0,17,B01
202100004595,2,7,,0,2,3,15,A01
202100004596,0,10,,0,2,1,17,A01
202100004596,0,7,,0,0,4,2,B01
202100004597,1,7,,13,2,3,15,A01
202100004597,1,7,,0,2,2,17,B01
202100004598,1,7,,0,0,7,15,A01
202100004598,2,2,,0,2,1,1,B01
202100004599,1,7,,6,0,1,1,A01
202100004600,1,7,,13,2,0,1,A01
202100004600,2,7,,0,2,8,1,B01
202100004600,2,7,,0,2,1,1,C01
202100004600,2,10,,0,2,1,1,D01
202100004601,1,7,,0,2,3,15,A01
202100004601,2,30,,0,2,1,1,B01
202100004602,3,7,,6,0,2,1,A01
202100004603,1,1,,0,2,1,1,B01
202100004603,2,7,,0,9,3,16,A01
202100004604,3,7,,0,2,1,13,A01
202100004604,3,7,,0,2,1,1,B01
202100004605,1,10,,13,0,5,1,A01
202100004606,2,10,,0,1,2,1,A01
202100004607,3,7,,0,1,3,0,A01
202100004608,1,7,,0,2,1,2,C01
202100004608,1,7,,0,2,4,23,B01
202100004608,1,7,,0,2,4,23,A01
202100004609,2,7,,0,2,1,1,A01
202100004609,2,7,,0,2,4,2,B01
202100004609,2,7,,0,2,4,2,C01
202100004610,1,7,,0,2,8,1,A01
202100004611,1,7,,0,2,1,0,E01
202100004611,1,7,,0,2,1,0,D01
202100004611,1,7,,0,2,1,23,A01
202100004611,1,7,,0,0,0,0,B01
202100004611,1,7,,0,2,1,0,C01
202100004612,1,34,,0,0,8,0,A01
202100004613,2,7,,4,0,1,21,A01
202100004614,2,7,,4,0,1,1,A01
202100004614,2,15,,0,2,1,1,B01
202100004615,1,7,,2,0,1,1,A01
202100004616,2,10,,0,2,1,1,A01
202100004616,2,7,,0,2,9,2,B01
202100004616,2,7,,0,2,9,2,C01
202100004616,2,7,,0,2,9,2,D01
202100004617,1,7,,0,2,4,2,E01
202100004617,1,7,,0,2,4,2,D01
202100004617,1,7,,0,2,1,2,A01
202100004617,1,7,,0,2,4,2,B01
202100004617,1,7,,0,2,4,2,C01
202100004618,1,7,,0,2,4,2,B01
202100004618,1,7,,0,2,1,2,A01
202100004619,2,7,,3,0,3,13,A01
202100004620,2,7,,0,2,4,2,E01
202100004620,2,7,,0,2,4,2,D01
202100004620,2,7,,0,2,4,2,C01
202100004620,2,7,,0,2,4,2,B01
202100004620,2,7,,0,2,1,2,A01
202100004621,1,7,,0,2,1,21,A01
202100004621,1,7,,0,2,4,2,B01
202100004621,1,7,,4,2,3,21,C01
202100004622,1,7,,4,0,1,1,A01
202100004623,2,33,,4,2,3,3,A01
202100004623,2,10,,0,2,2,12,B01
202100004624,2,7,,0,2,1,2,A01
202100004624,2,7,,0,2,4,2,B01
202100004624,2,7,,0,2,4,2,C01
202100004625,3,7,,4,0,1,0,A01
202100004626,2,7,,4,0,1,13,A01
202100004627,1,7,,4,0,0,0,A01
202100004628,1,7,,0,2,4,23,B01
202100004628,1,7,,0,2,1,2,A01
202100004629,1,13,,4,0,1,1,A01
202100004630,1,7,,0,2,4,2,B01
202100004630,1,7,,0,2,3,2,A01
202100004631,2,7,,0,0,9,12,A01
202100004632,2,7,,0,0,9,1,A01
202100004633,1,7,,0,2,1,0,A01
202100004633,1,7,,0,2,4,0,B01
202100004634,2,7,,0,2,4,2,C01
202100004634,2,7,,0,2,4,2,B01
202100004634,2,10,,0,2,1,2,A01
202100004635,2,10,,4,2,2,12,A01
202100004635,2,15,,0,2,3,1,B01
202100004636,2,7,,0,2,1,2,A01
202100004636,2,7,,0,2,4,1,B01
202100004637,1,3,,0,2,4,23,B01
202100004637,1,3,,0,2,1,2,A01
202100004638,1,7,,0,2,1,1,A01
202100004639,2,7,,0,0,9,2,A01
202100004640,1,7,,0,2,4,2,B01
202100004640,1,7,,4,2,3,1,A01
202100004641,1,13,,15,0,1,1,A01
202100004642,1,7,,0,2,5,2,B01
202100004642,1,10,,0,2,1,21,A01
202100004643,1,7,,0,2,4,1,B01
202100004643,1,7,,0,2,2,1,A01
202100004644,2,7,,4,0,1,11,A01
202100004645,1,7,,5,0,6,1,A01
202100004646,1,7,,3,0,1,9,A01
202100004647,1,7,,0,2,1,2,A01
202100004647,1,7,,0,2,1,2,B01
202100004648,2,1,,0,0,0,1,A01
202100004649,1,10,,1,0,1,1,A01
202100004650,2,7,,0,2,2,15,A01
202100004650,1,33,,0,2,1,1,B01
202100004651,2,1,,0,0,0,0,B01
202100004651,2,3,,0,9,0,15,A01
202100004652,1,33,,0,2,1,17,A01
202100004652,2,10,,0,2,6,15,B01
202100004653,2,7,,0,0,1,1,A01
202100004654,1,2,,0,2,1,1,B01
202100004654,1,7,,0,2,3,5,A01
202100004655,0,7,,0,1,2,1,A01
202100004656,1,7,,0,2,2,15,B01
202100004656,1,2,,0,2,1,19,A01
202100004657,1,33,,13,0,7,1,A01
202100004658,0,7,,6,0,1,14,A01
202100004659,2,7,,0,1,3,1,A01
202100004660,0,7,,0,1,1,1,A01
202100004661,0,7,,0,1,3,1,A01
202100004662,3,7,,0,1,2,12,A01
202100004663,2,7,,0,2,6,13,A01
202100004663,2,33,,0,2,1,1,B01
202100004664,1,7,,1,0,0,17,A01
202100004664,1,2,,0,2,1,17,B01
202100004665,3,7,,0,2,3,20,B01
202100004665,3,30,,0,2,1,17,A01
202100004666,3,32,,0,2,1,13,A01
202100004666,3,7,,0,2,2,1,B01
202100004667,1,31,,0,4,1,1,A01
202100004668,3,33,,0,2,8,1,B01
202100004668,3,7,,0,2,1,15,A01
202100004669,2,7,,0,2,3,1,B01
202100004669,1,7,,0,2,2,16,A01
202100004670,1,7,,0,0,0,0,A01
202100004671,1,7,,0,2,8,0,B01
202100004671,1,7,,0,2,1,26,A01
202100004672,3,7,,0,2,8,26,A01
202100004672,3,30,,0,2,1,19,B01
202100004673,1,7,,0,2,1,13,A01
202100004673,2,7,,0,2,3,1,B01
202100004674,1,7,,0,2,7,16,B01
202100004674,1,2,,0,2,1,2,A01
202100004675,1,7,,0,2,8,10,A01
202100004675,2,31,,0,2,1,1,B01
202100004676,2,7,,0,2,2,15,A01
202100004676,1,32,,0,2,1,1,B01
202100004677,1,30,,0,1,1,1,A01
202100004678,2,7,,0,2,2,19,A01
202100004678,1,13,,0,2,3,19,B01
202100004679,2,50,,12,0,1,25,A01
202100004680,1,7,,0,2,2,1,A01
202100004680,2,7,,0,2,3,1,B01
202100004681,2,7,,0,2,4,23,B01
202100004681,2,7,,0,2,1,1,A01
202100004682,2,10,,0,2,2,1,A01
202100004682,2,34,,0,2,1,1,B01
202100004683,1,7,,0,2,7,10,A01
202100004683,1,7,,0,2,3,0,B01
202100004684,1,32,,0,2,3,26,B01
202100004684,2,7,,0,2,3,10,A01
202100004685,2,7,,0,2,0,0,Z01
202100004685,2,7,,0,2,4,23,C01
202100004685,2,7,,0,2,4,23,B01
202100004685,2,7,,0,2,4,23,A01
202100004686,1,7,,0,1,2,1,A01
202100004687,2,7,,9,0,1,17,A01
202100004688,1,7,,0,2,8,1,B01
202100004688,1,7,,0,2,1,26,A01
202100004689,3,10,,0,2,6,11,A01
202100004689,3,7,,0,2,2,1,B01