Num_Acc,senc,catv,occutc,obs,obsm,choc,manv,num_veh
202100004690,1,7,,0,2,7,15,A01
202100004690,2,32,,0,2,9,1,B01
202100004691,3,7,,0,1,7,1,A01
202100004692,1,30,,0,2,1,1,A01
202100004692,2,7,,0,2,3,15,B01
202100004693,1,7,,0,2,1,2,B01
202100004693,1,7,,0,2,4,1,A01
202100004694,2,7,,0,2,1,19,A01
202100004694,2,7,,0,9,3,9,B01
202100004695,2,7,,0,2,7,15,A01
202100004695,2,33,,0,2,2,3,B01
202100004696,2,7,,0,2,3,1,A01
202100004696,1,43,,0,2,7,1,B01
202100004697,3,7,,0,2,3,21,B01
202100004697,3,7,,0,2,2,16,A01
202100004698,3,7,,0,1,7,14,A01
202100004699,2,1,,0,2,1,17,B01
202100004699,2,7,,0,2,8,15,A01
202100004700,2,10,,8,0,0,26,A01
202100004701,1,0,,0,1,1,26,A01
202100004702,1,7,,0,1,1,9,A01
202100004703,3,15,,0,2,1,1,A01
202100004703,3,50,,0,2,8,0,B01
202100004704,3,7,,0,1,1,2,A01
202100004705,1,33,,9,0,1,0,A01
202100004706,1,7,,0,1,2,26,A01
202100004707,2,7,,0,1,8,1,A01
202100004708,2,7,,0,1,3,1,A01
202100004709,2,33,,0,2,8,1,B01
202100004709,2,7,,0,2,2,19,A01
202100004710,1,33,,0,2,3,3,A01
202100004710,1,7,,0,2,3,1,B01
202100004710,2,7,,0,2,3,1,C01
202100004711,2,7,,0,2,1,26,A01
202100004711,2,7,,0,2,0,0,B01
202100004711,2,7,,0,2,4,23,C01
202100004712,2,10,,0,1,3,10,A01
202100004713,2,7,,9,0,1,13,A01
202100004714,0,7,,0,2,2,16,A01
202100004714,3,1,,0,2,0,1,B01
202100004715,1,31,,0,2,1,1,B01
202100004715,3,7,,0,2,3,15,A01
202100004716,2,10,,0,1,3,15,A01
202100004717,0,0,,0,1,2,2,Z01
202100004718,1,7,,8,0,2,0,A01
202100004719,3,7,,0,2,6,1,B01
202100004719,2,7,,2,2,3,6,A01
202100004720,2,7,,0,1,1,1,A01
202100004721,3,7,,0,1,1,1,A01
202100004722,0,30,,0,0,7,14,A01
202100004723,1,7,,0,1,1,26,A01
202100004724,2,10,,0,2,1,1,B01
202100004724,1,7,,0,2,6,15,A01
202100004725,1,7,,0,2,2,15,A01
202100004725,1,2,,0,2,1,1,B01
202100004726,3,60,,0,2,1,1,B01
202100004726,3,7,,0,2,2,1,A01
202100004727,2,7,,0,0,4,1,B01
202100004727,2,30,,0,2,1,9,A01
202100004728,1,7,,0,2,1,1,B01
202100004728,1,7,,0,2,3,20,A01
202100004729,1,7,,1,2,2,15,B01
202100004729,2,7,,1,2,3,1,A01
202100004730,2,7,,0,1,3,1,A01
202100004731,2,7,,0,1,1,1,A01
202100004732,1,7,,0,1,2,9,A01
202100004733,2,7,,0,2,4,2,B01
202100004733,2,10,,0,2,1,1,A01
202100004733,2,7,,0,2,4,2,C01
202100004734,1,33,,0,2,1,17,B01
202100004734,1,7,,0,2,6,26,A01
202100004735,1,7,,2,0,2,1,A01
202100004736,0,7,,0,2,1,2,A01
202100004736,3,7,,0,2,4,2,B01
202100004737,1,7,,0,1,1,16,A01
202100004738,2,14,,0,1,1,1,A01
202100004739,1,16,,0,2,7,24,B01
202100004739,1,7,,0,2,1,13,A01
202100004740,0,7,,0,1,1,15,A01
202100004741,3,1,,0,0,0,0,B01
202100004741,1,7,,0,0,3,1,A01
202100004742,1,10,,7,0,5,9,B01
202100004742,2,7,,0,2,1,19,C01
202100004743,1,50,,0,2,4,1,B01
202100004743,1,10,,0,9,1,1,A01
202100004744,2,7,,0,1,3,15,A01
202100004745,1,7,,0,2,1,1,A01
202100004745,3,7,,0,2,6,20,B01
202100004746,2,30,,0,0,8,15,A01
202100004747,1,7,,0,1,1,1,A01
202100004748,0,40,,0,1,2,1,A01
202100004749,1,7,,0,2,4,2,C01
202100004749,1,7,,0,2,1,2,B01
202100004749,1,7,,0,2,4,2,A01
202100004749,1,7,,0,2,1,2,D01
202100004750,1,7,,0,1,2,26,A01
202100004751,1,7,,0,1,2,26,A01
202100004752,1,1,,0,2,1,26,B01
202100004752,1,7,,0,2,2,1,A01
202100004753,3,30,,0,2,4,23,B01
202100004753,3,7,,0,2,1,1,A01
202100004754,3,10,,14,0,4,2,B01
202100004754,3,7,,0,2,1,1,A01
202100004755,1,7,,0,2,2,1,A01
202100004755,2,7,,0,2,3,15,B01
202100004756,3,7,,0,2,1,9,A01
202100004756,3,7,,0,2,7,26,B01
202100004757,3,7,,0,2,3,9,A01
202100004757,3,50,,0,2,8,19,B01
202100004758,1,30,,0,2,2,9,A01
202100004758,1,7,,0,2,3,9,B01
202100004759,3,7,,0,2,2,17,A01
202100004759,3,7,,0,2,8,15,B01
202100004760,2,2,,0,2,1,16,B01
202100004760,1,7,,0,2,1,15,A01
202100004761,0,7,,0,1,1,15,A01
202100004762,3,50,,0,2,8,1,B01
202100004762,1,7,,0,1,1,1,A01
202100004763,2,7,,3,0,1,1,A01
202100004764,3,37,1.0,0,1,1,16,A01
202100004765,2,40,,0,1,3,1,A01
202100004766,1,7,,0,2,1,1,A01
202100004766,2,7,,0,2,1,1,B01
202100004767,1,10,,0,2,1,16,A01
202100004767,2,7,,0,2,1,23,B01
202100004768,3,7,,0,2,3,9,A01
202100004768,3,1,,0,2,1,1,B01
202100004769,1,7,,0,1,1,1,A01
202100004770,1,10,,0,2,3,1,A01
202100004770,2,7,,0,2,2,1,B01
202100004771,2,7,,0,2,4,1,B01
202100004771,2,7,,0,2,1,1,A01
202100004772,2,7,,0,0,0,0,Z01
202100004772,2,7,,3,0,6,0,C01
202100004772,2,7,,1,0,7,21,B01
202100004772,2,7,,3,0,3,13,A01
202100004773,1,7,,0,2,3,2,B01
202100004773,1,7,,0,2,1,2,A01
202100004774,2,7,,0,1,3,23,B01
202100004774,1,10,,0,1,3,1,A01
202100004775,2,7,,0,2,1,1,D01
202100004775,2,7,,0,2,4,1,C01
202100004775,2,7,,0,2,4,1,B01
202100004775,2,10,,0,2,1,1,A01
202100004776,2,7,,0,2,1,16,B01
202100004776,2,7,,0,2,1,13,A01
202100004777,0,7,,0,2,1,2,A01
202100004777,0,7,,0,2,4,2,B01
202100004778,1,7,,0,1,2,1,A01
202100004779,1,7,,0,1,1,9,A01
202100004780,0,60,,0,2,1,1,B01
202100004780,0,7,,0,2,2,9,A01
202100004781,1,7,,0,1,1,9,A01
202100004782,1,7,,0,0,0,26,A01
202100004783,3,10,,0,2,4,9,B01
202100004783,3,10,,0,2,1,2,A01
202100004784,3,7,,2,2,1,1,A01
202100004784,0,7,,1,2,1,1,B01
202100004785,1,7,,0,2,2,19,A01
202100004785,1,7,,0,2,1,1,B01
202100004785,1,7,,0,2,7,0,C01
202100004786,1,7,,0,1,7,26,A01
202100004787,1,7,,4,0,1,26,B01
202100004787,1,7,,0,2,1,26,A01
202100004788,3,7,,0,2,2,15,B01
202100004788,3,7,,0,2,1,1,A01
202100004789,2,7,,0,1,1,15,A01
202100004790,1,33,,14,0,1,1,A01
202100004791,2,10,,0,2,2,15,B01
202100004791,1,31,,0,2,1,1,A01
202100004792,0,7,,0,0,0,0,Z01
202100004792,0,33,,0,2,2,1,A01
202100004793,3,1,,6,0,2,15,A01
202100004794,1,7,,8,0,1,1,A01
202100004795,1,50,,0,2,1,1,B01
202100004795,3,7,,0,1,7,17,A01
202100004796,1,7,,0,2,1,15,A01
202100004796,2,7,,0,2,3,1,B01
202100004797,1,7,,0,1,2,1,A01
202100004798,2,2,,0,2,1,15,B01
202100004798,1,7,,0,2,2,1,A01
202100004799,1,33,,1,0,0,0,A01
202100004800,0,30,,0,2,3,7,A01
202100004800,3,7,,0,2,2,16,B01
202100004801,0,32,,0,2,4,2,B01
202100004801,0,7,,0,2,2,2,A01
202100004802,1,7,,0,1,2,26,A01
202100004803,3,7,,0,2,6,15,A01
202100004803,3,31,,0,2,1,13,B01
202100004804,2,33,,4,0,2,14,A01
202100004805,2,7,,4,0,7,14,A01
202100004806,1,7,,0,2,1,15,A01
202100004806,2,2,,0,2,7,1,B01
202100004807,0,7,,0,1,1,1,A01
202100004808,3,50,,0,1,1,1,A01
202100004809,2,2,,0,2,2,1,A01
202100004809,2,7,,0,2,4,10,Z01
202100004810,2,7,,9,0,3,13,A01
202100004811,3,30,,0,0,8,1,A01
202100004812,2,7,,0,2,0,16,B01
202100004812,1,43,,0,2,3,17,A01
202100004813,3,7,,0,2,2,2,A01
202100004813,3,7,,0,2,4,2,B01
202100004814,2,10,,0,2,1,2,A01
202100004814,2,7,,0,2,4,23,B01
202100004815,1,1,,0,2,8,15,B01
202100004815,1,7,,0,2,2,17,A01
202100004816,1,7,,11,0,2,14,A01
202100004817,1,1,,0,1,1,1,Z01
202100004818,2,7,,0,2,6,24,C01
202100004818,3,33,,0,2,2,17,B01
202100004818,2,7,,0,2,3,15,A01
202100004819,1,32,,1,2,2,18,B01
202100004819,3,10,,0,2,6,24,A01
202100004819,1,37,1.0,0,2,7,12,C01
202100004820,1,7,,0,2,7,15,A01
202100004820,2,2,,0,2,1,1,B01
202100004821,2,30,,0,1,4,21,A01
202100004822,1,30,,8,2,1,21,A01
202100004822,1,7,,9,2,2,1,B01
202100004823,1,32,,0,2,1,1,B01
202100004823,2,7,,8,0,5,13,A01
202100004824,1,7,,0,2,5,15,B01
202100004824,2,34,,0,2,1,1,A01
202100004825,3,32,,0,2,1,3,B01
202100004825,3,7,,0,2,3,15,A01
202100004826,2,7,,0,1,1,1,A01
202100004827,1,7,,0,9,2,1,B01
202100004827,1,1,,0,2,1,23,A01
202100004828,2,7,,0,1,3,15,A01
202100004829,1,7,,0,1,4,20,A01
202100004830,-1,7,,0,9,3,15,A01
202100004830,-1,1,,0,2,1,0,B01
202100004831,-1,7,,1,2,4,23,A01
202100004832,0,10,,0,1,1,1,A01
202100004833,2,7,,0,0,0,16,A01
202100004833,1,33,,0,0,7,1,B01
202100004834,1,14,,0,1,3,1,Z01
202100004835,1,7,,0,1,1,15,A01
202100004836,1,37,1.0,0,1,7,1,A01
202100004837,1,7,,0,2,3,1,A01
202100004837,1,50,,0,2,1,1,B01
202100004838,2,7,,0,2,2,12,A01
202100004838,2,32,,0,2,1,1,B01
202100004839,2,7,,6,0,1,1,A01
202100004840,2,10,,0,9,5,1,A01
202100004841,3,10,,0,1,2,1,A01
202100004842,1,7,,9,2,1,1,A01
202100004842,1,7,,9,0,4,1,B01
202100004843,1,7,,0,0,4,1,C01
202100004843,1,7,,0,2,6,2,B01
202100004843,1,10,,0,2,2,2,A01
202100004844,2,10,,2,0,3,19,A01
202100004845,2,7,,13,0,3,1,B01
202100004845,2,7,,13,0,8,1,A01
202100004846,3,7,,0,2,2,15,A01
202100004846,1,2,,0,2,1,1,B01
202100004847,1,7,,6,0,0,13,A01
202100004848,1,7,,0,2,1,1,B01
202100004848,2,7,,0,2,9,13,A01
202100004849,2,7,,2,0,3,13,A01
202100004850,1,7,,13,0,3,13,A01
202100004851,2,7,,7,0,1,1,A01
202100004852,2,7,,0,2,3,9,A01
202100004852,2,7,,0,2,7,1,B01
202100004852,1,7,,0,2,2,1,C01
202100004853,1,21,,0,1,1,26,A01
202100004854,1,10,,2,0,1,1,A01
202100004855,1,10,,0,2,4,4,A01
202100004855,1,7,,0,2,1,1,B01
202100004856,1,33,,0,2,8,1,B01
202100004856,3,7,,0,2,1,19,A01
202100004857,2,7,,13,0,2,1,A01
202100004857,2,7,,0,1,1,1,B01
202100004858,2,7,,2,0,8,1,A01
202100004859,1,7,,0,0,9,0,A01
202100004860,3,33,,0,2,1,13,A01
202100004860,3,7,,0,2,3,1,B01
202100004861,1,7,,2,0,2,1,A01
202100004862,1,7,,0,2,1,1,A01
202100004862,2,7,,0,2,3,15,B01
202100004863,2,7,,3,2,7,1,A01
202100004863,1,7,,0,2,2,1,B01
202100004864,1,7,,2,0,1,0,A01
202100004865,2,7,,2,0,3,1,A01
202100004866,2,7,,0,1,2,2,A01
202100004867,1,7,,0,2,5,1,A01
202100004867,2,7,,0,2,3,1,B01
202100004868,1,7,,5,0,1,1,A01
202100004869,3,7,,13,0,1,1,A01
202100004870,1,7,,0,2,2,13,A01
202100004870,2,7,,13,2,2,2,B01
202100004871,2,7,,0,2,1,0,B01
202100004871,2,33,,4,0,4,2,A01
202100004872,2,7,,16,0,2,14,A01
202100004873,1,7,,0,0,0,1,E01
202100004873,1,7,,0,2,4,1,G01
202100004873,1,7,,0,2,4,1,F01
202100004873,1,7,,0,2,1,1,D01
202100004873,1,7,,0,2,1,1,C01
202100004873,1,7,,3,2,1,1,B01
202100004873,1,7,,0,2,5,1,A01
202100004874,2,7,,13,0,0,1,A01
202100004875,3,33,,12,2,8,21,A01
202100004875,3,7,,0,2,3,21,B01
202100004876,1,7,,0,2,0,2,A01
202100004876,1,32,,0,2,8,1,B01
202100004877,2,7,,0,2,1,1,A01
202100004877,1,7,,0,2,3,1,B01
202100004878,1,7,,0,2,1,17,D01
202100004878,2,7,,0,2,1,26,C01
202100004878,1,7,,0,0,7,26,B01
202100004878,2,7,,2,0,0,14,A01
202100004879,1,7,,0,1,2,20,A01
202100004880,3,31,,0,0,1,1,A01
202100004881,1,7,,0,1,2,1,A01
202100004882,2,7,,2,0,1,26,A01
202100004883,1,7,,9,0,3,6,A01
202100004884,1,7,,0,2,3,13,A01
202100004884,2,7,,0,2,8,1,B01
202100004884,2,7,,0,2,1,1,C01
202100004885,2,7,,13,0,2,1,A01
202100004886,1,7,,0,1,1,2,A01
202100004887,2,7,,0,1,2,1,A01
202100004888,1,10,,0,9,3,15,A01
202100004888,2,2,,0,2,1,1,B01
202100004889,1,7,,2,0,1,1,A01
202100004890,2,7,,0,2,1,1,B01
202100004890,1,7,,0,2,1,5,A01
202100004891,1,33,,0,2,1,1,B01
202100004891,1,7,,0,2,2,9,A01
202100004892,3,7,,0,2,1,2,A01
202100004892,3,10,,0,2,1,2,B01
202100004892,3,7,,0,2,1,2,C01
202100004893,2,7,,1,0,1,1,A01
202100004893,2,7,,0,2,5,2,B01
202100004894,2,7,,4,0,1,2,A01
202100004895,1,7,,0,2,4,2,C01
202100004895,1,7,,0,2,4,2,B01
202100004895,1,7,,0,2,1,2,A01
202100004896,2,7,,0,2,6,11,B01
202100004896,2,7,,0,2,2,1,A01
202100004897,2,10,,4,0,2,1,A01
202100004898,1,7,,0,2,4,23,B01
202100004898,1,17,,1,0,1,11,A01
202100004899,2,7,,4,0,9,15,A01
202100004900,1,7,,4,0,3,13,A01
202100004901,1,7,,4,0,1,1,A01
202100004902,2,7,,0,2,1,2,B01
202100004902,2,7,,4,2,2,2,A01
202100004903,1,7,,0,2,1,1,A01
202100004903,1,7,,0,2,4,23,B01
202100004904,1,7,,0,2,1,1,A01
202100004904,1,7,,0,2,6,2,B01
202100004905,2,33,,0,2,4,3,A01
202100004906,2,7,,0,2,4,1,B01
202100004906,2,7,,0,2,1,2,A01
202100004907,2,10,,0,2,1,2,C01
202100004907,2,7,,0,2,4,23,A01
202100004907,2,7,,0,2,1,2,B01
202100004908,2,7,,5,2,4,12,B01
202100004908,1,7,,4,2,1,12,C01
202100004908,1,7,,4,2,3,2,A01
202100004909,2,7,,0,2,4,2,C01
202100004909,2,33,,0,2,4,2,B01
202100004909,2,7,,0,2,3,11,A01
202100004910,1,7,,1,1,9,14,A01
202100004911,2,50,,0,4,3,19,B01
202100004911,2,40,,0,2,3,1,A01
202100004912,1,10,,0,1,3,1,A01
202100004913,1,7,,0,1,4,4,A01
202100004914,2,7,,0,2,1,16,Z01
202100004914,2,50,,0,2,8,1,A01
202100004915,1,7,,0,2,6,2,B01
202100004915,2,7,,0,2,1,2,A01
202100004916,2,1,,0,2,7,1,A01
202100004916,2,7,,0,2,1,1,B01
202100004917,2,50,,0,0,1,1,A01
202100004918,2,7,,0,2,3,10,A01
202100004918,2,2,,0,2,2,17,B01
202100004919,2,32,,0,1,3,1,A01
202100004920,1,30,,0,1,1,1,Z01
202100004921,2,30,,0,2,7,16,A01
202100004921,2,33,,0,2,1,1,B01
202100004922,2,1,,0,0,7,5,A01
202100004922,1,7,,0,0,2,1,B01
202100004923,2,7,,0,1,3,1,A01
202100004924,2,30,,0,0,7,1,A01
202100004925,2,1,,1,0,1,1,B01
202100004925,2,10,,1,0,2,22,A01
202100004926,2,32,,0,0,0,1,A01
202100004927,3,7,,0,0,0,11,Z01
202100004927,3,31,,0,2,7,1,A01
202100004928,1,2,,0,2,2,1,B01
202100004928,1,7,,0,2,3,26,A01
202100004929,0,7,,1,1,1,1,A01
202100004929,0,7,,0,2,8,24,B01
202100004930,3,7,,0,2,1,1,A01
202100004930,3,7,,0,2,6,23,B01
202100004931,1,7,,0,2,7,1,A01
202100004931,1,13,,0,2,8,13,B01
202100004932,0,7,,8,0,2,26,A01
202100004933,1,10,,0,2,7,19,A01
202100004933,1,7,,0,2,2,1,B01
202100004934,1,2,,0,1,1,17,A01
202100004935,1,7,,0,2,2,19,A01
202100004935,1,10,,0,2,1,1,B01
202100004936,1,10,,0,2,3,15,A01
202100004936,1,34,,0,2,3,2,B01
202100004937,1,99,,0,2,3,1,B01
202100004937,1,7,,0,2,8,15,A01
202100004938,1,33,,0,2,6,3,C01
202100004938,1,7,,0,0,0,0,B01
202100004938,1,15,,0,2,7,9,A01
202100004939,-1,7,,0,2,2,17,B01
202100004939,-1,7,,0,2,6,17,A01
202100004940,3,7,,14,0,1,2,B01
202100004940,1,32,,14,0,4,23,XA01
202100004941,2,7,,0,2,5,15,A01
202100004941,1,31,,0,2,1,1,B01
202100004942,1,60,,0,2,3,1,B01
202100004942,1,7,,0,2,2,16,A01
202100004943,1,30,,0,2,8,1,A01
202100004943,1,7,,0,2,1,15,B01
202100004944,3,1,,0,2,0,0,A01
202100004944,3,7,,0,2,1,1,B01
202100004945,3,7,,0,1,2,1,A01
202100004946,1,14,,0,1,2,5,A01
202100004947,3,7,,0,2,3,19,A01
202100004947,1,33,,0,2,1,1,B01
202100004948,3,7,,0,1,1,1,A01
202100004949,3,7,,0,2,1,13,A01
202100004949,3,7,,0,2,1,1,B01
202100004950,1,7,,0,2,1,1,C01
202100004950,1,7,,0,2,4,23,B01
202100004950,1,7,,0,0,4,23,A01
202100004951,2,15,,4,2,3,6,A01
202100004951,1,7,,0,2,1,1,B01
202100004951,1,7,,4,2,2,1,C01
202100004952,3,2,,13,0,1,0,A01
202100004953,2,7,,0,1,2,1,A01
202100004954,1,7,,0,2,1,1,B01
202100004954,1,1,,0,2,4,15,A01
202100004955,3,2,,0,2,1,15,A01
202100004955,0,7,,0,2,3,1,B01
202100004956,2,7,,0,2,2,1,A01
202100004956,1,7,,0,-1,3,1,D01
202100004957,2,7,,2,0,3,1,A01
202100004958,2,7,,0,2,1,1,B01
202100004958,1,7,,0,2,1,13,A01
202100004959,1,7,,0,2,1,1,B01
202100004959,2,7,,0,2,4,10,A01
202100004960,2,7,,13,0,2,1,A01
202100004961,1,33,,10,0,2,14,A01
202100004962,2,7,,0,2,6,15,A01
202100004962,2,7,,0,2,2,1,B01
202100004963,1,1,,0,2,3,1,B01
202100004963,1,7,,0,2,2,19,A01
202100004964,2,7,,1,0,2,14,A01
202100004964,2,7,,0,2,6,23,B01
202100004965,1,7,,0,1,7,1,A01
202100004966,1,7,,6,0,1,1,A01
202100004967,1,7,,0,2,1,1,B01
202100004967,2,7,,0,2,7,15,A01
202100004968,1,7,,6,0,1,1,A01
202100004969,2,7,,0,2,1,1,B01
202100004969,1,7,,0,2,8,19,A01
202100004970,1,7,,13,0,2,0,A01
202100004971,1,10,,0,2,1,1,B01
202100004971,2,10,,0,2,1,13,A01
202100004972,1,2,,0,2,8,1,B01
202100004972,2,7,,0,2,1,15,A01
202100004973,2,2,,0,0,0,1,A01
202100004974,2,17,,3,0,2,1,A01
202100004975,3,13,,0,1,4,4,A01
202100004976,1,17,,3,2,1,13,A01
202100004976,2,7,,0,2,1,26,C01
202100004976,1,7,,0,2,1,21,B01
202100004977,1,7,,4,0,1,1,A01
202100004978,1,2,,0,2,7,19,A01
202100004978,2,7,,0,2,1,1,B01
202100004979,2,10,,0,2,1,13,A01
202100004979,1,7,,0,2,1,1,B01
202100004980,2,7,,0,2,1,1,B01
202100004980,2,7,,13,2,3,9,A01
202100004981,0,13,,0,0,4,23,B01
202100004981,0,7,,0,2,1,1,A01
202100004982,2,10,,0,2,1,13,A01
202100004982,1,3,,0,2,3,1,B01
202100004982,1,7,,0,2,1,1,C01
202100004983,2,33,,0,2,1,1,A01
202100004983,2,7,,0,2,1,15,B01
202100004984,2,7,,0,0,0,17,A01
202100004985,0,7,,0,2,1,1,B01
202100004985,3,10,,0,2,3,1,C01
202100004985,3,7,,0,2,1,13,A01
202100004986,2,7,,3,2,7,1,B01
202100004986,1,7,,0,2,3,16,A01
202100004987,1,7,,6,0,3,1,A01
202100004988,1,7,,0,2,3,2,B01
202100004988,1,7,,3,0,3,2,A01
202100004989,1,7,,7,0,0,1,A01
202100004990,3,7,,0,1,0,1,A01
202100004991,1,7,,0,2,2,1,C01
202100004991,2,7,,0,2,3,1,B01
202100004991,1,2,,0,2,1,17,A01
202100004992,2,2,,0,2,1,1,B01
202100004992,1,7,,0,2,1,15,A01
202100004993,3,7,,0,1,3,8,A01
202100004994,2,7,,0,0,1,1,B01
202100004994,2,7,,0,0,4,1,A01
202100004995,1,7,,13,0,1,0,A01
202100004996,1,7,,0,2,3,2,A01
202100004996,1,1,,0,2,7,1,B01
202100004997,1,7,,0,2,4,1,A01
202100004997,1,7,,0,2,1,2,B01
202100004998,2,17,,0,2,2,2,C01
202100004998,2,17,,0,2,6,24,A01
202100004999,2,10,,3,2,1,2,A01
202100004999,2,7,,0,2,4,1,B01
202100005000,1,10,,0,2,4,2,B01
202100005000,1,7,,3,2,1,2,Z01
202100005001,2,7,,0,2,4,1,C01
202100005001,2,7,,0,2,5,1,B01
202100005001,2,7,,0,2,2,1,A01
202100005002,2,7,,0,2,4,1,B01
202100005002,2,7,,0,2,1,13,A01
202100005003,1,7,,0,2,3,2,A01
202100005003,1,7,,0,2,6,2,B01
202100005004,1,7,,0,2,5,12,A01
202100005004,1,33,,0,2,1,3,B01
202100005005,2,10,,0,2,1,2,C01
202100005005,2,17,,0,2,2,2,B01
202100005005,2,7,,0,2,3,13,A01
202100005006,2,7,,0,2,5,14,A01
202100005006,2,33,,0,2,1,2,B01
202100005006,2,33,,0,2,7,1,C01
202100005007,2,7,,0,2,0,26,Z01
202100005007,2,7,,4,2,7,9,A01
202100005007,2,15,,0,2,7,1,B01
202100005008,1,7,,0,2,6,11,A01
202100005008,1,33,,0,2,3,26,B01
202100005009,2,7,,0,1,1,1,A01
202100005010,2,7,,4,0,3,13,A01
202100005011,2,7,,0,2,4,2,C01
202100005011,2,7,,0,2,1,2,B01
202100005011,2,10,,0,2,1,1,A01
202100005012,2,7,,15,0,9,1,A01
202100005012,2,7,,0,0,0,14,B01
202100005013,2,7,,3,0,1,1,A01
202100005014,1,7,,0,0,0,1,A01
202100005015,3,80,,0,1,1,19,A01
202100005016,1,7,,0,1,1,26,A01
202100005017,1,3,,0,1,1,1,A01
202100005018,1,7,,0,1,2,16,A01
202100005019,1,7,,0,1,2,1,A01
202100005020,1,7,,0,2,1,13,A01
202100005020,1,7,,0,2,1,1,B01
202100005021,1,7,,0,4,3,1,A01
202100005021,3,40,,0,2,7,1,B01
202100005022,2,7,,13,0,7,14,A01
202100005023,3,7,,0,2,7,1,A01
202100005023,3,7,,0,2,1,1,B01
202100005024,3,33,,9,1,9,26,Z01
202100005025,3,7,,0,2,3,1,A01
202100005025,3,7,,0,2,1,1,B01
202100005026,1,30,,0,1,1,12,A01
202100005027,1,7,,0,2,2,2,A01
202100005027,1,1,,0,2,3,2,B01
202100005028,1,1,,0,2,3,26,A01
202100005028,1,7,,0,2,2,1,B01
202100005029,2,7,,0,1,1,19,A01
202100005030,2,3,,0,1,2,23,A01
202100005031,2,50,,12,0,0,1,A01
202100005032,2,7,,0,1,1,1,A01
202100005033,2,7,,0,2,5,1,C01
202100005033,2,7,,0,2,3,1,B01
202100005033,1,7,,0,2,1,5,A01
202100005034,1,7,,0,2,1,1,C01
202100005034,1,7,,0,2,4,23,B01
202100005034,1,7,,0,2,4,23,A01
202100005035,1,7,,0,2,1,21,A01
202100005036,2,7,,0,2,1,21,A01
202100005036,2,7,,0,2,4,23,B01
202100005036,2,7,,0,2,1,26,C01
202100005037,3,7,,0,1,1,26,A01
202100005038,1,7,,0,2,1,1,B01
202100005038,1,7,,0,2,3,23,A01
202100005039,2,15,,0,2,1,2,A01
202100005039,2,10,,0,0,4,2,B01
202100005040,3,7,,0,1,1,1,A01
202100005041,1,7,,0,2,5,23,C01
202100005041,1,7,,0,2,4,2,B01
202100005041,1,7,,0,2,1,1,A01
202100005042,0,1,,0,2,7,1,B01
202100005042,0,7,,0,2,3,15,A01
202100005043,0,7,,0,0,1,1,A01
202100005044,2,7,,3,0,1,9,A01
202100005044,2,10,,0,2,1,1,B01
202100005045,3,7,,0,1,2,1,A01
202100005046,0,31,,0,2,6,0,A01
202100005046,0,10,,0,2,6,0,B01
202100005047,0,7,,0,1,1,20,A01
202100005048,3,7,,0,2,1,17,A01
202100005048,3,3,,0,2,1,1,B01
202100005049,2,50,,0,2,3,15,A01
202100005049,2,7,,0,2,7,1,B01
202100005050,3,7,,0,1,0,20,A01
202100005051,2,7,,0,2,3,7,A01
202100005051,2,10,,0,2,5,1,C01
202100005051,2,7,,0,2,5,9,B01
202100005052,1,7,,0,2,1,26,A01
202100005052,2,7,,8,2,8,1,B01
202100005053,2,7,,0,2,4,2,B01
202100005053,2,7,,0,2,1,2,A01
202100005053,2,10,,0,2,4,2,C01
202100005054,3,7,,0,2,1,2,A01
202100005054,3,7,,0,2,4,2,B01
202100005055,3,7,,16,2,1,2,B01
202100005055,3,10,,16,2,3,9,A01
202100005056,1,7,,0,2,1,1,A01
202100005056,1,7,,0,2,1,1,B01
202100005056,1,7,,0,2,4,1,C01
202100005057,1,37,2.0,0,2,4,1,A01
202100005057,0,33,,0,2,4,23,B01
202100005058,1,7,,0,2,1,13,A01
202100005058,2,7,,0,2,3,1,B01
202100005059,1,7,,0,2,7,15,B01
202100005059,2,30,,0,2,1,1,A01
202100005060,1,7,,0,1,1,1,A01
202100005061,1,7,,0,9,3,1,A01
202100005061,1,30,,0,2,4,1,B01
202100005062,1,7,,0,1,7,15,A01
202100005063,1,7,,5,0,1,1,A01
202100005064,1,32,,0,0,5,26,A01
202100005065,2,7,,2,0,1,9,A01
202100005066,3,7,,0,2,2,17,A01
202100005066,2,7,,0,2,7,1,B01
202100005067,1,10,,6,0,2,14,A01
202100005068,0,10,,0,2,2,1,A01
202100005068,3,7,,0,2,1,16,B01
202100005069,2,7,,0,1,7,1,A01
202100005069,2,7,,0,0,0,2,B01
202100005070,3,7,,0,2,3,1,B01
202100005070,0,7,,0,2,1,15,A01
202100005071,1,10,,0,2,1,1,A01
202100005071,1,7,,0,2,4,2,B01
202100005072,0,7,,0,2,2,1,B01
202100005072,0,80,,0,2,1,5,A01
202100005073,0,33,,0,1,3,1,A01
202100005074,0,30,,0,2,1,20,A01
202100005074,1,32,,0,2,3,1,B01
202100005075,2,7,,0,2,4,2,B01
202100005075,2,7,,0,2,1,2,A01
202100005076,2,33,,0,2,1,1,B01
202100005076,2,7,,0,2,6,13,A01
202100005077,2,7,,0,2,1,15,A01
202100005077,1,2,,0,2,1,1,B01
202100005078,2,7,,6,0,1,13,A01
202100005079,3,10,,0,1,2,16,A01
202100005080,0,30,,0,0,3,15,A01
202100005081,1,7,,0,2,1,1,A01
202100005081,1,7,,0,2,4,1,B01