Num_Acc,senc,catv,occutc,obs,obsm,choc,manv,num_veh
202100005082,3,7,,0,2,6,1,B01
202100005082,1,34,,0,2,1,1,A01
202100005083,1,7,,0,2,3,1,C01
202100005083,1,7,,0,2,8,1,B01
202100005084,3,7,,0,1,2,12,A01
202100005085,0,2,,0,2,1,1,B01
202100005085,0,10,,0,2,2,15,A01
202100005086,1,30,,3,0,8,13,A01
202100005087,2,7,,0,2,4,2,B01
202100005087,2,7,,0,2,2,2,A01
202100005088,3,10,,0,2,3,1,B01
202100005088,3,7,,0,2,2,11,A01
202100005089,1,50,,0,2,0,1,B01
202100005089,2,7,,0,9,3,9,A01
202100005090,2,10,,0,2,2,19,A01
202100005090,1,2,,0,2,1,1,B01
202100005091,2,7,,0,2,1,13,A01
202100005091,1,10,,0,2,1,1,B01
202100005092,1,10,,0,1,1,15,A01
202100005093,3,7,,0,2,0,0,B01
202100005093,3,7,,0,2,2,9,A01
202100005094,2,7,,0,2,1,2,A01
202100005094,2,10,,0,2,4,23,B01
202100005095,1,7,,0,2,6,11,A01
202100005095,1,32,,0,2,1,3,B01
202100005096,1,30,,0,0,0,21,A01
202100005097,2,10,,0,2,1,2,A01
202100005097,2,10,,0,2,4,23,B01
202100005097,2,7,,0,2,4,23,C01
202100005098,1,30,,0,1,1,1,A01
202100005099,2,10,,0,2,3,22,A01
202100005099,2,1,,0,2,1,1,B01
202100005100,1,1,,0,1,0,5,Z01
202100005101,3,10,,0,2,2,22,A01
202100005101,1,1,,0,2,0,1,B01
202100005102,2,34,,0,2,2,1,B01
202100005102,2,10,,0,2,3,9,A01
202100005103,2,7,,0,1,2,15,A01
202100005104,1,32,,0,2,1,1,A01
202100005104,3,50,,0,2,0,1,B01
202100005105,1,7,,0,2,2,15,A01
202100005105,2,30,,0,2,1,1,B01
202100005106,1,7,,0,1,2,1,A01
202100005107,1,7,,0,2,4,23,A01
202100005107,1,7,,0,2,1,1,B01
202100005108,1,1,,0,2,1,1,A01
202100005108,2,7,,0,9,1,15,B01
202100005109,3,31,,0,2,7,1,A01
202100005109,3,7,,0,2,3,2,B01
202100005110,2,1,,8,1,1,1,A01
202100005111,3,7,,1,0,0,1,A01
202100005112,1,33,,0,0,1,1,B01
202100005112,1,7,,8,2,1,15,A01
202100005113,3,7,,0,1,3,1,A01
202100005114,3,10,,0,1,1,9,A01
202100005115,1,7,,0,2,8,9,A01
202100005115,1,50,,0,2,1,19,B01
202100005116,2,7,,0,1,1,16,A01
202100005117,3,10,,0,2,3,26,B01
202100005117,3,7,,0,2,1,13,A01
202100005118,2,34,,0,2,7,16,A01
202100005119,1,7,,0,1,3,19,A01
202100005120,3,7,,0,9,3,13,A01
202100005121,1,7,,0,2,5,15,A01
202100005121,1,33,,0,2,0,17,B01
202100005122,-1,7,,0,1,1,16,A01
202100005123,3,37,1.0,0,1,2,26,A01
202100005124,2,50,,1,2,1,2,A01
202100005124,0,7,,0,2,0,0,B01
202100005125,1,7,,0,2,1,1,A01
202100005125,3,60,,0,2,8,19,Y01
202100005126,2,7,,1,2,3,15,B01
202100005126,2,30,,1,2,7,26,A01
202100005127,3,14,,9,1,2,20,A01
202100005128,0,0,,0,2,0,0,Y01
202100005128,1,32,,1,0,1,2,A01
202100005129,3,1,,1,0,1,1,B01
202100005129,3,7,,0,2,7,24,A01
202100005130,3,3,,0,9,8,24,A01
202100005130,3,1,,1,0,1,1,B01
202100005131,3,7,,0,2,3,1,A01
202100005131,3,2,,0,2,0,0,B01
202100005132,2,3,,0,1,2,16,A01
202100005133,1,15,,0,2,4,2,B01
202100005133,1,7,,0,2,1,2,A01
202100005134,0,7,,0,2,1,1,B01
202100005134,1,7,,0,2,7,1,A01
202100005135,2,7,,0,1,3,1,A01
202100005136,1,7,,0,2,6,4,A01
202100005136,1,33,,0,2,1,17,B01
202100005137,1,7,,0,1,2,2,A01
202100005138,1,7,,2,0,1,13,A01
202100005139,2,7,,0,2,1,2,A01
202100005139,2,7,,0,2,4,1,B01
202100005139,2,10,,0,2,4,1,C01
202100005140,2,15,,0,0,4,0,B01
202100005140,2,7,,3,2,1,17,A01
202100005141,1,33,,0,2,1,2,A01
202100005141,1,7,,0,2,4,2,B01
202100005142,1,7,,0,2,3,1,B01
202100005142,1,7,,0,2,2,15,A01
202100005143,3,7,,0,1,1,1,A01
202100005144,1,10,,0,2,3,16,B01
202100005144,1,2,,0,2,3,17,A01
202100005145,1,33,,0,2,1,18,A01
202100005145,1,7,,0,2,5,1,B01
202100005145,1,7,,3,2,1,1,C01
202100005146,1,7,,0,2,1,1,B01
202100005146,2,7,,0,2,1,13,A01
202100005147,1,7,,0,2,1,1,C01
202100005147,2,7,,0,2,1,2,B01
202100005147,1,7,,0,2,7,15,A01
202100005148,3,7,,0,2,6,10,A01
202100005148,3,33,,0,2,1,2,B01
202100005149,2,7,,0,1,2,1,A01
202100005150,1,7,,7,0,1,13,A01
202100005151,2,7,,13,0,1,1,A01
202100005152,1,7,,0,0,1,0,A01
202100005153,1,7,,0,0,6,23,B01
202100005153,1,7,,1,1,5,2,A01
202100005154,2,7,,3,0,1,26,A01
202100005155,1,2,,0,2,1,2,B01
202100005155,1,10,,0,0,5,2,A01
202100005156,3,10,,0,1,2,1,A01
202100005157,0,7,,0,2,7,0,B01
202100005157,0,2,,0,2,7,17,A01
202100005158,3,10,,0,1,3,1,A01
202100005159,2,2,,0,2,1,1,B01
202100005159,1,10,,0,2,2,15,A01
202100005160,2,99,,0,2,1,1,B01
202100005160,1,7,,0,2,2,1,A01
202100005161,2,10,,0,2,3,13,A01
202100005161,1,7,,0,2,3,13,B01
202100005162,2,7,,13,0,8,15,A01
202100005163,1,7,,11,0,1,26,A01
202100005164,2,15,,6,0,3,1,A01
202100005165,2,10,,0,2,1,2,A01
202100005165,2,17,,0,2,4,2,B01
202100005166,2,7,,0,2,1,2,A01
202100005166,2,7,,0,0,4,2,B01
202100005167,2,7,,0,1,1,1,A01
202100005168,2,0,,0,1,7,1,A01
202100005169,1,7,,0,2,3,2,A01
202100005169,1,7,,0,2,1,2,B01
202100005169,1,17,,0,0,4,2,C01
202100005170,3,7,,0,1,1,1,A01
202100005171,2,17,,0,2,1,1,B01
202100005171,1,7,,0,2,1,1,A01
202100005172,1,10,,0,2,1,19,A01
202100005172,2,7,,0,0,7,1,B01
202100005173,1,7,,13,0,1,21,A01
202100005174,2,0,,0,1,0,2,A01
202100005175,2,7,,10,0,1,14,A01
202100005176,1,7,,0,0,6,9,A01
202100005176,1,31,,0,2,1,1,B01
202100005177,1,7,,6,0,1,1,A01
202100005178,1,7,,0,2,3,13,A01
202100005178,2,7,,0,2,3,1,B01
202100005179,0,7,,2,0,1,1,A01
202100005180,1,7,,0,1,2,1,A01
202100005181,2,7,,0,2,3,13,A01
202100005181,1,7,,0,2,3,1,B01
202100005181,1,7,,0,2,8,1,C01
202100005182,1,7,,0,2,8,1,C01
202100005182,1,7,,0,2,8,1,B01
202100005182,1,10,,0,2,1,1,A01
202100005183,1,7,,0,2,4,0,A01
202100005183,1,7,,0,2,4,0,B01
202100005183,1,10,,0,2,1,0,C01
202100005184,2,7,,0,2,4,2,A01
202100005184,2,7,,0,2,4,2,B01
202100005184,2,7,,0,2,1,2,C01
202100005185,2,7,,0,2,4,1,A01
202100005185,2,7,,0,2,1,1,B01
202100005185,1,13,,0,2,1,2,C01
202100005186,1,7,,0,2,1,2,B01
202100005186,1,7,,0,2,4,2,A01
202100005187,1,7,,0,2,4,2,A01
202100005187,1,10,,0,2,1,2,B01
202100005188,1,7,,4,0,8,12,A01
202100005189,2,7,,2,0,1,0,A01
202100005190,1,17,,1,0,2,1,B01
202100005190,1,7,,1,2,8,24,A01
202100005191,2,7,,0,2,1,1,B01
202100005191,1,7,,0,2,7,15,A01
202100005192,2,7,,0,2,1,2,A01
202100005192,2,7,,0,2,4,2,B01
202100005193,1,7,,0,2,4,2,B01
202100005193,1,7,,0,2,0,2,A01
202100005194,2,14,,0,2,2,1,A01
202100005194,2,7,,0,2,8,11,B01
202100005195,1,7,,0,2,4,2,C01
202100005195,1,7,,0,2,1,2,B01
202100005195,1,10,,0,2,1,2,A01
202100005196,1,7,,0,2,4,2,C01
202100005196,1,13,,0,2,0,2,A01
202100005196,1,7,,0,2,0,2,B01
202100005197,1,7,,0,2,4,2,C01
202100005197,1,7,,0,2,4,2,B01
202100005197,1,7,,0,2,1,2,A01
202100005198,2,33,,0,2,1,3,B01
202100005198,2,7,,0,2,2,11,A01
202100005199,2,7,,0,2,5,23,A01
202100005199,2,7,,14,2,3,26,B01
202100005200,2,7,,4,2,7,3,B01
202100005200,2,7,,0,2,6,11,A01
202100005201,2,10,,0,2,6,1,C01
202100005201,2,7,,0,2,2,14,B01
202100005201,2,32,,0,2,1,3,A01
202100005202,2,7,,0,2,1,1,A01
202100005202,2,7,,0,2,4,1,B01
202100005203,1,7,,0,0,4,26,A01
202100005204,3,7,,1,0,3,26,A01
202100005204,3,7,,0,2,1,1,B01
202100005205,2,7,,0,1,2,2,A01
202100005206,2,37,1.0,0,1,3,26,A01
202100005207,1,7,,0,1,2,1,A01
202100005208,0,7,,0,1,3,15,A01
202100005209,3,7,,0,1,0,0,Z01
202100005210,2,30,,0,0,3,15,A01
202100005211,2,30,,0,0,0,13,A01
202100005212,1,30,,0,2,1,9,A01
202100005212,2,7,,0,2,7,1,B01
202100005213,1,7,,0,2,1,2,A01
202100005213,2,7,,0,2,4,2,B01
202100005214,2,7,,0,2,1,1,B01
202100005214,1,30,,0,2,1,13,A01
202100005215,1,7,,0,1,2,1,A01
202100005216,3,30,,0,2,2,13,B01
202100005216,3,7,,0,2,6,2,A01
202100005217,1,37,1.0,0,1,7,1,A01
202100005218,1,7,,0,1,1,15,A01
202100005219,2,31,,0,2,3,3,B01
202100005219,2,7,,0,2,5,12,A01
202100005220,1,10,,0,0,1,14,A01
202100005221,0,37,1.0,0,0,0,0,A01
202100005222,0,99,,0,0,0,0,A01
202100005223,2,33,,0,2,1,1,B01
202100005223,1,7,,0,2,1,15,A01
202100005224,3,33,,14,0,1,17,A01
202100005225,2,7,,0,2,1,12,B01
202100005225,2,7,,0,2,4,1,A01
202100005226,2,7,,1,0,1,14,A01
202100005227,3,32,,12,0,1,0,A01
202100005228,2,7,,4,0,3,1,A01
202100005229,1,10,,0,2,1,0,A01
202100005229,1,34,,0,2,8,0,B01
202100005230,1,31,,0,2,8,1,B01
202100005230,2,7,,0,2,3,15,A01
202100005231,1,7,,0,2,3,19,A01
202100005231,1,99,,0,0,0,0,B01
202100005232,1,10,,0,2,3,13,A01
202100005232,2,7,,0,2,1,1,B01
202100005233,1,10,,0,1,2,16,A01
202100005234,3,7,,0,1,2,1,A01
202100005235,1,7,,6,2,8,1,A01
202100005235,1,10,,0,2,0,13,B01
202100005236,1,32,,0,9,0,0,B01
202100005236,1,7,,0,9,0,26,A01
202100005237,2,7,,0,2,1,1,A01
202100005237,2,7,,0,2,3,1,B01
202100005238,1,7,,0,2,7,1,A01
202100005238,1,2,,0,2,1,1,B01
202100005239,1,7,,0,1,5,1,A01
202100005240,2,7,,0,2,6,10,A01
202100005240,2,37,1.0,0,2,2,1,B01
202100005241,1,7,,0,2,3,1,A01
202100005241,2,7,,0,2,2,1,B01
202100005242,1,7,,0,1,0,1,A01
202100005243,3,0,,1,1,0,0,Z01
202100005244,3,7,,0,1,1,1,A01
202100005245,3,7,,0,2,4,1,B01
202100005245,3,2,,0,2,1,2,A01
202100005246,3,7,,0,1,1,1,A01
202100005247,1,10,,0,2,7,15,A01
202100005247,2,33,,0,2,1,1,B01
202100005248,1,7,,0,9,3,1,A01
202100005248,1,1,,0,2,6,15,B01
202100005249,1,10,,0,1,2,1,A01
202100005250,1,7,,0,1,2,2,A01
202100005251,0,7,,9,0,1,1,A01
202100005252,3,7,,0,2,1,2,A01
202100005252,3,7,,0,2,4,2,B01
202100005252,3,7,,0,2,4,1,C01
202100005253,2,33,,0,2,1,1,A01
202100005253,2,7,,0,2,4,1,B01
202100005254,2,7,,0,2,1,13,A01
202100005254,1,7,,0,2,3,1,B01
202100005255,1,10,,0,2,5,15,B01
202100005255,2,33,,0,2,1,1,A01
202100005256,3,7,,13,2,2,26,B01
202100005256,3,7,,13,2,1,26,A01
202100005257,0,31,,0,0,0,14,A01
202100005258,1,7,,0,9,1,1,A01
202100005259,3,3,,0,1,1,1,Z01
202100005260,3,50,,0,2,1,1,A01
202100005260,3,7,,0,2,2,1,B01
202100005261,2,7,,0,2,1,1,B01
202100005261,2,7,,0,2,1,15,A01
202100005262,3,32,,8,0,1,1,A01
202100005263,3,7,,0,1,1,17,A01
202100005264,1,7,,0,1,3,9,A01
202100005265,1,7,,0,2,5,2,B01
202100005265,1,7,,0,2,2,2,A01
202100005266,1,7,,0,1,1,1,A01
202100005267,1,7,,0,1,2,1,A01
202100005268,2,2,,0,2,7,1,B01
202100005268,1,10,,0,2,3,9,A01
202100005269,1,7,,9,0,1,13,A01
202100005270,2,7,,0,2,1,1,B01
202100005270,2,7,,0,2,1,9,A01
202100005271,2,7,,0,2,1,9,A01
202100005271,1,7,,0,1,2,1,B01
202100005272,1,7,,0,1,1,1,A01
202100005273,2,7,,0,1,1,1,Z01
202100005274,1,7,,0,2,2,1,B01
202100005274,2,30,,0,2,1,16,A01
202100005275,1,7,,0,2,4,2,B01
202100005275,1,10,,0,2,1,2,A01
202100005276,1,7,,0,2,1,2,A01
202100005276,1,7,,0,2,4,2,B01
202100005277,3,33,,0,2,7,1,B01
202100005277,3,10,,0,2,2,15,A01
202100005278,1,7,,0,2,1,5,A01
202100005278,2,7,,0,2,1,1,B01
202100005279,2,7,,0,2,1,5,A01
202100005279,1,2,,0,2,1,1,B01
202100005280,1,1,,0,2,1,1,B01
202100005280,1,7,,0,2,1,11,A01
202100005281,1,7,,0,2,4,2,A01
202100005281,1,7,,0,2,1,2,B01
202100005282,3,7,,0,2,1,1,A01
202100005282,3,7,,0,2,6,0,B01
202100005283,1,7,,0,1,2,13,A01
202100005284,2,7,,0,1,0,26,Z01
202100005285,2,50,,0,2,1,19,B01
202100005285,2,7,,0,9,2,15,A01
202100005286,3,7,,0,1,3,15,A01
202100005287,3,15,,0,2,1,1,A01
202100005287,3,7,,0,2,1,11,B01
202100005288,1,7,,0,1,5,1,A01
202100005289,2,10,,0,2,1,1,B01
202100005289,1,7,,0,2,8,9,A01
202100005290,2,7,,0,1,3,1,A01
202100005291,2,7,,0,2,1,13,A01
202100005291,1,7,,0,2,2,1,B01
202100005292,1,7,,15,2,1,5,A01
202100005293,1,7,,0,2,3,1,B01
202100005293,2,7,,0,2,2,19,A01
202100005294,0,7,,0,1,8,15,A01
202100005295,2,7,,0,9,7,16,B01
202100005295,2,2,,0,2,1,7,A01
202100005296,1,7,,0,1,3,1,A01
202100005297,1,7,,0,2,8,26,A01
202100005297,1,7,,0,2,1,26,B01
202100005298,1,7,,0,1,1,1,A01
202100005299,1,7,,8,0,9,21,A01
202100005300,2,32,,0,0,0,15,A01
202100005301,1,7,,0,9,3,9,A01
202100005301,1,1,,0,2,2,1,B01
202100005302,2,33,,0,2,7,1,B01
202100005302,1,7,,0,2,5,15,A01
202100005303,1,3,,0,2,1,13,A01
202100005303,2,7,,0,2,1,1,B01
202100005303,2,7,,0,2,8,1,C01
202100005304,1,2,,0,2,1,1,B01
202100005304,1,7,,0,2,3,19,A01
202100005305,1,7,,0,2,8,5,Z01
202100005305,1,7,,0,2,1,1,B01
202100005306,1,7,,0,2,3,16,A01
202100005306,1,32,,0,2,1,1,B01
202100005307,1,15,,1,0,1,14,A01
202100005307,1,7,,0,2,8,23,B01
202100005308,3,7,,1,0,1,0,A01
202100005309,3,7,,15,0,2,14,A01
202100005310,3,1,,14,0,1,1,A01
202100005311,3,7,,0,2,2,15,A01
202100005311,3,2,,0,2,1,1,B01
202100005312,2,2,,0,2,4,2,B01
202100005312,2,7,,0,2,1,2,A01
202100005313,3,2,,0,2,1,1,B01
202100005313,3,7,,0,2,7,15,A01
202100005314,1,33,,0,2,8,1,B01
202100005314,2,7,,0,2,3,15,A01
202100005315,3,7,,0,2,1,1,A01
202100005315,0,7,,0,2,5,1,B01
202100005316,0,37,1.0,0,1,2,16,A01
202100005317,1,7,,0,2,1,2,A01
202100005317,1,7,,0,1,1,1,B01
202100005318,3,7,,0,2,5,20,A01
202100005318,2,1,,0,2,5,1,B01
202100005319,2,1,,0,2,2,15,B01
202100005319,1,7,,0,2,1,2,A01
202100005320,2,10,,0,2,1,1,A01
202100005320,3,38,1.0,0,0,4,2,B01
202100005321,1,7,,0,2,4,1,C01
202100005321,1,7,,0,2,4,1,B01
202100005321,1,37,1.0,0,2,1,1,A01
202100005322,3,7,,0,1,1,26,A01
202100005323,1,7,,0,2,8,2,A01
202100005323,2,31,,0,2,8,17,B01
202100005324,1,3,,0,1,1,1,A01
202100005325,2,80,,0,2,7,1,B01
202100005325,2,7,,0,2,1,9,A01
202100005326,1,30,,8,0,1,26,A01
202100005327,2,7,,0,2,5,15,A01
202100005327,1,1,,0,2,0,0,B01
202100005328,1,7,,17,0,1,13,A01
202100005329,3,7,,0,2,3,17,A01
202100005329,3,17,,0,2,6,1,B01
202100005330,2,7,,0,2,3,1,B01
202100005330,1,7,,0,2,3,13,A01
202100005331,2,31,,4,0,1,13,A01
202100005332,1,7,,0,2,2,15,A01
202100005332,2,33,,0,2,1,1,B01
202100005333,0,30,,0,2,2,1,B01
202100005333,0,7,,0,2,4,4,A01
202100005334,0,30,,0,0,2,1,A01
202100005335,0,1,,12,0,1,1,A01
202100005336,0,33,,0,0,2,1,A01
202100005337,0,7,,8,0,2,16,A01
202100005338,1,7,,0,2,2,13,A01
202100005338,2,7,,0,2,1,1,B01
202100005339,2,7,,0,2,7,1,B01
202100005339,2,7,,0,2,1,9,A01
202100005340,1,7,,0,1,3,1,A01
202100005340,2,7,,0,1,3,1,B01
202100005341,2,50,,0,2,1,21,A01
202100005341,2,13,,0,2,5,16,B01
202100005342,3,30,,0,2,1,17,B01
202100005342,3,7,,0,2,1,15,A01
202100005343,0,2,,0,2,1,1,B01
202100005343,0,7,,0,2,2,11,A01
202100005344,1,2,,0,2,7,1,B01
202100005344,1,7,,0,2,8,13,A01
202100005345,3,7,,0,2,3,1,B01
202100005345,3,7,,0,2,2,19,A01
202100005346,1,7,,0,2,8,10,A01
202100005346,1,43,,0,2,1,1,B01
202100005347,0,7,,0,2,2,20,A01
202100005347,0,7,,0,2,2,1,B01
202100005348,2,30,,0,2,1,17,A01
202100005348,1,7,,0,0,3,1,C01
202100005348,0,7,,0,0,3,0,B01
202100005349,1,7,,0,1,1,26,Z01
202100005350,1,7,,6,0,3,1,A01
202100005351,3,7,,8,2,1,1,B01
202100005351,3,7,,0,2,3,19,Z01
202100005352,1,31,,0,2,1,0,B01
202100005352,1,7,,0,2,4,23,A01
202100005353,3,7,,0,2,4,1,B01
202100005353,3,33,,0,2,1,1,A01
202100005354,1,0,,0,1,3,1,Z01
202100005355,3,50,,0,2,0,5,B01
202100005355,3,7,,0,9,0,1,Z01
202100005356,3,15,,0,2,1,2,A01
202100005356,3,7,,0,2,4,2,B01
202100005356,3,7,,0,2,4,2,C01
202100005356,3,7,,0,2,4,2,D01
202100005357,2,80,,0,2,1,17,A01
202100005357,1,7,,0,2,3,15,B01
202100005358,3,7,,1,2,3,16,B01
202100005358,3,2,,0,2,1,1,A01
202100005359,3,80,,0,2,7,15,A01
202100005359,3,7,,0,2,0,15,Z01
202100005360,0,7,,2,0,1,13,A01
202100005361,1,10,,0,2,1,1,A01
202100005361,3,10,,0,2,7,15,B01
202100005362,3,50,,0,0,7,2,A01
202100005362,1,1,,0,0,6,2,B01
202100005363,1,7,,0,1,0,1,A01
202100005364,1,7,,0,0,0,0,B01
202100005364,0,2,,0,2,1,2,A01
202100005365,1,34,,1,2,1,1,B01
202100005365,3,13,,0,2,4,4,A01
202100005366,1,7,,0,1,1,15,A01
202100005367,3,7,,0,2,1,1,A01
202100005367,3,80,,0,2,7,1,B01
202100005368,2,7,,0,2,0,15,D01
202100005368,1,10,,0,2,3,1,C01
202100005368,2,7,,0,2,6,23,B01
202100005368,2,7,,0,2,2,21,A01
202100005369,1,7,,0,1,1,0,A01
202100005370,2,10,,0,1,3,15,A01
202100005371,2,7,,0,1,1,1,A01
202100005372,2,7,,0,1,7,1,A01
202100005373,1,32,,0,2,1,1,B01
202100005373,1,1,,0,2,8,1,A01
202100005374,1,30,,0,2,1,2,A01
202100005374,1,7,,0,2,4,23,B01
202100005375,1,30,,0,1,2,15,A01
202100005376,1,30,,0,0,8,1,A01
202100005377,1,32,,0,0,8,1,A01
202100005378,1,30,,0,0,2,1,A01
202100005379,2,30,,0,2,7,1,A01
202100005379,1,7,,0,2,1,1,B01
202100005380,1,50,,0,1,8,1,A01
202100005381,1,7,,0,2,5,16,A01
202100005381,2,50,,0,2,1,1,B01
202100005382,2,10,,0,1,2,5,A01
202100005383,1,1,,0,2,1,17,A01
202100005383,1,80,,0,2,6,1,B01
202100005384,1,32,,0,1,8,1,A01
202100005385,2,33,,0,2,1,1,B01
202100005385,1,7,,0,2,6,15,A01
202100005386,2,33,,0,2,1,5,B01
202100005386,2,7,,0,2,8,10,A01
202100005387,1,31,,0,0,7,1,A01
202100005388,1,7,,0,1,2,1,A01
202100005389,1,7,,0,2,5,1,B01
202100005389,1,34,,0,2,2,9,A01
202100005390,2,10,,0,1,1,16,A01
202100005391,2,7,,0,1,3,2,A01
202100005392,1,7,,0,2,7,0,A01
202100005392,2,32,,0,2,1,0,B01
202100005393,0,10,,0,1,3,15,A01
202100005394,1,10,,0,1,2,1,A01
202100005395,-1,7,,2,0,4,23,B01
202100005395,-1,3,,0,2,1,1,A01
202100005396,0,34,,0,0,1,17,A01
202100005397,2,33,,0,2,1,1,B01
202100005397,2,7,,0,2,6,15,A01
202100005398,2,7,,0,1,8,22,A01
202100005399,1,33,,12,2,1,5,A01
202100005399,1,10,,0,0,3,1,B01
202100005400,2,2,,0,2,3,1,B01
202100005400,1,10,,0,2,3,13,A01
202100005401,2,10,,0,2,8,1,B01
202100005401,2,30,,0,2,7,1,A01
202100005402,1,30,,0,0,0,0,B01
202100005402,1,50,,0,2,1,1,A01
202100005403,1,32,,0,0,0,1,A01
202100005404,1,2,,0,2,7,9,A01
202100005404,3,7,,0,2,2,9,B01
202100005405,3,7,,13,0,2,2,A01
202100005406,1,7,,0,1,1,1,A01
202100005407,2,14,,0,0,4,1,B01
202100005407,2,10,,0,2,1,2,A01
202100005408,2,7,,0,0,3,16,A01
202100005409,2,2,,0,2,7,1,B01
202100005409,3,7,,0,2,2,19,A01
202100005410,2,7,,2,0,2,0,A01
202100005411,2,7,,0,2,4,2,A01
202100005411,2,7,,0,2,1,2,B01
202100005412,1,7,,2,0,3,1,A01
202100005413,2,7,,0,2,1,1,B01
202100005413,1,7,,7,2,9,13,A01
202100005414,1,15,,13,2,3,1,B01
202100005414,2,7,,13,2,3,13,A01
202100005415,1,7,,9,0,2,1,A01
202100005416,2,7,,0,9,8,9,A01
202100005416,2,80,,0,2,1,26,B01
202100005417,1,7,,2,0,7,14,A01
202100005418,2,10,,0,1,2,23,A01
202100005419,2,7,,0,0,1,1,A01
202100005420,2,7,,0,2,3,1,B01
202100005420,1,7,,0,2,3,11,A01
202100005421,0,7,,0,2,1,0,B01
202100005421,0,7,,0,2,1,0,A01
202100005422,2,3,,6,0,3,1,A01
202100005423,0,7,,0,2,2,13,A01
202100005423,0,7,,0,2,1,1,B01
202100005424,1,7,,13,0,1,1,A01
202100005425,1,33,,10,0,2,1,A01
202100005426,1,7,,0,9,3,1,B01
202100005426,2,2,,0,2,1,0,A01
202100005427,2,7,,0,2,1,1,C01
202100005427,2,7,,14,2,1,1,B01
202100005427,2,7,,0,2,4,1,A01
202100005428,1,7,,7,2,1,17,A01
202100005428,2,7,,0,2,1,1,B01
202100005428,1,15,,0,0,8,2,C01
202100005429,2,10,,10,0,1,1,A01
202100005430,2,7,,0,2,6,1,B01
202100005430,1,7,,0,2,3,13,A01
202100005431,2,7,,2,0,7,13,A01
202100005432,2,3,,0,1,1,1,A01
202100005433,1,7,,0,1,1,1,A01
202100005434,2,7,,13,0,1,14,A01
202100005435,2,7,,0,2,3,1,B01
202100005435,1,32,,0,2,1,0,A01
202100005436,2,15,,0,2,1,13,A01
202100005436,1,10,,0,2,1,1,B01
202100005437,1,7,,0,2,1,13,A01
202100005437,2,7,,0,2,1,13,B01
202100005438,1,10,,0,2,1,1,A01
202100005438,2,7,,0,2,1,1,B01
202100005439,0,20,,12,0,0,1,A01
202100005440,2,7,,0,2,2,15,A01
202100005440,2,50,,0,2,1,17,B01
202100005441,1,15,,0,0,6,24,B01
202100005441,1,15,,1,0,2,1,A01
202100005442,2,14,,0,2,5,10,A01
202100005442,1,38,11.0,0,2,1,21,B01
202100005443,2,7,,0,2,8,2,A01
202100005443,2,15,,0,2,2,17,B01
202100005444,1,7,,0,2,1,2,D01
202100005444,1,7,,0,2,2,2,C01
202100005444,1,7,,0,2,4,2,B01
202100005444,1,7,,0,2,5,2,A01
202100005445,1,7,,0,1,1,1,A01
202100005446,2,7,,16,0,0,1,A01
202100005447,1,7,,0,0,1,0,A01
202100005448,1,33,,9,2,7,1,A01
202100005448,1,7,,0,2,8,17,B01
202100005449,0,7,,0,2,7,0,A01
202100005449,0,7,,0,2,1,1,B01
202100005450,1,7,,0,2,6,15,A01
202100005450,2,33,,0,2,1,1,B01
202100005451,2,7,,0,2,1,1,B01
202100005451,1,7,,0,2,1,13,A01
202100005452,0,7,,0,2,4,1,D01
202100005452,0,7,,0,2,1,1,C01
202100005452,0,7,,0,2,1,1,B01
202100005452,0,7,,0,2,1,1,A01
202100005453,1,7,,0,2,1,5,A01
202100005453,2,15,,0,2,3,1,B01
202100005454,1,2,,0,2,0,0,A01
202100005454,1,10,,0,2,1,1,B01
202100005455,3,7,,15,0,1,13,A01
202100005456,2,7,,0,2,1,15,A01
202100005456,1,7,,0,2,1,1,B01
202100005457,3,7,,0,1,2,1,A01
202100005458,3,1,,0,2,1,25,A01
202100005458,0,10,,0,2,2,1,B01
202100005459,2,7,,0,2,3,9,A01
202100005459,1,10,,0,2,1,1,B01
202100005460,1,10,,0,2,4,2,C01
202100005460,1,7,,0,2,4,2,B01
202100005460,1,10,,0,2,1,1,A01
202100005461,2,7,,0,2,6,1,B01
202100005461,2,7,,0,2,2,12,A01
202100005462,1,34,,4,0,7,21,A01
202100005463,1,10,,0,2,1,2,C01
202100005463,1,7,,0,2,1,2,D01
202100005463,1,7,,0,2,4,2,E01
202100005463,1,10,,0,2,1,0,B01
202100005463,1,7,,0,2,1,2,A01
202100005464,2,7,,0,2,3,11,C01
202100005464,2,7,,0,2,7,1,B01
202100005464,2,33,,0,2,1,3,A01
202100005465,1,7,,4,0,1,1,A01
202100005466,1,33,,0,2,1,1,A01
202100005466,1,7,,0,2,6,13,B01
202100005467,1,7,,1,0,1,1,A01
202100005468,2,1,,0,2,1,1,B01
202100005468,1,7,,0,9,3,1,A01
202100005469,1,31,,0,2,7,0,A01
202100005469,2,7,,0,2,2,23,B01
202100005470,1,7,,0,1,2,1,A01
202100005471,1,33,,0,6,1,1,A01
202100005471,2,7,,0,2,1,1,B01
202100005472,2,7,,1,2,7,26,A01
202100005473,1,10,,0,9,4,20,A01
202100005473,1,80,,0,2,1,1,B01
202100005474,3,2,,0,0,2,26,A01
202100005475,3,1,,0,2,1,1,B01
202100005475,0,10,,0,1,8,0,A01
202100005476,0,7,,0,1,3,15,A01
202100005477,2,34,,0,2,1,17,B01
202100005477,2,7,,0,9,1,26,A01
202100005478,2,7,,0,2,7,19,A01