Num_Acc,senc,catv,occutc,obs,obsm,choc,manv,num_veh
202100005479,1,30,,0,1,5,17,A01
202100005480,1,10,,0,2,8,11,B01
202100005480,1,15,,0,2,5,1,A01
202100005481,3,7,,8,1,2,16,A01
202100005482,1,7,,4,0,1,19,A01
202100005483,3,1,,12,0,1,2,B01
202100005483,3,10,,0,0,2,16,A01
202100005484,1,7,,8,0,1,14,A01
202100005485,2,7,,0,2,1,1,B01
202100005485,2,7,,0,2,1,15,A01
202100005486,3,7,,6,0,2,21,A01
202100005487,1,7,,0,1,2,15,A01
202100005488,0,7,,9,2,1,1,A01
202100005488,0,7,,0,2,3,1,B01
202100005489,0,2,,0,0,0,15,A01
202100005490,2,7,,0,2,1,1,B01
202100005490,2,7,,0,2,1,1,A01
202100005491,3,7,,8,0,1,0,A01
202100005492,3,0,,0,2,1,0,A01
202100005492,2,2,,0,2,4,1,B01
202100005493,1,7,,0,2,1,1,C01
202100005493,2,7,,0,2,4,1,B01
202100005493,2,7,,0,2,1,2,A01
202100005494,2,10,,0,2,1,16,B01
202100005494,1,1,,0,2,3,5,A01
202100005495,2,34,,0,2,1,1,B01
202100005495,1,7,,0,2,2,15,A01
202100005496,1,10,,0,2,1,1,B01
202100005496,2,7,,0,2,1,13,A01
202100005497,1,2,,0,2,2,1,B01
202100005497,1,7,,0,2,3,9,A01
202100005498,1,7,,0,1,1,1,A01
202100005499,2,37,2.0,0,2,1,1,B01
202100005499,1,7,,0,2,3,15,A01
202100005500,3,7,,0,1,8,26,A01
202100005501,1,7,,0,1,7,1,A01
202100005502,3,7,,0,2,7,1,A01
202100005502,3,1,,0,2,8,9,B01
202100005503,1,7,,15,0,1,1,A01
202100005504,1,2,,0,2,1,2,A01
202100005504,1,7,,0,2,4,2,B01
202100005505,1,7,,0,1,4,4,A01
202100005506,2,7,,0,1,3,1,A01
202100005507,2,7,,0,2,4,2,B01
202100005507,2,7,,0,2,2,2,A01
202100005508,2,7,,0,1,3,15,A01
202100005509,1,7,,3,0,2,1,A01
202100005510,1,60,,0,0,8,1,B01
202100005510,1,1,,0,9,2,1,A01
202100005511,2,7,,0,1,2,1,A01
202100005512,2,31,,0,2,1,26,B01
202100005512,2,7,,0,2,3,10,A01
202100005513,1,7,,0,2,6,1,C01
202100005513,1,7,,0,2,6,1,B01
202100005513,3,7,,0,2,9,26,A01
202100005514,0,7,,0,2,4,2,B01
202100005514,0,30,,0,2,1,2,A01
202100005515,3,7,,0,1,2,1,A01
202100005516,1,1,,0,2,1,1,B01
202100005516,1,10,,0,2,8,9,A01
202100005517,1,7,,4,0,2,26,A01
202100005518,0,7,,0,2,4,1,A01
202100005518,0,10,,0,2,1,1,Z01
202100005519,3,32,,14,0,8,17,A01
202100005520,1,7,,0,2,1,15,B01
202100005520,2,7,,0,2,1,1,A01
202100005521,0,34,,0,0,0,1,A01
202100005522,1,7,,0,2,0,1,B01
202100005522,2,2,,0,2,1,1,A01
202100005523,1,7,,0,2,7,9,A01
202100005523,1,7,,0,2,1,1,Z01
202100005524,1,10,,0,-1,1,1,A01
202100005524,1,10,,0,2,4,2,B01
202100005525,1,33,,12,0,1,1,A01
202100005525,2,7,,0,2,1,1,B01
202100005526,1,33,,12,0,7,0,A01
202100005527,2,7,,0,2,0,1,B01
202100005527,2,7,,0,2,0,1,A01
202100005528,2,7,,7,0,9,1,A01
202100005529,2,7,,0,2,1,2,A01
202100005529,2,7,,0,2,4,2,B01
202100005530,2,7,,0,1,2,1,A01
202100005531,2,1,,0,1,7,17,A01
202100005532,2,7,,0,2,5,15,B01
202100005532,1,32,,0,2,1,1,A01
202100005533,3,10,,0,2,1,2,A01
202100005533,3,10,,0,2,4,2,B01
202100005534,1,7,,0,2,2,15,B01
202100005534,1,33,,0,2,1,1,A01
202100005535,1,34,,0,1,2,1,A01
202100005536,1,80,,0,2,0,1,B01
202100005536,2,7,,0,2,0,15,A01
202100005537,1,7,,0,1,1,15,A01
202100005538,1,10,,0,1,5,1,A01
202100005539,2,7,,0,1,2,16,A01
202100005540,2,7,,0,1,4,4,A01
202100005541,0,7,,1,0,3,24,A01
202100005541,0,7,,0,2,2,15,B01
202100005542,2,7,,0,2,3,1,B01
202100005542,2,33,,0,2,2,1,A01
202100005543,2,33,,0,2,0,1,A01
202100005544,2,7,,0,2,3,13,A01
202100005544,2,32,,0,2,1,17,B01
202100005545,1,1,,0,0,0,1,A01
202100005546,2,10,,0,2,1,1,B01
202100005546,2,7,,0,2,5,1,A01
202100005547,2,34,,12,2,6,15,A01
202100005547,2,7,,0,2,1,1,B01
202100005548,2,7,,0,2,3,15,A01
202100005548,2,2,,0,2,7,17,B01
202100005549,1,7,,1,0,2,1,A01
202100005550,2,7,,0,2,8,1,B01
202100005550,2,30,,0,2,1,1,A01
202100005551,2,31,,0,2,7,2,A01
202100005551,2,37,1.0,0,2,8,24,B01
202100005552,1,10,,0,1,2,13,A01
202100005553,1,7,,0,2,5,23,A01
202100005553,1,1,,0,2,1,2,B01
202100005554,1,33,,0,2,1,1,B01
202100005554,2,7,,0,2,2,15,A01
202100005555,2,1,,1,0,1,1,B01
202100005555,2,7,,0,0,6,22,A01
202100005556,2,7,,0,1,3,19,A01
202100005557,1,7,,1,0,3,14,A01
202100005558,0,7,,0,2,7,1,A01
202100005558,0,7,,0,2,1,1,B01
202100005559,3,7,,0,2,1,1,B01
202100005559,3,7,,0,2,2,1,A01
202100005560,1,7,,0,2,8,1,A01
202100005560,1,7,,0,2,1,15,B01
202100005561,2,7,,0,2,1,1,A01
202100005561,2,7,,0,2,8,20,B01
202100005562,1,10,,0,1,2,1,A01
202100005563,3,7,,0,2,3,9,A01
202100005563,3,7,,0,2,2,2,B01
202100005564,1,80,,0,1,1,1,A01
202100005565,0,7,,0,2,3,26,A01
202100005565,0,1,,0,2,3,15,B01
202100005566,2,37,1.0,0,2,7,1,A01
202100005566,2,50,,0,2,0,0,B01
202100005567,2,1,,0,0,0,0,A01
202100005568,1,50,,0,0,7,19,A01
202100005569,3,32,,0,1,1,26,A01
202100005570,3,50,,0,2,7,19,B01
202100005570,1,7,,0,9,2,1,A01
202100005571,1,7,,1,0,6,24,A01
202100005571,1,1,,1,0,1,14,Y01
202100005572,1,10,,0,1,1,16,A01
202100005573,1,1,,0,2,7,15,A01
202100005573,2,7,,0,2,1,1,B01
202100005574,2,10,,0,2,1,1,B01
202100005574,2,7,,3,2,8,13,A01
202100005575,3,7,,0,1,1,1,A01
202100005576,3,7,,0,1,2,1,A01
202100005577,2,7,,0,1,3,1,A01
202100005578,2,1,,0,2,7,1,B01
202100005578,1,7,,0,2,1,17,A01
202100005579,0,7,,0,2,7,15,A01
202100005579,3,33,,0,2,1,1,B01
202100005580,2,7,,8,2,1,6,A01
202100005580,1,10,,0,2,1,1,B01
202100005581,0,31,,13,0,7,1,A01
202100005582,3,7,,0,0,2,1,A01
202100005582,3,7,,0,2,1,1,B01
202100005583,1,7,,0,1,1,1,A01
202100005584,3,7,,0,2,1,13,B01
202100005584,3,30,,0,0,1,1,A01
202100005585,1,1,,0,0,0,1,A01
202100005586,2,31,,0,6,1,1,A01
202100005587,1,7,,0,1,1,1,A01
202100005588,1,2,,0,2,8,15,B01
202100005588,1,7,,0,2,2,17,A01
202100005589,2,30,,0,2,1,16,B01
202100005589,1,7,,0,2,3,1,A01
202100005590,1,2,,11,0,3,1,A01
202100005591,1,7,,0,1,1,9,A01
202100005592,1,7,,0,0,9,1,A01
202100005593,1,33,,0,2,1,1,B01
202100005593,1,7,,0,0,4,15,A01
202100005594,2,7,,16,0,0,1,A01
202100005595,1,7,,0,1,1,1,A01
202100005596,1,7,,0,1,1,1,A01
202100005597,1,2,,0,2,0,0,A01
202100005597,2,7,,0,2,7,0,B01
202100005598,2,10,,2,2,7,0,A01
202100005598,3,7,,0,2,3,19,B01
202100005599,2,1,,0,2,3,19,B01
202100005599,2,21,,0,2,7,1,A01
202100005600,1,7,,0,1,2,0,A01
202100005601,1,7,,0,2,9,2,A01
202100005601,1,33,,0,2,9,2,B01
202100005601,1,7,,0,2,1,2,C01
202100005601,1,7,,0,2,4,2,D01
202100005602,2,15,,0,2,4,17,A01
202100005602,2,10,,0,2,1,1,B01
202100005603,2,15,,0,2,6,11,D01
202100005603,2,17,,0,0,0,11,C01
202100005603,2,7,,1,0,1,2,B01
202100005603,2,7,,3,0,1,11,A01
202100005604,3,10,,0,0,3,1,B01
202100005604,3,2,,0,2,6,1,A01
202100005605,1,7,,0,2,3,1,A01
202100005605,2,80,,0,2,7,14,B01
202100005606,2,7,,0,2,1,5,B01
202100005606,1,7,,0,0,1,1,A01
202100005607,1,10,,0,1,1,1,A01
202100005608,0,3,,0,1,1,1,A01
202100005609,1,7,,3,2,1,13,A01
202100005609,1,3,,0,0,4,1,B01
202100005610,2,15,,0,0,4,2,A01
202100005610,2,14,,0,2,1,2,B01
202100005611,0,7,,0,2,8,1,D01
202100005611,0,7,,0,2,8,1,C01
202100005611,0,7,,0,0,8,2,B01
202100005611,0,7,,0,2,7,17,A01
202100005612,2,7,,0,1,3,1,A01
202100005613,2,7,,0,2,4,2,E01
202100005613,2,7,,0,2,4,2,D01
202100005613,2,7,,0,2,4,2,C01
202100005613,2,7,,0,2,4,2,B01
202100005613,2,7,,0,2,1,1,A01
202100005614,2,7,,4,2,1,2,C01
202100005614,2,7,,4,2,4,2,B01
202100005614,2,7,,4,2,4,2,A01
202100005615,1,7,,0,2,1,0,B01
202100005615,1,10,,0,2,4,23,A01
202100005616,2,7,,0,2,1,2,A01
202100005616,2,7,,0,2,4,2,B01
202100005616,2,7,,0,2,4,2,C01
202100005616,2,7,,0,2,4,2,D01
202100005617,2,7,,0,9,8,1,H01
202100005617,2,7,,0,2,2,1,G01
202100005617,2,7,,0,2,8,2,F01
202100005617,2,7,,0,2,4,1,E01
202100005617,2,7,,0,9,6,1,D01
202100005617,2,10,,0,2,7,11,C01
202100005617,2,7,,0,2,1,2,B01
202100005617,2,7,,0,2,4,2,A01
202100005618,1,7,,5,0,1,0,A01
202100005619,2,7,,0,2,4,1,A01
202100005619,2,33,,0,2,1,3,B01
202100005620,2,10,,0,2,1,2,A01
202100005620,2,7,,0,2,4,2,C01
202100005620,2,7,,0,2,4,2,B01
202100005621,2,7,,0,2,5,11,B01
202100005621,2,43,,0,2,3,3,A01
202100005622,2,31,,0,0,0,3,A01
202100005623,2,7,,0,2,4,2,C01
202100005623,2,7,,0,2,4,2,B01
202100005623,2,7,,0,2,1,1,A01
202100005624,1,7,,0,2,2,1,B01
202100005624,1,2,,0,2,3,6,A01
202100005625,2,31,,0,2,1,2,B01
202100005625,2,7,,0,0,6,11,A01
202100005626,1,32,,0,2,2,3,A01
202100005626,1,10,,0,2,4,1,B01
202100005626,1,10,,0,2,4,11,C01
202100005626,1,7,,0,2,4,1,D01
202100005627,2,7,,0,2,1,11,B01
202100005627,2,33,,0,2,1,3,A01
202100005628,2,7,,0,2,1,1,A01
202100005628,2,7,,0,2,4,1,B01
202100005628,2,7,,0,2,4,2,C01
202100005629,1,33,,0,0,0,21,A01
202100005630,1,7,,0,2,5,1,A01
202100005630,0,10,,0,2,3,9,B01
202100005631,1,7,,0,1,1,16,A01
202100005632,2,50,,0,0,0,5,A01
202100005633,1,32,,0,0,8,3,A01
202100005634,1,50,,14,0,1,13,A01
202100005635,2,10,,0,2,7,16,A01
202100005635,2,1,,0,2,3,18,B01
202100005636,1,50,,0,0,0,21,A01
202100005637,1,30,,0,1,1,1,Z01
202100005638,1,33,,0,2,2,1,A01
202100005638,1,1,,0,2,3,9,B01
202100005639,1,1,,0,1,2,1,A01
202100005640,3,7,,0,2,2,16,A01
202100005640,3,80,,0,2,3,1,B01
202100005641,1,30,,0,2,1,1,A01
202100005641,1,7,,0,2,7,9,B01
202100005642,3,1,,0,2,8,19,B01
202100005642,3,30,,0,2,1,1,A01
202100005643,1,30,,0,2,8,1,B01
202100005643,1,7,,0,2,5,12,A01
202100005644,2,80,,0,2,1,1,B01
202100005644,1,7,,0,2,5,15,A01
202100005645,3,7,,0,2,8,1,B01
202100005645,3,7,,0,2,1,5,A01
202100005646,2,80,,0,2,8,19,A01
202100005646,2,7,,0,2,2,16,Z01
202100005647,1,50,,0,2,1,1,B01
202100005647,1,10,,0,2,3,1,A01
202100005648,3,1,,0,2,8,19,B01
202100005648,1,30,,0,2,1,7,A01
202100005649,1,30,,0,2,2,17,B01
202100005649,2,7,,0,2,3,15,A01
202100005650,1,7,,1,1,3,18,Z01
202100005651,1,1,,0,2,0,1,A01
202100005651,1,32,,0,2,3,1,B01
202100005652,1,7,,14,0,9,1,Z01
202100005653,1,30,,0,1,1,5,A01
202100005654,2,7,,1,0,1,1,A01
202100005655,2,37,1.0,0,2,3,2,A01
202100005655,2,37,1.0,0,2,5,0,B01
202100005656,1,7,,0,2,6,11,B01
202100005656,1,33,,0,2,0,0,A01
202100005657,2,7,,0,1,3,15,A01
202100005658,2,2,,0,2,4,1,B01
202100005658,1,7,,0,2,2,17,A01
202100005659,3,7,,0,1,2,16,A01
202100005660,1,7,,1,2,2,2,A01
202100005661,1,15,,0,1,1,1,A01
202100005662,2,33,,16,0,8,15,A01
202100005663,-1,30,,0,1,1,19,A01
202100005664,1,99,,0,1,8,1,A01
202100005665,1,33,,0,2,0,3,B01
202100005665,1,7,,0,0,0,14,A01
202100005666,1,10,,3,2,1,14,A01
202100005667,2,7,,0,2,8,1,B01
202100005667,1,7,,0,2,3,15,A01
202100005668,0,7,,0,1,3,15,A01
202100005669,1,7,,0,2,1,1,A01
202100005669,-1,99,,0,2,7,19,B01
202100005670,1,7,,0,1,1,1,A01
202100005671,1,7,,0,0,4,24,B01
202100005671,1,7,,1,0,1,3,A01
202100005672,1,7,,2,0,1,0,A01
202100005673,1,7,,9,1,1,1,A01
202100005674,1,34,,0,2,7,1,A01
202100005674,1,7,,0,2,1,1,B01
202100005675,2,7,,0,9,4,2,A01
202100005675,2,7,,0,2,1,1,B01
202100005675,2,15,,0,2,1,1,C01
202100005676,1,7,,0,1,2,1,A01
202100005677,2,7,,0,2,1,13,A01
202100005677,1,7,,0,2,1,1,B01
202100005678,2,7,,0,2,3,2,B01
202100005678,1,33,,0,2,6,1,A01
202100005679,2,7,,0,2,2,1,B01
202100005679,1,7,,0,2,1,19,A01
202100005680,0,10,,0,1,5,4,A01
202100005681,1,7,,0,1,2,1,B01
202100005681,1,7,,0,2,3,1,A01
202100005682,0,7,,13,0,3,13,A01
202100005683,2,7,,0,2,2,5,A01
202100005683,1,7,,0,2,1,1,B01
202100005683,1,7,,0,2,8,1,C01
202100005684,1,10,,0,2,2,1,A01
202100005684,1,1,,0,0,4,1,B01
202100005685,2,7,,0,2,2,13,A01
202100005685,1,7,,0,2,3,1,B01
202100005686,1,7,,0,1,1,1,A01
202100005687,1,7,,13,0,0,1,A01
202100005688,2,7,,0,2,3,13,A01
202100005688,1,15,,0,2,3,1,B01
202100005689,1,7,,13,2,3,11,B01
202100005689,3,7,,0,2,3,1,A01
202100005690,1,7,,0,1,3,1,A01
202100005691,1,34,,6,0,7,1,A01
202100005692,1,7,,0,2,6,1,B01
202100005692,1,1,,0,2,2,15,A01
202100005693,1,2,,13,0,1,1,A01
202100005694,1,7,,0,2,3,1,A01
202100005694,2,10,,0,0,8,15,B01
202100005695,2,15,,0,2,3,1,B01
202100005695,1,7,,0,2,3,13,A01
202100005696,1,7,,0,1,3,1,A01
202100005697,1,7,,2,0,1,0,A01
202100005698,2,37,1.0,6,0,1,1,A01
202100005699,1,30,,0,0,4,15,B01
202100005699,1,31,,0,9,1,2,A01
202100005700,2,15,,0,0,4,24,A01
202100005700,2,7,,1,0,1,1,B01
202100005701,3,7,,0,1,3,1,A01
202100005702,1,7,,0,2,1,15,A01
202100005702,1,2,,0,2,4,2,B01
202100005703,2,10,,6,0,2,24,B01
202100005703,2,10,,1,0,2,14,A01
202100005704,1,7,,4,0,1,1,A01
202100005705,0,10,,0,1,1,16,A01
202100005706,2,7,,0,2,3,0,B01
202100005706,1,7,,0,2,3,0,A01
202100005707,0,7,,0,1,8,1,A01
202100005708,3,7,,0,2,6,2,B01
202100005708,3,7,,0,2,0,0,A01
202100005709,3,7,,0,1,1,1,A01
202100005710,1,7,,0,1,2,2,A01
202100005711,1,7,,0,1,1,1,A01
202100005712,1,7,,0,1,5,1,A01
202100005713,2,7,,0,2,4,1,A01
202100005713,2,13,,0,2,1,2,B01
202100005714,1,10,,0,2,1,1,A01
202100005714,1,7,,0,2,4,1,B01
202100005715,2,14,,0,2,4,2,B01
202100005715,2,17,,0,2,1,1,A01
202100005716,1,10,,4,0,1,13,A01
202100005717,1,7,,0,2,4,26,B01
202100005717,1,33,,0,2,1,3,A01
202100005718,1,7,,0,2,1,2,A01
202100005718,1,7,,0,2,4,2,B01
202100005718,1,7,,0,2,4,23,C01
202100005719,2,10,,0,2,1,2,A01
202100005719,2,10,,0,2,4,2,B01
202100005719,2,7,,0,2,4,2,C01
202100005719,2,15,,0,2,4,0,D01
202100005719,2,7,,0,2,5,2,E01
202100005719,2,7,,0,2,5,2,F01
202100005720,2,7,,3,0,3,11,A01
202100005721,2,7,,0,2,6,2,B01
202100005721,2,31,,0,2,2,1,A01
202100005722,1,15,,0,2,2,1,B01
202100005722,1,7,,0,2,2,9,A01
202100005723,2,7,,0,2,4,2,B01
202100005723,2,7,,0,2,1,1,A01
202100005724,2,33,,0,2,3,3,B01
202100005724,2,7,,0,2,5,12,A01
202100005725,2,7,,0,2,0,1,A01
202100005725,2,7,,0,2,4,1,B01
202100005725,2,7,,0,2,4,1,C01
202100005726,1,7,,3,0,1,21,A01
202100005727,1,7,,0,2,8,0,B01
202100005727,1,33,,0,2,7,3,A01
202100005728,1,33,,0,2,8,3,A01
202100005728,1,10,,0,0,2,1,B01
202100005729,1,15,,0,2,2,12,C01
202100005729,1,37,1.0,0,2,3,1,B01
202100005729,1,7,,4,2,8,1,A01
202100005730,2,31,,0,2,8,2,A01
202100005730,2,15,,0,2,3,2,B01
202100005730,2,7,,0,2,3,2,C01
202100005731,1,7,,3,0,1,16,A01
202100005732,2,7,,0,2,1,1,B01
202100005732,2,7,,3,0,1,1,A01
202100005733,1,7,,0,2,1,2,B01
202100005733,1,7,,0,2,4,2,C01
202100005733,1,7,,0,2,3,2,A01
202100005734,2,15,,0,0,6,1,B01
202100005734,2,7,,5,2,2,12,A01
202100005735,2,7,,0,1,2,1,A01
202100005736,1,7,,0,2,3,9,A01
202100005736,1,30,,0,2,6,1,B01
202100005737,2,7,,0,1,2,1,A01
202100005738,0,7,,0,2,5,15,B01
202100005738,0,31,,0,2,1,18,A01
202100005739,2,7,,8,0,1,26,A01
202100005740,1,7,,1,2,2,14,A01
202100005740,2,7,,0,2,6,0,B01
202100005741,1,30,,14,0,0,26,A01
202100005742,1,7,,0,2,1,1,A01
202100005742,1,7,,0,2,1,2,B01
202100005742,1,7,,0,2,4,23,C01
202100005743,2,7,,0,2,2,21,B01
202100005743,1,7,,0,2,5,15,A01
202100005744,3,7,,0,1,1,1,A01
202100005745,1,7,,0,2,5,26,A01
202100005745,2,7,,0,2,0,1,B01
202100005745,2,7,,0,2,3,1,C01
202100005746,2,7,,2,0,1,14,A01
202100005747,1,7,,0,2,0,15,A01
202100005747,1,7,,0,2,3,1,B01
202100005748,2,7,,6,0,1,2,A01
202100005749,2,7,,0,2,8,1,C01
202100005749,1,7,,0,2,7,1,B01
202100005749,2,10,,0,2,1,15,A01
202100005750,1,7,,0,2,1,5,A01
202100005750,1,7,,0,2,1,1,B01
202100005751,2,7,,0,1,2,16,Z01
202100005752,1,7,,0,1,1,1,A01
202100005753,1,7,,0,9,8,1,A01
202100005753,1,50,,0,2,1,1,B01
202100005754,0,7,,0,2,3,16,A01
202100005754,2,7,,0,2,2,1,B01
202100005755,2,7,,0,2,2,15,A01
202100005755,2,7,,0,2,7,1,B01
202100005756,2,7,,0,2,9,1,B01
202100005756,1,7,,9,2,2,13,A01
202100005757,1,7,,0,2,1,14,A01
202100005757,1,7,,0,2,8,1,B01
202100005758,2,7,,4,0,5,26,A01
202100005758,1,7,,0,0,0,0,Z01
202100005759,1,7,,0,2,3,13,A01
202100005759,2,7,,0,2,3,1,B01
202100005760,2,7,,1,0,8,1,A01
202100005761,2,7,,13,0,3,13,A01
202100005762,3,7,,0,1,1,1,A01
202100005763,0,7,,0,2,4,4,Z01
202100005763,0,30,,0,2,1,1,B01
202100005764,2,32,,0,2,7,1,B01
202100005764,2,7,,0,2,3,10,A01
202100005765,3,7,,0,2,1,1,D01
202100005765,3,7,,0,2,1,1,C01
202100005765,3,7,,0,2,1,0,B01
202100005765,3,7,,0,2,1,5,A01
202100005766,1,2,,0,2,1,17,A01
202100005766,1,7,,0,2,0,0,B01
202100005767,2,7,,0,2,8,1,B01
202100005767,1,7,,0,2,3,13,A01
202100005767,2,7,,0,2,8,1,C01
202100005767,2,7,,0,2,1,0,D01
202100005768,1,33,,6,0,0,1,A01
202100005769,3,2,,0,1,1,17,A01
202100005770,1,2,,0,2,0,0,B01
202100005770,1,7,,0,2,0,0,A01
202100005771,1,33,,0,2,8,1,B01
202100005771,1,33,,0,2,7,9,A01
202100005772,1,7,,0,2,1,2,B01
202100005772,1,7,,0,2,4,2,A01
202100005773,1,10,,0,1,2,1,A01
202100005774,3,30,,0,0,9,21,A01
202100005775,1,10,,0,2,3,1,B01
202100005775,3,7,,0,2,3,13,A01
202100005776,1,7,,0,1,7,1,A01
202100005777,2,43,,12,0,2,14,A01
202100005778,1,50,,1,0,4,2,A01
202100005779,1,7,,0,0,0,10,Z01
202100005779,1,30,,0,0,0,21,A01
202100005780,1,32,,0,2,2,1,A01
202100005780,1,7,,0,2,3,15,B01
202100005781,1,30,,0,2,0,1,B01
202100005781,2,7,,0,2,0,1,A01
202100005782,2,7,,0,2,8,10,B01
202100005782,2,32,,0,2,2,1,A01
202100005783,1,33,,0,0,3,3,B01
202100005783,1,13,,0,0,5,12,A01
202100005784,3,7,,0,2,4,26,C01
202100005784,3,7,,0,2,0,26,B01
202100005784,0,7,,0,2,1,26,A01
202100005785,3,7,,0,2,1,2,E01
202100005785,3,7,,0,2,9,1,D01
202100005785,3,7,,0,2,1,2,C01
202100005785,3,7,,0,2,6,2,B01
202100005785,3,10,,0,2,1,13,A01
202100005786,0,7,,0,0,6,0,B01
202100005786,0,99,,0,2,0,26,A01
202100005787,-1,10,,2,0,8,1,A01
202100005788,1,7,,0,2,1,1,A01
202100005788,2,43,,0,2,3,1,B01
202100005789,1,15,,0,0,0,0,A01
202100005790,2,7,,2,0,1,2,A01
202100005791,1,10,,0,2,1,1,C01
202100005791,1,2,,0,2,8,1,B01
202100005791,1,2,,0,2,6,2,A01
202100005792,1,7,,0,2,1,1,B01
202100005792,1,7,,0,2,5,1,A01
202100005793,1,7,,6,0,1,0,A01
202100005794,1,33,,0,2,4,1,B01
202100005794,1,7,,0,2,2,1,A01
202100005795,1,10,,0,2,1,17,A01
202100005795,2,7,,0,2,1,1,B01
202100005795,1,7,,0,2,1,1,C01
202100005796,1,7,,3,0,2,9,A01
202100005797,2,7,,0,2,1,17,A01
202100005797,2,15,,0,0,4,11,B01
202100005798,2,7,,0,0,0,0,A01
202100005799,2,7,,2,0,2,1,A01
202100005800,1,7,,0,2,1,1,B01
202100005800,2,7,,0,2,2,1,A01
202100005801,1,7,,0,2,3,13,A01
202100005801,2,7,,0,2,3,1,B01
202100005802,1,7,,0,2,3,1,B01
202100005802,2,7,,0,2,3,13,A01
202100005803,0,7,,0,9,3,15,A01
202100005803,3,1,,0,2,1,1,B01
202100005804,2,7,,15,0,9,0,A01
202100005805,2,7,,0,2,1,1,B01
202100005805,2,7,,0,2,7,1,A01
202100005806,1,7,,0,2,1,1,A01
202100005806,2,7,,0,2,3,1,B01
202100005807,2,7,,0,2,1,1,C01
202100005807,1,17,,0,2,1,1,B01
202100005807,2,7,,0,2,1,13,A01
202100005808,2,7,,12,1,5,1,A01
202100005809,3,7,,0,1,2,1,A01
202100005810,1,7,,0,0,4,15,C01
202100005810,1,7,,0,2,4,1,B01
202100005810,1,10,,0,2,1,1,A01
202100005811,3,7,,2,0,3,1,A01
202100005812,2,7,,1,1,2,19,A01
202100005813,2,7,,0,0,0,17,A01
202100005814,0,2,,1,0,0,1,A01
202100005815,1,7,,0,2,8,15,B01
202100005815,2,7,,0,2,3,17,A01
202100005816,1,7,,0,2,3,1,B01
202100005816,2,7,,0,2,1,1,A01
202100005817,2,2,,0,2,8,1,B01
202100005817,2,2,,0,2,7,1,A01
202100005818,1,3,,0,0,3,15,B01
202100005818,1,7,,0,2,1,1,A01
202100005819,1,7,,0,2,1,13,A01
202100005819,2,7,,0,2,1,1,B01
202100005820,2,7,,6,0,1,0,A01
202100005821,3,7,,0,2,7,11,B01
202100005821,3,33,,0,2,1,1,A01
202100005821,3,7,,0,2,3,23,C01
202100005822,2,17,,0,0,4,2,A01
202100005822,2,7,,0,2,1,2,B01
202100005823,0,7,,0,2,2,17,B01
202100005823,0,2,,0,2,1,16,A01
202100005824,1,7,,0,2,1,15,A01
202100005824,1,7,,6,2,8,1,B01
202100005825,1,7,,2,0,1,14,A01
202100005826,3,10,,0,2,3,13,A01
202100005826,3,7,,0,2,3,15,B01
202100005827,2,7,,6,0,2,14,A01
202100005828,0,7,,2,0,8,21,A01
202100005829,1,7,,0,2,1,17,A01
202100005829,2,7,,0,2,1,1,B01
202100005830,2,7,,0,2,2,13,A01
202100005830,1,7,,0,2,1,1,B01
202100005831,0,7,,1,1,1,1,A01
202100005832,2,7,,0,0,1,1,B01
202100005832,2,7,,7,2,2,1,A01
202100005833,0,99,,0,0,0,0,A01
202100005834,3,7,,0,2,1,1,A01
202100005834,3,7,,0,2,3,1,B01
202100005835,2,7,,8,0,1,1,A01
202100005836,1,7,,0,2,1,2,B01
202100005836,1,7,,0,2,4,2,A01
202100005837,2,7,,0,2,6,1,B01
202100005837,2,7,,0,2,2,2,A01
202100005838,1,7,,2,0,9,0,A01
202100005839,1,7,,0,2,1,2,A01
202100005839,1,7,,0,2,4,2,B01
202100005840,1,7,,0,2,4,0,B01
202100005840,1,7,,4,2,2,2,A01
202100005841,2,7,,0,2,1,2,A01
202100005841,2,7,,0,2,5,2,B01
202100005841,2,7,,0,2,4,2,D01
202100005841,2,7,,0,2,1,2,C01
202100005842,2,7,,0,2,4,2,B01
202100005842,2,7,,0,2,3,2,A01
202100005843,2,33,,3,0,2,1,A01
202100005844,1,7,,13,0,2,1,A01
202100005845,2,7,,4,0,1,1,A01
202100005846,2,7,,4,0,3,1,A01
202100005847,2,7,,0,2,0,0,C01
202100005847,2,7,,0,2,0,0,D01
202100005847,2,7,,0,2,1,0,B01
202100005847,2,7,,0,2,4,2,A01
202100005847,2,7,,0,2,0,0,I01
202100005847,2,7,,0,2,0,0,E01
202100005847,2,7,,0,2,0,0,H01
202100005847,2,7,,0,2,0,0,G01
202100005847,2,7,,0,2,0,0,F01
202100005847,2,10,,0,2,0,0,J01
202100005848,1,7,,0,2,1,1,A01
202100005848,1,7,,3,0,4,1,B01
202100005849,2,17,,0,2,6,1,B01
202100005849,2,7,,0,2,2,1,A01
202100005850,2,7,,4,0,1,1,A01
202100005851,1,7,,4,0,1,13,A01
202100005852,1,7,,3,0,1,2,A01
202100005853,1,7,,4,0,1,1,A01
202100005854,1,7,,0,2,3,1,A01
202100005855,2,7,,0,0,3,1,A01
202100005856,1,7,,4,0,1,26,A01
202100005857,-1,7,,0,2,1,0,A01
202100005858,1,7,,0,2,4,2,B01
202100005858,1,7,,0,2,1,1,A01
202100005859,2,7,,0,2,1,2,A01
202100005859,2,33,,0,2,4,2,B01
202100005860,2,7,,0,2,3,1,B01
202100005860,1,50,,12,2,3,17,A01