Num_Acc,senc,catv,occutc,obs,obsm,choc,manv,num_veh
202100005861,3,7,,0,1,3,1,A01
202100005862,1,7,,0,1,1,1,A01
202100005863,2,7,,2,0,2,14,A01
202100005864,1,31,,0,2,1,1,A01
202100005864,3,30,,0,2,8,15,B01
202100005865,2,32,,0,2,7,17,B01
202100005865,2,7,,0,2,1,19,A01
202100005866,1,7,,0,2,1,6,B01
202100005866,1,7,,0,2,2,1,A01
202100005867,2,7,,0,2,6,11,A01
202100005867,1,33,,0,2,1,1,B01
202100005868,1,7,,0,2,3,15,A01
202100005868,1,2,,0,2,1,1,B01
202100005869,2,2,,0,2,1,1,B01
202100005869,2,7,,0,2,7,1,A01
202100005870,2,2,,0,2,1,17,Z01
202100005870,1,7,,0,2,3,15,A01
202100005871,1,7,,0,2,1,15,A01
202100005871,2,7,,0,2,1,1,B01
202100005872,-1,7,,3,0,7,0,A01
202100005873,2,7,,0,1,3,1,A01
202100005874,1,7,,0,2,3,1,B01
202100005874,1,33,,7,2,4,23,A01
202100005875,2,50,,0,2,8,19,B01
202100005875,2,10,,0,2,2,17,A01
202100005876,2,33,,3,0,3,14,A01
202100005877,2,7,,8,0,1,1,A01
202100005878,3,7,,2,0,1,1,A01
202100005879,1,43,,0,2,1,17,A01
202100005879,2,33,,0,2,1,1,B01
202100005879,2,14,,0,2,8,1,C01
202100005879,2,7,,0,2,3,1,D01
202100005879,1,7,,0,2,8,1,E01
202100005880,2,7,,0,0,4,23,C01
202100005880,2,7,,0,2,4,23,B01
202100005880,2,7,,0,2,1,1,A01
202100005881,1,10,,0,1,1,16,A01
202100005882,2,32,,0,1,2,1,A01
202100005883,2,7,,0,2,2,1,A01
202100005883,2,7,,0,2,4,1,B01
202100005884,2,30,,0,2,2,1,A01
202100005884,2,7,,0,2,6,16,B01
202100005885,0,43,,0,2,1,1,B01
202100005885,0,7,,0,2,0,15,A01
202100005886,2,37,1.0,0,1,7,1,A01
202100005886,2,1,,0,2,1,9,B01
202100005887,0,10,,0,1,1,1,A01
202100005888,2,32,,0,0,7,1,A01
202100005889,1,7,,0,2,1,2,A01
202100005890,2,7,,1,1,1,13,A01
202100005891,2,7,,0,1,1,9,A01
202100005892,3,30,,0,2,1,26,B01
202100005892,3,7,,0,2,8,1,A01
202100005893,1,30,,0,1,1,17,A01
202100005894,2,32,,0,2,1,1,B01
202100005894,1,7,,0,2,3,15,A01
202100005895,3,7,,0,1,1,9,A01
202100005896,2,17,,0,1,7,1,A01
202100005897,0,1,,0,2,1,5,B01
202100005897,0,1,,0,2,1,5,A01
202100005898,2,7,,0,1,1,1,A01
202100005899,3,7,,0,2,1,9,A01
202100005899,3,1,,0,2,5,16,B01
202100005900,3,30,,0,2,1,1,B01
202100005900,3,7,,0,2,8,9,A01
202100005901,1,30,,0,2,1,5,A01
202100005901,2,7,,0,2,3,1,B01
202100005902,3,31,,0,1,7,1,A01
202100005903,2,40,,0,1,0,1,A01
202100005904,2,7,,0,2,1,2,A01
202100005904,2,7,,0,2,4,2,B01
202100005905,3,7,,0,1,1,1,A01
202100005906,3,7,,0,1,2,1,A01
202100005907,3,7,,0,2,1,2,A01
202100005907,0,10,,0,2,4,2,B01
202100005908,0,7,,0,2,1,1,B01
202100005908,0,10,,0,2,8,1,A01
202100005909,2,7,,0,1,1,1,A01
202100005910,1,7,,0,2,2,15,A01
202100005910,1,7,,0,2,1,1,B01
202100005911,3,1,,0,2,7,2,A01
202100005911,3,7,,0,2,1,9,Z01
202100005912,1,7,,0,1,3,15,A01
202100005913,1,30,,0,2,1,2,A01
202100005913,1,7,,0,2,4,1,B01
202100005914,3,1,,0,2,1,1,B01
202100005914,1,7,,0,2,5,1,A01
202100005915,1,7,,0,1,1,1,A01
202100005916,3,7,,0,9,2,15,B01
202100005916,3,1,,0,2,1,1,A01
202100005917,1,7,,0,2,1,1,B01
202100005917,2,50,,0,2,1,5,A01
202100005918,1,30,,3,2,1,18,A01
202100005918,1,7,,1,0,5,2,B01
202100005919,2,7,,0,1,3,9,A01
202100005920,0,7,,0,2,1,1,A01
202100005920,0,7,,0,0,0,0,B01
202100005921,2,7,,0,1,1,1,A01
202100005922,1,33,,0,2,1,1,B01
202100005922,1,7,,0,2,4,20,A01
202100005923,0,10,,0,1,0,0,Z01
202100005924,1,80,,0,2,3,16,B01
202100005924,1,7,,0,2,8,1,A01
202100005925,2,7,,0,2,8,22,A01
202100005925,2,1,,1,0,1,1,B01
202100005926,1,7,,0,1,7,1,A01
202100005926,3,60,,0,2,0,0,B01
202100005927,1,7,,0,1,1,1,A01
202100005928,3,7,,0,1,1,1,A01
202100005929,1,1,,14,0,1,13,A01
202100005930,1,7,,0,2,4,23,B01
202100005930,1,10,,0,2,1,2,A01
202100005931,1,7,,0,2,1,1,B01
202100005931,1,7,,0,2,2,1,A01
202100005932,1,2,,0,2,8,1,B01
202100005932,1,7,,0,9,2,1,A01
202100005933,1,7,,0,1,3,15,A01
202100005934,1,2,,0,2,1,1,B01
202100005934,1,7,,0,9,8,15,A01
202100005935,1,1,,0,2,1,26,A01
202100005935,1,7,,0,9,7,1,B01
202100005936,2,7,,6,0,2,1,A01
202100005937,3,7,,0,2,1,13,A01
202100005937,3,7,,0,2,1,1,B01
202100005938,1,7,,0,2,3,1,B01
202100005938,1,7,,0,2,2,1,A01
202100005939,1,7,,0,1,1,1,A01
202100005940,0,7,,0,2,6,15,B01
202100005940,0,32,,0,2,1,17,A01
202100005941,1,7,,0,2,4,2,B01
202100005941,1,7,,0,2,1,2,A01
202100005942,3,10,,0,1,6,4,A01
202100005943,2,10,,0,2,1,7,A01
202100005943,1,7,,0,2,7,1,B01
202100005944,2,7,,0,2,2,1,A01
202100005944,1,7,,0,2,2,0,B01
202100005945,1,7,,0,2,1,1,B01
202100005945,1,7,,0,2,1,13,A01
202100005946,1,30,,0,0,7,16,A01
202100005947,2,30,,0,0,7,9,A01
202100005948,0,7,,0,2,4,9,A01
202100005948,3,7,,0,2,9,1,B01
202100005949,3,1,,0,2,1,1,B01
202100005949,2,7,,0,2,7,16,A01
202100005950,1,7,,0,2,1,0,A01
202100005950,1,7,,0,2,4,1,B01
202100005950,1,7,,0,2,7,1,C01
202100005950,1,7,,0,2,4,1,D01
202100005951,1,7,,0,1,1,2,A01
202100005952,3,7,,0,1,1,25,A01
202100005953,1,7,,0,0,9,0,A01
202100005954,3,1,,0,2,0,0,B01
202100005954,0,7,,0,2,0,0,Z01
202100005955,2,7,,0,1,1,1,A01
202100005956,2,7,,0,2,1,1,B01
202100005956,2,50,,0,2,4,1,A01
202100005957,2,7,,0,2,1,9,A01
202100005957,1,7,,0,2,7,1,B01
202100005958,2,7,,0,2,1,15,A01
202100005958,1,32,,0,2,1,1,B01
202100005959,1,7,,0,2,1,1,A01
202100005959,1,7,,0,2,4,1,C01
202100005959,1,7,,0,2,4,1,D01
202100005959,1,7,,0,2,4,1,B01
202100005960,2,7,,0,1,1,1,A01
202100005961,3,7,,0,9,3,15,A01
202100005961,3,1,,0,2,8,1,B01
202100005962,2,7,,0,2,1,1,A01
202100005962,2,7,,0,0,4,23,B01
202100005963,1,7,,13,0,2,1,A01
202100005964,3,7,,13,0,2,14,A01
202100005965,1,10,,0,0,1,16,A01
202100005966,1,7,,0,5,1,21,A01
202100005967,0,0,,0,2,1,1,A01
202100005967,0,1,,0,2,3,1,B01
202100005968,3,33,,0,2,4,1,B01
202100005968,3,7,,0,2,1,1,A01
202100005969,1,7,,0,2,3,13,B01
202100005969,2,30,,0,2,8,26,A01
202100005970,3,1,,0,2,3,9,B01
202100005970,3,1,,0,2,3,9,A01
202100005971,1,13,,0,2,5,23,A01
202100005971,1,2,,0,2,1,26,B01
202100005972,-1,7,,0,1,2,26,A01
202100005973,3,7,,0,1,1,20,A01
202100005974,1,7,,0,2,1,26,A01
202100005974,3,1,,0,2,7,19,B01
202100005975,3,7,,0,1,1,0,Z01
202100005976,1,7,,0,1,1,14,Z01
202100005977,0,7,,0,2,2,1,A01
202100005977,0,7,,0,2,6,1,B01
202100005978,1,7,,0,2,0,15,B01
202100005978,1,33,,0,2,0,5,A01
202100005979,2,7,,0,2,2,1,A01
202100005979,2,7,,0,2,6,0,B01
202100005980,0,7,,0,2,1,1,A01
202100005980,0,7,,0,2,4,1,B01
202100005981,2,31,,0,2,1,1,B01
202100005981,2,7,,0,2,3,15,A01
202100005982,3,7,,0,2,3,15,Y01
202100005982,1,7,,0,2,3,1,B01
202100005983,2,7,,0,2,1,1,A01
202100005983,2,7,,0,2,4,1,B01
202100005983,2,7,,0,2,4,1,C01
202100005984,3,10,,0,1,3,15,A01
202100005985,1,7,,0,2,6,15,B01
202100005985,1,2,,0,2,1,17,A01
202100005986,2,7,,0,2,3,1,B01
202100005986,1,2,,0,2,1,5,A01
202100005987,2,7,,6,0,1,15,A01
202100005988,1,7,,8,0,2,16,A01
202100005989,1,32,,0,2,1,1,B01
202100005989,2,7,,0,2,1,15,A01
202100005990,2,7,,0,2,0,15,B01
202100005990,1,32,,0,2,6,17,A01
202100005991,2,10,,0,2,1,1,A01
202100005991,1,2,,0,2,1,1,B01
202100005992,2,50,,0,1,8,25,A01
202100005993,2,1,,0,2,1,2,A01
202100005993,2,7,,0,2,6,23,B01
202100005994,1,2,,1,2,1,18,B01
202100005994,1,10,,0,2,5,22,A01
202100005995,1,31,,0,0,0,1,A01
202100005996,1,1,,0,2,3,1,A01
202100005996,1,7,,0,2,5,22,B01
202100005997,2,1,,0,2,9,18,A01
202100005997,2,38,1.0,0,2,7,16,B01
202100005998,2,7,,0,2,4,2,A01
202100005998,1,2,,0,2,1,2,B01
202100005999,2,7,,0,1,3,1,A01
202100006000,2,50,,0,2,8,1,A01
202100006000,0,7,,0,2,2,17,Z01
202100006001,2,31,,0,2,7,17,B01
202100006001,2,7,,8,2,3,13,A01
202100006002,3,7,,0,2,1,2,A01
202100006002,3,7,,0,2,4,2,B01
202100006003,2,7,,0,2,1,2,A01
202100006003,2,7,,0,0,4,2,B01
202100006004,1,7,,0,2,4,2,B01
202100006004,1,34,,0,2,1,2,A01
202100006005,3,7,,1,2,5,26,A01
202100006005,3,7,,1,2,1,20,B01
202100006005,3,7,,1,2,1,5,C01
202100006005,3,7,,0,2,3,5,D01
202100006006,2,30,,1,2,0,21,A01
202100006007,1,7,,0,2,2,15,A01
202100006007,2,32,,0,2,1,1,B01
202100006008,1,7,,0,2,6,1,B01
202100006008,2,7,,14,2,1,0,A01
202100006009,3,7,,0,1,1,2,A01
202100006010,-1,7,,0,9,4,23,A01
202100006010,-1,7,,0,2,4,23,B01
202100006010,3,7,,0,2,1,1,C01
202100006011,2,0,,8,2,3,16,A01
202100006011,2,30,,12,2,1,1,B01
202100006012,3,7,,0,2,1,9,A01
202100006012,-1,30,,0,2,7,0,B01
202100006013,0,30,,0,2,1,26,A01
202100006013,0,7,,0,2,3,0,B01
202100006014,1,7,,0,2,4,26,A01
202100006014,1,7,,0,2,2,9,B01
202100006015,1,7,,0,2,1,16,B01
202100006015,2,50,,0,2,1,5,A01
202100006016,1,31,,0,2,1,17,B01
202100006016,1,7,,0,2,8,15,A01
202100006017,3,10,,0,1,4,20,A01
202100006018,0,7,,0,2,4,26,B01
202100006018,0,7,,0,2,1,26,A01
202100006019,3,10,,0,9,5,23,B01
202100006019,3,60,,0,2,1,0,A01
202100006020,2,7,,0,1,2,15,A01
202100006021,2,33,,0,2,0,1,B01
202100006021,1,7,,0,2,0,1,A01
202100006022,2,7,,13,0,2,26,A01
202100006023,2,7,,0,1,2,1,A01
202100006024,2,15,,0,0,6,1,B01
202100006024,2,7,,0,9,1,21,E01
202100006024,2,7,,0,9,1,2,D01
202100006024,2,7,,0,2,2,1,C01
202100006024,2,7,,0,2,2,14,A01
202100006025,2,10,,0,2,8,1,D01
202100006025,2,7,,0,2,8,1,C01
202100006025,1,7,,0,2,3,1,B01
202100006025,2,33,,0,2,1,17,A01
202100006026,2,7,,2,0,1,1,A01
202100006027,2,7,,2,0,2,1,A01
202100006028,1,7,,6,0,1,1,A01
202100006029,1,7,,13,0,1,1,A01
202100006030,2,7,,4,0,3,13,A01
202100006031,1,1,,0,2,1,1,A01
202100006031,2,7,,0,2,3,9,B01
202100006032,1,7,,13,0,3,1,A01
202100006033,2,7,,0,1,1,15,A01
202100006034,2,7,,0,2,1,1,B01
202100006034,1,7,,0,2,1,1,A01
202100006035,2,2,,1,0,1,14,A01
202100006036,0,7,,13,0,2,0,A01
202100006037,1,7,,0,2,1,1,B01
202100006037,2,7,,0,2,3,13,A01
202100006038,2,7,,2,0,1,1,A01
202100006039,2,7,,0,2,1,0,B01
202100006039,1,7,,0,2,1,0,A01
202100006040,2,7,,0,2,1,13,A01
202100006040,1,15,,0,2,1,1,B01
202100006041,2,33,,11,0,1,0,A01
202100006042,1,7,,0,2,8,1,B01
202100006042,0,7,,0,2,1,9,A01
202100006043,1,7,,0,1,2,16,A01
202100006044,1,2,,13,0,0,1,A01
202100006045,2,31,,0,2,1,17,B01
202100006045,2,7,,0,2,6,15,A01
202100006046,1,7,,0,2,6,19,B01
202100006046,1,7,,0,2,1,1,A01
202100006047,3,10,,0,2,8,19,A01
202100006047,3,33,,0,2,8,1,B01
202100006048,3,7,,4,0,0,0,A01
202100006049,1,7,,0,2,2,17,B01
202100006049,1,7,,3,2,1,1,A01
202100006049,1,13,,0,2,4,1,C01
202100006050,3,30,,2,0,3,14,A01
202100006051,1,10,,16,0,9,14,A01
202100006052,2,7,,0,1,2,9,A01
202100006053,1,2,,12,0,7,16,A01
202100006054,2,7,,0,1,3,26,A01
202100006055,2,7,,2,0,2,5,A01
202100006056,3,7,,0,1,0,1,A01
202100006057,1,7,,0,2,1,1,B01
202100006057,2,7,,0,2,1,13,A01
202100006058,0,7,,0,2,3,0,B01
202100006058,0,7,,0,2,3,0,A01
202100006059,2,7,,2,0,1,1,A01
202100006060,1,7,,2,0,3,13,A01
202100006061,1,7,,2,2,1,2,A01
202100006061,1,7,,3,2,4,2,B01
202100006062,2,7,,2,0,1,13,A01
202100006063,3,7,,0,1,4,20,A01
202100006064,1,7,,0,2,1,17,C01
202100006064,2,7,,0,2,1,1,B01
202100006064,1,7,,0,0,1,15,A01
202100006065,3,7,,0,9,2,2,A01
202100006065,3,1,,0,2,6,2,B01
202100006066,3,7,,0,1,1,1,A01
202100006067,0,2,,0,2,1,1,B01
202100006067,0,7,,0,2,1,13,A01
202100006068,2,7,,13,0,1,2,A01
202100006069,2,7,,8,0,1,1,A01
202100006070,1,7,,4,0,3,13,A01
202100006071,2,7,,0,2,1,2,A01
202100006071,2,7,,0,2,4,2,C01
202100006071,2,7,,0,2,4,2,B01
202100006072,2,13,,0,2,8,1,A01
202100006072,2,7,,0,2,1,26,B01
202100006073,1,7,,0,2,4,1,B01
202100006073,1,14,,0,2,1,1,A01
202100006074,1,7,,0,2,4,2,B01
202100006074,1,7,,0,2,1,2,A01
202100006075,2,10,,4,0,9,26,A01
202100006076,1,7,,0,2,4,2,C01
202100006076,1,7,,0,2,1,2,A01
202100006076,1,7,,0,2,4,2,B01
202100006077,2,7,,4,0,1,1,A01
202100006078,2,7,,4,0,1,1,A01
202100006079,2,7,,0,2,1,2,C01
202100006079,1,7,,0,2,0,2,B01
202100006079,1,10,,0,2,4,2,A01
202100006080,2,43,,0,0,7,21,A01
202100006081,2,7,,0,2,0,0,A01
202100006081,2,7,,0,2,1,0,B01
202100006081,2,7,,0,2,1,1,C01
202100006082,1,7,,0,2,1,2,A01
202100006082,1,7,,0,2,5,2,B01
202100006083,1,7,,0,2,4,2,B01
202100006083,1,7,,0,2,1,2,A01
202100006084,1,7,,0,2,1,2,A01
202100006084,1,7,,0,2,4,2,B01
202100006085,2,7,,0,1,0,26,A01
202100006086,1,32,,0,2,1,1,B01
202100006086,1,7,,0,2,2,20,A01
202100006087,1,50,,0,2,7,26,B01
202100006087,1,7,,0,2,3,15,A01
202100006088,1,7,,0,1,6,4,A01
202100006089,1,30,,0,0,0,1,A01
202100006090,2,7,,0,2,3,15,A01
202100006090,1,2,,0,2,1,1,B01
202100006091,1,7,,4,2,8,1,B01
202100006091,1,13,,0,2,1,12,A01
202100006092,2,32,,0,2,7,1,A01
202100006092,2,10,,0,2,8,9,B01
202100006093,2,80,,0,1,1,1,A01
202100006094,3,1,,0,2,8,1,B01
202100006094,3,7,,0,2,2,16,A01
202100006095,2,14,,0,2,3,17,B01
202100006095,2,30,,0,2,2,1,A01
202100006096,1,31,,1,2,2,1,B01
202100006096,1,1,,0,2,6,18,A01
202100006097,1,50,,0,1,0,1,Z01
202100006098,2,2,,0,1,2,1,A01
202100006099,2,1,,0,0,1,1,A01
202100006100,1,30,,1,1,1,17,A01
202100006101,2,50,,0,1,1,19,Z01
202100006102,3,33,,0,2,3,1,A01
202100006102,3,43,,0,2,8,15,B01
202100006103,3,7,,0,1,3,15,A01
202100006104,2,7,,0,2,9,2,B01
202100006104,2,10,,0,2,4,2,C01
202100006104,2,7,,0,2,1,2,A01
202100006105,3,7,,0,2,1,1,A01
202100006105,3,1,,0,2,8,5,B01
202100006106,1,30,,0,2,7,26,A01
202100006106,2,7,,0,2,3,1,B01
202100006107,1,7,,0,2,1,23,B01
202100006107,2,30,,0,2,1,1,A01
202100006108,1,7,,0,2,7,26,B01
202100006108,1,7,,0,2,1,15,A01
202100006109,2,30,,0,0,0,1,A01
202100006110,2,7,,0,2,1,2,A01
202100006110,2,7,,0,2,4,2,B01
202100006110,2,10,,0,2,4,2,C01
202100006111,1,7,,0,9,1,17,A01
202100006111,3,50,,0,2,0,0,B01
202100006112,1,7,,0,2,8,0,B01
202100006112,1,7,,0,2,7,1,A01
202100006113,1,7,,0,2,3,0,A01
202100006113,1,7,,4,2,0,0,B01
202100006114,3,7,,0,1,1,0,A01
202100006115,2,37,2.0,0,2,2,2,B01
202100006115,2,7,,0,2,1,15,A01
202100006116,3,31,,0,2,7,1,A01
202100006116,3,7,,0,2,1,1,B01
202100006117,2,10,,0,0,9,26,A01
202100006118,1,7,,0,2,3,1,B01
202100006118,1,7,,0,2,1,1,A01
202100006119,2,7,,0,2,3,11,A01
202100006119,3,1,,0,2,7,19,B01
202100006120,1,10,,12,2,1,26,A01
202100006120,1,7,,12,2,4,26,B01
202100006121,1,30,,0,2,3,1,B01
202100006121,1,10,,0,2,7,20,A01
202100006122,3,50,,0,2,1,1,B01
202100006122,3,7,,0,2,7,19,A01
202100006123,2,2,,0,2,1,1,B01
202100006123,1,7,,0,2,3,17,A01
202100006124,3,1,,0,2,7,1,B01
202100006124,0,99,,0,2,7,15,A01
202100006125,2,30,,0,0,0,21,A01
202100006126,1,7,,0,2,1,1,B01
202100006126,1,7,,0,2,8,10,A01
202100006127,2,34,,0,1,2,21,A01
202100006128,1,32,,0,0,0,1,A01
202100006129,1,32,,0,2,8,1,B01
202100006129,2,7,,0,2,2,1,A01
202100006130,1,7,,0,1,1,1,A01
202100006131,1,7,,0,1,1,1,A01
202100006132,3,33,,0,9,1,0,A01
202100006133,0,7,,0,1,3,17,A01
202100006134,2,7,,0,0,0,1,A01
202100006135,2,7,,0,0,0,0,A01
202100006136,2,7,,13,0,1,1,A01
202100006137,2,7,,0,2,3,1,B01
202100006137,1,10,,0,2,1,13,A01
202100006138,1,7,,0,2,1,1,B01
202100006138,1,7,,0,2,3,19,A01
202100006139,3,7,,2,0,3,1,A01
202100006140,2,7,,2,0,2,1,A01
202100006141,2,2,,0,2,1,1,B01
202100006141,3,7,,0,2,3,9,A01
202100006142,1,7,,2,0,1,1,A01
202100006143,2,7,,0,1,1,1,A01
202100006144,3,2,,14,0,1,1,A01
202100006145,2,7,,2,0,8,14,A01
202100006146,2,1,,0,0,6,1,B01
202100006146,3,7,,0,2,3,15,A01
202100006147,1,2,,0,0,8,12,A01
202100006148,1,7,,0,2,1,1,B01
202100006148,2,10,,0,2,1,13,A01
202100006149,1,7,,2,0,0,1,A01
202100006149,1,7,,2,0,0,1,B01
202100006150,2,7,,2,0,1,1,A01
202100006151,2,7,,0,2,5,15,A01
202100006151,1,2,,0,2,1,1,B01
202100006152,2,7,,0,2,8,19,A01
202100006152,1,7,,0,2,1,1,B01
202100006153,2,7,,0,2,1,13,A01
202100006153,1,7,,0,2,1,1,B01
202100006154,3,2,,0,2,7,1,B01
202100006154,3,7,,0,2,3,9,A01
202100006155,1,7,,0,2,6,15,A01
202100006155,1,34,,0,2,2,17,B01
202100006156,3,2,,0,0,0,17,B01
202100006156,0,7,,0,0,3,15,A01
202100006157,1,10,,0,1,2,0,A01
202100006158,1,7,,3,2,6,1,A01
202100006158,1,7,,0,2,2,1,B01
202100006159,2,33,,0,2,1,1,B01
202100006159,1,7,,0,2,3,19,A01
202100006160,1,7,,0,2,1,1,B01
202100006160,2,7,,0,2,1,13,A01
202100006161,2,31,,0,2,4,1,B01
202100006161,2,32,,0,2,1,1,A01
202100006162,3,7,,0,2,3,15,A01
202100006162,0,1,,0,2,1,1,B01
202100006163,3,7,,0,1,0,1,A01
202100006164,2,7,,9,0,1,2,A01
202100006165,1,15,,1,0,1,2,C01
202100006165,1,7,,1,2,4,24,B01
202100006166,1,7,,4,2,5,1,D01
202100006166,1,7,,0,2,1,11,A01
202100006166,1,17,,0,0,5,1,B01
202100006167,1,7,,2,0,9,14,A01
202100006168,2,7,,0,2,1,1,D01
202100006168,2,7,,13,2,8,1,C01
202100006168,2,7,,0,2,8,1,B01
202100006168,2,7,,0,2,3,13,A01
202100006169,1,33,,0,6,1,1,A01
202100006170,1,10,,0,1,3,1,A01
202100006171,2,7,,0,1,2,1,A01
202100006172,1,7,,0,0,0,21,A01
202100006173,2,7,,0,2,2,5,A01
202100006173,1,7,,0,2,2,5,B01
202100006174,1,7,,0,2,4,1,B01
202100006174,1,10,,0,2,1,1,A01
202100006175,1,7,,0,0,1,1,A01
202100006176,1,2,,0,0,0,1,A01
202100006177,2,7,,13,0,1,0,A01
202100006178,3,7,,0,1,2,1,A01
202100006179,1,21,,0,2,3,21,B01
202100006179,2,7,,0,2,3,13,A01
202100006180,1,7,,0,1,7,1,A01
202100006181,3,7,,13,0,1,9,A01
202100006182,2,32,,0,0,4,15,A01
202100006182,2,7,,0,2,3,2,B01
202100006183,1,10,,8,0,2,1,A01
202100006184,2,3,,0,1,4,20,A01
202100006185,0,7,,1,0,4,0,C01
202100006185,2,10,,0,0,1,1,B01
202100006185,1,7,,1,2,1,1,A01
202100006186,1,7,,0,0,4,2,D01
202100006186,1,7,,0,2,4,2,C01
202100006186,1,7,,0,2,4,2,B01
202100006186,1,7,,0,2,1,2,A01
202100006187,1,7,,0,1,2,1,A01
202100006188,1,7,,0,2,4,2,A01
202100006188,1,7,,0,2,1,2,B01
202100006189,1,7,,4,0,1,14,A01
202100006190,2,7,,0,9,1,2,D01
202100006190,2,10,,0,9,1,0,C01
202100006190,2,10,,0,2,1,2,B01
202100006190,2,7,,10,0,2,13,A01
202100006191,1,7,,0,2,1,2,A01
202100006191,1,7,,0,2,1,2,D01
202100006191,1,7,,0,2,4,2,C01
202100006191,1,7,,0,2,4,2,B01
202100006192,1,10,,0,2,4,2,C01
202100006192,1,7,,0,2,4,2,B01
202100006192,1,10,,0,2,1,2,A01
202100006193,1,7,,0,2,1,1,A01
202100006194,2,7,,0,2,3,11,A01
202100006194,2,34,,0,2,2,3,B01
202100006195,1,7,,4,0,8,1,A01
202100006196,1,7,,0,2,0,2,E01
202100006196,1,7,,0,2,0,2,D01
202100006196,1,7,,0,2,0,2,C01
202100006196,1,7,,0,2,0,2,B01
202100006196,1,7,,0,2,1,2,A01
202100006197,1,7,,4,2,3,5,A01
202100006197,2,7,,0,2,3,1,B01
202100006198,1,33,,0,0,0,0,A01
202100006199,2,7,,0,2,7,14,A01
202100006199,2,33,,0,2,1,1,B01
202100006200,2,7,,4,0,3,1,A01
202100006201,1,7,,0,2,1,1,A01
202100006201,1,7,,0,2,4,2,B01
202100006202,3,30,,0,0,1,1,B01
202100006202,3,7,,1,0,3,9,A01
202100006203,1,37,1.0,0,1,7,26,A01
202100006204,2,7,,0,2,7,1,B01
202100006204,2,30,,0,2,7,19,A01
202100006205,3,33,,4,0,2,14,A01
202100006206,3,30,,0,2,3,17,A01
202100006206,3,30,,0,2,7,17,B01
202100006207,1,7,,6,0,1,14,A01
202100006208,3,7,,0,2,1,17,A01
202100006208,3,7,,0,2,1,1,B01
202100006208,3,7,,0,2,1,2,C01
202100006209,1,7,,9,2,1,15,A01
202100006209,2,7,,0,2,3,1,B01
202100006210,1,2,,3,0,1,9,A01
202100006211,1,7,,0,2,4,23,A01
202100006211,1,7,,14,2,1,2,B01
202100006212,1,1,,0,1,1,1,A01
202100006213,3,50,,0,2,1,0,B01
202100006213,3,7,,0,2,1,1,A01
202100006214,1,7,,0,2,1,2,A01
202100006214,1,7,,0,2,3,1,B01
202100006215,1,30,,0,2,1,17,A01
202100006215,3,7,,0,2,3,15,B01
202100006216,1,7,,0,2,2,15,A01
202100006216,2,7,,0,2,1,1,B01
202100006217,1,7,,0,2,1,1,B01
202100006217,1,7,,0,2,2,13,A01
202100006218,1,7,,0,2,5,12,A01
202100006218,1,34,,0,2,3,26,B01
202100006219,2,7,,0,2,4,2,C01
202100006219,2,10,,0,2,4,2,B01
202100006219,2,7,,0,2,1,2,A01
202100006220,1,37,2.0,0,2,2,1,B01
202100006220,1,7,,0,2,8,10,A01
202100006221,2,3,,11,0,9,13,A01
202100006222,2,7,,0,2,3,15,A01
202100006222,1,33,,0,2,1,1,B01
202100006223,1,14,,0,2,1,2,A01
202100006223,1,7,,0,2,4,2,B01
202100006223,2,7,,0,2,1,1,C01
202100006224,1,7,,0,1,1,1,A01
202100006225,1,30,,0,2,6,13,B01
202100006225,1,7,,0,2,2,1,A01
202100006226,3,1,,0,2,8,1,B01
202100006226,3,7,,0,2,1,9,A01
202100006227,0,7,,0,2,1,2,A01
202100006227,1,10,,0,2,4,2,B01
202100006228,3,31,,0,2,1,17,B01
202100006228,3,7,,0,2,3,15,A01
202100006229,1,2,,0,2,1,17,A01
202100006229,1,99,,0,2,3,15,B01
202100006230,1,7,,0,2,1,1,A01
202100006230,2,7,,0,2,3,15,B01
202100006231,1,31,,0,2,0,1,B01
202100006231,1,10,,0,0,0,15,A01
202100006232,1,7,,0,1,1,16,A01
202100006233,2,50,,12,2,1,15,A01
202100006233,2,7,,0,9,7,1,B01
202100006234,2,7,,0,2,8,15,B01
202100006234,2,2,,0,2,7,2,A01
202100006235,3,43,,0,2,1,1,B01
202100006235,3,7,,0,2,2,19,A01
202100006236,3,30,,0,0,0,26,A01
202100006237,1,7,,0,1,1,1,A01
202100006238,1,7,,0,0,6,15,A01
202100006238,1,33,,0,2,1,21,B01
202100006239,3,7,,0,2,3,1,B01
202100006239,3,7,,0,2,1,1,A01
202100006240,1,7,,0,1,2,1,A01
202100006241,0,7,,0,2,4,2,B01
202100006241,2,7,,0,2,1,0,A01
202100006242,0,7,,0,1,3,15,A01
202100006243,1,1,,0,2,1,1,B01
202100006243,1,7,,0,2,0,26,A01
202100006244,1,1,,0,1,1,25,A01
202100006245,2,10,,3,2,2,1,A01
202100006245,2,7,,0,2,1,2,B01
202100006245,2,7,,0,2,4,2,C01
202100006245,2,7,,0,2,1,2,D01
202100006245,2,7,,0,2,0,0,E01
202100006245,2,10,,0,2,6,2,F01
202100006245,2,7,,0,2,1,2,G01
202100006245,2,7,,0,2,6,2,H01
202100006246,0,7,,0,2,3,13,C01
202100006246,0,7,,0,2,3,1,A01
202100006246,0,7,,0,2,3,1,B01
202100006247,2,7,,8,0,2,13,A01
202100006248,1,15,,0,2,1,9,A01
202100006248,1,7,,0,6,4,9,B01
202100006249,-1,7,,0,-1,-1,1,B01
202100006249,-1,30,,0,-1,-1,-1,A01