Num_Acc,senc,catv,occutc,obs,obsm,choc,manv,num_veh
202100006250,3,33,,0,2,6,1,B01
202100006250,3,10,,0,2,2,15,A01
202100006251,2,7,,2,0,1,14,A01
202100006252,1,7,,1,0,2,14,A01
202100006253,2,37,3.0,0,2,2,1,B01
202100006253,2,7,,0,2,3,10,A01
202100006254,3,7,,0,1,3,1,A01
202100006255,1,7,,0,2,2,20,A01
202100006255,1,1,,0,1,3,18,B01
202100006256,3,32,,14,0,1,25,A01
202100006257,3,7,,0,2,2,1,A01
202100006257,3,7,,0,2,8,10,B01
202100006258,1,7,,0,2,1,2,A01
202100006258,1,7,,0,2,4,2,B01
202100006258,1,7,,0,2,4,2,C01
202100006259,1,7,,1,0,1,1,A01
202100006259,1,7,,1,0,1,2,B01
202100006259,1,7,,0,0,4,1,C01
202100006259,1,7,,0,0,4,1,D01
202100006260,0,7,,0,2,1,9,A01
202100006260,0,7,,0,2,7,1,B01
202100006261,3,7,,0,2,1,1,A01
202100006261,3,7,,0,2,1,1,B01
202100006262,1,7,,0,2,1,0,B01
202100006262,1,7,,0,2,1,13,A01
202100006263,1,7,,0,1,2,9,A01
202100006264,3,2,,0,2,1,1,B01
202100006264,3,10,,0,2,7,15,A01
202100006265,2,7,,0,2,8,0,B01
202100006265,1,7,,0,2,1,26,A01
202100006266,1,7,,0,1,1,1,A01
202100006267,3,32,,0,2,0,9,A01
202100006267,3,7,,0,2,6,9,B01
202100006268,3,7,,0,2,1,14,A01
202100006268,2,7,,0,2,4,0,B01
202100006269,3,7,,0,2,5,10,A01
202100006269,3,7,,0,2,1,1,B01
202100006270,2,7,,0,1,2,1,A01
202100006271,3,7,,9,0,3,15,A01
202100006272,3,7,,0,1,1,1,A01
202100006273,2,7,,0,2,1,2,A01
202100006273,2,7,,0,2,4,2,B01
202100006274,1,2,,0,2,1,0,B01
202100006274,1,7,,0,2,5,0,A01
202100006275,2,31,,15,0,2,2,A01
202100006276,1,7,,0,2,1,1,A01
202100006276,2,2,,0,2,1,1,B01
202100006277,3,7,,0,2,8,1,B01
202100006277,3,30,,0,2,3,0,A01
202100006278,1,7,,0,2,1,1,B01
202100006278,1,10,,0,2,8,19,A01
202100006279,2,7,,3,0,1,9,A01
202100006280,2,7,,7,0,9,1,A01
202100006281,3,50,,0,2,1,25,B01
202100006281,3,7,,0,2,3,15,A01
202100006282,2,34,,0,1,8,1,A01
202100006283,1,30,,0,1,1,1,A01
202100006284,1,7,,0,2,8,15,B01
202100006284,2,14,,0,2,5,16,A01
202100006285,1,1,,0,2,4,1,A01
202100006285,1,7,,0,2,1,1,Z01
202100006286,1,7,,0,2,2,1,A01
202100006286,2,2,,0,2,1,1,B01
202100006287,3,33,,0,2,3,1,A01
202100006287,3,7,,0,2,2,15,B01
202100006288,1,7,,0,2,1,15,A01
202100006288,2,33,,0,2,8,1,B01
202100006289,1,7,,0,2,3,1,A01
202100006289,2,33,,0,2,8,1,B01
202100006290,3,7,,0,2,4,1,B01
202100006290,3,7,,0,2,1,1,A01
202100006291,2,1,,0,2,4,7,A01
202100006291,2,7,,0,2,0,7,Z01
202100006292,2,7,,0,2,1,1,B01
202100006292,2,1,,0,2,1,19,A01
202100006293,1,7,,0,1,2,1,A01
202100006294,1,10,,0,2,3,11,A01
202100006294,2,43,,0,2,0,1,C01
202100006294,1,7,,0,2,5,1,B01
202100006295,1,2,,0,1,1,1,A01
202100006296,2,1,,0,1,1,1,A01
202100006297,2,1,,0,1,1,1,A01
202100006298,1,7,,0,2,1,16,Z01
202100006298,1,1,,0,2,4,7,A01
202100006299,3,7,,0,2,2,1,A01
202100006299,3,7,,8,2,3,1,B01
202100006300,2,7,,0,1,6,15,A01
202100006301,3,7,,0,2,7,1,A01
202100006301,1,1,,0,2,3,1,B01
202100006302,1,7,,0,2,4,2,C01
202100006302,1,7,,0,2,0,2,B01
202100006302,1,37,1.0,0,2,1,2,A01
202100006303,1,1,,0,2,1,1,B01
202100006303,2,7,,0,2,3,16,A01
202100006304,2,7,,1,1,3,1,A01
202100006305,2,33,,0,0,8,1,A01
202100006306,2,7,,0,2,3,0,B01
202100006306,3,32,,0,2,2,9,A01
202100006307,-1,7,,0,2,5,15,A01
202100006307,-1,7,,0,2,1,1,B01
202100006308,1,7,,0,1,0,23,C01
202100006308,1,7,,0,2,4,23,B01
202100006308,1,30,,0,1,1,13,A01
202100006309,3,7,,0,1,3,16,A01
202100006310,1,7,,0,2,7,17,A01
202100006310,1,31,,0,2,3,0,B01
202100006310,1,7,,0,2,8,0,C01
202100006310,1,7,,0,2,8,0,D01
202100006310,1,2,,0,2,8,0,E01
202100006310,1,7,,0,2,8,0,F01
202100006310,1,7,,0,2,8,0,G01
202100006310,1,7,,0,2,8,0,H01
202100006310,1,7,,0,2,8,0,I01
202100006311,-1,43,,0,2,1,1,B01
202100006311,-1,7,,0,2,2,15,A01
202100006312,1,7,,0,0,1,19,A01
202100006312,1,1,,0,2,7,19,C01
202100006313,2,7,,0,1,2,1,A01
202100006314,3,1,,0,2,7,19,B01
202100006314,2,7,,0,2,1,1,A01
202100006315,0,43,,0,2,2,0,B01
202100006315,0,7,,0,2,3,9,A01
202100006316,2,43,,0,1,8,1,A01
202100006317,3,10,,0,2,0,15,A01
202100006317,3,32,,3,2,2,1,B01
202100006318,1,7,,8,2,2,14,A01
202100006319,3,7,,12,2,3,0,B01
202100006319,1,7,,0,2,4,1,A01
202100006320,1,10,,7,0,1,0,A01
202100006321,1,15,,0,2,4,2,B01
202100006321,1,7,,0,2,1,2,A01
202100006322,1,7,,4,0,1,1,A01
202100006323,0,2,,0,0,0,0,A01
202100006324,2,7,,0,2,5,15,A01
202100006324,1,33,,0,2,1,1,B01
202100006325,0,7,,0,1,1,14,A01
202100006326,2,10,,0,0,7,1,C01
202100006326,2,33,,0,2,1,1,A01
202100006326,2,7,,0,2,5,21,B01
202100006327,1,7,,0,0,9,1,A01
202100006328,1,10,,0,2,1,15,A01
202100006328,2,7,,0,2,1,1,B01
202100006329,2,7,,0,1,2,1,A01
202100006330,2,7,,16,0,9,14,A01
202100006331,3,21,,0,0,7,15,A01
202100006332,3,7,,0,1,4,20,A01
202100006333,1,10,,2,0,3,9,A01
202100006334,2,7,,0,1,2,1,A01
202100006335,1,30,,0,2,1,1,A01
202100006335,1,7,,0,0,4,1,B01
202100006336,3,10,,0,1,4,20,A01
202100006337,1,7,,0,2,1,1,B01
202100006337,2,7,,0,2,1,13,A01
202100006338,3,7,,0,2,2,15,A01
202100006338,3,34,,0,2,1,1,B01
202100006339,2,7,,0,1,2,1,A01
202100006340,3,7,,0,2,8,16,B01
202100006340,3,31,,0,2,1,1,A01
202100006341,1,2,,6,0,1,21,A01
202100006342,1,80,,0,0,0,2,A01
202100006343,2,2,,0,0,8,21,B01
202100006343,1,7,,0,2,3,15,A01
202100006344,2,7,,4,0,1,1,A01
202100006345,2,32,,0,1,1,1,A01
202100006346,2,7,,0,2,3,1,B01
202100006346,1,32,,0,2,1,13,A01
202100006347,1,7,,0,1,2,0,A01
202100006348,3,3,,0,1,4,4,A01
202100006349,1,7,,0,1,1,19,A01
202100006350,1,33,,0,0,0,1,A01
202100006351,0,7,,15,0,9,1,A01
202100006352,1,17,,0,0,4,1,B01
202100006352,1,7,,12,2,1,6,A01
202100006353,3,33,,0,0,8,1,A01
202100006353,1,7,,0,0,1,16,B01
202100006354,1,7,,0,0,7,13,A01
202100006355,3,15,,0,2,3,1,B01
202100006355,3,7,,0,2,1,1,A01
202100006356,3,7,,0,2,3,15,B01
202100006356,2,2,,0,0,2,1,A01
202100006357,2,10,,2,0,2,1,A01
202100006358,3,10,,0,2,6,23,B01
202100006358,3,10,,0,2,2,1,A01
202100006359,2,31,,0,0,1,0,A01
202100006359,1,7,,0,0,8,0,B01
202100006360,1,33,,0,2,1,1,B01
202100006360,1,7,,0,2,7,15,A01
202100006361,3,1,,0,2,8,1,B01
202100006361,3,7,,0,2,8,15,A01
202100006362,3,10,,1,2,1,1,A01
202100006362,3,7,,0,2,1,1,B01
202100006363,2,10,,0,2,4,2,C01
202100006363,2,7,,0,2,4,2,B01
202100006363,2,7,,0,2,1,0,A01
202100006364,2,10,,3,0,9,0,A01
202100006365,-1,7,,-1,-1,-1,-1,A01
202100006366,1,7,,0,2,3,9,A01
202100006366,1,15,,0,2,2,1,B01
202100006367,1,7,,0,2,1,2,A01
202100006367,1,7,,0,2,4,2,B01
202100006368,1,7,,0,2,4,2,C01
202100006368,1,7,,0,2,4,2,B01
202100006368,1,7,,0,2,1,2,A01
202100006369,2,7,,0,2,4,2,B01
202100006369,2,33,,0,2,1,2,A01
202100006370,1,7,,4,0,3,1,A01
202100006371,1,7,,0,2,0,0,A01
202100006371,1,7,,0,2,4,1,B01
202100006372,1,0,,0,2,7,12,A01
202100006372,1,32,,0,2,6,1,B01
202100006373,1,10,,0,2,4,2,C01
202100006373,1,10,,0,2,4,2,B01
202100006373,1,7,,0,2,1,1,A01
202100006374,1,15,,0,2,2,12,A01
202100006374,1,7,,0,2,6,2,B01
202100006375,1,33,,0,2,4,2,B01
202100006375,1,7,,0,2,4,1,A01
202100006376,1,15,,0,2,5,14,A01
202100006376,1,7,,0,2,1,1,B01
202100006377,1,7,,0,2,4,2,A01
202100006377,1,7,,0,2,4,2,B01
202100006377,1,7,,0,2,1,2,C01
202100006378,1,7,,5,0,3,1,A01
202100006379,3,7,,0,1,2,20,A01
202100006380,2,7,,0,2,1,1,B01
202100006380,1,7,,0,2,3,13,A01
202100006381,1,30,,12,0,0,13,A01
202100006382,2,7,,0,2,1,1,D01
202100006382,2,7,,0,2,4,2,C01
202100006382,2,7,,0,2,4,2,B01
202100006382,2,7,,0,2,1,2,A01
202100006383,1,7,,1,0,2,14,A01
202100006384,1,7,,0,2,4,26,B01
202100006384,1,31,,0,2,1,26,A01
202100006385,1,7,,0,1,1,26,A01
202100006386,2,33,,0,2,1,1,B01
202100006386,1,7,,0,2,7,16,A01
202100006387,3,7,,1,0,1,20,A01
202100006388,3,7,,0,1,2,1,A01
202100006389,2,7,,0,2,2,19,B01
202100006389,1,32,,0,2,1,1,A01
202100006390,3,7,,3,0,2,13,A01
202100006390,3,7,,3,0,2,1,B01
202100006391,2,7,,0,2,3,15,A01
202100006391,1,33,,0,2,1,17,B01
202100006392,3,10,,1,0,2,1,A01
202100006392,3,7,,0,2,6,23,B01
202100006393,1,7,,0,1,7,1,A01
202100006394,1,7,,0,2,2,15,A01
202100006394,1,30,,0,2,6,17,B01
202100006395,2,7,,0,1,2,17,A01
202100006396,1,7,,0,2,6,15,A01
202100006396,1,33,,0,2,1,17,B01
202100006397,1,7,,0,2,2,17,A01
202100006397,1,1,,0,2,6,1,B01
202100006398,2,1,,0,0,7,1,A01
202100006399,0,7,,0,1,1,16,A01
202100006400,3,7,,0,2,4,1,B01
202100006400,3,7,,0,2,1,1,A01
202100006401,1,7,,0,1,1,16,A01
202100006402,2,2,,0,2,1,17,B01
202100006402,1,10,,0,2,1,15,A01
202100006403,2,10,,0,1,1,15,A01
202100006404,3,7,,8,0,6,4,A01
202100006405,2,30,,0,1,1,1,A01
202100006406,3,7,,1,0,1,14,A01
202100006407,1,7,,0,1,8,9,A01
202100006408,2,7,,0,1,1,1,A01
202100006409,2,15,,0,2,1,1,B01
202100006409,2,15,,0,2,1,5,A01
202100006410,1,30,,0,2,4,1,B01
202100006410,1,7,,0,2,1,1,A01
202100006411,1,7,,0,1,2,15,A01
202100006412,1,7,,0,2,1,1,A01
202100006412,2,10,,0,2,1,1,B01
202100006413,1,7,,0,2,1,9,Z01
202100006413,1,1,,0,2,2,1,B01
202100006414,1,2,,0,2,8,1,B01
202100006414,3,7,,0,2,1,15,A01
202100006415,3,7,,0,2,3,9,A01
202100006415,3,1,,0,2,1,1,B01
202100006416,2,7,,0,1,1,1,A01
202100006417,2,30,,0,2,1,1,A01
202100006417,1,7,,0,2,3,23,B01
202100006418,1,30,,0,0,1,1,A01
202100006419,3,7,,0,2,8,15,A01
202100006419,1,2,,0,2,2,1,B01
202100006420,3,10,,0,1,4,4,A01
202100006421,1,10,,0,2,8,10,A01
202100006421,1,31,,0,2,1,1,B01
202100006422,1,7,,0,1,2,9,A01
202100006423,0,7,,0,1,0,0,A01
202100006424,1,7,,8,0,1,13,A01
202100006425,1,7,,0,1,2,16,A01
202100006426,3,33,,0,2,0,0,B01
202100006426,0,7,,0,2,6,13,A01
202100006427,2,7,,0,1,2,1,A01
202100006428,1,7,,0,2,2,15,A01
202100006428,2,1,,0,2,1,1,B01
202100006429,2,7,,0,2,3,15,A01
202100006429,1,2,,0,2,8,1,B01
202100006430,3,7,,0,1,1,17,A01
202100006431,3,7,,0,2,1,15,A01
202100006431,3,1,,0,2,8,23,B01
202100006432,1,7,,0,2,3,9,A01
202100006432,1,2,,0,2,7,9,B01
202100006433,1,7,,0,1,1,19,A01
202100006434,3,7,,0,9,3,16,A01
202100006434,3,1,,0,2,2,13,B01
202100006435,1,7,,0,2,5,0,B01
202100006435,1,7,,14,2,1,1,A01
202100006436,3,7,,0,2,3,9,B01
202100006436,3,2,,0,2,1,1,A01
202100006437,2,10,,0,1,1,9,A01
202100006438,1,7,,0,2,3,15,B01
202100006438,2,10,,0,2,1,1,A01
202100006439,1,7,,0,9,2,0,B01
202100006439,1,1,,0,2,2,26,A01
202100006440,1,7,,0,2,1,1,Z01
202100006440,1,7,,0,2,8,1,A01
202100006441,1,34,,0,1,0,0,A01
202100006442,1,10,,0,1,0,1,Z01
202100006443,3,7,,0,1,1,15,A01
202100006444,3,30,,0,2,7,16,A01
202100006444,3,10,,0,2,3,1,B01
202100006445,2,7,,0,1,2,1,A01
202100006446,3,34,,0,2,8,1,B01
202100006446,3,7,,0,2,1,1,A01
202100006447,1,32,,0,1,1,1,A01
202100006448,1,37,1.0,0,1,2,1,A01
202100006449,1,7,,0,2,1,15,A01
202100006449,1,33,,0,2,1,1,B01
202100006450,3,7,,0,2,7,15,A01
202100006450,2,43,,0,2,1,1,B01
202100006450,1,7,,0,2,1,1,C01
202100006451,0,7,,0,2,1,1,A01
202100006451,1,33,,0,2,8,0,B01
202100006452,1,7,,0,9,4,26,A01
202100006452,1,1,,0,2,4,26,B01
202100006453,1,10,,0,2,4,1,B01
202100006453,1,7,,0,2,4,2,C01
202100006453,1,7,,0,2,1,1,A01
202100006454,1,14,,0,2,2,1,A01
202100006454,1,10,,0,2,8,9,B01
202100006455,1,7,,0,2,3,11,A01
202100006455,1,43,,0,2,2,1,B01
202100006455,1,7,,0,2,2,1,C01
202100006456,2,33,,0,2,7,3,B01
202100006456,2,7,,0,2,8,11,A01
202100006457,2,7,,6,1,1,20,A01
202100006458,2,1,,12,0,3,13,A01
202100006459,1,1,,0,2,4,23,B01
202100006459,1,1,,0,2,1,2,A01
202100006460,3,10,,0,2,4,1,B01
202100006460,3,32,,0,2,1,1,A01
202100006461,2,7,,0,1,6,4,A01
202100006462,2,1,,0,1,7,1,A01
202100006463,1,7,,0,2,5,22,A01
202100006463,1,1,,0,2,5,1,B01
202100006464,2,50,,0,2,3,1,A01
202100006464,3,10,,0,2,5,16,Z01
202100006465,1,10,,0,2,7,1,A01
202100006465,2,7,,0,2,1,1,B01
202100006466,2,7,,0,1,4,4,A01
202100006467,2,30,,0,1,1,17,A01
202100006468,3,32,,0,2,6,18,A01
202100006468,3,7,,0,2,2,1,B01
202100006469,2,50,,0,2,1,1,B01
202100006469,2,7,,0,2,3,22,A01
202100006470,1,33,,0,0,1,1,A01
202100006471,1,1,,0,2,4,1,B01
202100006471,1,14,,0,2,2,16,A01
202100006472,1,7,,0,2,3,11,A01
202100006472,1,33,,0,2,7,1,B01
202100006473,1,33,,0,1,3,1,A01
202100006474,1,50,,0,1,0,0,A01
202100006475,2,7,,0,1,1,15,A01
202100006476,2,34,,15,0,0,1,A01
202100006477,1,7,,0,2,7,15,A01
202100006477,2,10,,0,2,1,2,B01
202100006478,3,7,,0,1,1,1,A01
202100006479,-1,7,,0,1,5,26,A01
202100006480,0,7,,0,2,0,2,A01
202100006480,0,1,,0,2,4,2,B01
202100006481,2,30,,0,2,1,1,A01
202100006481,2,7,,0,2,2,16,B01
202100006482,1,43,,0,2,7,17,A01
202100006482,1,10,,0,2,8,15,B01
202100006483,0,7,,0,0,0,0,A01
202100006483,2,2,,0,2,1,1,B01
202100006484,1,7,,0,2,8,16,B01
202100006484,1,7,,0,2,1,1,A01
202100006485,1,7,,0,2,0,9,B01
202100006485,1,30,,0,2,0,1,A01
202100006486,1,7,,6,0,1,1,A01
202100006487,0,34,,0,2,1,2,B01
202100006487,0,7,,0,2,5,23,A01
202100006488,0,33,,0,2,1,0,B01
202100006488,0,7,,0,2,3,11,A01
202100006489,1,1,,0,0,0,26,A01
202100006490,0,50,,0,0,1,21,A01
202100006491,1,7,,0,1,2,26,A01
202100006492,1,33,,0,2,3,13,A01
202100006492,1,7,,0,2,4,26,B01
202100006493,1,7,,0,1,2,9,A01
202100006494,2,7,,0,2,2,15,A01
202100006494,1,7,,0,2,3,1,B01
202100006495,3,7,,6,0,6,23,A01
202100006496,3,33,,0,2,1,1,A01
202100006496,3,31,,0,2,5,1,B01
202100006497,3,7,,0,2,1,5,A01
202100006497,3,7,,0,2,1,1,B01
202100006498,1,10,,0,1,3,1,A01
202100006499,1,7,,0,2,1,5,A01
202100006499,2,7,,0,2,1,1,B01
202100006500,1,7,,0,0,1,1,C01
202100006500,1,17,,0,0,2,1,B01
202100006500,2,17,,0,2,2,1,A01
202100006501,1,2,,0,2,2,1,A01
202100006501,1,7,,0,2,2,19,B01
202100006502,1,7,,8,0,1,1,A01
202100006503,2,7,,0,2,9,1,A01
202100006503,1,7,,0,2,3,1,B01
202100006504,2,38,1.0,6,0,3,0,A01
202100006505,1,17,,0,2,1,17,A01
202100006505,1,21,,0,0,8,15,B01
202100006506,1,7,,0,1,7,0,A01
202100006507,1,1,,0,2,8,1,A01
202100006507,1,7,,0,9,7,1,B01
202100006507,1,7,,0,2,1,2,C01
202100006508,1,2,,6,0,2,1,A01
202100006509,0,7,,0,1,1,9,A01
202100006510,2,7,,16,0,9,1,A01
202100006511,1,7,,0,1,2,1,A01
202100006512,3,7,,6,0,1,14,A01
202100006513,2,10,,0,2,3,1,A01
202100006513,1,7,,0,2,3,1,B01
202100006514,1,7,,8,0,5,1,A01
202100006515,1,15,,0,2,1,1,B01
202100006515,2,7,,0,2,1,13,A01
202100006516,3,7,,13,0,3,0,A01
202100006517,1,7,,0,2,1,5,B01
202100006517,2,7,,0,2,1,1,A01
202100006518,2,10,,3,2,3,5,A01
202100006518,1,17,,0,2,3,1,C01
202100006518,1,7,,0,2,3,17,B01
202100006519,2,14,,0,2,3,1,B01
202100006519,1,7,,0,2,1,5,A01
202100006520,2,33,,0,2,8,1,A01
202100006520,2,7,,0,2,3,1,B01
202100006521,1,7,,0,2,1,1,B01
202100006521,3,7,,0,2,8,19,A01
202100006522,1,7,,0,0,6,24,A01
202100006522,1,7,,1,0,2,14,B01
202100006523,1,7,,0,2,1,1,B01
202100006523,1,2,,0,2,7,15,A01
202100006524,2,7,,0,0,0,13,C01
202100006524,2,7,,0,2,3,21,B01
202100006524,1,7,,0,2,3,21,A01
202100006525,1,7,,14,9,2,17,A01
202100006525,1,1,,0,0,8,15,B01
202100006526,1,7,,0,2,1,1,B01
202100006526,2,7,,0,2,1,13,A01
202100006527,1,15,,8,0,0,1,A01
202100006528,2,7,,0,2,3,15,B01
202100006528,2,33,,0,2,1,1,A01
202100006529,2,15,,0,1,7,20,A01
202100006530,1,7,,0,2,1,13,A01
202100006530,2,7,,0,2,1,1,B01
202100006531,1,7,,0,2,2,1,A01
202100006531,1,7,,0,2,4,2,B01
202100006531,0,7,,0,2,1,2,C01
202100006532,2,7,,0,9,8,1,A01
202100006532,2,15,,0,2,2,12,B01
202100006533,1,7,,0,2,3,15,A01
202100006533,1,7,,0,2,3,2,B01
202100006533,1,14,,0,2,1,2,C01
202100006534,2,7,,0,2,1,2,A01
202100006534,2,7,,0,2,4,2,B01
202100006534,2,7,,0,2,4,2,C01
202100006535,2,7,,4,0,2,2,A01
202100006536,2,7,,0,2,1,2,A01
202100006536,2,7,,0,2,4,2,B01
202100006536,2,10,,0,2,4,2,C01
202100006537,1,7,,0,2,1,2,A01
202100006537,1,7,,0,2,4,2,B01
202100006538,1,7,,13,0,7,1,A01
202100006539,1,15,,4,2,1,14,A01
202100006539,1,15,,0,2,3,1,B01
202100006539,1,7,,0,2,8,2,C01
202100006540,1,10,,0,2,8,13,Z01
202100006540,1,33,,0,2,7,3,A01
202100006541,1,7,,0,2,7,12,Z01
202100006541,1,33,,0,2,8,3,A01
202100006542,2,7,,0,2,1,2,B01
202100006542,2,7,,0,2,4,2,A01
202100006543,1,7,,1,0,7,14,A01
202100006544,2,41,,0,2,8,15,B01
202100006544,1,7,,0,2,2,1,A01
202100006545,1,7,,0,4,3,19,B01
202100006545,1,40,,0,2,2,1,A01
202100006546,3,7,,0,1,1,1,A01
202100006547,2,7,,0,1,7,12,A01
202100006548,2,0,,6,0,3,16,A01
202100006549,1,7,,0,1,1,26,A01
202100006550,1,7,,0,1,2,1,A01
202100006551,2,7,,0,1,2,1,A01
202100006552,1,7,,0,1,1,1,A01
202100006553,1,7,,0,2,1,13,A01
202100006553,1,7,,0,2,1,0,B01
202100006554,2,3,,0,2,1,19,Z01
202100006554,1,33,,0,2,5,1,B01
202100006555,3,7,,0,2,8,21,A01
202100006556,1,32,,0,2,0,21,A01
202100006556,1,30,,0,2,0,26,B01
202100006557,1,7,,0,2,3,1,B01
202100006557,1,33,,0,2,2,17,A01
202100006558,2,30,,0,1,1,26,A01
202100006559,1,33,,12,0,0,26,A01
202100006560,2,7,,0,2,8,15,A01
202100006560,2,2,,0,2,7,1,B01
202100006561,2,7,,0,0,8,1,B01
202100006561,1,7,,0,2,1,15,A01
202100006562,1,7,,0,2,4,23,C01
202100006562,1,10,,0,2,1,1,B01
202100006562,1,7,,0,2,1,1,A01
202100006563,1,7,,0,1,3,1,A01
202100006564,2,7,,0,2,1,1,B01
202100006564,2,30,,8,2,7,19,A01
202100006565,1,2,,0,2,4,15,A01
202100006565,2,7,,0,2,2,1,B01
202100006566,3,7,,0,2,1,2,Z01
202100006566,3,33,,0,2,4,1,A01
202100006567,2,7,,0,1,1,1,A01
202100006568,1,10,,0,1,5,20,A01
202100006569,1,7,,0,2,4,1,C01
202100006569,1,7,,0,2,4,1,B01
202100006569,1,7,,0,2,1,1,A01
202100006570,2,7,,0,2,2,16,B01
202100006570,2,32,,0,2,1,18,A01
202100006571,3,30,,1,2,1,1,A01
202100006571,3,7,,0,2,3,19,B01
202100006572,1,7,,0,2,3,9,B01
202100006572,1,2,,0,2,4,23,A01
202100006573,1,7,,0,2,1,1,B01
202100006573,2,7,,0,2,3,15,A01
202100006574,1,10,,0,2,1,1,B01
202100006574,1,10,,0,2,6,10,A01
202100006575,3,7,,0,2,3,15,A01
202100006575,3,33,,0,2,1,1,B01
202100006576,2,32,,0,2,1,2,B01
202100006576,2,7,,0,2,3,9,A01
202100006577,2,7,,0,2,2,0,C01
202100006577,2,7,,0,2,6,0,B01
202100006577,2,7,,0,2,8,26,A01
202100006578,1,60,,0,2,0,0,B01
202100006578,1,7,,0,2,1,13,A01
202100006579,2,7,,0,1,2,15,A01
202100006580,1,2,,12,0,7,18,A01
202100006581,1,7,,0,2,4,23,C01
202100006581,1,7,,0,2,4,1,B01
202100006581,1,7,,0,2,1,2,A01
202100006582,1,33,,0,0,0,1,A01
202100006583,2,7,,0,1,1,15,A01
202100006584,2,1,,0,1,1,1,A01
202100006585,3,7,,0,2,1,15,B01
202100006585,3,7,,0,2,2,1,A01
202100006586,2,32,,0,2,3,1,B01
202100006586,2,7,,0,2,3,15,A01
202100006587,1,2,,0,2,4,0,B01
202100006587,1,7,,0,2,2,2,A01
202100006588,3,34,,0,1,1,17,A01
202100006589,0,7,,0,1,2,1,A01
202100006590,3,31,,0,1,2,21,A01
202100006591,1,7,,0,2,3,9,A01
202100006591,1,33,,0,2,5,1,B01
202100006591,2,7,,0,2,3,1,C01
202100006591,2,7,,0,2,2,1,D01
202100006592,1,10,,0,2,6,23,B01
202100006592,2,7,,0,2,1,1,C01
202100006592,1,30,,0,2,1,21,A01
202100006593,0,7,,0,2,1,1,B01
202100006593,0,7,,0,2,8,20,A01
202100006594,0,37,1.0,0,2,2,1,B01
202100006594,0,7,,0,2,3,16,A01
202100006595,0,7,,0,2,2,13,A01
202100006595,0,7,,0,2,3,1,B01
202100006596,0,7,,0,2,3,13,A01
202100006596,0,7,,0,2,1,1,B01
202100006597,1,1,,0,2,8,9,B01
202100006597,1,37,2.0,0,2,1,1,A01
202100006598,3,7,,1,1,1,0,A01
202100006599,1,1,,0,2,8,19,NA01
202100006599,1,7,,0,2,1,15,B01
202100006600,1,7,,0,1,1,15,A01
202100006601,3,33,,0,2,2,18,A01
202100006601,3,7,,0,2,2,2,B01
202100006602,1,7,,0,2,1,1,A01
202100006602,3,10,,0,2,3,16,B01
202100006603,2,7,,0,1,1,1,A01
202100006604,3,7,,0,2,1,13,A01
202100006604,3,7,,0,2,1,1,B01
202100006605,3,2,,0,2,3,1,B01
202100006605,3,0,,0,2,0,0,A01
202100006606,3,7,,0,9,3,2,A01
202100006606,3,60,,0,2,2,2,B01
202100006607,3,7,,0,2,1,26,A01
202100006607,3,7,,0,2,2,26,B01
202100006608,3,7,,0,2,1,1,A01
202100006608,3,1,,0,2,1,0,B01
202100006609,2,7,,0,2,3,0,B01
202100006609,1,7,,0,2,2,0,A01
202100006610,3,7,,0,2,1,5,A01
202100006610,3,2,,0,2,7,1,B01
202100006611,3,7,,0,2,2,1,A01
202100006611,3,7,,0,2,8,16,B01
202100006612,3,40,,0,2,1,1,B01
202100006612,3,7,,0,2,8,15,A01
202100006613,3,50,,0,2,7,1,B01
202100006613,3,7,,0,2,1,9,A01
202100006614,3,7,,0,1,1,1,A01
202100006615,1,30,,0,0,0,1,A01
202100006616,1,7,,0,2,6,1,A01
202100006616,1,50,,0,2,1,2,B01
202100006617,3,7,,0,2,1,26,A01
202100006617,3,7,,0,2,3,19,B01
202100006618,2,7,,0,2,0,19,A01
202100006618,1,3,,0,2,5,1,B01
202100006619,1,30,,8,1,1,2,A01
202100006620,1,7,,0,1,1,1,A01
202100006621,2,7,,8,2,8,16,B01
202100006621,2,7,,0,2,1,1,A01
202100006622,1,7,,0,2,2,15,A01
202100006622,2,1,,0,2,1,1,B01
202100006623,1,33,,0,2,2,5,A01
202100006623,2,7,,0,2,2,1,B01
202100006624,1,7,,0,2,2,9,B01
202100006624,1,7,,0,2,3,9,A01
202100006625,1,7,,0,2,3,1,A01
202100006626,1,1,,0,2,3,1,B01
202100006626,1,7,,0,2,2,14,A01
202100006627,2,7,,0,2,3,16,A01
202100006627,2,1,,0,2,1,1,B01
202100006628,2,7,,0,2,1,15,A01
202100006628,2,31,,0,2,1,1,B01
202100006629,1,31,,0,0,8,1,A01
202100006630,1,7,,0,2,1,1,A01
202100006630,1,7,,0,2,4,1,B01
202100006631,3,7,,0,1,1,1,A01
202100006632,3,33,,0,2,1,1,B01
202100006632,3,7,,0,2,2,15,A01
202100006633,2,7,,0,2,1,1,C01
202100006633,1,7,,0,2,1,1,B01
202100006633,2,7,,0,2,1,13,A01
202100006634,2,7,,0,2,0,0,A01
202100006634,2,2,,0,2,1,1,B01
202100006635,2,7,,0,2,8,13,A01
202100006635,1,17,,0,2,3,1,B01
202100006635,1,17,,0,2,3,1,C01
202100006636,0,7,,0,1,1,1,A01
202100006637,0,7,,0,2,1,2,A01
202100006637,0,7,,0,2,4,2,B01
202100006637,0,7,,0,2,4,2,C01