Num_Acc,senc,catv,occutc,obs,obsm,choc,manv,num_veh
202100006638,2,15,,0,1,3,1,A01
202100006639,3,7,,0,2,1,1,A01
202100006639,3,50,,0,2,7,19,B01
202100006640,1,7,,0,2,4,1,B01
202100006640,1,33,,0,2,1,2,A01
202100006641,2,7,,6,0,2,14,A01
202100006642,1,33,,0,2,1,1,B01
202100006642,1,10,,0,9,3,15,A01
202100006643,1,10,,0,2,7,16,A01
202100006643,1,7,,0,2,8,1,B01
202100006644,3,7,,0,1,1,1,A01
202100006645,0,7,,0,1,3,16,A01
202100006646,1,7,,0,1,2,1,A01
202100006647,1,7,,8,0,1,1,B01
202100006647,2,7,,8,0,1,13,A01
202100006648,2,50,,0,2,1,19,A01
202100006648,2,38,1.0,0,2,7,16,B01
202100006649,2,7,,0,1,1,9,A01
202100006650,2,2,,0,0,0,1,A01
202100006651,1,7,,0,2,4,1,B01
202100006651,1,7,,0,2,1,1,A01
202100006652,1,7,,0,2,1,1,A01
202100006652,1,7,,0,2,4,1,B01
202100006653,1,7,,0,2,3,1,A01
202100006653,1,2,,0,2,7,26,B01
202100006654,1,33,,0,0,7,9,A01
202100006655,2,10,,0,2,3,1,B01
202100006655,0,33,,0,2,3,17,A01
202100006656,1,30,,0,2,1,1,A01
202100006656,1,7,,0,2,3,1,B01
202100006657,2,7,,0,2,1,15,Z01
202100006657,2,7,,0,2,2,26,B01
202100006658,1,40,,0,2,1,1,B01
202100006658,1,7,,0,4,8,1,A01
202100006659,0,7,,0,2,1,13,A01
202100006659,0,7,,0,2,1,0,B01
202100006660,3,7,,1,2,5,0,C01
202100006660,2,7,,0,2,3,2,B01
202100006660,2,10,,0,2,3,17,A01
202100006661,1,7,,0,0,0,0,A01
202100006662,1,7,,0,2,3,1,B01
202100006662,2,7,,0,2,3,1,A01
202100006663,1,33,,0,2,1,1,B01
202100006663,1,7,,0,2,3,19,A01
202100006664,1,7,,0,2,2,26,A01
202100006664,1,7,,0,2,8,0,B01
202100006664,1,7,,0,2,4,26,C01
202100006665,1,33,,0,2,3,1,A01
202100006665,3,32,,0,2,2,1,B01
202100006666,1,1,,0,2,8,15,A01
202100006666,1,7,,0,2,1,1,B01
202100006667,1,31,,8,0,1,13,A01
202100006668,1,7,,0,9,3,16,A01
202100006668,3,1,,0,2,1,19,B01
202100006669,1,7,,0,2,1,15,A01
202100006669,2,30,,0,2,1,1,B01
202100006670,1,7,,0,2,9,18,A01
202100006670,1,33,,0,2,1,1,B01
202100006670,2,7,,0,2,8,1,C01
202100006671,2,7,,0,2,2,1,C01
202100006671,2,7,,0,2,1,1,B01
202100006671,2,7,,0,0,9,9,A01
202100006672,2,7,,0,2,3,1,B01
202100006672,2,7,,0,2,1,1,A01
202100006673,1,7,,0,2,4,2,B01
202100006673,1,7,,0,2,1,2,A01
202100006674,1,7,,0,0,0,15,C01
202100006674,2,7,,0,2,3,1,B01
202100006674,2,33,,0,2,1,17,A01
202100006675,1,30,,0,0,3,21,A01
202100006676,1,7,,0,2,1,9,A01
202100006676,1,30,,0,2,8,1,B01
202100006677,1,7,,0,2,1,15,A01
202100006677,2,7,,0,2,2,1,B01
202100006678,2,7,,0,9,2,2,A01
202100006678,2,1,,0,2,4,23,B01
202100006679,2,7,,0,2,1,1,B01
202100006679,1,2,,0,2,1,15,A01
202100006680,2,7,,0,2,1,15,A01
202100006680,1,2,,0,2,1,1,B01
202100006681,1,7,,13,0,2,1,A01
202100006682,3,7,,8,0,1,1,A01
202100006683,3,7,,0,2,1,9,A01
202100006683,3,10,,0,2,1,0,B01
202100006684,1,7,,0,2,3,11,B01
202100006684,2,7,,9,9,3,11,A01
202100006685,2,7,,0,2,3,2,A01
202100006685,2,7,,0,2,5,2,B01
202100006686,2,7,,0,1,7,1,A01
202100006687,1,99,,0,2,2,2,B01
202100006687,1,7,,0,9,3,9,A01
202100006688,1,2,,0,2,1,19,A01
202100006688,1,10,,0,2,3,1,B01
202100006689,3,33,,11,2,8,17,A01
202100006689,3,7,,0,2,6,1,B01
202100006690,1,7,,0,2,1,16,A01
202100006690,1,50,,0,2,7,19,B01
202100006691,1,10,,0,2,6,1,B01
202100006691,1,10,,0,2,2,2,A01
202100006692,1,7,,4,0,1,9,A01
202100006693,1,7,,0,2,1,19,A01
202100006693,1,7,,0,2,9,2,B01
202100006694,1,33,,0,2,7,1,A01
202100006695,1,7,,0,2,4,2,B01
202100006695,1,7,,0,2,4,2,C01
202100006696,0,34,,0,1,1,26,A01
202100006697,0,7,,8,0,3,1,A01
202100006698,1,7,,0,1,1,26,A01
202100006699,2,7,,0,2,2,1,B01
202100006699,2,7,,9,0,1,1,Z01
202100006700,0,7,,0,2,1,1,B01
202100006700,0,7,,0,2,4,9,A01
202100006701,1,7,,0,2,2,15,A01
202100006701,1,7,,0,2,3,1,B01
202100006702,3,31,,0,2,1,17,A01
202100006702,0,10,,0,2,3,15,B01
202100006703,1,7,,0,2,4,1,B01
202100006703,1,7,,0,2,1,19,A01
202100006704,3,33,,0,2,1,1,B01
202100006704,3,7,,0,2,4,11,A01
202100006705,2,7,,0,1,1,1,A01
202100006706,2,7,,0,2,3,15,A01
202100006706,1,7,,0,2,6,1,B01
202100006707,1,1,,0,2,7,15,A01
202100006707,2,7,,0,2,1,1,B01
202100006708,1,7,,0,1,8,15,A01
202100006709,3,33,,0,2,7,12,B01
202100006709,3,10,,0,2,3,11,A01
202100006710,1,30,,0,2,1,15,B01
202100006710,2,30,,0,2,3,1,A01
202100006711,1,7,,0,1,1,1,A01
202100006712,1,7,,6,0,2,14,A01
202100006713,1,33,,13,0,1,17,A01
202100006714,2,7,,6,0,1,16,A01
202100006715,2,7,,1,0,2,1,A01
202100006716,1,43,,0,2,1,1,A01
202100006716,1,10,,0,2,7,1,B01
202100006717,1,7,,0,2,8,13,A01
202100006717,1,43,,0,2,2,1,C01
202100006717,1,7,,0,2,2,1,B01
202100006718,1,1,,0,2,4,1,B01
202100006718,1,14,,0,2,3,16,A01
202100006719,1,30,,0,2,3,1,A01
202100006719,1,7,,0,2,2,15,B01
202100006720,2,34,,1,1,8,1,A01
202100006721,3,13,,0,2,3,16,A01
202100006721,3,10,,0,2,2,23,B01
202100006722,1,34,,0,0,4,9,A01
202100006722,1,32,,0,2,1,1,B01
202100006723,2,1,,0,1,1,1,A01
202100006724,3,10,,0,2,0,1,Z01
202100006724,2,30,,0,2,2,14,A01
202100006725,2,2,,0,1,3,1,A01
202100006726,3,50,,0,2,8,13,A01
202100006726,3,2,,0,0,0,1,B01
202100006727,1,32,,0,2,1,23,B01
202100006727,1,10,,0,2,4,4,A01
202100006728,1,7,,1,2,1,1,A01
202100006728,1,7,,0,2,3,24,B01
202100006729,1,7,,0,1,3,15,A01
202100006730,1,14,,0,2,1,2,B01
202100006730,1,7,,0,2,4,2,A01
202100006731,1,7,,12,2,1,1,B01
202100006731,3,7,,12,2,2,1,A01
202100006732,1,7,,0,2,0,1,B01
202100006732,1,10,,0,2,3,13,A01
202100006733,-1,7,,0,2,3,15,A01
202100006733,-1,30,,0,2,1,1,B01
202100006734,1,1,,0,2,3,17,B01
202100006734,1,37,1.0,0,2,7,17,A01
202100006735,1,2,,0,2,1,2,B01
202100006735,1,7,,0,2,2,15,A01
202100006736,1,7,,0,2,3,11,A01
202100006736,1,33,,0,2,2,1,B01
202100006737,1,7,,0,2,3,15,B01
202100006737,2,2,,0,2,3,1,A01
202100006738,3,30,,0,0,0,26,A01
202100006739,2,7,,0,2,8,9,B01
202100006739,2,7,,0,2,2,5,A01
202100006740,3,7,,0,2,1,19,A01
202100006740,2,1,,0,2,3,1,B01
202100006741,1,7,,0,2,2,15,A01
202100006741,2,2,,0,2,1,1,B01
202100006742,2,34,,0,2,9,1,B01
202100006742,2,7,,0,2,7,9,A01
202100006743,1,7,,0,1,1,1,A01
202100006744,2,31,,0,2,1,1,A01
202100006744,3,7,,0,2,0,0,B01
202100006745,1,7,,0,2,3,15,A01
202100006745,1,33,,0,2,3,1,B01
202100006746,2,1,,0,2,1,5,A01
202100006746,1,7,,0,2,1,1,B01
202100006747,2,7,,0,2,1,2,A01
202100006747,2,7,,0,0,4,2,B01
202100006748,1,7,,0,0,7,15,A01
202100006748,2,7,,0,2,1,1,B01
202100006748,2,7,,0,0,2,23,C01
202100006749,1,7,,0,2,3,2,B01
202100006749,2,31,,0,2,1,5,A01
202100006750,1,7,,0,2,3,1,B01
202100006750,2,7,,0,2,3,1,A01
202100006751,1,7,,0,2,1,5,A01
202100006751,2,7,,0,2,1,1,B01
202100006752,1,10,,0,1,3,1,A01
202100006753,2,21,,0,1,3,0,A01
202100006754,1,33,,0,2,1,1,A01
202100006754,2,7,,0,2,3,1,B01
202100006755,1,10,,2,0,1,14,A01
202100006756,1,10,,0,2,6,1,A01
202100006756,1,33,,0,2,3,1,B01
202100006757,1,7,,2,0,1,13,A01
202100006758,1,7,,0,2,3,15,A01
202100006758,2,2,,0,2,1,1,B01
202100006759,3,7,,0,1,1,1,A01
202100006760,2,7,,0,2,3,1,B01
202100006760,1,7,,0,2,2,15,A01
202100006761,0,7,,0,1,2,16,A01
202100006762,1,2,,8,0,1,1,A01
202100006763,1,21,,0,2,1,23,B01
202100006763,2,7,,1,0,1,1,A01
202100006764,2,7,,2,0,1,14,A01
202100006765,2,7,,0,2,2,1,B01
202100006765,3,7,,0,2,3,19,A01
202100006766,2,10,,13,0,1,1,A01
202100006767,3,31,,0,9,2,1,A01
202100006768,1,7,,0,0,3,15,A01
202100006768,2,2,,1,2,7,17,B01
202100006769,3,7,,3,0,1,1,A01
202100006770,1,7,,0,2,3,13,B01
202100006770,0,7,,0,2,3,0,A01
202100006771,1,7,,16,0,8,13,A01
202100006772,1,7,,0,0,0,0,A01
202100006773,1,1,,0,0,3,2,B01
202100006773,1,7,,2,0,2,2,A01
202100006774,1,7,,0,2,1,5,A01
202100006774,2,14,,0,2,3,1,B01
202100006775,2,10,,0,2,1,2,A01
202100006775,2,7,,0,2,4,1,B01
202100006775,2,7,,0,2,4,26,C01
202100006775,2,13,,0,2,6,26,D01
202100006776,2,7,,3,2,3,1,C01
202100006776,2,33,,0,2,9,1,B01
202100006776,2,7,,0,2,8,13,A01
202100006777,0,2,,3,2,1,21,B01
202100006777,0,7,,0,2,3,15,A01
202100006778,2,7,,0,0,1,11,A01
202100006778,1,7,,0,0,9,1,B01
202100006779,1,17,,3,0,2,2,A01
202100006780,1,7,,0,2,1,13,A01
202100006780,2,2,,0,2,1,0,B01
202100006781,0,2,,0,2,1,1,B01
202100006781,3,7,,0,2,2,15,A01
202100006782,2,7,,1,0,2,14,A01
202100006783,1,2,,0,1,1,1,A01
202100006784,2,7,,0,2,6,1,A01
202100006784,2,33,,0,2,1,2,B01
202100006785,1,7,,0,2,1,9,A01
202100006785,1,1,,0,2,7,1,B01
202100006786,1,7,,0,2,1,1,B01
202100006786,2,7,,0,2,4,1,A01
202100006787,1,10,,0,2,1,2,C01
202100006787,1,7,,0,2,1,2,D01
202100006787,1,7,,0,2,4,1,A01
202100006787,1,7,,0,2,1,2,B01
202100006788,1,34,,0,2,3,1,B01
202100006788,1,10,,0,2,5,17,A01
202100006789,2,7,,0,0,4,1,A01
202100006789,2,7,,0,2,0,1,B01
202100006790,2,33,,0,0,9,0,A01
202100006791,2,10,,0,2,1,1,C01
202100006791,2,7,,0,2,9,0,A01
202100006791,2,7,,0,2,1,1,D01
202100006791,2,7,,3,2,1,1,B01
202100006792,2,34,,0,2,7,17,B01
202100006792,2,7,,0,2,6,11,A01
202100006793,1,7,,0,2,2,14,A01
202100006793,1,7,,0,2,6,1,B01
202100006794,2,7,,15,0,2,2,A01
202100006795,2,7,,0,2,4,2,A01
202100006796,2,7,,0,2,1,2,A01
202100006796,2,7,,0,2,4,2,B01
202100006797,1,33,,0,2,8,3,B01
202100006797,1,7,,0,2,2,14,A01
202100006798,2,10,,0,5,0,0,A01
202100006798,2,7,,0,5,0,0,B01
202100006799,2,7,,0,2,1,2,A01
202100006799,2,10,,0,2,4,2,B01
202100006799,2,7,,0,2,4,2,C01
202100006799,2,7,,0,2,1,2,D01
202100006800,1,7,,0,1,2,1,A01
202100006801,1,10,,0,2,1,1,A01
202100006801,1,7,,0,2,4,1,B01
202100006801,1,7,,0,2,4,1,C01
202100006802,1,37,1.0,0,2,1,1,A01
202100006802,1,7,,0,2,4,2,B01
202100006803,2,14,,0,2,1,1,A01
202100006803,2,7,,0,2,4,2,B01
202100006803,2,7,,0,2,4,2,C01
202100006804,2,7,,0,2,8,9,A01
202100006804,2,33,,0,2,7,9,B01
202100006805,2,33,,0,2,8,3,A01
202100006805,2,7,,0,2,7,12,B01
202100006805,2,7,,0,2,7,1,C01
202100006805,2,7,,0,9,5,1,D01
202100006806,1,10,,3,0,7,0,A01
202100006807,1,10,,0,2,1,2,A01
202100006807,1,7,,0,2,4,2,B01
202100006808,2,10,,0,0,5,1,B01
202100006808,2,43,,0,2,1,21,A01
202100006809,1,7,,0,2,1,1,A01
202100006809,1,10,,0,2,4,1,B01
202100006810,2,7,,0,2,2,1,A01
202100006810,2,7,,4,2,6,11,B01
202100006811,1,7,,0,2,6,11,B01
202100006811,1,33,,4,2,2,3,A01
202100006812,1,32,,0,2,7,1,B01
202100006812,1,7,,0,2,8,11,A01
202100006813,2,31,,0,2,4,1,A01
202100006813,2,7,,0,2,1,12,Z01
202100006814,2,33,,0,2,1,2,A01
202100006814,2,7,,0,2,6,2,B01
202100006815,1,7,,0,2,5,10,A01
202100006815,1,43,,0,2,1,1,B01
202100006816,1,50,,0,0,0,21,A01
202100006817,2,1,,0,2,1,1,B01
202100006817,2,14,,0,2,2,16,A01
202100006818,3,7,,0,2,0,1,Z01
202100006818,2,50,,0,2,8,1,A01
202100006819,1,7,,0,2,2,2,A01
202100006819,1,7,,0,2,6,23,B01
202100006820,2,30,,0,1,1,3,A01
202100006821,2,7,,1,1,1,24,A01
202100006822,1,7,,0,2,3,15,B01
202100006822,2,7,,0,2,8,1,A01
202100006823,1,7,,0,1,1,15,A01
202100006824,2,33,,0,2,1,1,A01
202100006824,1,7,,0,2,3,1,B01
202100006825,-1,80,,0,0,4,15,B01
202100006825,1,7,,0,2,1,26,A01
202100006826,1,37,2.0,9,0,1,1,TA01
202100006827,0,50,,0,0,0,25,A01
202100006828,-1,37,1.0,0,1,6,26,A01
202100006829,2,32,,0,1,0,1,A01
202100006830,2,7,,0,2,1,0,B01
202100006830,2,7,,0,2,5,23,A01
202100006831,1,7,,1,0,1,1,B01
202100006831,1,7,,1,0,4,24,A01
202100006832,3,7,,0,1,2,19,A01
202100006833,1,31,,0,1,2,26,A01
202100006834,1,7,,0,2,3,2,A01
202100006834,1,10,,0,2,6,1,B01
202100006835,1,7,,0,1,6,1,A01
202100006836,3,7,,0,2,3,26,A01
202100006836,3,30,,0,2,1,0,B01
202100006837,1,7,,0,1,2,15,A01
202100006838,1,31,,0,2,1,15,B01
202100006838,1,7,,0,2,6,15,A01
202100006839,1,7,,0,1,1,1,A01
202100006840,3,7,,0,9,1,1,A01
202100006841,3,1,,0,2,1,5,A01
202100006841,3,13,,0,2,6,1,B01
202100006842,1,7,,0,0,1,1,B01
202100006842,1,7,,0,0,8,9,A01
202100006843,1,33,,0,0,0,1,A01
202100006844,2,7,,0,9,3,15,A01
202100006844,1,1,,0,2,1,1,B01
202100006845,1,7,,0,2,3,17,A01
202100006845,2,7,,13,2,9,17,B01
202100006846,1,7,,0,2,4,1,B01
202100006846,1,33,,0,2,1,1,A01
202100006847,2,7,,0,2,3,1,A01
202100006847,2,7,,0,2,0,17,B01
202100006848,2,7,,0,2,1,1,C01
202100006848,1,7,,0,2,9,15,B01
202100006848,1,7,,0,2,3,1,A01
202100006849,2,7,,0,1,2,2,A01
202100006850,2,7,,13,0,1,1,A01
202100006851,2,7,,13,0,2,1,A01
202100006852,2,7,,8,0,1,1,A01
202100006853,1,7,,0,2,1,1,B01
202100006853,2,7,,0,2,3,13,A01
202100006854,1,7,,0,2,2,15,A01
202100006854,2,7,,7,2,3,1,B01
202100006855,2,7,,0,2,3,1,C01
202100006855,1,15,,0,0,8,1,B01
202100006855,1,7,,0,2,3,17,A01
202100006856,2,2,,0,2,1,2,B01
202100006856,2,2,,0,2,4,2,A01
202100006857,3,7,,0,2,3,1,B01
202100006857,3,7,,0,2,3,13,A01
202100006858,2,13,,12,0,3,16,A01
202100006859,0,7,,0,2,1,2,A01
202100006859,0,21,,0,2,4,2,B01
202100006860,3,7,,0,1,3,15,A01
202100006861,1,39,,0,1,3,1,A01
202100006862,2,7,,2,0,1,1,A01
202100006863,2,7,,13,0,2,1,A01
202100006864,3,1,,0,0,0,0,A01
202100006865,0,33,,0,2,2,2,B01
202100006865,0,7,,0,2,8,2,A01
202100006866,2,7,,0,1,1,1,A01
202100006867,1,7,,0,2,1,13,A01
202100006867,2,7,,0,2,1,1,B01
202100006868,3,7,,2,0,3,1,A01
202100006869,1,7,,0,2,1,1,B01
202100006869,2,7,,0,2,1,1,A01
202100006870,2,7,,2,0,8,13,A01
202100006871,1,7,,0,2,3,1,C01
202100006871,1,7,,0,2,2,1,B01
202100006871,2,7,,0,2,1,5,A01
202100006872,1,7,,0,1,2,1,A01
202100006873,1,7,,16,0,1,26,A01
202100006874,1,7,,8,0,3,0,A01
202100006875,2,7,,0,2,1,2,A01
202100006875,2,7,,0,2,4,2,B01
202100006875,2,7,,0,2,4,2,K01
202100006875,2,7,,0,2,4,2,L01
202100006875,2,7,,0,2,4,2,C01
202100006875,2,7,,0,2,4,2,D01
202100006875,2,7,,0,2,4,2,F01
202100006875,2,7,,0,2,4,2,G01
202100006875,2,7,,0,2,4,2,H01
202100006875,2,16,,0,2,1,1,I01
202100006875,2,7,,0,2,4,2,J01
202100006875,2,10,,0,2,4,2,E01
202100006876,2,38,1.0,0,2,3,1,B01
202100006876,1,7,,0,2,1,13,A01
202100006877,1,7,,0,0,4,2,B01
202100006877,1,43,,0,2,1,2,A01
202100006878,2,7,,0,2,1,13,A01
202100006878,1,7,,0,2,1,26,B01
202100006878,1,7,,0,0,6,26,C01
202100006879,2,7,,0,0,4,2,A01
202100006879,2,7,,0,0,4,2,F01
202100006879,2,7,,0,2,8,1,B01
202100006879,2,10,,0,2,8,1,C01
202100006879,2,7,,0,2,1,1,D01
202100006879,2,7,,0,2,7,12,E01
202100006880,2,7,,0,0,1,1,A01
202100006881,0,7,,0,1,1,1,A01
202100006882,3,7,,0,2,8,11,B01
202100006882,3,7,,0,0,2,12,A01
202100006883,1,7,,0,2,1,15,A01
202100006883,2,2,,0,2,1,1,B01
202100006884,1,7,,0,2,4,2,B01
202100006884,1,7,,0,2,1,2,A01
202100006885,1,7,,0,1,1,1,A01
202100006886,3,7,,0,0,0,1,A01
202100006887,1,7,,0,2,1,13,B01
202100006887,2,7,,0,2,1,1,A01
202100006888,0,14,,0,1,0,16,A01
202100006889,2,33,,4,0,8,1,A01
202100006890,2,15,,0,2,2,12,A01
202100006890,2,7,,0,2,8,1,B01
202100006891,2,7,,4,0,3,0,A01
202100006892,2,33,,0,2,1,1,B01
202100006892,2,7,,0,2,8,1,C01
202100006892,2,7,,0,2,7,12,A01
202100006893,1,33,,0,2,8,1,B01
202100006893,1,7,,0,2,2,12,A01
202100006894,2,7,,0,2,5,1,B01
202100006894,2,7,,0,2,3,1,A01
202100006895,1,7,,0,2,2,2,C01
202100006895,1,7,,0,2,3,2,B01
202100006895,1,7,,0,2,3,2,A01
202100006896,2,7,,3,0,1,26,A01
202100006897,0,30,,0,0,7,1,B01
202100006897,0,7,,0,2,3,1,A01
202100006898,-1,30,,0,0,0,26,A01
202100006899,3,7,,0,1,2,1,A01
202100006900,2,7,,0,1,3,1,A01
202100006901,1,13,,1,0,7,1,B01
202100006901,1,7,,0,2,3,22,A01
202100006902,1,7,,0,2,5,1,C01
202100006902,1,7,,0,2,6,1,B01
202100006902,1,33,,4,2,9,17,A01
202100006903,1,10,,0,2,3,1,A01
202100006903,2,1,,0,2,1,13,B01
202100006904,2,7,,0,1,1,1,A01
202100006905,2,7,,8,0,1,1,A01
202100006906,2,10,,0,2,3,23,B01
202100006906,1,30,,0,2,1,16,A01
202100006907,1,7,,14,0,2,1,A01
202100006907,1,7,,0,2,5,23,B01
202100006907,1,7,,0,2,6,23,C01
202100006908,1,7,,0,2,4,2,D01
202100006908,1,7,,0,2,4,2,C01
202100006908,1,7,,0,2,4,2,B01
202100006908,1,10,,0,2,1,2,A01
202100006909,3,7,,0,2,2,9,B01
202100006909,1,2,,0,2,2,1,A01
202100006910,3,7,,0,2,1,13,A01
202100006910,3,7,,0,2,1,1,B01
202100006911,2,33,,0,2,1,17,B01
202100006911,2,7,,0,2,8,15,A01
202100006912,2,7,,8,0,1,13,A01
202100006913,1,7,,0,2,4,23,B01
202100006913,1,7,,0,2,1,2,A01
202100006914,3,7,,0,2,0,0,B01
202100006914,3,34,,0,2,3,25,A01
202100006915,1,1,,0,0,1,1,A01
202100006916,1,7,,0,2,4,23,B01
202100006916,1,7,,0,2,1,1,A01
202100006917,0,7,,0,1,1,15,A01
202100006918,1,7,,0,1,1,1,A01
202100006919,1,7,,0,1,1,1,A01
202100006920,2,10,,0,2,1,1,A01
202100006920,0,7,,0,2,4,1,B01
202100006921,1,7,,3,0,3,1,A01
202100006921,1,7,,14,0,3,21,B01
202100006922,3,7,,0,2,7,1,A01
202100006922,3,10,,0,2,1,1,B01
202100006923,3,1,,0,2,1,0,B01
202100006923,3,7,,0,0,0,0,A01
202100006924,1,7,,4,2,5,0,A01
202100006924,1,7,,0,2,1,2,B01
202100006925,1,10,,0,2,4,9,A01
202100006925,1,1,,0,2,1,9,B01
202100006926,2,32,,1,2,2,14,A01
202100006927,1,7,,0,2,2,2,A01
202100006927,1,7,,0,2,6,2,B01
202100006927,1,7,,0,2,4,2,C01
202100006928,3,7,,0,2,7,17,A01
202100006928,3,1,,0,2,8,2,Y01
202100006929,1,7,,1,0,0,0,A01
202100006929,1,7,,0,2,0,0,C01
202100006930,1,7,,0,2,8,15,B01
202100006930,1,7,,0,2,2,17,A01
202100006931,3,33,,0,1,1,1,A01
202100006932,2,7,,0,1,1,26,A01
202100006933,2,2,,0,2,3,1,B01
202100006933,2,7,,0,2,5,17,A01
202100006934,3,7,,0,2,2,2,A01
202100006934,3,7,,0,2,6,18,B01
202100006935,2,7,,0,2,7,12,A01
202100006935,2,34,,0,2,8,3,B01
202100006936,2,33,,0,2,3,3,A01
202100006936,2,10,,0,2,6,14,B01
202100006937,2,40,,0,1,7,1,A01
202100006938,1,30,,0,1,1,1,A01
202100006939,1,7,,0,2,3,9,B01
202100006939,2,43,,0,2,8,5,A01
202100006940,3,7,,0,0,9,1,A01
202100006941,1,2,,0,0,7,1,A01
202100006942,1,7,,0,1,0,1,Z01
202100006943,1,37,3.0,1,2,3,21,B01
202100006943,1,7,,0,2,7,12,A01
202100006944,2,7,,0,2,3,1,B01
202100006944,1,7,,0,2,2,1,A01
202100006945,2,7,,0,2,1,21,A01
202100006945,1,34,,0,2,1,1,B01
202100006946,2,7,,0,2,2,15,A01
202100006946,1,7,,0,2,1,1,B01
202100006947,1,7,,0,2,3,1,B01
202100006947,1,7,,0,2,2,1,A01
202100006948,3,7,,0,2,7,1,A01
202100006948,3,7,,0,2,1,1,B01
202100006949,1,34,,0,2,1,1,B01
202100006949,1,3,,0,2,1,11,A01
202100006950,0,7,,0,2,6,24,B01
202100006950,2,7,,1,0,2,2,A01
202100006951,2,7,,0,1,3,1,A01
202100006952,1,7,,13,0,2,1,A01
202100006953,2,7,,1,0,2,1,A01
202100006954,1,7,,1,2,1,5,A01
202100006954,2,7,,0,2,1,5,B01
202100006955,2,7,,0,2,2,1,B01
202100006955,2,7,,0,2,3,1,A01
202100006956,1,2,,13,0,3,16,A01
202100006957,2,7,,0,2,2,1,B01
202100006957,1,7,,0,2,3,16,A01
202100006958,1,33,,0,2,1,2,B01
202100006958,1,7,,0,2,4,2,A01
202100006959,3,1,,0,2,6,15,A01
202100006959,1,7,,0,9,3,1,B01
202100006960,1,7,,0,2,1,19,A01
202100006960,2,10,,6,2,8,1,C01
202100006960,1,10,,0,2,1,1,B01
202100006961,1,7,,0,2,3,1,B01
202100006961,2,7,,0,2,3,17,A01
202100006962,2,7,,13,0,7,1,A01
202100006963,1,7,,13,0,3,1,A01
202100006964,3,7,,0,2,3,5,A01
202100006964,3,2,,0,2,1,1,B01
202100006965,1,7,,0,0,9,1,A01
202100006966,1,7,,13,0,1,1,A01
202100006967,2,7,,3,0,2,1,A01
202100006968,2,7,,0,2,1,5,A01
202100006968,1,7,,0,2,1,1,B01
202100006969,2,7,,0,2,1,2,A01
202100006969,2,7,,0,0,4,1,B01
202100006970,2,17,,0,2,1,1,B01
202100006970,1,7,,0,2,1,13,A01
202100006971,1,7,,7,2,7,13,A01
202100006971,1,7,,0,2,8,1,B01
202100006972,3,10,,8,0,9,14,A01
202100006973,0,7,,4,0,2,0,A01
202100006974,2,7,,0,2,3,1,A01
202100006974,1,7,,0,2,3,1,B01
202100006975,2,7,,8,0,8,1,A01
202100006976,1,1,,0,2,3,1,B01
202100006976,2,99,,0,9,2,15,A01
202100006977,1,7,,2,0,1,0,A01
202100006978,2,30,,0,2,2,17,B01
202100006978,2,7,,0,2,3,15,A01
202100006979,1,7,,0,2,1,13,A01
202100006979,2,7,,8,2,3,1,B01
202100006980,3,7,,0,1,1,1,A01
202100006981,1,7,,0,2,4,1,A01
202100006981,1,7,,0,2,0,0,B01
202100006982,1,7,,4,0,3,21,A01
202100006983,1,99,,0,2,1,2,A01
202100006983,1,7,,0,2,4,2,B01
202100006983,1,7,,0,2,4,2,C01
202100006984,2,14,,0,2,4,23,A01
202100006984,2,7,,0,2,4,2,B01
202100006984,2,13,,0,2,1,2,C01
202100006985,1,10,,4,0,1,14,A01
202100006986,2,7,,0,2,1,18,A01
202100006986,2,7,,0,2,6,2,B01
202100006986,2,7,,0,2,5,2,C01
202100006987,2,7,,0,2,4,2,B01
202100006987,2,7,,0,2,1,2,A01
202100006988,2,7,,0,2,4,2,B01
202100006988,2,7,,0,2,1,1,A01
202100006989,1,7,,4,0,3,13,A01
202100006990,1,7,,0,2,1,2,C01
202100006990,1,7,,0,2,4,2,B01
202100006990,1,10,,0,2,4,1,A01
202100006991,1,7,,4,0,3,1,A01
202100006992,2,7,,0,2,6,1,A01
202100006992,2,7,,0,2,2,2,B01
202100006993,1,7,,0,2,4,21,B01
202100006993,1,7,,0,2,6,1,C01
202100006993,1,7,,0,2,1,21,A01
202100006994,1,33,,0,2,2,17,A01
202100006995,3,7,,0,2,3,1,B01
202100006995,3,30,,0,2,1,1,A01
202100006996,1,15,,0,2,3,1,A01
202100006996,1,10,,0,2,1,13,B01
202100006997,2,7,,0,2,7,11,A01
202100006997,2,7,,0,2,7,13,B01
202100006998,2,10,,16,0,7,14,A01
202100006999,1,7,,0,2,5,2,B01
202100006999,1,33,,0,2,4,0,A01
202100007000,1,10,,0,2,4,2,B01
202100007000,1,7,,0,2,1,2,A01
202100007001,3,0,,0,0,0,0,A01
202100007002,1,7,,0,2,4,26,A01
202100007002,1,7,,0,2,4,1,B01
202100007002,1,7,,0,2,1,1,C01
202100007003,3,7,,0,1,2,17,A01
202100007004,2,7,,0,2,3,15,B01
202100007004,2,33,,0,2,1,17,A01
202100007005,1,7,,0,2,4,26,B01
202100007005,1,31,,0,2,1,21,A01
202100007006,1,7,,0,2,8,10,A01
202100007006,2,33,,0,2,1,2,B01
202100007007,3,1,,0,0,0,0,B01
202100007007,0,7,,0,2,5,15,A01
202100007008,2,7,,0,2,5,1,B01
202100007008,2,33,,0,2,9,17,A01
202100007009,2,7,,0,2,1,15,A01