Num_Acc,senc,catv,occutc,obs,obsm,choc,manv,num_veh
202100007009,1,2,,0,2,1,1,B01
202100007010,2,7,,0,2,1,15,A01
202100007010,1,33,,0,2,0,1,B01
202100007011,1,7,,0,2,3,15,B01
202100007011,1,32,,8,2,1,17,A01
202100007012,1,7,,0,1,3,2,A01
202100007013,2,1,,0,2,1,1,B01
202100007013,1,7,,0,2,3,15,A01
202100007014,2,7,,0,2,3,16,A01
202100007014,1,2,,0,2,1,1,B01
202100007015,1,33,,0,2,4,1,B01
202100007016,1,7,,0,2,0,5,Z01
202100007016,1,2,,0,2,1,1,B01
202100007017,3,7,,6,0,1,15,A01
202100007018,3,7,,1,0,3,1,A01
202100007019,1,30,,0,1,7,1,A01
202100007020,1,7,,0,2,3,15,A01
202100007020,2,32,,0,2,1,1,B01
202100007021,1,33,,0,2,4,12,A01
202100007021,1,33,,0,2,1,1,B01
202100007022,2,7,,0,2,1,1,B01
202100007022,1,7,,0,2,1,5,A01
202100007023,2,40,,0,2,2,1,B01
202100007023,2,7,,0,4,3,5,A01
202100007024,2,7,,0,2,3,2,C01
202100007024,1,7,,0,2,3,2,A01
202100007024,1,7,,0,2,5,2,B01
202100007025,1,7,,0,2,1,1,B01
202100007025,2,30,,0,2,1,15,A01
202100007026,0,7,,0,2,4,1,B01
202100007026,0,7,,0,2,1,9,A01
202100007027,1,7,,0,2,1,2,A01
202100007027,1,7,,0,2,4,2,B01
202100007028,0,7,,0,2,6,15,A01
202100007028,0,2,,0,2,1,1,B01
202100007029,1,7,,0,2,1,26,A01
202100007029,1,10,,0,2,4,26,B01
202100007029,1,7,,0,2,4,26,C01
202100007029,1,7,,0,2,4,26,D01
202100007030,1,7,,0,1,1,12,A01
202100007031,3,7,,0,2,3,15,A01
202100007031,3,10,,0,2,1,1,B01
202100007032,1,7,,0,1,2,1,A01
202100007033,1,34,,0,0,1,16,A01
202100007034,3,7,,0,2,1,0,A01
202100007034,2,7,,0,2,2,0,B01
202100007035,3,7,,0,1,6,1,T01
202100007035,3,7,,0,1,3,1,A01
202100007036,3,7,,8,0,1,13,A01
202100007037,1,2,,0,2,1,1,B01
202100007037,1,7,,0,2,2,12,A01
202100007038,2,1,,0,2,1,19,A01
202100007038,3,7,,0,2,3,1,B01
202100007039,3,30,,0,2,2,12,A01
202100007039,3,7,,0,2,3,1,B01
202100007040,3,30,,0,2,3,1,A01
202100007040,3,7,,0,2,5,15,B01
202100007041,1,31,,0,2,1,13,A01
202100007041,2,7,,0,2,1,1,B01
202100007042,3,7,,0,2,2,1,A01
202100007042,3,7,,0,2,3,15,B01
202100007043,1,7,,0,2,4,23,C01
202100007043,1,32,,0,2,4,3,B01
202100007043,1,43,,0,2,1,3,A01
202100007044,2,1,,0,0,0,1,A01
202100007045,3,7,,0,2,8,1,B01
202100007045,3,7,,0,2,1,1,A01
202100007046,3,30,,0,2,1,1,B01
202100007046,3,1,,0,2,8,15,A01
202100007047,3,7,,9,0,1,13,A01
202100007048,3,3,,1,0,1,13,A01
202100007049,1,7,,0,1,2,20,A01
202100007050,2,30,,0,2,3,2,A01
202100007050,2,7,,0,2,5,23,B01
202100007051,1,7,,0,2,1,2,A01
202100007051,3,7,,0,2,4,2,B01
202100007051,2,7,,0,2,4,1,C01
202100007052,2,7,,0,2,3,11,A01
202100007052,2,2,,0,2,3,2,B01
202100007053,2,7,,0,2,1,1,Z01
202100007053,2,33,,0,2,4,23,B01
202100007054,2,7,,0,2,7,2,B01
202100007054,2,30,,0,2,1,2,A01
202100007055,2,7,,0,2,1,2,A01
202100007055,2,7,,0,2,1,2,B01
202100007055,2,7,,0,2,4,2,C01
202100007056,1,33,,9,2,3,1,B01
202100007056,0,7,,9,0,1,19,A01
202100007057,3,7,,0,2,4,2,B01
202100007057,3,7,,0,2,1,2,A01
202100007058,1,31,,1,0,0,0,B01
202100007058,1,7,,1,2,1,1,A01
202100007059,2,50,,0,1,1,25,A01
202100007060,2,7,,0,0,0,1,A01
202100007061,1,7,,0,1,1,1,A01
202100007062,0,7,,4,0,1,14,A01
202100007063,1,7,,0,2,1,2,A01
202100007063,1,7,,0,2,1,23,B01
202100007063,1,7,,0,2,4,23,C01
202100007064,3,1,,0,0,8,1,A01
202100007065,2,7,,12,2,4,1,B01
202100007065,2,7,,8,2,1,2,A01
202100007066,2,7,,0,2,3,13,A01
202100007066,1,34,,0,2,8,1,B01
202100007067,1,7,,0,2,1,1,B01
202100007067,2,10,,0,2,2,1,A01
202100007068,2,7,,0,2,1,13,A01
202100007068,1,7,,0,2,1,1,B01
202100007069,2,2,,0,2,1,17,A01
202100007069,2,10,,0,2,3,15,B01
202100007070,1,7,,13,0,1,1,A01
202100007071,1,31,,13,0,1,1,A01
202100007072,1,7,,2,0,2,1,A01
202100007073,1,36,,2,0,0,1,A01
202100007074,2,7,,0,2,1,17,A01
202100007074,1,2,,0,2,1,1,B01
202100007075,2,2,,13,9,2,21,B01
202100007075,1,10,,0,2,6,9,A01
202100007076,2,10,,13,0,3,1,A01
202100007077,2,7,,0,2,1,1,B01
202100007077,1,7,,0,2,8,1,A01
202100007078,2,10,,0,2,3,1,A01
202100007078,1,7,,0,0,2,21,B01
202100007079,1,30,,0,0,0,0,A01
202100007080,2,7,,5,0,1,1,A01
202100007081,3,7,,0,2,3,1,B01
202100007081,3,7,,0,2,1,1,A01
202100007082,3,36,,0,0,2,16,A01
202100007083,2,7,,0,5,1,1,A01
202100007084,1,33,,0,0,8,1,A01
202100007085,1,7,,0,0,6,1,B01
202100007085,1,33,,0,2,0,11,A01
202100007086,1,7,,13,0,1,1,A01
202100007087,1,33,,0,2,1,1,A01
202100007087,1,7,,0,2,3,17,B01
202100007088,1,7,,0,1,2,1,A01
202100007089,1,7,,0,0,2,1,A01
202100007090,3,7,,8,0,3,1,A01
202100007091,0,7,,0,2,2,1,B01
202100007091,0,7,,6,2,3,19,A01
202100007092,2,7,,0,2,3,1,A01
202100007092,2,14,,0,0,5,1,B01
202100007093,3,36,,13,0,1,1,A01
202100007094,1,7,,0,1,0,1,A01
202100007095,1,7,,13,0,1,1,A01
202100007096,1,7,,0,1,1,1,A01
202100007097,0,7,,2,0,2,0,A01
202100007098,1,7,,2,0,8,1,A01
202100007099,2,33,,0,0,0,1,A01
202100007100,2,7,,2,0,1,1,A01
202100007101,3,7,,0,0,4,1,D01
202100007101,3,7,,2,0,4,1,C01
202100007101,3,10,,0,2,5,1,B01
202100007101,3,10,,0,2,1,17,A01
202100007102,3,21,,0,2,1,19,B01
202100007102,0,7,,0,2,1,1,A01
202100007103,1,7,,2,0,8,1,A01
202100007104,1,7,,13,0,0,26,A01
202100007105,1,7,,4,0,3,16,A01
202100007106,2,7,,0,2,5,12,A01
202100007106,2,33,,0,2,3,3,B01
202100007107,2,7,,4,0,7,9,A01
202100007108,2,10,,0,1,1,1,C01
202100007108,2,7,,0,1,1,1,B01
202100007108,2,7,,0,1,6,1,A01
202100007109,2,7,,3,2,7,14,A01
202100007109,2,7,,0,2,8,1,B01
202100007110,2,7,,0,2,1,9,A01
202100007110,2,7,,4,2,5,2,B01
202100007111,2,31,,0,2,3,3,B01
202100007111,2,7,,0,2,2,12,Z01
202100007112,2,7,,3,0,1,1,A01
202100007113,1,7,,0,2,1,1,A01
202100007113,1,7,,0,2,4,1,B01
202100007114,1,7,,0,2,4,1,A01
202100007114,1,7,,0,2,1,2,B01
202100007115,1,7,,3,0,9,1,A01
202100007116,2,10,,0,2,2,21,A01
202100007116,2,7,,0,2,6,6,B01
202100007117,1,7,,0,1,2,1,A01
202100007118,2,30,,0,1,0,0,A01
202100007119,1,10,,0,1,1,1,A01
202100007120,1,7,,0,1,8,1,A01
202100007121,1,7,,0,1,1,9,A01
202100007122,2,7,,0,1,3,1,A01
202100007123,1,7,,0,2,4,23,B01
202100007123,2,7,,0,2,1,23,A01
202100007124,0,0,,0,1,2,26,Z01
202100007125,2,0,,0,1,7,14,A01
202100007126,1,7,,0,2,1,0,Z01
202100007126,1,1,,0,2,4,0,B01
202100007127,1,7,,0,1,5,16,A01
202100007128,2,7,,0,2,1,9,A01
202100007128,2,7,,0,2,8,1,B01
202100007129,2,3,,0,2,7,16,A01
202100007129,2,80,,0,2,1,2,B01
202100007130,2,7,,1,0,2,14,A01
202100007131,1,33,,0,2,1,21,A01
202100007131,1,7,,0,2,6,2,B01
202100007132,1,7,,0,0,0,1,A01
202100007133,1,7,,0,2,3,1,B01
202100007133,1,7,,0,2,1,1,A01
202100007134,1,7,,1,0,2,1,A01
202100007135,1,7,,16,2,3,13,A01
202100007135,2,7,,0,2,3,1,B01
202100007136,2,1,,0,2,4,0,B01
202100007136,1,7,,0,2,3,15,A01
202100007137,1,7,,0,2,2,15,A01
202100007137,2,2,,0,2,1,1,B01
202100007138,2,7,,0,2,1,15,A01
202100007138,2,30,,0,2,1,11,B01
202100007139,1,2,,0,1,1,17,A01
202100007140,1,7,,0,0,8,15,B01
202100007140,1,33,,0,0,1,2,A01
202100007141,1,7,,0,2,1,15,A01
202100007141,1,2,,0,2,1,1,B01
202100007142,2,7,,0,2,4,2,A01
202100007142,2,7,,0,2,1,2,B01
202100007143,1,7,,0,2,3,9,A01
202100007143,2,30,,0,2,1,26,B01
202100007144,2,7,,0,2,1,2,A01
202100007144,2,1,,0,2,7,2,B01
202100007145,1,3,,0,2,3,15,B01
202100007145,1,33,,0,2,7,15,A01
202100007146,2,7,,0,2,2,16,A01
202100007146,2,7,,0,2,3,2,B01
202100007147,3,10,,0,0,4,2,B01
202100007147,3,7,,0,2,1,2,A01
202100007148,1,30,,0,1,1,19,A01
202100007149,3,7,,0,2,3,1,A01
202100007149,3,1,,0,2,1,9,B01
202100007150,1,30,,0,2,1,2,A01
202100007150,2,34,,0,2,0,0,B01
202100007151,3,7,,0,2,1,1,B01
202100007151,2,7,,8,2,1,1,A01
202100007152,2,7,,0,2,4,2,B01
202100007152,2,7,,0,2,1,2,A01
202100007153,3,7,,0,2,5,9,A01
202100007153,3,7,,0,2,1,15,B01
202100007154,2,7,,0,2,1,1,A01
202100007154,2,7,,0,2,4,1,B01
202100007155,1,7,,0,1,3,1,A01
202100007156,1,33,,0,1,2,19,A01
202100007157,2,7,,0,2,4,2,B01
202100007157,2,7,,0,2,1,2,A01
202100007158,1,7,,0,2,0,9,B01
202100007158,1,2,,14,2,8,21,A01
202100007159,2,7,,0,2,3,10,A01
202100007159,2,33,,0,2,1,17,B01
202100007160,1,33,,0,2,1,1,B01
202100007160,3,7,,0,2,3,15,A01
202100007161,2,7,,0,2,1,16,A01
202100007161,3,7,,0,2,3,23,D01
202100007161,3,7,,0,2,6,23,B01
202100007161,3,7,,0,2,1,23,C01
202100007162,0,7,,0,2,4,0,B01
202100007162,1,7,,0,2,1,2,A01
202100007163,3,7,,0,2,2,15,A01
202100007163,3,7,,0,2,1,1,B01
202100007164,2,33,,0,2,7,12,A01
202100007164,1,7,,0,2,3,1,B01
202100007165,1,33,,0,2,1,1,B01
202100007165,1,7,,0,2,2,9,A01
202100007166,3,7,,0,1,3,9,A01
202100007167,1,7,,0,1,1,1,A01
202100007168,3,10,,0,1,2,1,Z01
202100007169,1,7,,0,2,2,15,A01
202100007169,2,7,,0,2,2,1,B01
202100007170,1,7,,0,2,1,2,A01
202100007170,1,33,,0,2,4,2,B01
202100007171,1,7,,0,2,5,13,A01
202100007171,1,31,,0,2,1,16,B01
202100007172,0,7,,0,2,4,1,B01
202100007172,0,7,,0,2,1,1,A01
202100007173,0,50,,0,2,1,16,B01
202100007173,0,7,,0,2,1,15,A01
202100007174,2,7,,0,2,3,1,C01
202100007174,2,7,,0,2,0,1,B01
202100007174,2,15,,0,2,1,1,A01
202100007175,3,10,,0,1,4,4,A01
202100007176,3,7,,0,2,2,2,A01
202100007176,3,7,,14,0,0,0,C01
202100007177,2,33,,3,2,1,1,A01
202100007177,2,33,,3,0,4,1,B01
202100007178,3,7,,0,2,1,1,B01
202100007178,3,7,,0,2,1,5,A01
202100007179,3,7,,0,0,4,1,B01
202100007179,3,7,,0,2,1,1,A01
202100007180,3,7,,6,0,1,9,A01
202100007181,1,7,,0,1,1,16,A01
202100007182,1,7,,0,2,2,1,B01
202100007182,1,7,,0,2,1,1,A01
202100007183,1,7,,4,2,4,1,B01
202100007183,1,7,,4,2,9,0,A01
202100007184,3,7,,0,1,1,1,A01
202100007185,0,1,,0,0,0,1,A01
202100007186,1,30,,11,0,0,26,A01
202100007187,3,50,,0,2,7,19,B01
202100007187,3,7,,0,9,1,26,A01
202100007188,3,7,,0,2,4,2,B01
202100007188,3,7,,0,2,1,2,A01
202100007189,3,7,,0,2,1,1,B01
202100007189,3,50,,0,2,1,1,A01
202100007190,3,1,,0,2,1,1,A01
202100007190,3,7,,0,2,7,23,B01
202100007191,3,1,,0,2,1,1,B01
202100007191,3,7,,0,2,3,26,A01
202100007192,3,7,,0,2,5,16,A01
202100007192,3,1,,0,2,0,16,B01
202100007193,1,7,,9,0,3,1,A01
202100007194,1,7,,12,0,1,1,A01
202100007195,0,7,,1,2,6,1,B01
202100007195,2,7,,0,2,1,19,A01
202100007196,1,7,,0,2,2,2,B01
202100007196,1,7,,0,2,3,9,A01
202100007197,2,7,,0,2,1,1,C01
202100007197,2,7,,0,2,1,1,B01
202100007197,2,7,,0,2,4,1,A01
202100007198,1,7,,6,0,1,26,A01
202100007199,2,7,,0,2,3,13,A01
202100007199,1,7,,0,2,3,1,B01
202100007200,2,32,,0,2,2,17,A01
202100007200,2,7,,0,2,3,15,B01
202100007201,2,7,,0,2,3,9,A01
202100007201,0,1,,0,2,1,1,B01
202100007202,1,2,,0,2,1,1,B01
202100007202,2,7,,0,2,2,15,A01
202100007203,2,7,,0,2,2,16,B01
202100007203,2,30,,0,2,1,1,A01
202100007204,1,7,,0,2,1,15,B01
202100007204,1,30,,0,2,2,1,A01
202100007205,3,7,,0,1,4,26,A01
202100007206,2,30,,11,0,3,13,A01
202100007207,2,7,,0,2,1,15,A01
202100007207,1,33,,0,2,1,1,B01
202100007208,3,7,,0,2,4,2,B01
202100007208,3,7,,0,2,1,2,A01
202100007209,2,7,,0,2,8,1,B01
202100007209,1,33,,0,2,1,1,A01
202100007210,3,7,,0,1,1,1,A01
202100007211,3,7,,0,1,1,1,A01
202100007212,1,1,,0,2,1,1,B01
202100007212,1,7,,0,9,8,1,A01
202100007213,3,7,,0,2,9,1,B01
202100007213,3,7,,0,2,4,1,C01
202100007213,3,7,,0,2,1,1,A01
202100007214,3,7,,0,2,1,26,A01
202100007215,1,7,,0,1,7,15,B01
202100007216,1,7,,0,2,0,0,B01
202100007216,1,7,,0,2,0,0,A01
202100007217,3,7,,0,1,4,26,A01
202100007218,1,7,,0,2,1,1,Z01
202100007218,1,7,,0,2,4,23,C01
202100007218,1,7,,0,2,4,23,D01
202100007218,1,7,,0,2,4,23,B01
202100007219,3,10,,0,2,1,3,C01
202100007219,3,7,,0,2,2,1,B01
202100007219,3,10,,0,2,6,1,A01
202100007220,3,60,,0,0,0,0,B01
202100007220,3,80,,0,9,1,7,A01
202100007221,1,7,,0,1,1,14,A01
202100007222,1,7,,0,1,1,1,A01
202100007223,2,7,,0,1,2,1,A01
202100007224,1,1,,0,2,7,5,A01
202100007224,3,7,,0,2,2,15,B01
202100007225,2,7,,0,2,3,16,B01
202100007225,2,7,,0,2,3,15,A01
202100007226,2,7,,0,2,2,9,A01
202100007226,3,7,,0,2,5,1,B01
202100007227,1,30,,0,0,7,15,A01
202100007228,2,10,,0,2,4,1,B01
202100007228,2,30,,0,2,1,2,A01
202100007229,3,30,,0,2,4,23,B01
202100007229,3,7,,0,9,2,1,Z01
202100007230,3,7,,0,2,1,1,A01
202100007231,1,7,,0,1,1,1,A01
202100007232,1,7,,0,2,1,1,B01
202100007232,1,7,,0,2,1,15,A01
202100007233,1,7,,0,1,7,1,Z01
202100007234,1,33,,0,2,1,2,B01
202100007234,1,7,,0,2,6,17,A01
202100007235,3,10,,0,2,4,2,C01
202100007235,3,10,,0,2,9,2,B01
202100007235,0,7,,0,2,1,2,A01
202100007236,3,30,,0,2,8,1,B01
202100007236,3,7,,0,2,3,9,A01
202100007237,2,7,,0,1,1,15,A01
202100007238,0,7,,0,1,4,4,A01
202100007239,2,7,,0,2,7,9,A01
202100007239,2,2,,0,2,4,1,B01
202100007240,1,7,,0,0,1,26,A01
202100007241,1,2,,0,2,1,1,B01
202100007241,1,7,,0,2,4,1,A01
202100007242,1,7,,0,2,3,26,A01
202100007242,1,1,,0,2,2,26,B01
202100007243,1,1,,0,2,6,26,A01
202100007243,1,31,,0,2,0,26,B01
202100007244,1,50,,0,2,1,26,B01
202100007244,1,7,,0,2,8,26,A01
202100007245,1,7,,0,2,4,1,B01
202100007245,1,38,1.0,0,2,1,1,A01
202100007246,1,7,,0,2,1,26,A01
202100007246,1,1,,0,2,1,26,B01
202100007247,1,50,,0,0,0,26,A01
202100007248,1,7,,0,2,1,1,B01
202100007248,1,7,,0,2,7,1,A01
202100007249,3,7,,0,2,4,2,B01
202100007249,3,10,,0,2,1,2,A01
202100007250,2,7,,0,2,5,1,A01
202100007250,1,33,,0,2,1,1,B01
202100007251,1,80,,0,2,7,19,B01
202100007251,1,7,,0,2,1,1,A01
202100007252,3,30,,0,0,1,1,A01
202100007253,1,7,,3,0,1,1,A01
202100007254,1,7,,0,1,3,1,A01
202100007255,1,33,,0,2,8,1,B01
202100007255,1,7,,0,2,7,1,Z01
202100007256,3,30,,0,0,7,1,A01
202100007257,2,10,,0,2,8,20,A01
202100007257,2,3,,0,2,2,1,B01
202100007257,1,33,,0,2,1,1,C01
202100007258,3,7,,0,1,1,1,A01
202100007259,3,7,,0,2,8,1,B01
202100007259,3,7,,0,2,3,13,A01
202100007260,2,7,,0,2,3,15,A01
202100007260,2,32,,0,2,1,1,B01
202100007261,1,2,,0,2,1,1,A01
202100007261,2,7,,0,2,1,19,B01
202100007262,1,7,,0,2,1,1,B01
202100007262,2,30,,0,2,1,1,A01
202100007263,3,7,,0,2,1,15,A01
202100007263,3,7,,0,2,3,1,B01
202100007264,3,7,,0,2,1,1,A01
202100007264,3,7,,0,2,4,2,B01
202100007265,1,7,,0,1,2,2,A01
202100007266,1,7,,0,2,1,2,A01
202100007266,1,7,,0,2,4,2,B01
202100007267,0,7,,0,2,8,22,A01
202100007267,0,80,,1,0,1,1,B01
202100007268,0,7,,0,2,3,9,A01
202100007268,0,1,,0,2,1,1,B01
202100007269,3,7,,0,2,2,19,A01
202100007269,1,7,,8,2,1,1,B01
202100007270,1,33,,0,2,3,17,A01
202100007270,1,7,,0,2,3,15,B01
202100007270,1,7,,0,2,6,1,C01
202100007271,2,7,,0,2,1,2,A01
202100007271,2,7,,0,2,4,23,B01
202100007272,2,10,,0,2,1,19,B01
202100007272,2,32,,0,2,7,1,A01
202100007273,2,7,,0,2,1,1,B01
202100007273,2,30,,0,2,4,1,A01
202100007274,1,20,,0,2,4,1,A01
202100007274,1,7,,0,2,1,1,B01
202100007275,2,7,,0,2,6,1,C01
202100007275,2,7,,0,2,8,1,B01
202100007275,2,7,,0,2,0,0,A01
202100007276,2,7,,0,2,4,23,D01
202100007276,2,7,,0,2,1,23,C01
202100007276,2,7,,0,2,1,23,B01
202100007276,2,7,,0,2,1,9,A01
202100007277,2,7,,0,2,3,15,A01
202100007277,2,33,,0,2,2,15,B01
202100007278,0,7,,0,2,2,15,B01
202100007278,1,32,,0,2,1,17,A01
202100007279,1,7,,4,0,3,26,A01
202100007280,0,10,,0,1,8,15,A01
202100007281,2,7,,0,2,8,0,B01
202100007281,2,7,,0,2,3,17,A01
202100007282,1,1,,0,2,4,1,B01
202100007282,1,7,,0,2,1,9,A01
202100007283,1,40,,0,2,1,1,B01
202100007283,1,1,,0,4,1,19,A01
202100007284,3,10,,0,1,2,17,A01
202100007285,0,7,,0,2,1,0,C01
202100007285,3,7,,0,2,1,1,B01
202100007285,3,7,,0,2,1,2,A01
202100007286,3,7,,0,2,1,1,B01
202100007286,3,15,,0,2,1,1,A01
202100007287,2,7,,0,2,7,1,B01
202100007287,1,14,,0,2,1,1,A01
202100007288,3,33,,0,2,1,1,B01
202100007288,3,7,,0,2,7,15,A01
202100007289,2,1,,0,2,8,2,B01
202100007289,2,7,,0,2,7,16,A01
202100007290,1,7,,7,0,1,1,A01
202100007291,1,7,,13,0,1,1,A01
202100007292,3,31,,0,2,7,1,B01
202100007292,3,7,,0,2,3,9,A01
202100007293,3,7,,0,1,4,4,A01
202100007294,2,7,,0,2,1,1,B01
202100007294,2,7,,0,2,7,15,A01
202100007295,1,13,,0,2,1,0,D01
202100007295,1,7,,0,2,4,0,C01
202100007295,2,7,,0,2,4,2,A01
202100007295,1,7,,0,2,4,1,B01
202100007296,1,7,,4,0,1,2,A01
202100007297,1,33,,0,2,4,23,B01
202100007297,1,33,,0,2,1,1,A01
202100007298,3,7,,0,1,2,1,A01
202100007299,1,34,,0,2,1,2,A01
202100007299,1,7,,0,2,6,1,B01
202100007300,1,7,,0,1,2,1,A01
202100007301,1,33,,1,0,1,13,A01
202100007302,2,32,,0,2,1,1,B01
202100007302,2,10,,15,0,3,10,A01
202100007303,1,7,,0,2,7,15,A01
202100007303,0,34,,0,2,1,1,B01
202100007304,0,7,,0,1,3,1,A01
202100007305,1,7,,0,2,4,2,B01
202100007305,1,37,1.0,0,2,1,2,A01
202100007306,3,7,,0,1,2,1,A01
202100007307,0,2,,0,2,1,0,A01
202100007307,0,7,,0,0,3,1,B01
202100007308,2,17,,11,0,1,6,A01
202100007309,3,7,,0,2,2,15,A01
202100007309,3,30,,0,2,1,1,B01
202100007310,2,7,,6,0,1,16,A01
202100007311,2,7,,0,2,3,15,A01
202100007311,1,7,,0,2,3,1,B01
202100007312,1,7,,0,1,4,4,A01
202100007313,3,7,,2,0,1,1,A01
202100007314,3,33,,0,2,3,1,B01
202100007314,3,7,,0,2,5,12,A01
202100007315,2,7,,0,1,1,1,A01
202100007316,2,7,,0,2,3,0,B01
202100007316,1,7,,0,2,3,26,A01
202100007317,2,50,,0,2,1,1,A01
202100007317,3,1,,0,2,0,19,B01
202100007318,1,10,,0,2,5,15,A01
202100007318,2,33,,0,2,1,1,B01
202100007319,1,30,,0,2,7,26,A01
202100007319,3,7,,0,0,8,26,C01
202100007319,2,7,,0,2,3,1,B01
202100007320,1,7,,0,1,1,9,A01
202100007321,1,33,,0,2,1,2,A01
202100007321,1,32,,0,2,1,2,B01
202100007322,2,7,,0,2,1,13,A01
202100007322,1,7,,0,2,3,1,B01
202100007323,3,10,,15,0,1,0,A01
202100007324,2,32,,0,2,1,17,A01
202100007324,2,7,,0,2,6,13,B01
202100007325,2,30,,0,1,2,1,A01
202100007326,3,7,,0,2,3,21,B01
202100007326,3,3,,0,2,1,13,A01
202100007327,1,7,,0,2,1,1,A01
202100007327,1,14,,0,2,2,0,B01
202100007328,2,33,,0,2,1,1,A01
202100007328,2,7,,6,0,7,15,B01
202100007329,1,32,,0,9,0,3,A01
202100007330,2,7,,0,2,5,12,A01
202100007330,2,31,,0,2,3,3,B01
202100007331,1,10,,0,2,2,12,A01
202100007331,1,43,,0,2,8,21,B01
202100007332,2,80,,0,0,0,21,A01
202100007333,3,14,,0,1,2,1,A01
202100007334,2,1,,0,2,1,1,B01
202100007334,2,30,,0,2,4,17,A01
202100007335,2,32,,0,2,1,17,A01
202100007335,1,32,,0,2,1,13,Z01
202100007336,3,7,,0,2,8,11,A01
202100007336,3,32,,0,2,7,15,B01
202100007337,2,10,,0,2,1,15,A01
202100007337,2,50,,0,2,1,16,B01
202100007338,3,7,,7,0,1,13,A01
202100007339,2,33,,0,2,0,1,B01
202100007339,2,1,,0,2,0,15,A01
202100007340,2,7,,0,1,7,1,A01
202100007341,1,7,,0,2,0,9,A01
202100007341,1,80,,0,2,0,21,B01
202100007342,2,7,,0,2,5,22,A01
202100007342,2,1,,0,2,5,18,B01
202100007343,2,7,,0,2,3,22,A01
202100007343,2,1,,0,2,1,1,B01
202100007344,1,10,,0,2,1,13,A01
202100007344,2,50,,0,2,0,1,B01
202100007345,3,32,,12,0,1,14,A01
202100007346,1,10,,0,2,7,2,A01
202100007346,1,1,,0,2,8,1,B01
202100007347,2,50,,0,2,1,1,B01
202100007347,2,10,,0,2,3,15,A01
202100007348,2,7,,0,2,3,1,B01
202100007348,2,30,,0,2,1,1,A01
202100007349,2,30,,0,2,2,2,B01
202100007349,2,7,,1,2,3,13,A01
202100007350,1,50,,0,2,8,19,B01
202100007350,2,7,,0,9,1,15,A01
202100007351,2,3,,0,2,3,12,A01
202100007351,2,32,,0,2,1,1,B01
202100007352,3,7,,0,2,1,1,B01
202100007352,2,1,,0,2,0,0,A01
202100007353,1,17,,0,1,1,2,A01
202100007354,1,7,,0,2,3,15,A01
202100007354,1,31,,0,2,2,21,B01
202100007355,1,37,3.0,0,2,2,1,B01
202100007355,1,7,,0,2,6,9,A01
202100007356,2,7,,1,0,3,5,B01
202100007356,2,7,,1,0,6,24,A01
202100007357,1,7,,1,2,3,9,A01
202100007357,1,60,,1,2,7,1,B01
202100007358,1,7,,0,1,2,1,A01
202100007359,1,7,,8,0,1,15,A01
202100007360,1,7,,0,2,4,2,B01
202100007360,1,37,1.0,0,2,1,2,A01
202100007361,3,60,,0,2,0,0,B01
202100007361,3,0,,0,9,0,0,Z01
202100007362,-1,7,,14,2,1,13,A01
202100007362,3,7,,0,2,1,16,B01
202100007363,1,7,,0,1,4,4,A01
202100007364,-1,50,,0,2,1,1,B01
202100007364,3,7,,0,9,3,10,A01
202100007365,2,2,,0,1,1,17,A01
202100007366,1,32,,0,2,1,18,A01
202100007366,1,2,,0,2,7,16,B01
202100007367,-1,33,,0,2,3,1,B01
202100007367,3,7,,0,2,7,9,A01
202100007368,3,32,,0,2,6,19,A01
202100007368,-1,7,,0,2,3,1,B01
202100007369,2,10,,0,1,6,20,A01
202100007370,3,1,,0,2,1,19,B01
202100007370,1,7,,0,2,0,0,A01
202100007371,1,10,,0,2,3,15,A01
202100007371,2,1,,0,2,1,1,B01
202100007372,3,7,,0,2,2,24,B01
202100007372,2,1,,1,0,2,13,A01
202100007373,3,32,,0,0,7,26,A01
202100007374,0,7,,8,0,2,0,A01
202100007375,1,7,,13,0,0,0,A01
202100007376,3,10,,0,1,4,4,A01
202100007377,1,7,,2,0,1,1,A01
202100007378,2,7,,0,2,1,1,B01
202100007378,1,7,,0,2,5,13,A01
202100007379,2,17,,0,0,4,1,B01
202100007379,2,10,,0,2,1,2,A01
202100007380,1,1,,0,2,8,1,B01
202100007380,1,10,,0,9,7,17,A01
202100007381,3,7,,0,1,7,1,A01
202100007382,1,7,,16,0,0,17,A01
202100007383,1,7,,0,0,8,19,A01
202100007383,1,2,,0,2,1,1,B01
202100007384,2,3,,0,2,8,1,B01
202100007384,2,10,,0,2,8,23,C01
202100007384,3,7,,0,2,1,9,A01
202100007385,1,7,,0,2,5,1,A01
202100007385,1,31,,0,2,1,1,B01
202100007386,2,10,,0,1,1,19,A01
202100007387,1,10,,0,2,3,0,A01
202100007387,2,7,,0,2,3,1,B01
202100007388,2,7,,1,0,2,14,A01
202100007388,2,17,,0,0,6,24,B01
202100007388,2,7,,14,1,1,1,C01
202100007389,1,10,,2,0,1,1,A01
202100007390,1,7,,0,2,3,15,B01
202100007390,1,33,,0,2,3,17,A01
202100007391,1,7,,0,1,1,1,A01
202100007392,1,7,,0,2,1,1,B01
202100007392,1,7,,0,2,3,19,A01
202100007393,1,7,,0,0,0,17,A01
202100007394,1,7,,6,0,1,1,A01
202100007395,0,10,,13,2,3,0,B01
202100007395,3,7,,0,2,1,1,A01
202100007396,1,7,,0,0,4,23,A01
202100007396,1,7,,0,2,1,2,B01