Num_Acc,senc,catv,occutc,obs,obsm,choc,manv,num_veh
202100007397,2,7,,13,0,2,1,A01
202100007398,2,7,,0,0,4,2,B01
202100007398,2,7,,0,2,1,2,A01
202100007399,2,21,,0,0,4,1,B01
202100007399,2,10,,0,2,2,0,A01
202100007400,1,7,,0,0,3,15,A01
202100007400,2,33,,0,2,1,1,B01
202100007401,1,2,,0,2,2,17,A01
202100007401,2,7,,0,2,3,1,C01
202100007401,1,10,,0,2,3,15,B01
202100007402,2,7,,13,2,3,13,A01
202100007402,1,7,,13,2,3,1,B01
202100007403,2,7,,13,0,0,13,A01
202100007404,2,7,,0,2,1,1,A01
202100007404,2,10,,0,2,4,1,B01
202100007405,1,7,,0,2,3,17,A01
202100007405,2,1,,0,2,1,13,B01
202100007406,1,7,,2,0,8,17,A01
202100007407,3,7,,0,2,1,1,B01
202100007407,3,7,,0,2,3,13,A01
202100007408,1,31,,0,2,1,13,A01
202100007408,2,7,,0,2,8,1,B01
202100007409,2,7,,16,0,2,1,A01
202100007410,1,7,,0,2,1,2,A01
202100007410,3,7,,7,0,8,19,B01
202100007411,1,7,,0,2,2,1,A01
202100007411,2,7,,0,0,2,1,B01
202100007412,2,7,,2,0,1,26,A01
202100007413,3,10,,0,1,8,1,A01
202100007414,2,32,,13,0,0,1,B01
202100007414,1,10,,0,0,0,13,A01
202100007415,1,7,,2,0,3,1,A01
202100007416,1,7,,0,2,3,17,A01
202100007416,2,2,,0,2,1,1,B01
202100007417,2,7,,0,2,3,17,A01
202100007417,1,50,,0,2,1,1,B01
202100007418,1,33,,0,0,0,2,A01
202100007419,3,7,,0,0,3,1,A01
202100007420,2,7,,0,2,1,2,B01
202100007420,2,7,,0,2,4,2,A01
202100007421,2,7,,0,2,7,1,D01
202100007421,2,7,,0,2,4,2,C01
202100007421,2,7,,0,2,5,2,B01
202100007421,2,7,,0,2,3,2,A01
202100007422,2,15,,0,2,6,1,B01
202100007422,2,7,,0,2,1,2,A01
202100007423,2,43,,0,2,3,1,A01
202100007423,2,7,,0,2,7,15,B01
202100007424,2,10,,0,2,5,2,B01
202100007424,2,7,,0,2,1,2,A01
202100007425,2,10,,0,2,7,1,B01
202100007425,2,33,,4,2,7,16,A01
202100007426,2,7,,0,2,8,26,B01
202100007426,2,32,,0,2,8,26,A01
202100007427,1,32,,0,2,1,3,A01
202100007427,1,3,,0,2,7,12,B01
202100007428,2,7,,14,0,0,0,C01
202100007428,2,10,,1,0,1,1,B01
202100007428,2,7,,0,2,4,23,A01
202100007429,1,7,,0,2,4,1,A01
202100007429,1,7,,0,2,4,1,E01
202100007429,1,7,,0,2,4,1,B01
202100007429,1,7,,0,2,4,1,C01
202100007429,1,43,,0,2,1,1,D01
202100007430,1,7,,0,2,4,2,D01
202100007430,1,7,,0,2,4,2,C01
202100007430,1,7,,0,2,4,2,B01
202100007430,1,7,,0,2,1,2,A01
202100007431,3,32,,0,2,0,0,Z01
202100007431,3,50,,0,2,2,19,A01
202100007432,2,10,,0,2,6,11,A01
202100007432,2,32,,0,2,2,1,B01
202100007433,1,1,,0,2,1,13,A01
202100007433,2,1,,0,2,1,1,B01
202100007434,2,80,,0,2,1,1,B01
202100007434,2,7,,0,2,5,22,A01
202100007435,2,34,,0,1,1,3,A01
202100007436,1,30,,0,1,0,1,Z01
202100007437,1,1,,0,2,1,1,B01
202100007437,2,1,,0,2,1,13,A01
202100007438,1,7,,0,2,8,15,A01
202100007438,1,43,,0,2,1,1,B01
202100007439,3,7,,0,1,4,4,A01
202100007440,1,1,,0,1,7,1,A01
202100007441,3,50,,0,2,7,19,B01
202100007441,2,33,,0,2,1,1,A01
202100007442,1,10,,0,2,4,23,B01
202100007442,1,1,,0,2,1,1,A01
202100007443,1,7,,0,2,4,23,A01
202100007443,1,7,,0,2,1,1,B01
202100007444,1,33,,0,0,0,1,A01
202100007445,3,7,,1,0,1,13,A01
202100007446,3,7,,0,1,2,15,A01
202100007447,3,1,,0,1,1,1,A01
202100007448,1,10,,0,2,3,15,A01
202100007448,1,32,,0,2,2,1,B01
202100007449,2,7,,0,2,1,1,A01
202100007449,2,1,,0,2,3,0,B01
202100007450,2,7,,4,0,1,1,A01
202100007451,1,7,,0,2,1,15,A01
202100007451,2,2,,0,2,8,1,B01
202100007452,1,50,,0,2,4,1,B01
202100007452,1,7,,0,2,1,9,A01
202100007453,3,7,,0,2,2,1,B01
202100007453,3,7,,0,2,3,1,A01
202100007454,3,7,,8,2,2,23,A01
202100007454,0,7,,0,0,0,0,B01
202100007455,1,32,,0,2,3,1,B01
202100007455,1,7,,0,2,2,16,A01
202100007456,1,1,,0,2,1,2,B01
202100007456,1,7,,0,2,8,13,A01
202100007457,1,7,,1,0,6,26,B01
202100007457,1,7,,0,2,2,21,A01
202100007458,1,7,,0,1,1,14,A01
202100007459,1,7,,0,0,0,0,B01
202100007459,1,7,,0,2,1,13,A01
202100007460,1,7,,0,2,6,1,C01
202100007460,1,32,,0,2,8,3,B01
202100007460,1,10,,0,2,2,22,A01
202100007461,2,10,,0,2,1,2,A01
202100007461,2,10,,0,2,4,1,B01
202100007461,2,7,,0,2,4,1,C01
202100007462,2,7,,0,1,1,1,A01
202100007462,2,0,,0,0,0,0,Y01
202100007463,1,33,,0,2,1,1,A01
202100007463,1,7,,0,2,0,10,B01
202100007464,2,1,,0,2,1,1,B01
202100007464,2,10,,0,2,3,9,A01
202100007465,0,7,,0,2,7,15,A01
202100007465,0,1,,0,2,1,1,B01
202100007466,1,33,,8,2,0,23,A01
202100007467,1,33,,14,0,1,1,A01
202100007468,2,30,,0,2,2,0,B01
202100007468,1,30,,0,2,2,26,A01
202100007469,1,7,,0,2,5,20,A01
202100007469,1,32,,0,2,1,1,B01
202100007470,1,34,,9,2,7,15,A01
202100007470,2,7,,9,2,1,1,B01
202100007471,2,37,2.0,0,2,0,1,B01
202100007471,2,7,,0,2,0,16,A01
202100007472,2,7,,1,0,1,13,A01
202100007473,1,7,,0,2,3,18,A01
202100007474,2,7,,13,0,3,5,A01
202100007475,1,7,,0,1,1,16,A01
202100007476,1,10,,0,2,3,13,A01
202100007476,2,7,,14,2,3,1,B01
202100007477,2,7,,1,0,6,21,A01
202100007478,1,16,,0,2,1,1,B01
202100007478,2,7,,0,2,1,13,A01
202100007479,2,33,,0,0,8,1,A01
202100007480,1,7,,0,2,3,11,A01
202100007480,1,7,,0,2,2,1,B01
202100007481,2,15,,0,2,3,1,B01
202100007481,1,7,,0,2,3,5,A01
202100007482,2,7,,2,0,1,1,A01
202100007483,2,7,,0,2,1,1,B01
202100007483,1,7,,0,2,1,13,A01
202100007484,2,7,,13,0,2,0,A01
202100007485,1,2,,13,0,1,1,A01
202100007486,2,33,,0,0,9,1,A01
202100007487,1,10,,0,2,3,23,A01
202100007487,2,7,,0,2,1,1,B01
202100007487,1,7,,0,2,7,15,C01
202100007488,1,7,,0,1,3,1,A01
202100007489,2,7,,0,0,8,1,B01
202100007489,1,10,,0,2,1,15,A01
202100007490,1,7,,0,2,1,2,B01
202100007490,1,7,,0,0,4,23,A01
202100007491,1,32,,0,2,1,1,B01
202100007491,1,7,,0,2,2,9,A01
202100007492,1,10,,0,0,1,14,A01
202100007493,1,1,,0,2,0,1,B01
202100007493,2,7,,0,9,1,9,A01
202100007494,2,2,,0,2,1,1,B01
202100007494,1,7,,0,2,2,1,A01
202100007495,2,33,,15,0,1,15,A01
202100007496,2,7,,2,0,1,1,A01
202100007497,1,33,,0,0,0,1,A01
202100007498,0,2,,0,2,1,1,B01
202100007498,0,7,,0,2,1,15,A01
202100007499,1,32,,0,2,8,1,B01
202100007499,2,7,,0,2,3,15,A01
202100007500,1,7,,0,2,1,1,B01
202100007500,2,7,,0,2,1,13,A01
202100007501,2,33,,7,0,1,14,A01
202100007502,2,7,,13,0,1,2,A01
202100007503,0,7,,0,0,7,0,A01
202100007503,0,7,,0,2,1,19,B01
202100007504,1,21,,0,0,3,1,A01
202100007505,2,7,,0,2,1,11,A01
202100007505,2,32,,0,0,4,1,B01
202100007506,1,14,,0,2,1,1,A01
202100007506,2,7,,0,2,6,1,B01
202100007507,1,7,,1,0,1,1,A01
202100007507,1,7,,0,0,4,1,B01
202100007508,2,99,,3,0,8,0,A01
202100007508,2,7,,0,9,2,17,B01
202100007509,1,15,,0,2,1,23,B01
202100007509,2,7,,0,2,1,5,A01
202100007510,1,33,,0,0,0,3,A01
202100007511,2,7,,0,0,4,9,A01
202100007511,2,7,,0,2,1,1,B01
202100007511,2,33,,0,2,1,23,C01
202100007512,1,7,,0,1,1,1,A01
202100007513,1,7,,2,0,1,14,A01
202100007514,0,7,,0,9,2,15,A01
202100007514,0,30,,0,2,0,5,B01
202100007515,2,7,,0,9,0,15,B01
202100007515,2,1,,0,2,0,1,A01
202100007516,1,7,,0,2,1,17,A01
202100007516,2,7,,0,2,1,26,B01
202100007517,1,7,,13,0,9,1,A01
202100007518,0,7,,0,2,0,0,H01
202100007518,0,7,,0,2,0,0,E01
202100007518,0,7,,0,2,0,0,B01
202100007518,3,15,,1,1,1,26,A01
202100007519,2,10,,8,2,1,1,B01
202100007519,1,7,,8,2,1,1,A01
202100007520,1,7,,0,0,1,23,D01
202100007520,1,7,,0,0,6,23,C01
202100007520,1,17,,0,0,6,16,B01
202100007520,2,7,,0,2,3,1,A01
202100007521,2,7,,0,2,3,17,A01
202100007521,1,33,,0,2,3,1,B01
202100007522,3,10,,0,0,1,1,B01
202100007522,3,7,,0,0,4,23,A01
202100007523,0,7,,2,0,1,1,A01
202100007524,2,7,,13,0,1,1,A01
202100007525,1,7,,0,2,3,15,A01
202100007525,2,7,,6,2,6,1,B01
202100007526,1,7,,0,1,2,1,A01
202100007527,2,7,,0,2,2,1,A01
202100007527,2,1,,0,2,3,16,B01
202100007528,2,7,,0,2,3,13,A01
202100007528,1,7,,0,2,1,1,B01
202100007529,0,1,,6,0,1,1,A01
202100007530,0,7,,0,0,4,23,A01
202100007530,0,7,,0,2,4,23,B01
202100007530,0,7,,0,2,1,2,C01
202100007531,2,10,,13,0,1,1,A01
202100007532,0,7,,0,6,1,1,A01
202100007533,2,17,,0,2,6,1,A01
202100007533,2,10,,0,2,1,17,B01
202100007533,2,7,,0,2,1,1,C01
202100007533,2,7,,0,2,3,1,D01
202100007534,1,31,,0,0,0,16,A01
202100007535,2,10,,0,0,0,0,C01
202100007535,2,7,,0,2,8,1,B01
202100007535,2,7,,0,2,4,1,A01
202100007536,1,7,,0,2,2,2,B01
202100007536,1,7,,0,2,4,2,A01
202100007537,1,7,,0,2,1,1,C01
202100007537,1,7,,0,2,4,1,B01
202100007537,1,10,,0,2,4,1,A01
202100007538,1,7,,0,2,4,14,A01
202100007538,1,34,,0,2,1,1,B01
202100007539,2,7,,0,2,2,12,A01
202100007539,2,7,,0,2,6,1,B01
202100007539,2,10,,0,2,5,23,C01
202100007540,2,7,,4,0,2,2,A01
202100007541,1,10,,0,2,6,2,B01
202100007541,1,33,,0,2,2,3,A01
202100007541,1,10,,0,2,5,2,C01
202100007542,1,10,,0,2,1,2,B01
202100007542,1,17,,0,2,4,2,A01
202100007543,2,15,,0,2,0,0,A01
202100007543,2,7,,0,2,0,0,B01
202100007543,2,10,,0,0,0,0,C01
202100007544,2,7,,0,2,6,1,B01
202100007544,2,7,,0,2,1,12,A01
202100007545,2,7,,0,2,0,12,B01
202100007545,2,33,,0,2,3,1,A01
202100007546,2,0,,0,2,7,0,A01
202100007546,2,33,,0,2,8,3,B01
202100007547,1,10,,0,2,7,12,A01
202100007547,1,31,,0,2,8,1,B01
202100007548,2,7,,0,2,6,9,A01
202100007548,2,15,,0,2,7,1,B01
202100007549,1,0,,0,2,1,0,Z01
202100007549,1,7,,0,2,4,2,C01
202100007549,1,7,,0,2,4,2,B01
202100007550,1,10,,0,2,5,14,B01
202100007550,1,32,,0,2,8,2,A01
202100007551,2,7,,0,2,8,1,B01
202100007551,2,15,,0,2,2,12,A01
202100007552,2,33,,0,2,1,1,A01
202100007553,2,7,,0,2,4,1,B01
202100007553,2,33,,0,2,1,1,A01
202100007554,1,7,,0,2,4,2,B01
202100007554,1,10,,0,2,1,2,A01
202100007555,3,7,,4,0,1,1,A01
202100007556,2,33,,0,2,3,3,B01
202100007556,2,7,,0,2,2,12,A01
202100007557,2,7,,13,0,3,1,A01
202100007558,2,7,,8,0,9,1,A01
202100007559,3,21,,0,1,4,4,A01
202100007560,2,10,,0,2,1,1,A01
202100007560,1,13,,0,2,3,1,C01
202100007560,2,36,,0,2,4,15,B01
202100007561,1,7,,0,2,1,1,B01
202100007561,1,7,,0,2,1,13,A01
202100007562,0,7,,0,2,4,2,A01
202100007562,0,7,,0,2,6,15,B01
202100007563,3,31,,0,2,8,15,A01
202100007563,3,99,,0,2,3,17,Z01
202100007564,1,7,,0,2,7,15,A01
202100007564,1,2,,0,2,1,1,B01
202100007565,2,3,,0,2,2,1,B01
202100007565,1,7,,0,2,7,15,A01
202100007566,1,7,,0,2,7,16,A01
202100007566,1,33,,0,2,1,1,B01
202100007567,2,31,,0,2,2,1,A01
202100007567,2,7,,0,2,3,1,B01
202100007568,2,7,,0,0,9,1,A01
202100007569,1,7,,0,2,4,2,B01
202100007569,1,34,,0,2,1,2,A01
202100007570,1,7,,0,2,2,2,A01
202100007570,0,32,,0,2,8,3,B01
202100007571,1,37,4.0,0,2,2,2,B01
202100007571,1,7,,0,2,6,1,A01
202100007572,2,7,,0,1,1,1,A01
202100007573,2,7,,0,2,3,1,A01
202100007573,2,14,,0,2,5,23,B01
202100007574,3,7,,0,2,2,23,B01
202100007574,3,43,,0,2,1,1,A01
202100007575,3,7,,0,1,1,15,A01
202100007576,1,10,,0,2,5,1,B01
202100007576,1,33,,0,2,1,18,A01
202100007577,2,7,,0,1,1,1,A01
202100007578,1,37,2.0,0,2,3,7,A01
202100007578,2,7,,0,2,5,16,B01
202100007579,3,33,,0,2,4,2,A01
202100007579,3,2,,0,2,1,2,B01
202100007580,1,7,,0,2,1,2,A01
202100007580,3,7,,0,2,4,2,B01
202100007581,1,7,,0,2,1,2,A01
202100007581,1,7,,0,2,4,2,B01
202100007581,1,7,,0,5,4,2,C01
202100007582,0,30,,0,2,1,1,B01
202100007582,1,7,,0,2,6,1,A01
202100007583,0,7,,0,2,1,1,A01
202100007583,0,7,,0,2,4,1,B01
202100007584,2,7,,12,0,1,1,A01
202100007585,3,7,,0,2,5,14,A01
202100007585,3,1,,0,2,1,1,B01
202100007586,2,7,,0,2,1,2,B01
202100007586,2,7,,0,2,4,23,A01
202100007587,3,50,,0,1,1,1,A01
202100007588,0,32,,0,0,2,15,A01
202100007588,2,7,,0,0,1,1,B01
202100007589,1,7,,0,2,1,16,A01
202100007589,2,50,,0,2,1,1,B01
202100007590,1,30,,0,0,7,1,A01
202100007591,2,7,,0,2,8,15,A01
202100007591,2,33,,0,2,7,17,B01
202100007592,2,2,,0,2,3,1,A01
202100007592,1,7,,0,2,7,19,B01
202100007593,1,2,,0,2,1,1,A01
202100007593,2,7,,0,2,1,15,B01
202100007594,1,7,,0,2,4,15,A01
202100007594,2,7,,0,2,3,0,B01
202100007595,1,7,,0,2,1,2,A01
202100007595,1,7,,0,2,4,2,B01
202100007596,1,7,,0,1,1,16,A01
202100007597,2,2,,1,0,1,14,A01
202100007598,2,7,,0,2,4,1,C01
202100007598,2,7,,0,2,4,1,B01
202100007598,2,7,,0,2,3,1,A01
202100007599,1,7,,0,2,1,13,A01
202100007599,2,7,,0,2,1,1,B01
202100007600,3,7,,0,1,1,1,A01
202100007601,3,50,,0,2,5,9,B01
202100007601,3,10,,0,2,7,26,A01
202100007602,3,3,,1,9,3,16,A01
202100007602,3,50,,0,2,0,0,B01
202100007603,3,7,,0,1,2,1,A01
202100007604,3,30,,0,2,3,0,B01
202100007604,3,7,,0,2,2,9,A01
202100007605,2,7,,0,2,3,5,A01
202100007605,1,7,,0,2,3,1,B01
202100007606,1,7,,1,0,9,1,A01
202100007607,2,7,,0,1,1,0,A01
202100007608,0,30,,0,2,1,2,A01
202100007608,0,7,,0,2,4,15,B01
202100007609,3,7,,0,1,8,1,A01
202100007610,3,7,,0,1,1,1,A01
202100007611,0,38,1.0,0,1,7,16,A01
202100007612,3,10,,0,2,3,15,B01
202100007612,0,10,,0,2,1,0,A01
202100007613,2,7,,8,0,3,1,A01
202100007614,2,7,,1,0,1,13,A01
202100007615,3,7,,0,1,2,15,A01
202100007616,1,7,,0,1,1,21,A01
202100007617,1,7,,0,2,1,1,A01
202100007617,1,7,,0,2,1,1,B01
202100007617,2,7,,0,2,1,1,C01
202100007617,2,7,,0,2,1,1,D01
202100007618,3,7,,0,2,3,1,A01
202100007618,3,1,,0,2,1,1,B01
202100007619,3,7,,1,0,2,14,A01
202100007620,1,7,,0,2,2,26,Z01
202100007620,1,1,,0,2,8,26,A01
202100007621,2,7,,0,1,2,1,A01
202100007622,2,7,,0,2,8,15,A01
202100007622,2,2,,0,2,1,1,B01
202100007623,1,7,,0,1,2,1,A01
202100007624,1,31,,0,2,8,1,B01
202100007624,2,7,,0,2,1,15,Z01
202100007625,1,7,,0,2,1,0,A01
202100007625,2,1,,0,2,1,0,B01
202100007626,2,31,,0,2,1,1,B01
202100007626,1,7,,0,2,5,15,A01
202100007627,2,43,,0,2,1,9,B01
202100007627,2,14,,0,2,6,10,A01
202100007628,1,7,,0,2,3,13,A01
202100007628,2,7,,2,2,6,1,B01
202100007629,1,7,,0,1,2,15,A01
202100007630,2,7,,16,0,4,26,A01
202100007631,1,7,,4,0,3,1,A01
202100007632,3,7,,0,2,1,16,A01
202100007632,3,7,,0,2,2,1,B01
202100007633,1,7,,12,1,2,14,A01
202100007634,2,7,,0,1,3,1,A01
202100007635,3,1,,1,0,1,1,B01
202100007635,3,10,,0,2,8,22,A01
202100007636,1,7,,0,1,2,20,A01
202100007637,0,7,,0,2,3,15,B01
202100007637,0,7,,0,2,2,17,A01
202100007638,3,7,,0,2,3,1,B01
202100007638,3,7,,0,2,8,15,A01
202100007639,3,43,,0,2,2,12,A01
202100007639,3,7,,0,2,6,1,B01
202100007640,2,7,,0,1,1,1,A01
202100007641,1,7,,0,2,6,2,A01
202100007641,1,10,,0,2,2,2,B01
202100007641,1,10,,0,2,2,2,C01
202100007642,3,7,,0,1,2,16,A01
202100007643,3,1,,0,0,1,1,A01
202100007644,3,10,,0,1,1,1,A01
202100007645,1,50,,0,2,1,25,A01
202100007645,3,7,,0,2,2,1,B01
202100007646,1,7,,0,1,5,20,A01
202100007647,2,7,,0,1,5,13,A01
202100007648,1,10,,0,2,5,1,B01
202100007648,1,7,,0,2,3,11,A01
202100007649,2,7,,0,2,7,14,A01
202100007649,2,33,,0,2,3,3,B01
202100007649,2,10,,0,2,8,1,C01
202100007650,3,7,,0,1,2,1,A01
202100007651,1,33,,0,2,1,1,A01
202100007651,1,32,,0,2,4,23,B01
202100007652,2,10,,0,2,3,1,A01
202100007652,2,7,,0,2,4,23,B01
202100007653,2,2,,0,0,0,21,A01
202100007654,2,80,,0,1,0,1,A01
202100007655,2,10,,0,2,3,2,A01
202100007655,2,33,,0,2,4,2,B01
202100007656,1,7,,0,2,1,15,A01
202100007656,1,60,,0,2,8,19,B01
202100007657,2,1,,0,2,7,21,A01
202100007658,1,7,,0,2,6,15,B01
202100007658,1,30,,0,2,2,5,A01
202100007659,3,7,,0,2,3,15,A01
202100007659,3,33,,0,2,0,17,B01
202100007660,1,30,,0,2,1,1,A01
202100007660,2,80,,0,2,1,1,B01
202100007661,2,7,,1,1,2,1,A01
202100007662,3,7,,0,2,8,10,A01
202100007662,3,32,,0,2,1,17,B01
202100007663,3,7,,0,1,2,1,A01
202100007664,2,7,,0,2,3,15,A01
202100007664,2,43,,0,2,2,17,B01
202100007665,1,34,,0,2,1,17,B01
202100007665,2,1,,0,2,1,5,A01
202100007666,2,10,,0,2,1,1,A01
202100007666,2,7,,0,2,4,1,B01
202100007666,2,33,,0,2,4,23,C01
202100007667,1,32,,0,0,8,1,A01
202100007668,1,30,,0,0,8,16,A01
202100007669,1,30,,0,2,2,11,B01
202100007669,2,7,,0,2,2,11,A01
202100007670,1,7,,0,2,0,0,B01
202100007670,1,50,,0,2,7,0,A01
202100007671,0,33,,0,2,2,3,B01
202100007671,0,7,,0,2,3,15,A01
202100007672,2,7,,0,1,1,15,A01
202100007673,1,33,,0,1,2,19,A01
202100007674,1,7,,0,2,4,2,B01
202100007674,1,7,,0,2,1,1,A01
202100007675,3,14,,0,1,0,15,A01
202100007676,-1,7,,0,1,3,23,A01
202100007677,0,7,,0,1,1,1,A01
202100007677,0,7,,1,0,4,1,B01
202100007678,0,7,,0,2,2,15,A01
202100007678,1,1,,0,2,7,1,B01
202100007679,2,7,,0,2,1,2,B01
202100007679,2,7,,0,2,4,2,A01
202100007680,1,7,,0,2,8,1,B01
202100007680,2,7,,0,2,1,1,A01
202100007681,1,7,,0,1,2,21,A01
202100007682,1,7,,0,2,2,16,B01
202100007682,1,2,,0,2,3,18,A01
202100007683,1,7,,6,0,1,1,A01
202100007684,2,32,,0,1,7,21,A01
202100007685,2,33,,0,2,3,21,A01
202100007685,2,7,,0,2,5,1,B01
202100007686,2,7,,0,1,3,15,A01
202100007687,1,7,,0,2,8,20,A01
202100007687,1,32,,0,2,1,1,B01
202100007688,1,10,,0,2,3,24,A01
202100007688,1,1,,1,0,1,1,B01
202100007689,2,43,,14,0,1,1,A01
202100007690,2,30,,0,0,7,26,A01
202100007691,1,7,,0,1,1,1,A01
202100007692,1,10,,0,2,8,13,A01
202100007692,1,33,,0,2,7,11,B01
202100007693,1,7,,0,2,4,23,B01
202100007693,1,10,,0,2,1,1,A01
202100007693,1,7,,0,2,4,23,C01
202100007693,1,7,,0,2,4,23,D01
202100007694,1,7,,0,1,1,1,A01
202100007695,1,10,,0,0,9,14,A01
202100007696,2,7,,0,2,2,1,B01
202100007696,2,30,,3,2,3,19,A01
202100007697,2,15,,0,0,6,24,B01
202100007697,2,7,,1,0,2,1,A01
202100007698,2,7,,10,0,3,1,A01
202100007699,2,10,,0,2,2,19,A01
202100007699,2,7,,9,2,2,1,B01
202100007700,3,7,,0,2,0,9,B01
202100007700,3,2,,0,2,0,1,A01
202100007701,1,2,,0,0,8,1,A01
202100007701,1,10,,0,0,0,15,B01
202100007702,2,2,,0,2,1,1,B01
202100007702,1,7,,0,2,2,15,A01
202100007703,2,7,,0,0,3,1,B01
202100007703,1,13,,0,0,1,15,A01
202100007704,3,7,,0,1,1,1,A01
202100007705,2,7,,0,2,3,1,B01
202100007705,1,7,,0,2,3,13,A01
202100007706,2,2,,14,0,0,1,A01
202100007707,1,7,,8,6,1,21,A01
202100007708,2,7,,2,0,1,14,A01
202100007709,1,2,,0,0,0,1,A01
202100007710,1,7,,0,2,3,1,B01
202100007710,2,7,,0,2,3,1,A01
202100007711,2,7,,6,1,3,4,A01
202100007712,1,10,,0,2,3,2,B01
202100007712,1,10,,0,0,6,15,A01
202100007713,1,7,,13,0,9,1,A01
202100007714,2,1,,0,0,0,1,A01
202100007715,2,7,,0,2,2,17,A01
202100007715,2,7,,3,2,3,1,B01
202100007716,1,7,,7,0,3,6,A01
202100007717,1,32,,0,2,1,17,A01
202100007717,1,7,,0,2,6,15,B01
202100007718,1,32,,0,2,2,1,B01
202100007718,1,10,,0,2,3,15,A01
202100007719,2,30,,0,2,1,1,B01
202100007719,2,7,,0,0,2,15,A01
202100007720,3,13,,0,2,3,1,B01
202100007720,3,7,,0,2,1,13,A01
202100007721,1,7,,0,1,3,9,A01
202100007722,3,7,,6,0,3,1,A01
202100007723,2,14,,0,2,3,0,B01
202100007723,1,10,,3,2,3,13,A01
202100007724,2,14,,0,0,8,16,A01
202100007725,2,7,,0,2,3,15,A01
202100007725,2,7,,0,2,1,1,D01
202100007725,2,7,,0,2,1,1,C01
202100007725,1,7,,0,2,8,1,B01
202100007726,1,7,,0,1,1,1,A01
202100007727,2,7,,0,0,1,17,A01
202100007727,1,7,,0,0,1,1,B01
202100007727,2,17,,0,2,6,1,C01
202100007728,1,13,,0,-1,5,17,A01
202100007728,1,1,,0,2,1,11,B01
202100007729,2,7,,0,2,6,15,A01
202100007729,2,33,,0,2,1,17,B01
202100007730,1,7,,0,2,3,15,B01
202100007730,1,2,,0,2,5,17,A01
202100007731,2,7,,3,0,4,1,B01
202100007731,2,7,,0,2,2,18,A01
202100007732,2,7,,0,2,3,13,A01
202100007732,1,7,,0,2,3,1,B01
202100007733,0,33,,0,6,2,0,A01
202100007734,1,7,,15,0,5,2,A01
202100007735,0,37,2.0,0,2,3,0,B01
202100007735,2,7,,0,2,4,0,A01
202100007736,1,17,,0,2,2,12,A01
202100007736,1,7,,4,2,6,1,B01
202100007737,1,7,,0,2,1,2,A01
202100007737,1,7,,0,2,4,2,B01
202100007738,1,7,,0,2,6,11,A01
202100007738,2,33,,0,2,2,3,B01
202100007739,1,10,,4,2,1,1,A01
202100007740,2,7,,0,2,1,1,C01
202100007740,2,13,,0,2,2,2,A01
202100007740,2,7,,0,2,6,2,B01
202100007741,1,7,,0,2,8,1,B01
202100007741,1,13,,0,2,2,14,A01
202100007742,3,7,,14,1,2,15,A01
202100007743,1,7,,0,2,1,7,A01
202100007743,2,50,,0,2,4,1,B01
202100007744,1,2,,0,1,2,1,A01
202100007745,2,7,,9,1,1,14,A01
202100007746,3,31,,0,1,1,15,A01
202100007747,1,30,,0,2,1,2,B01
202100007747,1,7,,0,2,4,21,A01
202100007748,2,1,,0,2,6,1,B01
202100007748,1,7,,0,2,1,15,A01
202100007749,3,7,,0,2,2,26,A01
202100007749,3,7,,0,2,6,26,B01
202100007750,2,2,,0,2,1,1,B01
202100007750,1,7,,0,2,8,15,A01
202100007751,1,7,,0,1,0,0,A01
202100007752,1,99,,0,2,7,26,B01
202100007752,2,7,,0,2,7,16,A01
202100007753,3,7,,0,1,0,1,A01
202100007754,2,7,,0,1,1,15,A01
202100007755,1,30,,0,2,0,21,A01
202100007756,1,7,,0,9,1,16,A01
202100007757,2,7,,1,2,3,26,A01
202100007758,2,30,,1,0,1,25,A01
202100007758,2,7,,0,2,3,22,B01
202100007759,2,30,,0,0,0,0,A01
202100007760,1,7,,2,0,1,2,A01
202100007761,1,7,,0,2,2,9,A01
202100007761,2,2,,0,2,7,17,B01
202100007762,1,7,,0,1,1,1,A01
202100007763,3,50,,0,2,0,19,B01
202100007763,3,7,,0,2,0,1,A01
202100007764,1,10,,0,2,1,2,A01
202100007764,1,7,,0,2,4,2,B01
202100007765,2,7,,0,2,2,15,A01
202100007765,1,2,,0,2,1,1,B01
202100007766,1,7,,0,2,1,2,A01
202100007766,1,7,,0,2,4,2,B01
202100007766,1,7,,0,2,4,0,C01
202100007767,1,10,,0,1,1,1,A01
202100007768,1,7,,0,2,3,15,A01
202100007768,2,31,,0,2,1,1,B01
202100007769,2,1,,0,2,2,15,A01
202100007769,2,7,,0,2,3,9,B01
202100007770,1,33,,0,2,2,2,B01
202100007770,1,7,,0,2,1,9,A01
202100007771,2,50,,0,0,5,19,B01
202100007771,2,33,,0,9,1,1,A01
202100007772,0,7,,0,2,4,1,B01
202100007772,0,7,,0,2,1,0,A01
202100007772,0,7,,0,2,4,1,C01
202100007773,0,7,,0,2,3,9,A01
202100007773,0,33,,0,2,7,9,B01
202100007774,2,7,,0,2,3,13,A01
202100007774,1,7,,0,2,3,1,B01
202100007775,1,7,,0,1,3,15,A01
202100007776,1,1,,0,2,0,5,B01
202100007776,3,7,,0,2,1,9,A01
202100007777,3,7,,0,1,3,0,A01
202100007778,1,7,,0,2,3,0,B01
202100007778,2,2,,0,2,6,15,A01