Num_Acc,senc,catv,occutc,obs,obsm,choc,manv,num_veh
202100007779,2,1,,0,2,5,15,A01
202100007779,2,7,,0,2,2,1,B01
202100007780,0,7,,0,2,1,1,A01
202100007780,0,7,,0,2,1,1,B01
202100007781,2,7,,0,1,1,15,A01
202100007782,3,7,,0,2,1,1,B01
202100007782,3,7,,0,2,1,2,A01
202100007783,1,7,,0,0,0,0,B01
202100007783,1,33,,0,0,0,12,A01
202100007784,2,7,,0,9,1,26,A01
202100007784,1,50,,0,2,7,26,B01
202100007785,1,7,,0,2,4,2,B01
202100007785,1,7,,0,2,1,2,A01
202100007785,1,7,,0,2,4,2,C01
202100007786,2,7,,0,2,0,0,B01
202100007786,1,30,,0,2,1,1,A01
202100007787,1,7,,1,0,1,14,A01
202100007788,1,2,,0,1,1,25,A01
202100007789,2,7,,0,2,1,1,B01
202100007789,1,50,,0,2,2,19,A01
202100007790,1,7,,2,0,3,1,A01
202100007791,0,7,,0,2,8,0,B01
202100007791,0,30,,0,2,1,17,A01
202100007792,2,7,,0,2,4,1,B01
202100007792,2,30,,0,2,1,1,A01
202100007793,1,80,,0,2,8,6,B01
202100007793,1,7,,0,9,8,12,A01
202100007794,2,50,,0,1,1,1,A01
202100007795,2,7,,0,1,3,1,A01
202100007796,1,7,,0,1,1,15,A01
202100007797,1,7,,0,1,6,1,B01
202100007797,1,7,,0,2,6,2,A01
202100007798,2,7,,0,2,4,1,B01
202100007798,2,7,,0,2,1,2,A01
202100007799,1,7,,0,2,1,9,A01
202100007799,1,1,,0,2,7,1,B01
202100007800,1,7,,0,2,2,1,A01
202100007800,2,50,,0,2,1,5,B01
202100007801,3,1,,0,0,0,0,A01
202100007802,1,7,,0,2,8,1,B01
202100007802,1,7,,0,2,3,1,A01
202100007803,1,7,,0,9,1,1,A01
202100007803,1,50,,0,2,8,1,B01
202100007804,1,7,,0,2,8,1,A01
202100007804,1,7,,0,2,2,1,B01
202100007805,1,10,,0,2,3,15,A01
202100007805,1,7,,0,2,2,1,B01
202100007806,2,7,,0,2,3,1,B01
202100007806,1,7,,0,2,1,1,A01
202100007807,1,7,,0,1,2,1,A01
202100007808,2,7,,0,2,7,14,A01
202100007808,2,33,,0,2,8,1,B01
202100007809,1,2,,0,2,1,1,B01
202100007809,1,7,,0,2,2,10,A01
202100007810,1,7,,0,2,1,1,A01
202100007810,2,7,,0,2,1,1,B01
202100007811,1,7,,0,1,0,26,A01
202100007812,1,7,,0,2,1,1,C01
202100007812,1,7,,0,2,1,11,B01
202100007812,1,7,,0,2,4,13,A01
202100007813,1,7,,0,1,2,1,A01
202100007814,0,7,,0,9,2,22,A01
202100007814,0,1,,0,9,1,0,B01
202100007815,0,7,,0,2,3,15,A01
202100007815,2,1,,0,2,8,1,B01
202100007816,2,7,,0,2,4,1,B01
202100007816,2,7,,0,2,4,1,C01
202100007816,2,7,,0,2,1,1,A01
202100007817,2,7,,0,1,2,19,A01
202100007818,3,7,,0,2,2,16,B01
202100007818,1,1,,0,2,4,1,A01
202100007819,3,7,,0,2,3,20,A01
202100007819,1,7,,0,2,2,1,B01
202100007820,3,7,,0,2,6,9,B01
202100007820,1,7,,0,2,1,1,A01
202100007821,3,7,,6,0,1,16,A01
202100007822,1,10,,0,2,1,1,A01
202100007822,1,7,,0,2,4,1,B01
202100007823,0,7,,0,0,0,0,A01
202100007823,0,2,,0,0,0,0,B01
202100007824,0,7,,0,2,8,1,B01
202100007824,0,7,,0,2,1,9,A01
202100007825,0,7,,0,2,4,1,B01
202100007825,0,7,,0,2,1,1,A01
202100007826,0,7,,0,2,4,1,D01
202100007826,0,7,,0,2,1,1,C01
202100007826,0,10,,0,2,1,1,B01
202100007826,0,7,,0,2,1,1,A01
202100007827,1,7,,0,2,1,2,A01
202100007827,1,7,,0,2,4,2,B01
202100007828,2,7,,1,2,3,1,B01
202100007828,1,7,,0,2,3,13,A01
202100007829,1,7,,0,2,2,1,A01
202100007829,2,7,,0,2,0,15,Z01
202100007830,2,7,,0,2,8,24,B01
202100007830,2,7,,1,0,7,14,A01
202100007831,1,7,,0,2,3,15,A01
202100007831,2,33,,0,2,1,1,B01
202100007832,3,7,,12,2,2,1,B01
202100007832,3,7,,0,2,3,19,A01
202100007833,2,7,,0,2,7,15,A01
202100007833,1,33,,0,2,1,14,B01
202100007834,1,7,,0,1,1,1,A01
202100007835,1,7,,6,2,3,13,A01
202100007835,2,7,,0,2,8,1,B01
202100007836,1,7,,6,2,2,17,A01
202100007836,1,7,,0,2,6,17,B01
202100007837,2,7,,0,2,1,2,B01
202100007837,2,7,,0,1,4,2,A01
202100007838,1,7,,0,2,4,23,B01
202100007838,1,7,,0,2,1,1,A01
202100007839,1,1,,0,2,0,0,B01
202100007839,1,7,,0,9,0,0,A01
202100007840,1,7,,0,2,3,15,A01
202100007840,1,1,,0,2,1,1,B01
202100007841,2,30,,0,2,2,16,A01
202100007841,2,7,,0,2,8,1,B01
202100007842,3,7,,2,0,1,0,A01
202100007843,2,7,,0,2,8,11,A01
202100007843,2,14,,0,2,2,1,B01
202100007844,1,7,,0,2,4,2,B01
202100007844,1,10,,0,2,1,2,A01
202100007845,2,32,,0,2,2,3,A01
202100007845,2,7,,0,2,8,11,B01
202100007846,1,7,,0,2,0,2,C01
202100007846,1,10,,0,2,0,2,B01
202100007846,1,33,,0,2,8,3,A01
202100007847,3,10,,0,1,1,16,Z01
202100007848,1,7,,0,2,3,15,B01
202100007848,1,50,,0,2,3,1,A01
202100007849,2,43,,0,2,2,17,A01
202100007849,2,7,,0,2,3,15,B01
202100007850,1,30,,0,2,8,1,B01
202100007850,1,50,,0,2,7,12,A01
202100007851,1,7,,0,2,2,16,A01
202100007851,1,60,,0,2,1,19,B01
202100007852,1,7,,0,2,8,1,A01
202100007852,1,7,,0,2,7,12,Z01
202100007853,2,31,,0,1,1,1,A01
202100007854,1,31,,0,2,2,2,A01
202100007854,1,7,,0,2,4,23,Z01
202100007855,1,30,,0,1,2,1,A01
202100007856,2,32,,0,2,1,2,A01
202100007856,2,32,,0,2,4,2,B01
202100007857,1,7,,0,2,2,15,A01
202100007857,2,33,,0,2,1,1,B01
202100007858,1,7,,11,0,3,13,A01
202100007859,2,7,,0,1,3,1,A01
202100007860,1,30,,0,2,1,2,A01
202100007860,1,7,,0,2,5,2,B01
202100007861,3,7,,8,2,3,1,A01
202100007861,3,7,,0,2,8,24,B01
202100007862,1,10,,0,1,4,20,A01
202100007863,1,7,,0,2,1,2,B01
202100007863,1,7,,0,2,4,1,A01
202100007864,1,7,,0,1,1,15,A01
202100007865,1,7,,0,2,5,0,B01
202100007865,2,31,,0,2,1,18,A01
202100007866,2,2,,0,1,1,26,A01
202100007867,-1,7,,9,0,1,26,A01
202100007868,2,32,,0,2,1,2,A01
202100007868,2,33,,0,0,4,26,B01
202100007869,2,7,,0,2,0,0,A01
202100007869,1,2,,0,2,0,0,B01
202100007870,0,30,,0,1,0,1,A01
202100007871,1,7,,0,2,3,9,A01
202100007871,2,15,,0,2,2,2,B01
202100007872,1,32,,0,2,1,1,A01
202100007872,2,7,,0,2,1,15,B01
202100007873,1,10,,0,2,3,1,A01
202100007873,0,7,,0,2,1,9,B01
202100007874,3,7,,0,1,3,26,A01
202100007875,1,34,,2,0,0,0,A01
202100007876,2,7,,0,2,2,15,A01
202100007876,1,43,,0,2,1,1,B01
202100007877,1,7,,0,2,4,1,A01
202100007877,1,37,1.0,0,2,4,2,B01
202100007878,2,33,,12,0,1,0,A01
202100007879,2,7,,0,2,8,1,B01
202100007879,1,7,,0,2,1,15,A01
202100007880,2,7,,0,0,8,1,C01
202100007880,2,7,,0,0,1,1,B01
202100007880,1,7,,0,0,1,13,A01
202100007881,2,43,,8,0,1,14,A01
202100007882,2,7,,0,2,5,2,B01
202100007882,2,7,,0,2,6,1,A01
202100007883,2,10,,0,2,1,1,C01
202100007883,1,7,,8,2,2,19,A01
202100007883,2,7,,0,2,3,23,B01
202100007884,2,7,,0,2,1,0,B01
202100007884,1,7,,0,2,2,13,A01
202100007885,2,1,,0,2,7,0,B01
202100007885,1,7,,0,0,2,19,A01
202100007886,3,7,,0,2,1,26,B01
202100007886,3,2,,0,2,3,1,A01
202100007887,1,33,,0,2,0,1,B01
202100007887,0,7,,0,2,6,10,A01
202100007888,1,16,,13,0,1,14,A01
202100007889,1,7,,0,2,1,1,A01
202100007889,2,3,,0,2,1,1,B01
202100007890,2,13,,0,2,2,9,A01
202100007890,2,7,,0,2,5,15,B01
202100007891,1,7,,2,6,9,1,A01
202100007892,1,3,,2,0,1,0,A01
202100007893,1,7,,0,2,0,2,B01
202100007893,1,7,,2,0,3,17,A01
202100007894,1,33,,0,2,1,1,B01
202100007894,2,7,,0,2,2,15,A01
202100007895,1,13,,0,2,6,1,C01
202100007895,2,13,,0,2,1,1,B01
202100007895,1,7,,0,2,1,17,A01
202100007896,2,7,,0,2,1,1,A01
202100007896,3,7,,13,0,8,19,B01
202100007897,1,31,,1,0,1,0,A01
202100007898,2,7,,13,0,1,14,A01
202100007899,1,7,,0,1,2,15,A01
202100007900,3,7,,8,0,8,1,A01
202100007901,1,7,,0,0,3,0,A01
202100007901,2,7,,0,2,3,0,B01
202100007902,3,7,,0,1,2,1,A01
202100007903,2,7,,0,2,1,0,B01
202100007903,1,7,,0,2,1,5,A01
202100007904,2,7,,0,2,5,15,A01
202100007904,1,33,,0,2,1,1,B01
202100007905,1,10,,0,2,3,2,A01
202100007905,1,7,,0,2,4,23,B01
202100007905,2,7,,0,2,8,1,C01
202100007906,1,14,,0,0,4,9,B01
202100007906,1,7,,0,2,1,13,A01
202100007907,1,10,,8,0,1,1,A01
202100007908,3,34,,0,0,1,1,B01
202100007908,3,7,,0,0,3,15,A01
202100007909,2,36,,15,0,3,1,A01
202100007910,1,15,,0,2,1,2,B01
202100007910,1,7,,0,2,4,0,A01
202100007911,2,10,,0,1,8,1,A01
202100007912,1,7,,0,2,3,17,A01
202100007912,2,33,,0,2,1,1,B01
202100007913,1,7,,0,1,2,17,A01
202100007914,2,7,,0,2,3,9,B01
202100007914,1,33,,0,2,1,1,A01
202100007915,1,7,,0,2,1,15,A01
202100007915,2,32,,0,2,8,1,B01
202100007916,2,7,,2,0,2,1,A01
202100007917,3,33,,9,0,0,17,A01
202100007918,2,7,,16,0,0,1,A01
202100007919,1,7,,0,2,6,16,A01
202100007919,1,7,,0,2,2,1,B01
202100007920,2,7,,0,2,8,15,A01
202100007920,2,33,,0,2,1,17,B01
202100007921,1,7,,0,1,1,1,A01
202100007922,2,10,,0,2,2,15,A01
202100007922,1,33,,0,2,7,1,B01
202100007923,0,7,,0,1,2,1,A01
202100007924,2,7,,0,2,1,1,B01
202100007924,1,7,,0,2,1,13,A01
202100007925,2,1,,0,2,1,1,B01
202100007925,2,1,,0,2,1,1,E01
202100007925,2,1,,0,2,1,1,D01
202100007925,2,1,,0,2,1,1,C01
202100007925,1,7,,0,2,2,15,A01
202100007926,3,7,,0,0,2,17,A01
202100007926,3,30,,0,0,8,13,B01
202100007927,3,7,,0,2,6,15,B01
202100007927,3,7,,0,2,3,1,A01
202100007928,3,7,,0,0,1,1,A01
202100007929,1,7,,0,0,0,26,A01
202100007929,2,31,,0,2,1,26,B01
202100007930,2,7,,0,2,1,1,B01
202100007930,2,7,,6,2,4,1,A01
202100007931,1,7,,0,2,1,2,B01
202100007931,1,10,,0,2,4,2,A01
202100007932,1,7,,4,0,1,16,A01
202100007933,1,7,,4,0,9,13,A01
202100007934,1,7,,0,2,4,1,B01
202100007934,1,7,,0,2,1,2,A01
202100007935,1,7,,0,2,4,1,B01
202100007935,1,7,,0,2,1,2,Z01
202100007936,2,10,,0,2,5,2,B01
202100007936,2,7,,0,2,5,2,A01
202100007937,2,33,,0,2,1,2,B01
202100007937,2,10,,0,2,3,2,A01
202100007938,1,7,,0,2,6,1,B01
202100007938,1,14,,0,2,2,12,A01
202100007939,2,10,,3,0,1,2,A01
202100007940,1,7,,0,2,8,1,B01
202100007940,1,15,,0,2,2,12,A01
202100007941,2,7,,0,2,3,2,A01
202100007941,2,31,,0,2,5,9,B01
202100007942,2,17,,0,2,3,13,A01
202100007942,2,33,,0,2,7,0,B01
202100007942,2,33,,0,2,7,0,C01
202100007943,2,33,,0,2,8,11,B01
202100007943,2,7,,0,2,5,1,A01
202100007944,2,10,,0,2,5,23,B01
202100007944,2,7,,0,2,1,9,A01
202100007945,2,33,,0,0,8,15,A01
202100007946,1,7,,0,2,1,1,G01
202100007946,1,7,,0,2,4,1,F01
202100007946,1,7,,0,2,0,0,E01
202100007946,1,7,,0,2,4,1,D01
202100007946,1,7,,0,2,1,2,C01
202100007946,1,7,,0,2,4,23,B01
202100007946,1,10,,0,2,1,9,A01
202100007947,1,33,,0,2,3,3,A01
202100007947,1,7,,0,2,2,12,B01
202100007947,1,7,,0,2,8,1,C01
202100007948,1,7,,0,2,4,2,C01
202100007948,1,10,,0,2,4,2,B01
202100007948,1,14,,0,2,1,2,A01
202100007949,1,34,,0,2,4,2,A01
202100007949,1,34,,0,0,1,2,B01
202100007950,1,33,,0,2,1,3,B01
202100007950,1,7,,0,2,8,13,A01
202100007951,2,7,,0,2,4,23,A01
202100007951,2,7,,0,2,1,2,C01
202100007951,2,7,,0,2,4,23,B01
202100007952,2,7,,0,2,6,11,A01
202100007952,2,15,,0,2,2,1,B01
202100007953,1,7,,0,2,4,1,A01
202100007953,1,7,,0,2,2,14,B01
202100007954,2,33,,0,2,7,3,B01
202100007954,2,7,,0,2,8,11,A01
202100007955,1,31,,0,2,1,3,B01
202100007955,1,7,,0,2,6,11,A01
202100007956,2,7,,0,0,0,21,A01
202100007957,3,7,,0,1,8,1,A01
202100007958,3,13,,0,2,2,1,A01
202100007958,3,7,,0,2,4,1,B01
202100007959,3,7,,0,2,1,26,A01
202100007959,3,7,,0,2,4,0,B01
202100007959,3,7,,0,2,4,0,C01
202100007960,1,7,,0,1,1,1,A01
202100007961,2,7,,0,2,2,15,A01
202100007961,1,1,,0,2,1,1,B01
202100007962,1,2,,0,2,8,15,B01
202100007962,1,7,,0,2,1,17,A01
202100007963,3,1,,0,2,1,1,A01
202100007963,3,7,,0,2,0,1,B01
202100007964,2,33,,0,4,1,1,B01
202100007965,1,7,,0,9,5,14,A01
202100007965,1,1,,0,2,8,1,B01
202100007966,2,2,,0,2,1,1,B01
202100007966,1,7,,0,2,3,9,A01
202100007967,2,50,,0,1,1,1,A01
202100007968,0,1,,0,9,1,0,A01
202100007969,2,33,,5,0,0,0,A01
202100007970,2,7,,8,0,1,21,A01
202100007971,2,30,,0,2,1,0,A01
202100007971,3,7,,0,2,1,15,B01
202100007972,3,7,,9,1,2,15,A01
202100007973,2,7,,0,2,3,1,A01
202100007973,1,37,3.0,0,2,2,1,B01
202100007974,1,33,,0,2,1,17,B01
202100007974,2,7,,0,2,8,15,A01
202100007975,2,7,,0,2,3,1,B01
202100007975,1,33,,0,2,1,19,A01
202100007976,1,7,,0,2,1,1,B01
202100007976,1,7,,0,2,1,15,A01
202100007977,3,7,,14,1,1,1,A01
202100007978,3,7,,11,0,9,21,A01
202100007979,3,7,,0,2,2,15,A01
202100007979,3,34,,0,2,2,1,B01
202100007980,2,7,,0,1,8,26,A01
202100007981,2,7,,0,2,1,2,A01
202100007981,2,7,,0,2,4,1,B01
202100007982,2,7,,0,2,1,26,A01
202100007982,2,7,,0,2,9,26,B01
202100007982,1,7,,0,2,4,0,C01
202100007983,1,7,,0,1,1,1,A01
202100007984,3,10,,12,0,1,26,A01
202100007985,2,7,,0,1,3,1,A01
202100007986,1,10,,0,2,1,9,B01
202100007986,2,7,,0,2,3,9,A01
202100007987,1,1,,0,0,8,1,A01
202100007988,3,50,,0,2,8,9,B01
202100007988,2,7,,0,9,2,1,A01
202100007989,3,2,,0,2,1,1,B01
202100007989,3,7,,0,2,1,15,A01
202100007990,1,7,,0,2,2,1,B01
202100007990,2,2,,0,2,1,13,A01
202100007991,0,10,,0,2,2,15,B01
202100007991,3,2,,0,2,1,1,A01
202100007992,0,7,,0,1,1,1,A01
202100007993,0,30,,0,2,1,2,A01
202100007993,3,7,,0,2,4,23,B01
202100007994,2,7,,0,2,2,1,A01
202100007994,1,50,,0,2,0,19,B01
202100007995,1,7,,1,0,5,1,A01
202100007996,1,7,,0,2,5,15,A01
202100007996,2,31,,0,2,1,1,B01
202100007997,2,10,,0,2,7,15,A01
202100007997,1,7,,0,2,2,1,B01
202100007998,0,7,,0,2,1,2,A01
202100007998,0,7,,0,2,4,2,B01
202100007999,1,7,,15,0,1,14,A01
202100008000,1,10,,0,1,4,4,A01
202100008001,0,7,,0,2,1,9,A01
202100008001,0,2,,0,2,7,1,B01
202100008002,2,30,,0,2,1,1,A01
202100008002,2,7,,0,2,4,1,B01
202100008003,1,2,,0,0,7,15,A01
202100008004,2,7,,8,0,2,14,A01
202100008005,3,7,,0,2,2,15,A01
202100008005,3,50,,0,2,1,1,B01
202100008006,1,1,,0,2,1,26,A01
202100008006,1,7,,0,2,4,1,B01
202100008007,3,7,,0,1,1,1,A01
202100008008,1,7,,0,9,2,1,B01
202100008008,1,1,,0,2,8,13,A01
202100008009,1,2,,0,2,1,1,B01
202100008009,1,7,,0,9,7,15,A01
202100008010,1,7,,0,2,1,2,A01
202100008010,1,7,,0,2,4,2,B01
202100008011,3,7,,0,2,3,0,B01
202100008011,3,7,,0,2,1,19,A01
202100008012,2,7,,0,2,6,10,B01
202100008012,1,33,,0,2,0,1,A01
202100008013,1,2,,0,2,1,7,A01
202100008013,1,7,,0,2,2,16,B01
202100008014,1,7,,0,0,1,26,A01
202100008015,1,7,,0,2,3,1,A01
202100008015,1,60,,0,2,2,26,B01
202100008016,3,1,,0,1,3,1,A01
202100008017,1,7,,0,2,1,19,A01
202100008017,1,1,,0,2,6,1,B01
202100008018,0,33,,0,0,0,26,A01
202100008019,1,7,,12,0,3,9,B01
202100008020,1,7,,0,2,4,1,C01
202100008020,1,7,,0,2,4,1,B01
202100008020,1,7,,0,2,1,1,A01
202100008021,1,7,,0,9,2,1,B01
202100008021,1,50,,0,2,3,19,A01
202100008022,2,7,,0,1,2,1,A01
202100008023,3,7,,0,2,1,2,A01
202100008023,3,7,,0,2,4,2,B01
202100008023,3,7,,0,2,4,2,C01
202100008024,2,7,,0,2,4,2,D01
202100008024,2,7,,0,2,4,2,C01
202100008024,2,7,,0,2,4,2,B01
202100008024,2,7,,0,2,1,2,A01
202100008025,2,7,,0,2,1,2,A01
202100008025,2,7,,0,2,4,1,B01
202100008026,3,7,,7,0,1,1,A01
202100008027,1,32,,1,0,1,1,A01
202100008028,1,32,,0,2,1,18,A01
202100008028,1,60,,0,2,0,1,B01
202100008029,2,99,,0,2,1,2,A01
202100008029,1,7,,0,0,4,2,C01
202100008029,2,7,,0,2,4,23,B01
202100008030,2,7,,0,2,3,16,A01
202100008030,2,31,,1,2,1,1,B01
202100008031,1,7,,0,2,2,19,A01
202100008031,1,33,,0,2,1,1,B01
202100008032,1,7,,0,1,2,1,A01
202100008033,1,2,,0,2,1,1,A01
202100008033,1,7,,0,2,1,1,B01
202100008034,3,1,,0,2,3,1,B01
202100008034,3,7,,0,2,3,15,A01
202100008035,1,1,,0,2,4,1,B01
202100008035,1,7,,0,2,2,2,A01
202100008036,1,7,,0,2,4,23,B01
202100008036,1,30,,0,2,1,1,A01
202100008037,3,32,,0,1,1,1,A01
202100008038,1,7,,0,1,0,1,A01
202100008039,1,7,,0,2,2,1,A01
202100008039,1,1,,0,2,4,0,B01
202100008040,1,7,,1,2,3,19,B01
202100008040,3,7,,0,2,1,19,A01
202100008041,1,32,,0,2,1,1,B01
202100008041,1,7,,0,2,2,19,A01
202100008042,1,33,,0,2,8,3,A01
202100008042,1,7,,0,2,5,12,Z01
202100008043,2,7,,4,0,1,11,A01
202100008044,2,34,,0,2,2,3,A01
202100008044,2,7,,0,2,6,1,B01
202100008045,1,10,,0,2,8,10,A01
202100008045,1,34,,0,2,1,1,B01
202100008046,2,7,,0,2,8,22,A01
202100008046,2,1,,0,2,1,1,B01
202100008047,1,50,,0,0,1,1,A01
202100008048,2,7,,0,1,6,4,A01
202100008049,2,7,,0,2,6,1,B01
202100008049,2,32,,0,2,1,14,A01
202100008050,2,7,,0,2,8,22,A01
202100008050,2,1,,0,2,1,1,B01
202100008051,1,7,,7,0,1,12,A01
202100008052,1,1,,0,1,1,5,Z01
202100008053,2,32,,0,2,8,1,A01
202100008053,1,7,,0,2,2,15,B01
202100008054,2,7,,0,2,2,16,A01
202100008054,2,1,,0,2,1,1,B01
202100008055,1,1,,0,2,8,13,B01
202100008055,1,37,1.0,0,2,2,7,A01
202100008056,2,10,,0,1,2,16,Z01
202100008057,2,7,,0,2,8,15,B01
202100008057,1,2,,0,2,1,1,A01
202100008058,2,33,,0,2,1,1,B01
202100008058,1,7,,0,2,8,1,A01
202100008059,1,10,,0,1,1,1,A01
202100008060,2,7,,0,2,3,15,B01
202100008060,1,33,,0,2,2,5,A01
202100008061,2,7,,0,1,3,1,A01
202100008062,1,7,,0,2,2,16,B01
202100008062,1,32,,0,2,2,16,A01
202100008063,2,99,,0,2,1,2,C01
202100008063,2,99,,0,2,4,2,B01
202100008063,2,99,,0,2,4,2,A01
202100008064,1,2,,0,1,1,1,Z01
202100008065,1,10,,0,1,1,1,A01
202100008066,1,7,,0,1,1,1,A01
202100008067,2,37,1.0,0,2,8,1,B01
202100008067,2,7,,0,2,3,16,A01
202100008068,1,7,,0,1,1,16,A01
202100008069,2,7,,0,2,4,20,A01
202100008069,2,1,,0,2,1,0,B01
202100008070,2,7,,0,2,6,15,B01
202100008070,2,34,,0,2,1,13,A01
202100008071,1,30,,0,0,1,15,A01
202100008072,1,32,,0,2,1,1,B01
202100008072,1,7,,0,2,8,19,A01
202100008073,1,31,,0,0,0,13,A01
202100008074,2,10,,0,2,3,17,A01
202100008074,1,1,,0,2,3,1,B01
202100008075,1,3,,0,2,1,1,B01
202100008075,1,7,,0,2,4,23,A01
202100008076,1,7,,0,9,1,0,B01
202100008076,1,33,,0,2,1,17,A01
202100008077,1,3,,0,1,1,16,A01
202100008078,2,7,,0,2,2,5,B01
202100008078,1,14,,0,2,2,1,A01
202100008079,1,7,,0,0,7,1,A01
202100008080,0,33,,0,2,1,1,B01
202100008080,0,7,,0,2,6,9,A01
202100008081,2,7,,0,2,1,13,A01
202100008081,1,7,,0,2,1,1,B01
202100008082,3,10,,10,0,2,0,A01
202100008083,1,7,,0,2,2,1,B01
202100008083,1,7,,8,2,3,1,A01
202100008084,2,7,,0,2,3,13,A01
202100008084,1,7,,0,2,1,1,B01
202100008085,0,10,,0,2,2,15,A01
202100008085,0,2,,0,2,1,1,B01
202100008086,2,10,,0,2,1,1,B01
202100008086,0,7,,0,2,7,1,A01
202100008087,3,10,,13,2,7,19,A01
202100008087,2,17,,0,2,3,1,B01
202100008088,2,10,,0,2,1,2,B01
202100008088,1,7,,0,2,3,13,A01
202100008089,1,7,,4,0,4,2,B01
202100008089,1,7,,0,2,3,2,A01
202100008090,3,7,,0,2,1,13,A01
202100008090,3,7,,0,2,1,1,B01
202100008091,0,7,,2,0,1,15,A01
202100008092,1,2,,0,0,0,1,A01
202100008093,2,7,,2,0,3,1,A01
202100008094,1,7,,6,0,1,1,A01
202100008095,1,7,,0,0,7,15,A01
202100008095,2,33,,0,2,1,1,B01
202100008096,1,7,,16,0,9,1,A01
202100008097,2,14,,0,0,6,1,B01
202100008097,2,10,,3,2,2,2,A01
202100008098,3,7,,0,2,2,1,A01
202100008098,3,7,,0,2,3,9,B01
202100008099,1,7,,0,2,1,15,A01
202100008099,2,7,,15,2,8,1,B01
202100008100,1,7,,0,6,3,1,A01
202100008101,2,17,,0,2,2,2,A01
202100008101,2,17,,0,2,6,2,B01
202100008102,2,32,,13,0,2,1,A01
202100008103,2,2,,2,0,1,1,A01
202100008104,1,10,,0,2,3,1,B01
202100008104,2,7,,0,2,3,1,A01
202100008105,2,7,,0,2,1,1,B01
202100008105,1,7,,0,2,1,17,A01
202100008106,0,38,1.0,0,2,0,20,A01
202100008106,0,30,,0,0,0,0,B01
202100008107,2,7,,0,2,0,13,A01
202100008107,1,7,,0,2,1,1,B01
202100008107,1,10,,0,2,6,1,C01
202100008108,2,32,,0,2,8,1,B01
202100008108,1,7,,0,2,3,13,A01
202100008109,1,7,,0,0,4,2,C01
202100008109,1,7,,0,2,1,1,B01
202100008109,1,7,,0,2,1,2,A01
202100008110,1,7,,0,1,1,1,A01
202100008111,1,33,,0,6,3,21,A01
202100008112,1,7,,13,0,1,14,A01
202100008113,2,33,,0,2,7,3,B01
202100008113,2,7,,0,2,7,1,C01
202100008113,2,33,,0,2,3,11,A01
202100008114,2,7,,3,0,9,2,A01
202100008115,2,7,,13,0,1,1,A01
202100008116,2,7,,0,2,4,2,C01
202100008116,2,7,,0,2,4,2,B01
202100008116,2,10,,0,2,1,2,A01
202100008116,2,7,,0,2,4,2,D01
202100008117,2,10,,0,2,8,11,A01
202100008117,2,31,,0,2,1,3,B01
202100008118,1,7,,0,2,1,2,A01
202100008118,1,7,,0,2,4,2,B01
202100008119,2,7,,0,2,3,11,B01
202100008119,2,34,,0,2,2,3,A01
202100008120,1,7,,4,0,1,13,A01
202100008121,2,7,,0,2,4,2,B01
202100008121,2,33,,0,2,1,3,A01
202100008122,1,7,,0,2,3,11,A01
202100008122,1,15,,0,2,2,1,B01
202100008123,2,33,,0,2,7,3,A01
202100008123,2,7,,0,2,8,1,B01
202100008123,2,7,,0,2,7,0,C01
202100008123,2,7,,0,2,4,1,D01
202100008124,1,33,,0,0,9,26,A01
202100008125,1,7,,0,9,2,1,B01
202100008125,1,7,,0,9,1,1,A01
202100008126,2,7,,0,2,1,1,A01
202100008126,2,7,,0,2,4,12,B01
202100008127,1,7,,0,2,1,2,D01
202100008127,1,7,,0,2,4,2,C01
202100008127,1,7,,0,2,4,2,B01
202100008127,1,7,,0,2,4,1,A01
202100008128,1,7,,0,2,4,2,B01
202100008128,1,7,,0,2,4,1,A01
202100008128,1,7,,0,2,4,2,C01
202100008128,1,7,,0,2,1,2,D01
202100008129,1,17,,1,0,2,1,A01
202100008129,1,10,,0,0,6,24,C01
202100008129,1,10,,0,0,8,23,B01
202100008130,1,7,,0,2,7,12,B01
202100008130,1,43,,0,2,8,1,A01
202100008131,1,7,,0,2,6,1,B01
202100008131,1,15,,0,2,2,14,A01
202100008132,1,7,,1,0,2,1,A01
202100008132,1,15,,0,2,6,23,B01
202100008133,1,33,,0,2,8,3,A01
202100008134,2,7,,0,2,7,12,B01
202100008134,2,31,,0,2,8,3,A01
202100008135,2,33,,0,2,1,3,B01
202100008135,2,7,,0,2,4,3,A01
202100008136,2,30,,0,2,7,1,A01
202100008136,2,7,,0,2,1,15,B01
202100008137,0,80,,1,0,1,0,A01
202100008138,2,7,,0,2,1,1,B01
202100008138,1,7,,0,2,8,19,A01
202100008139,2,7,,0,1,1,1,A01
202100008140,1,7,,0,2,3,9,A01
202100008140,1,33,,0,2,6,1,B01
202100008141,1,7,,0,2,1,1,C01
202100008141,2,7,,0,2,3,18,A01
202100008141,2,7,,0,2,7,1,B01
202100008142,2,7,,0,2,7,12,A01
202100008142,2,32,,0,2,8,1,B01
202100008143,2,7,,0,2,0,15,Z01
202100008143,1,30,,0,2,4,1,A01
202100008144,2,7,,0,2,2,1,B01
202100008144,3,7,,0,2,5,4,A01
202100008145,2,1,,0,2,4,1,B01
202100008145,2,7,,0,2,1,1,A01
202100008146,3,7,,0,2,3,9,A01
202100008146,3,7,,0,2,5,1,B01
202100008147,3,30,,0,1,1,1,A01
202100008148,2,50,,0,0,0,1,A01
202100008149,1,80,,0,1,1,1,A01