Num_Acc,senc,catv,occutc,obs,obsm,choc,manv,num_veh
202100008150,2,7,,0,2,4,23,B01
202100008150,2,30,,0,2,1,1,A01
202100008151,2,2,,0,2,1,1,B01
202100008151,1,7,,0,2,2,1,A01
202100008152,3,7,,0,1,2,16,A01
202100008153,3,40,,0,1,0,0,A01
202100008154,1,7,,0,2,1,1,B01
202100008154,1,7,,9,2,7,15,A01
202100008155,-1,7,,0,2,4,2,B01
202100008155,-1,7,,0,2,1,2,A01
202100008156,1,2,,0,2,1,1,B01
202100008156,-1,7,,0,0,8,10,A01
202100008157,2,32,,0,0,0,23,A01
202100008158,1,30,,0,2,7,1,A01
202100008158,1,30,,0,2,8,13,B01
202100008159,1,7,,0,0,-1,1,A01
202100008160,1,2,,9,0,0,1,A01
202100008161,0,7,,0,0,6,9,A01
202100008161,1,7,,0,2,1,1,B01
202100008162,3,2,,0,2,1,1,B01
202100008162,3,7,,0,2,1,26,A01
202100008163,2,7,,0,2,1,0,A01
202100008163,1,7,,0,2,1,1,B01
202100008163,1,7,,0,2,4,1,C01
202100008164,1,80,,0,0,0,0,A01
202100008165,1,7,,13,2,3,11,B01
202100008165,2,7,,3,2,3,1,A01
202100008166,2,7,,0,1,2,1,A01
202100008167,1,10,,0,2,1,1,B01
202100008167,2,7,,0,2,1,13,A01
202100008168,2,7,,0,2,1,1,B01
202100008168,1,7,,0,2,2,1,A01
202100008169,2,7,,7,2,1,1,B01
202100008169,2,7,,0,0,8,1,A01
202100008170,1,2,,13,0,0,0,A01
202100008171,1,7,,0,2,1,11,A01
202100008171,2,10,,0,2,2,1,B01
202100008172,1,7,,0,2,1,13,A01
202100008172,2,7,,0,2,8,1,B01
202100008173,2,7,,0,2,7,1,A01
202100008173,3,1,,0,2,8,15,B01
202100008174,2,7,,8,0,1,1,A01
202100008175,1,7,,0,2,3,1,B01
202100008175,2,7,,0,2,3,13,A01
202100008176,2,7,,0,1,4,4,A01
202100008177,1,7,,14,0,1,1,A01
202100008178,1,7,,6,0,1,15,A01
202100008179,1,2,,0,0,0,1,A01
202100008180,1,7,,2,0,3,1,A01
202100008181,0,7,,2,0,1,1,A01
202100008182,2,7,,0,2,3,1,A01
202100008182,1,7,,0,2,3,13,B01
202100008183,3,15,,0,2,3,1,A01
202100008183,3,7,,0,2,8,1,B01
202100008184,3,36,,0,0,0,1,A01
202100008185,0,7,,2,0,3,1,A01
202100008186,2,7,,0,2,6,1,A01
202100008186,2,7,,0,0,3,1,B01
202100008187,3,7,,0,2,4,2,C01
202100008187,3,7,,0,2,1,2,B01
202100008187,3,7,,0,2,1,1,A01
202100008188,2,7,,0,2,7,26,C01
202100008188,2,7,,0,2,1,1,B01
202100008188,1,10,,0,2,1,13,A01
202100008189,1,7,,0,2,2,13,D01
202100008189,1,7,,0,2,1,2,C01
202100008189,1,7,,0,2,4,15,B01
202100008189,2,7,,0,2,3,1,A01
202100008190,1,7,,0,2,3,15,A01
202100008190,2,7,,0,2,2,1,B01
202100008191,3,7,,17,0,2,1,A01
202100008192,1,7,,0,2,1,15,A01
202100008192,2,7,,0,2,1,1,B01
202100008193,2,7,,15,0,2,1,A01
202100008194,1,7,,0,0,0,0,A01
202100008195,1,7,,0,0,5,15,A01
202100008195,1,33,,0,2,1,1,B01
202100008196,1,2,,0,2,8,1,A01
202100008196,3,7,,0,2,1,19,B01
202100008197,2,7,,0,2,3,13,B01
202100008197,1,7,,0,2,1,1,A01
202100008198,2,7,,0,2,1,13,A01
202100008198,1,7,,0,2,3,1,B01
202100008199,1,7,,2,2,1,1,A01
202100008199,1,7,,0,2,4,15,B01
202100008200,1,7,,0,2,3,9,A01
202100008200,2,34,,0,2,7,1,B01
202100008201,1,7,,3,0,4,2,B01
202100008201,1,10,,0,2,1,2,A01
202100008202,2,38,1.0,0,2,7,15,A01
202100008202,1,2,,0,2,1,1,B01
202100008203,1,7,,0,2,3,13,A01
202100008203,2,17,,0,2,3,1,C01
202100008203,2,7,,0,2,3,1,B01
202100008204,3,7,,0,1,1,0,A01
202100008205,2,7,,0,1,3,1,A01
202100008206,1,7,,0,2,1,1,B01
202100008206,1,7,,0,0,4,2,A01
202100008207,2,33,,0,2,1,21,C01
202100008207,2,33,,0,2,1,21,B01
202100008207,1,7,,0,2,1,13,A01
202100008208,2,33,,0,2,1,2,A01
202100008208,2,7,,0,0,4,2,B01
202100008209,3,7,,0,1,1,1,A01
202100008210,0,37,1.0,0,1,2,1,A01
202100008211,2,7,,0,2,3,13,A01
202100008211,1,7,,0,2,3,1,B01
202100008212,2,33,,0,2,2,17,A01
202100008212,2,7,,0,2,3,15,B01
202100008213,2,7,,0,2,1,1,A01
202100008213,0,7,,0,2,1,0,B01
202100008214,2,7,,0,2,1,1,D01
202100008214,2,7,,0,2,1,1,C01
202100008214,2,7,,0,2,1,1,B01
202100008214,2,7,,0,2,2,1,A01
202100008215,1,10,,0,2,4,1,B01
202100008215,1,7,,0,2,1,21,A01
202100008216,2,7,,0,2,2,0,B01
202100008216,2,7,,0,2,1,0,Z01
202100008216,2,10,,0,2,4,0,C01
202100008217,2,7,,4,0,1,13,A01
202100008218,1,7,,0,0,2,14,A01
202100008219,1,7,,4,0,8,2,A01
202100008220,2,7,,0,2,4,2,B01
202100008220,2,7,,0,2,6,0,C01
202100008220,2,7,,0,2,1,2,A01
202100008221,1,10,,0,2,1,2,A01
202100008221,1,10,,0,2,4,2,B01
202100008222,1,7,,0,2,3,2,A01
202100008222,1,10,,0,2,5,2,B01
202100008222,1,7,,0,2,8,2,C01
202100008222,1,7,,0,2,4,2,D01
202100008223,1,7,,3,0,4,9,A01
202100008224,1,7,,0,2,1,1,A01
202100008224,1,7,,0,2,4,2,B01
202100008224,1,7,,0,0,4,2,C01
202100008225,1,7,,0,2,1,1,A01
202100008225,1,7,,0,2,4,2,B01
202100008226,1,7,,0,2,3,1,B01
202100008226,1,7,,0,2,2,1,A01
202100008227,2,7,,0,2,4,2,B01
202100008227,2,7,,0,2,1,1,A01
202100008228,1,7,,0,2,3,1,B01
202100008228,1,7,,0,2,2,12,A01
202100008229,3,7,,0,2,1,2,C01
202100008229,2,7,,0,2,4,1,B01
202100008229,2,7,,0,2,1,1,A01
202100008230,1,7,,0,2,6,11,A01
202100008230,1,32,,0,2,2,3,B01
202100008231,2,7,,0,2,1,2,A01
202100008231,2,10,,0,2,1,2,B01
202100008231,2,7,,0,2,4,2,C01
202100008232,3,7,,0,1,1,26,Z01
202100008233,2,7,,0,2,0,17,A01
202100008233,2,7,,0,2,0,15,B01
202100008234,2,10,,0,2,4,23,A01
202100008234,2,32,,0,2,1,1,B01
202100008235,3,10,,0,1,1,2,A01
202100008236,2,33,,0,1,1,1,A01
202100008237,1,33,,0,0,0,16,A01
202100008238,2,2,,0,1,1,1,A01
202100008239,0,30,,14,0,1,2,A01
202100008240,3,7,,0,2,1,1,A01
202100008240,3,7,,0,2,4,23,B01
202100008241,1,7,,1,0,1,16,A01
202100008242,2,7,,0,2,4,2,A01
202100008242,2,7,,0,2,1,2,B01
202100008242,2,7,,0,2,1,2,C01
202100008243,2,80,,0,0,0,2,A01
202100008244,3,7,,0,2,3,15,B01
202100008244,3,30,,0,2,2,1,A01
202100008245,2,2,,0,2,1,1,B01
202100008245,1,7,,0,2,2,15,A01
202100008246,3,7,,2,0,1,13,A01
202100008247,1,7,,0,2,3,10,A01
202100008247,1,33,,0,2,1,1,B01
202100008248,2,7,,1,0,2,1,A01
202100008249,1,7,,0,2,2,17,A01
202100008249,1,30,,0,2,6,1,B01
202100008250,0,2,,0,2,8,1,B01
202100008250,0,7,,0,2,1,13,A01
202100008251,2,33,,0,2,1,3,A01
202100008251,2,10,,0,2,6,1,B01
202100008251,2,7,,0,2,7,1,C01
202100008252,1,32,,0,2,1,17,A01
202100008252,1,7,,0,2,3,15,B01
202100008253,2,33,,0,2,7,17,B01
202100008253,1,7,,0,2,3,10,A01
202100008254,1,33,,6,0,1,1,A01
202100008255,1,7,,0,1,1,1,Z01
202100008256,1,80,,0,1,1,17,A01
202100008257,1,30,,0,2,2,1,A01
202100008257,1,7,,0,2,3,7,B01
202100008257,1,7,,0,2,6,1,C01
202100008258,1,7,,0,2,3,15,C01
202100008258,1,7,,0,2,2,16,B01
202100008258,1,31,,1,2,1,18,A01
202100008259,3,30,,0,2,8,1,B01
202100008259,3,7,,0,2,1,15,A01
202100008260,1,30,,0,2,3,1,B01
202100008260,1,7,,0,2,5,13,A01
202100008261,1,7,,0,2,6,2,B01
202100008261,1,10,,0,2,2,2,A01
202100008262,1,33,,0,1,3,1,A01
202100008263,1,33,,0,1,3,1,A01
202100008264,1,7,,0,2,2,1,B01
202100008264,1,30,,0,2,8,18,A01
202100008265,2,7,,0,2,4,2,C01
202100008265,2,7,,0,2,3,2,B01
202100008265,2,33,,0,2,1,3,A01
202100008266,2,10,,0,1,7,16,A01
202100008267,1,7,,0,2,6,1,A01
202100008267,2,7,,0,2,1,2,B01
202100008268,1,32,,12,0,1,17,A01
202100008269,1,7,,12,0,1,14,A01
202100008270,3,7,,0,2,3,15,A01
202100008270,-1,7,,0,2,3,1,B01
202100008271,0,10,,0,2,7,15,B01
202100008271,0,7,,0,2,1,1,A01
202100008272,2,7,,0,2,2,5,A01
202100008272,1,7,,0,2,2,1,B01
202100008272,1,7,,0,2,6,1,C01
202100008273,-1,10,,0,0,7,14,A01
202100008274,-1,34,,0,2,1,21,A01
202100008274,-1,7,,0,2,0,0,B01
202100008275,0,7,,0,2,3,15,A01
202100008275,0,2,,0,2,1,1,B01
202100008276,1,7,,0,2,4,12,B01
202100008276,1,7,,0,2,1,12,A01
202100008277,2,99,,0,2,0,16,A01
202100008277,1,31,,0,2,2,2,B01
202100008278,2,7,,0,1,3,1,A01
202100008279,2,7,,1,0,2,14,A01
202100008280,2,7,,13,0,3,1,A01
202100008281,1,10,,0,1,2,1,A01
202100008282,1,33,,0,6,8,1,A01
202100008283,1,7,,13,0,1,5,A01
202100008283,2,7,,13,2,2,1,B01
202100008284,1,30,,0,2,1,1,B01
202100008284,2,7,,0,2,3,26,A01
202100008285,1,33,,0,0,0,1,A01
202100008286,2,7,,12,0,0,1,A01
202100008287,1,7,,1,0,1,1,A01
202100008287,1,10,,0,2,4,23,B01
202100008288,1,7,,17,0,3,13,A01
202100008289,2,10,,0,2,2,2,A01
202100008289,2,21,,0,0,6,2,B01
202100008290,2,7,,0,1,1,2,A01
202100008291,0,2,,0,1,1,1,A01
202100008292,2,7,,0,2,1,1,B01
202100008292,1,7,,12,2,1,13,A01
202100008293,1,7,,0,2,1,1,B01
202100008293,2,7,,0,2,7,17,A01
202100008294,2,7,,13,0,1,1,A01
202100008295,2,7,,13,0,7,1,A01
202100008296,3,7,,6,0,1,1,A01
202100008297,1,7,,13,0,8,1,A01
202100008298,1,7,,0,2,3,1,C01
202100008298,1,7,,0,2,3,1,B01
202100008298,2,7,,0,2,3,13,A01
202100008299,2,7,,6,0,3,1,A01
202100008300,1,33,,0,2,1,26,B01
202100008300,1,7,,0,0,2,9,A01
202100008301,1,7,,0,2,3,1,B01
202100008301,2,7,,0,2,3,1,A01
202100008302,0,33,,4,0,1,0,A01
202100008303,0,7,,15,0,1,0,A01
202100008304,3,7,,13,0,1,21,A01
202100008305,3,7,,6,0,1,0,A01
202100008306,1,7,,0,2,1,5,A01
202100008306,2,7,,0,2,8,1,B01
202100008306,2,7,,0,2,1,1,C01
202100008307,1,7,,13,0,2,17,A01
202100008308,1,7,,0,2,1,0,B01
202100008308,1,7,,16,2,4,0,A01
202100008309,1,7,,13,0,2,14,A01
202100008310,1,33,,13,0,0,1,A01
202100008311,1,7,,2,0,2,2,A01
202100008312,2,7,,13,0,2,0,A01
202100008313,1,10,,0,2,3,2,A01
202100008313,1,7,,0,2,6,2,B01
202100008314,3,2,,2,0,3,1,A01
202100008315,0,0,,0,0,0,1,A01
202100008316,2,7,,3,0,2,0,A01
202100008317,1,7,,0,0,6,1,C01
202100008317,1,7,,0,0,6,1,B01
202100008317,1,7,,0,2,3,1,A01
202100008318,1,7,,12,0,9,13,A01
202100008319,1,7,,0,2,3,1,B01
202100008319,2,7,,0,2,3,13,A01
202100008320,1,7,,13,0,0,14,A01
202100008321,2,7,,0,2,8,15,A01
202100008321,2,33,,0,2,1,17,B01
202100008322,1,7,,0,2,1,0,C01
202100008322,1,7,,0,2,1,2,B01
202100008322,1,7,,0,0,4,15,A01
202100008323,2,2,,0,2,3,1,A01
202100008323,1,7,,0,2,3,15,B01
202100008324,1,7,,0,2,3,17,A01
202100008324,2,7,,0,0,8,16,B01
202100008325,3,7,,2,0,1,1,A01
202100008326,1,3,,6,0,1,14,A01
202100008327,2,30,,0,2,1,1,A01
202100008327,1,7,,0,2,2,9,B01
202100008328,3,33,,0,0,0,17,A01
202100008329,2,7,,16,0,7,1,A01
202100008330,2,33,,0,2,1,1,B01
202100008330,2,7,,0,0,5,15,A01
202100008331,1,7,,13,0,1,21,A01
202100008332,2,7,,0,2,2,15,B01
202100008332,1,2,,0,2,1,1,A01
202100008333,3,7,,0,2,1,1,B01
202100008333,3,7,,9,2,1,13,A01
202100008334,0,7,,0,1,2,4,A01
202100008335,1,10,,0,2,4,2,A01
202100008335,1,7,,0,2,4,2,B01
202100008335,1,7,,0,2,1,2,C01
202100008336,1,7,,0,2,4,2,A01
202100008336,1,7,,0,2,1,2,B01
202100008337,1,7,,2,2,1,2,A01
202100008337,1,15,,0,2,4,2,B01
202100008338,2,14,,4,0,1,0,A01
202100008339,1,7,,0,2,1,0,B01
202100008339,1,7,,0,2,2,0,D01
202100008339,1,7,,0,2,3,2,C01
202100008339,1,17,,0,2,6,13,A01
202100008340,1,7,,0,2,6,9,A01
202100008340,1,7,,0,2,2,0,B01
202100008341,2,7,,3,2,1,2,A01
202100008341,2,7,,3,2,4,2,B01
202100008342,2,7,,0,2,1,1,A01
202100008342,2,7,,0,2,4,2,B01
202100008343,2,7,,3,0,2,14,A01
202100008344,1,33,,0,2,2,17,A01
202100008344,1,7,,0,2,3,11,B01
202100008344,1,7,,0,2,6,1,C01
202100008345,3,2,,0,2,3,19,A01
202100008345,1,2,,0,2,1,1,B01
202100008346,3,7,,0,1,1,15,A01
202100008347,1,7,,0,0,1,0,A01
202100008348,1,7,,0,1,3,15,A01
202100008349,1,7,,0,9,4,1,A01
202100008349,1,80,,0,2,4,1,B01
202100008350,1,7,,0,1,3,1,A01
202100008351,3,2,,0,2,8,16,B01
202100008351,3,7,,0,2,2,16,A01
202100008352,2,7,,0,1,2,1,A01
202100008353,2,2,,0,2,0,21,B01
202100008353,2,7,,0,9,0,9,Z01
202100008354,1,1,,0,2,0,26,A01
202100008355,1,7,,11,0,2,1,A01
202100008356,1,7,,0,2,2,16,A01
202100008356,1,1,,0,2,3,1,B01
202100008357,1,99,,0,1,2,26,A01
202100008358,2,31,,0,2,3,3,B01
202100008358,2,7,,0,2,2,12,A01
202100008359,2,33,,4,0,7,21,A01
202100008360,1,10,,0,1,2,1,A01
202100008361,2,7,,0,2,2,16,A01
202100008361,2,1,,0,2,1,1,B01
202100008362,3,7,,0,2,3,15,B01
202100008362,3,33,,0,2,8,1,A01
202100008363,3,1,,0,1,1,1,A01
202100008364,2,7,,0,1,4,4,A01
202100008365,3,7,,0,2,1,15,A01
202100008365,3,7,,0,2,8,1,B01
202100008366,2,7,,0,1,1,1,Z01
202100008367,2,7,,0,2,3,9,A01
202100008367,2,2,,0,2,7,1,B01
202100008368,1,7,,0,2,3,1,B01
202100008368,2,33,,0,2,8,5,A01
202100008369,1,30,,0,2,1,17,Z01
202100008369,1,1,,0,2,4,13,A01
202100008370,1,2,,0,2,1,18,B01
202100008370,1,7,,0,2,5,22,A01
202100008371,3,7,,0,2,3,9,A01
202100008371,3,32,,0,2,1,1,B01
202100008372,1,2,,0,2,1,1,B01
202100008372,3,7,,0,2,5,15,A01
202100008373,3,7,,0,1,1,9,A01
202100008374,1,1,,1,0,8,2,B01
202100008374,1,7,,0,9,7,24,A01
202100008375,2,2,,0,2,7,18,B01
202100008375,2,10,,0,2,7,16,A01
202100008376,2,50,,4,2,0,5,B01
202100008376,3,7,,4,9,1,1,A01
202100008377,2,7,,0,2,3,0,A01
202100008377,2,7,,9,2,1,0,B01
202100008378,1,7,,3,0,3,11,A01
202100008378,1,32,,0,2,0,0,B01
202100008379,1,7,,0,2,3,1,B01
202100008379,2,1,,0,2,1,1,A01
202100008380,3,7,,0,2,3,1,A01
202100008380,3,7,,0,2,0,0,B01
202100008381,1,7,,0,2,3,1,A01
202100008381,1,2,,0,2,1,1,B01
202100008382,1,1,,0,0,0,1,A01
202100008383,1,1,,1,0,2,14,A01
202100008384,2,7,,0,0,1,1,B01
202100008384,1,7,,0,2,1,1,A01
202100008385,3,7,,0,2,7,15,A01
202100008385,1,7,,0,2,1,1,B01
202100008386,0,10,,0,9,3,11,A01
202100008386,0,1,,0,2,6,1,B01
202100008387,2,7,,4,0,3,11,A01
202100008388,3,7,,0,9,0,1,D01
202100008388,3,7,,0,2,1,1,C01
202100008388,3,7,,0,2,8,1,B01
202100008388,3,7,,0,2,1,17,A01
202100008389,0,2,,11,0,9,0,A01
202100008390,2,7,,3,0,0,1,A01
202100008391,1,7,,0,0,9,1,A01
202100008392,2,7,,0,2,1,2,A01
202100008392,2,2,,0,2,4,1,B01
202100008393,3,7,,8,0,9,1,A01
202100008394,1,1,,0,0,9,1,A01
202100008395,2,7,,2,0,9,13,A01
202100008396,1,7,,0,2,3,15,B01
202100008396,1,2,,0,2,1,2,A01
202100008397,0,7,,8,0,1,1,A01
202100008398,2,7,,0,2,6,1,A01
202100008398,2,2,,0,2,1,1,B01
202100008399,2,7,,16,0,3,1,A01
202100008400,1,7,,2,0,1,13,A01
202100008401,3,7,,0,2,2,1,A01
202100008401,2,7,,0,2,3,1,B01
202100008402,1,7,,2,0,1,0,A01
202100008403,1,33,,3,0,8,12,A01
202100008404,1,7,,0,2,2,2,A01
202100008404,1,30,,0,0,6,1,B01
202100008405,1,17,,0,2,3,1,B01
202100008405,2,7,,10,2,3,13,A01
202100008406,2,7,,0,0,4,2,A01
202100008406,2,7,,0,2,1,2,B01
202100008407,1,33,,14,2,1,1,B01
202100008407,2,7,,0,2,2,15,A01
202100008408,1,7,,8,0,9,13,A01
202100008409,3,7,,0,0,3,1,B01
202100008409,2,7,,13,0,2,1,A01
202100008410,2,7,,2,0,3,1,A01
202100008411,2,7,,15,0,2,1,A01
202100008412,2,33,,0,2,1,1,A01
202100008412,2,10,,0,2,7,15,B01
202100008413,1,7,,0,1,1,1,A01
202100008414,0,7,,0,1,2,20,A01
202100008415,1,17,,0,0,1,21,B01
202100008415,1,7,,0,0,8,0,A01
202100008416,2,7,,6,0,1,14,A01
202100008417,2,7,,0,2,1,1,B01
202100008417,1,7,,0,2,7,15,A01
202100008418,0,7,,15,1,1,0,A01
202100008419,3,10,,0,1,6,4,A01
202100008420,2,7,,13,0,1,1,A01
202100008421,1,7,,13,0,9,1,A01
202100008422,1,7,,0,2,3,16,B01
202100008422,2,7,,0,2,3,16,A01
202100008423,1,2,,0,0,0,2,A01
202100008424,2,7,,0,1,1,11,A01
202100008425,1,7,,0,0,1,1,A01
202100008426,2,10,,15,0,1,1,A01
202100008427,1,1,,0,2,1,1,B01
202100008427,1,7,,0,2,3,1,A01
202100008428,1,7,,0,2,7,14,B01
202100008428,1,7,,0,2,3,1,A01
202100008429,1,7,,0,2,7,12,Z01
202100008429,1,33,,0,2,8,0,A01
202100008430,2,7,,0,2,4,23,G01
202100008430,2,7,,0,2,4,23,F01
202100008430,2,10,,0,2,1,12,A01
202100008430,2,7,,0,2,4,23,B01
202100008430,2,10,,0,2,4,23,C01
202100008430,2,7,,0,2,4,23,D01
202100008430,2,7,,0,2,4,23,E01
202100008431,2,7,,2,0,1,1,A01
202100008432,2,13,,0,2,2,1,A01
202100008432,2,7,,0,2,8,2,B01
202100008433,1,10,,0,1,1,1,A01
202100008434,1,7,,0,1,2,1,A01
202100008435,1,33,,0,2,7,1,B01
202100008435,1,7,,0,2,8,13,A01
202100008436,2,7,,0,2,1,15,A01
202100008436,1,31,,0,2,7,1,B01
202100008437,1,2,,0,2,4,23,B01
202100008437,1,10,,0,2,2,2,A01
202100008438,1,7,,0,2,3,1,B01
202100008438,1,7,,0,2,2,15,A01
202100008439,1,0,,5,2,0,0,A01
202100008439,1,7,,0,2,2,1,B01
202100008439,1,7,,0,2,9,0,C01
202100008439,1,7,,0,2,4,0,D01
202100008440,2,7,,0,1,2,1,A01
202100008441,3,34,,0,1,8,26,A01
202100008442,1,7,,0,2,1,1,A01
202100008442,1,7,,0,2,4,1,B01
202100008443,2,7,,4,0,2,26,A01
202100008444,1,7,,0,2,7,10,A01
202100008444,2,7,,0,2,1,1,B01
202100008445,1,10,,0,1,4,20,A01
202100008446,1,7,,0,1,1,1,A01
202100008447,2,7,,1,2,1,1,A01
202100008447,2,7,,0,2,8,1,B01
202100008448,0,7,,0,2,1,1,A01
202100008448,0,7,,0,2,6,1,B01
202100008449,3,7,,0,2,3,9,A01
202100008449,3,1,,0,2,7,1,B01
202100008450,2,10,,0,2,1,2,A01
202100008450,2,7,,0,2,4,1,B01
202100008451,2,7,,0,2,1,1,A01
202100008451,2,10,,0,2,4,23,B01
202100008452,1,39,,0,1,1,26,A01
202100008453,3,2,,15,0,1,1,A01
202100008454,1,1,,0,2,4,9,A01
202100008454,1,7,,0,2,1,1,B01
202100008455,3,7,,0,2,3,13,A01
202100008455,3,80,,0,2,1,1,B01
202100008456,3,7,,0,2,0,0,Z01
202100008456,3,1,,0,2,0,26,B01
202100008457,3,50,,0,2,1,19,B01
202100008457,3,7,,0,2,1,5,A01
202100008458,1,2,,1,0,0,14,A01
202100008459,3,7,,0,2,8,8,A01
202100008459,3,37,2.0,0,2,0,1,B01
202100008460,1,7,,0,2,4,20,B01
202100008460,1,7,,0,2,1,1,A01
202100008461,2,1,,0,2,1,2,B01
202100008461,1,7,,0,2,1,15,A01
202100008462,1,7,,0,2,1,13,A01
202100008463,1,2,,0,2,0,0,B01
202100008463,2,7,,0,2,0,0,A01
202100008464,1,7,,0,9,1,1,A01
202100008464,1,1,,0,2,1,1,B01
202100008465,1,7,,0,2,1,2,A01
202100008465,1,7,,0,2,4,2,B01
202100008466,1,1,,0,2,8,1,B01
202100008466,1,7,,0,9,7,17,A01
202100008467,0,2,,0,2,7,1,B01
202100008467,0,7,,0,2,6,10,A01
202100008468,1,30,,0,2,2,17,A01
202100008468,1,7,,0,2,8,1,B01
202100008469,0,7,,0,2,7,1,Z01
202100008469,1,1,,0,2,8,1,B01
202100008470,1,7,,0,2,3,9,A01
202100008470,1,7,,0,2,2,1,B01
202100008471,1,30,,0,2,1,1,B01
202100008471,1,7,,0,2,2,15,A01
202100008472,3,1,,12,0,0,13,A01
202100008473,2,10,,11,2,1,2,B01
202100008473,2,7,,11,2,3,15,A01
202100008474,2,7,,0,2,1,1,A01
202100008474,2,7,,0,2,4,1,B01
202100008475,1,31,,0,2,0,1,B01
202100008475,0,7,,0,2,0,9,A01
202100008476,3,50,,0,2,1,1,B01
202100008476,1,7,,1,0,1,1,A01
202100008477,2,7,,0,2,1,1,B01
202100008477,3,1,,0,2,8,19,A01
202100008478,2,7,,0,2,4,20,A01
202100008478,2,7,,1,2,1,1,B01
202100008479,1,7,,14,2,1,1,Z01
202100008479,1,1,,0,2,8,19,B01
202100008480,1,7,,0,2,2,20,B01
202100008480,1,30,,0,2,1,18,A01
202100008481,1,99,,0,2,2,0,B01
202100008481,1,7,,0,2,3,15,Z01
202100008482,2,7,,0,2,3,17,A01
202100008482,1,80,,0,2,1,0,B01
202100008483,3,7,,0,2,1,9,A01
202100008483,3,2,,0,2,1,1,B01
202100008484,3,7,,0,2,3,1,B01
202100008484,1,7,,0,2,3,9,A01
202100008485,1,30,,0,2,4,1,B01
202100008485,1,7,,0,2,2,1,A01
202100008486,1,7,,0,2,1,1,A01
202100008486,1,7,,0,0,4,15,B01
202100008487,2,2,,0,2,1,9,B01
202100008487,2,7,,0,2,4,1,A01
202100008488,2,7,,0,2,9,17,A01
202100008488,2,7,,0,2,8,17,B01
202100008489,2,7,,0,1,2,1,Z01
202100008490,3,1,,0,2,3,1,B01
202100008490,3,7,,0,2,2,15,A01
202100008491,3,7,,0,1,3,1,A01
202100008492,2,7,,1,0,1,2,A01
202100008492,3,7,,9,2,4,24,B01
202100008493,1,10,,8,0,1,1,A01
202100008494,2,10,,0,2,1,1,B01
202100008494,1,7,,0,2,1,1,A01
202100008495,3,7,,0,1,3,1,A01
202100008496,3,7,,0,2,1,1,A01
202100008496,3,30,,0,2,4,23,B01
202100008497,2,34,,0,1,1,2,A01
202100008498,3,7,,0,1,1,9,A01
202100008499,2,7,,0,1,2,5,A01
202100008499,1,7,,0,2,2,1,B01
202100008500,1,7,,0,1,1,16,A01
202100008501,1,1,,12,0,0,14,A01
202100008502,2,7,,0,2,1,1,A01
202100008502,1,1,,0,2,7,1,B01
202100008503,2,50,,0,2,1,1,A01
202100008503,1,7,,0,2,2,15,Z01
202100008504,1,30,,0,2,1,7,A01
202100008504,1,7,,0,2,5,22,B01
202100008505,2,7,,1,0,2,14,A01
202100008506,2,33,,11,0,3,1,A01
202100008507,1,2,,0,2,2,14,B01
202100008507,1,7,,0,2,3,1,A01
202100008508,2,7,,0,0,4,23,B01
202100008508,2,7,,0,2,1,2,A01
202100008509,3,7,,0,2,1,2,A01
202100008509,3,50,,0,2,4,2,B01
202100008510,-1,7,,0,2,1,2,A01
202100008510,-1,7,,0,2,4,2,B01
202100008511,3,7,,0,2,3,26,A01
202100008511,1,7,,1,0,0,0,B01
202100008512,1,7,,0,0,4,2,B01
202100008512,1,7,,1,2,1,2,A01
202100008513,1,7,,0,2,2,9,A01
202100008513,2,10,,0,2,7,1,B01
202100008514,1,33,,0,2,4,23,B01
202100008514,1,33,,0,2,1,26,A01
202100008515,0,7,,0,2,2,1,C01
202100008515,0,7,,0,2,1,1,B01
202100008515,0,7,,0,2,5,1,A01
202100008516,1,33,,0,2,1,2,A01
202100008516,1,7,,0,2,4,1,B01
202100008517,3,10,,0,1,3,20,A01
202100008518,2,7,,0,2,8,13,A01
202100008518,1,7,,0,2,8,13,B01
202100008519,0,7,,0,1,1,1,A01
202100008520,2,7,,0,0,4,23,A01
202100008520,2,99,,0,2,1,1,B01
202100008521,3,7,,6,0,2,1,A01
202100008522,2,7,,0,2,2,1,A01
202100008522,1,7,,0,2,1,1,B01
202100008523,2,10,,0,2,2,2,B01
202100008523,2,7,,0,0,4,23,A01
202100008524,1,31,,0,2,1,17,A01
202100008524,2,7,,0,9,3,1,B01
202100008525,2,7,,0,2,1,13,A01
202100008525,1,15,,0,2,3,1,B01
202100008526,2,7,,2,0,2,1,A01
202100008527,1,15,,0,0,0,1,A01
202100008528,1,7,,2,0,1,1,A01
202100008529,3,10,,7,0,0,1,A01
202100008530,1,7,,0,1,1,1,A01
202100008531,2,21,,0,0,9,1,A01
202100008532,2,7,,0,2,1,1,B01
202100008532,1,10,,0,2,2,13,A01
202100008533,0,7,,2,0,2,1,A01
202100008534,1,14,,0,2,1,1,B01
202100008534,2,7,,0,2,8,10,A01
202100008535,1,7,,10,0,3,19,A01
202100008536,2,10,,0,2,1,1,B01
202100008536,1,7,,0,2,7,19,A01
202100008537,2,7,,0,1,0,0,A01
202100008537,2,2,,0,1,1,1,B01
202100008538,1,80,,0,2,5,1,A01
202100008538,1,7,,0,2,3,2,B01
202100008539,1,10,,0,2,1,1,B01
202100008539,2,7,,0,2,5,13,A01
202100008540,1,7,,6,0,1,6,A01
202100008541,2,7,,1,0,2,26,A01
202100008542,1,7,,0,1,0,1,A01
202100008543,2,10,,0,1,2,1,A01