Num_Acc,senc,catv,occutc,obs,obsm,choc,manv,num_veh
202100008544,1,7,,0,2,3,1,C01
202100008544,2,10,,0,2,1,1,B01
202100008544,2,10,,0,2,3,13,A01
202100008545,1,7,,0,2,2,13,A01
202100008545,2,10,,0,2,1,1,B01
202100008546,1,7,,0,2,2,5,B01
202100008546,2,7,,0,2,7,1,A01
202100008547,1,10,,0,2,3,13,B01
202100008547,2,7,,6,2,3,1,A01
202100008548,1,7,,1,0,2,17,A01
202100008548,1,15,,0,2,6,24,B01
202100008549,1,7,,0,0,4,26,A01
202100008549,1,7,,0,2,1,1,B01
202100008549,1,10,,1,0,2,21,C01
202100008550,3,36,,8,0,1,1,A01
202100008551,0,7,,0,1,5,21,A01
202100008552,1,10,,0,2,1,1,B01
202100008552,2,7,,0,2,1,5,A01
202100008553,2,7,,0,2,1,1,B01
202100008553,1,7,,0,2,1,5,A01
202100008554,2,7,,13,0,4,2,A01
202100008554,2,7,,0,2,1,2,B01
202100008555,2,7,,2,0,1,14,A01
202100008556,2,31,,0,0,7,1,A01
202100008557,1,33,,0,2,1,2,B01
202100008557,2,7,,0,2,1,15,A01
202100008558,1,7,,0,2,6,4,A01
202100008558,1,2,,0,0,1,1,B01
202100008559,2,7,,0,2,3,1,A01
202100008559,1,31,,0,2,1,16,B01
202100008560,1,7,,0,2,2,5,A01
202100008560,2,7,,15,2,1,1,C01
202100008561,1,7,,3,2,1,1,B01
202100008561,2,7,,0,2,1,13,A01
202100008562,2,7,,0,2,8,15,A01
202100008562,1,2,,3,2,8,19,B01
202100008563,0,31,,0,2,1,19,B01
202100008563,0,7,,0,2,7,1,A01
202100008564,1,7,,2,0,0,0,A01
202100008565,2,33,,3,0,1,2,A01
202100008566,1,7,,1,0,1,1,A01
202100008566,2,7,,0,2,2,24,B01
202100008567,0,33,,2,0,1,0,A01
202100008568,1,7,,0,2,1,1,B01
202100008568,2,7,,0,2,2,15,A01
202100008569,2,2,,0,2,1,1,B01
202100008569,1,7,,0,2,3,1,A01
202100008570,1,1,,0,2,4,15,B01
202100008570,1,7,,0,2,1,15,A01
202100008571,1,33,,15,0,0,1,A01
202100008572,1,7,,0,0,9,2,A01
202100008573,0,7,,12,0,1,0,A01
202100008574,2,15,,0,2,2,14,A01
202100008574,2,7,,0,2,6,11,B01
202100008575,1,7,,0,2,6,1,A01
202100008575,1,7,,0,2,1,2,B01
202100008576,1,7,,0,2,2,26,A01
202100008576,1,7,,0,2,6,23,B01
202100008577,1,7,,0,2,6,1,B01
202100008577,1,7,,0,2,2,1,A01
202100008577,1,10,,0,2,8,1,C01
202100008578,2,7,,3,0,1,17,A01
202100008579,1,7,,4,0,1,16,A01
202100008580,1,33,,0,2,0,0,C01
202100008580,1,33,,0,2,5,1,B01
202100008580,1,33,,0,2,3,3,A01
202100008581,2,7,,14,0,4,2,A01
202100008581,1,7,,0,2,4,1,B01
202100008581,1,7,,0,2,4,2,C01
202100008581,1,7,,0,2,1,1,Z01
202100008582,1,7,,0,2,1,17,A01
202100008582,1,7,,0,2,4,2,B01
202100008583,2,7,,13,0,1,17,A01
202100008584,2,7,,0,2,4,2,D01
202100008584,2,7,,0,2,4,2,C01
202100008584,2,7,,0,2,4,2,B01
202100008584,2,7,,0,2,1,1,A01
202100008585,1,10,,0,2,4,1,B01
202100008585,1,7,,0,2,1,2,A01
202100008586,1,10,,0,2,8,1,B01
202100008586,1,33,,0,2,3,3,A01
202100008587,1,10,,0,2,7,1,B01
202100008587,1,33,,0,2,8,3,A01
202100008588,2,33,,0,2,3,3,A01
202100008588,2,7,,0,2,5,1,B01
202100008588,1,7,,0,2,3,1,C01
202100008589,2,10,,0,2,7,12,B01
202100008589,2,43,,0,2,3,3,A01
202100008590,2,32,,0,2,1,1,A01
202100008590,2,7,,0,2,5,11,B01
202100008591,2,32,,0,0,7,3,A01
202100008592,3,33,,12,0,3,13,A01
202100008593,1,7,,0,1,4,23,B01
202100008593,1,7,,0,2,1,1,A01
202100008594,1,33,,0,1,1,1,A01
202100008595,1,7,,0,1,1,15,A01
202100008596,1,33,,12,0,3,13,A01
202100008597,2,1,,0,0,1,1,A01
202100008598,1,7,,0,2,7,15,B01
202100008598,2,50,,0,2,1,19,A01
202100008599,1,1,,0,1,1,25,A01
202100008600,2,43,,0,1,2,17,A01
202100008601,2,30,,0,2,8,21,A01
202100008602,1,7,,0,1,3,1,A01
202100008603,2,7,,0,2,3,13,A01
202100008603,2,2,,0,2,7,17,B01
202100008604,1,43,,9,0,2,1,A01
202100008605,3,1,,0,2,5,19,B01
202100008605,3,32,,0,2,1,1,A01
202100008606,1,2,,0,0,7,1,A01
202100008607,2,7,,0,2,3,1,B01
202100008607,1,50,,0,2,1,5,A01
202100008608,1,10,,0,1,2,16,A01
202100008609,2,50,,8,2,1,1,A01
202100008609,1,7,,14,2,2,2,B01
202100008610,2,37,1.0,0,1,7,16,A01
202100008611,3,7,,0,0,0,0,B01
202100008611,3,1,,0,2,0,0,A01
202100008612,3,34,,0,2,1,1,B01
202100008612,3,7,,0,2,3,10,A01
202100008613,0,7,,0,1,3,26,A01
202100008614,1,7,,0,2,3,9,B01
202100008614,1,32,,0,2,1,5,A01
202100008615,0,3,,0,1,2,9,A01
202100008616,2,7,,0,2,3,19,A01
202100008616,1,7,,0,2,1,19,B01
202100008617,2,2,,4,0,3,7,B01
202100008617,2,15,,4,0,2,1,A01
202100008618,1,7,,0,9,3,0,B01
202100008618,1,30,,1,2,1,9,A01
202100008619,2,33,,0,0,8,1,A01
202100008620,1,7,,0,1,3,1,A01
202100008621,1,7,,0,1,1,15,A01
202100008622,2,7,,0,2,3,1,C01
202100008622,2,7,,0,2,7,15,B01
202100008622,1,32,,0,2,2,21,A01
202100008623,1,7,,0,2,4,1,A01
202100008623,2,1,,0,2,4,1,B01
202100008624,3,7,,0,1,3,1,A01
202100008625,0,50,,0,0,0,0,A01
202100008626,1,7,,0,2,3,13,A01
202100008626,2,7,,0,2,3,23,B01
202100008626,2,7,,0,2,6,23,C01
202100008626,2,7,,0,2,1,23,D01
202100008627,1,50,,0,2,3,1,A01
202100008627,2,7,,0,2,1,11,B01
202100008628,0,7,,0,2,7,17,A01
202100008628,3,2,,0,2,1,26,B01
202100008629,2,7,,0,2,3,1,A01
202100008629,1,3,,0,2,3,13,B01
202100008630,2,21,,0,0,0,0,A01
202100008631,2,1,,0,0,0,1,A01
202100008632,2,33,,0,2,5,17,A01
202100008632,2,7,,0,2,3,1,B01
202100008633,1,7,,2,0,1,13,A01
202100008634,3,14,,0,2,8,1,B01
202100008634,3,7,,0,2,1,15,A01
202100008635,1,7,,13,0,2,1,A01
202100008636,0,7,,0,1,6,4,A01
202100008637,2,10,,0,1,1,1,A01
202100008638,2,7,,13,0,3,13,A01
202100008639,1,7,,0,0,8,15,A01
202100008639,2,7,,0,2,1,1,B01
202100008640,3,33,,0,0,1,1,A01
202100008641,2,7,,0,2,1,1,A01
202100008641,2,21,,0,0,4,1,B01
202100008642,2,7,,13,0,9,1,A01
202100008643,2,7,,0,2,1,1,A01
202100008643,1,21,,0,2,1,1,B01
202100008644,1,7,,0,0,1,1,B01
202100008644,2,7,,0,0,2,5,A01
202100008645,0,7,,13,0,9,17,A01
202100008646,2,7,,2,0,0,0,A01
202100008647,1,7,,0,2,3,0,A01
202100008647,2,7,,0,2,3,0,B01
202100008648,2,7,,0,2,2,15,A01
202100008648,1,15,,0,2,1,1,B01
202100008649,1,10,,0,2,1,13,A01
202100008649,2,7,,0,2,1,21,B01
202100008650,2,7,,0,0,9,12,A01
202100008651,2,7,,3,2,8,17,A01
202100008651,2,7,,3,2,1,21,B01
202100008652,1,7,,0,0,0,0,A01
202100008653,1,7,,0,0,4,1,A01
202100008653,1,10,,0,2,4,1,B01
202100008653,1,7,,0,2,1,1,C01
202100008653,1,7,,0,2,1,1,D01
202100008654,1,7,,0,2,1,1,B01
202100008654,2,7,,0,2,1,13,A01
202100008655,1,7,,0,2,3,5,A01
202100008655,2,2,,0,2,1,1,B01
202100008656,2,2,,0,2,3,1,B01
202100008656,1,7,,0,2,3,15,A01
202100008657,1,7,,0,2,2,21,A01
202100008657,2,10,,0,2,2,1,B01
202100008658,2,7,,0,2,1,9,A01
202100008658,2,7,,0,2,7,1,B01
202100008659,3,7,,0,2,3,1,B01
202100008659,3,3,,0,2,1,13,A01
202100008660,2,7,,0,0,1,1,A01
202100008661,2,33,,0,2,1,1,B01
202100008661,1,7,,0,2,7,15,A01
202100008662,1,7,,3,2,4,2,A01
202100008662,1,7,,3,2,1,2,B01
202100008663,2,7,,0,2,1,2,A01
202100008663,2,7,,0,2,4,1,B01
202100008663,2,7,,0,2,4,1,C01
202100008663,2,7,,0,2,4,1,D01
202100008663,2,7,,0,2,4,1,E01
202100008664,2,7,,13,0,2,2,A01
202100008665,1,7,,0,2,4,2,B01
202100008665,1,7,,0,2,1,2,A01
202100008666,2,10,,0,2,8,12,A01
202100008667,2,10,,0,2,1,1,A01
202100008667,2,7,,0,2,4,1,B01
202100008667,2,7,,0,2,4,1,C01
202100008668,1,33,,0,2,2,1,B01
202100008668,1,7,,0,2,6,11,A01
202100008669,1,7,,0,2,4,1,A01
202100008669,1,14,,0,2,1,2,C01
202100008669,1,7,,0,2,4,2,B01
202100008670,2,33,,0,2,7,3,B01
202100008670,2,7,,0,2,8,11,A01
202100008671,2,7,,0,2,3,1,B01
202100008671,1,2,,0,2,3,13,A01
202100008672,3,7,,0,2,2,21,B01
202100008672,3,7,,0,2,2,11,A01
202100008673,2,31,,0,1,1,1,A01
202100008674,3,0,,0,2,0,21,A01
202100008674,3,33,,0,2,0,21,B01
202100008675,2,7,,0,9,6,10,A01
202100008675,1,34,,0,2,1,3,B01
202100008676,1,2,,0,2,3,9,B01
202100008676,1,15,,0,2,5,9,A01
202100008677,1,7,,0,2,3,10,A01
202100008677,2,31,,0,2,7,2,B01
202100008678,1,33,,0,2,1,18,A01
202100008678,1,7,,0,2,7,16,B01
202100008679,0,34,,0,1,1,26,B01
202100008680,1,37,1.0,0,2,2,16,A01
202100008680,1,1,,0,2,3,1,B01
202100008681,2,7,,0,2,1,1,B01
202100008681,1,7,,8,2,1,5,A01
202100008682,1,32,,1,2,1,3,B01
202100008682,2,7,,0,2,6,24,C01
202100008682,1,10,,0,2,5,1,A01
202100008683,1,10,,0,1,3,1,A01
202100008684,1,37,1.0,0,2,4,23,C01
202100008684,1,7,,0,2,4,23,B01
202100008684,1,7,,0,2,1,1,A01
202100008685,3,7,,0,2,3,1,B01
202100008685,1,7,,0,2,2,12,A01
202100008686,2,32,,0,2,1,1,B01
202100008686,2,3,,0,2,3,15,A01
202100008687,3,7,,0,2,1,5,Z01
202100008687,3,43,,0,2,1,1,B01
202100008688,3,7,,0,2,4,2,Z01
202100008688,3,30,,0,2,1,0,B01
202100008688,1,33,,0,2,7,26,A01
202100008689,1,7,,0,2,2,15,A01
202100008689,2,1,,0,2,1,1,B01
202100008690,1,33,,0,2,8,1,A01
202100008690,1,7,,0,2,2,14,B01
202100008691,1,7,,12,0,7,14,A01
202100008692,0,7,,3,2,1,5,A01
202100008692,0,7,,0,2,1,1,B01
202100008693,0,7,,0,1,3,20,A01
202100008694,2,7,,0,2,1,2,A01
202100008694,2,10,,0,2,4,2,B01
202100008695,1,7,,0,2,3,9,A01
202100008695,1,50,,0,2,0,0,B01
202100008696,1,7,,1,0,3,14,A01
202100008697,3,7,,0,1,1,26,A01
202100008698,2,7,,3,0,2,1,A01
202100008699,3,39,,0,1,1,1,B01
202100008700,1,30,,0,2,1,0,A01
202100008700,2,30,,0,2,3,0,B01
202100008701,3,7,,9,0,1,1,A01
202100008702,2,50,,0,2,1,15,B01
202100008702,1,14,,0,2,3,15,A01
202100008703,3,7,,0,2,2,1,A01
202100008703,3,7,,0,2,5,15,B01
202100008704,1,1,,0,1,3,1,A01
202100008705,1,31,,0,2,0,17,A01
202100008705,2,7,,0,2,3,15,B01
202100008706,2,7,,0,2,1,15,B01
202100008706,2,7,,0,2,3,1,C01
202100008706,1,2,,0,2,1,1,A01
202100008707,1,10,,0,2,1,1,A01
202100008707,1,7,,0,2,4,1,B01
202100008708,2,7,,0,2,4,15,B01
202100008708,2,31,,0,2,1,1,A01
202100008709,3,7,,0,2,1,1,B01
202100008709,3,33,,0,2,1,13,A01
202100008710,1,32,,0,2,1,1,B01
202100008710,1,7,,0,2,1,9,A01
202100008711,2,7,,0,2,1,1,B01
202100008711,2,7,,0,2,2,9,A01
202100008712,2,31,,0,2,1,17,A01
202100008712,2,7,,0,2,8,15,B01
202100008713,1,7,,0,2,1,2,B01
202100008713,1,1,,0,2,1,1,A01
202100008714,2,50,,0,2,0,2,A01
202100008715,1,33,,0,2,1,26,A01
202100008715,3,7,,0,2,8,19,B01
202100008716,1,7,,0,2,4,1,A01
202100008716,1,7,,0,2,1,1,C01
202100008716,1,7,,0,2,1,1,B01
202100008717,1,7,,0,2,1,1,A01
202100008717,1,50,,0,2,8,0,B01
202100008718,1,7,,0,1,2,1,A01
202100008719,1,7,,0,2,1,1,A01
202100008719,1,1,,0,2,4,1,B01
202100008720,2,2,,15,2,8,1,B01
202100008720,1,7,,0,2,1,15,A01
202100008721,1,7,,0,2,1,1,B01
202100008721,1,1,,0,2,3,26,A01
202100008722,2,33,,0,0,0,1,A01
202100008723,3,1,,0,2,1,19,A01
202100008724,3,7,,0,2,7,15,A01
202100008724,3,33,,0,2,1,1,B01
202100008725,1,7,,0,2,4,2,D01
202100008725,1,7,,0,2,4,2,C01
202100008725,1,7,,0,2,1,2,B01
202100008725,1,7,,0,2,1,2,A01
202100008726,0,7,,0,2,2,23,B01
202100008726,0,80,,14,0,0,1,A01
202100008727,1,7,,0,1,1,16,A01
202100008728,1,7,,0,1,1,1,A01
202100008729,1,7,,15,2,1,15,A01
202100008729,2,7,,0,2,1,1,B01
202100008730,3,7,,6,0,1,14,A01
202100008731,3,33,,0,2,8,1,B01
202100008731,3,7,,0,2,2,15,A01
202100008732,1,7,,0,1,1,9,A01
202100008733,1,32,,1,2,3,9,A01
202100008733,0,7,,0,2,4,24,D01
202100008734,1,1,,0,2,1,1,B01
202100008734,1,21,,0,9,7,15,A01
202100008735,2,7,,0,2,3,1,B01
202100008735,1,10,,0,2,3,5,A01
202100008736,2,7,,0,2,3,15,A01
202100008736,1,32,,0,2,8,1,B01
202100008737,1,99,,0,2,3,10,A01
202100008737,2,31,,0,2,3,1,B01
202100008738,3,7,,0,1,1,2,A01
202100008739,0,7,,0,1,1,1,A01
202100008740,3,7,,0,2,1,16,A01
202100008740,3,1,,0,2,1,5,B01
202100008741,3,31,,0,2,0,1,A01
202100008741,3,10,,0,2,3,15,B01
202100008742,1,2,,0,2,3,11,A01
202100008742,1,7,,0,2,7,1,B01
202100008743,2,7,,0,2,8,1,B01
202100008743,2,33,,0,2,2,3,A01
202100008744,1,33,,4,0,7,3,A01
202100008745,1,7,,0,2,2,15,A01
202100008745,2,30,,0,2,1,1,B01
202100008746,1,7,,0,2,8,22,A01
202100008746,1,50,,0,2,7,1,B01
202100008747,1,32,,0,2,2,1,B01
202100008747,1,30,,0,2,8,7,A01
202100008748,2,7,,0,1,1,1,A01
202100008749,2,1,,0,2,4,15,B01
202100008749,2,32,,0,2,1,14,A01
202100008750,1,43,,0,2,8,21,A01
202100008751,3,30,,0,2,0,1,Z01
202100008751,1,50,,0,2,7,19,A01
202100008752,3,50,,0,2,8,19,B01
202100008752,1,33,,0,2,1,8,A01
202100008753,2,7,,0,1,1,16,A01
202100008754,2,7,,0,1,1,1,A01
202100008755,1,30,,0,0,0,1,A01
202100008756,1,10,,0,2,6,1,B01
202100008756,3,32,,0,2,6,11,A01
202100008757,1,7,,0,2,0,17,Z01
202100008757,1,1,,0,2,8,13,A01
202100008758,1,1,,0,1,5,1,A01
202100008759,1,80,,0,2,1,1,B01
202100008759,2,50,,0,2,1,5,A01
202100008760,3,33,,0,2,1,16,B01
202100008760,3,7,,0,2,7,14,A01
202100008761,1,1,,0,2,7,5,A01
202100008761,1,7,,0,2,3,15,B01
202100008762,2,7,,0,2,2,9,A01
202100008762,2,7,,0,2,1,1,B01
202100008763,1,43,,0,9,3,18,A01
202100008763,1,13,,0,9,2,0,B01
202100008764,2,43,,0,2,1,19,B01
202100008764,2,7,,0,2,3,15,A01
202100008765,1,7,,0,2,8,1,A01
202100008766,2,50,,15,0,1,25,A01
202100008767,3,7,,0,2,2,15,A01
202100008767,3,34,,0,2,1,1,VB01
202100008768,2,13,,0,2,4,1,Z01
202100008768,2,7,,0,2,1,1,A01
202100008769,-1,7,,6,0,1,2,A01
202100008770,1,30,,1,0,8,1,A01
202100008771,2,20,,6,0,1,1,A01
202100008772,1,40,,0,2,1,26,A01
202100008772,3,60,,0,-1,4,26,B01
202100008773,1,99,,0,2,1,2,A01
202100008773,1,37,2.0,0,2,4,1,B01
202100008774,3,7,,0,2,0,0,B01
202100008774,0,33,,0,2,1,17,A01
202100008775,1,7,,0,1,2,1,A01
202100008776,2,32,,1,0,7,21,A01
202100008777,1,7,,9,1,3,26,A01
202100008778,1,7,,0,1,2,15,A01
202100008779,1,7,,0,1,1,15,A01
202100008780,2,7,,0,1,1,1,A01
202100008781,1,7,,0,1,6,4,A01
202100008782,1,30,,0,0,0,1,A01
202100008783,2,7,,0,0,8,15,A01
202100008783,2,31,,0,2,2,17,B01
202100008784,3,7,,0,2,3,15,B01
202100008784,2,2,,0,2,1,1,A01
202100008785,1,33,,0,0,0,21,A01
202100008785,2,7,,0,0,0,5,B01
202100008786,1,7,,0,2,1,5,A01
202100008786,2,7,,0,2,1,1,B01
202100008786,2,38,1.0,0,2,8,1,C01
202100008787,1,7,,13,0,1,16,A01
202100008788,2,2,,0,2,1,1,B01
202100008788,1,7,,0,2,3,5,A01
202100008789,3,33,,0,1,2,1,A01
202100008790,1,7,,13,0,2,1,A01
202100008791,1,7,,6,2,2,1,A01
202100008792,3,21,,0,2,3,13,A01
202100008792,3,7,,0,2,1,1,B01
202100008793,1,7,,6,0,1,1,A01
202100008794,1,7,,2,0,1,1,A01
202100008795,3,3,,0,2,1,1,B01
202100008795,3,7,,0,2,1,13,A01
202100008796,3,2,,9,0,1,1,A01
202100008797,1,7,,0,0,1,1,B01
202100008797,1,14,,0,0,7,16,A01
202100008798,1,2,,0,1,1,1,A01
202100008799,1,7,,0,2,1,1,C01
202100008799,1,15,,0,2,8,1,B01
202100008799,2,33,,0,2,8,13,A01
202100008800,2,7,,4,0,3,0,A01
202100008801,2,7,,6,0,2,1,A01
202100008802,2,7,,0,0,5,15,A01
202100008802,2,32,,0,2,1,17,B01
202100008803,3,7,,0,1,8,1,A01
202100008804,2,7,,1,0,3,13,A01
202100008805,1,7,,0,2,1,15,B01
202100008805,1,33,,0,2,1,2,A01
202100008806,0,7,,0,2,1,1,B01
202100008806,0,7,,0,2,7,19,A01
202100008807,1,10,,0,1,2,1,A01
202100008808,1,7,,0,2,3,13,A01
202100008808,2,7,,0,2,1,1,B01
202100008809,0,2,,0,0,0,0,A01
202100008810,3,7,,0,2,3,9,B01
202100008810,3,50,,0,2,2,1,A01
202100008811,3,7,,0,1,0,1,A01
202100008812,2,7,,2,0,3,5,A01
202100008813,2,7,,0,2,1,1,B01
202100008813,2,7,,0,2,3,9,A01
202100008814,1,10,,0,2,4,24,B01
202100008814,1,7,,0,2,1,1,A01
202100008815,1,7,,0,2,1,13,A01
202100008815,2,7,,0,2,1,1,B01
202100008816,3,33,,0,2,1,1,B01
202100008816,3,10,,0,0,5,15,A01
202100008817,1,7,,0,1,1,1,A01
202100008818,2,7,,0,2,4,1,A01
202100008818,2,7,,0,2,1,1,B01
202100008819,2,10,,0,2,4,2,A01
202100008819,2,7,,0,2,4,2,B01
202100008819,2,7,,0,2,1,0,C01
202100008820,0,7,,0,2,4,1,B01
202100008820,2,7,,0,2,1,1,A01
202100008821,1,7,,0,2,1,1,B01
202100008821,1,7,,0,2,4,1,A01
202100008822,1,7,,4,2,8,1,B01
202100008822,1,17,,0,2,2,12,A01
202100008822,1,10,,14,0,8,1,C01
202100008823,1,10,,0,2,1,2,A01
202100008823,1,7,,0,2,4,1,B01
202100008823,1,15,,0,2,1,1,C01
202100008823,1,7,,0,2,1,2,D01
202100008823,1,7,,0,2,4,1,E01
202100008824,1,33,,0,2,1,3,B01
202100008824,1,7,,3,2,4,23,A01
202100008825,1,33,,0,0,8,1,A01
202100008825,1,7,,0,0,0,11,Z01
202100008826,2,7,,0,2,4,1,B01
202100008826,2,7,,0,2,1,1,A01
202100008827,2,10,,0,2,0,0,A01
202100008827,2,33,,0,2,0,2,B01
202100008828,2,7,,0,2,4,1,B01
202100008828,2,33,,0,2,1,1,A01
202100008829,2,7,,6,0,0,14,A01
202100008830,1,33,,0,2,8,1,B01
202100008830,1,10,,0,2,2,14,A01
202100008831,2,7,,0,2,5,2,B01
202100008831,2,31,,0,2,1,1,A01
202100008832,1,10,,0,2,4,2,C01
202100008832,1,7,,0,2,4,2,B01
202100008832,1,7,,3,2,1,1,A01
202100008833,2,33,,0,9,1,12,A01
202100008834,2,33,,4,2,1,3,B01
202100008834,2,17,,3,2,2,1,A01
202100008835,1,7,,0,2,4,2,B01
202100008835,1,7,,0,2,1,1,A01
202100008836,2,7,,0,2,1,0,A01
202100008837,3,33,,0,0,8,1,A01
202100008838,1,32,,3,0,1,6,A01
202100008839,1,7,,0,2,7,1,B01
202100008839,1,7,,0,2,1,1,A01
202100008840,1,30,,0,2,1,18,Z01
202100008840,2,30,,0,2,1,15,A01
202100008841,1,7,,0,2,8,16,A01
202100008841,2,80,,0,2,1,1,B01
202100008842,1,7,,0,2,3,1,B01
202100008842,1,30,,0,2,1,15,A01
202100008843,1,1,,0,2,1,2,A01
202100008843,1,7,,0,2,5,23,B01
202100008844,1,7,,0,2,7,15,A01
202100008844,2,43,,0,2,1,1,B01
202100008845,3,7,,0,2,8,1,B01
202100008845,1,1,,0,2,1,1,A01
202100008846,1,32,,0,2,1,17,A01
202100008846,3,80,,0,2,8,19,B01
202100008847,1,10,,0,1,3,1,A01
202100008848,2,30,,0,1,1,15,Z01
202100008849,2,37,1.0,0,0,7,16,Z01
202100008849,2,7,,0,2,5,23,A01
202100008849,2,1,,0,2,8,23,B01
202100008850,1,7,,0,2,8,22,A01
202100008850,1,1,,1,0,2,1,B01
202100008851,1,7,,0,2,1,1,A01
202100008851,1,7,,0,2,3,9,B01
202100008852,2,60,,0,2,5,2,A01
202100008852,2,7,,0,2,5,2,B01
202100008853,1,7,,0,2,4,23,B01
202100008853,2,7,,0,2,1,1,A01
202100008854,1,7,,0,2,3,13,A01
202100008854,1,10,,0,2,3,1,B01
202100008855,-1,34,,0,2,1,26,A01
202100008855,-1,7,,0,2,6,26,B01
202100008856,1,10,,0,1,3,26,A01
202100008857,3,33,,0,2,1,1,B01
202100008857,3,7,,0,2,2,10,A01
202100008858,3,33,,0,1,1,1,A01
202100008859,1,7,,0,1,1,1,A01
202100008860,3,1,,0,1,1,26,A01
202100008861,1,7,,0,2,9,1,A01
202100008861,1,7,,0,2,5,15,B01
202100008861,1,7,,0,2,8,1,C01
202100008862,1,30,,0,2,1,0,B01
202100008862,1,30,,0,2,7,15,A01
202100008863,1,50,,0,1,1,1,A01
202100008864,1,30,,0,2,2,9,A01
202100008864,1,50,,0,2,3,0,B01
202100008865,2,10,,0,2,5,23,B01
202100008865,2,33,,0,2,8,9,A01
202100008866,3,10,,0,2,1,19,A01
202100008866,3,2,,0,2,8,1,B01
202100008867,3,7,,6,0,2,1,A01
202100008868,2,15,,0,0,6,2,B01
202100008868,2,10,,0,2,1,2,A01
202100008869,1,7,,0,2,8,2,B01
202100008869,2,7,,0,2,3,1,A01
202100008870,1,15,,3,0,2,1,A01
202100008870,2,7,,3,0,1,1,B01
202100008870,2,7,,0,2,4,1,C01
202100008870,2,7,,3,2,1,1,D01
202100008871,1,7,,0,1,1,17,A01
202100008872,1,17,,13,0,2,1,A01
202100008873,1,10,,0,2,1,2,A01
202100008873,1,7,,0,2,4,2,B01
202100008874,1,7,,0,1,3,1,A01
202100008875,2,2,,15,2,3,1,B01
202100008875,1,7,,0,2,3,15,A01
202100008876,2,7,,6,0,1,2,A01
202100008877,2,7,,13,0,1,13,A01
202100008878,1,80,,0,0,4,2,A01
202100008878,1,7,,0,2,2,2,B01
202100008879,1,10,,0,2,3,19,A01
202100008879,1,7,,0,2,1,1,B01
202100008880,2,7,,0,2,1,17,A01
202100008880,1,7,,0,2,3,2,B01
202100008880,1,7,,0,2,1,2,C01
202100008880,2,7,,0,9,1,2,D01
202100008881,1,7,,2,0,3,1,A01
202100008882,1,7,,0,1,2,16,A01
202100008883,2,1,,0,2,1,2,A01
202100008883,2,7,,0,0,5,2,B01
202100008884,2,7,,6,0,3,1,A01
202100008885,1,1,,0,2,3,2,B01
202100008885,1,7,,0,9,2,2,A01
202100008886,2,7,,0,1,2,21,A01
202100008887,1,7,,0,2,2,15,B01
202100008887,1,2,,0,0,4,1,A01
202100008888,1,7,,0,2,2,15,A01
202100008888,2,30,,0,2,1,1,B01
202100008889,1,7,,0,2,7,15,A01
202100008889,2,33,,0,2,1,1,B01
202100008890,1,7,,0,2,4,1,A01
202100008890,1,7,,0,2,4,1,B01
202100008890,1,10,,0,2,1,1,C01
202100008891,1,10,,0,1,3,1,A01
202100008892,2,7,,4,0,3,0,A01
202100008893,3,7,,0,2,3,13,A01
202100008893,0,37,2.0,0,2,3,1,B01
202100008894,1,7,,0,0,2,1,A01
202100008895,1,7,,0,2,1,13,A01
202100008895,2,10,,0,0,1,1,B01
202100008895,1,7,,0,0,2,2,C01
202100008896,2,7,,0,0,1,1,B01
202100008896,1,7,,0,2,1,17,A01
202100008897,3,36,,0,0,9,1,A01
202100008898,1,10,,0,2,2,2,A01
202100008899,2,7,,0,2,1,1,C01
202100008899,2,7,,0,2,1,1,B01
202100008899,2,7,,0,0,4,1,A01
202100008900,1,7,,0,2,1,1,B01
202100008900,2,7,,0,2,1,13,A01
202100008901,1,33,,0,0,0,0,A01
202100008902,1,7,,0,2,2,1,B01
202100008902,2,7,,0,2,1,16,A01
202100008903,1,33,,0,2,1,1,B01
202100008903,2,7,,0,0,8,9,A01
202100008904,2,7,,0,0,8,1,A01
202100008905,2,20,,0,2,3,1,B01
202100008905,1,7,,0,2,3,1,A01
202100008906,2,7,,12,0,0,0,A01
202100008907,3,21,,0,2,4,1,B01
202100008907,3,7,,0,2,1,1,A01
202100008908,2,10,,0,2,4,2,A01
202100008908,2,7,,0,2,1,2,B01
202100008908,2,7,,0,2,1,2,C01
202100008908,2,7,,0,2,7,1,D01
202100008909,1,15,,0,2,1,2,C01
202100008909,1,7,,0,2,4,2,A01
202100008909,1,7,,0,2,4,2,B01
202100008910,2,33,,0,2,4,1,D01
202100008910,2,7,,0,2,4,1,C01
202100008910,2,7,,0,2,3,1,B01
202100008910,2,7,,3,2,2,17,A01
202100008911,1,33,,0,2,8,1,B01
202100008911,1,10,,0,2,7,12,A01
202100008912,1,7,,0,2,5,23,B01
202100008912,1,7,,0,2,3,2,A01
202100008913,2,33,,0,2,1,3,A01
202100008913,2,10,,0,2,3,2,E01
202100008913,2,7,,0,2,6,2,B01
202100008913,2,7,,0,2,4,2,D01
202100008913,2,7,,0,2,2,2,C01
202100008914,1,10,,0,2,1,1,I01
202100008914,1,7,,0,2,4,1,K01
202100008914,1,7,,0,2,4,1,J01
202100008914,1,7,,0,2,7,12,A01
202100008914,1,33,,0,2,8,1,B01
202100008914,1,15,,0,2,3,1,C01
202100008914,1,7,,0,2,4,2,F01
202100008914,1,10,,0,2,4,1,D01