Num_Acc,senc,catv,occutc,obs,obsm,choc,manv,num_veh
202100008914,1,7,,0,2,4,1,E01
202100008914,1,7,,0,2,1,1,G01
202100008914,1,10,,0,2,1,2,H01
202100008915,2,17,,4,2,2,12,B01
202100008915,2,7,,4,2,3,18,A01
202100008916,1,7,,0,2,3,2,B01
202100008916,1,30,,4,2,4,2,A01
202100008917,1,33,,0,9,7,1,A01
202100008918,1,1,,0,2,7,2,B01
202100008918,2,7,,0,2,1,1,A01
202100008919,1,7,,0,2,1,10,A01
202100008919,1,33,,0,2,1,1,B01
202100008920,3,7,,0,2,2,15,A01
202100008920,3,7,,0,2,1,1,B01
202100008921,1,7,,0,1,1,20,A01
202100008922,2,7,,0,2,6,15,B01
202100008922,2,7,,0,2,1,13,A01
202100008923,1,7,,0,2,1,13,A01
202100008923,2,7,,0,2,1,26,B01
202100008924,1,7,,0,2,1,26,B01
202100008924,1,99,,0,2,3,26,A01
202100008925,2,7,,0,2,6,1,B01
202100008925,1,7,,0,2,1,13,A01
202100008926,1,32,,0,1,7,1,A01
202100008927,2,7,,0,2,8,19,B01
202100008927,2,50,,0,2,1,19,A01
202100008928,1,7,,0,2,4,2,C01
202100008928,1,7,,0,2,9,2,B01
202100008928,1,7,,0,2,1,2,A01
202100008929,1,32,,0,2,7,1,A01
202100008929,1,7,,0,2,5,1,B01
202100008930,2,10,,0,2,8,9,B01
202100008930,2,7,,0,2,2,1,A01
202100008931,2,33,,12,0,7,2,A01
202100008932,1,30,,12,0,8,26,A01
202100008932,2,7,,1,0,3,21,Z01
202100008933,1,36,,12,0,1,14,A01
202100008934,1,7,,2,0,1,1,A01
202100008935,2,7,,0,2,1,1,A01
202100008935,2,2,,0,2,8,26,B01
202100008936,1,1,,0,2,0,16,B01
202100008936,1,7,,0,2,0,15,A01
202100008937,0,7,,0,2,8,15,B01
202100008937,0,7,,0,2,1,15,A01
202100008938,1,7,,9,0,3,1,A01
202100008938,1,30,,0,2,4,1,B01
202100008939,1,0,,0,2,0,0,B01
202100008939,1,30,,12,0,0,1,A01
202100008940,1,10,,0,2,3,2,A01
202100008940,1,7,,0,2,4,2,B01
202100008941,2,7,,0,2,3,2,A01
202100008941,2,7,,0,2,5,2,B01
202100008942,1,99,,0,2,1,19,A01
202100008942,1,7,,0,2,3,1,B01
202100008943,3,2,,0,2,1,1,B01
202100008943,3,7,,0,2,3,15,A01
202100008944,1,10,,0,2,2,1,B01
202100008944,2,7,,0,2,0,26,A01
202100008945,0,7,,14,0,1,1,A01
202100008946,2,7,,0,2,7,17,Z01
202100008946,2,50,,0,2,8,26,A01
202100008947,1,7,,0,1,2,26,Z01
202100008948,3,7,,0,1,0,1,Z01
202100008949,1,7,,0,1,2,21,A01
202100008950,1,7,,2,2,1,1,A01
202100008950,1,7,,0,2,4,23,B01
202100008951,1,30,,0,2,1,9,A01
202100008951,2,7,,0,2,3,9,B01
202100008952,2,7,,0,2,1,1,A01
202100008952,2,7,,0,2,4,1,C01
202100008952,2,7,,0,2,4,1,B01
202100008953,3,7,,0,2,1,19,A01
202100008953,3,32,,0,2,7,15,B01
202100008954,0,7,,0,2,2,11,B01
202100008954,0,7,,0,2,1,8,A01
202100008955,2,7,,1,1,1,1,Z01
202100008956,2,7,,0,1,1,1,A01
202100008957,3,7,,0,5,1,26,A01
202100008958,3,7,,13,0,9,13,A01
202100008959,3,7,,0,1,4,26,A01
202100008960,2,7,,0,2,1,23,B01
202100008960,1,7,,0,2,1,5,A01
202100008960,2,7,,0,2,1,23,C01
202100008961,2,7,,0,2,1,1,B01
202100008961,1,7,,0,2,7,21,A01
202100008962,1,34,,0,2,8,1,B01
202100008962,1,7,,0,2,3,15,A01
202100008963,1,1,,0,2,4,11,A01
202100008963,1,7,,0,2,2,1,B01
202100008964,1,30,,0,1,1,18,A01
202100008965,1,30,,0,2,0,21,A01
202100008965,2,7,,0,2,0,15,B01
202100008966,2,7,,0,2,0,10,Z01
202100008966,2,1,,0,2,1,1,A01
202100008967,1,80,,0,2,1,1,B01
202100008967,1,7,,0,2,2,15,A01
202100008968,3,1,,0,2,1,17,A01
202100008968,3,50,,0,2,8,10,B01
202100008969,2,1,,0,2,1,19,A01
202100008969,1,7,,0,2,4,16,Z01
202100008970,1,33,,0,2,2,1,A01
202100008970,1,10,,0,2,6,15,Z01
202100008971,1,30,,0,2,1,15,A01
202100008971,2,1,,0,2,1,16,B01
202100008972,2,7,,0,2,1,2,B01
202100008972,2,7,,0,2,4,23,A01
202100008973,1,1,,0,2,2,19,A01
202100008973,1,7,,0,9,2,1,B01
202100008974,0,7,,0,2,1,13,A01
202100008974,0,10,,0,2,1,2,B01
202100008975,1,7,,0,0,0,0,C01
202100008975,1,7,,0,2,4,0,B01
202100008975,1,7,,0,2,1,0,A01
202100008976,1,34,,0,2,7,9,A01
202100008976,2,7,,0,0,0,26,B01
202100008977,2,50,,0,2,3,16,A01
202100008977,2,7,,0,2,8,1,B01
202100008978,3,7,,0,2,1,1,A01
202100008979,2,33,,12,0,2,14,A01
202100008980,3,7,,0,1,1,19,A01
202100008981,1,36,,3,0,1,26,A01
202100008982,2,7,,0,1,2,1,A01
202100008983,1,7,,0,1,1,1,A01
202100008984,3,10,,0,2,1,15,B01
202100008984,3,10,,0,2,1,1,A01
202100008985,1,7,,0,2,2,14,A01
202100008985,1,7,,0,2,3,1,B01
202100008986,2,7,,0,2,2,2,A01
202100008986,2,7,,0,0,4,1,B01
202100008987,1,33,,0,2,2,21,A01
202100008987,2,7,,0,2,2,15,B01
202100008988,0,7,,0,1,2,19,A01
202100008989,1,7,,0,0,3,1,A01
202100008989,0,1,,0,2,2,1,B01
202100008990,3,7,,0,2,1,1,B01
202100008990,3,7,,0,2,6,19,A01
202100008991,3,7,,0,2,1,13,A01
202100008991,3,99,,0,2,1,1,B01
202100008992,1,10,,0,2,1,1,B01
202100008992,1,7,,0,2,4,1,A01
202100008993,2,33,,0,6,1,1,A01
202100008994,1,7,,2,0,2,1,A01
202100008995,2,7,,2,0,9,13,A01
202100008996,1,33,,0,0,0,26,A01
202100008997,2,7,,0,0,0,0,A01
202100008998,3,7,,2,0,1,1,A01
202100008999,1,7,,0,2,6,15,B01
202100008999,2,7,,0,2,3,1,C01
202100008999,1,7,,0,2,1,13,A01
202100009000,2,1,,0,2,1,1,B01
202100009000,2,16,,0,2,0,19,A01
202100009001,2,10,,3,2,1,13,A01
202100009001,1,7,,0,2,1,1,B01
202100009002,1,7,,0,2,1,13,A01
202100009002,2,14,,0,2,1,1,B01
202100009003,3,16,,16,0,8,16,A01
202100009004,1,7,,0,2,2,1,B01
202100009004,2,7,,0,2,1,13,A01
202100009005,2,7,,0,2,7,13,A01
202100009005,1,10,,0,2,1,1,B01
202100009006,2,2,,0,2,1,0,A01
202100009006,1,7,,0,2,3,0,B01
202100009007,1,33,,0,0,1,1,A01
202100009008,2,7,,2,0,1,13,A01
202100009009,1,7,,0,2,2,13,B01
202100009009,2,7,,0,2,2,21,A01
202100009010,2,7,,0,0,0,2,B01
202100009010,2,7,,2,0,2,17,A01
202100009011,2,1,,0,2,0,1,B01
202100009011,1,7,,0,2,3,15,A01
202100009012,3,7,,2,0,1,1,A01
202100009013,3,21,,2,0,1,26,A01
202100009014,2,7,,0,1,7,1,B01
202100009014,3,7,,0,2,1,5,A01
202100009015,1,7,,0,2,8,15,B01
202100009015,1,43,,0,2,1,3,A01
202100009016,1,1,,0,2,1,1,B01
202100009016,2,10,,0,9,3,9,A01
202100009017,2,7,,14,0,0,2,E01
202100009017,2,7,,14,0,0,17,D01
202100009017,2,7,,14,0,0,17,C01
202100009017,2,17,,0,0,4,2,B01
202100009017,2,7,,0,2,1,2,A01
202100009018,2,7,,0,2,1,2,A01
202100009018,1,7,,0,0,4,1,B01
202100009019,2,10,,0,0,4,23,C01
202100009019,2,7,,0,2,1,1,B01
202100009019,2,7,,3,2,2,17,A01
202100009020,1,7,,13,0,9,2,A01
202100009021,2,7,,3,0,3,13,A01
202100009022,1,7,,0,2,4,1,A01
202100009022,1,10,,0,2,1,1,B01
202100009023,2,7,,0,2,1,1,A01
202100009023,2,7,,0,0,4,1,B01
202100009023,2,7,,0,0,7,17,C01
202100009024,1,33,,0,2,1,1,B01
202100009024,2,10,,0,2,2,15,A01
202100009025,1,10,,0,1,6,1,A01
202100009026,1,33,,13,0,1,1,A01
202100009027,2,7,,0,2,1,1,B01
202100009027,1,7,,0,2,1,13,A01
202100009027,2,7,,0,2,1,1,C01
202100009028,1,33,,4,0,0,1,A01
202100009029,1,7,,0,2,3,1,A01
202100009029,3,7,,0,2,2,19,B01
202100009030,1,33,,0,2,7,1,A01
202100009030,2,7,,0,2,2,9,B01
202100009031,2,2,,0,0,0,1,A01
202100009032,2,2,,0,2,1,1,B01
202100009032,1,7,,0,2,2,15,A01
202100009033,3,36,,2,0,2,1,A01
202100009034,1,7,,13,0,2,1,A01
202100009035,2,7,,0,2,1,16,A01
202100009035,0,80,,0,2,7,19,B01
202100009036,0,7,,0,2,3,1,A01
202100009036,0,7,,0,2,3,1,B01
202100009037,2,7,,0,2,8,1,B01
202100009037,2,7,,0,2,5,14,A01
202100009038,1,7,,0,2,1,0,B01
202100009038,1,7,,0,2,4,1,A01
202100009039,1,32,,0,2,8,1,C01
202100009039,1,10,,0,2,3,14,B01
202100009039,1,7,,0,2,5,2,A01
202100009040,1,7,,0,2,4,1,B01
202100009040,1,10,,0,2,1,9,A01
202100009041,1,7,,0,2,4,1,A01
202100009041,1,7,,1,0,1,1,B01
202100009041,1,7,,0,2,0,0,C01
202100009042,1,7,,0,2,4,1,D01
202100009042,1,7,,0,2,4,0,C01
202100009042,1,7,,0,2,6,1,B01
202100009042,1,7,,0,2,1,2,A01
202100009043,2,7,,4,0,2,14,A01
202100009044,2,7,,13,0,1,16,A01
202100009045,2,7,,0,2,4,2,C01
202100009045,2,7,,0,2,1,2,B01
202100009045,2,7,,0,2,1,2,A01
202100009046,1,7,,0,0,4,2,B01
202100009046,1,7,,0,2,1,2,A01
202100009047,1,7,,1,2,1,2,A01
202100009047,1,10,,1,2,4,0,B01
202100009047,1,7,,1,2,4,0,C01
202100009048,1,7,,0,2,8,13,A01
202100009048,1,7,,0,2,2,1,B01
202100009049,1,7,,13,0,1,2,A01
202100009050,2,10,,0,2,2,17,A01
202100009050,2,7,,0,2,6,1,B01
202100009051,1,10,,0,2,1,14,A01
202100009051,1,7,,0,2,4,1,B01
202100009051,1,7,,0,2,5,1,C01
202100009052,2,7,,0,2,4,24,B01
202100009052,2,10,,1,0,1,1,A01
202100009053,2,7,,0,2,1,2,A01
202100009053,2,7,,0,2,4,2,B01
202100009054,1,7,,0,2,8,1,B01
202100009054,1,7,,0,2,7,1,A01
202100009055,2,7,,0,2,3,13,C01
202100009055,2,7,,0,2,7,1,B01
202100009055,2,7,,0,2,5,1,A01
202100009056,1,33,,0,0,0,1,A01
202100009057,1,7,,0,2,4,1,B01
202100009057,1,7,,0,2,1,2,A01
202100009058,1,7,,4,2,3,26,A01
202100009059,2,7,,0,2,1,9,A01
202100009059,2,7,,0,2,1,2,B01
202100009059,2,7,,0,2,4,1,C01
202100009060,1,7,,0,1,2,1,A01
202100009061,3,7,,0,1,1,1,A01
202100009062,1,31,,0,1,7,1,A01
202100009063,3,7,,0,0,0,26,A01
202100009064,1,7,,12,0,1,26,A01
202100009065,2,7,,0,0,9,14,A01
202100009066,2,32,,0,2,6,13,A01
202100009066,2,30,,0,2,8,13,B01
202100009067,1,14,,0,2,8,13,A01
202100009067,1,34,,0,9,7,1,B01
202100009068,1,1,,0,0,0,0,B01
202100009068,1,2,,0,2,8,26,A01
202100009069,0,7,,0,2,1,2,B01
202100009069,0,7,,0,2,3,16,A01
202100009070,0,7,,0,2,1,2,A01
202100009070,0,33,,0,2,3,2,B01
202100009071,2,32,,0,1,1,1,A01
202100009072,0,32,,0,2,5,1,A01
202100009072,3,10,,0,2,3,15,B01
202100009073,1,7,,0,2,3,1,B01
202100009073,1,7,,0,2,2,13,A01
202100009074,3,34,,0,2,2,1,B01
202100009074,3,7,,0,2,1,15,A01
202100009075,1,2,,10,0,2,1,B01
202100009075,1,7,,10,0,2,26,A01
202100009076,1,31,,0,2,1,1,B01
202100009076,2,7,,0,2,2,15,A01
202100009077,2,7,,0,2,1,1,B01
202100009077,1,7,,0,2,2,15,A01
202100009078,0,32,,0,2,1,1,A01
202100009078,0,3,,0,2,1,1,B01
202100009079,2,7,,0,1,2,15,A01
202100009080,2,33,,0,2,0,1,B01
202100009080,2,7,,0,0,0,15,A01
202100009081,0,7,,0,0,3,9,A01
202100009082,2,33,,0,2,7,2,B01
202100009082,2,7,,0,2,8,15,Z01
202100009083,2,7,,0,2,2,1,B01
202100009083,2,50,,0,2,3,1,A01
202100009084,3,7,,0,2,3,1,B01
202100009084,3,7,,0,2,1,13,A01
202100009085,0,50,,0,2,1,26,C01
202100009085,3,7,,0,9,6,1,A01
202100009086,1,7,,0,1,2,1,A01
202100009087,2,7,,12,0,7,1,A01
202100009088,1,7,,0,2,3,19,B01
202100009088,1,7,,0,2,2,19,A01
202100009089,1,10,,0,2,4,1,B01
202100009089,1,7,,0,2,1,1,A01
202100009090,1,7,,0,2,1,2,A01
202100009090,1,7,,0,2,4,2,B01
202100009091,1,7,,8,0,2,1,A01
202100009092,1,7,,0,1,1,1,A01
202100009093,0,7,,0,2,1,1,B01
202100009093,1,7,,0,2,1,21,A01
202100009094,1,33,,0,1,1,1,A01
202100009095,3,33,,0,2,1,5,A01
202100009095,3,7,,0,2,3,1,B01
202100009096,3,7,,0,9,1,1,B01
202100009096,3,1,,0,2,1,5,A01
202100009097,3,10,,0,1,1,0,A01
202100009098,3,7,,0,2,0,15,Z01
202100009098,3,1,,0,2,8,1,B01
202100009099,2,30,,0,2,1,1,B01
202100009099,2,7,,0,2,6,20,A01
202100009100,2,7,,0,1,1,1,A01
202100009101,1,7,,0,2,1,2,A01
202100009101,1,7,,0,2,4,2,B01
202100009102,3,10,,0,2,1,1,A01
202100009102,0,7,,0,2,4,1,B01
202100009103,1,15,,6,0,1,26,A01
202100009104,0,7,,0,2,0,0,B01
202100009104,0,7,,0,2,3,0,A01
202100009105,1,7,,4,0,8,9,A01
202100009106,1,7,,2,0,3,1,A01
202100009107,2,7,,0,2,1,1,B01
202100009107,1,7,,0,2,1,13,A01
202100009108,1,10,,0,0,1,9,A01
202100009109,1,7,,0,2,5,16,A01
202100009109,1,7,,0,2,1,2,B01
202100009110,2,30,,0,1,1,5,Z01
202100009111,1,7,,0,2,1,1,A01
202100009111,2,13,,0,2,8,15,B01
202100009112,1,31,,0,0,8,14,A01
202100009113,3,1,,0,2,7,1,B01
202100009113,3,7,,0,2,1,9,A01
202100009114,1,7,,13,0,6,13,A01
202100009115,3,7,,6,0,1,15,A01
202100009116,1,31,,0,2,8,3,A01
202100009116,1,7,,0,2,7,13,Z01
202100009117,2,7,,0,2,1,2,A01
202100009117,2,7,,0,2,4,2,B01
202100009118,1,1,,0,2,1,1,B01
202100009118,1,7,,0,2,5,16,A01
202100009119,1,32,,0,2,8,1,B01
202100009119,1,7,,0,2,7,16,A01
202100009120,2,1,,0,0,0,1,A01
202100009121,2,34,,0,2,2,1,A01
202100009121,1,7,,0,2,5,15,B01
202100009122,2,2,,0,2,8,1,B01
202100009122,1,37,2.0,0,2,1,1,A01
202100009123,1,50,,0,2,8,13,B01
202100009123,1,37,1.0,0,2,5,17,A01
202100009124,3,0,,0,1,0,0,Z01
202100009125,2,50,,0,2,6,16,A01
202100009125,1,10,,0,2,6,1,B01
202100009126,1,7,,0,0,5,19,B01
202100009126,2,33,,0,2,1,0,A01
202100009127,3,7,,1,0,1,2,A01
202100009128,3,7,,0,2,1,26,A01
202100009128,3,33,,0,2,7,26,B01
202100009128,3,7,,0,2,4,24,C01
202100009129,1,7,,12,0,1,1,A01
202100009130,-1,7,,0,2,4,2,B01
202100009130,-1,7,,0,2,1,2,A01
202100009131,1,10,,0,1,2,2,A01
202100009132,2,43,,0,0,0,0,A01
202100009132,2,7,,2,2,3,15,B01
202100009132,1,7,,2,2,1,15,C01
202100009133,1,7,,0,2,8,9,A01
202100009133,1,1,,0,2,7,1,B01
202100009134,1,2,,0,2,2,3,B01
202100009134,1,7,,0,2,3,15,A01
202100009135,2,7,,3,0,1,1,A01
202100009136,1,7,,0,2,1,26,A01
202100009136,1,33,,0,2,4,23,B01
202100009137,1,2,,9,0,1,1,A01
202100009138,1,7,,0,2,3,0,A01
202100009138,1,31,,0,2,2,0,B01
202100009139,1,2,,0,2,3,19,A01
202100009139,1,7,,0,2,2,1,B01
202100009140,2,7,,0,2,1,2,A01
202100009140,2,7,,0,0,4,2,B01
202100009141,2,7,,6,0,8,1,A01
202100009142,1,7,,0,2,1,1,B01
202100009142,2,7,,0,0,3,15,A01
202100009143,1,33,,6,0,2,1,A01
202100009144,1,7,,0,2,3,0,B01
202100009144,2,7,,0,2,2,0,A01
202100009145,1,7,,0,2,3,1,B01
202100009145,2,7,,0,2,3,1,A01
202100009146,2,33,,0,2,5,2,B01
202100009146,2,7,,0,2,3,9,A01
202100009147,1,7,,2,0,1,16,A01
202100009148,2,7,,0,2,3,9,A01
202100009148,1,2,,0,2,1,11,B01
202100009149,1,7,,0,2,3,1,B01
202100009149,2,7,,0,2,3,15,A01
202100009150,1,7,,0,1,2,1,A01
202100009151,2,7,,0,2,7,1,B01
202100009151,2,7,,0,2,1,9,A01
202100009152,2,7,,0,2,1,1,B01
202100009152,1,7,,0,2,1,13,A01
202100009153,1,7,,0,2,2,1,A01
202100009153,2,33,,3,2,1,13,B01
202100009154,2,7,,0,2,1,1,B01
202100009154,1,7,,0,2,2,15,A01
202100009155,2,7,,8,0,8,14,A01
202100009156,1,7,,0,2,3,1,B01
202100009156,2,7,,0,2,1,13,A01
202100009157,1,7,,6,2,3,1,B01
202100009157,2,7,,0,2,3,13,A01
202100009158,1,80,,2,0,0,0,A01
202100009159,2,33,,13,0,1,16,A01
202100009160,2,33,,16,0,8,0,A01
202100009161,1,7,,13,0,8,1,A01
202100009162,1,7,,0,2,3,13,A01
202100009162,2,7,,0,2,3,1,B01
202100009163,1,7,,13,0,3,1,A01
202100009164,1,7,,0,2,2,15,A01
202100009164,2,33,,0,2,1,1,B01
202100009165,1,36,,8,0,1,1,A01
202100009166,0,30,,0,2,1,1,B01
202100009166,0,32,,0,2,1,1,A01
202100009167,1,7,,11,0,0,1,A01
202100009168,1,7,,7,0,9,1,A01
202100009169,3,33,,0,2,1,1,A01
202100009169,3,7,,0,2,2,1,B01
202100009170,1,33,,0,2,3,0,A01
202100009170,2,7,,0,2,3,0,B01
202100009171,1,3,,0,2,3,9,A01
202100009171,1,33,,0,2,1,1,B01
202100009172,2,7,,8,0,2,1,A01
202100009173,2,7,,13,0,2,14,A01
202100009174,1,7,,15,0,1,1,A01
202100009175,1,7,,0,2,1,1,B01
202100009175,2,7,,0,2,1,13,A01
202100009176,2,7,,0,2,1,1,B01
202100009176,-1,7,,0,2,3,19,A01
202100009177,2,7,,17,0,1,11,A01
202100009178,1,33,,0,6,1,1,A01
202100009179,2,1,,0,2,3,1,B01
202100009179,1,7,,0,0,5,17,A01
202100009180,2,7,,0,2,1,2,C01
202100009180,2,7,,0,2,4,2,B01
202100009180,2,7,,0,2,4,1,A01
202100009181,1,7,,6,0,3,1,A01
202100009182,1,7,,0,2,6,2,A01
202100009182,1,7,,0,2,2,2,B01
202100009183,1,7,,0,2,6,1,B01
202100009183,1,7,,0,2,2,1,A01
202100009184,2,7,,0,2,4,23,B01
202100009184,2,7,,0,2,1,1,A01
202100009185,1,32,,4,0,1,9,A01
202100009186,1,43,,16,0,1,1,A01
202100009187,2,7,,0,2,1,2,A01
202100009187,2,7,,0,2,9,2,B01
202100009187,2,7,,0,2,9,2,C01
202100009187,2,7,,0,2,9,2,D01
202100009187,2,7,,0,2,4,2,E01
202100009188,2,7,,0,2,1,2,B01
202100009188,2,7,,0,2,1,2,A01
202100009189,2,33,,4,0,1,1,A01
202100009190,2,7,,0,2,4,2,D01
202100009190,2,7,,0,2,4,2,C01
202100009190,2,7,,0,2,4,2,B01
202100009190,2,10,,0,2,1,2,A01
202100009191,2,7,,0,1,1,15,A01
202100009192,2,2,,0,1,1,17,A01
202100009193,1,7,,6,2,3,1,B01
202100009193,1,10,,0,2,2,1,A01
202100009194,2,3,,0,2,4,1,A01
202100009195,1,7,,0,2,3,15,A01
202100009195,1,33,,0,2,2,7,B01
202100009196,1,7,,0,1,3,1,A01
202100009197,1,7,,0,1,1,0,B01
202100009197,1,10,,0,2,2,0,A01
202100009198,1,2,,0,2,7,1,B01
202100009198,1,7,,0,2,1,9,A01
202100009199,1,7,,0,2,1,1,B01
202100009199,1,30,,0,2,5,1,A01
202100009200,0,7,,0,2,0,0,A01
202100009200,0,2,,0,2,1,1,B01
202100009201,3,7,,0,2,2,0,A01
202100009201,1,30,,0,2,8,1,B01
202100009202,-1,32,,0,2,2,15,A01
202100009202,-1,10,,0,0,0,0,B01
202100009203,1,7,,0,1,3,2,A01
202100009204,1,7,,0,2,8,16,B01
202100009204,2,99,,0,2,1,25,A01
202100009205,3,33,,0,0,8,1,A01
202100009206,1,7,,0,1,3,0,A01
202100009207,3,99,,0,0,0,1,A01
202100009208,2,7,,0,1,3,1,A01
202100009209,3,7,,0,2,2,15,A01
202100009209,-1,33,,0,2,1,1,B01
202100009210,3,1,,0,2,6,1,B01
202100009210,1,7,,0,2,3,15,A01
202100009211,3,7,,12,0,1,26,A01
202100009212,1,7,,0,2,0,1,Z01
202100009212,1,1,,0,2,0,19,B01
202100009213,3,7,,0,2,3,1,A01
202100009213,3,1,,0,2,1,16,B01
202100009214,2,7,,0,2,6,9,B01
202100009214,2,33,,0,2,1,21,A01
202100009215,2,7,,0,0,2,17,A01
202100009216,2,7,,1,0,2,1,A01
202100009217,3,10,,0,2,6,24,B01
202100009217,3,7,,1,0,3,14,A01
202100009218,1,7,,0,2,2,26,C01
202100009218,1,10,,0,2,3,9,A01
202100009218,1,30,,0,2,5,2,B01
202100009219,1,7,,0,1,1,9,A01
202100009220,2,7,,0,1,1,1,A01
202100009221,2,15,,0,2,3,1,A01
202100009221,1,15,,0,2,1,1,B01
202100009222,2,7,,0,1,2,1,A01
202100009223,1,14,,0,1,3,15,A01
202100009224,1,10,,0,2,4,2,C01
202100009224,1,7,,0,2,4,0,B01
202100009224,1,7,,0,2,1,26,A01
202100009225,3,7,,0,2,3,15,A01
202100009225,3,2,,0,2,8,1,B01
202100009226,1,7,,0,2,4,23,C01
202100009226,1,7,,0,2,4,23,B01
202100009226,1,7,,0,2,1,2,A01
202100009227,1,7,,0,2,6,16,A01
202100009227,1,33,,0,2,1,11,B01
202100009228,2,7,,1,2,6,1,C01
202100009228,2,7,,0,2,3,1,B01
202100009228,2,7,,0,2,2,14,A01
202100009229,1,7,,0,0,4,23,B01
202100009229,1,7,,0,2,1,23,A01
202100009229,1,7,,0,2,1,1,C01
202100009230,2,7,,0,2,1,1,B01
202100009230,1,7,,0,2,2,1,A01
202100009231,2,1,,0,2,2,19,B01
202100009231,1,7,,0,2,2,1,A01
202100009232,0,7,,0,1,2,16,A01
202100009233,1,1,,0,1,0,25,A01
202100009234,2,7,,0,1,1,15,A01
202100009235,2,33,,0,2,7,17,B01
202100009235,3,7,,0,2,0,15,A01
202100009236,2,10,,0,1,3,15,A01
202100009237,1,7,,1,0,1,14,A01
202100009238,1,7,,0,0,1,1,A01
202100009239,3,7,,0,2,1,16,A01
202100009239,3,50,,1,2,1,19,B01
202100009240,3,7,,0,2,2,1,A01
202100009240,3,7,,0,2,1,1,B01
202100009241,1,7,,0,2,7,15,A01
202100009241,1,7,,0,2,1,1,B01
202100009242,1,7,,0,1,4,4,A01
202100009243,1,7,,0,2,3,1,A01
202100009243,1,2,,0,2,2,1,B01
202100009244,2,7,,0,2,1,13,B01
202100009244,1,14,,0,2,1,1,A01
202100009245,0,7,,0,2,4,4,A01
202100009245,0,1,,0,2,4,2,B01
202100009246,0,7,,0,2,6,15,A01
202100009246,0,33,,0,2,1,17,B01
202100009247,2,7,,0,2,1,0,A01
202100009247,1,7,,0,2,3,2,B01
202100009248,1,1,,0,2,8,23,B01
202100009248,2,7,,0,2,3,15,A01
202100009249,2,1,,9,2,7,1,A01
202100009249,1,7,,9,2,7,19,B01
202100009250,3,33,,0,1,1,16,A01
202100009251,1,7,,0,2,4,1,C01
202100009251,1,7,,0,2,4,2,B01
202100009251,1,7,,0,2,1,2,A01
202100009252,2,7,,15,0,3,1,A01
202100009253,1,7,,3,0,1,1,A01
202100009254,0,7,,0,1,1,1,A01
202100009255,2,7,,0,2,2,15,A01
202100009255,1,30,,0,2,1,1,B01
202100009256,1,7,,0,2,3,15,A01
202100009256,1,31,,0,2,1,1,B01
202100009257,3,31,,0,2,1,2,A01
202100009257,3,7,,0,2,4,2,B01
202100009258,1,7,,0,2,3,9,A01
202100009258,1,2,,0,2,7,26,B01
202100009259,1,7,,0,2,1,2,B01
202100009259,1,7,,0,2,1,2,C01
202100009259,1,7,,0,2,4,1,A01
202100009260,1,7,,0,2,1,2,B01
202100009260,1,10,,0,2,4,16,A01
202100009261,1,50,,0,0,0,0,B01
202100009261,1,7,,0,2,3,26,A01
202100009262,3,7,,0,2,3,1,B01
202100009262,3,14,,0,2,2,1,A01
202100009263,0,10,,0,2,3,15,A01
202100009263,0,2,,0,2,1,17,B01
202100009264,1,33,,0,2,4,2,B01
202100009264,1,33,,0,2,1,2,A01
202100009265,1,7,,0,2,4,1,D01
202100009265,1,7,,0,2,4,1,G01
202100009265,1,7,,0,2,4,1,F01
202100009265,1,7,,0,2,4,1,C01
202100009265,1,7,,0,2,4,1,E01
202100009265,1,7,,0,2,4,1,B01
202100009265,1,7,,0,2,1,1,A01
202100009266,1,7,,0,1,1,1,Z01
202100009267,1,33,,0,2,2,17,A01
202100009267,1,7,,0,2,3,15,B01
202100009268,3,7,,0,2,1,0,A01
202100009268,1,7,,0,2,9,2,B01
202100009269,0,7,,0,2,5,1,B01
202100009269,2,37,3.0,0,2,8,13,A01
202100009270,2,7,,8,0,7,13,A01
202100009271,3,7,,7,0,1,1,A01
202100009272,2,7,,0,0,1,1,A01
202100009273,1,1,,0,2,7,1,A01
202100009273,1,7,,0,2,3,15,B01
202100009274,2,7,,0,2,1,0,A01
202100009274,2,7,,0,2,4,0,B01
202100009275,1,32,,0,2,8,13,A01
202100009275,1,7,,0,2,7,1,B01
202100009276,2,7,,0,2,1,1,B01
202100009276,1,7,,0,2,1,13,A01
202100009277,1,7,,0,1,4,20,A01
202100009278,2,31,,8,0,1,1,A01
202100009279,3,7,,0,2,1,19,B01
202100009279,2,7,,0,2,0,1,A01
202100009280,1,2,,0,2,4,1,A01
202100009280,1,7,,0,2,1,1,Z01
202100009281,1,7,,0,2,5,2,B01
202100009281,1,33,,0,2,1,2,A01
202100009282,1,14,,0,2,2,16,A01
202100009282,1,1,,0,2,4,1,B01
202100009283,1,33,,1,1,1,1,A01
202100009284,1,1,,0,1,2,1,A01
202100009285,1,7,,0,2,0,1,A01
202100009285,1,7,,0,2,4,1,C01
202100009285,1,7,,0,2,4,1,B01
202100009286,1,7,,0,2,1,1,A01
202100009286,1,1,,0,2,4,13,B01
202100009287,3,33,,0,2,1,1,B01
202100009287,1,7,,0,2,2,15,A01
202100009288,2,7,,0,1,1,1,A01
202100009289,2,33,,0,2,4,1,A01
202100009289,2,7,,0,2,4,23,B01
202100009290,1,7,,0,2,1,1,A01
202100009290,2,31,,0,2,4,1,B01
202100009291,2,43,,0,1,1,1,A01
202100009292,1,50,,0,1,1,5,A01
202100009293,1,7,,0,2,2,15,A01