Num_Acc,senc,catv,occutc,obs,obsm,choc,manv,num_veh
202100009293,2,1,,0,2,1,1,B01
202100009294,2,80,,12,2,1,13,A01
202100009294,1,1,,0,2,1,1,B01
202100009295,1,1,,0,1,1,1,Z01
202100009296,0,33,,0,2,1,1,B01
202100009296,3,7,,0,2,5,9,A01
202100009297,2,2,,0,2,1,2,B01
202100009297,2,7,,0,2,4,2,A01
202100009298,1,7,,0,2,1,0,B01
202100009298,1,31,,0,2,5,0,A01
202100009299,1,7,,0,1,1,15,A01
202100009300,2,2,,0,2,1,1,A01
202100009300,1,7,,0,2,3,15,B01
202100009301,2,10,,0,2,1,9,A01
202100009301,3,33,,0,2,0,0,B01
202100009302,2,32,,0,2,1,1,A01
202100009302,3,7,,0,2,4,2,Z01
202100009303,1,7,,0,2,1,1,B01
202100009303,1,7,,0,2,1,0,A01
202100009304,2,10,,0,1,1,1,A01
202100009305,1,7,,0,1,2,15,A01
202100009306,1,7,,0,1,1,26,A01
202100009307,3,7,,0,2,1,15,A01
202100009307,3,15,,0,2,1,1,B01
202100009308,1,7,,0,1,1,14,A01
202100009309,-1,31,,0,2,1,2,B01
202100009309,-1,3,,0,0,4,1,A01
202100009310,1,7,,0,2,6,4,A01
202100009310,1,34,,6,2,2,1,B01
202100009311,2,2,,0,2,2,23,B01
202100009311,1,7,,0,2,3,1,A01
202100009312,1,7,,0,1,2,9,A01
202100009313,1,7,,0,2,6,9,B01
202100009313,2,34,,0,2,1,21,A01
202100009314,3,7,,0,2,3,2,B01
202100009314,3,2,,0,2,1,2,A01
202100009315,1,7,,0,1,2,19,A01
202100009316,1,3,,0,0,5,15,B01
202100009316,0,43,,0,2,1,18,A01
202100009317,0,7,,0,1,8,26,A01
202100009318,3,30,,0,0,0,0,A01
202100009319,1,7,,0,1,3,1,A01
202100009320,1,2,,0,2,1,1,A01
202100009320,1,37,1.0,0,2,8,1,B01
202100009321,3,33,,0,2,1,1,B01
202100009321,3,7,,0,2,6,26,A01
202100009322,1,30,,0,2,8,18,B01
202100009322,1,7,,0,2,2,16,A01
202100009323,2,7,,0,2,3,15,A01
202100009323,2,32,,0,2,7,1,B01
202100009324,0,30,,0,0,0,26,A01
202100009325,1,30,,0,2,2,1,A01
202100009325,3,7,,0,2,3,15,B01
202100009326,3,7,,0,2,4,2,A01
202100009326,3,33,,0,2,1,2,B01
202100009327,1,1,,0,2,3,19,B01
202100009327,2,43,,0,2,3,1,A01
202100009328,0,31,,12,0,8,1,A01
202100009329,1,7,,0,2,1,1,A01
202100009329,2,20,,0,2,3,1,B01
202100009330,2,7,,13,0,2,1,A01
202100009331,1,7,,13,0,9,6,A01
202100009332,2,7,,0,1,2,1,A01
202100009333,1,7,,2,6,2,21,A01
202100009334,2,7,,0,2,1,1,B01
202100009334,1,7,,0,0,7,1,A01
202100009335,1,7,,6,0,1,1,A01
202100009336,1,1,,0,2,5,1,B01
202100009336,1,7,,0,9,2,1,A01
202100009337,3,7,,2,0,1,0,A01
202100009338,1,7,,0,2,3,1,B01
202100009338,2,33,,8,2,1,1,A01
202100009339,1,33,,5,0,7,14,A01
202100009340,1,7,,0,2,3,1,B01
202100009340,2,7,,0,2,3,13,A01
202100009341,3,7,,0,1,1,1,A01
202100009342,1,7,,0,2,3,2,B01
202100009342,1,80,,0,2,1,2,A01
202100009343,1,10,,0,2,1,1,B01
202100009343,1,7,,8,2,4,1,A01
202100009344,1,7,,0,2,8,15,B01
202100009344,1,33,,0,2,1,17,A01
202100009345,1,7,,15,0,1,1,A01
202100009346,1,7,,13,0,2,1,A01
202100009347,2,7,,0,2,9,0,B01
202100009347,1,7,,0,2,1,1,A01
202100009348,1,7,,0,1,2,1,A01
202100009349,1,7,,0,2,4,15,B01
202100009349,1,7,,0,2,3,1,A01
202100009349,2,7,,0,2,1,1,C01
202100009350,1,7,,0,2,3,1,B01
202100009350,2,33,,0,2,1,17,A01
202100009351,1,7,,0,2,6,1,B01
202100009351,1,10,,0,0,1,1,A01
202100009352,3,7,,0,2,3,19,A01
202100009352,3,2,,0,2,1,1,B01
202100009353,1,30,,0,6,1,2,B01
202100009353,1,7,,0,2,1,2,A01
202100009354,1,7,,0,2,8,19,B01
202100009354,2,7,,0,2,1,1,A01
202100009355,2,15,,0,2,3,1,B01
202100009355,1,10,,0,2,8,1,A01
202100009356,2,7,,2,0,1,19,A01
202100009357,1,2,,0,2,1,21,A01
202100009357,1,10,,0,0,2,11,B01
202100009357,1,7,,0,2,1,1,C01
202100009358,0,2,,14,9,0,0,A01
202100009359,1,7,,0,2,4,0,B01
202100009359,1,33,,0,2,1,1,A01
202100009360,2,7,,0,2,1,2,A01
202100009360,2,15,,0,0,4,2,B01
202100009361,2,2,,0,0,0,0,A01
202100009362,1,7,,0,2,3,1,C01
202100009362,2,7,,1,2,3,13,A01
202100009362,2,7,,0,0,6,15,B01
202100009363,2,2,,15,0,2,14,A01
202100009364,1,2,,0,2,1,17,A01
202100009364,1,7,,0,2,6,15,B01
202100009365,2,7,,0,2,1,1,B01
202100009365,1,7,,0,2,1,1,A01
202100009366,1,7,,0,2,8,15,A01
202100009366,1,33,,0,2,1,17,B01
202100009367,3,2,,0,2,1,1,B01
202100009367,3,7,,0,0,2,15,A01
202100009368,2,7,,0,0,3,15,A01
202100009368,1,1,,0,0,7,1,B01
202100009369,3,7,,0,2,8,15,A01
202100009369,2,7,,0,2,3,1,B01
202100009370,3,7,,0,1,4,4,A01
202100009371,1,7,,6,0,1,1,A01
202100009372,3,1,,0,0,8,1,B01
202100009372,3,7,,0,9,3,2,A01
202100009373,2,7,,0,2,1,1,A01
202100009373,2,33,,0,2,4,1,B01
202100009373,2,7,,0,2,4,1,C01
202100009374,1,7,,0,2,1,1,B01
202100009374,0,7,,0,2,3,26,A01
202100009375,1,33,,0,0,4,16,A01
202100009375,1,7,,0,2,1,1,B01
202100009376,1,33,,0,2,8,1,B01
202100009376,1,7,,0,2,7,1,A01
202100009377,1,17,,0,2,2,1,A01
202100009377,1,7,,0,2,9,17,B01
202100009378,2,7,,0,2,1,2,A01
202100009378,2,7,,0,2,4,1,B01
202100009379,1,7,,0,2,2,14,A01
202100009379,1,7,,4,2,3,1,B01
202100009380,2,7,,0,2,4,1,B01
202100009380,2,7,,0,2,2,1,A01
202100009381,2,10,,0,2,1,2,A01
202100009381,2,7,,0,2,4,2,B01
202100009381,2,10,,0,2,4,2,C01
202100009381,2,7,,0,2,4,2,E01
202100009381,2,7,,0,2,4,2,D01
202100009382,2,7,,1,2,1,2,C01
202100009382,2,7,,1,2,4,2,D01
202100009382,2,7,,1,2,5,2,B01
202100009382,2,10,,1,0,1,2,A01
202100009383,2,33,,3,0,7,18,A01
202100009384,1,7,,2,0,1,0,A01
202100009385,2,7,,4,0,3,1,A01
202100009386,2,7,,5,0,1,1,A01
202100009387,2,7,,0,0,5,2,B01
202100009387,2,31,,0,2,3,2,A01
202100009388,2,7,,4,0,1,1,A01
202100009389,1,7,,4,0,1,1,A01
202100009390,1,7,,4,0,1,1,A01
202100009391,1,7,,0,2,4,2,D01
202100009391,1,7,,0,2,4,2,C01
202100009391,1,7,,0,2,4,2,B01
202100009391,1,10,,0,2,1,2,A01
202100009392,1,33,,0,2,2,3,B01
202100009392,1,10,,0,2,6,11,A01
202100009393,2,1,,0,1,1,1,A01
202100009394,1,7,,0,2,7,1,C01
202100009394,1,7,,0,2,2,14,A01
202100009394,1,7,,0,2,3,1,B01
202100009395,1,34,,0,2,1,2,A01
202100009395,1,10,,0,2,4,2,B01
202100009396,1,2,,0,2,3,1,B01
202100009396,3,7,,0,2,1,15,A01
202100009397,3,33,,6,0,0,16,A01
202100009398,1,7,,0,2,1,13,A01
202100009398,2,7,,0,2,8,0,B01
202100009399,3,2,,0,2,1,1,B01
202100009399,1,7,,0,2,2,15,A01
202100009400,1,7,,0,1,7,1,A01
202100009401,2,10,,0,2,1,1,A01
202100009401,2,7,,0,2,4,1,B01
202100009402,0,0,,0,1,0,26,C01
202100009403,1,3,,0,2,2,15,A01
202100009403,2,34,,0,2,8,8,B01
202100009404,2,7,,0,2,3,15,A01
202100009404,3,7,,0,2,0,1,B01
202100009405,1,7,,16,0,0,0,B01
202100009405,1,7,,0,2,1,2,A01
202100009406,3,1,,0,2,1,19,B01
202100009406,2,7,,0,9,2,1,A01
202100009407,1,30,,0,2,1,3,A01
202100009407,1,7,,0,2,6,11,B01
202100009408,1,30,,0,1,1,1,A01
202100009409,3,7,,0,1,1,26,A01
202100009410,3,7,,0,2,1,15,A01
202100009410,3,30,,0,2,1,1,B01
202100009411,1,7,,0,2,3,20,A01
202100009411,1,2,,0,2,1,1,B01
202100009412,1,7,,0,2,4,2,B01
202100009412,1,7,,0,2,1,2,Y01
202100009413,2,7,,0,2,3,1,B01
202100009413,2,7,,0,2,1,1,A01
202100009414,1,1,,0,2,4,1,B01
202100009414,1,7,,0,2,2,1,A01
202100009415,2,7,,0,2,3,22,A01
202100009415,2,1,,1,0,1,1,B01
202100009416,0,7,,0,2,3,15,A01
202100009416,0,7,,0,2,3,1,B01
202100009417,3,7,,8,0,3,13,A01
202100009418,0,2,,0,2,4,1,B01
202100009418,0,7,,0,2,1,15,A01
202100009419,1,7,,0,2,2,1,A01
202100009419,1,1,,0,2,3,15,B01
202100009420,1,7,,0,2,1,15,A01
202100009420,2,32,,0,2,1,1,B01
202100009421,1,7,,0,2,1,15,B01
202100009421,0,7,,0,2,3,26,A01
202100009422,3,10,,0,1,3,1,A01
202100009423,3,30,,9,0,1,5,B01
202100009423,3,7,,9,0,0,0,A01
202100009424,3,7,,0,2,1,17,Z01
202100009425,2,7,,0,2,3,1,B01
202100009425,1,7,,0,2,3,13,A01
202100009426,1,7,,0,2,4,1,B01
202100009426,1,7,,0,2,1,2,A01
202100009427,1,7,,0,1,2,1,A01
202100009428,1,2,,0,2,4,2,B01
202100009428,1,7,,0,9,1,2,A01
202100009429,1,7,,0,2,4,1,B01
202100009429,1,7,,0,2,1,1,A01
202100009430,0,-1,,1,0,5,24,B01
202100009430,0,7,,1,0,2,1,A01
202100009431,1,50,,0,2,0,26,B01
202100009431,1,7,,0,2,0,26,A01
202100009432,1,38,1.0,0,2,2,24,B01
202100009432,1,7,,1,0,1,26,A01
202100009433,3,7,,0,2,3,16,B01
202100009433,3,7,,0,2,2,1,A01
202100009434,3,7,,0,1,3,1,A01
202100009435,2,7,,0,2,2,16,B01
202100009435,2,2,,0,2,3,1,A01
202100009436,3,7,,0,2,1,15,A01
202100009436,3,1,,0,2,1,1,B01
202100009437,2,10,,0,2,4,2,B01
202100009437,2,10,,0,2,1,2,A01
202100009438,2,7,,0,2,0,0,Z01
202100009438,2,7,,0,2,4,1,A01
202100009439,1,7,,0,2,1,16,A01
202100009439,1,1,,0,2,0,1,B01
202100009440,3,7,,0,1,0,15,A01
202100009441,2,30,,0,2,1,1,A01
202100009442,1,32,,0,2,7,17,B01
202100009442,1,7,,0,2,3,1,A01
202100009443,1,1,,0,2,0,1,B01
202100009443,1,7,,0,2,3,15,A01
202100009444,3,7,,0,1,2,0,A01
202100009445,3,7,,0,1,2,2,A01
202100009446,1,7,,0,2,3,1,B01
202100009446,1,10,,0,2,2,15,A01
202100009447,0,0,,0,1,0,26,A01
202100009448,0,32,,15,0,7,1,A01
202100009449,2,30,,0,2,0,9,A01
202100009449,2,2,,0,2,0,9,B01
202100009450,3,34,,0,2,1,1,B01
202100009450,3,7,,0,2,3,15,A01
202100009451,1,7,,0,1,1,1,A01
202100009452,2,7,,0,0,1,14,A01
202100009453,1,10,,0,0,9,1,A01
202100009454,3,33,,0,2,3,1,B01
202100009454,1,30,,0,2,1,26,A01
202100009455,1,7,,0,2,2,26,A01
202100009455,1,7,,0,2,2,26,B01
202100009456,1,17,,0,2,7,12,A01
202100009456,1,7,,4,2,8,1,B01
202100009457,1,7,,0,2,8,11,B01
202100009457,1,34,,0,2,1,3,A01
202100009458,2,7,,4,2,6,1,B01
202100009458,2,7,,0,2,2,14,A01
202100009459,1,1,,0,2,0,19,B01
202100009459,2,32,,0,2,5,1,A01
202100009460,1,33,,12,0,0,1,A01
202100009461,2,1,,0,0,0,1,A01
202100009462,1,1,,9,0,1,1,A01
202100009463,2,33,,0,1,2,17,A01
202100009464,3,7,,4,0,1,13,A01
202100009465,1,1,,0,0,0,21,A01
202100009466,1,30,,0,0,7,1,A01
202100009467,1,33,,0,2,1,1,A01
202100009468,2,7,,1,0,3,13,A01
202100009469,2,10,,8,2,7,1,A01
202100009469,1,7,,0,0,0,0,B01
202100009470,1,10,,0,1,3,15,A01
202100009471,3,7,,0,2,4,23,C01
202100009471,3,7,,0,2,4,23,B01
202100009471,3,7,,0,2,1,2,A01
202100009472,1,7,,0,2,2,15,A01
202100009472,1,32,,0,2,3,0,B01
202100009473,1,7,,0,9,1,1,B01
202100009473,1,1,,0,2,4,23,A01
202100009474,1,7,,0,2,3,9,B01
202100009474,1,10,,0,2,1,1,A01
202100009475,1,32,,0,2,2,17,A01
202100009475,1,7,,0,2,6,23,B01
202100009476,3,30,,1,0,1,14,A01
202100009477,2,7,,0,2,3,1,B01
202100009477,1,7,,0,2,1,15,A01
202100009478,2,15,,0,2,1,26,A01
202100009478,2,15,,0,2,4,1,B01
202100009479,1,7,,0,2,1,2,A01
202100009479,1,7,,0,2,4,2,B01
202100009479,1,7,,0,2,4,2,C01
202100009480,2,7,,0,1,1,16,A01
202100009481,1,7,,0,2,1,11,A01
202100009481,2,7,,0,2,3,9,B01
202100009482,1,7,,0,2,1,19,A01
202100009482,2,31,,0,2,8,19,B01
202100009483,1,7,,0,2,3,19,A01
202100009483,1,7,,0,2,1,19,B01
202100009484,0,7,,0,1,6,26,A01
202100009485,1,7,,0,1,1,1,A01
202100009486,2,10,,0,2,5,1,B01
202100009486,2,33,,0,2,1,1,A01
202100009487,3,7,,0,1,1,1,A01
202100009488,3,7,,0,2,3,0,B01
202100009488,3,34,,0,2,8,1,A01
202100009489,2,7,,0,2,1,1,A01
202100009489,2,10,,0,2,4,2,B01
202100009490,1,7,,9,2,1,1,Z01
202100009490,1,33,,9,2,4,1,B01
202100009491,2,7,,0,2,2,1,A01
202100009491,0,32,,0,2,0,0,B01
202100009492,1,7,,2,0,3,11,A01
202100009493,1,21,,0,2,3,15,B01
202100009493,1,7,,0,2,9,17,A01
202100009494,2,7,,2,0,3,1,A01
202100009495,2,7,,0,2,1,12,A01
202100009495,1,33,,0,2,3,1,B01
202100009496,0,36,,0,2,1,1,A01
202100009496,0,7,,0,0,1,23,B01
202100009497,1,34,,0,2,4,2,B01
202100009497,1,10,,0,0,1,1,A01
202100009498,1,10,,13,0,9,1,A01
202100009499,2,7,,0,1,2,1,A01
202100009500,3,7,,6,0,1,1,A01
202100009501,3,7,,0,1,5,4,A01
202100009501,0,7,,0,1,2,23,B01
202100009502,1,7,,0,1,1,1,A01
202100009503,2,7,,15,0,9,1,A01
202100009504,1,1,,0,0,4,2,A01
202100009504,1,7,,0,2,2,2,B01
202100009505,1,7,,0,2,6,1,B01
202100009505,1,2,,0,2,1,1,A01
202100009506,1,10,,3,2,3,2,A01
202100009506,2,20,,0,2,3,24,B01
202100009507,2,7,,15,0,7,13,A01
202100009508,2,7,,0,0,4,23,B01
202100009508,2,7,,0,2,1,2,A01
202100009509,1,2,,5,0,7,1,A01
202100009510,2,10,,0,2,1,2,A01
202100009510,2,7,,0,0,4,2,B01
202100009511,2,7,,0,2,1,2,A01
202100009511,2,7,,0,2,4,2,B01
202100009511,2,7,,0,2,4,2,C01
202100009512,1,30,,0,0,2,1,A01
202100009513,1,2,,0,2,1,1,B01
202100009513,2,10,,0,0,3,15,A01
202100009514,2,7,,0,2,1,17,A01
202100009514,1,7,,0,2,1,1,B01
202100009515,0,1,,0,2,1,2,B01
202100009515,3,7,,0,9,7,19,A01
202100009516,2,10,,8,0,3,13,A01
202100009517,1,13,,0,0,2,0,A01
202100009517,2,33,,0,0,0,17,B01
202100009518,2,7,,0,2,1,13,A01
202100009518,1,7,,0,2,1,1,B01
202100009519,3,7,,0,2,3,1,B01
202100009519,3,14,,0,2,3,1,A01
202100009520,3,10,,0,2,1,2,B01
202100009520,3,7,,0,2,4,2,A01
202100009521,2,32,,0,0,0,1,A01
202100009522,1,2,,0,2,1,1,B01
202100009522,1,7,,0,2,2,15,A01
202100009523,1,7,,13,0,9,1,A01
202100009524,1,33,,0,0,0,2,A01
202100009525,1,7,,0,2,1,19,B01
202100009525,2,7,,0,2,2,21,A01
202100009526,2,7,,0,2,2,1,A01
202100009526,2,10,,0,2,6,1,B01
202100009527,2,10,,0,2,1,1,C01
202100009527,2,7,,13,2,3,1,B01
202100009527,1,7,,0,2,1,13,A01
202100009528,2,7,,2,0,3,17,A01
202100009529,2,7,,0,0,1,0,A01
202100009529,2,7,,0,2,7,0,B01
202100009530,2,10,,0,9,8,14,B01
202100009530,1,33,,0,0,0,1,A01
202100009531,1,7,,8,0,3,0,A01
202100009532,3,7,,0,2,6,14,B01
202100009532,3,7,,3,2,7,13,A01
202100009533,2,7,,0,0,4,15,B01
202100009533,2,7,,0,2,1,26,A01
202100009534,-1,7,,0,0,6,23,B01
202100009534,-1,33,,0,2,1,2,A01
202100009535,3,7,,0,1,5,4,A01
202100009536,1,7,,13,0,2,1,A01
202100009537,1,7,,0,2,1,13,A01
202100009537,2,7,,0,2,1,1,B01
202100009538,3,10,,0,1,1,0,A01
202100009539,2,10,,0,2,3,13,A01
202100009539,1,7,,0,2,3,1,B01
202100009539,2,10,,0,2,1,1,C01
202100009540,0,50,,0,2,8,19,B01
202100009540,0,7,,0,2,1,2,A01
202100009541,0,7,,15,2,1,1,A01
202100009541,0,7,,0,2,7,9,B01
202100009542,0,7,,0,2,3,23,C01
202100009542,0,10,,0,2,2,19,A01
202100009542,0,7,,14,2,1,1,B01
202100009543,2,10,,0,2,3,13,A01
202100009543,1,7,,0,9,1,11,B01
202100009543,1,15,,0,2,3,1,C01
202100009543,1,7,,0,2,1,1,D01
202100009543,1,7,,0,2,1,1,E01
202100009544,2,10,,0,2,4,2,A01
202100009544,2,10,,0,2,1,2,B01
202100009545,1,32,,0,2,1,3,B01
202100009545,1,7,,0,2,5,23,A01
202100009546,2,7,,0,2,7,12,A01
202100009546,2,33,,0,2,1,3,B01
202100009547,3,7,,0,0,0,1,A01
202100009548,1,33,,0,2,8,1,A01
202100009549,2,7,,0,2,0,11,B01
202100009549,2,31,,0,2,0,3,A01
202100009550,1,7,,14,0,1,0,A01
202100009551,2,7,,3,0,3,26,A01
202100009552,1,7,,0,2,2,2,B01
202100009552,1,7,,0,2,4,11,A01
202100009553,1,7,,0,2,0,1,C01
202100009553,1,33,,0,2,0,1,B01
202100009553,1,33,,0,2,0,11,A01
202100009554,1,33,,0,2,8,3,B01
202100009554,1,7,,0,2,7,12,A01
202100009555,2,7,,3,0,1,1,A01
202100009556,1,7,,4,2,1,1,A01
202100009556,1,7,,4,2,4,1,B01
202100009557,2,7,,4,0,1,1,A01
202100009558,2,7,,0,2,0,0,Z01
202100009558,2,7,,0,2,6,1,A01
202100009559,1,7,,0,2,8,11,A01
202100009559,1,33,,0,2,7,3,B01
202100009560,2,7,,0,2,1,2,A01
202100009560,2,10,,0,2,4,2,B01
202100009560,2,7,,0,2,4,2,C01
202100009561,1,7,,3,0,1,1,A01
202100009562,1,7,,3,0,1,1,A01
202100009563,1,7,,0,2,2,14,A01
202100009563,1,7,,3,2,6,11,B01
202100009564,2,7,,6,0,1,1,A01
202100009565,1,7,,0,1,3,1,A01
202100009566,2,14,,0,2,6,23,A01
202100009566,2,33,,14,0,1,2,B01
202100009566,2,33,,0,2,0,0,C01
202100009567,2,7,,0,2,3,15,B01
202100009567,1,34,,0,2,3,16,A01
202100009568,3,7,,0,0,0,1,A01
202100009569,1,7,,0,1,0,15,B01
202100009570,2,7,,0,2,1,15,A01
202100009570,1,2,,0,2,1,1,B01
202100009571,2,7,,0,2,7,16,C01
202100009571,2,0,,0,2,7,1,B01
202100009572,1,7,,0,2,5,15,A01
202100009572,1,7,,0,2,2,1,B01
202100009573,1,7,,0,2,3,15,A01
202100009573,1,32,,0,2,0,0,B01
202100009574,2,10,,0,2,4,1,C01
202100009574,2,7,,0,2,1,2,A01
202100009574,2,7,,0,2,4,2,B01
202100009575,1,34,,0,1,1,17,A01
202100009576,2,34,,0,2,2,1,B01
202100009576,1,7,,0,2,2,15,A01
202100009577,2,99,,0,2,1,1,A01
202100009577,2,7,,0,2,3,1,B01
202100009578,2,7,,15,2,1,1,A01
202100009578,2,7,,0,2,4,1,B01
202100009579,1,31,,0,2,1,9,B01
202100009579,2,7,,0,2,7,1,A01
202100009580,2,10,,0,9,3,9,A01
202100009580,3,50,,0,2,1,1,B01
202100009581,2,7,,0,1,1,9,A01
202100009582,0,2,,0,0,0,1,A01
202100009583,2,7,,0,1,3,26,A01
202100009584,2,3,,0,2,1,15,A01
202100009584,1,50,,0,2,7,19,B01
202100009585,1,10,,1,0,2,9,C01
202100009585,2,7,,0,2,2,1,B01
202100009585,1,10,,0,2,8,22,A01
202100009586,2,2,,0,2,2,1,B01
202100009586,1,7,,0,2,3,15,A01
202100009587,0,2,,0,2,1,1,B01
202100009587,0,7,,0,2,8,9,A01
202100009588,2,30,,0,9,1,1,A01
202100009589,1,7,,0,2,8,22,A01
202100009589,1,1,,1,0,1,1,B01
202100009590,1,7,,0,1,2,1,A01
202100009591,1,7,,0,2,2,15,A01
202100009591,2,33,,0,2,1,17,B01
202100009592,2,7,,0,1,3,1,A01
202100009593,2,37,1.0,0,1,1,1,A01
202100009594,3,7,,0,2,3,9,A01
202100009594,0,50,,0,0,0,0,B01
202100009595,1,7,,0,2,3,13,A01
202100009595,2,10,,0,2,3,0,B01
202100009596,1,7,,0,2,4,1,B01
202100009596,1,13,,0,2,1,1,A01
202100009597,1,3,,4,0,3,26,A01
202100009598,1,43,,0,0,8,0,A01
202100009599,1,7,,0,2,0,1,Z01
202100009599,2,7,,0,2,2,1,B01
202100009600,1,7,,15,0,1,14,A01
202100009601,2,7,,4,0,3,0,A01
202100009602,3,7,,0,2,1,1,A01
202100009602,3,7,,0,2,1,1,B01
202100009602,3,7,,0,2,1,1,C01
202100009602,3,7,,0,2,1,0,D01
202100009603,2,7,,1,0,1,13,A01
202100009604,1,7,,0,2,4,1,C01
202100009604,1,7,,0,2,1,1,B01
202100009604,1,7,,0,2,1,9,A01
202100009605,2,7,,0,2,3,2,A01
202100009605,3,80,,0,2,8,19,B01
202100009606,0,2,,0,2,1,1,B01
202100009606,0,7,,0,2,5,15,A01
202100009607,-1,7,,0,2,2,15,A01
202100009607,-1,2,,0,2,1,26,B01
202100009608,0,7,,0,2,2,1,A01
202100009608,0,2,,0,2,8,1,B01
202100009609,2,7,,0,1,1,1,A01
202100009610,3,1,,0,2,7,1,B01
202100009610,2,7,,0,2,1,9,A01
202100009611,1,7,,0,2,8,10,A01
202100009611,1,33,,0,2,1,1,B01
202100009612,3,30,,0,2,1,1,B01
202100009612,3,7,,0,2,7,15,A01
202100009613,1,32,,0,2,2,17,B01
202100009613,1,1,,0,2,8,13,A01
202100009614,1,7,,0,2,8,1,C01
202100009614,1,33,,0,2,7,12,B01
202100009614,1,33,,0,2,8,3,A01
202100009615,2,7,,0,2,1,13,A01
202100009615,1,7,,0,2,8,1,B01
202100009615,2,32,,0,2,8,7,C01
202100009616,1,80,,0,2,2,1,A01
202100009616,1,30,,0,2,0,13,Z01
202100009617,1,32,,0,1,1,1,A01
202100009618,2,43,,12,0,1,13,A01
202100009619,1,7,,0,2,4,23,B01
202100009619,1,30,,0,2,1,2,A01
202100009620,2,7,,0,1,1,15,A01
202100009621,3,7,,0,2,2,1,A01
202100009621,3,2,,0,2,8,1,B01
202100009622,2,7,,0,2,3,1,B01
202100009622,1,7,,0,2,2,15,A01
202100009623,2,10,,0,1,3,15,A01
202100009624,2,1,,0,0,1,21,A01
202100009625,1,31,,0,1,1,1,A01
202100009626,1,32,,0,2,2,16,A01
202100009626,2,1,,0,2,8,7,B01
202100009627,3,7,,0,2,1,1,A01
202100009627,3,7,,0,2,5,1,B01
202100009628,1,7,,0,2,0,1,A01
202100009628,2,33,,0,2,0,1,B01
202100009629,1,30,,1,1,1,14,A01
202100009630,1,32,,0,0,0,1,A01
202100009631,1,7,,1,0,1,16,A01
202100009632,1,14,,0,2,3,15,A01
202100009632,1,43,,0,2,2,17,B01
202100009633,1,10,,0,1,2,16,A01
202100009634,1,7,,0,2,4,1,B01
202100009634,1,7,,0,2,1,1,A01
202100009635,2,33,,0,2,1,1,B01
202100009635,3,7,,0,2,2,15,A01
202100009636,1,7,,0,2,0,0,B01
202100009636,1,7,,0,2,0,9,A01
202100009637,2,7,,0,0,4,23,B01
202100009637,2,7,,0,2,1,1,A01
202100009638,1,7,,1,0,7,1,B01
202100009638,1,15,,0,2,7,22,A01
202100009639,1,7,,0,0,5,19,B01
202100009639,1,7,,0,2,1,19,A01
202100009640,1,32,,0,2,1,18,B01
202100009640,1,7,,0,2,2,16,A01
202100009641,1,10,,1,2,1,5,A01
202100009641,2,7,,0,2,2,1,B01
202100009642,1,10,,14,0,8,13,A01
202100009642,1,2,,14,0,2,17,B01
202100009643,3,7,,0,2,2,15,B01
202100009643,3,31,,0,2,1,1,A01
202100009644,1,32,,0,2,1,18,A01
202100009644,1,7,,0,2,2,16,B01
202100009645,0,7,,0,1,1,9,A01
202100009646,2,10,,0,2,3,16,B01
202100009646,2,10,,14,2,3,9,A01
202100009647,-1,99,,0,2,7,15,B01
202100009647,-1,33,,0,9,7,0,A01
202100009648,3,32,,0,2,7,17,B01
202100009648,3,99,,0,0,8,1,A01
202100009649,1,7,,0,1,1,2,A01
202100009650,1,7,,0,1,2,2,A01
202100009651,0,7,,0,2,0,0,Z01
202100009651,3,7,,0,2,3,15,A01
202100009652,1,7,,0,9,2,1,B01
202100009652,1,2,,0,0,8,10,A01
202100009653,3,7,,0,2,1,23,D01
202100009653,3,7,,0,2,3,1,A01
202100009653,3,7,,0,2,3,13,B01
202100009654,3,7,,0,0,8,17,A01
202100009654,3,1,,0,0,7,11,B01
202100009655,1,33,,0,0,7,1,A01
202100009656,2,2,,0,1,0,2,A01
202100009657,1,7,,0,2,3,1,C01
202100009657,2,7,,0,2,8,1,B01
202100009657,2,7,,0,2,3,15,A01
202100009658,2,7,,0,9,2,1,A01
202100009658,2,1,,0,2,7,1,B01
202100009659,2,7,,0,1,2,1,A01
202100009660,1,7,,6,0,1,1,A01
202100009661,0,7,,0,1,2,1,A01
202100009662,2,33,,0,0,3,1,A01
202100009663,1,7,,5,0,8,13,A01
202100009664,1,33,,0,2,1,1,A01
202100009664,1,7,,0,2,1,16,B01
202100009665,3,7,,0,1,1,1,A01
202100009666,1,7,,0,2,1,1,B01
202100009666,1,7,,0,0,3,1,C01
202100009666,2,7,,0,2,0,13,A01
202100009667,1,7,,0,2,0,1,A01
202100009667,0,7,,0,2,0,16,B01
202100009668,2,7,,0,1,1,1,A01
202100009669,2,10,,0,2,1,9,B01
202100009669,1,10,,11,2,1,1,A01
202100009670,1,7,,4,2,3,0,A01
202100009670,2,15,,0,0,8,1,B01
202100009671,2,7,,3,0,0,1,A01
202100009672,1,2,,0,2,0,1,B01
202100009672,2,0,,0,2,0,15,A01
202100009673,1,7,,13,0,7,1,A01
202100009674,2,7,,0,2,1,0,C01
202100009674,2,7,,0,2,4,0,B01
202100009674,2,10,,0,2,1,0,A01
202100009674,2,7,,0,2,4,0,D01
202100009675,1,7,,0,0,0,1,A01
202100009676,1,7,,0,2,2,9,A01
202100009676,1,7,,0,2,6,1,B01
202100009677,1,7,,0,2,1,1,A01