Num_Acc,senc,catv,occutc,obs,obsm,choc,manv,num_veh
202100009677,2,7,,0,2,1,1,B01
202100009678,2,10,,0,2,2,2,A01
202100009678,2,15,,0,0,6,1,B01
202100009679,1,7,,13,0,9,26,A01
202100009680,2,7,,0,2,4,1,B01
202100009680,2,7,,0,2,5,1,C01
202100009680,2,7,,3,2,5,1,D01
202100009680,2,99,,0,2,3,1,A01
202100009681,1,7,,0,0,4,2,B01
202100009681,1,14,,0,2,1,2,A01
202100009682,2,10,,0,2,4,2,B01
202100009682,2,2,,0,2,1,2,A01
202100009683,3,2,,0,2,3,13,A01
202100009683,3,10,,0,2,3,21,B01
202100009684,1,7,,0,2,3,1,B01
202100009684,2,7,,0,2,3,13,A01
202100009685,1,7,,0,2,1,17,A01
202100009685,2,13,,0,2,1,26,B01
202100009686,1,7,,0,2,3,1,B01
202100009686,1,7,,0,2,3,13,A01
202100009687,0,99,,0,2,3,1,B01
202100009687,0,7,,0,2,1,1,A01
202100009688,3,7,,0,1,1,19,A01
202100009689,1,7,,2,0,1,1,A01
202100009690,1,7,,0,2,1,13,A01
202100009690,2,7,,0,2,1,0,B01
202100009690,1,7,,0,2,1,21,E01
202100009690,2,7,,0,0,3,0,D01
202100009690,2,7,,14,0,1,2,C01
202100009691,3,7,,8,0,1,0,A01
202100009692,1,2,,0,6,3,0,A01
202100009693,1,7,,0,2,3,15,A01
202100009693,2,7,,0,2,1,1,B01
202100009694,2,7,,13,2,7,1,A01
202100009694,1,7,,0,0,6,1,C01
202100009694,1,10,,0,2,2,1,B01
202100009695,1,1,,0,2,7,1,B01
202100009695,1,7,,0,2,2,1,A01
202100009696,3,7,,0,0,1,0,A01
202100009697,2,7,,0,9,3,15,A01
202100009697,3,1,,0,2,7,1,B01
202100009698,3,7,,0,2,8,1,A01
202100009698,3,7,,0,2,1,19,B01
202100009699,2,7,,13,0,9,13,A01
202100009700,1,7,,4,0,8,19,A01
202100009701,2,7,,0,2,4,2,B01
202100009701,1,7,,0,2,1,2,A01
202100009702,1,17,,0,2,1,1,C01
202100009702,1,7,,0,2,3,1,B01
202100009702,1,10,,0,2,5,11,A01
202100009703,1,99,,0,0,0,23,A01
202100009703,1,15,,1,0,3,21,D01
202100009703,1,7,,1,0,0,22,C01
202100009703,1,10,,1,0,1,21,B01
202100009704,1,7,,3,0,0,1,A01
202100009705,2,7,,0,2,0,0,A01
202100009705,1,7,,0,2,0,0,B01
202100009706,2,7,,0,2,0,0,A01
202100009706,2,33,,0,2,0,0,B01
202100009707,2,7,,0,2,5,12,A01
202100009707,2,33,,0,2,3,3,B01
202100009708,2,7,,0,2,6,1,B01
202100009708,2,15,,0,2,2,14,A01
202100009709,1,7,,0,2,4,13,A01
202100009709,1,33,,0,2,1,3,B01
202100009710,1,7,,0,2,4,2,B01
202100009710,1,7,,0,2,1,2,A01
202100009711,1,33,,0,0,0,21,A01
202100009712,2,32,,0,2,1,3,A01
202100009712,2,7,,0,2,2,12,B01
202100009713,2,32,,0,2,3,1,B01
202100009713,2,7,,0,2,5,12,A01
202100009714,1,33,,0,2,2,3,B01
202100009714,1,7,,0,2,8,11,A01
202100009715,2,7,,0,2,2,14,A01
202100009715,2,7,,0,2,3,1,B01
202100009715,2,7,,0,2,1,1,C01
202100009715,2,14,,0,2,2,1,D01
202100009716,2,32,,0,0,7,21,A01
202100009717,2,10,,0,2,3,15,A01
202100009717,2,2,,0,2,1,2,B01
202100009718,1,7,,0,1,2,1,A01
202100009719,1,7,,0,1,2,9,A01
202100009720,3,30,,0,2,1,19,A01
202100009720,1,7,,0,2,8,1,B01
202100009721,0,7,,0,1,1,9,A01
202100009722,1,7,,0,1,1,1,A01
202100009723,1,7,,0,9,6,15,B01
202100009723,2,2,,0,2,0,15,A01
202100009724,2,2,,0,2,1,15,B01
202100009724,2,7,,0,2,3,15,A01
202100009725,2,2,,0,2,7,1,B01
202100009725,1,7,,0,2,1,15,A01
202100009726,2,7,,0,2,4,1,B01
202100009726,2,7,,0,2,1,26,A01
202100009727,2,10,,0,1,6,15,A01
202100009728,0,99,,8,0,1,15,A01
202100009729,1,33,,0,2,4,2,B01
202100009729,1,7,,0,2,2,26,A01
202100009730,1,99,,0,2,1,1,A01
202100009730,2,99,,0,2,8,15,B01
202100009731,2,7,,0,2,4,23,B01
202100009731,2,7,,0,2,1,2,A01
202100009732,1,43,,13,2,7,14,A01
202100009732,1,7,,0,2,1,9,B01
202100009733,3,7,,0,1,2,19,A01
202100009734,1,10,,0,1,3,26,A01
202100009735,2,1,,1,0,1,1,B01
202100009735,1,7,,0,0,0,0,A01
202100009736,1,7,,0,2,1,1,A01
202100009736,1,7,,0,2,3,0,B01
202100009737,1,10,,0,2,1,1,Z01
202100009737,1,7,,0,2,4,4,A01
202100009738,2,7,,13,0,1,14,A01
202100009739,2,7,,0,2,4,2,B01
202100009739,2,7,,0,2,4,2,C01
202100009739,2,7,,0,2,1,2,A01
202100009740,1,50,,0,0,8,1,A01
202100009741,2,7,,3,2,4,2,B01
202100009741,2,7,,3,2,1,2,A01
202100009742,2,7,,0,1,0,1,A01
202100009742,2,7,,0,2,1,2,B01
202100009743,0,7,,0,1,1,1,A01
202100009744,0,10,,0,1,6,15,A01
202100009745,0,3,,0,2,3,1,B01
202100009745,0,7,,0,2,1,15,A01
202100009746,2,32,,6,0,7,14,A01
202100009747,2,7,,0,1,7,26,A01
202100009748,0,7,,0,0,2,9,A01
202100009749,3,7,,0,1,2,26,A01
202100009750,1,7,,0,1,2,1,A01
202100009751,2,7,,0,2,2,0,B01
202100009751,1,7,,1,2,3,0,A01
202100009752,1,7,,0,2,3,15,A01
202100009753,2,7,,0,2,3,1,B01
202100009753,1,1,,0,2,1,19,A01
202100009754,1,7,,0,2,5,16,A01
202100009754,2,1,,0,2,1,19,B01
202100009755,2,7,,0,2,6,9,A01
202100009755,2,7,,0,2,2,1,B01
202100009756,1,43,,0,1,1,1,A01
202100009757,1,10,,0,2,1,1,A01
202100009757,1,7,,0,2,4,1,B01
202100009757,1,7,,0,2,4,1,C01
202100009758,1,7,,0,2,1,1,C01
202100009758,1,7,,0,2,1,1,B01
202100009758,2,7,,0,2,2,15,A01
202100009759,3,7,,1,0,1,2,A01
202100009759,3,7,,1,0,4,23,B01
202100009759,3,7,,0,2,4,23,C01
202100009760,2,7,,0,2,4,15,B01
202100009760,2,7,,0,2,3,17,A01
202100009761,0,14,,0,1,5,26,A01
202100009762,3,30,,0,2,1,1,B01
202100009762,3,7,,0,2,3,15,A01
202100009763,3,7,,0,9,8,11,A01
202100009763,3,31,,0,2,7,1,B01
202100009764,1,7,,0,2,4,1,B01
202100009764,1,7,,0,2,1,16,A01
202100009765,3,7,,0,2,4,20,A01
202100009765,3,7,,0,2,1,24,B01
202100009766,1,10,,0,1,2,1,A01
202100009767,1,7,,6,0,9,1,A01
202100009768,2,7,,0,2,1,2,B01
202100009768,1,7,,6,2,5,19,A01
202100009769,1,7,,0,2,1,1,A01
202100009769,2,7,,0,2,1,1,B01
202100009770,1,7,,0,2,3,2,A01
202100009770,1,7,,0,2,4,2,B01
202100009771,2,7,,0,2,6,1,A01
202100009771,0,10,,1,0,0,24,C01
202100009771,2,2,,0,2,1,1,B01
202100009772,2,7,,0,2,6,1,B01
202100009772,1,7,,0,2,1,1,A01
202100009773,0,7,,0,2,0,1,B01
202100009773,0,7,,0,2,1,1,A01
202100009774,2,10,,0,2,2,15,A01
202100009774,1,7,,0,2,3,1,B01
202100009775,1,7,,0,2,1,19,A01
202100009775,1,7,,0,2,8,19,B01
202100009776,1,7,,6,0,3,14,A01
202100009777,2,7,,0,2,2,16,A01
202100009777,2,30,,0,2,1,18,B01
202100009778,2,7,,0,2,4,2,B01
202100009778,2,1,,0,2,1,1,A01
202100009779,1,14,,0,1,2,1,A01
202100009780,2,7,,0,1,1,0,Z01
202100009781,1,7,,1,0,2,2,A01
202100009782,0,7,,4,0,1,1,A01
202100009783,1,7,,13,0,1,16,A01
202100009784,0,7,,0,0,3,16,A01
202100009785,1,7,,0,2,3,1,A01
202100009785,2,7,,0,2,3,1,B01
202100009786,1,7,,0,2,2,15,A01
202100009786,1,33,,0,2,1,1,B01
202100009787,3,7,,0,2,1,1,B01
202100009787,3,30,,0,2,1,1,A01
202100009788,2,1,,0,2,1,0,B01
202100009788,1,30,,0,2,1,2,A01
202100009789,2,7,,0,2,1,1,B01
202100009789,2,7,,0,2,4,1,A01
202100009790,1,7,,0,2,1,2,A01
202100009790,1,7,,0,2,4,2,B01
202100009790,1,7,,0,2,4,2,C01
202100009790,1,7,,0,2,1,2,D01
202100009791,2,7,,0,2,4,2,B01
202100009791,2,7,,0,2,1,1,A01
202100009792,1,7,,0,2,1,15,A01
202100009792,2,31,,0,2,1,1,B01
202100009793,3,7,,8,0,8,1,A01
202100009794,1,14,,0,2,7,16,B01
202100009794,1,32,,0,2,1,21,A01
202100009795,3,30,,0,1,2,3,A01
202100009796,2,7,,1,0,2,1,A01
202100009797,1,10,,0,2,4,1,B01
202100009797,1,33,,0,2,1,1,A01
202100009798,1,2,,12,0,1,12,A01
202100009799,1,7,,4,2,4,2,B01
202100009799,1,7,,4,2,1,11,A01
202100009800,2,32,,0,2,7,12,A01
202100009800,2,7,,0,2,8,1,B01
202100009801,1,7,,0,2,6,11,B01
202100009801,1,32,,0,2,1,3,A01
202100009802,1,7,,6,1,2,14,A01
202100009803,1,32,,0,1,0,1,Z01
202100009804,1,2,,0,0,0,21,A01
202100009805,1,30,,0,1,1,7,A01
202100009806,2,30,,0,1,2,1,A01
202100009807,3,7,,0,2,8,13,Z01
202100009807,3,33,,0,2,7,3,B01
202100009807,3,14,,0,2,2,1,A01
202100009808,1,7,,0,2,2,1,A01
202100009808,1,34,,0,2,3,1,B01
202100009809,1,30,,0,2,3,3,A01
202100009809,1,10,,0,2,2,14,Z01
202100009810,1,32,,0,2,1,17,B01
202100009810,1,7,,0,2,3,15,A01
202100009811,1,30,,0,0,1,1,A01
202100009812,1,7,,0,2,4,1,B01
202100009812,1,7,,0,2,1,1,A01
202100009813,1,7,,0,2,2,10,A01
202100009813,1,33,,0,2,1,1,B01
202100009814,0,7,,3,0,3,16,A01
202100009815,1,1,,0,2,8,0,B01
202100009815,1,7,,0,2,1,15,A01
202100009816,1,0,,0,2,1,19,B01
202100009816,1,33,,0,2,7,9,A01
202100009817,2,7,,0,1,2,1,A01
202100009818,1,2,,0,2,1,1,B01
202100009818,-1,7,,0,0,2,15,A01
202100009819,3,31,,0,2,3,18,A01
202100009819,3,3,,0,2,5,1,B01
202100009820,1,31,,0,2,0,0,B01
202100009820,2,7,,0,2,3,0,A01
202100009821,2,30,,0,2,1,1,B01
202100009821,2,7,,0,2,2,15,A01
202100009822,2,7,,0,1,7,26,A01
202100009823,2,33,,6,0,8,1,A01
202100009824,2,7,,13,0,9,1,A01
202100009825,1,1,,0,2,3,1,B01
202100009825,1,37,1.0,0,9,5,17,A01
202100009826,1,7,,0,1,1,1,A01
202100009827,2,7,,0,2,2,14,A01
202100009827,2,7,,1,0,2,1,B01
202100009827,2,15,,0,2,6,1,C01
202100009828,1,7,,0,2,1,17,A01
202100009828,2,2,,0,2,1,1,B01
202100009829,2,7,,2,0,1,26,A01
202100009830,2,38,1.0,0,1,2,7,A01
202100009831,1,7,,0,2,3,17,A01
202100009831,2,15,,0,2,3,1,B01
202100009832,0,7,,0,2,1,15,A01
202100009832,0,33,,0,2,1,1,B01
202100009833,2,7,,8,0,1,1,A01
202100009834,2,7,,0,1,2,2,A01
202100009835,2,2,,0,2,1,1,A01
202100009835,1,7,,0,2,3,26,B01
202100009836,2,7,,0,2,3,1,A01
202100009836,2,7,,0,0,6,1,B01
202100009837,3,7,,0,0,3,19,B01
202100009837,3,7,,0,2,3,1,A01
202100009838,1,7,,6,0,2,1,A01
202100009839,0,7,,13,0,2,1,A01
202100009840,1,10,,0,2,8,15,A01
202100009840,1,32,,0,2,7,2,B01
202100009841,0,7,,0,2,3,15,A01
202100009841,0,7,,0,2,1,1,B01
202100009842,2,7,,0,0,4,23,B01
202100009842,2,7,,0,0,1,2,A01
202100009843,1,7,,13,0,1,1,A01
202100009844,1,7,,0,0,3,1,B01
202100009844,2,15,,0,0,3,1,A01
202100009845,3,1,,13,0,0,13,A01
202100009846,2,7,,0,1,2,2,A01
202100009846,2,7,,0,0,4,23,B01
202100009847,1,10,,0,2,3,1,B01
202100009847,1,7,,0,2,3,19,A01
202100009848,0,7,,2,0,1,0,A01
202100009849,1,21,,0,2,3,1,B01
202100009849,2,7,,0,2,3,13,A01
202100009850,1,7,,13,0,3,1,A01
202100009851,2,17,,3,0,1,0,A01
202100009852,1,31,,0,0,0,26,A01
202100009853,2,7,,0,2,3,5,A01
202100009853,1,31,,0,2,1,1,B01
202100009854,2,15,,0,0,0,1,A01
202100009855,1,7,,6,0,2,1,A01
202100009856,2,99,,0,0,4,1,B01
202100009856,2,99,,0,2,1,1,A01
202100009857,1,7,,2,0,2,17,A01
202100009858,2,7,,0,2,1,1,A01
202100009858,2,7,,0,0,4,2,B01
202100009859,3,7,,0,2,1,15,A01
202100009859,0,2,,0,2,1,1,B01
202100009860,1,33,,12,0,1,2,A01
202100009861,1,33,,0,2,1,1,B01
202100009861,2,7,,0,2,7,15,A01
202100009862,3,10,,0,1,1,1,A01
202100009863,1,7,,0,0,6,19,A01
202100009863,2,15,,0,2,3,21,B01
202100009864,3,7,,0,1,1,16,A01
202100009865,3,10,,0,1,4,20,A01
202100009866,2,7,,0,2,1,5,B01
202100009866,1,7,,0,2,1,1,A01
202100009867,1,10,,0,2,3,11,A01
202100009867,1,7,,0,2,2,1,B01
202100009868,1,7,,4,0,2,1,A01
202100009869,2,33,,0,0,1,26,A01
202100009870,0,33,,0,0,0,0,A01
202100009871,2,7,,0,2,6,11,A01
202100009871,2,33,,0,2,1,3,B01
202100009872,2,7,,0,2,1,1,A01
202100009872,2,7,,0,2,4,2,B01
202100009872,2,7,,0,2,4,2,C01
202100009873,2,7,,0,0,0,2,A01
202100009874,1,10,,0,2,1,2,A01
202100009874,1,7,,0,2,4,2,B01
202100009875,2,7,,0,2,1,1,A01
202100009875,2,14,,0,2,1,1,B01
202100009876,1,7,,0,2,3,1,B01
202100009876,1,7,,4,2,3,5,A01
202100009877,1,7,,0,2,4,12,B01
202100009877,1,33,,0,2,1,3,A01
202100009878,1,7,,0,2,8,11,B01
202100009878,1,31,,0,2,1,3,A01
202100009879,2,7,,0,2,1,11,A01
202100009879,2,7,,0,2,4,1,B01
202100009880,2,3,,4,0,9,13,A01
202100009881,2,17,,0,2,6,1,B01
202100009881,2,7,,0,2,2,1,A01
202100009882,1,3,,0,2,1,17,A01
202100009883,1,7,,0,2,1,2,A01
202100009883,2,7,,0,2,4,23,B01
202100009883,1,7,,0,2,1,2,C01
202100009883,1,7,,0,2,4,2,D01
202100009884,1,7,,4,0,3,13,A01
202100009885,-1,7,,0,2,4,2,D01
202100009885,2,7,,0,2,4,2,C01
202100009885,2,7,,0,2,1,2,B01
202100009885,2,7,,0,2,1,2,A01
202100009886,1,7,,0,2,1,2,A01
202100009886,1,7,,0,2,4,2,B01
202100009886,1,10,,0,2,4,2,C01
202100009886,1,7,,0,2,4,2,D01
202100009887,2,32,,0,2,1,3,A01
202100009887,2,7,,0,2,5,11,B01
202100009888,1,7,,0,2,1,2,C01
202100009888,1,7,,0,2,1,2,D01
202100009888,1,7,,0,2,4,2,A01
202100009888,1,7,,0,2,4,0,B01
202100009889,1,7,,0,0,1,1,A01
202100009890,3,30,,9,0,1,1,A01
202100009891,3,7,,0,2,1,1,B01
202100009891,3,7,,6,2,7,1,A01
202100009892,3,7,,0,4,7,2,A01
202100009893,2,7,,0,2,4,23,A01
202100009893,2,7,,0,2,1,2,B01
202100009894,2,14,,0,2,3,0,C01
202100009894,1,7,,14,2,5,15,B01
202100009894,2,7,,12,2,2,1,A01
202100009895,1,10,,0,2,1,1,B01
202100009895,2,7,,0,2,1,17,A01
202100009896,3,7,,0,1,2,1,A01
202100009897,2,7,,0,2,4,23,C01
202100009897,1,7,,14,0,4,23,B01
202100009897,1,7,,14,0,1,26,A01
202100009898,1,7,,0,2,1,1,B01
202100009898,1,7,,0,2,4,1,C01
202100009898,2,7,,0,2,1,5,A01
202100009899,1,7,,0,1,1,1,A01
202100009900,1,7,,6,0,3,1,A01
202100009901,1,7,,13,0,1,1,A01
202100009902,1,7,,14,0,1,1,A01
202100009902,1,33,,0,0,4,23,B01
202100009903,1,7,,0,2,5,1,B01
202100009903,1,7,,0,2,3,1,A01
202100009904,3,33,,0,0,7,1,A01
202100009905,1,7,,0,2,1,1,A01
202100009905,2,10,,0,2,0,0,B01
202100009906,1,7,,13,0,9,1,A01
202100009907,1,7,,0,2,4,1,A01
202100009907,1,33,,0,2,1,1,B01
202100009908,1,7,,9,2,4,23,A01
202100009908,1,7,,0,2,2,14,B01
202100009909,0,7,,13,0,1,26,A01
202100009910,0,7,,0,2,3,1,B01
202100009910,0,7,,0,2,3,1,A01
202100009911,1,33,,0,2,1,1,B01
202100009911,3,7,,0,2,5,15,A01
202100009912,1,7,,1,0,2,14,A01
202100009913,1,36,,0,2,1,2,B01
202100009913,1,10,,0,2,6,11,A01
202100009914,1,39,,0,1,8,26,A01
202100009915,1,3,,0,2,7,1,B01
202100009915,1,7,,0,2,1,1,A01
202100009916,1,7,,0,2,5,2,A01
202100009916,2,7,,0,2,3,2,Z01
202100009917,1,34,,4,0,1,1,A01
202100009918,2,7,,9,2,3,13,Z01
202100009918,1,31,,1,2,1,1,A01
202100009919,1,50,,0,0,0,1,A01
202100009920,2,7,,0,2,4,2,A01
202100009920,2,7,,0,2,4,2,B01
202100009921,2,7,,0,1,7,1,A01
202100009922,1,7,,0,2,5,16,B01
202100009922,1,50,,0,2,4,1,A01
202100009923,1,32,,0,2,1,1,A01
202100009923,1,7,,0,2,7,1,B01
202100009924,1,7,,0,2,1,7,A01
202100009924,2,10,,0,2,3,16,B01
202100009925,2,34,,0,2,3,1,B01
202100009925,1,30,,0,2,1,1,A01
202100009926,1,34,,0,2,8,18,A01
202100009926,1,7,,0,2,2,16,B01
202100009927,2,33,,0,1,3,1,A01
202100009928,1,7,,0,2,4,15,B01
202100009928,1,7,,0,2,1,1,A01
202100009929,1,50,,1,0,0,13,A01
202100009930,1,30,,0,0,3,1,A01
202100009931,2,50,,11,0,1,13,A01
202100009932,2,7,,0,2,2,1,B01
202100009932,3,7,,0,2,3,1,A01
202100009933,3,15,,0,2,1,1,A01
202100009933,3,7,,0,2,4,1,B01
202100009934,-1,99,,1,1,2,1,A01
202100009935,1,7,,0,2,3,9,A01
202100009935,1,7,,0,2,5,26,B01
202100009936,1,99,,1,0,6,23,C01
202100009936,1,7,,1,0,2,17,B01
202100009936,1,7,,0,2,7,1,A01
202100009937,1,10,,12,2,3,1,B01
202100009937,2,10,,12,2,2,9,A01
202100009938,2,7,,0,1,1,1,A01
202100009939,2,30,,0,2,1,1,B01
202100009939,1,7,,0,2,7,1,A01
202100009940,3,50,,0,2,0,0,B01
202100009940,3,30,,0,2,3,9,A01
202100009941,1,30,,0,0,0,1,A01
202100009942,1,7,,4,0,3,1,A01
202100009943,1,7,,0,2,1,14,A01
202100009943,1,17,,0,0,4,2,B01
202100009944,1,7,,0,2,3,26,B01
202100009944,1,2,,0,2,1,1,A01
202100009945,1,10,,2,0,3,0,A01
202100009946,1,2,,0,0,0,16,A01
202100009947,1,7,,13,0,1,1,A01
202100009948,1,13,,0,9,0,2,A01
202100009948,1,1,,0,2,0,2,B01
202100009949,2,7,,0,2,1,19,A01
202100009949,1,7,,13,0,5,1,B01
202100009950,1,7,,2,0,1,13,A01
202100009951,1,10,,13,2,6,1,B01
202100009951,1,7,,13,2,2,17,A01
202100009952,2,7,,0,2,3,13,A01
202100009952,1,7,,0,2,1,1,B01
202100009952,1,7,,0,2,3,1,C01
202100009953,1,7,,1,1,7,1,A01
202100009954,2,7,,13,0,2,1,A01
202100009955,1,7,,2,0,2,14,A01
202100009956,1,7,,13,0,2,1,A01
202100009957,1,33,,8,0,1,14,A01
202100009958,2,10,,0,2,1,1,B01
202100009958,1,7,,0,2,1,5,A01
202100009959,3,10,,0,2,4,2,B01
202100009959,3,33,,0,2,1,2,A01
202100009960,2,2,,0,1,1,1,A01
202100009961,1,7,,0,1,3,1,A01
202100009962,1,7,,1,0,2,1,B01
202100009962,1,17,,0,0,6,23,A01
202100009963,1,7,,0,0,7,15,B01
202100009963,2,7,,0,2,1,1,A01
202100009964,2,7,,8,0,3,13,A01
202100009965,1,7,,14,0,9,1,A01
202100009966,3,7,,0,1,1,0,A01
202100009967,2,17,,0,2,1,1,B01
202100009967,2,17,,0,2,4,1,A01
202100009968,2,7,,0,0,6,0,B01
202100009968,2,7,,0,2,2,0,A01
202100009969,3,7,,0,1,2,26,A01
202100009970,1,7,,0,2,1,2,A01
202100009970,1,50,,0,0,6,2,B01
202100009971,2,7,,0,2,1,1,B01
202100009971,1,2,,0,0,3,1,A01
202100009972,1,7,,13,0,1,16,A01
202100009973,1,7,,0,1,1,9,A01
202100009974,0,7,,0,1,1,11,A01
202100009975,2,32,,0,2,1,1,B01
202100009975,1,7,,0,2,2,15,A01
202100009976,2,7,,2,0,3,1,A01
202100009977,0,7,,0,1,2,1,A01
202100009978,2,7,,0,2,3,1,B01
202100009978,1,32,,0,2,1,15,A01
202100009979,1,7,,0,2,7,15,A01
202100009979,2,2,,0,2,1,1,B01
202100009980,2,2,,0,2,1,1,A01
202100009980,1,7,,0,0,6,1,B01
202100009981,1,7,,0,2,4,2,D01
202100009981,1,7,,0,2,4,2,C01
202100009981,1,7,,0,2,4,2,B01
202100009981,1,7,,0,2,1,2,A01
202100009982,1,7,,0,2,1,11,A01
202100009982,2,7,,0,2,1,1,B01
202100009983,1,7,,0,2,4,10,A01
202100009983,1,7,,0,2,1,1,B01
202100009984,0,7,,0,1,8,1,A01
202100009985,2,14,,0,2,1,1,A01
202100009985,2,7,,0,2,4,2,B01
202100009985,2,10,,0,2,4,2,C01
202100009986,1,7,,0,0,1,13,A01
202100009987,2,7,,4,0,1,13,A01
202100009988,1,7,,0,2,1,2,A01
202100009988,1,7,,0,2,9,0,B01
202100009988,1,7,,0,2,4,2,D01
202100009988,1,7,,0,2,9,2,C01
202100009989,2,7,,0,2,1,2,A01
202100009989,2,7,,0,2,4,2,B01
202100009989,2,7,,0,2,4,2,C01
202100009990,1,7,,0,2,1,1,B01
202100009990,1,7,,3,2,7,2,A01
202100009991,1,7,,16,0,9,1,A01
202100009992,2,7,,0,2,8,1,B01
202100009992,1,7,,0,2,3,13,A01
202100009993,2,7,,0,2,5,1,A01
202100009993,2,33,,0,2,1,2,B01
202100009994,1,7,,15,0,3,21,A01
202100009995,2,7,,0,0,1,1,A01
202100009995,2,50,,0,2,7,1,B01
202100009996,1,34,,0,2,0,2,A01
202100009997,2,31,,0,2,8,1,A01
202100009997,2,7,,0,2,1,1,B01
202100009998,1,7,,0,2,5,23,B01
202100009998,1,7,,0,2,3,9,A01
202100009999,2,33,,0,2,1,17,B01
202100009999,2,7,,0,2,6,15,A01
202100010000,2,7,,0,2,0,0,B01
202100010000,1,32,,0,2,1,13,A01
202100010001,1,7,,0,2,1,1,B01
202100010001,1,32,,0,2,1,13,A01
202100010002,3,7,,0,1,2,1,A01
202100010003,1,33,,12,0,2,14,A01
202100010004,0,3,,0,9,2,26,A01
202100010005,2,7,,0,1,7,1,A01
202100010006,0,7,,0,2,1,9,A01
202100010006,1,7,,0,2,1,1,B01
202100010007,1,7,,0,2,4,2,B01
202100010007,1,7,,0,2,1,2,A01
202100010008,1,7,,0,0,3,4,A01
202100010008,1,32,,0,2,1,1,B01
202100010009,2,7,,0,1,1,16,A01
202100010010,2,7,,1,2,8,22,A01
202100010010,2,1,,0,0,0,1,B01
202100010011,1,7,,0,1,1,1,A01
202100010012,1,31,,0,2,1,1,A01
202100010012,1,7,,0,2,5,19,B01
202100010013,1,7,,0,2,3,15,A01
202100010013,1,99,,0,2,1,19,B01
202100010014,3,1,,0,2,1,1,B01
202100010014,3,7,,0,2,5,16,A01
202100010015,2,7,,0,2,1,1,A01
202100010015,2,10,,0,2,6,1,B01
202100010016,1,7,,8,0,1,0,A01
202100010017,0,7,,0,0,0,0,B01
202100010017,0,7,,0,2,0,9,A01
202100010018,1,7,,0,2,1,13,A01
202100010018,1,7,,0,2,1,1,B01
202100010019,1,7,,0,0,1,26,A01
202100010020,0,7,,0,1,1,9,A01
202100010021,3,7,,15,0,1,1,A01
202100010022,2,7,,0,2,5,1,B01
202100010022,2,7,,0,2,1,26,A01
202100010023,0,33,,1,0,1,15,A01
202100010024,0,7,,0,2,1,1,B01
202100010024,0,7,,0,2,1,1,A01
202100010025,2,7,,0,2,1,0,B01
202100010025,2,7,,0,2,4,0,A01
202100010026,1,33,,0,0,0,15,A01
202100010027,3,10,,0,1,4,20,A01
202100010028,1,10,,0,2,4,2,A01
202100010028,1,7,,3,2,4,2,B01
202100010028,1,10,,0,2,6,2,C01
202100010029,3,7,,4,0,1,21,A01
202100010030,3,30,,0,2,0,0,Z01
202100010030,3,7,,0,2,2,16,B01
202100010031,1,3,,8,2,2,1,A01
202100010031,2,7,,0,2,1,1,B01
202100010032,3,7,,0,2,1,1,A01
202100010032,3,7,,0,2,6,1,B01
202100010033,1,2,,0,2,7,1,B01
202100010033,1,7,,0,2,1,1,A01
202100010034,3,7,,0,2,4,11,A01
202100010034,3,7,,0,2,3,1,B01
202100010035,1,7,,6,0,1,1,A01
202100010036,1,7,,0,2,3,15,B01
202100010036,1,30,,0,2,1,17,A01
202100010037,1,32,,0,2,1,3,A01
202100010037,1,10,,0,2,4,11,B01
202100010038,1,7,,0,2,5,1,B01
202100010038,1,7,,0,2,1,12,A01
202100010039,1,7,,0,2,5,12,B01
202100010039,1,33,,0,2,3,3,A01
202100010040,2,7,,0,2,4,23,B01
202100010040,2,7,,0,2,1,2,A01
202100010040,2,7,,0,2,7,23,C01
202100010041,1,7,,0,4,5,1,C01
202100010041,3,40,,0,2,0,1,B01
202100010041,1,7,,0,4,7,15,A01
202100010042,1,7,,0,2,5,9,A01
202100010042,1,1,,0,2,1,1,B01
202100010043,2,7,,0,2,3,1,B01
202100010043,1,7,,0,2,3,13,A01
202100010044,1,30,,0,2,0,17,B01
202100010044,1,7,,0,2,6,22,A01
202100010045,2,30,,0,0,0,18,A01
202100010046,1,7,,0,2,1,1,A01
202100010046,1,7,,0,2,6,4,Z01
202100010047,1,10,,0,1,7,2,A01
202100010048,1,38,1.0,0,2,6,15,A01
202100010048,2,38,3.0,0,2,6,1,B01
202100010049,3,7,,2,0,7,1,A01
202100010050,3,7,,9,1,1,16,A01
202100010051,1,10,,0,2,2,1,A01
202100010051,2,31,,0,2,3,15,B01
202100010052,1,7,,1,2,1,1,B01
202100010052,1,7,,0,2,1,16,A01
202100010053,-1,0,,0,0,-1,-1,Y01
202100010053,1,7,,0,1,7,21,A01
202100010054,1,7,,1,0,2,1,A01
202100010054,1,7,,0,2,6,24,B01
202100010055,0,7,,0,2,4,1,A01
202100010055,1,7,,0,2,1,1,B01
202100010056,1,7,,0,2,3,15,A01
202100010056,1,33,,0,2,1,1,B01
202100010057,3,7,,0,2,1,21,A01
202100010057,3,7,,0,2,8,15,B01
202100010058,1,32,,0,0,0,0,A01
202100010059,3,7,,8,0,7,19,A01
202100010059,1,7,,0,2,1,1,B01
202100010060,2,7,,12,0,0,1,A01
202100010061,2,7,,0,2,1,1,B01
202100010061,1,7,,0,2,1,13,A01
202100010062,2,7,,7,0,1,1,A01
202100010062,3,7,,1,0,5,24,C01
202100010062,1,10,,0,2,1,20,D01