Num_Acc,senc,catv,occutc,obs,obsm,choc,manv,num_veh
202100010063,3,7,,16,0,0,1,A01
202100010064,1,33,,13,0,1,1,A01
202100010065,1,7,,0,2,3,9,B01
202100010065,2,7,,0,2,3,26,A01
202100010066,2,7,,0,2,1,1,B01
202100010066,1,7,,0,2,1,1,A01
202100010067,2,7,,0,2,8,1,A01
202100010067,1,7,,0,2,2,1,B01
202100010068,0,7,,2,0,8,1,A01
202100010069,1,7,,0,0,2,1,B01
202100010069,2,7,,0,2,1,9,A01
202100010070,2,7,,13,0,7,1,A01
202100010071,2,7,,0,5,1,1,A01
202100010072,1,7,,0,0,0,1,A01
202100010073,2,7,,0,2,1,1,A01
202100010073,2,7,,0,0,4,15,B01
202100010074,2,1,,0,0,0,26,A01
202100010075,3,7,,0,1,3,20,A01
202100010076,2,7,,3,2,8,1,B01
202100010076,1,7,,0,2,3,1,A01
202100010077,1,10,,0,2,3,13,A01
202100010077,2,7,,0,2,3,1,B01
202100010078,1,2,,1,0,1,1,A01
202100010079,1,2,,0,2,7,1,A01
202100010079,2,7,,0,2,1,1,B01
202100010080,0,7,,13,0,1,1,A01
202100010081,1,2,,0,2,1,1,A01
202100010081,1,7,,0,2,6,1,B01
202100010082,1,30,,16,0,0,1,A01
202100010083,1,7,,16,0,1,0,A01
202100010084,1,7,,6,0,2,2,A01
202100010085,2,10,,0,2,3,0,B01
202100010085,1,7,,0,2,6,13,A01
202100010086,0,7,,0,0,7,13,A01
202100010086,0,7,,0,2,8,10,B01
202100010087,2,10,,0,0,9,1,A01
202100010088,1,7,,0,1,3,1,A01
202100010089,1,7,,0,1,2,2,A01
202100010090,3,33,,0,0,0,0,A01
202100010091,1,33,,0,6,1,1,A01
202100010092,1,7,,6,0,9,1,A01
202100010093,0,33,,0,0,0,1,A01
202100010094,3,7,,0,2,1,1,C01
202100010094,0,7,,0,2,9,1,B01
202100010094,3,7,,0,2,1,5,A01
202100010095,1,1,,0,2,1,13,A01
202100010095,1,1,,0,2,3,13,B01
202100010095,1,7,,0,2,7,1,C01
202100010096,1,7,,0,2,4,2,B01
202100010096,1,7,,0,2,1,21,A01
202100010097,2,7,,0,2,7,1,A01
202100010097,1,7,,0,2,2,1,B01
202100010098,1,7,,16,0,9,1,A01
202100010099,3,7,,0,2,1,1,B01
202100010099,3,33,,0,2,1,1,A01
202100010100,1,21,,0,0,6,2,B01
202100010100,1,7,,0,2,2,17,A01
202100010101,2,31,,0,2,3,2,A01
202100010101,1,33,,0,2,3,2,B01
202100010102,1,33,,12,0,1,1,A01
202100010103,3,2,,0,0,8,1,A01
202100010104,3,7,,0,2,8,0,A01
202100010104,3,7,,0,2,3,5,B01
202100010105,1,7,,4,0,3,1,A01
202100010106,2,10,,7,0,1,6,A01
202100010107,2,7,,13,0,1,0,A01
202100010108,3,7,,0,0,9,1,A01
202100010109,1,7,,0,2,4,2,C01
202100010109,1,7,,0,2,4,2,B01
202100010109,1,7,,0,2,1,2,A01
202100010110,2,7,,6,0,0,1,A01
202100010111,1,7,,4,2,4,2,C01
202100010111,1,7,,4,2,4,2,B01
202100010111,1,7,,4,2,1,2,A01
202100010112,2,7,,4,0,1,1,A01
202100010113,2,7,,0,2,1,2,A01
202100010113,2,7,,0,2,4,2,B01
202100010114,1,7,,4,2,4,2,B01
202100010114,1,7,,0,2,1,1,A01
202100010115,2,7,,0,2,4,2,B01
202100010115,2,7,,0,2,1,1,A01
202100010116,1,7,,4,0,1,13,A01
202100010117,1,7,,4,2,1,1,A01
202100010117,1,7,,4,2,6,2,B01
202100010118,0,15,,0,2,7,9,B01
202100010118,0,7,,0,2,3,1,A01
202100010119,2,7,,14,0,2,2,C01
202100010119,2,7,,0,2,6,23,B01
202100010119,2,7,,1,0,2,26,A01
202100010120,1,7,,4,0,1,1,A01
202100010121,1,7,,3,0,1,2,A01
202100010122,1,7,,0,2,1,1,A01
202100010122,1,7,,0,2,4,2,B01
202100010122,1,7,,0,2,1,2,C01
202100010122,1,7,,0,2,4,2,D01
202100010123,1,7,,0,2,4,24,B01
202100010123,1,7,,0,2,1,1,A01
202100010124,2,33,,0,2,2,3,B01
202100010124,2,7,,0,2,3,11,A01
202100010125,1,7,,0,2,4,1,A01
202100010125,1,7,,0,2,1,26,B01
202100010125,1,7,,0,2,4,1,C01
202100010126,3,7,,0,2,3,10,B01
202100010126,3,7,,0,2,2,1,Y01
202100010127,3,7,,0,2,4,1,B01
202100010127,3,7,,0,2,1,26,A01
202100010128,1,7,,0,2,1,2,A01
202100010128,1,7,,0,2,5,2,B01
202100010129,3,30,,0,2,3,2,B01
202100010129,3,0,,0,2,2,15,A01
202100010130,1,7,,0,2,3,15,A01
202100010130,1,7,,0,2,2,15,B01
202100010131,1,7,,0,1,1,1,A01
202100010132,2,7,,0,2,3,19,A01
202100010132,1,37,1.0,0,2,3,19,B01
202100010133,2,7,,0,0,6,1,D01
202100010133,2,7,,0,2,1,1,C01
202100010133,2,7,,0,2,5,9,B01
202100010133,2,99,,0,2,3,1,A01
202100010134,2,7,,0,2,7,6,A01
202100010134,1,7,,0,2,1,2,B01
202100010135,2,7,,8,0,3,1,A01
202100010136,1,7,,0,1,1,16,A01
202100010137,1,7,,0,2,1,1,A01
202100010137,2,7,,0,2,4,1,B01
202100010138,3,7,,0,2,3,1,A01
202100010138,3,1,,0,2,1,1,B01
202100010139,2,7,,0,1,2,21,A01
202100010140,1,33,,6,0,1,1,A01
202100010141,3,7,,0,2,3,1,B01
202100010141,3,37,1.0,0,2,5,12,A01
202100010142,1,33,,0,0,3,14,A01
202100010143,1,7,,0,1,8,1,B01
202100010144,3,7,,0,1,1,1,A01
202100010145,1,80,,0,2,8,19,B01
202100010145,1,7,,0,9,1,1,A01
202100010146,1,7,,1,0,1,1,A01
202100010147,1,30,,0,2,1,26,B01
202100010147,1,7,,0,2,1,26,A01
202100010148,1,7,,0,2,1,1,B01
202100010148,1,7,,0,2,3,9,A01
202100010148,1,10,,0,2,1,1,C01
202100010149,0,7,,0,2,1,2,A01
202100010149,0,7,,0,2,4,2,B01
202100010150,3,7,,0,2,1,2,A01
202100010150,3,7,,0,2,4,2,B01
202100010150,3,7,,0,2,4,2,C01
202100010151,1,7,,0,2,4,1,B01
202100010151,1,7,,0,2,1,1,A01
202100010152,1,7,,0,1,7,1,A01
202100010153,2,7,,0,2,8,1,A01
202100010153,2,7,,0,2,1,1,B01
202100010154,1,2,,0,2,1,15,A01
202100010154,2,7,,0,2,8,1,B01
202100010155,1,33,,0,2,8,1,B01
202100010155,2,7,,0,2,2,15,A01
202100010156,1,1,,0,2,1,8,B01
202100010156,2,7,,0,9,2,15,A01
202100010157,1,7,,0,2,4,26,B01
202100010157,1,10,,0,2,2,26,A01
202100010158,3,7,,1,0,1,1,A01
202100010159,1,7,,0,1,0,1,A01
202100010160,3,7,,4,0,3,1,A01
202100010161,1,7,,0,1,1,26,A01
202100010162,1,7,,0,1,1,1,A01
202100010163,1,31,,0,0,1,9,A01
202100010164,2,33,,0,2,1,3,A01
202100010164,2,7,,0,2,5,12,B01
202100010165,1,7,,0,2,2,12,A01
202100010165,1,43,,0,2,3,3,B01
202100010166,2,80,,0,2,1,1,B01
202100010166,1,7,,0,2,3,15,A01
202100010167,1,30,,0,2,2,16,Z01
202100010167,1,1,,0,2,1,17,A01
202100010168,1,50,,0,2,7,17,B01
202100010168,1,7,,0,0,3,13,A01
202100010169,1,7,,0,2,3,15,B01
202100010169,1,32,,0,2,2,1,A01
202100010170,1,7,,0,2,7,4,A01
202100010170,2,32,,0,2,1,1,B01
202100010171,1,7,,0,1,8,15,Z01
202100010172,2,32,,4,0,8,13,A01
202100010173,2,7,,0,2,1,1,A01
202100010173,2,30,,0,2,3,15,B01
202100010174,3,7,,0,2,4,23,B01
202100010174,3,7,,0,2,1,1,A01
202100010175,1,1,,0,0,8,1,A01
202100010176,1,7,,0,2,7,1,B01
202100010176,1,7,,0,2,1,1,A01
202100010177,3,7,,0,2,1,0,B01
202100010177,3,7,,0,2,1,0,A01
202100010178,1,7,,0,1,1,1,A01
202100010179,1,50,,0,2,1,1,A01
202100010179,1,37,1.0,0,2,5,1,B01
202100010180,-1,7,,0,2,1,21,A01
202100010180,3,7,,0,2,8,1,B01
202100010181,2,7,,0,1,6,20,A01
202100010182,1,7,,1,2,0,1,A01
202100010182,1,10,,1,2,1,1,B01
202100010183,3,7,,8,0,3,0,A01
202100010184,2,7,,0,2,1,2,B01
202100010184,2,7,,0,2,4,23,A01
202100010185,1,2,,0,2,1,15,A01
202100010185,2,7,,0,2,1,1,B01
202100010186,0,7,,0,2,1,26,B01
202100010186,0,7,,0,2,8,19,A01
202100010187,2,31,,0,2,1,2,A01
202100010187,2,10,,0,2,0,2,B01
202100010188,1,7,,0,2,1,9,Z01
202100010188,0,1,,0,2,4,9,B01
202100010189,1,7,,1,2,3,19,A01
202100010190,1,7,,12,0,2,0,A01
202100010191,0,7,,0,0,3,0,B01
202100010191,1,7,,0,0,0,0,A01
202100010192,1,7,,2,0,1,1,A01
202100010193,2,7,,0,0,2,17,B01
202100010193,2,7,,0,0,8,15,A01
202100010194,3,7,,6,0,1,14,A01
202100010195,1,7,,0,2,1,0,A01
202100010195,1,7,,0,0,4,1,B01
202100010196,2,7,,17,0,2,1,A01
202100010197,2,7,,0,2,1,1,B01
202100010197,2,7,,0,2,2,19,A01
202100010198,2,7,,3,2,1,1,A01
202100010198,2,7,,0,2,1,1,B01
202100010199,3,7,,0,2,1,6,A01
202100010199,0,7,,0,2,1,1,B01
202100010200,1,10,,0,1,1,1,A01
202100010201,1,7,,0,1,1,1,A01
202100010202,1,2,,0,0,0,13,A01
202100010203,1,36,,6,0,1,15,A01
202100010204,2,10,,10,0,5,1,A01
202100010205,3,2,,0,2,1,2,A01
202100010205,3,7,,0,9,7,10,B01
202100010206,1,7,,0,1,2,20,A01
202100010207,1,7,,8,0,0,0,A01
202100010208,3,7,,0,1,4,23,B01
202100010209,0,7,,0,2,2,1,A01
202100010209,0,1,,0,2,7,23,B01
202100010210,2,2,,0,2,1,1,A01
202100010210,1,33,,0,2,1,17,B01
202100010210,1,7,,0,0,8,1,C01
202100010211,2,2,,0,2,1,1,A01
202100010211,2,10,,0,2,6,1,B01
202100010212,2,7,,0,2,3,1,B01
202100010212,2,7,,0,2,8,9,A01
202100010213,2,7,,13,0,2,1,A01
202100010214,0,7,,2,0,1,1,A01
202100010215,3,36,,0,0,0,0,A01
202100010216,1,7,,3,0,3,0,A01
202100010217,2,10,,0,2,2,1,B01
202100010217,1,7,,0,2,2,1,A01
202100010218,2,2,,0,2,1,1,B01
202100010218,1,7,,0,2,1,15,A01
202100010219,2,7,,0,2,3,1,B01
202100010219,1,2,,0,2,7,19,A01
202100010220,1,7,,0,2,3,15,A01
202100010220,2,7,,0,2,1,1,B01
202100010221,2,7,,6,0,1,1,A01
202100010222,0,7,,2,0,1,1,A01
202100010223,2,7,,0,2,1,5,A01
202100010223,1,7,,0,2,2,1,B01
202100010224,1,7,,4,0,3,0,A01
202100010225,3,2,,0,2,4,1,B01
202100010225,3,2,,0,2,1,1,A01
202100010226,0,3,,2,0,1,1,A01
202100010227,2,33,,0,2,1,1,B01
202100010227,1,7,,0,2,3,15,A01
202100010228,1,7,,0,2,1,1,B01
202100010228,1,7,,0,2,1,5,A01
202100010229,0,10,,0,1,4,4,A01
202100010230,2,2,,0,0,8,1,A01
202100010231,1,7,,0,2,1,5,A01
202100010231,2,7,,0,2,1,1,B01
202100010232,0,7,,1,0,2,0,B01
202100010232,0,7,,0,2,3,0,A01
202100010233,0,7,,0,2,1,1,B01
202100010233,0,33,,0,2,1,26,A01
202100010234,2,7,,8,0,9,13,A01
202100010235,0,7,,0,1,4,20,A01
202100010236,2,7,,8,0,0,1,A01
202100010237,2,7,,8,2,3,1,A01
202100010237,1,10,,8,2,1,13,B01
202100010238,2,7,,0,2,4,0,B01
202100010238,2,7,,0,2,4,0,A01
202100010238,2,7,,0,2,4,0,C01
202100010238,2,7,,0,2,4,0,D01
202100010238,2,7,,0,2,4,0,E01
202100010238,2,10,,0,2,1,0,F01
202100010239,1,7,,4,0,8,1,A01
202100010240,1,33,,4,0,9,1,A01
202100010241,2,7,,0,2,1,0,C01
202100010241,2,7,,0,2,1,0,B01
202100010241,2,7,,0,2,1,0,A01
202100010242,2,33,,0,2,9,3,B01
202100010242,2,10,,0,2,3,11,A01
202100010243,2,7,,3,0,2,1,A01
202100010244,1,7,,15,2,9,12,A01
202100010244,1,7,,15,0,9,21,B01
202100010245,2,17,,0,2,2,12,A01
202100010245,2,7,,0,2,6,1,B01
202100010246,1,34,,0,2,1,3,B01
202100010246,1,7,,0,2,5,12,A01
202100010247,1,7,,3,0,1,2,A01
202100010248,1,7,,0,2,4,0,E01
202100010248,1,7,,0,2,4,1,D01
202100010248,1,7,,0,2,4,1,C01
202100010248,1,7,,0,2,4,1,B01
202100010248,1,10,,0,2,1,1,A01
202100010249,2,10,,0,0,8,1,A01
202100010250,2,7,,4,0,1,1,A01
202100010251,1,7,,0,2,1,1,A01
202100010251,1,7,,0,2,4,1,B01
202100010251,1,7,,0,2,5,1,C01
202100010251,1,7,,0,2,1,1,D01
202100010251,1,10,,0,2,1,1,E01
202100010251,1,10,,0,2,1,1,F01
202100010252,2,7,,0,2,0,26,A01
202100010252,2,7,,0,2,0,26,B01
202100010253,-1,7,,14,2,2,6,A01
202100010253,-1,7,,0,2,3,1,B01
202100010253,-1,7,,1,2,1,1,C01
202100010254,1,7,,0,2,4,1,B01
202100010254,1,13,,0,2,1,1,A01
202100010255,2,7,,0,0,1,1,A01
202100010256,2,10,,3,0,1,21,A01
202100010257,2,7,,0,0,1,15,A01
202100010258,2,7,,4,2,2,1,A01
202100010259,1,7,,4,0,7,17,A01
202100010260,1,7,,0,2,4,2,C01
202100010260,1,7,,0,2,4,2,D01
202100010260,1,7,,0,2,1,2,B01
202100010260,1,7,,0,2,1,1,A01
202100010261,3,37,1.0,0,1,1,16,A01
202100010262,1,7,,0,1,8,1,A01
202100010263,1,32,,14,0,7,21,A01
202100010264,1,2,,0,2,7,17,B01
202100010264,1,7,,0,2,3,15,A01
202100010265,2,7,,0,9,2,2,A01
202100010265,2,50,,0,2,4,2,B01
202100010266,1,33,,0,1,1,1,A01
202100010267,1,33,,0,4,1,1,A01
202100010268,2,7,,0,2,2,1,A01
202100010268,1,7,,0,2,6,15,B01
202100010269,1,7,,0,1,1,16,A01
202100010270,2,7,,0,2,3,9,A01
202100010270,2,2,,0,2,1,1,B01
202100010271,2,7,,0,2,1,1,B01
202100010271,1,7,,0,2,5,19,A01
202100010272,2,7,,0,1,3,1,A01
202100010273,2,7,,0,2,4,2,B01
202100010273,2,7,,0,2,1,2,A01
202100010274,3,33,,0,2,7,17,B01
202100010274,3,7,,0,2,8,15,A01
202100010275,1,7,,0,2,2,1,A01
202100010275,1,7,,0,2,3,1,B01
202100010276,1,2,,0,2,1,1,B01
202100010276,1,21,,0,2,7,9,A01
202100010277,3,7,,0,1,3,1,A01
202100010278,3,13,,0,1,3,19,A01
202100010279,1,7,,0,2,2,16,A01
202100010280,0,80,,0,2,4,26,B01
202100010280,0,7,,0,0,0,0,A01
202100010281,2,7,,0,1,1,1,A01
202100010282,2,1,,0,2,1,1,A01
202100010282,3,7,,0,2,7,1,B01
202100010283,2,7,,0,9,2,17,A01
202100010283,2,1,,0,2,3,2,B01
202100010284,2,7,,0,2,3,15,A01
202100010284,1,33,,0,2,3,1,B01
202100010285,1,32,,0,2,7,9,B01
202100010285,2,7,,0,2,2,9,A01
202100010286,1,37,1.0,0,2,1,15,B01
202100010286,2,7,,0,2,3,19,A01
202100010287,2,7,,0,1,2,21,A01
202100010288,1,50,,0,2,1,19,A01
202100010288,1,7,,0,2,8,1,B01
202100010289,2,7,,0,2,7,1,B01
202100010289,1,7,,0,2,1,1,A01
202100010290,2,7,,0,2,1,1,A01
202100010290,2,10,,0,2,2,15,B01
202100010291,1,7,,0,2,1,1,A01
202100010291,1,7,,0,2,4,1,B01
202100010291,1,7,,0,2,5,2,C01
202100010292,3,7,,0,2,6,1,B01
202100010292,3,30,,0,2,1,5,A01
202100010293,3,33,,0,0,7,16,A01
202100010294,2,7,,0,2,1,2,A01
202100010294,2,10,,0,2,5,16,B01
202100010295,2,7,,0,2,4,1,D01
202100010295,2,10,,0,2,1,1,A01
202100010295,2,7,,4,0,4,1,B01
202100010295,2,7,,0,2,4,1,C01
202100010296,3,99,,0,2,1,5,A01
202100010296,3,7,,0,2,2,16,B01
202100010297,1,7,,0,1,2,26,A01
202100010298,0,7,,9,0,1,1,A01
202100010299,1,7,,0,2,2,14,Z01
202100010299,1,1,,0,2,3,26,B01
202100010300,1,1,,0,2,7,1,B01
202100010300,3,7,,0,2,1,16,A01
202100010301,1,1,,0,0,4,2,B01
202100010301,1,7,,0,2,1,1,A01
202100010302,3,32,,0,2,1,1,B01
202100010302,3,7,,0,2,5,15,A01
202100010303,1,10,,0,1,4,20,A01
202100010304,1,7,,0,2,2,15,B01
202100010304,1,7,,0,2,3,1,A01
202100010305,2,1,,0,2,4,1,C01
202100010305,2,1,,0,2,4,1,B01
202100010305,2,10,,0,9,1,26,A01
202100010306,0,7,,7,2,3,1,B01
202100010306,0,7,,0,2,1,23,C01
202100010306,1,37,1.0,0,2,1,19,A01
202100010307,1,7,,0,1,3,9,A01
202100010308,1,7,,0,1,3,26,A01
202100010309,1,33,,0,2,7,26,B01
202100010309,1,7,,0,2,6,26,A01
202100010310,1,30,,0,0,7,26,A01
202100010311,1,7,,0,0,0,26,A01
202100010312,1,7,,2,0,1,26,A01
202100010313,1,2,,0,2,1,1,A01
202100010313,1,10,,0,2,2,15,B01
202100010314,0,7,,0,2,1,1,A01
202100010314,0,1,,0,2,4,16,B01
202100010315,0,1,,0,2,8,16,B01
202100010315,0,7,,0,2,7,16,A01
202100010316,3,7,,10,0,3,13,A01
202100010317,0,30,,0,2,1,1,A01
202100010317,0,7,,0,2,6,15,B01
202100010318,2,7,,0,2,2,1,A01
202100010318,2,1,,0,2,4,1,B01
202100010319,1,2,,0,2,1,1,A01
202100010319,3,1,,0,2,0,19,B01
202100010320,3,7,,0,2,3,1,A01
202100010320,3,50,,0,2,1,11,B01
202100010321,3,10,,0,1,1,15,A01
202100010322,1,7,,0,9,2,2,A01
202100010322,1,50,,0,2,0,2,B01
202100010323,1,33,,0,2,0,1,B01
202100010323,3,14,,0,2,3,9,A01
202100010324,0,7,,0,0,4,1,B01
202100010324,0,7,,0,0,1,1,A01
202100010325,0,7,,0,2,3,15,A01
202100010325,0,7,,0,2,1,0,B01
202100010326,2,30,,0,2,1,1,B01
202100010326,1,7,,0,2,2,15,A01
202100010327,3,7,,0,2,4,1,B01
202100010327,3,7,,0,2,1,1,A01
202100010328,1,7,,8,0,1,1,A01
202100010329,1,7,,0,2,2,1,B01
202100010329,1,7,,0,2,1,10,A01
202100010330,3,10,,0,1,2,1,A01
202100010331,1,7,,0,2,3,1,B01
202100010331,1,7,,0,2,1,11,A01
202100010332,3,7,,0,2,6,1,A01
202100010332,3,7,,0,2,2,0,Z01
202100010333,2,7,,0,1,1,26,A01
202100010334,2,99,,0,2,1,1,B01
202100010334,1,7,,0,2,3,1,A01
202100010335,1,7,,0,1,7,1,A01
202100010336,1,10,,0,2,2,1,A01
202100010336,1,1,,0,2,0,0,B01
202100010337,1,33,,0,1,1,26,A01
202100010338,3,99,,0,1,1,1,A01
202100010339,1,7,,0,1,1,1,A01
202100010340,1,7,,0,2,4,2,B01
202100010340,1,7,,0,2,1,2,A01
202100010341,1,17,,0,2,2,14,Z01
202100010341,2,7,,0,2,6,1,A01
202100010342,1,50,,12,0,1,14,A01
202100010343,1,33,,0,2,1,1,B01
202100010343,1,10,,0,2,7,14,A01
202100010344,3,30,,0,2,3,1,A01
202100010344,3,1,,0,2,2,1,B01
202100010345,2,10,,0,2,3,9,A01
202100010345,2,50,,0,2,7,1,B01
202100010346,2,7,,0,1,1,15,A01
202100010347,1,1,,0,2,4,19,A01
202100010347,3,33,,0,2,1,1,B01
202100010348,1,30,,0,0,1,21,A01
202100010349,1,1,,0,2,1,1,B01
202100010349,1,43,,0,2,3,9,A01
202100010350,1,34,,0,0,1,16,A01
202100010351,2,33,,0,2,1,1,A01
202100010351,2,7,,0,2,5,1,B01
202100010352,2,30,,0,2,1,2,A01
202100010352,2,10,,0,2,6,23,B01
202100010353,1,30,,0,1,1,1,A01
202100010354,2,32,,14,0,1,21,A01
202100010355,1,50,,12,0,1,14,A01
202100010356,2,7,,0,2,1,10,A01
202100010356,1,34,,0,2,1,1,B01
202100010357,1,7,,0,2,1,9,A01
202100010357,3,7,,0,2,7,1,B01
202100010357,3,7,,0,2,7,1,C01
202100010358,2,32,,0,2,1,2,B01
202100010358,2,7,,0,2,2,15,A01
202100010359,1,7,,0,1,1,15,A01
202100010360,1,7,,0,1,1,1,A01
202100010361,1,37,1.0,0,2,3,15,B01
202100010361,2,7,,0,2,3,5,A01
202100010362,1,7,,0,2,8,9,B01
202100010362,1,7,,0,2,3,2,A01
202100010363,2,10,,0,1,4,20,A01
202100010364,1,50,,0,2,7,19,B01
202100010364,2,37,1.0,15,2,1,10,A01
202100010365,2,7,,0,2,1,15,A01
202100010365,2,7,,0,2,3,2,B01
202100010366,1,7,,0,0,2,15,A01
202100010366,2,33,,0,0,1,0,B01
202100010367,3,7,,12,0,1,15,A01
202100010368,0,7,,0,2,2,1,B01
202100010368,3,7,,0,2,8,16,A01
202100010369,-1,0,,0,2,0,0,B01
202100010369,1,3,,0,2,6,16,A01
202100010370,-1,33,,0,1,2,1,A01
202100010371,1,7,,0,2,7,1,A01
202100010371,2,7,,0,2,1,1,B01
202100010372,2,1,,0,2,1,1,B01
202100010372,2,37,1.0,0,2,7,16,A01
202100010373,2,7,,0,1,2,1,A01
202100010374,1,7,,0,2,2,19,A01
202100010374,1,33,,0,2,1,19,B01
202100010375,3,7,,0,2,3,9,A01
202100010375,2,2,,0,2,1,2,B01
202100010376,3,50,,0,2,1,26,B01
202100010376,3,7,,0,2,2,16,A01
202100010377,-1,37,11.0,0,1,3,26,A01
202100010378,1,7,,0,1,3,0,A01
202100010379,1,7,,0,1,1,1,A01
202100010380,1,7,,0,2,4,2,D01
202100010380,1,7,,0,2,1,2,C01
202100010380,1,7,,0,2,5,2,B01
202100010380,1,7,,9,0,6,13,A01
202100010381,1,1,,1,0,1,2,B01
202100010381,1,7,,1,0,8,24,A01
202100010382,1,32,,9,0,2,1,A01
202100010383,2,30,,0,0,8,26,A01
202100010384,1,30,,0,0,0,0,A01
202100010385,2,30,,0,0,0,26,A01
202100010386,2,50,,0,1,1,1,A01
202100010387,1,34,,0,1,3,26,A01
202100010388,1,30,,0,0,3,1,A01
202100010389,1,7,,0,2,2,23,A01
202100010389,1,50,,14,2,1,1,B01
202100010390,2,7,,12,2,1,13,A01
202100010390,1,7,,0,2,8,1,B01
202100010391,2,7,,9,2,0,1,A01
202100010391,2,7,,0,0,5,19,B01
202100010392,1,7,,0,0,0,1,A01
202100010393,1,7,,0,2,1,17,C01
202100010393,1,10,,0,2,6,23,B01
202100010393,1,7,,1,0,9,1,A01
202100010394,1,7,,0,2,3,0,A01
202100010394,2,31,,0,2,3,17,B01
202100010395,1,10,,8,0,1,13,A01
202100010396,2,7,,3,0,1,0,A01
202100010397,1,7,,1,0,2,1,A01
202100010398,2,7,,0,2,4,2,B01
202100010398,2,13,,0,2,3,2,A01
202100010399,2,1,,0,0,0,1,A01
202100010400,2,7,,2,0,1,3,A01
202100010401,2,7,,15,0,1,1,A01
202100010402,1,10,,0,2,2,1,B01
202100010402,2,7,,1,2,9,14,A01
202100010403,1,33,,0,0,0,1,A01
202100010404,1,7,,6,0,5,1,A01
202100010405,2,10,,13,0,2,1,A01
202100010406,3,7,,1,0,2,1,A01
202100010407,1,7,,14,0,9,13,A01
202100010408,1,1,,0,2,3,16,B01
202100010408,1,7,,0,9,2,16,A01
202100010409,1,33,,0,0,9,21,A01
202100010409,2,7,,0,0,0,10,B01
202100010410,1,7,,0,2,8,1,A01
202100010410,1,33,,11,2,0,1,B01
202100010411,3,7,,0,1,2,1,A01
202100010412,1,7,,2,0,2,1,A01
202100010413,0,2,,3,0,3,13,A01
202100010414,2,33,,13,0,1,13,A01
202100010415,2,7,,6,0,1,5,A01
202100010416,1,7,,2,2,8,13,A01
202100010416,2,7,,2,2,8,1,B01
202100010417,2,7,,16,0,0,21,A01
202100010418,1,7,,13,0,1,26,A01
202100010419,2,10,,6,0,2,1,A01
202100010420,2,7,,0,1,2,1,A01
202100010421,1,17,,15,0,0,14,A01
202100010422,1,33,,11,2,1,12,A01
202100010422,2,7,,0,0,3,1,B01
202100010423,1,7,,0,2,1,17,A01
202100010423,1,2,,0,2,7,19,B01
202100010424,1,7,,0,0,4,23,B01
202100010424,1,32,,0,2,1,2,A01
202100010425,1,2,,0,2,2,1,A01
202100010425,2,2,,0,2,3,15,B01
202100010426,1,7,,0,0,4,2,B01
202100010426,1,7,,0,2,1,3,A01
202100010427,2,7,,3,2,1,1,A01
202100010427,1,7,,1,0,3,1,B01
202100010428,1,7,,4,2,2,26,A01
202100010428,1,7,,0,2,1,1,B01
202100010428,1,15,,0,0,0,23,C01
202100010429,1,7,,4,0,5,1,B01
202100010429,1,7,,0,2,3,26,A01
202100010430,1,7,,0,2,4,1,B01
202100010430,1,7,,0,2,1,1,A01
202100010431,1,7,,0,2,7,9,B01
202100010431,1,7,,0,2,1,1,A01
202100010432,1,10,,0,2,1,1,B01
202100010432,1,7,,0,0,4,23,A01
202100010433,2,7,,2,0,2,1,A01
202100010434,1,7,,0,2,3,0,A01
202100010434,2,7,,0,2,3,0,B01
202100010435,1,7,,0,0,0,1,A01
202100010436,3,7,,0,2,1,13,A01
202100010436,3,7,,0,2,8,1,B01
202100010436,3,33,,0,2,1,1,C01
202100010437,2,7,,13,0,1,0,A01
202100010438,1,10,,0,2,1,19,A01
202100010438,1,7,,0,2,2,1,B01
202100010439,2,7,,0,1,1,1,A01
202100010440,2,7,,0,2,1,13,A01
202100010440,1,7,,0,2,1,1,B01
202100010441,1,7,,0,1,1,1,A01
202100010442,3,7,,0,2,3,1,A01
202100010442,3,50,,0,2,7,19,B01
202100010443,1,1,,0,2,5,1,B01
202100010443,2,7,,0,9,3,9,A01
202100010444,3,7,,0,2,1,1,A01
202100010444,3,7,,1,2,1,1,B01
202100010445,3,7,,0,2,3,17,A01
202100010445,3,7,,0,2,3,1,B01
202100010446,2,7,,0,2,1,1,A01
202100010446,2,7,,0,2,7,1,B01
202100010447,1,7,,2,0,1,1,A01
202100010448,1,7,,0,2,1,1,A01
202100010448,2,7,,0,2,1,1,B01
202100010449,2,7,,0,2,4,0,A01
202100010449,2,10,,0,2,1,0,B01
202100010450,1,33,,0,2,5,1,A01
202100010450,1,0,,0,2,3,0,Z01
202100010451,2,7,,0,2,1,2,Z01
202100010451,2,7,,0,2,4,2,B01
202100010452,2,7,,0,2,4,2,B01
202100010452,2,7,,0,2,1,2,A01
202100010453,2,32,,0,2,8,1,B01
202100010453,2,7,,0,2,7,14,A01
202100010454,2,15,,0,0,1,1,A01
202100010455,2,33,,0,2,3,3,B01
202100010455,2,7,,0,2,2,12,A01
202100010456,1,7,,0,2,3,1,A01
202100010456,1,7,,0,2,7,12,B01
202100010457,1,7,,0,2,4,2,B01
202100010457,1,31,,0,2,1,2,A01
202100010458,2,43,,0,0,0,1,A01
202100010459,2,10,,0,2,8,1,B01
202100010459,2,31,,0,2,7,3,A01
202100010460,2,7,,0,0,0,0,A01
202100010461,2,7,,4,0,1,1,A01
202100010462,1,33,,0,2,7,14,A01
202100010462,1,7,,0,2,8,2,B01