Num_Acc,senc,catv,occutc,obs,obsm,choc,manv,num_veh
202100010463,1,14,,0,9,7,17,A01
202100010464,2,7,,0,2,2,1,A01
202100010464,2,7,,0,2,6,1,B01
202100010465,2,32,,0,1,0,17,Z01
202100010466,2,7,,0,2,1,2,E01
202100010466,2,7,,0,0,0,1,C01
202100010466,2,7,,0,2,8,1,B01
202100010466,2,7,,0,2,7,14,A01
202100010467,3,7,,0,2,0,0,A01
202100010468,3,7,,0,2,2,19,A01
202100010468,3,1,,0,2,7,5,B01
202100010469,1,2,,0,2,1,18,B01
202100010469,2,7,,0,2,5,0,A01
202100010470,3,7,,0,2,8,15,A01
202100010470,3,1,,0,2,1,1,B01
202100010471,1,7,,0,1,2,1,A01
202100010472,1,43,,0,1,2,1,A01
202100010473,1,1,,1,0,1,1,B01
202100010473,1,1,,1,2,7,9,A01
202100010474,3,7,,0,2,0,0,A01
202100010474,1,99,,0,2,5,2,B01
202100010475,1,7,,0,1,2,1,A01
202100010476,3,7,,0,2,2,13,A01
202100010476,0,1,,0,2,7,13,B01
202100010477,1,7,,0,2,0,15,B01
202100010477,1,7,,0,2,2,12,A01
202100010478,1,7,,0,2,1,1,C01
202100010478,2,31,,0,2,2,1,A01
202100010478,1,7,,0,2,5,16,B01
202100010479,2,2,,0,0,1,0,B01
202100010479,2,7,,0,2,4,1,A01
202100010480,2,7,,0,1,8,16,A01
202100010481,1,7,,0,1,1,26,A01
202100010482,1,15,,0,2,2,1,B01
202100010482,1,7,,0,2,6,16,A01
202100010483,1,7,,0,1,1,1,A01
202100010484,2,10,,0,2,1,9,A01
202100010484,3,2,,0,2,7,1,B01
202100010485,2,50,,0,2,1,1,A01
202100010485,2,7,,0,2,3,1,B01
202100010486,3,7,,2,0,1,1,A01
202100010487,0,2,,0,2,1,1,B01
202100010487,0,10,,0,2,2,15,A01
202100010488,1,7,,0,2,1,13,A01
202100010488,2,7,,0,2,8,0,B01
202100010489,0,7,,0,2,2,1,B01
202100010489,0,31,,0,2,1,7,A01
202100010490,0,7,,0,1,1,1,A01
202100010491,1,33,,0,2,1,1,B01
202100010491,2,7,,0,2,2,15,A01
202100010492,2,1,,0,2,1,2,A01
202100010492,2,14,,0,2,4,2,B01
202100010493,1,7,,0,1,1,15,A01
202100010494,2,7,,0,2,3,9,A01
202100010494,2,31,,0,2,2,1,B01
202100010495,3,7,,0,2,4,1,A01
202100010495,3,7,,0,2,3,1,B01
202100010495,3,7,,0,2,0,0,Z01
202100010496,1,33,,0,0,0,0,A01
202100010497,0,7,,0,2,7,16,B01
202100010497,2,10,,0,2,3,9,A01
202100010498,1,33,,0,2,7,14,A01
202100010499,1,7,,0,2,3,15,A01
202100010499,2,7,,0,2,0,0,B01
202100010500,1,30,,0,0,0,26,A01
202100010501,1,7,,0,1,1,26,A01
202100010502,3,7,,0,2,1,13,A01
202100010502,3,7,,0,2,3,1,B01
202100010503,2,7,,0,1,1,15,A01
202100010504,1,7,,8,0,1,1,A01
202100010505,3,7,,0,1,1,16,A01
202100010506,2,7,,0,2,4,23,C01
202100010506,2,7,,0,2,4,2,B01
202100010506,2,7,,0,2,1,2,A01
202100010507,3,80,,0,2,1,26,A01
202100010507,2,7,,0,9,8,9,B01
202100010508,2,30,,0,2,0,15,A01
202100010508,2,7,,0,2,3,15,B01
202100010509,2,7,,0,2,2,15,A01
202100010509,1,1,,0,2,1,1,B01
202100010510,1,7,,0,2,3,26,A01
202100010510,2,50,,0,2,0,0,B01
202100010511,1,7,,0,1,1,1,A01
202100010512,1,10,,0,1,2,16,A01
202100010513,1,33,,0,2,7,1,B01
202100010513,2,7,,0,2,1,0,A01
202100010514,2,7,,0,1,1,1,A01
202100010515,3,7,,0,2,1,13,A01
202100010515,1,17,,0,2,1,1,B01
202100010516,3,7,,15,1,1,26,A01
202100010517,3,7,,0,1,1,26,A01
202100010518,2,3,,0,1,2,19,A01
202100010519,2,7,,0,2,1,15,A01
202100010519,2,1,,0,2,7,1,B01
202100010520,2,7,,0,2,3,1,C01
202100010520,1,7,,0,2,7,1,B01
202100010520,1,7,,0,2,1,15,A01
202100010521,1,7,,0,2,8,26,B01
202100010521,1,15,,0,2,2,26,A01
202100010522,1,10,,0,0,3,20,A01
202100010523,1,7,,0,2,3,26,A01
202100010523,1,1,,0,2,2,1,B01
202100010524,1,7,,0,2,2,15,A01
202100010524,1,31,,0,2,1,26,B01
202100010525,1,1,,0,2,2,26,B01
202100010525,1,30,,0,2,0,26,A01
202100010526,3,7,,0,2,8,16,A01
202100010526,3,50,,0,2,1,0,B01
202100010527,3,33,,0,9,1,1,A01
202100010528,1,7,,6,0,1,1,A01
202100010529,1,7,,0,1,1,19,A01
202100010530,0,7,,1,0,1,13,A01
202100010531,2,7,,0,2,2,11,A01
202100010531,2,7,,0,2,2,1,B01
202100010532,2,37,1.0,8,1,2,1,B01
202100010532,3,60,,9,2,8,19,A01
202100010533,2,7,,0,1,1,19,A01
202100010534,1,31,,0,2,1,15,A01
202100010534,1,33,,0,2,1,1,B01
202100010535,3,7,,0,2,4,26,B01
202100010535,3,7,,0,2,1,26,A01
202100010536,2,33,,0,2,8,1,B01
202100010536,3,14,,0,2,2,15,A01
202100010537,3,7,,0,2,2,1,B01
202100010537,3,7,,0,2,3,9,A01
202100010538,2,30,,0,2,2,21,A01
202100010538,0,7,,0,0,5,1,B01
202100010539,0,34,,0,2,1,1,A01
202100010539,0,7,,0,2,3,0,B01
202100010540,2,13,,0,2,2,1,B01
202100010540,1,7,,0,2,3,15,A01
202100010541,2,7,,0,2,6,10,B01
202100010541,2,32,,0,2,1,1,A01
202100010542,1,30,,0,1,1,26,Z01
202100010543,3,7,,0,0,0,0,A01
202100010544,1,7,,0,2,4,1,B01
202100010544,1,7,,0,2,1,1,A01
202100010545,2,7,,0,9,2,1,A01
202100010545,3,50,,0,2,8,19,B01
202100010546,2,14,,0,2,1,1,A01
202100010546,2,17,,0,2,4,1,B01
202100010547,1,33,,0,2,3,9,A01
202100010547,1,7,,0,2,2,1,B01
202100010548,3,80,,0,1,3,1,A01
202100010549,1,33,,0,0,1,1,A01
202100010550,1,7,,0,2,1,10,A01
202100010550,1,33,,0,2,1,17,B01
202100010551,1,7,,0,1,1,1,A01
202100010552,2,7,,0,1,3,1,A01
202100010553,2,7,,0,1,2,1,A01
202100010554,2,30,,0,1,7,5,Z01
202100010555,1,30,,0,2,3,21,A01
202100010556,1,10,,0,2,4,2,B01
202100010556,1,32,,0,2,1,2,A01
202100010557,1,7,,0,2,3,15,A01
202100010557,2,30,,0,2,1,1,B01
202100010558,2,7,,0,2,3,1,B01
202100010558,2,50,,0,2,1,17,A01
202100010559,2,1,,0,1,1,1,A01
202100010560,1,7,,0,1,1,15,A01
202100010561,2,50,,0,2,4,2,A01
202100010561,1,7,,0,2,1,2,Z01
202100010562,3,7,,14,0,2,13,A01
202100010563,2,1,,0,2,8,1,A01
202100010563,2,2,,0,2,2,16,Z01
202100010564,1,2,,0,2,2,1,A01
202100010564,1,1,,0,2,0,15,Z01
202100010565,2,7,,0,2,6,13,B01
202100010565,1,7,,0,2,3,1,C01
202100010565,2,33,,0,2,1,17,A01
202100010566,3,7,,0,2,5,1,B01
202100010566,1,7,,0,2,3,7,A01
202100010567,2,30,,0,2,4,2,B01
202100010567,2,10,,0,2,1,2,A01
202100010568,1,7,,0,2,3,9,A01
202100010568,1,30,,0,2,1,1,B01
202100010569,1,10,,0,2,3,15,A01
202100010569,1,7,,0,2,7,24,B01
202100010569,1,32,,0,2,2,1,C01
202100010570,2,1,,0,2,8,1,A01
202100010570,2,1,,0,2,1,1,B01
202100010571,1,33,,0,2,7,1,B01
202100010571,1,7,,0,2,0,14,A01
202100010572,2,33,,0,1,7,1,A01
202100010573,1,30,,0,1,1,1,A01
202100010574,3,7,,0,2,1,1,A01
202100010574,3,10,,8,2,8,1,B01
202100010575,1,7,,0,2,2,15,A01
202100010575,1,33,,0,2,2,1,B01
202100010576,1,10,,0,2,0,0,B01
202100010576,1,2,,0,2,3,17,A01
202100010577,1,30,,0,2,7,1,A01
202100010577,1,7,,0,2,1,15,B01
202100010578,2,33,,0,2,1,1,A01
202100010578,1,7,,0,2,5,15,B01
202100010579,2,7,,0,1,1,1,B01
202100010579,2,7,,0,2,1,1,A01
202100010580,1,7,,0,2,1,15,A01
202100010580,2,7,,0,2,1,1,B01
202100010581,2,7,,0,2,1,1,B01
202100010581,2,31,,0,2,4,26,A01
202100010582,2,7,,0,1,7,1,A01
202100010583,-1,7,,0,0,3,9,B01
202100010583,-1,30,,0,2,0,0,A01
202100010584,2,7,,0,2,3,19,A01
202100010584,1,31,,0,2,1,3,B01
202100010585,2,32,,0,2,8,1,B01
202100010585,1,7,,0,2,2,1,A01
202100010586,2,7,,0,1,1,2,A01
202100010587,3,7,,0,2,3,9,A01
202100010587,3,33,,0,2,2,0,B01
202100010588,1,33,,12,0,7,1,A01
202100010589,-1,7,,0,2,4,2,B01
202100010589,-1,7,,0,2,1,2,A01
202100010590,1,3,,1,0,3,24,A01
202100010590,1,1,,1,0,3,0,B01
202100010591,2,30,,9,0,1,13,A01
202100010592,2,13,,0,1,2,16,A01
202100010593,0,33,,0,2,4,0,B01
202100010593,0,43,,0,2,1,26,A01
202100010594,3,33,,0,0,0,26,A01
202100010595,2,10,,9,2,1,5,A01
202100010595,2,7,,9,2,7,1,B01
202100010596,3,7,,8,2,1,9,A01
202100010596,3,7,,0,2,3,1,B01
202100010597,3,1,,0,2,7,19,B01
202100010597,1,7,,0,2,1,1,A01
202100010598,2,31,,0,2,1,1,A01
202100010598,1,7,,0,2,1,15,B01
202100010599,2,7,,8,2,3,1,B01
202100010599,2,7,,0,2,6,1,A01
202100010600,3,7,,0,2,3,1,A01
202100010600,3,32,,0,2,1,17,F01
202100010601,1,1,,0,0,4,1,B01
202100010601,1,7,,0,2,2,1,A01
202100010602,0,7,,0,9,3,1,A01
202100010602,0,1,,0,2,1,19,B01
202100010603,1,7,,0,2,1,13,A01
202100010603,2,17,,0,2,3,1,B01
202100010604,1,33,,15,0,2,1,A01
202100010605,2,33,,13,0,0,13,A01
202100010606,1,7,,0,0,9,0,A01
202100010607,2,7,,0,2,1,1,B01
202100010607,2,10,,0,0,4,11,A01
202100010608,0,7,,2,0,2,11,A01
202100010609,2,7,,13,0,0,1,A01
202100010610,1,7,,2,0,2,14,A01
202100010611,1,7,,13,0,5,1,A01
202100010612,2,33,,0,2,2,1,A01
202100010612,1,7,,0,2,7,5,B01
202100010613,1,7,,0,2,1,13,A01
202100010613,2,7,,0,2,1,21,B01
202100010614,1,7,,2,0,1,1,A01
202100010615,3,33,,0,0,7,1,A01
202100010616,3,7,,0,0,5,12,A01
202100010616,3,1,,0,0,6,1,B01
202100010617,2,33,,6,0,7,2,A01
202100010618,0,2,,0,2,1,1,B01
202100010618,0,7,,0,2,2,15,A01
202100010619,1,7,,0,1,3,1,A01
202100010620,1,7,,0,0,2,5,A01
202100010620,2,33,,0,0,1,3,B01
202100010621,3,2,,12,0,7,1,A01
202100010622,1,39,,0,4,3,1,B01
202100010622,2,7,,0,4,1,0,A01
202100010623,1,1,,0,2,1,1,B01
202100010623,2,7,,0,2,7,15,A01
202100010624,3,7,,0,0,3,0,A01
202100010625,3,7,,0,2,3,19,A01
202100010625,2,7,,0,2,1,1,B01
202100010626,1,2,,7,2,1,1,A01
202100010626,3,21,,0,2,6,1,B01
202100010627,2,7,,8,1,2,1,A01
202100010628,1,7,,0,2,1,1,B01
202100010628,2,7,,0,2,7,1,A01
202100010629,3,7,,0,0,9,0,A01
202100010630,1,7,,3,0,1,1,A01
202100010631,1,1,,0,0,8,1,A01
202100010632,2,7,,2,2,3,1,B01
202100010632,1,17,,2,2,3,13,A01
202100010633,1,13,,0,0,3,1,A01
202100010634,2,15,,0,2,2,15,B01
202100010634,1,7,,0,2,1,1,A01
202100010635,1,2,,0,0,1,1,B01
202100010635,1,10,,0,0,5,1,A01
202100010636,2,7,,8,0,3,0,A01
202100010637,2,7,,0,2,8,19,B01
202100010637,2,43,,0,2,3,17,A01
202100010638,0,7,,0,0,9,1,A01
202100010639,3,7,,0,2,3,1,B01
202100010639,3,7,,0,2,5,10,A01
202100010640,2,7,,0,2,3,13,A01
202100010640,1,7,,0,2,3,1,B01
202100010641,1,1,,0,2,1,1,B01
202100010641,2,7,,0,2,2,15,A01
202100010642,1,2,,0,0,6,15,A01
202100010642,1,0,,0,2,1,17,B01
202100010643,0,7,,0,2,1,15,A01
202100010643,0,7,,0,2,1,1,B01
202100010644,2,7,,8,0,7,1,A01
202100010645,1,7,,0,0,6,1,B01
202100010645,2,7,,0,0,7,15,A01
202100010645,1,33,,0,2,1,1,C01
202100010646,1,2,,0,2,1,9,A01
202100010646,2,37,1.0,0,2,1,1,B01
202100010647,2,7,,0,2,3,2,B01
202100010647,1,7,,0,2,3,2,A01
202100010648,2,32,,0,0,0,0,A01
202100010649,2,7,,0,2,7,15,A01
202100010649,1,7,,0,2,5,1,B01
202100010650,3,7,,0,2,1,19,A01
202100010650,1,7,,0,2,1,1,C01
202100010650,2,7,,0,2,8,1,B01
202100010651,3,7,,0,1,2,2,A01
202100010652,2,7,,0,2,1,17,A01
202100010652,2,7,,0,2,3,1,B01
202100010652,1,7,,0,2,1,1,C01
202100010653,1,33,,0,2,1,1,B01
202100010653,1,7,,0,2,6,9,A01
202100010654,1,7,,0,0,9,1,A01
202100010655,1,2,,0,2,2,17,A01
202100010655,1,10,,0,0,3,15,B01
202100010656,2,10,,0,2,3,2,A01
202100010656,2,1,,0,2,1,2,B01
202100010657,1,7,,0,2,7,12,A01
202100010657,1,33,,0,0,1,3,B01
202100010658,3,7,,0,2,1,2,A01
202100010658,3,7,,0,2,4,23,B01
202100010658,3,7,,0,2,4,23,C01
202100010658,3,7,,0,2,4,23,D01
202100010659,1,7,,0,2,4,1,A01
202100010659,1,7,,0,2,1,2,B01
202100010659,1,7,,0,2,3,0,C01
202100010660,1,7,,6,0,1,1,A01
202100010661,2,33,,0,2,2,1,B01
202100010661,2,7,,0,2,6,11,A01
202100010662,1,33,,0,2,7,3,B01
202100010662,1,7,,0,2,6,1,C01
202100010662,1,7,,0,2,8,11,A01
202100010663,2,17,,0,2,1,2,A01
202100010663,2,7,,0,2,4,2,B01
202100010663,2,10,,0,2,1,2,C01
202100010664,2,7,,0,2,1,2,E01
202100010664,2,7,,0,2,1,2,B01
202100010664,2,7,,0,2,1,2,D01
202100010664,2,7,,0,2,1,2,C01
202100010664,2,7,,0,2,1,2,A01
202100010665,2,7,,0,2,2,12,B01
202100010665,2,31,,0,2,1,3,A01
202100010666,2,7,,0,2,4,1,B01
202100010666,2,7,,0,2,1,1,D01
202100010666,2,7,,0,2,1,1,C01
202100010666,2,17,,0,2,8,11,A01
202100010666,2,10,,0,2,1,2,E01
202100010667,2,10,,0,2,0,12,Z01
202100010667,2,33,,0,2,7,3,A01
202100010668,2,7,,0,2,1,2,A01
202100010668,2,33,,0,2,4,2,B01
202100010669,1,7,,0,2,1,1,B01
202100010669,1,7,,0,2,1,26,A01
202100010670,1,7,,0,2,4,2,B01
202100010670,1,7,,0,2,1,2,A01
202100010671,1,7,,0,2,4,1,B01
202100010671,1,10,,0,2,1,1,A01
202100010672,1,7,,0,2,4,2,C01
202100010672,2,7,,0,2,7,2,B01
202100010672,2,33,,0,2,1,3,A01
202100010673,2,7,,0,2,1,1,B01
202100010673,2,33,,0,2,3,1,A01
202100010674,1,7,,0,2,4,2,C01
202100010674,1,7,,0,2,6,2,B01
202100010674,1,10,,0,2,1,1,A01
202100010674,1,7,,0,2,4,2,D01
202100010675,1,7,,0,2,1,2,A01
202100010675,1,7,,0,2,0,0,B01
202100010676,1,7,,0,2,4,23,B01
202100010676,1,10,,1,0,1,2,A01
202100010677,2,33,,0,2,1,0,B01
202100010677,2,10,,0,2,8,1,C01
202100010677,2,10,,0,2,5,1,A01
202100010678,1,7,,0,2,4,11,A01
202100010678,1,33,,0,2,1,3,B01
202100010679,1,50,,0,1,1,25,A01
202100010680,3,7,,0,1,1,17,A01
202100010681,1,7,,0,2,8,1,B01
202100010681,1,14,,0,2,7,17,A01
202100010682,1,7,,0,1,1,11,A01
202100010683,2,7,,0,2,2,0,B01
202100010683,3,50,,0,2,1,1,A01
202100010684,2,50,,0,2,1,1,B01
202100010684,1,7,,0,2,3,15,A01
202100010685,1,33,,0,1,0,1,A01
202100010686,3,7,,4,0,2,14,A01
202100010687,1,10,,0,2,1,26,A01
202100010687,1,7,,0,2,4,1,B01
202100010688,1,7,,0,2,1,1,B01
202100010688,2,7,,0,2,2,15,A01
202100010689,2,7,,0,1,1,16,A01
202100010690,2,33,,0,2,1,1,B01
202100010690,1,7,,0,2,3,9,A01
202100010691,2,10,,0,1,2,1,A01
202100010692,1,7,,0,2,1,1,B01
202100010692,2,7,,0,2,1,13,A01
202100010693,0,7,,0,1,1,1,A01
202100010694,3,7,,0,2,1,16,A01
202100010694,3,1,,0,2,1,19,B01
202100010695,2,10,,6,0,1,14,A01
202100010696,3,7,,0,0,9,17,A01
202100010697,1,50,,0,2,1,19,B01
202100010697,2,7,,0,2,2,15,Z01
202100010698,1,31,,0,1,1,1,A01
202100010699,1,7,,0,2,1,1,A01
202100010699,1,7,,0,2,4,1,B01
202100010700,1,7,,0,1,2,26,A01
202100010701,3,7,,0,2,1,1,A01
202100010701,3,1,,0,2,4,0,B01
202100010702,2,7,,0,1,2,1,A01
202100010703,1,7,,0,1,1,1,A01
202100010704,3,7,,0,2,1,15,A01
202100010704,3,7,,0,2,3,1,B01
202100010705,1,7,,0,2,3,15,A01
202100010705,2,2,,0,2,8,1,B01
202100010706,1,7,,0,2,3,1,B01
202100010706,2,2,,0,2,3,13,A01
202100010707,2,2,,0,2,1,1,B01
202100010707,1,7,,0,2,3,15,A01
202100010708,1,50,,0,2,3,26,A01
202100010708,1,7,,0,2,0,26,B01
202100010709,1,30,,0,2,3,16,A01
202100010709,1,7,,0,2,7,16,B01
202100010710,2,7,,0,1,4,1,B01
202100010710,2,7,,0,2,1,12,A01
202100010711,3,7,,2,0,1,1,A01
202100010712,1,33,,11,0,1,17,A01
202100010713,3,10,,0,2,4,2,B01
202100010713,3,10,,0,2,1,16,A01
202100010714,1,33,,8,0,0,15,A01
202100010715,1,30,,0,2,1,1,A01
202100010715,1,7,,0,2,4,1,B01
202100010716,2,7,,0,1,1,15,A01
202100010717,2,7,,0,1,4,26,A01
202100010718,1,15,,0,2,2,1,B01
202100010718,1,7,,0,2,3,18,A01
202100010719,1,7,,0,2,1,14,C01
202100010719,2,7,,0,2,7,17,B01
202100010719,2,7,,0,2,8,13,A01
202100010720,2,7,,2,0,1,14,A01
202100010721,1,15,,0,1,1,1,A01
202100010722,1,7,,0,1,2,1,A01
202100010723,1,1,,14,2,9,21,A01
202100010723,1,10,,14,9,3,15,B01
202100010724,2,30,,0,9,2,26,A01
202100010724,2,99,,0,0,0,0,B01
202100010725,3,7,,9,0,2,14,A01
202100010726,1,7,,0,2,4,2,B01
202100010726,1,30,,0,2,1,2,A01
202100010727,2,7,,0,2,3,20,A01
202100010727,2,30,,0,2,1,1,B01
202100010728,1,99,,0,1,2,17,Z01
202100010729,3,7,,0,1,1,16,A01
202100010730,2,30,,8,1,2,1,A01
202100010731,1,7,,0,2,1,2,A01
202100010731,1,7,,0,2,4,2,B01
202100010731,1,7,,0,2,4,2,C01
202100010731,1,7,,0,2,4,2,D01
202100010732,1,33,,0,2,7,3,A01
202100010732,1,10,,0,2,3,11,Z01
202100010733,1,34,,0,9,1,21,A01
202100010734,2,7,,0,2,3,11,Z01
202100010734,2,7,,0,2,6,13,ZZ01
202100010734,2,33,,0,2,2,1,B01
202100010734,2,7,,4,2,7,1,A01
202100010735,2,50,,0,1,2,1,A01
202100010736,3,7,,0,2,0,1,Z01
202100010736,3,33,,0,2,8,9,A01
202100010737,2,30,,0,2,2,1,A01
202100010737,2,7,,0,2,0,1,Z01
202100010738,1,1,,0,2,4,2,B01
202100010738,1,7,,0,2,1,2,A01
202100010739,1,7,,0,1,2,16,A01
202100010740,1,50,,0,0,0,16,A01
202100010741,2,30,,0,2,1,2,A01
202100010741,2,10,,0,2,4,15,B01
202100010742,2,1,,0,1,1,1,A01
202100010743,1,7,,0,2,8,15,A01
202100010743,1,32,,0,2,2,1,B01
202100010744,2,7,,14,0,3,1,A01
202100010744,2,30,,0,2,5,15,B01
202100010745,3,10,,0,2,6,1,A01
202100010745,3,50,,0,2,1,0,B01
202100010746,1,1,,0,2,0,1,B01
202100010746,2,10,,0,2,3,15,A01
202100010747,0,7,,0,1,1,0,A01
202100010748,1,7,,0,1,1,1,A01
202100010749,1,31,,0,2,5,2,B01
202100010749,1,7,,0,2,3,2,A01
202100010750,1,33,,0,2,1,13,A01
202100010750,1,7,,0,2,3,13,B01
202100010751,0,30,,0,2,1,1,B01
202100010751,0,7,,0,2,2,15,A01
202100010752,2,7,,0,2,1,1,A01
202100010752,-1,50,,0,2,7,19,B01
202100010753,2,7,,0,1,2,1,A01
202100010754,0,31,,0,2,8,15,A01
202100010754,1,7,,0,2,3,1,B01
202100010755,2,32,,0,1,2,1,A01
202100010756,1,37,2.0,0,2,3,24,A01
202100010756,1,10,,0,2,5,17,B01
202100010757,1,7,,0,2,5,24,B01
202100010757,1,80,,1,0,1,1,A01
202100010758,2,30,,0,1,1,25,A01
202100010759,1,31,,0,0,0,1,A01
202100010760,2,7,,0,2,8,13,A01
202100010760,1,7,,0,2,8,26,B01
202100010761,1,7,,0,9,2,2,A01
202100010761,1,1,,0,2,4,2,B01
202100010762,1,7,,1,0,1,13,A01
202100010763,1,7,,9,0,5,24,B01
202100010763,1,7,,1,0,3,1,A01
202100010764,1,7,,8,0,1,1,A01
202100010765,2,7,,0,0,1,1,B01
202100010765,1,7,,0,2,1,1,A01
202100010766,1,7,,2,0,3,2,A01
202100010767,0,2,,0,0,0,1,A01
202100010768,3,7,,2,0,8,0,A01
202100010769,0,7,,0,2,8,9,A01
202100010769,1,7,,0,2,1,1,B01
202100010770,2,33,,0,9,7,21,A01
202100010770,1,21,,0,2,7,19,B01
202100010771,1,15,,0,2,1,1,A01
202100010771,1,7,,0,0,4,2,B01
202100010772,3,7,,13,0,3,1,A01
202100010773,2,14,,0,0,4,1,A01
202100010773,2,10,,0,2,1,0,B01
202100010774,1,7,,2,0,1,14,A01
202100010775,3,33,,0,2,1,1,B01
202100010775,3,33,,0,2,1,5,A01
202100010776,3,2,,13,1,2,1,A01
202100010777,1,7,,4,0,1,26,A01
202100010778,3,2,,0,0,0,0,A01
202100010779,0,7,,0,1,2,16,A01
202100010780,0,7,,0,2,1,1,B01
202100010780,0,7,,0,2,3,19,A01
202100010781,1,14,,0,2,3,1,B01
202100010781,2,10,,0,2,3,13,A01
202100010782,2,7,,0,2,5,13,A01
202100010782,1,7,,0,2,3,1,B01
202100010783,2,7,,0,2,2,15,A01
202100010783,1,32,,0,2,1,1,B01
202100010784,2,7,,0,1,3,1,A01
202100010785,1,10,,0,0,5,19,A01
202100010785,2,33,,0,2,1,1,B01
202100010786,1,7,,6,0,2,14,A01
202100010787,3,7,,0,2,6,1,A01
202100010787,3,7,,0,2,1,1,B01
202100010788,1,7,,0,0,6,1,A01
202100010788,1,33,,0,2,1,2,B01
202100010789,1,7,,0,2,1,17,A01
202100010789,1,21,,0,2,4,15,B01
202100010790,1,1,,0,2,0,1,B01
202100010790,1,7,,0,9,2,1,A01
202100010791,2,7,,0,1,2,1,A01
202100010792,2,7,,0,2,1,1,B01
202100010792,1,7,,0,2,3,13,A01
202100010793,3,7,,0,1,0,0,A01
202100010794,1,7,,13,0,3,1,A01
202100010795,0,2,,0,2,1,1,A01
202100010795,3,7,,0,2,8,15,B01
202100010796,2,7,,0,2,2,15,A01
202100010796,1,7,,0,0,2,1,B01
202100010797,3,7,,0,0,1,19,B01
202100010797,2,33,,0,0,7,1,A01
202100010798,1,7,,0,2,1,2,F01
202100010798,1,7,,0,2,1,2,E01
202100010798,1,7,,0,2,1,2,C01
202100010798,1,7,,0,0,4,1,B01
202100010798,1,7,,0,2,1,2,A01
202100010798,1,7,,0,2,1,2,D01
202100010799,1,7,,13,0,2,12,A01
202100010800,2,7,,0,0,3,1,A01
202100010801,2,7,,0,0,7,15,A01
202100010801,2,13,,0,2,3,1,B01
202100010802,2,33,,9,0,1,1,A01
202100010803,2,33,,13,0,0,1,A01
202100010804,0,7,,0,2,1,1,B01
202100010804,3,7,,3,2,3,9,A01
202100010805,1,7,,0,1,3,1,A01
202100010806,1,43,,0,2,1,1,A01
202100010806,2,7,,0,2,3,11,B01
202100010807,1,7,,0,2,2,1,A01
202100010807,3,1,,0,2,3,19,B01
202100010808,1,7,,0,2,2,1,A01
202100010808,1,21,,0,2,6,1,B01
202100010809,0,7,,0,0,5,1,A01
202100010809,2,31,,0,2,1,1,B01
202100010810,1,1,,0,2,1,1,C01
202100010810,1,1,,0,2,1,1,B01
202100010810,2,7,,0,9,3,15,A01
202100010811,3,33,,0,2,1,1,B01
202100010811,3,7,,0,2,2,15,A01
202100010812,3,31,,0,2,7,19,B01
202100010812,1,7,,0,2,2,1,A01
202100010813,2,7,,0,1,0,16,A01
202100010814,1,7,,9,1,1,13,A01
202100010815,1,10,,0,2,1,1,B01
202100010815,2,10,,0,2,1,13,A01
202100010816,1,7,,0,2,6,15,A01
202100010816,1,33,,0,2,1,17,B01
202100010817,3,1,,0,2,8,12,B01
202100010817,0,7,,0,9,1,11,A01
202100010818,3,7,,0,1,4,4,A01
202100010819,1,10,,0,2,2,2,A01
202100010819,1,7,,16,0,4,15,B01
202100010820,1,7,,0,0,1,1,A01
202100010821,3,7,,0,1,1,15,A01
202100010822,1,7,,0,2,4,1,A01
202100010822,1,7,,0,2,2,2,B01
202100010823,1,7,,0,2,1,0,Z01
202100010823,1,7,,0,2,4,2,B01
202100010823,1,7,,0,0,4,2,A01
202100010824,1,7,,0,2,2,12,A01
202100010824,1,43,,0,2,3,3,B01
202100010825,2,7,,0,2,4,1,D01
202100010825,2,7,,0,2,4,2,B01
202100010825,2,7,,0,2,4,2,C01
202100010825,2,7,,0,2,1,2,A01
202100010826,1,7,,0,2,1,2,A01
202100010826,1,7,,0,2,4,2,B01
202100010826,1,7,,0,2,4,2,C01
202100010827,2,10,,0,2,4,1,B01
202100010827,2,7,,0,2,1,1,A01
202100010828,1,30,,0,2,1,19,A01
202100010828,1,14,,0,2,5,0,B01
202100010829,2,33,,0,2,8,2,B01
202100010829,2,7,,0,2,7,2,A01
202100010830,2,7,,0,2,5,1,C01
202100010830,2,7,,0,2,3,1,B01
202100010830,2,32,,0,2,7,3,A01
202100010831,2,7,,0,5,1,21,A01
202100010832,2,7,,0,2,4,1,B01
202100010832,2,7,,0,2,1,2,A01
202100010833,2,7,,0,2,6,1,B01
202100010833,2,33,,0,2,1,3,A01
202100010834,2,7,,0,2,2,1,B01
202100010834,2,7,,0,2,8,11,A01
202100010835,2,7,,0,0,1,14,A01
202100010836,2,7,,0,2,1,2,B01
202100010836,2,7,,0,2,6,1,A01
202100010837,1,10,,0,2,4,0,A01
202100010837,1,33,,0,2,1,3,B01
202100010838,2,30,,0,2,1,19,B01
202100010838,1,7,,0,2,2,1,A01
202100010839,2,10,,0,1,2,1,A01
202100010840,1,7,,0,2,1,1,A01
202100010840,1,7,,0,2,4,2,B01
202100010841,3,7,,1,0,1,1,A01
202100010841,3,7,,16,0,6,1,B01
202100010842,1,7,,0,2,3,1,B01
202100010842,2,33,,0,2,1,13,A01
202100010843,1,7,,0,2,1,15,A01
202100010843,2,1,,0,2,8,1,B01
202100010844,3,7,,0,1,1,26,A01