Num_Acc,senc,catv,occutc,obs,obsm,choc,manv,num_veh
202100010845,1,7,,0,2,4,23,B01
202100010845,1,10,,0,2,1,1,A01
202100010846,1,1,,1,0,1,1,B01
202100010847,1,7,,0,2,3,23,A01
202100010847,2,7,,0,2,8,15,B01
202100010848,1,1,,0,2,8,25,B01
202100010848,2,7,,0,2,2,1,A01
202100010849,1,7,,0,2,2,1,B01
202100010849,1,1,,0,2,8,1,A01
202100010850,1,2,,0,2,1,19,A01
202100010850,1,7,,0,2,8,19,B01
202100010851,2,30,,0,0,3,15,A01
202100010852,1,7,,0,1,8,11,A01
202100010853,2,7,,0,2,1,1,Z01
202100010853,1,7,,0,2,4,1,B01
202100010854,2,7,,0,1,1,16,A01
202100010855,1,7,,0,2,8,1,B01
202100010855,1,7,,0,2,1,1,A01
202100010856,2,2,,0,0,8,16,A01
202100010857,1,7,,0,2,1,1,B01
202100010857,1,7,,0,2,1,15,A01
202100010858,1,7,,0,2,1,9,A01
202100010858,1,7,,0,2,7,1,B01
202100010859,2,7,,0,2,2,15,A01
202100010859,2,32,,0,2,1,1,B01
202100010860,2,7,,0,1,5,26,A01
202100010861,0,14,,0,2,5,1,A01
202100010861,0,7,,0,2,1,15,B01
202100010862,3,7,,0,2,3,1,B01
202100010862,3,7,,0,2,3,13,A01
202100010863,3,7,,0,1,2,1,A01
202100010864,1,2,,0,2,4,1,B01
202100010864,1,0,,0,2,0,26,Z01
202100010865,3,50,,0,2,1,19,A01
202100010865,3,10,,0,2,6,0,B01
202100010866,3,7,,0,1,3,1,A01
202100010866,3,7,,0,1,3,1,B01
202100010867,2,7,,0,2,4,23,B01
202100010867,2,1,,0,2,1,2,A01
202100010868,2,7,,0,2,1,19,A01
202100010868,1,7,,0,2,2,15,B01
202100010869,1,7,,13,0,2,14,A01
202100010870,1,7,,0,2,4,2,A01
202100010870,1,7,,0,2,1,2,B01
202100010871,1,7,,0,1,1,1,A01
202100010872,1,7,,0,2,3,5,A01
202100010872,2,7,,0,2,8,1,B01
202100010873,1,7,,0,2,8,1,B01
202100010873,1,7,,0,2,3,1,A01
202100010874,2,7,,0,2,3,15,B01
202100010874,2,2,,0,2,1,17,A01
202100010875,2,31,,0,2,1,13,A01
202100010875,2,7,,0,2,6,15,B01
202100010876,3,1,,0,2,1,19,A01
202100010876,3,7,,0,2,5,21,B01
202100010877,1,7,,0,1,2,1,A01
202100010878,1,33,,0,2,1,1,A01
202100010878,1,10,,0,2,5,1,B01
202100010879,1,7,,1,0,1,26,A01
202100010880,1,7,,0,2,1,26,A01
202100010881,2,7,,0,2,1,19,A01
202100010881,2,7,,0,2,1,1,B01
202100010882,1,7,,0,2,1,1,A01
202100010882,1,7,,0,2,1,19,B01
202100010883,3,7,,0,2,1,3,A01
202100010883,3,7,,0,2,2,3,B01
202100010884,1,33,,0,0,0,1,A01
202100010885,3,7,,0,1,1,16,A01
202100010886,2,30,,0,2,1,1,A01
202100010886,2,7,,0,2,6,15,B01
202100010887,3,7,,0,2,3,26,B01
202100010887,2,33,,0,2,1,1,A01
202100010888,0,30,,0,9,0,26,A01
202100010888,3,7,,0,0,0,0,Z01
202100010889,1,7,,0,1,1,1,A01
202100010890,1,30,,0,2,1,1,A01
202100010890,1,10,,0,2,4,1,B01
202100010891,3,33,,0,2,1,1,B01
202100010891,3,38,1.0,0,2,1,15,A01
202100010892,2,7,,0,2,4,1,C01
202100010892,2,7,,0,2,2,2,A01
202100010892,2,7,,0,2,4,1,B01
202100010893,1,50,,0,9,7,14,A01
202100010893,1,50,,0,9,1,1,B01
202100010894,1,33,,0,2,1,1,B01
202100010894,1,7,,0,9,8,26,A01
202100010895,1,7,,0,2,4,2,B01
202100010895,1,7,,0,2,1,2,A01
202100010896,1,15,,0,2,3,1,B01
202100010896,2,10,,0,2,3,13,A01
202100010897,3,7,,0,2,1,1,B01
202100010897,3,7,,0,2,8,19,A01
202100010898,1,7,,6,0,1,5,A01
202100010899,1,1,,0,2,1,1,B01
202100010899,2,7,,0,2,1,16,A01
202100010900,1,7,,10,0,1,13,A01
202100010901,1,30,,0,0,3,26,A01
202100010902,1,1,,0,2,4,1,B01
202100010902,1,7,,0,2,1,9,A01
202100010903,0,7,,0,1,1,1,A01
202100010904,0,7,,0,2,8,1,A01
202100010904,0,7,,0,2,1,1,B01
202100010905,0,7,,0,1,1,1,A01
202100010906,1,7,,0,1,1,1,A01
202100010907,1,7,,0,2,5,23,B01
202100010907,1,1,,0,2,1,1,A01
202100010908,2,7,,0,1,0,1,A01
202100010909,1,7,,0,2,5,2,B01
202100010909,1,33,,0,2,1,2,A01
202100010910,1,7,,0,2,8,9,A01
202100010910,2,1,,0,2,1,1,B01
202100010911,2,2,,0,2,3,1,B01
202100010911,1,7,,0,2,1,15,A01
202100010912,3,7,,0,2,2,19,A01
202100010912,1,33,,0,2,1,1,B01
202100010913,3,7,,0,2,1,1,B01
202100010913,3,7,,0,2,4,1,C01
202100010913,3,7,,0,2,1,21,A01
202100010914,2,7,,0,2,1,1,B01
202100010914,1,50,,0,2,7,15,A01
202100010915,2,7,,0,2,3,15,B01
202100010915,1,7,,0,2,2,1,A01
202100010916,1,7,,0,2,4,1,C01
202100010916,1,7,,0,2,4,1,B01
202100010916,1,10,,0,2,1,1,A01
202100010917,1,7,,0,2,3,20,A01
202100010917,1,34,,0,2,1,1,B01
202100010918,1,1,,0,2,0,2,B01
202100010918,1,7,,0,1,0,0,A01
202100010919,2,37,1.0,0,2,1,1,B01
202100010919,1,7,,0,2,1,1,A01
202100010920,1,33,,0,0,3,21,A01
202100010921,3,7,,0,0,3,0,B01
202100010921,2,37,2.0,0,2,2,26,A01
202100010922,1,33,,0,2,7,16,B01
202100010923,2,1,,0,2,4,1,B01
202100010923,2,7,,0,2,1,2,A01
202100010924,1,7,,0,2,3,13,A01
202100010924,2,7,,12,2,3,1,B01
202100010925,1,7,,0,2,1,1,A01
202100010925,1,7,,0,2,4,0,B01
202100010926,3,2,,0,0,8,15,A01
202100010927,1,30,,12,0,2,1,SA01
202100010928,1,33,,0,0,7,12,A01
202100010929,2,32,,0,0,7,3,A01
202100010930,1,10,,0,1,1,1,A01
202100010931,3,33,,14,0,7,13,A01
202100010932,2,7,,0,2,4,7,B01
202100010932,2,7,,0,2,1,7,A01
202100010933,1,7,,0,2,3,1,B01
202100010933,2,50,,0,2,1,15,A01
202100010934,1,7,,0,2,8,1,B01
202100010934,2,50,,0,2,1,1,A01
202100010935,3,2,,0,2,7,17,A01
202100010935,3,32,,0,2,7,1,B01
202100010936,2,30,,0,0,0,1,A01
202100010937,2,7,,0,2,3,13,A01
202100010937,2,30,,0,2,2,17,B01
202100010938,2,7,,0,2,1,13,A01
202100010938,1,1,,0,2,1,1,B01
202100010939,1,32,,0,2,1,17,A01
202100010939,1,7,,0,2,3,15,B01
202100010940,2,7,,0,2,0,15,A01
202100010940,2,50,,0,2,0,21,B01
202100010941,1,32,,0,2,2,1,B01
202100010941,1,7,,0,2,1,13,A01
202100010942,3,7,,14,0,2,9,A01
202100010943,1,7,,0,2,3,1,B01
202100010943,2,7,,0,2,2,1,A01
202100010944,1,7,,0,2,1,0,A01
202100010944,1,7,,0,2,4,0,B01
202100010945,2,7,,0,2,8,15,A01
202100010945,2,30,,0,2,1,17,B01
202100010946,2,7,,9,2,1,2,B01
202100010946,3,7,,9,1,8,15,A01
202100010947,-1,1,,0,2,7,25,B01
202100010947,3,7,,0,2,1,9,A01
202100010948,1,7,,8,0,1,1,A01
202100010949,1,7,,0,2,1,15,B01
202100010949,1,30,,0,2,1,2,A01
202100010950,1,50,,0,2,0,1,B01
202100010950,1,14,,0,2,7,16,A01
202100010951,1,30,,0,0,0,1,A01
202100010952,2,30,,0,2,8,1,B01
202100010952,1,7,,0,2,2,15,A01
202100010953,3,7,,0,1,1,1,A01
202100010954,1,7,,0,1,1,1,A01
202100010955,1,7,,0,2,7,15,A01
202100010955,2,33,,0,2,1,1,B01
202100010956,2,30,,0,2,1,1,B01
202100010956,2,7,,0,2,5,15,A01
202100010957,2,15,,1,0,2,11,A01
202100010958,1,7,,8,2,1,17,B01
202100010958,1,33,,0,2,3,15,A01
202100010959,2,7,,0,0,3,15,A01
202100010959,1,32,,0,0,8,1,B01
202100010960,3,7,,0,2,3,1,A01
202100010960,3,1,,0,2,1,1,B01
202100010961,1,33,,0,2,2,1,B01
202100010961,2,7,,0,2,2,17,A01
202100010962,1,0,,0,0,5,15,A01
202100010962,2,33,,0,2,1,1,B01
202100010963,1,7,,0,2,3,15,A01
202100010963,2,34,,0,2,1,17,B01
202100010964,2,13,,0,9,2,17,A01
202100010964,2,1,,0,0,4,1,B01
202100010965,1,7,,16,2,3,1,B01
202100010965,2,7,,0,2,3,13,A01
202100010965,2,7,,0,2,8,23,C01
202100010966,1,10,,0,2,1,1,B01
202100010966,2,7,,0,2,1,5,A01
202100010967,1,7,,0,2,3,15,B01
202100010967,1,33,,5,2,1,17,A01
202100010968,2,7,,0,2,2,15,A01
202100010968,1,2,,0,2,1,1,B01
202100010969,1,7,,0,2,4,2,B01
202100010969,1,7,,0,2,1,2,A01
202100010970,2,10,,0,1,2,1,A01
202100010971,1,7,,2,0,3,13,A01
202100010972,2,7,,13,0,2,26,A01
202100010973,1,7,,0,2,1,1,B01
202100010973,2,7,,0,2,1,5,A01
202100010974,1,7,,0,5,3,1,A01
202100010975,2,7,,1,1,7,1,A01
202100010976,3,36,,13,0,1,24,A01
202100010977,1,33,,0,2,8,1,B01
202100010977,2,7,,0,2,2,15,A01
202100010978,1,1,,0,2,7,1,B01
202100010978,1,7,,0,9,1,2,A01
202100010979,2,10,,0,9,2,20,A01
202100010979,2,1,,0,2,1,9,B01
202100010980,2,7,,0,1,5,1,A01
202100010981,1,7,,13,0,2,1,A01
202100010982,1,33,,0,2,1,17,A01
202100010982,1,7,,0,2,3,15,B01
202100010983,1,2,,0,0,2,1,A01
202100010984,1,1,,0,0,8,1,A01
202100010985,2,7,,0,2,3,1,A01
202100010985,3,10,,0,2,2,19,B01
202100010986,1,7,,0,2,1,2,B01
202100010986,1,7,,0,0,4,2,A01
202100010987,2,7,,0,2,3,17,A01
202100010987,1,33,,0,2,1,1,B01
202100010988,3,10,,0,0,2,0,A01
202100010989,0,60,,0,1,1,0,C01
202100010989,1,7,,0,1,3,26,A01
202100010990,2,10,,0,2,1,13,A01
202100010990,1,10,,0,2,1,1,B01
202100010991,2,7,,0,2,1,1,B01
202100010991,3,7,,0,2,3,15,A01
202100010992,2,7,,0,2,1,13,A01
202100010992,1,99,,0,2,3,1,B01
202100010993,1,10,,0,0,7,1,D01
202100010993,1,7,,0,0,8,1,C01
202100010993,1,7,,0,0,5,1,B01
202100010993,1,7,,3,2,3,2,A01
202100010993,1,7,,0,0,5,1,E01
202100010994,2,7,,3,0,1,21,A01
202100010995,1,10,,17,0,1,1,A01
202100010996,0,1,,0,2,1,9,B01
202100010996,0,7,,0,2,3,0,A01
202100010997,0,10,,0,0,0,0,A01
202100010998,2,7,,0,2,3,0,A01
202100010998,1,33,,0,2,1,0,B01
202100010999,3,2,,0,2,2,1,A01
202100010999,3,10,,0,2,3,9,B01
202100011000,2,10,,0,9,2,2,A01
202100011000,1,1,,0,0,4,2,B01
202100011000,1,1,,0,0,4,2,C01
202100011001,1,7,,4,2,2,1,A01
202100011001,1,15,,0,2,3,1,B01
202100011002,1,7,,2,0,8,1,A01
202100011003,3,7,,0,2,2,1,B01
202100011003,3,2,,0,2,1,5,A01
202100011004,0,2,,8,0,1,1,A01
202100011005,2,2,,12,0,0,1,A01
202100011006,2,10,,0,2,3,17,A01
202100011006,2,33,,0,2,7,17,B01
202100011007,1,7,,0,1,2,16,A01
202100011008,0,7,,0,1,5,4,A01
202100011009,1,7,,0,2,1,1,A01
202100011009,2,7,,0,2,3,1,B01
202100011010,0,10,,0,2,7,15,A01
202100011010,0,31,,0,2,1,1,B01
202100011011,3,7,,1,0,1,1,A01
202100011012,2,10,,0,1,1,21,A01
202100011013,1,15,,3,0,7,0,A01
202100011014,0,7,,8,0,1,1,A01
202100011015,3,10,,0,1,2,1,A01
202100011016,1,7,,3,0,3,1,A01
202100011017,1,7,,0,2,4,26,A01
202100011017,1,7,,0,0,0,0,Z01
202100011018,1,7,,0,2,1,1,A01
202100011018,1,7,,0,2,9,1,B01
202100011018,1,7,,0,0,1,1,C01
202100011019,1,10,,0,2,1,2,B01
202100011019,1,7,,0,2,4,1,A01
202100011020,2,7,,0,2,4,2,A01
202100011020,2,7,,0,2,4,2,B01
202100011020,2,7,,0,2,1,2,C01
202100011021,2,7,,0,2,4,11,B01
202100011021,2,7,,0,2,1,1,A01
202100011021,2,7,,3,2,9,1,C01
202100011022,2,7,,0,2,6,1,B01
202100011022,2,33,,0,2,1,3,A01
202100011023,1,17,,0,2,4,2,C01
202100011023,1,7,,0,2,4,2,B01
202100011023,1,17,,0,2,1,2,A01
202100011024,2,7,,0,0,4,11,B01
202100011024,2,33,,0,2,1,1,A01
202100011025,2,7,,0,2,5,1,B01
202100011025,2,33,,0,2,1,1,A01
202100011026,2,32,,0,2,0,1,A01
202100011027,1,7,,0,2,4,2,B01
202100011027,3,33,,0,2,1,2,A01
202100011028,2,7,,4,0,3,21,A01
202100011029,2,7,,0,2,0,12,Z01
202100011029,2,10,,0,2,8,1,B01
202100011029,2,33,,0,2,8,1,A01
202100011030,2,7,,0,2,1,1,A01
202100011030,2,10,,0,2,4,1,B01
202100011031,1,17,,0,2,2,12,A01
202100011031,1,7,,0,2,6,1,B01
202100011032,1,10,,0,2,6,23,A01
202100011032,1,7,,1,0,2,1,B01
202100011032,1,7,,0,2,2,1,C01
202100011033,1,7,,0,2,4,0,B01
202100011033,1,43,,0,2,0,0,A01
202100011034,2,33,,0,2,8,3,A01
202100011034,2,7,,0,2,2,18,B01
202100011034,2,7,,0,2,4,1,C01
202100011035,2,13,,0,2,1,2,Z01
202100011035,2,31,,0,2,7,1,B01
202100011035,2,7,,0,2,4,2,A01
202100011036,1,17,,0,0,6,1,B01
202100011036,1,10,,0,2,1,26,A01
202100011037,2,17,,0,2,6,1,C01
202100011037,2,43,,0,2,5,1,B01
202100011037,2,33,,0,2,2,1,A01
202100011038,2,33,,0,2,2,1,B01
202100011038,2,7,,0,2,6,11,A01
202100011039,2,33,,9,1,1,1,A01
202100011040,1,1,,0,2,6,20,A01
202100011040,1,7,,12,0,0,0,B01
202100011041,1,7,,0,1,3,1,A01
202100011042,2,1,,0,1,1,1,A01
202100011043,2,7,,0,2,1,1,A01
202100011043,1,30,,0,2,4,0,B01
202100011044,3,7,,0,1,3,1,A01
202100011045,3,50,,0,1,2,16,A01
202100011046,2,1,,0,1,1,15,A01
202100011047,2,7,,0,1,2,1,A01
202100011048,3,10,,0,2,3,24,B01
202100011048,3,7,,0,2,3,13,A01
202100011049,3,50,,0,2,3,1,A01
202100011049,3,7,,0,9,3,0,B01
202100011050,3,7,,0,2,3,15,A01
202100011050,3,30,,0,2,7,1,B01
202100011051,3,7,,2,0,1,15,A01
202100011052,1,7,,0,2,1,5,A01
202100011052,2,7,,0,2,1,1,B01
202100011053,3,7,,0,2,3,9,A01
202100011053,1,7,,0,2,1,1,B01
202100011054,2,7,,8,0,1,9,A01
202100011055,1,33,,0,2,7,1,A01
202100011055,3,7,,0,2,1,9,B01
202100011056,1,30,,0,0,0,26,A01
202100011056,1,7,,0,0,0,16,B01
202100011057,1,7,,0,2,7,16,A01
202100011057,3,80,,0,2,8,16,B01
202100011058,1,30,,0,2,1,2,A01
202100011058,1,7,,0,2,4,2,B01
202100011059,1,33,,0,2,1,17,B01
202100011059,1,7,,0,2,3,15,A01
202100011060,1,7,,0,2,2,9,A01
202100011060,1,7,,9,2,3,1,B01
202100011061,1,7,,8,0,8,14,A01
202100011062,1,7,,0,2,1,2,A01
202100011062,1,7,,0,2,4,2,B01
202100011063,1,7,,0,1,2,1,A01
202100011064,0,7,,8,0,3,13,A01
202100011065,3,7,,0,1,0,0,Z01
202100011066,3,7,,0,2,8,11,A01
202100011066,3,7,,0,2,3,1,B01
202100011067,1,7,,0,2,3,13,A01
202100011067,2,7,,0,2,3,1,B01
202100011068,2,7,,0,2,4,23,A01
202100011068,2,10,,14,0,1,1,B01
202100011069,1,7,,1,0,9,5,A01
202100011070,1,1,,0,2,4,1,B01
202100011070,2,10,,0,2,1,15,Z01
202100011071,1,7,,0,1,2,17,A01
202100011072,2,1,,0,4,1,1,B01
202100011072,1,40,,0,2,2,1,A01
202100011073,2,10,,0,2,4,4,A01
202100011073,2,32,,0,2,1,1,B01
202100011074,1,7,,0,2,3,15,B01
202100011074,2,30,,0,2,3,5,A01
202100011075,2,7,,8,2,1,19,A01
202100011075,1,7,,14,2,3,0,B01
202100011076,0,7,,0,1,1,1,A01
202100011077,1,1,,0,2,8,2,B01
202100011077,1,7,,0,2,7,14,A01
202100011078,1,7,,0,1,1,1,A01
202100011079,3,7,,0,2,1,1,B01
202100011079,3,7,,0,2,8,9,A01
202100011080,1,7,,0,1,1,1,A01
202100011081,2,30,,0,0,0,1,A01
202100011082,3,1,,0,2,1,1,B01
202100011082,1,7,,0,2,8,9,A01
202100011083,2,50,,0,2,7,1,B01
202100011083,2,7,,0,2,2,9,A01
202100011084,1,7,,0,1,2,1,A01
202100011085,1,2,,0,2,1,2,A01
202100011085,1,7,,0,9,4,2,B01
202100011086,1,7,,0,2,8,9,A01
202100011086,1,10,,0,2,2,1,B01
202100011087,3,7,,0,1,1,16,A01
202100011088,1,31,,0,2,1,1,B01
202100011088,2,7,,0,2,1,15,A01
202100011089,-1,31,,12,0,1,1,A01
202100011090,1,1,,0,2,1,1,B01
202100011090,1,7,,0,2,6,9,A01
202100011091,1,7,,0,2,1,2,A01
202100011091,1,7,,0,2,4,23,B01
202100011092,1,7,,0,2,0,9,A01
202100011092,3,1,,0,2,7,9,B01
202100011093,2,7,,0,2,3,15,A01
202100011093,1,31,,0,2,1,17,B01
202100011094,2,10,,0,1,0,1,A01
202100011095,1,7,,0,2,1,15,A01
202100011095,1,1,,0,2,1,1,B01
202100011096,3,7,,0,2,6,1,B01
202100011096,3,7,,0,2,2,1,A01
202100011097,1,7,,2,0,1,16,A01
202100011098,2,50,,0,2,1,19,B01
202100011098,2,7,,0,2,3,15,A01
202100011099,1,7,,0,2,3,10,A01
202100011099,1,7,,0,2,2,17,B01
202100011100,3,10,,0,1,2,15,A01
202100011101,1,7,,0,2,3,15,A01
202100011101,2,32,,0,2,1,17,B01
202100011102,0,10,,0,2,5,26,A01
202100011102,3,10,,0,2,0,26,B01
202100011103,1,7,,0,2,3,15,B01
202100011103,2,32,,0,2,2,13,A01
202100011104,1,7,,1,0,2,14,A01
202100011105,1,7,,0,2,4,2,A01
202100011105,1,7,,0,2,1,2,B01
202100011106,3,1,,0,0,0,0,A01
202100011107,1,30,,0,2,1,1,A01
202100011107,1,10,,0,2,4,1,B01
202100011108,2,7,,0,2,6,2,A01
202100011108,2,7,,0,2,2,2,Z01
202100011109,1,10,,0,1,3,15,A01
202100011110,1,1,,0,2,1,1,A01
202100011110,2,1,,0,2,1,13,Z01
202100011111,1,30,,0,1,1,1,A01
202100011112,1,33,,0,1,2,25,A01
202100011113,1,14,,0,2,2,1,B01
202100011113,1,7,,0,2,3,22,A01
202100011114,1,7,,0,1,8,1,A01
202100011115,1,30,,0,1,1,1,A01
202100011116,1,10,,0,1,4,20,Z01
202100011117,2,2,,0,1,1,7,A01
202100011118,3,34,,0,2,1,1,B01
202100011118,3,7,,0,2,7,1,A01
202100011119,1,43,,0,0,0,1,A01
202100011120,2,50,,0,2,3,1,B01
202100011120,2,7,,14,0,3,9,A01
202100011121,2,7,,0,0,0,0,A01
202100011121,1,7,,0,2,7,15,B01
202100011122,2,7,,0,2,6,15,B01
202100011122,2,33,,0,2,2,15,A01
202100011123,3,7,,0,1,1,1,A01
202100011124,2,7,,14,0,1,2,A01
202100011124,2,7,,0,2,4,23,B01
202100011124,2,7,,0,2,4,23,C01
202100011125,0,7,,0,2,3,1,A01
202100011125,0,10,,0,2,9,1,B01
202100011126,1,34,,14,2,2,26,B01
202100011126,1,7,,0,2,2,19,A01
202100011127,2,7,,0,0,3,11,A01
202100011127,2,33,,0,0,2,17,B01
202100011128,-1,7,,0,1,3,1,A01
202100011129,1,10,,0,1,1,15,A01
202100011130,1,33,,0,2,1,1,B01
202100011130,1,10,,0,2,3,16,A01
202100011131,0,7,,0,0,0,21,A01
202100011131,0,1,,0,0,0,0,B01
202100011132,1,14,,0,2,5,15,A01
202100011132,3,32,,0,2,2,1,B01
202100011133,2,7,,0,2,2,16,A01
202100011133,2,32,,0,2,8,1,B01
202100011134,2,34,,0,2,1,16,A01
202100011134,1,7,,0,2,2,1,B01
202100011135,1,7,,0,2,4,9,B01
202100011135,2,7,,0,2,1,2,A01
202100011136,2,7,,0,2,1,13,A01
202100011136,1,7,,0,2,1,1,B01
202100011137,2,7,,0,1,1,1,A01
202100011138,1,7,,0,0,1,1,B01
202100011138,2,7,,0,2,1,13,A01
202100011139,2,33,,0,2,1,5,A01
202100011139,1,7,,0,2,6,1,B01
202100011139,1,7,,0,2,1,1,C01
202100011140,1,2,,0,2,1,1,B01
202100011140,1,2,,0,2,3,15,A01
202100011141,2,15,,3,0,2,1,A01
202100011142,1,7,,3,0,2,1,A01
202100011143,1,2,,0,2,1,2,B01
202100011143,1,7,,0,2,4,0,A01
202100011144,2,7,,15,0,7,1,B01
202100011144,1,7,,6,0,3,5,A01
202100011145,1,7,,11,2,7,6,A01
202100011145,1,7,,6,2,8,2,B01
202100011146,0,7,,13,0,9,1,A01
202100011147,1,7,,0,5,4,26,A01
202100011147,1,7,,0,2,1,1,B01
202100011148,0,7,,2,0,1,1,A01
202100011149,2,1,,0,2,1,0,B01
202100011149,2,7,,0,9,7,1,A01
202100011150,2,7,,0,0,1,1,A01
202100011151,0,7,,0,0,9,1,A01
202100011152,1,14,,3,0,8,1,A01
202100011153,1,1,,0,0,8,16,B01
202100011153,2,7,,0,2,3,15,A01
202100011154,3,33,,0,2,1,1,B01
202100011154,3,7,,0,0,7,15,A01
202100011155,2,7,,13,0,2,1,A01
202100011156,1,10,,6,0,2,0,A01
202100011157,2,10,,0,2,8,19,A01
202100011157,2,33,,0,2,1,1,B01
202100011158,1,7,,0,2,7,1,B01
202100011158,3,7,,0,2,3,9,A01
202100011159,1,2,,0,2,1,17,A01
202100011159,2,2,,0,2,1,1,B01
202100011160,2,1,,0,2,1,1,B01
202100011160,1,3,,0,2,1,15,A01
202100011161,2,33,,0,0,8,17,A01
202100011162,2,15,,0,2,2,13,B01
202100011162,1,7,,0,2,1,5,A01
202100011163,2,7,,13,2,3,1,B01
202100011163,1,33,,0,2,9,1,A01
202100011164,2,17,,0,0,3,16,A01
202100011165,0,7,,0,2,8,15,B01
202100011165,3,14,,0,2,2,1,A01
202100011166,2,7,,0,2,3,23,B01
202100011166,2,33,,0,2,8,1,A01
202100011167,2,17,,0,2,3,1,B01
202100011167,1,10,,0,2,1,13,A01
202100011168,3,2,,0,9,2,13,A01
202100011168,3,1,,0,2,1,1,B01
202100011169,1,7,,0,2,7,2,A01
202100011169,1,80,,0,2,8,2,B01
202100011170,1,21,,0,0,4,2,B01
202100011170,1,7,,0,2,1,0,A01
202100011171,2,7,,0,2,2,1,A01
202100011171,1,33,,0,2,1,16,B01
202100011172,2,10,,0,2,1,1,A01
202100011172,2,7,,0,2,3,1,B01
202100011173,2,7,,0,0,3,15,A01
202100011173,1,1,,0,2,8,1,B01
202100011174,1,7,,0,2,2,2,A01
202100011174,1,14,,0,0,5,2,B01
202100011175,2,7,,3,2,2,13,B01
202100011175,1,7,,3,2,1,1,A01
202100011176,2,7,,0,1,3,2,A01
202100011177,1,7,,6,0,1,1,A01
202100011178,2,7,,14,0,1,1,A01
202100011179,1,33,,0,0,0,16,A01
202100011180,1,10,,0,2,1,2,E01
202100011180,1,10,,0,2,4,2,D01
202100011180,1,7,,0,2,4,1,C01
202100011180,1,10,,0,2,4,2,B01
202100011180,1,7,,0,2,4,1,A01
202100011181,1,7,,0,5,1,1,A01
202100011182,1,7,,4,0,1,2,A01
202100011183,3,33,,0,0,1,1,A01
202100011184,0,7,,0,0,0,1,C01
202100011184,0,7,,0,0,0,1,B01
202100011184,0,31,,0,0,0,3,A01
202100011185,2,31,,0,2,1,3,A01
202100011185,2,7,,0,2,4,1,B01
202100011186,2,32,,0,2,8,1,A01
202100011187,2,7,,0,1,1,16,A01
202100011187,3,50,,0,2,1,26,B01
202100011188,3,3,,0,0,5,1,B01
202100011188,1,3,,0,0,1,1,A01
202100011189,1,7,,2,0,1,13,A01
202100011190,2,7,,0,2,1,9,B01
202100011190,2,7,,0,2,1,13,A01
202100011191,2,7,,14,0,1,26,A01
202100011192,2,7,,0,2,0,0,B01
202100011192,1,7,,0,2,1,26,A01
202100011193,1,7,,9,2,2,1,A01
202100011193,2,7,,0,2,1,1,B01
202100011194,1,7,,0,2,1,13,A01
202100011194,1,7,,0,2,8,1,B01
202100011194,2,7,,0,2,1,1,C01
202100011195,1,31,,1,2,1,17,A01
202100011195,1,7,,0,2,5,15,B01
202100011196,2,31,,12,0,1,1,A01
202100011197,0,7,,1,1,1,20,A01
202100011198,3,50,,0,2,1,1,A01
202100011198,3,7,,0,2,0,1,B01
202100011199,2,30,,0,1,1,1,A01
202100011200,2,7,,0,1,2,15,A01
202100011201,2,7,,1,0,2,14,A01
202100011202,2,2,,0,2,1,1,A01
202100011202,3,7,,0,2,8,15,B01
202100011203,1,7,,0,2,1,1,B01
202100011203,1,7,,0,2,3,1,A01
202100011204,1,7,,0,1,2,1,A01
202100011205,3,31,,0,2,0,1,B01
202100011205,3,7,,0,2,0,15,A01
202100011206,1,37,1.0,0,2,7,1,A01
202100011206,1,1,,0,2,8,1,B01
202100011207,3,7,,0,2,3,15,A01
202100011207,3,50,,0,2,2,1,B01
202100011208,2,7,,0,2,1,1,A01
202100011208,1,1,,0,2,1,13,B01
202100011209,2,30,,0,2,8,1,B01
202100011209,2,7,,0,2,2,1,A01
202100011210,3,50,,0,2,1,19,A01
202100011210,1,7,,0,2,1,1,B01
202100011211,0,2,,0,2,1,1,B01
202100011211,0,7,,0,2,1,1,A01
202100011212,1,7,,0,1,2,1,A01
202100011213,0,7,,0,2,3,1,B01
202100011213,0,30,,0,2,1,19,A01
202100011214,1,7,,0,2,9,18,A01
202100011214,1,7,,0,2,5,2,B01
202100011214,1,7,,0,2,6,0,C01
202100011215,3,7,,0,2,2,9,A01
202100011215,3,33,,0,2,1,1,B01
202100011216,0,7,,0,2,6,19,A01
202100011216,1,50,,0,2,1,1,B01
202100011217,1,7,,0,1,1,1,A01
202100011218,2,7,,12,0,3,20,A01
202100011218,2,50,,0,2,0,1,B01
202100011219,1,7,,8,0,0,0,A01
202100011220,2,7,,0,1,3,1,A01
202100011221,1,7,,0,2,2,26,A01
202100011221,1,33,,0,2,1,15,B01
202100011222,2,7,,13,0,9,1,A01
202100011223,2,7,,0,2,4,9,A01
202100011223,2,33,,0,2,5,9,B01
202100011224,0,33,,0,2,8,1,B01
202100011224,3,7,,0,2,1,23,A01
202100011225,3,7,,0,2,3,1,B01
202100011225,3,7,,0,2,3,1,A01
202100011226,2,7,,0,2,1,1,B01
202100011226,1,7,,0,2,1,15,A01
202100011227,0,7,,6,0,1,10,A01
202100011228,1,10,,0,9,1,9,A01
202100011228,3,1,,0,2,4,19,V01
202100011229,2,15,,0,2,3,1,A01
202100011229,2,7,,0,2,5,12,B01
202100011230,1,7,,4,0,2,14,A01
202100011231,1,7,,0,1,2,16,A01
202100011232,2,7,,0,2,3,13,A01