Num_Acc,senc,catv,occutc,obs,obsm,choc,manv,num_veh
202100011232,2,30,,0,2,7,5,B01
202100011233,1,32,,0,2,2,1,A01
202100011233,1,1,,0,2,1,1,B01
202100011234,1,33,,0,2,1,5,A01
202100011234,1,30,,0,2,8,5,B01
202100011235,2,50,,0,2,0,16,A01
202100011235,3,43,,0,2,2,1,B01
202100011236,1,7,,0,2,2,2,A01
202100011236,1,30,,0,2,4,23,B01
202100011237,1,43,,0,1,1,16,A01
202100011238,1,32,,0,2,1,1,A01
202100011238,1,7,,0,2,7,15,B01
202100011239,1,30,,0,2,7,18,A01
202100011239,1,7,,0,2,7,16,B01
202100011240,3,1,,0,2,6,1,A01
202100011240,3,7,,0,2,1,15,Z01
202100011241,1,10,,0,1,1,1,Z01
202100011242,1,31,,0,2,7,17,A01
202100011242,1,7,,0,2,8,15,B01
202100011243,1,1,,0,2,1,1,B01
202100011243,1,7,,0,2,3,15,A01
202100011244,2,1,,0,2,0,13,Z01
202100011244,1,1,,0,2,1,1,A01
202100011245,2,7,,0,1,2,1,A01
202100011246,2,32,,0,0,1,1,A01
202100011246,1,7,,0,0,1,1,B01
202100011247,3,7,,0,1,2,16,A01
202100011248,-1,37,1.0,0,2,4,1,B01
202100011248,-1,37,1.0,0,2,1,1,A01
202100011249,0,30,,0,2,1,7,B01
202100011249,1,30,,12,2,4,11,A01
202100011250,1,2,,0,2,1,19,B01
202100011250,2,7,,0,2,3,1,A01
202100011251,-1,3,,0,2,2,12,A01
202100011251,-1,3,,1,2,8,1,B01
202100011251,-1,3,,1,0,6,0,C01
202100011252,-1,7,,12,0,0,16,B01
202100011252,3,7,,12,0,3,14,A01
202100011253,1,7,,0,2,3,0,B01
202100011253,1,7,,0,2,2,26,A01
202100011254,2,0,,0,1,8,1,A01
202100011255,3,7,,0,2,3,15,A01
202100011255,3,31,,0,2,4,23,B01
202100011256,1,33,,0,2,1,2,A01
202100011256,1,7,,0,2,4,23,B01
202100011257,1,14,,0,2,3,1,B01
202100011257,2,14,,0,2,3,15,A01
202100011258,3,7,,0,1,4,20,A01
202100011259,0,33,,8,0,7,1,A01
202100011260,3,7,,13,0,3,1,A01
202100011261,2,33,,4,0,8,0,A01
202100011262,3,33,,0,0,0,2,A01
202100011263,1,7,,0,1,2,1,A01
202100011264,1,7,,2,0,1,1,A01
202100011265,2,7,,0,2,1,1,B01
202100011265,1,7,,0,2,1,1,A01
202100011266,1,7,,13,0,3,21,A01
202100011267,2,13,,13,0,3,1,A01
202100011268,1,7,,0,2,3,1,A01
202100011268,2,21,,0,2,3,13,B01
202100011269,3,2,,0,2,3,1,A01
202100011269,3,7,,0,2,3,1,B01
202100011270,1,7,,0,2,3,1,C01
202100011270,1,7,,0,2,2,21,A01
202100011270,1,7,,0,2,3,1,D01
202100011270,2,7,,0,2,1,1,B01
202100011270,1,7,,0,2,6,15,E01
202100011271,3,7,,0,1,1,15,A01
202100011272,2,7,,0,2,3,1,A01
202100011272,1,7,,0,2,3,1,B01
202100011273,2,7,,0,0,2,1,B01
202100011273,2,7,,0,0,8,19,A01
202100011274,2,7,,14,0,2,2,A01
202100011275,3,7,,0,1,8,1,A01
202100011276,3,7,,0,1,2,20,A01
202100011277,2,1,,0,0,0,1,A01
202100011278,2,33,,0,2,3,2,A01
202100011278,2,33,,0,2,5,2,B01
202100011279,2,33,,0,2,1,1,B01
202100011279,2,7,,0,2,7,19,A01
202100011280,0,21,,0,2,2,0,A01
202100011280,3,33,,0,2,1,26,B01
202100011281,1,7,,0,2,2,2,A01
202100011281,1,2,,0,0,4,2,B01
202100011282,2,7,,0,2,6,15,A01
202100011282,1,33,,0,2,1,1,B01
202100011283,1,7,,0,2,3,1,A01
202100011284,1,1,,0,2,0,0,A01
202100011284,1,7,,0,2,2,2,B01
202100011285,2,10,,0,0,7,1,A01
202100011285,2,7,,0,2,3,16,B01
202100011286,3,7,,0,0,1,26,A01
202100011287,2,7,,13,0,0,1,A01
202100011288,1,33,,7,0,0,6,A01
202100011289,0,7,,0,0,3,1,B01
202100011289,0,33,,0,2,1,1,A01
202100011290,1,7,,2,2,2,1,B01
202100011290,1,7,,13,2,1,19,A01
202100011291,2,7,,0,2,1,1,B01
202100011291,1,7,,0,2,1,17,A01
202100011292,1,2,,0,1,1,3,A01
202100011293,2,7,,17,0,1,14,A01
202100011294,0,33,,8,0,0,1,A01
202100011295,2,33,,0,2,4,1,B01
202100011295,2,7,,0,2,1,1,A01
202100011296,1,7,,0,0,4,1,B01
202100011296,1,7,,0,2,1,1,A01
202100011297,2,7,,0,0,2,23,A01
202100011297,2,7,,0,2,1,1,B01
202100011298,0,7,,0,2,1,1,A01
202100011298,3,7,,0,0,5,10,B01
202100011299,0,32,,0,0,0,1,A01
202100011300,0,2,,0,0,0,1,A01
202100011301,3,7,,0,1,3,13,A01
202100011302,2,33,,0,1,1,1,A01
202100011303,2,7,,2,0,9,13,A01
202100011304,1,7,,2,0,1,2,A01
202100011305,1,32,,0,2,1,2,A01
202100011305,1,1,,0,2,4,2,B01
202100011306,1,7,,0,2,1,15,A01
202100011306,2,2,,0,2,1,1,B01
202100011307,3,7,,0,2,2,6,A01
202100011307,3,33,,0,2,1,1,B01
202100011308,2,17,,0,2,8,1,C01
202100011308,2,7,,0,2,9,1,B01
202100011308,2,7,,0,2,1,2,A01
202100011309,1,33,,0,0,0,0,A01
202100011310,1,7,,0,2,3,19,A01
202100011310,1,7,,0,2,2,1,B01
202100011311,2,7,,0,1,2,1,A01
202100011312,1,7,,0,2,3,15,A01
202100011312,2,2,,0,2,1,15,B01
202100011313,2,43,,0,2,3,17,A01
202100011313,2,21,,0,2,6,1,B01
202100011314,2,7,,16,0,1,0,A01
202100011315,0,7,,0,1,3,1,A01
202100011316,3,32,,0,0,4,9,B01
202100011316,3,7,,0,2,1,2,A01
202100011317,1,7,,0,0,1,15,A01
202100011317,1,7,,0,2,1,1,B01
202100011318,0,7,,0,2,1,1,B01
202100011318,0,10,,0,2,1,1,A01
202100011319,2,7,,2,0,1,1,A01
202100011320,2,7,,0,2,4,2,D01
202100011320,2,7,,0,2,4,2,E01
202100011320,2,38,1.0,0,2,1,2,A01
202100011320,2,7,,0,2,4,2,B01
202100011320,2,10,,0,2,4,2,C01
202100011321,2,7,,0,2,1,1,B01
202100011321,2,7,,0,0,4,1,A01
202100011322,2,7,,0,2,4,2,C01
202100011322,2,7,,0,2,4,2,B01
202100011322,2,10,,0,2,1,2,A01
202100011322,2,7,,0,2,4,2,D01
202100011323,2,7,,0,2,4,26,B01
202100011323,2,7,,0,2,2,12,A01
202100011324,1,7,,0,2,2,12,A01
202100011324,1,7,,0,0,8,1,B01
202100011324,1,7,,0,2,6,1,C01
202100011325,2,7,,0,2,3,1,B01
202100011325,2,7,,0,2,5,1,C01
202100011325,2,33,,0,2,2,3,A01
202100011326,2,7,,0,2,4,1,C01
202100011326,2,7,,0,2,4,2,B01
202100011326,2,7,,0,2,1,2,A01
202100011327,1,7,,0,2,1,2,A01
202100011327,1,7,,0,2,1,2,B01
202100011327,1,7,,0,2,4,1,C01
202100011327,1,7,,0,2,4,2,D01
202100011328,2,7,,0,2,4,1,B01
202100011328,2,7,,0,2,1,1,A01
202100011329,1,7,,0,2,7,14,B01
202100011329,1,7,,0,2,4,23,A01
202100011330,1,15,,0,2,2,1,A01
202100011330,1,7,,4,2,6,11,B01
202100011331,1,7,,0,0,0,1,A01
202100011332,1,7,,0,2,1,2,B01
202100011332,1,7,,0,2,4,2,A01
202100011333,1,7,,0,2,7,12,A01
202100011333,1,33,,0,2,3,3,B01
202100011333,1,7,,0,2,5,0,C01
202100011334,1,7,,0,0,4,23,A01
202100011334,1,7,,0,0,0,0,B01
202100011335,2,10,,0,2,6,23,A01
202100011335,2,2,,0,2,1,1,B01
202100011336,1,7,,14,0,1,1,C01
202100011336,1,7,,0,9,7,21,A01
202100011336,1,33,,0,2,1,21,B01
202100011337,1,10,,0,0,0,14,A01
202100011338,3,31,,0,1,1,1,A01
202100011339,3,1,,0,1,4,25,A01
202100011340,0,10,,0,1,4,26,A01
202100011341,3,7,,0,1,4,2,B01
202100011341,3,7,,0,2,1,2,A01
202100011342,3,7,,0,1,1,1,A01
202100011343,2,10,,0,2,1,2,B01
202100011343,1,30,,0,2,4,23,A01
202100011344,2,7,,0,2,8,19,A01
202100011344,2,7,,0,2,1,1,B01
202100011345,1,7,,0,1,1,1,A01
202100011346,1,80,,0,2,0,2,B01
202100011346,0,14,,0,2,0,16,A01
202100011347,1,33,,0,2,1,18,A01
202100011347,1,7,,0,2,4,12,B01
202100011348,2,7,,0,2,7,1,A01
202100011349,1,7,,0,2,6,9,A01
202100011349,1,32,,0,2,3,1,B01
202100011350,1,2,,0,2,8,17,B01
202100011350,1,7,,0,2,7,1,A01
202100011351,1,7,,0,2,3,1,A01
202100011351,1,50,,0,2,8,0,B01
202100011352,2,7,,0,2,3,15,B01
202100011352,2,30,,9,2,2,17,A01
202100011353,1,7,,4,0,1,13,A01
202100011354,2,7,,0,2,5,1,B01
202100011354,1,7,,0,2,2,13,A01
202100011355,2,7,,0,2,3,9,B01
202100011355,2,2,,0,2,7,9,A01
202100011356,1,32,,0,2,1,13,B01
202100011356,2,7,,0,2,3,1,A01
202100011357,2,7,,0,2,1,1,A01
202100011357,2,7,,8,2,4,16,B01
202100011358,1,7,,14,0,2,1,A01
202100011359,1,10,,0,2,2,1,B01
202100011359,1,10,,0,2,1,9,A01
202100011360,1,7,,0,2,9,26,A01
202100011360,2,7,,0,2,2,1,B01
202100011360,2,7,,0,9,1,1,C01
202100011361,2,7,,0,2,4,2,B01
202100011361,2,7,,0,2,1,26,A01
202100011362,1,33,,0,2,1,1,B01
202100011362,1,7,,0,2,8,9,A01
202100011363,1,7,,0,2,1,2,B01
202100011363,2,7,,0,2,2,15,A01
202100011364,2,30,,0,2,1,1,A01
202100011364,3,7,,0,2,6,1,B01
202100011365,2,34,,0,2,1,1,B01
202100011365,1,10,,0,2,6,10,A01
202100011366,1,7,,0,2,1,1,A01
202100011366,1,2,,0,2,5,1,B01
202100011367,1,7,,11,0,9,1,A01
202100011368,1,7,,0,2,6,1,B01
202100011368,1,30,,0,2,1,1,A01
202100011369,2,2,,0,2,1,1,B01
202100011369,3,7,,0,2,8,9,A01
202100011370,2,7,,0,2,2,15,A01
202100011370,1,31,,0,2,1,1,B01
202100011371,2,30,,0,2,1,19,A01
202100011371,2,33,,0,2,1,1,B01
202100011372,3,10,,0,1,3,1,A01
202100011373,1,2,,0,2,8,1,B01
202100011373,2,7,,0,2,3,15,A01
202100011374,3,33,,14,2,3,5,A01
202100011374,3,7,,0,2,8,15,B01
202100011375,2,7,,0,2,2,26,A01
202100011375,1,7,,0,2,1,21,B01
202100011376,2,7,,0,2,1,26,A01
202100011376,2,7,,0,2,4,2,B01
202100011376,2,7,,0,2,4,0,C01
202100011377,1,7,,8,2,1,13,A01
202100011378,1,7,,0,1,1,16,A01
202100011379,1,33,,0,2,1,1,B01
202100011379,1,7,,0,9,2,15,A01
202100011380,3,2,,0,2,1,17,B01
202100011380,3,10,,0,2,3,15,A01
202100011381,1,7,,0,2,4,26,A01
202100011381,1,7,,0,2,1,1,B01
202100011381,1,7,,0,2,9,1,C01
202100011382,1,7,,0,9,2,12,A01
202100011382,1,7,,0,2,3,19,B01
202100011383,2,1,,0,2,1,19,B01
202100011383,2,7,,0,2,1,9,A01
202100011384,0,7,,0,2,4,4,A01
202100011384,3,33,,0,2,7,1,B01
202100011385,2,7,,0,2,2,15,A01
202100011385,1,31,,0,0,0,0,B01
202100011386,2,7,,0,2,1,13,A01
202100011386,1,7,,0,2,1,1,B01
202100011387,1,7,,2,0,9,14,A01
202100011388,0,7,,0,2,3,10,A01
202100011388,2,7,,0,2,1,1,B01
202100011389,1,7,,1,9,1,20,A01
202100011390,2,7,,0,9,1,1,B01
202100011390,1,1,,0,2,7,6,A01
202100011391,3,30,,0,2,7,0,B01
202100011391,3,7,,0,2,1,9,A01
202100011392,2,1,,0,2,1,1,B01
202100011392,1,7,,0,9,3,9,A01
202100011393,1,7,,2,0,3,16,A01
202100011394,1,99,,0,1,0,26,Z01
202100011395,1,7,,1,0,2,14,A01
202100011395,0,7,,1,2,5,24,B01
202100011395,0,7,,0,2,4,24,C01
202100011396,2,7,,0,2,3,13,A01
202100011396,2,7,,0,2,3,23,B01
202100011397,1,30,,0,1,3,1,B01
202100011398,3,7,,0,2,2,26,A01
202100011398,1,34,,0,2,1,1,B01
202100011399,2,7,,0,2,7,1,B01
202100011399,1,7,,0,2,3,1,A01
202100011400,1,7,,0,0,0,0,A01
202100011401,1,7,,3,0,1,1,A01
202100011402,1,7,,0,9,2,26,B01
202100011402,2,10,,10,0,1,1,A01
202100011403,3,7,,0,2,4,1,B01
202100011403,3,7,,0,2,1,1,A01
202100011404,2,7,,0,2,1,15,A01
202100011404,1,2,,0,2,1,1,B01
202100011405,1,7,,0,1,2,1,A01
202100011406,3,31,,0,2,1,1,A01
202100011406,3,7,,0,2,6,15,B01
202100011407,1,7,,0,2,1,26,A01
202100011407,1,7,,0,0,4,23,B01
202100011408,1,7,,0,2,6,1,B01
202100011408,1,33,,0,2,2,12,A01
202100011409,1,32,,0,2,4,1,A01
202100011409,1,7,,0,2,4,1,B01
202100011409,1,7,,0,2,1,1,Z01
202100011410,2,7,,0,2,1,2,A01
202100011410,2,31,,0,2,4,2,B01
202100011411,1,7,,0,2,1,2,A01
202100011411,1,7,,0,2,4,23,B01
202100011412,2,33,,0,2,8,11,A01
202100011412,2,33,,0,2,7,3,B01
202100011413,3,34,,12,0,8,13,A01
202100011414,1,7,,0,1,1,5,A01
202100011415,2,1,,0,0,0,1,A01
202100011416,1,1,,0,2,8,19,B01
202100011416,2,30,,0,2,0,1,A01
202100011417,1,7,,0,2,3,9,A01
202100011417,1,30,,0,2,7,1,B01
202100011418,1,37,2.0,0,0,0,16,A01
202100011419,3,30,,0,2,7,1,B01
202100011419,3,7,,0,2,1,15,A01
202100011420,2,33,,1,0,1,21,A01
202100011421,2,7,,0,2,3,1,B01
202100011421,2,32,,0,2,2,14,A01
202100011422,2,33,,0,2,7,1,B01
202100011422,1,7,,0,2,1,15,A01
202100011423,1,30,,0,2,1,1,B01
202100011423,3,7,,0,2,1,16,A01
202100011424,2,33,,0,1,1,1,A01
202100011425,2,7,,0,2,3,15,B01
202100011425,2,30,,0,2,3,1,A01
202100011426,3,34,,0,2,7,1,B01
202100011426,3,30,,0,2,7,1,A01
202100011427,1,1,,0,0,1,1,A01
202100011428,2,1,,0,2,7,1,B01
202100011428,1,7,,0,2,1,1,A01
202100011429,2,7,,0,0,6,15,A01
202100011429,2,30,,0,0,1,1,B01
202100011430,1,30,,0,2,1,18,A01
202100011430,1,7,,0,0,0,0,B01
202100011431,2,7,,8,0,1,1,A01
202100011432,2,7,,0,2,4,23,A01
202100011432,2,1,,0,2,1,1,B01
202100011433,2,32,,0,1,1,17,A01
202100011434,1,7,,0,9,1,1,B01
202100011434,1,50,,0,2,4,1,A01
202100011435,1,99,,1,0,3,12,A01
202100011435,1,99,,0,2,5,23,B01
202100011436,1,7,,7,0,4,23,A01
202100011436,1,10,,0,2,1,2,B01
202100011437,2,34,,12,2,2,18,A01
202100011437,2,7,,0,2,7,11,B01
202100011438,3,7,,0,2,3,15,A01
202100011438,3,2,,14,2,2,2,B01
202100011439,1,32,,0,2,2,1,B01
202100011439,2,32,,0,2,3,9,A01
202100011440,0,7,,0,2,3,18,A01
202100011440,0,1,,0,2,0,0,B01
202100011441,2,7,,8,0,1,1,A01
202100011442,1,30,,0,2,2,1,B01
202100011442,3,10,,0,2,1,9,A01
202100011443,1,7,,2,0,2,13,A01
202100011444,1,7,,0,2,3,1,B01
202100011444,2,10,,0,2,8,2,D01
202100011444,2,7,,0,2,2,15,A01
202100011444,3,10,,0,2,3,23,C01
202100011445,3,7,,15,0,1,14,A01
202100011446,2,7,,0,2,3,15,B01
202100011446,1,2,,0,2,1,1,A01
202100011447,1,7,,0,2,7,26,A01
202100011447,1,2,,0,2,0,1,B01
202100011448,1,30,,12,0,0,0,A01
202100011449,0,33,,0,2,1,5,A01
202100011449,3,7,,0,2,3,0,B01
202100011450,2,33,,0,2,1,17,A01
202100011450,1,7,,0,2,1,1,B01
202100011450,2,7,,0,0,6,1,C01
202100011451,1,33,,2,0,1,0,A01
202100011452,1,7,,0,0,1,0,A01
202100011453,0,33,,0,0,0,1,A01
202100011453,3,33,,0,2,0,2,B01
202100011454,2,33,,0,2,8,1,B01
202100011454,1,7,,0,2,2,19,A01
202100011455,1,7,,15,0,3,13,A01
202100011456,1,7,,0,2,2,15,A01
202100011456,2,33,,0,2,2,1,B01
202100011457,1,7,,13,0,1,1,A01
202100011458,2,10,,0,2,1,13,A01
202100011458,1,7,,0,2,1,1,B01
202100011459,2,33,,13,0,1,0,A01
202100011460,2,1,,0,2,4,1,B01
202100011460,2,1,,0,2,1,1,A01
202100011461,2,7,,17,0,2,1,A01
202100011462,3,7,,2,0,3,1,A01
202100011463,1,33,,0,0,0,26,A01
202100011464,1,32,,16,0,7,1,A01
202100011465,1,2,,0,2,1,14,A01
202100011465,1,7,,0,2,5,26,B01
202100011466,3,7,,0,2,6,19,A01
202100011466,2,7,,7,2,1,1,B01
202100011467,1,7,,0,1,3,1,A01
202100011468,1,7,,13,0,1,1,A01
202100011469,3,7,,0,1,1,1,A01
202100011470,2,36,,6,9,2,1,A01
202100011471,2,1,,0,0,0,1,A01
202100011472,0,7,,13,0,1,0,A01
202100011473,1,7,,5,1,1,1,A01
202100011474,1,7,,0,0,1,1,B01
202100011474,2,7,,0,2,7,19,A01
202100011475,2,7,,0,0,2,15,A01
202100011476,1,7,,0,9,7,2,A01
202100011476,1,1,,0,2,8,2,B01
202100011477,1,2,,0,2,8,13,A01
202100011477,1,7,,0,2,2,17,B01
202100011478,2,7,,2,0,1,1,A01
202100011479,0,30,,15,0,0,0,A01
202100011480,0,7,,0,2,2,1,A01
202100011480,1,7,,0,2,1,1,B01
202100011481,2,33,,0,2,2,17,B01
202100011481,2,7,,0,2,3,15,A01
202100011482,1,7,,0,1,2,21,A01
202100011483,1,7,,15,0,3,1,A01
202100011484,1,7,,0,0,1,1,A01
202100011485,2,7,,0,2,1,13,B01
202100011485,1,7,,0,2,3,1,A01
202100011486,1,7,,0,2,7,15,A01
202100011486,2,1,,0,2,1,1,B01
202100011487,1,7,,0,2,1,1,B01
202100011487,3,7,,0,2,8,19,A01
202100011488,1,7,,6,0,2,1,A01
202100011489,2,10,,0,2,1,15,A01
202100011489,1,2,,0,2,2,1,B01
202100011490,3,7,,0,2,5,11,A01
202100011490,3,34,,0,2,1,1,B01
202100011491,3,1,,0,2,7,1,A01
202100011491,3,7,,0,2,1,1,B01
202100011492,2,7,,0,2,1,1,C01
202100011492,2,7,,0,2,3,13,A01
202100011492,1,7,,0,2,3,1,B01
202100011493,1,2,,0,0,1,5,B01
202100011493,2,7,,0,0,3,1,A01
202100011494,2,7,,8,0,0,14,A01
202100011495,2,7,,0,0,8,1,D01
202100011495,2,7,,0,0,6,1,C01
202100011495,1,7,,0,0,8,2,B01
202100011495,1,2,,0,2,0,17,A01
202100011496,2,2,,0,2,7,1,B01
202100011496,1,7,,0,2,1,15,A01
202100011497,1,7,,0,2,3,1,B01
202100011497,2,7,,6,2,1,15,A01
202100011498,2,7,,0,0,4,1,B01
202100011498,2,33,,0,2,1,2,A01
202100011499,2,2,,0,2,2,1,B01
202100011499,1,7,,0,2,3,26,A01
202100011500,2,7,,0,2,3,1,C01
202100011500,2,7,,0,2,8,1,B01
202100011500,1,32,,0,2,8,13,A01
202100011501,1,7,,0,1,1,1,A01
202100011502,2,7,,0,2,3,15,A01
202100011502,1,2,,0,2,1,15,B01
202100011503,1,31,,7,0,3,1,A01
202100011504,2,7,,0,0,9,14,A01
202100011505,1,7,,0,2,8,10,A01
202100011505,1,15,,0,2,2,1,B01
202100011506,1,10,,0,2,4,1,D01
202100011506,1,7,,0,0,0,0,C01
202100011506,1,7,,0,2,4,1,B01
202100011506,1,10,,0,2,1,1,A01
202100011507,3,7,,4,0,8,1,A01
202100011508,2,33,,14,0,1,1,A01
202100011509,1,10,,1,0,1,1,A01
202100011509,1,7,,0,0,4,1,B01
202100011510,1,33,,0,2,1,12,A01
202100011510,0,10,,0,2,5,2,B01
202100011511,1,7,,0,2,8,1,B01
202100011511,2,10,,0,2,3,5,A01
202100011512,2,7,,0,2,1,11,B01
202100011512,2,7,,0,2,4,1,A01
202100011513,2,7,,0,2,0,0,A01
202100011513,2,7,,0,2,4,1,B01
202100011514,2,33,,4,2,9,1,C01
202100011514,2,7,,0,2,1,1,A01
202100011514,2,7,,4,2,9,1,B01
202100011515,1,7,,0,2,5,1,C01
202100011515,1,33,,0,2,7,3,B01
202100011515,1,7,,0,2,6,11,A01
202100011515,1,7,,0,2,8,1,D01
202100011516,1,7,,0,2,8,11,A01
202100011516,1,33,,0,2,7,1,B01
202100011517,1,7,,0,0,4,2,B01
202100011517,1,7,,0,2,1,1,A01
202100011517,1,10,,0,2,1,2,C01
202100011518,2,33,,0,2,0,3,A01
202100011519,1,99,,0,2,8,23,A01
202100011519,1,7,,0,2,0,0,Z01
202100011520,2,7,,0,2,1,2,B01
202100011520,2,2,,3,2,4,14,A01
202100011521,2,7,,0,2,6,1,A01
202100011521,2,33,,0,2,2,3,B01
202100011522,1,7,,0,0,1,1,A01
202100011523,1,7,,15,2,2,1,B01
202100011523,1,7,,15,1,1,1,A01
202100011524,1,7,,0,2,7,9,B01
202100011524,1,2,,0,2,8,17,A01
202100011525,1,2,,0,0,0,0,B01
202100011525,1,7,,0,2,6,15,A01
202100011526,1,7,,0,2,7,12,A01
202100011526,1,33,,0,2,8,7,B01
202100011527,1,33,,0,2,8,2,B01
202100011527,1,30,,0,2,7,17,A01
202100011528,3,33,,0,2,1,1,B01
202100011528,3,7,,0,2,2,15,A01
202100011529,1,7,,0,2,1,9,A01
202100011529,2,33,,0,2,8,1,B01
202100011530,1,7,,0,1,2,1,A01
202100011531,1,30,,12,0,8,1,A01
202100011532,2,31,,0,2,1,1,B01
202100011532,2,7,,0,2,3,15,A01
202100011533,2,80,,0,2,8,1,A01
202100011533,2,7,,0,9,1,1,B01
202100011534,1,7,,0,2,4,25,A01
202100011535,1,7,,0,2,3,15,B01
202100011535,1,2,,0,2,2,17,A01
202100011536,-1,7,,0,2,1,5,A01
202100011536,-1,7,,0,2,1,1,B01
202100011537,1,34,,0,2,4,1,B01
202100011537,1,7,,0,2,1,1,A01
202100011538,2,99,,0,2,1,1,A01
202100011538,1,7,,0,9,3,19,B01
202100011539,1,33,,0,2,2,21,A01
202100011539,1,10,,0,2,6,2,B01
202100011540,1,7,,15,0,1,1,A01
202100011541,1,7,,0,1,1,26,A01
202100011541,1,1,,0,2,4,1,B01
202100011542,1,7,,0,1,3,17,A01
202100011543,2,7,,8,2,7,1,A01
202100011543,2,7,,0,2,1,1,B01
202100011544,1,7,,0,2,4,23,B01
202100011544,1,7,,0,2,1,26,A01
202100011544,3,7,,0,2,4,23,C01
202100011545,2,2,,0,2,1,17,A01
202100011545,2,10,,0,2,3,15,B01
202100011546,2,10,,0,1,3,15,A01
202100011547,1,7,,0,1,1,1,A01
202100011548,1,7,,0,2,8,1,B01
202100011548,1,7,,0,2,1,19,A01
202100011549,2,99,,0,2,1,1,A01
202100011549,1,7,,0,2,3,1,B01
202100011550,2,7,,0,2,0,0,B01
202100011550,1,7,,0,2,1,15,A01
202100011551,1,7,,0,2,1,2,A01
202100011551,1,7,,0,2,4,2,B01
202100011552,3,7,,0,1,3,15,A01
202100011553,0,50,,0,1,1,1,A01
202100011554,3,7,,0,1,2,1,A01
202100011555,2,7,,0,1,1,1,A01
202100011556,1,2,,0,2,1,1,B01
202100011556,2,7,,0,2,2,15,A01
202100011557,2,7,,0,1,1,1,A01
202100011558,1,50,,8,0,1,14,A01
202100011559,1,33,,0,2,1,1,A01
202100011559,1,7,,0,2,4,1,B01
202100011560,1,7,,0,1,1,1,A01
202100011561,0,7,,0,1,8,1,A01
202100011562,1,10,,0,2,1,1,A01
202100011562,1,7,,0,2,4,15,C01
202100011562,1,7,,0,2,4,1,B01
202100011563,1,7,,0,2,1,1,A01
202100011563,1,7,,0,2,4,1,B01
202100011564,1,2,,0,2,1,1,B01
202100011564,2,7,,0,2,7,15,A01
202100011565,2,37,2.0,0,2,0,21,A01
202100011566,1,7,,0,2,5,23,B01
202100011566,1,7,,0,2,3,1,A01
202100011567,3,30,,0,2,1,2,A01
202100011567,3,7,,0,2,4,2,B01
202100011568,3,30,,1,0,1,21,A01
202100011568,3,7,,0,2,8,26,B01
202100011569,2,30,,0,0,8,1,A01
202100011570,2,7,,0,0,9,13,A01
202100011571,2,1,,0,2,1,1,B01
202100011571,1,7,,0,9,1,15,A01
202100011572,3,7,,0,1,1,1,Z01
202100011573,3,30,,0,2,1,17,A01
202100011573,3,50,,0,2,8,19,B01
202100011574,2,2,,0,2,0,1,Z01
202100011574,1,7,,0,2,3,15,A01
202100011575,1,1,,0,0,0,9,A01
202100011575,0,7,,0,2,0,0,Z01
202100011576,2,30,,0,2,2,15,A01
202100011576,1,7,,0,2,2,1,B01
202100011577,1,7,,2,0,9,1,A01
202100011578,1,7,,0,1,7,1,A01
202100011579,1,7,,0,2,3,1,B01
202100011579,1,7,,0,2,3,13,A01
202100011580,3,60,,14,0,1,1,A01
202100011581,0,1,,0,2,5,3,B01
202100011581,0,7,,0,2,3,15,A01
202100011582,2,7,,0,2,2,1,A01
202100011582,1,7,,0,2,1,1,C01
202100011582,2,7,,0,2,3,16,B01
202100011583,0,7,,0,1,1,15,A01
202100011584,3,7,,2,0,2,13,A01
202100011585,3,7,,13,0,5,1,A01
202100011586,1,7,,0,2,3,26,A01
202100011586,1,80,,0,2,2,26,B01
202100011587,1,1,,0,2,3,26,A01
202100011587,1,7,,0,2,1,26,B01
202100011588,1,2,,0,2,7,17,B01
202100011588,1,7,,0,2,3,26,A01
202100011589,1,7,,0,2,4,2,B01
202100011589,1,30,,0,2,1,2,A01
202100011590,1,1,,0,0,0,26,A01
202100011591,2,7,,0,2,6,2,B01
202100011591,2,32,,0,2,2,2,A01
202100011592,1,30,,0,0,8,1,A01
202100011593,1,50,,0,2,3,1,B01
202100011593,1,10,,0,2,3,16,A01
202100011594,0,7,,0,2,7,15,A01
202100011594,0,2,,0,2,1,1,B01
202100011595,3,7,,8,0,1,13,A01
202100011596,1,7,,0,1,3,1,A01
202100011597,2,7,,0,2,1,1,A01
202100011597,2,7,,0,2,4,1,B01
202100011598,2,2,,0,2,1,1,B01
202100011598,1,7,,0,2,3,15,A01
202100011599,2,31,,0,2,7,2,B01
202100011599,2,7,,0,2,3,15,A01
202100011600,0,33,,0,2,8,1,B01
202100011600,3,7,,0,2,1,15,A01
202100011601,1,2,,14,2,1,1,B01
202100011601,1,7,,14,2,5,15,A01
202100011602,2,50,,0,2,8,1,B01
202100011602,1,7,,0,9,1,15,A01
202100011603,1,7,,0,2,5,2,B01
202100011603,1,33,,0,2,1,26,A01
202100011604,1,30,,1,0,1,26,A01
202100011604,1,7,,0,2,2,24,B01
202100011605,3,33,,0,2,7,1,A01
202100011605,3,7,,0,2,0,0,B01
202100011606,3,7,,0,2,0,1,B01
202100011606,3,7,,0,2,2,15,A01
202100011607,1,10,,0,2,3,15,A01
202100011607,1,33,,0,2,2,1,B01
202100011608,1,32,,0,2,4,23,B01
202100011608,1,7,,0,2,3,1,A01
202100011609,3,7,,0,2,7,1,B01
202100011609,3,7,,0,2,5,20,A01
202100011610,1,7,,0,0,0,0,A01