Num_Acc,senc,catv,occutc,obs,obsm,choc,manv,num_veh
202100011610,3,7,,0,0,3,0,B01
202100011611,0,7,,0,2,2,15,B01
202100011611,2,32,,0,2,1,7,A01
202100011612,0,7,,0,2,1,9,A01
202100011612,0,7,,0,2,7,1,B01
202100011613,2,17,,0,2,1,21,B01
202100011613,1,7,,0,2,1,13,A01
202100011614,1,7,,3,0,1,14,A01
202100011615,3,1,,12,0,1,0,A01
202100011616,1,7,,0,2,1,1,B01
202100011616,1,7,,0,2,4,1,A01
202100011617,1,7,,0,0,0,1,A01
202100011618,2,7,,0,2,3,15,A01
202100011618,1,30,,0,2,1,1,B01
202100011619,2,7,,0,2,1,1,A01
202100011619,3,7,,0,2,4,16,B01
202100011620,2,7,,15,0,2,2,A01
202100011621,1,34,,0,2,4,1,A01
202100011621,1,7,,0,2,1,11,Z01
202100011622,1,7,,0,2,1,5,A01
202100011622,1,7,,0,2,1,0,B01
202100011622,1,7,,0,2,1,0,C01
202100011623,3,15,,0,2,1,1,A01
202100011623,3,7,,0,2,4,1,B01
202100011624,3,10,,0,2,0,10,B01
202100011624,1,33,,0,2,0,0,A01
202100011625,1,7,,0,1,0,9,A01
202100011626,1,7,,0,1,1,1,A01
202100011627,1,1,,0,2,0,0,B01
202100011627,1,7,,0,2,3,9,A01
202100011628,2,1,,0,2,8,1,B01
202100011628,1,7,,0,9,3,15,A01
202100011629,1,7,,0,1,2,2,A01
202100011630,1,10,,0,2,5,1,B01
202100011630,1,43,,0,2,3,3,A01
202100011631,2,7,,0,2,4,2,B01
202100011631,2,10,,0,2,1,2,A01
202100011632,2,32,,0,0,8,3,A01
202100011633,3,30,,0,0,3,1,A01
202100011634,2,33,,0,2,3,11,B01
202100011634,1,7,,0,2,2,12,A01
202100011635,1,1,,0,2,1,18,B01
202100011635,1,7,,0,2,7,16,A01
202100011636,3,7,,0,2,3,16,A01
202100011636,1,32,,0,2,4,1,B01
202100011637,3,43,,0,2,1,1,B01
202100011637,3,7,,0,2,5,15,A01
202100011638,3,7,,2,0,2,14,A01
202100011639,2,7,,0,2,2,1,B01
202100011639,2,7,,0,2,2,15,A01
202100011640,1,50,,0,0,0,1,A01
202100011641,2,1,,8,2,6,1,B01
202100011641,2,37,1.0,0,2,7,14,A01
202100011642,1,10,,0,1,3,15,A01
202100011643,2,33,,0,1,7,1,A01
202100011644,3,7,,0,2,8,15,B01
202100011644,3,32,,0,2,3,1,A01
202100011645,1,1,,12,0,7,14,A01
202100011646,1,2,,0,2,4,23,B01
202100011646,1,7,,0,2,1,2,A01
202100011647,1,7,,0,2,3,1,B01
202100011647,1,7,,0,2,0,0,A01
202100011648,3,50,,0,2,1,1,A01
202100011648,3,7,,0,9,3,16,B01
202100011649,2,32,,1,0,3,1,A01
202100011649,2,1,,1,0,3,1,B01
202100011650,2,31,,0,2,2,1,B01
202100011650,2,7,,0,2,3,13,A01
202100011651,1,7,,0,1,1,1,A01
202100011652,2,10,,0,2,1,2,A01
202100011652,2,7,,0,2,4,2,B01
202100011652,2,10,,0,2,0,0,C01
202100011653,2,7,,0,2,0,26,A01
202100011653,2,7,,0,2,0,0,B01
202100011654,1,7,,0,1,2,1,A01
202100011655,2,14,,0,2,4,2,A01
202100011655,2,7,,0,2,4,0,B01
202100011656,3,13,,0,1,3,1,A01
202100011657,0,7,,0,1,2,15,A01
202100011658,1,33,,0,2,7,1,B01
202100011658,1,7,,0,2,1,15,A01
202100011659,1,7,,0,2,4,1,B01
202100011659,1,7,,0,2,4,2,A01
202100011660,2,33,,0,2,1,3,A01
202100011660,2,7,,0,2,3,23,B01
202100011661,2,7,,0,2,6,10,A01
202100011661,2,32,,0,2,1,1,B01
202100011662,2,7,,0,1,1,15,A01
202100011662,1,7,,0,2,1,23,B01
202100011663,1,50,,0,2,0,1,B01
202100011663,1,50,,0,2,0,1,A01
202100011664,3,14,,0,2,1,1,B01
202100011664,3,7,,0,2,1,26,A01
202100011665,1,7,,0,2,1,13,A01
202100011665,2,10,,0,0,3,23,B01
202100011665,2,7,,0,0,1,2,C01
202100011666,1,43,,0,2,1,2,B01
202100011666,1,7,,0,2,3,10,A01
202100011667,1,7,,0,2,2,15,A01
202100011667,2,2,,0,2,7,1,B01
202100011668,1,43,,0,2,1,1,B01
202100011668,2,10,,0,2,7,15,A01
202100011669,0,7,,0,2,3,15,A01
202100011669,0,50,,0,2,1,1,B01
202100011670,2,7,,0,1,2,1,A01
202100011671,2,7,,0,2,4,1,B01
202100011671,2,7,,0,2,1,1,A01
202100011672,-1,7,,0,1,1,19,A01
202100011673,0,7,,0,2,6,20,A01
202100011673,0,2,,0,2,1,1,B01
202100011674,1,7,,0,1,2,26,A01
202100011675,2,2,,0,2,1,1,B01
202100011675,2,7,,16,2,1,15,A01
202100011676,1,43,,0,0,9,17,A01
202100011677,2,13,,0,1,3,1,A01
202100011678,2,7,,0,2,7,25,B01
202100011678,2,50,,0,2,1,25,A01
202100011679,0,33,,0,0,0,1,A01
202100011680,2,7,,0,1,1,2,A01
202100011680,2,7,,0,2,1,2,B01
202100011681,2,50,,0,1,1,1,A01
202100011682,2,2,,0,1,2,21,A01
202100011683,2,33,,0,2,3,1,A01
202100011683,1,7,,0,2,3,15,B01
202100011684,1,7,,0,2,1,1,A01
202100011684,2,10,,0,2,1,1,B01
202100011685,2,7,,0,2,7,1,C01
202100011685,2,7,,0,2,3,21,B01
202100011685,1,7,,0,2,3,5,A01
202100011686,2,7,,6,0,2,14,A01
202100011687,1,17,,0,1,7,14,A01
202100011688,1,34,,0,2,7,1,A01
202100011688,3,7,,0,2,1,19,B01
202100011689,2,7,,0,1,1,16,A01
202100011690,2,7,,0,2,1,1,A01
202100011690,1,7,,0,2,1,13,B01
202100011691,1,33,,13,0,3,17,A01
202100011692,1,7,,1,9,1,1,A01
202100011693,1,31,,0,0,8,1,A01
202100011694,1,33,,0,2,3,17,A01
202100011694,2,7,,0,2,3,1,B01
202100011695,2,7,,16,0,9,1,A01
202100011696,2,7,,0,0,9,1,A01
202100011697,1,7,,0,2,1,13,B01
202100011697,2,15,,4,2,2,1,A01
202100011698,1,7,,0,1,3,1,A01
202100011699,3,2,,14,0,1,1,A01
202100011700,2,33,,0,2,7,17,A01
202100011700,2,7,,0,2,8,17,B01
202100011701,3,7,,8,0,2,1,A01
202100011702,1,7,,0,2,1,13,B01
202100011702,2,7,,0,2,1,1,A01
202100011703,2,7,,6,0,1,1,A01
202100011704,2,7,,0,2,1,1,B01
202100011704,1,2,,0,2,1,5,A01
202100011705,1,10,,0,2,2,10,A01
202100011705,2,1,,0,2,1,1,B01
202100011706,0,7,,0,2,3,15,A01
202100011706,0,33,,0,2,2,17,B01
202100011707,2,2,,0,2,4,15,B01
202100011707,2,7,,0,2,2,17,A01
202100011708,2,7,,0,2,1,1,B01
202100011708,3,10,,0,2,7,19,A01
202100011709,1,33,,0,2,9,13,A01
202100011709,2,33,,8,2,8,1,B01
202100011709,2,33,,0,2,1,1,C01
202100011710,2,33,,0,0,8,1,A01
202100011711,1,7,,0,2,1,15,A01
202100011711,2,7,,0,2,1,1,B01
202100011712,1,7,,0,2,1,15,A01
202100011712,0,33,,0,2,1,1,B01
202100011713,2,33,,3,0,0,1,A01
202100011714,2,7,,7,0,1,16,A01
202100011715,1,7,,0,2,4,13,D01
202100011715,2,7,,0,2,8,1,C01
202100011715,1,7,,0,2,6,23,B01
202100011715,1,7,,0,2,2,1,A01
202100011716,2,1,,0,0,0,1,A01
202100011717,3,7,,0,2,1,1,B01
202100011717,3,7,,0,2,8,16,A01
202100011718,2,2,,0,2,1,1,A01
202100011718,2,7,,0,0,3,23,B01
202100011718,2,10,,0,0,5,15,C01
202100011719,2,7,,0,2,3,1,B01
202100011719,1,7,,0,2,6,5,A01
202100011720,2,7,,0,0,6,15,A01
202100011720,2,10,,0,2,2,17,B01
202100011721,3,7,,13,2,3,13,A01
202100011721,3,20,,0,2,3,1,B01
202100011722,1,7,,11,0,1,1,A01
202100011723,1,7,,15,0,9,13,A01
202100011724,1,10,,0,1,1,16,A01
202100011725,2,33,,14,0,1,1,A01
202100011726,1,10,,0,2,3,15,A01
202100011726,2,2,,0,2,1,1,B01
202100011727,2,7,,0,9,2,1,A01
202100011727,1,1,,0,0,8,1,B01
202100011728,1,7,,6,0,2,1,A01
202100011729,1,3,,0,1,1,11,A01
202100011730,1,7,,0,2,1,5,A01
202100011730,2,7,,0,2,1,1,B01
202100011731,2,2,,0,2,1,1,A01
202100011731,1,7,,0,2,5,15,B01
202100011732,1,7,,4,0,1,0,A01
202100011733,2,7,,0,2,2,12,A01
202100011733,2,7,,0,2,3,1,B01
202100011734,1,7,,0,2,5,1,C01
202100011734,1,33,,0,2,0,0,B01
202100011734,1,7,,0,2,3,11,A01
202100011735,2,7,,0,2,4,0,B01
202100011735,2,7,,0,2,4,2,A01
202100011735,2,7,,0,2,1,2,Z01
202100011736,1,17,,0,9,0,2,A01
202100011736,1,7,,14,2,1,2,B01
202100011736,1,7,,0,2,1,2,C01
202100011737,1,17,,0,2,4,2,B01
202100011737,1,17,,3,2,1,2,A01
202100011738,2,7,,0,2,4,2,D01
202100011738,2,7,,0,2,4,2,C01
202100011738,2,7,,0,2,4,2,B01
202100011738,2,7,,0,2,1,1,A01
202100011739,2,10,,0,2,5,1,A01
202100011739,2,33,,0,2,1,21,B01
202100011740,2,7,,0,2,1,2,A01
202100011740,2,7,,0,2,4,2,B01
202100011740,2,7,,0,2,4,2,C01
202100011741,1,7,,4,0,3,21,A01
202100011742,1,7,,0,2,1,2,A01
202100011742,1,10,,0,2,4,2,B01
202100011743,2,7,,0,2,4,1,E01
202100011743,2,7,,0,2,4,1,F01
202100011743,2,10,,0,2,4,23,G01
202100011743,2,7,,0,2,1,1,A01
202100011743,2,10,,0,2,1,1,B01
202100011743,2,7,,0,2,4,1,D01
202100011743,2,7,,0,2,4,1,C01
202100011744,1,7,,0,2,4,2,C01
202100011744,1,7,,0,2,4,2,B01
202100011744,1,7,,0,2,1,2,A01
202100011745,2,7,,0,2,4,1,C01
202100011745,2,10,,0,2,4,1,B01
202100011745,2,10,,0,2,1,1,A01
202100011746,2,10,,0,1,1,21,A01
202100011747,2,7,,4,0,0,0,B01
202100011747,2,7,,4,0,0,26,A01
202100011748,2,7,,0,2,4,2,B01
202100011748,2,10,,0,2,1,2,A01
202100011749,-1,32,,4,0,2,1,A01
202100011750,2,7,,0,2,1,1,Z01
202100011750,2,13,,0,2,4,1,D01
202100011750,2,7,,0,2,4,1,C01
202100011750,2,7,,0,2,4,1,B01
202100011750,2,7,,0,2,1,1,A01
202100011751,2,7,,0,2,1,1,A01
202100011751,2,7,,4,2,7,13,B01
202100011752,2,80,,0,1,1,0,A01
202100011753,0,7,,0,1,1,1,A01
202100011754,2,7,,0,1,1,0,A01
202100011755,3,7,,0,1,1,16,A01
202100011756,1,7,,0,2,7,19,A01
202100011756,1,7,,0,2,1,1,B01
202100011757,2,30,,0,2,1,1,A01
202100011757,2,30,,0,2,4,23,B01
202100011758,1,10,,0,1,1,26,A01
202100011759,1,7,,0,2,3,1,A01
202100011759,1,31,,0,2,4,15,B01
202100011760,2,7,,0,0,7,2,B01
202100011760,2,7,,0,2,4,23,A01
202100011760,2,33,,0,2,1,2,C01
202100011761,2,10,,0,9,8,1,A01
202100011762,2,33,,0,2,0,0,A01
202100011762,1,32,,0,2,0,0,B01
202100011763,1,7,,0,2,8,13,A01
202100011763,1,33,,0,2,7,1,B01
202100011764,3,33,,0,1,0,26,A01
202100011765,1,7,,0,2,1,26,A01
202100011765,1,7,,0,2,4,26,B01
202100011765,1,7,,0,2,1,26,C01
202100011766,0,50,,0,0,0,25,A01
202100011767,2,7,,0,2,0,0,B01
202100011767,2,7,,0,2,1,1,A01
202100011768,1,7,,0,2,8,11,A01
202100011768,1,7,,0,2,1,1,B01
202100011769,1,7,,0,1,1,1,A01
202100011770,1,7,,0,2,1,1,A01
202100011770,3,7,,0,2,8,1,B01
202100011771,3,1,,0,2,1,21,A01
202100011771,3,7,,0,2,6,1,B01
202100011771,3,7,,0,2,1,1,C01
202100011772,2,1,,0,2,7,25,B01
202100011772,2,7,,0,2,1,1,A01
202100011773,2,10,,0,1,2,1,A01
202100011774,1,7,,0,1,1,1,A01
202100011775,2,31,,0,2,1,13,A01
202100011775,1,7,,0,2,1,1,B01
202100011776,1,10,,2,2,3,9,A01
202100011776,1,31,,2,2,1,1,B01
202100011777,1,7,,0,2,7,15,B01
202100011777,2,32,,0,2,1,8,A01
202100011778,2,7,,9,0,2,14,A01
202100011779,0,30,,0,1,1,13,A01
202100011780,0,7,,0,2,1,1,A01
202100011780,0,7,,0,2,4,1,C01
202100011780,0,7,,0,2,4,1,B01
202100011781,0,2,,0,1,2,1,A01
202100011782,3,7,,0,2,4,2,B01
202100011782,3,43,,0,2,1,2,A01
202100011783,1,7,,0,0,9,26,A01
202100011784,1,7,,0,2,6,2,B01
202100011784,1,10,,0,2,2,2,A01
202100011785,1,7,,12,0,1,1,A01
202100011786,0,7,,0,2,3,15,B01
202100011786,0,50,,0,2,3,5,A01
202100011787,1,7,,0,2,2,15,A01
202100011787,2,7,,0,2,3,1,B01
202100011788,3,1,,0,1,0,25,A01
202100011789,0,7,,0,1,0,0,A01
202100011790,3,7,,0,2,2,0,B01
202100011790,3,7,,0,2,0,0,A01
202100011791,2,10,,0,1,1,1,Z01
202100011792,2,1,,0,2,2,19,B01
202100011792,1,7,,0,2,3,1,A01
202100011793,2,7,,0,2,1,2,A01
202100011793,2,7,,0,2,4,2,B01
202100011794,1,7,,0,1,1,1,A01
202100011795,1,14,,0,1,0,15,A01
202100011796,1,7,,0,2,1,1,B01
202100011796,2,7,,0,2,1,13,A01
202100011797,1,7,,0,0,9,0,A01
202100011798,1,31,,0,2,3,26,A01
202100011798,1,7,,0,2,0,0,B01
202100011799,1,60,,0,2,1,1,B01
202100011799,2,7,,0,9,2,12,A01
202100011800,2,15,,0,2,3,1,B01
202100011800,1,7,,0,2,1,13,A01
202100011801,0,7,,0,1,2,15,A01
202100011802,2,7,,0,1,1,16,A01
202100011803,1,7,,0,1,7,1,Z01
202100011804,1,60,,0,2,3,26,B01
202100011804,1,7,,0,2,2,1,A01
202100011805,1,7,,0,2,3,2,A01
202100011805,1,1,,0,2,4,2,B01
202100011806,1,30,,0,0,7,26,A01
202100011807,1,1,,0,0,1,26,A01
202100011808,3,40,,0,2,1,1,B01
202100011808,3,1,,0,4,2,14,A01
202100011809,2,7,,0,2,2,15,A01
202100011809,1,33,,0,2,1,0,B01
202100011810,1,7,,4,0,1,9,A01
202100011811,1,10,,0,1,1,9,A01
202100011812,1,33,,0,1,1,1,A01
202100011813,0,1,,0,2,4,19,B01
202100011813,0,30,,0,2,1,19,A01
202100011814,0,7,,0,2,1,1,A01
202100011814,0,31,,0,2,1,1,B01
202100011815,1,7,,1,2,3,21,A01
202100011815,3,1,,0,2,3,19,B01
202100011816,3,7,,0,1,3,26,A01
202100011817,1,7,,0,2,3,11,A01
202100011817,1,30,,0,2,3,0,B01
202100011818,2,1,,1,0,1,1,A01
202100011819,0,10,,0,1,2,1,A01
202100011820,1,7,,0,0,4,2,B01
202100011820,1,7,,0,2,1,12,A01
202100011821,0,1,,1,0,1,1,B01
202100011821,0,7,,0,9,3,9,A01
202100011822,3,7,,0,1,2,15,A01
202100011823,2,7,,0,2,5,23,B01
202100011823,2,7,,5,2,3,26,A01
202100011824,1,7,,0,2,5,15,A01
202100011824,2,2,,0,2,3,2,B01
202100011825,2,30,,0,0,0,9,A01
202100011826,0,7,,2,0,2,15,A01
202100011827,0,3,,0,2,0,0,Z01
202100011827,1,32,,0,2,8,1,A01
202100011828,1,7,,0,2,7,15,B01
202100011828,1,7,,0,2,3,19,A01
202100011829,0,7,,0,2,3,9,A01
202100011829,0,34,,0,2,1,1,B01
202100011830,3,30,,0,1,1,1,A01
202100011831,2,30,,1,0,7,14,A01
202100011832,3,30,,0,9,1,1,A01
202100011832,3,30,,0,9,4,1,B01
202100011833,1,7,,0,2,4,1,B01
202100011833,1,2,,0,2,1,2,A01
202100011834,2,7,,0,2,1,1,B01
202100011834,1,1,,0,2,1,1,A01
202100011835,1,7,,0,2,4,2,C01
202100011835,1,7,,1,0,0,0,A01
202100011835,1,7,,1,0,0,0,B01
202100011836,3,1,,0,2,1,25,B01
202100011836,3,7,,0,9,2,26,A01
202100011837,2,7,,9,0,1,0,A01
202100011838,2,7,,0,2,1,1,D01
202100011838,2,32,,0,2,1,2,E01
202100011838,2,7,,0,2,4,2,C01
202100011838,2,7,,0,2,6,1,B01
202100011838,2,43,,0,2,2,3,A01
202100011839,1,17,,0,2,1,1,A01
202100011839,1,7,,0,2,4,11,B01
202100011840,1,33,,0,1,3,1,A01
202100011841,1,37,1.0,0,2,1,1,A01
202100011841,2,80,,0,2,1,5,B01
202100011842,2,80,,0,1,1,8,A01
202100011843,1,33,,0,2,8,17,A01
202100011843,1,7,,0,2,8,13,B01
202100011843,1,7,,0,2,3,24,C01
202100011844,2,1,,0,2,1,1,B01
202100011844,1,7,,0,2,2,16,A01
202100011845,1,30,,0,1,1,7,A01
202100011846,2,30,,0,2,3,7,B01
202100011846,2,7,,0,2,5,16,A01
202100011847,1,33,,0,0,7,9,A01
202100011848,2,32,,14,2,3,21,A01
202100011849,1,1,,0,1,1,1,A01
202100011850,3,1,,0,0,0,1,A01
202100011851,2,1,,0,1,1,21,A01
202100011852,2,1,,0,2,8,1,B01
202100011852,1,14,,0,2,2,15,A01
202100011853,1,32,,0,1,1,17,A01
202100011854,2,7,,0,2,1,5,A01
202100011854,1,30,,0,2,1,1,B01
202100011855,1,32,,0,1,0,1,A01
202100011856,2,31,,0,2,4,1,B01
202100011856,2,10,,0,2,3,2,A01
202100011857,1,10,,0,2,1,1,B01
202100011857,1,1,,0,2,7,1,A01
202100011858,1,7,,0,2,1,1,B01
202100011858,2,7,,0,2,1,10,Z01
202100011859,3,7,,0,2,1,1,A01
202100011859,3,2,,0,2,3,16,B01
202100011860,3,2,,0,2,1,0,B01
202100011860,1,10,,0,2,3,15,A01
202100011861,3,7,,0,1,1,15,A01
202100011862,2,13,,0,2,3,16,B01
202100011862,1,7,,0,2,3,13,A01
202100011863,1,10,,0,2,0,2,Z01
202100011863,1,10,,0,2,4,2,C01
202100011863,1,7,,0,2,4,2,B01
202100011864,2,33,,0,2,1,1,B01
202100011864,1,10,,0,2,7,15,A01
202100011865,1,34,,0,0,0,0,B01
202100011865,1,7,,0,2,3,11,A01
202100011866,1,2,,0,2,1,21,A01
202100011866,1,3,,0,2,3,1,B01
202100011867,1,7,,0,2,4,2,B01
202100011867,1,33,,0,2,1,2,A01
202100011868,1,32,,0,2,7,1,A01
202100011869,2,30,,12,2,8,17,A01
202100011870,1,7,,0,2,3,23,C01
202100011870,1,10,,0,2,8,1,B01
202100011870,2,10,,0,2,1,11,A01
202100011871,3,7,,9,0,1,16,A01
202100011872,0,31,,0,0,2,1,A01
202100011873,1,13,,0,1,3,1,A01
202100011874,1,7,,0,1,6,1,A01
202100011875,1,7,,0,2,1,1,B01
202100011875,2,7,,0,2,2,9,A01
202100011876,3,7,,0,1,4,26,A01
202100011877,1,7,,0,0,3,13,A01
202100011877,1,7,,0,0,8,26,B01
202100011878,0,60,,0,2,3,1,B01
202100011878,0,7,,0,2,1,25,A01
202100011879,3,99,,13,0,8,13,A01
202100011880,2,7,,0,2,3,11,A01
202100011880,2,33,,0,2,7,1,B01
202100011881,2,10,,0,1,2,16,A01
202100011882,3,7,,0,2,3,15,A01
202100011882,3,32,,0,2,2,13,B01
202100011883,2,7,,0,1,2,1,A01
202100011884,1,7,,0,2,1,1,B01
202100011884,2,7,,0,2,1,5,A01
202100011885,2,7,,0,1,1,1,A01
202100011886,2,50,,0,2,8,19,C01
202100011886,1,7,,0,2,1,1,B01
202100011886,2,7,,0,2,3,1,A01
202100011887,1,7,,0,2,1,13,A01
202100011887,2,7,,0,2,1,1,B01
202100011888,1,7,,0,2,1,13,A01
202100011888,2,7,,0,2,1,1,B01
202100011889,1,7,,6,0,8,20,A01
202100011890,0,7,,0,1,6,15,A01
202100011891,3,2,,0,2,1,1,B01
202100011891,3,7,,0,2,3,1,A01
202100011892,1,7,,3,0,3,12,A01
202100011893,0,1,,0,2,8,1,A01
202100011893,0,10,,0,2,0,1,B01
202100011894,2,33,,0,0,1,2,A01
202100011894,2,7,,0,0,4,15,B01
202100011895,1,7,,0,2,2,0,A01
202100011895,2,13,,0,2,2,0,B01
202100011896,2,7,,0,1,2,1,A01
202100011897,1,1,,0,2,1,1,B01
202100011897,2,7,,0,2,1,1,A01
202100011898,3,7,,0,0,8,9,C01
202100011898,1,10,,0,2,1,1,B01
202100011899,1,7,,0,2,3,0,A01
202100011899,2,7,,0,2,3,0,B01
202100011900,2,7,,0,2,3,19,B01
202100011900,2,34,,0,2,1,17,A01
202100011901,1,13,,10,0,4,1,A01
202100011902,2,16,,0,0,0,0,B01
202100011902,2,7,,1,0,1,21,D01
202100011902,2,7,,0,2,2,17,A01
202100011903,0,7,,0,2,2,26,A01
202100011903,0,2,,0,2,1,1,B01
202100011904,2,7,,2,0,1,13,A01
202100011905,2,7,,0,2,3,13,A01
202100011905,1,13,,0,2,1,21,B01
202100011906,1,31,,0,2,1,1,A01
202100011906,1,7,,0,0,4,23,B01
202100011907,1,7,,0,2,1,1,A01
202100011907,2,7,,0,2,2,15,B01
202100011908,0,7,,0,2,1,15,A01
202100011908,0,2,,0,0,2,1,B01
202100011909,2,7,,2,0,7,1,A01
202100011910,3,10,,0,1,3,13,A01
202100011911,1,7,,8,0,3,1,B01
202100011911,2,7,,8,0,2,14,A01
202100011912,3,7,,2,0,1,0,A01
202100011913,1,7,,13,0,2,13,A01
202100011914,2,7,,2,0,9,0,A01
202100011915,1,7,,0,2,6,15,B01
202100011915,1,32,,0,2,7,17,A01
202100011916,2,7,,0,1,1,1,A01
202100011917,1,1,,0,2,1,15,B01
202100011917,2,7,,0,2,1,6,A01
202100011918,1,13,,2,0,3,1,A01
202100011919,1,17,,0,1,2,1,A01
202100011920,1,7,,0,2,1,13,A01
202100011920,2,7,,0,2,1,1,B01
202100011921,0,14,,0,2,6,26,A01
202100011921,2,7,,0,2,2,1,B01
202100011922,1,7,,0,0,4,2,A01
202100011922,1,7,,0,2,1,2,B01
202100011923,2,31,,0,6,1,1,B01
202100011923,2,7,,0,6,3,1,A01
202100011924,1,7,,0,2,3,17,B01
202100011924,2,7,,0,2,8,1,A01
202100011925,2,7,,0,1,1,1,A01
202100011926,1,31,,0,0,0,0,A01
202100011927,2,7,,7,0,4,16,A01
202100011927,2,7,,0,2,1,1,B01
202100011928,2,31,,0,2,1,17,B01
202100011928,2,7,,0,2,3,15,A01
202100011929,2,7,,0,2,1,15,A01
202100011929,1,2,,0,2,8,0,B01
202100011930,1,7,,13,2,4,2,B01
202100011930,1,10,,0,2,1,2,A01
202100011931,2,7,,0,0,5,1,A01
202100011931,3,10,,0,2,1,9,B01
202100011932,0,7,,9,0,9,1,A01
202100011933,0,7,,0,1,1,0,A01
202100011934,1,7,,0,1,2,1,A01
202100011935,1,7,,0,1,2,1,A01
202100011936,1,7,,0,2,8,1,C01
202100011936,2,7,,0,2,3,9,B01
202100011936,1,7,,0,2,3,17,A01
202100011937,1,7,,0,2,1,1,A01
202100011937,2,7,,0,0,3,1,B01
202100011938,1,7,,0,2,1,0,B01
202100011938,1,7,,0,2,4,24,A01
202100011939,2,7,,4,0,3,1,A01
202100011940,1,10,,0,2,4,2,A01
202100011940,1,10,,0,2,1,2,B01
202100011941,1,33,,14,0,2,1,A01
202100011942,2,10,,0,2,8,1,C01
202100011942,2,7,,0,2,7,1,B01
202100011942,2,7,,0,2,8,2,A01
202100011943,1,7,,0,2,4,2,D01
202100011943,1,7,,0,2,4,2,C01
202100011943,1,7,,0,2,4,2,B01
202100011943,1,7,,0,2,1,2,A01
202100011944,1,10,,0,2,5,12,A01
202100011944,1,31,,0,2,1,3,B01
202100011945,1,31,,0,2,1,3,B01
202100011945,1,10,,0,2,7,12,A01
202100011946,1,7,,4,2,7,1,A01
202100011946,1,7,,0,2,8,11,B01
202100011947,1,7,,0,2,4,2,B01
202100011947,1,7,,0,2,1,2,A01
202100011948,2,33,,0,2,8,3,A01
202100011948,2,10,,0,2,0,0,Z01
202100011949,2,33,,3,0,9,1,A01
202100011950,2,7,,4,0,8,1,A01
202100011951,2,7,,0,2,6,0,B01
202100011951,2,7,,4,2,1,2,A01
202100011952,2,7,,0,2,8,11,A01
202100011952,2,32,,0,2,7,3,B01
202100011953,1,7,,0,2,1,1,A01
202100011953,1,10,,0,2,4,1,B01
202100011954,1,7,,0,2,2,12,A01
202100011954,1,10,,0,2,6,1,B01
202100011954,1,15,,0,2,6,1,C01
202100011955,2,33,,0,2,8,3,B01
202100011955,2,7,,0,2,5,12,A01
202100011956,2,7,,15,0,0,1,A01
202100011957,3,60,,0,2,7,1,B01
202100011957,3,7,,0,9,1,9,A01
202100011958,2,7,,2,0,2,1,A01
202100011959,1,1,,0,2,4,1,B01
202100011959,3,7,,0,2,1,1,Z01
202100011960,1,7,,0,2,4,1,B01
202100011960,1,7,,0,2,1,1,A01
202100011961,3,33,,0,2,1,1,A01
202100011961,3,7,,0,2,2,15,B01
202100011962,3,7,,13,0,0,0,A01
202100011963,2,7,,0,2,3,1,A01
202100011963,2,1,,0,2,1,1,C01
202100011963,1,33,,0,2,1,17,B01
202100011964,1,80,,0,2,1,2,B01
202100011964,1,15,,0,2,4,1,A01
202100011965,1,7,,0,2,1,2,Z01
202100011965,1,2,,0,2,6,2,A01
202100011966,3,7,,0,9,3,15,A01
202100011966,2,1,,0,2,3,1,B01
202100011967,1,2,,0,2,1,1,A01
202100011967,1,1,,0,2,7,19,B01
202100011968,2,10,,0,2,3,15,B01
202100011968,2,30,,0,2,7,17,A01
202100011969,2,31,,12,0,1,1,A01
202100011970,2,7,,0,2,3,15,A01
202100011970,3,30,,0,2,2,5,B01
202100011971,1,10,,0,2,2,1,A01
202100011971,0,1,,0,2,0,0,B01
202100011972,2,50,,0,2,7,1,B01
202100011972,1,7,,0,2,1,1,A01
202100011973,2,7,,0,2,8,2,B01
202100011973,2,7,,0,2,0,0,A01
202100011974,3,7,,1,2,5,24,C01
202100011974,1,7,,1,2,3,1,B01
202100011974,1,7,,0,2,1,9,A01
202100011975,3,7,,0,1,3,1,A01
202100011976,3,7,,0,2,1,13,B01
202100011976,3,15,,0,2,2,21,A01
202100011977,1,7,,0,1,3,1,A01
202100011978,3,50,,0,2,1,1,B01
202100011978,3,7,,0,2,3,9,A01
202100011979,1,7,,0,2,2,17,A01
202100011979,1,33,,0,2,8,1,B01
202100011980,2,7,,0,1,1,1,A01
202100011981,2,10,,0,2,1,2,A01
202100011981,2,7,,0,2,4,2,B01
202100011981,2,7,,0,0,4,2,C01
202100011982,1,10,,0,2,2,15,A01
202100011982,2,7,,0,2,1,1,B01
202100011983,1,31,,0,2,1,1,B01
202100011983,1,7,,0,2,7,10,A01
202100011984,1,33,,14,0,1,1,A01
202100011985,2,7,,0,2,1,13,A01
202100011985,2,7,,0,2,0,0,B01
202100011986,2,10,,0,2,8,2,D01
202100011986,2,10,,0,2,8,1,C01
202100011986,2,7,,0,2,8,1,B01
202100011986,2,33,,0,2,3,17,A01
202100011987,2,33,,0,2,1,17,B01
202100011987,2,7,,0,2,0,15,A01
202100011988,1,7,,14,0,1,1,A01
202100011989,2,10,,0,2,1,2,D01
202100011989,2,7,,0,2,1,2,C01
202100011989,2,10,,0,2,1,2,B01
202100011989,2,7,,0,2,4,2,A01