Num_Acc,senc,catv,occutc,obs,obsm,choc,manv,num_veh
202100011990,2,31,,0,2,7,0,B01
202100011990,0,7,,0,2,1,9,A01
202100011991,1,7,,1,0,1,13,A01
202100011992,2,30,,0,2,7,1,A01
202100011992,2,7,,0,2,8,1,B01
202100011993,2,7,,0,2,1,2,A01
202100011993,2,7,,0,2,4,2,B01
202100011994,2,7,,0,1,2,1,A01
202100011995,2,7,,0,2,1,1,B01
202100011995,1,7,,0,2,1,15,A01
202100011996,2,7,,0,9,1,1,A01
202100011996,1,50,,0,2,7,26,B01
202100011997,2,7,,0,2,4,2,D01
202100011997,2,7,,0,2,4,2,C01
202100011997,2,7,,0,2,4,2,B01
202100011997,2,7,,0,2,1,2,A01
202100011998,2,37,1.0,0,2,7,0,B01
202100011998,1,33,,0,2,1,9,A01
202100011999,2,7,,0,2,4,2,B01
202100011999,2,7,,0,2,1,2,A01
202100012000,3,30,,0,2,1,26,A01
202100012000,3,7,,0,2,1,1,B01
202100012001,2,7,,1,0,3,13,A01
202100012002,1,2,,0,2,1,1,B01
202100012002,1,7,,0,2,2,19,A01
202100012003,3,1,,0,2,1,0,B01
202100012003,3,7,,0,2,3,9,A01
202100012004,1,31,,0,2,1,1,B01
202100012004,1,7,,0,2,5,15,A01
202100012005,1,3,,0,2,3,15,A01
202100012005,2,2,,0,2,1,1,B01
202100012006,3,7,,0,2,4,23,B01
202100012006,3,33,,0,2,1,2,A01
202100012007,2,30,,0,2,1,1,A01
202100012007,2,7,,0,2,5,23,B01
202100012008,1,7,,0,2,4,26,B01
202100012008,1,7,,0,2,1,26,A01
202100012008,1,7,,0,2,4,26,C01
202100012009,1,7,,0,2,1,1,B01
202100012009,1,7,,0,2,7,15,A01
202100012010,2,7,,0,2,1,26,A01
202100012010,2,7,,0,0,5,1,B01
202100012011,0,50,,0,9,7,1,B01
202100012011,0,7,,14,0,1,19,A01
202100012012,1,7,,0,1,1,9,A01
202100012013,3,7,,0,1,1,1,A01
202100012014,3,7,,13,0,1,14,A01
202100012015,1,33,,0,2,1,1,B01
202100012015,1,7,,0,2,3,20,A01
202100012016,2,7,,0,1,5,1,A01
202100012017,1,7,,0,1,2,7,A01
202100012018,1,7,,0,2,3,26,B01
202100012018,1,30,,0,2,2,17,A01
202100012019,2,7,,0,2,3,9,A01
202100012019,3,30,,0,2,7,1,B01
202100012020,1,7,,0,2,8,10,A01
202100012020,1,33,,0,2,1,1,B01
202100012021,1,33,,0,2,1,1,B01
202100012021,2,7,,0,2,7,15,A01
202100012022,0,43,,0,2,8,9,B01
202100012022,2,7,,0,2,1,9,A01
202100012023,1,10,,0,2,5,17,A01
202100012023,1,1,,0,2,3,1,B01
202100012024,3,7,,0,2,8,1,A01
202100012024,3,7,,0,2,3,1,B01
202100012025,3,1,,0,2,1,2,B01
202100012025,3,7,,0,2,3,9,A01
202100012026,1,37,1.0,0,2,2,1,B01
202100012026,2,7,,8,2,2,19,A01
202100012027,3,7,,0,1,2,1,A01
202100012028,2,7,,0,2,4,2,B01
202100012028,2,7,,7,0,4,2,C01
202100012028,2,7,,0,2,1,26,A01
202100012029,3,7,,2,0,1,13,A01
202100012030,3,7,,14,2,1,1,A01
202100012030,3,10,,10,2,3,1,B01
202100012031,1,43,,0,2,2,1,B01
202100012031,1,7,,0,2,3,15,A01
202100012032,1,34,,0,2,8,1,A01
202100012032,1,7,,0,2,1,1,Z01
202100012033,1,7,,0,2,1,2,B01
202100012033,2,7,,0,2,1,17,A01
202100012034,0,7,,0,1,3,1,A01
202100012035,1,32,,0,2,7,1,B01
202100012035,1,10,,0,2,1,1,A01
202100012036,3,7,,0,2,3,9,A01
202100012036,3,7,,0,2,2,1,B01
202100012037,2,30,,0,2,2,1,B01
202100012037,2,7,,0,2,1,1,A01
202100012038,1,7,,0,2,1,1,A01
202100012039,3,10,,6,0,1,0,A01
202100012040,1,7,,0,2,8,11,A01
202100012040,1,34,,0,2,7,3,B01
202100012040,1,7,,0,2,7,1,C01
202100012041,2,7,,0,2,1,2,A01
202100012041,2,7,,0,2,4,2,B01
202100012041,2,7,,0,2,4,2,C01
202100012042,2,7,,0,2,6,4,A01
202100012042,2,30,,0,2,1,2,B01
202100012043,1,14,,0,2,7,14,A01
202100012043,1,1,,0,2,3,1,B01
202100012044,1,30,,0,0,0,1,A01
202100012045,2,10,,0,4,8,10,A01
202100012045,2,40,,0,2,2,1,B01
202100012046,1,50,,0,2,3,1,A01
202100012046,1,7,,0,2,2,17,Z01
202100012047,2,7,,8,0,3,9,A01
202100012048,1,7,,0,2,4,4,A01
202100012048,1,1,,0,2,7,9,B01
202100012049,1,43,,0,1,1,1,A01
202100012050,1,43,,0,1,1,1,A01
202100012051,1,32,,0,0,0,18,A01
202100012052,1,7,,0,2,3,16,A01
202100012052,2,50,,0,2,1,1,B01
202100012053,2,10,,0,2,8,22,A01
202100012053,2,1,,0,2,1,1,B01
202100012054,2,32,,0,2,1,13,A01
202100012054,2,7,,0,2,1,1,B01
202100012055,1,7,,0,2,2,1,B01
202100012055,1,80,,0,2,3,1,A01
202100012056,2,7,,0,2,5,23,B01
202100012056,2,33,,1,0,1,26,A01
202100012057,0,7,,0,2,3,1,B01
202100012057,3,7,,0,2,1,19,A01
202100012058,2,7,,0,2,2,1,B01
202100012058,2,7,,0,2,1,15,A01
202100012059,3,7,,0,2,1,2,B01
202100012059,3,7,,0,2,3,9,A01
202100012060,2,7,,0,1,3,1,A01
202100012061,1,7,,0,1,2,26,A01
202100012062,2,31,,0,0,8,1,A01
202100012063,1,7,,0,1,3,16,A01
202100012064,3,7,,0,2,1,1,A01
202100012064,3,7,,0,2,3,15,B01
202100012065,2,7,,0,1,3,1,A01
202100012066,-1,10,,1,2,6,0,C01
202100012066,-1,7,,2,2,1,12,B01
202100012066,-1,7,,16,2,4,1,A01
202100012067,0,7,,1,2,3,1,A01
202100012067,3,10,,0,0,0,0,B01
202100012068,-1,43,,0,2,1,1,B01
202100012068,-1,10,,0,2,4,26,A01
202100012069,3,10,,0,1,3,15,A01
202100012070,3,50,,0,0,0,1,A01
202100012071,1,10,,0,2,5,16,A01
202100012071,1,1,,0,2,8,16,B01
202100012072,3,7,,0,2,0,2,A01
202100012072,3,7,,0,2,0,0,B01
202100012073,3,30,,0,0,0,3,A01
202100012074,1,7,,0,2,0,13,B01
202100012074,1,2,,0,2,7,17,A01
202100012075,2,13,,6,0,3,1,A01
202100012076,2,7,,15,1,1,16,A01
202100012077,2,50,,0,2,1,25,A01
202100012077,1,1,,0,2,1,5,B01
202100012078,1,1,,0,1,1,1,A01
202100012079,1,31,,0,2,1,1,B01
202100012079,1,10,,0,2,5,12,A01
202100012080,1,20,,0,2,1,1,B01
202100012080,2,32,,6,2,1,17,A01
202100012081,2,7,,1,0,1,2,A01
202100012081,2,10,,0,2,4,23,B01
202100012081,2,7,,0,2,4,23,C01
202100012082,1,7,,0,2,6,13,A01
202100012082,2,37,5.0,0,2,1,1,B01
202100012083,1,31,,0,2,1,1,B01
202100012083,2,7,,0,2,3,15,A01
202100012084,0,7,,0,1,1,1,A01
202100012085,2,15,,0,0,4,2,B01
202100012085,2,7,,0,2,1,2,A01
202100012086,1,7,,0,1,1,1,A01
202100012087,1,31,,12,0,1,1,A01
202100012088,0,33,,0,0,7,26,A01
202100012089,2,33,,0,2,1,1,B01
202100012089,2,7,,0,0,7,19,A01
202100012090,3,7,,0,2,2,1,B01
202100012090,3,35,,0,2,3,9,A01
202100012091,2,7,,2,0,3,0,A01
202100012092,2,21,,0,0,4,15,B01
202100012092,2,2,,0,9,1,17,A01
202100012093,2,7,,4,0,9,1,A01
202100012094,3,7,,0,2,1,1,A01
202100012094,3,7,,0,2,8,1,B01
202100012095,1,7,,17,0,1,5,A01
202100012096,1,10,,0,9,2,1,A01
202100012096,1,1,,0,2,4,1,B01
202100012097,2,7,,0,2,1,1,B01
202100012097,1,7,,0,2,8,17,A01
202100012098,1,31,,0,2,1,17,B01
202100012098,1,10,,0,0,6,11,A01
202100012099,2,3,,0,0,9,14,A01
202100012100,3,7,,0,1,2,0,A01
202100012101,1,7,,13,0,2,1,A01
202100012102,1,33,,0,2,1,1,B01
202100012102,2,7,,0,2,2,15,A01
202100012103,2,7,,0,2,1,13,A01
202100012103,1,7,,0,2,1,0,B01
202100012104,0,7,,0,2,8,19,B01
202100012104,1,10,,0,2,1,1,A01
202100012105,1,7,,0,2,1,1,A01
202100012105,2,7,,0,2,2,19,B01
202100012106,1,10,,3,2,3,1,B01
202100012106,2,17,,0,2,6,1,A01
202100012107,-1,7,,0,2,2,25,A01
202100012107,-1,50,,0,2,2,25,B01
202100012108,1,17,,0,2,1,0,B01
202100012108,2,7,,0,2,1,0,A01
202100012109,2,7,,4,0,1,14,A01
202100012110,1,7,,3,2,2,12,A01
202100012110,1,7,,1,0,1,1,C01
202100012110,1,7,,1,0,1,1,D01
202100012110,1,7,,14,0,1,1,E01
202100012110,1,15,,0,2,3,1,B01
202100012111,1,7,,3,2,0,1,A01
202100012111,1,7,,0,2,3,1,B01
202100012112,2,7,,4,0,3,1,A01
202100012112,2,7,,14,0,1,2,B01
202100012113,2,7,,13,0,1,17,A01
202100012114,2,7,,0,2,3,1,B01
202100012114,1,7,,0,2,1,5,A01
202100012115,1,7,,0,2,1,1,A01
202100012115,2,7,,0,2,1,1,B01
202100012116,0,7,,0,0,6,19,B01
202100012116,0,33,,0,2,1,2,A01
202100012117,2,7,,0,1,1,1,A01
202100012118,1,7,,0,2,3,19,A01
202100012118,2,1,,0,2,1,2,B01
202100012119,1,10,,1,1,6,20,A01
202100012120,0,36,,0,0,0,0,A01
202100012121,1,7,,0,2,3,10,A01
202100012121,1,33,,0,2,1,17,B01
202100012122,2,30,,0,2,1,5,A01
202100012122,1,7,,0,2,1,1,B01
202100012123,1,1,,0,2,6,15,B01
202100012123,1,31,,0,2,2,17,A01
202100012124,1,7,,0,1,2,20,A01
202100012125,1,7,,13,0,2,1,A01
202100012126,3,1,,0,0,8,1,B01
202100012126,3,7,,0,2,3,15,A01
202100012127,1,7,,0,0,6,2,C01
202100012127,1,7,,3,2,9,2,B01
202100012127,1,10,,0,0,0,2,A01
202100012128,2,10,,0,9,1,9,A01
202100012128,1,50,,0,2,7,1,B01
202100012129,1,7,,0,2,1,13,A01
202100012129,2,15,,0,2,1,1,B01
202100012130,1,7,,0,2,7,17,A01
202100012130,1,7,,0,2,3,15,B01
202100012131,2,7,,0,1,2,1,A01
202100012132,3,7,,0,0,2,17,A01
202100012132,3,1,,0,2,8,26,B01
202100012133,1,7,,3,0,3,1,A01
202100012134,2,17,,0,1,3,21,B01
202100012135,2,31,,0,2,2,1,B01
202100012135,2,7,,0,2,7,12,A01
202100012136,0,7,,0,0,0,26,A01
202100012136,0,31,,0,0,0,0,B01
202100012137,1,7,,0,2,1,2,A01
202100012137,1,7,,0,0,4,2,B01
202100012138,1,7,,4,0,1,1,A01
202100012139,2,33,,0,2,7,3,A01
202100012139,2,7,,0,2,8,11,B01
202100012140,1,7,,0,2,1,2,B01
202100012140,1,7,,0,2,2,12,A01
202100012141,2,15,,3,0,1,1,A01
202100012142,2,7,,0,1,3,16,A01
202100012143,0,0,,0,1,0,26,A01
202100012144,1,80,,0,1,1,1,A01
202100012145,3,7,,0,2,5,15,A01
202100012145,3,31,,0,2,2,1,B01
202100012146,2,7,,0,1,1,1,A01
202100012147,1,7,,0,1,2,1,A01
202100012148,1,99,,0,1,1,26,A01
202100012149,1,10,,0,1,7,1,A01
202100012150,1,32,,0,1,1,1,A01
202100012151,1,14,,0,1,1,1,A01
202100012152,2,33,,0,1,1,1,A01
202100012153,3,7,,0,2,3,15,A01
202100012153,3,33,,0,2,2,3,B01
202100012154,2,30,,0,1,1,16,A01
202100012155,1,7,,0,1,1,1,A01
202100012156,1,7,,0,1,1,0,A01
202100012157,2,33,,0,2,1,11,A01
202100012157,2,33,,0,2,6,1,B01
202100012158,1,3,,12,1,1,15,A01
202100012159,3,7,,0,1,2,1,A01
202100012160,3,7,,0,2,4,1,B01
202100012160,3,7,,0,2,1,1,A01
202100012161,3,7,,0,2,2,15,A01
202100012161,3,2,,0,2,1,1,B01
202100012162,2,30,,9,0,1,11,A01
202100012163,1,50,,0,2,3,3,B01
202100012163,1,37,1.0,0,2,6,11,C01
202100012163,1,10,,0,2,7,1,A01
202100012164,1,50,,0,2,1,1,B01
202100012164,2,7,,0,2,2,15,A01
202100012165,2,80,,0,2,1,1,A01
202100012165,1,7,,0,2,1,5,B01
202100012166,2,50,,1,0,0,17,B01
202100012166,2,7,,0,2,0,24,A01
202100012167,3,7,,0,2,4,4,A01
202100012167,-1,10,,0,2,7,1,B01
202100012168,2,7,,0,2,2,1,B01
202100012168,2,33,,0,2,8,3,A01
202100012169,2,1,,0,2,1,1,A01
202100012169,1,2,,0,2,1,5,B01
202100012170,2,7,,0,2,3,26,A01
202100012170,2,7,,0,2,1,0,B01
202100012171,2,10,,0,1,1,1,A01
202100012172,1,2,,0,2,1,1,B01
202100012172,0,7,,0,2,7,15,A01
202100012173,3,7,,0,2,7,1,B01
202100012173,1,80,,0,2,1,26,A01
202100012174,2,7,,0,2,1,1,B01
202100012174,2,7,,4,2,1,10,A01
202100012175,1,33,,0,2,2,0,B01
202100012175,2,7,,0,2,2,9,A01
202100012176,1,2,,0,2,1,2,B01
202100012176,1,7,,0,2,4,9,A01
202100012177,3,7,,0,2,3,15,A01
202100012177,3,7,,0,2,8,1,B01
202100012178,3,7,,0,2,2,15,A01
202100012178,1,31,,0,2,1,1,B01
202100012179,0,7,,0,2,1,15,B01
202100012179,0,50,,0,2,1,1,A01
202100012180,3,10,,14,0,1,0,C01
202100012180,3,10,,14,0,4,0,B01
202100012180,3,10,,14,0,4,26,A01
202100012181,3,7,,0,2,2,1,B01
202100012181,3,7,,0,2,6,19,A01
202100012182,1,7,,0,1,3,1,B01
202100012183,1,7,,0,2,3,0,B01
202100012183,2,30,,0,2,1,26,A01
202100012184,0,7,,16,0,1,1,A01
202100012185,1,7,,0,2,3,15,B01
202100012185,1,33,,0,2,2,17,A01
202100012186,1,7,,0,1,2,1,A01
202100012187,3,7,,0,1,2,9,A01
202100012188,3,7,,0,2,1,1,A01
202100012188,3,1,,0,2,7,19,B01
202100012189,1,7,,1,2,5,15,A01
202100012189,2,7,,0,2,2,1,B01
202100012190,3,7,,0,1,1,1,A01
202100012191,1,7,,0,2,3,13,A01
202100012191,2,1,,0,2,1,1,B01
202100012192,3,60,,0,2,7,19,B01
202100012192,3,7,,0,9,1,15,A01
202100012193,1,7,,8,2,1,24,B01
202100012193,1,7,,1,0,1,1,A01
202100012194,2,1,,0,2,4,1,B01
202100012194,2,7,,0,2,1,16,A01
202100012195,2,2,,0,2,3,19,A01
202100012195,1,7,,0,2,2,2,B01
202100012196,1,7,,14,2,8,26,A01
202100012196,1,7,,0,2,7,15,B01
202100012197,1,7,,0,2,1,2,A01
202100012197,1,7,,0,2,4,2,B01
202100012197,1,7,,0,2,4,1,C01
202100012197,1,7,,0,2,4,1,D01
202100012198,1,7,,0,2,1,0,A01
202100012198,1,7,,0,2,8,0,B01
202100012199,1,50,,0,2,1,1,B01
202100012199,1,7,,0,9,3,15,A01
202100012200,3,7,,0,1,3,15,A01
202100012201,1,7,,0,2,1,2,Z01
202100012201,1,7,,0,2,4,1,B01
202100012202,0,1,,0,0,0,15,B01
202100012202,0,3,,0,2,5,17,A01
202100012203,1,80,,0,0,0,15,A01
202100012204,1,7,,0,1,3,1,A01
202100012205,2,1,,1,2,1,1,B01
202100012205,1,7,,0,2,1,22,A01
202100012206,2,33,,0,2,5,3,A01
202100012206,2,7,,0,0,8,23,B01
202100012206,2,7,,0,0,8,23,C01
202100012207,3,7,,0,2,3,9,A01
202100012207,-1,7,,0,2,2,1,B01
202100012208,1,3,,0,1,2,26,A01
202100012209,2,33,,0,2,5,1,B01
202100012209,2,7,,0,2,2,15,A01
202100012210,3,7,,0,1,1,1,A01
202100012211,0,1,,0,9,1,1,C01
202100012211,0,1,,0,2,1,1,B01
202100012211,0,7,,0,9,3,15,A01
202100012212,3,30,,0,2,2,15,A01
202100012212,3,7,,0,2,3,1,B01
202100012213,1,10,,0,2,6,2,B01
202100012213,1,7,,0,2,2,1,A01
202100012214,1,7,,0,1,1,17,D01
202100012215,2,30,,0,0,2,2,A01
202100012216,3,7,,15,0,7,1,A01
202100012217,0,7,,0,1,1,9,A01
202100012218,0,1,,12,0,1,1,A01
202100012219,0,7,,0,2,1,13,A01
202100012219,0,1,,0,2,2,1,B01
202100012220,0,1,,0,0,0,1,A01
202100012221,1,7,,0,2,3,15,A01
202100012221,1,2,,0,2,7,1,B01
202100012222,2,7,,0,1,1,1,A01
202100012223,1,7,,0,2,1,13,A01
202100012223,2,1,,0,2,1,1,B01
202100012224,3,50,,0,2,1,1,GB01
202100012224,3,7,,0,2,2,19,A01
202100012225,3,50,,0,2,7,1,A01
202100012225,2,10,,0,2,1,9,B01
202100012226,1,10,,0,1,1,1,A01
202100012227,0,7,,1,0,1,1,A01
202100012228,3,7,,0,1,2,1,Z01
202100012229,2,1,,0,2,1,8,A01
202100012229,1,3,,0,2,3,15,B01
202100012230,3,7,,0,1,3,1,A01
202100012231,2,33,,0,2,1,7,B01
202100012231,3,7,,0,2,3,15,A01
202100012232,2,7,,0,1,7,1,A01
202100012233,1,7,,0,2,3,1,B01
202100012233,2,7,,0,2,2,15,A01
202100012234,1,7,,0,2,1,1,C01
202100012234,1,7,,1,2,2,1,A01
202100012235,1,7,,16,0,4,23,A01
202100012235,1,7,,0,2,1,24,B01
202100012236,2,7,,0,2,3,1,C01
202100012236,1,10,,0,2,4,15,B01
202100012236,1,10,,0,2,1,1,A01
202100012237,2,50,,0,2,3,1,A01
202100012237,1,7,,0,2,1,9,B01
202100012238,2,7,,4,0,1,21,A01
202100012239,2,10,,0,2,7,1,B01
202100012239,2,14,,0,2,3,11,A01
202100012240,1,10,,0,2,5,2,B01
202100012240,1,32,,0,2,3,2,A01
202100012241,2,31,,0,2,1,21,A01
202100012241,2,7,,0,2,6,1,B01
202100012242,1,1,,0,1,6,1,A01
202100012243,1,7,,0,1,1,1,Z01
202100012244,2,30,,0,2,1,1,A01
202100012244,1,34,,9,2,1,13,Z01
202100012245,1,32,,0,2,3,1,B01
202100012245,2,7,,0,2,1,15,A01
202100012246,2,32,,0,2,1,1,B01
202100012246,1,30,,0,2,1,9,A01
202100012247,1,33,,0,2,1,7,A01
202100012247,1,1,,0,2,6,11,B01
202100012248,1,1,,0,1,1,1,A01
202100012249,1,7,,0,1,2,1,A01
202100012250,1,7,,0,1,1,1,A01
202100012251,1,1,,0,2,1,1,A01
202100012251,1,7,,0,2,8,1,B01
202100012252,1,37,1.0,0,2,7,15,B01
202100012252,1,1,,0,2,8,13,A01
202100012253,3,60,,0,0,1,25,A01
202100012254,2,33,,0,2,1,1,B01
202100012254,0,7,,8,2,3,9,A01
202100012255,2,7,,0,1,3,26,A01
202100012256,1,7,,0,1,2,12,A01
202100012257,3,33,,0,2,7,1,B01
202100012257,3,7,,0,2,6,11,A01
202100012258,1,7,,0,2,5,1,A01
202100012258,1,2,,0,2,1,1,B01
202100012259,1,50,,0,2,0,0,B01
202100012259,1,7,,0,2,3,1,A01
202100012260,3,7,,0,0,2,2,B01
202100012260,3,7,,0,0,6,24,A01
202100012261,3,7,,0,2,2,15,A01
202100012261,3,7,,0,2,1,1,B01
202100012261,3,7,,0,2,1,1,C01
202100012262,2,0,,0,2,8,19,P01
202100012262,2,7,,0,1,8,1,A01
202100012263,1,7,,0,1,1,15,A01
202100012264,1,7,,0,1,2,1,A01
202100012265,1,32,,0,2,1,1,B01
202100012265,2,7,,0,2,3,9,A01
202100012266,1,7,,0,2,6,1,B01
202100012266,1,30,,0,2,2,21,A01
202100012267,2,33,,0,2,1,3,B01
202100012267,3,7,,0,2,3,15,A01
202100012268,1,2,,0,2,3,1,B01
202100012268,1,13,,0,2,5,12,A01
202100012269,-1,30,,1,0,0,0,A01
202100012269,1,1,,0,0,0,0,B01
202100012270,0,0,,0,1,1,26,A01
202100012271,1,50,,0,2,1,9,B01
202100012271,1,7,,0,2,1,9,A01
202100012272,3,10,,1,1,1,9,A01
202100012273,3,33,,12,0,0,23,A01
202100012274,1,30,,0,1,1,1,A01
202100012275,1,7,,0,2,2,1,A01
202100012275,2,34,,0,2,1,15,B01
202100012276,0,7,,0,2,6,1,B01
202100012276,0,30,,0,2,0,0,A01
202100012277,3,1,,0,2,3,9,B01
202100012277,3,32,,0,2,2,9,A01
202100012278,2,7,,1,1,6,24,A01
202100012279,1,30,,0,0,0,17,A01
202100012280,2,7,,0,2,3,1,A01
202100012280,1,1,,0,2,1,1,B01
202100012281,2,37,1.0,0,2,4,23,B01
202100012281,2,43,,0,2,2,18,A01
202100012282,3,7,,6,0,1,1,A01
202100012283,1,7,,13,0,1,1,A01
202100012284,1,7,,0,2,3,13,A01
202100012284,2,7,,0,2,3,1,B01
202100012285,2,10,,8,1,1,1,A01
202100012286,1,1,,0,2,3,1,A01
202100012286,2,2,,0,9,2,17,B01
202100012287,3,33,,8,9,6,17,A01
202100012288,1,7,,6,0,1,1,A01
202100012289,2,33,,13,0,1,1,A01
202100012290,1,2,,7,0,1,1,A01
202100012291,1,7,,0,4,1,26,A01
202100012292,2,2,,0,1,1,5,A01
202100012293,2,33,,0,2,8,1,B01
202100012293,2,7,,0,2,2,12,A01
202100012294,1,7,,0,9,3,1,B01
202100012294,2,1,,0,2,1,11,A01
202100012295,1,7,,0,0,5,15,B01
202100012295,1,33,,0,2,1,2,A01
202100012296,2,7,,6,0,6,23,B01
202100012296,2,7,,0,2,2,1,A01
202100012297,2,20,,0,2,5,19,B01
202100012297,2,7,,0,2,2,1,A01
202100012298,3,7,,0,1,3,1,A01
202100012299,2,7,,0,2,1,1,B01
202100012299,1,7,,0,2,1,13,A01
202100012299,1,3,,0,2,8,1,C01
202100012300,3,7,,0,2,3,9,A01
202100012300,3,33,,0,2,1,1,B01
202100012301,2,10,,0,2,1,16,A01
202100012301,2,7,,7,0,7,1,B01
202100012302,3,7,,8,0,3,1,A01
202100012303,1,33,,12,0,1,2,A01
202100012304,2,2,,0,2,2,15,A01
202100012304,1,7,,0,2,3,1,B01
202100012305,1,7,,0,2,2,2,A01
202100012305,1,2,,0,0,4,1,B01
202100012306,2,7,,0,2,1,1,B01
202100012306,1,7,,0,2,1,13,A01
202100012307,1,7,,0,2,3,9,A01
202100012307,2,1,,0,2,4,1,B01
202100012308,2,7,,2,0,3,13,A01
202100012309,2,33,,0,2,1,1,B01
202100012309,1,7,,0,2,2,15,A01
202100012310,2,1,,0,2,1,1,B01
202100012310,1,7,,0,9,2,15,A01
202100012311,2,7,,0,2,7,9,A01
202100012311,1,15,,0,2,1,1,B01
202100012312,1,7,,1,1,2,1,A01
202100012313,2,7,,3,0,3,21,A01
202100012314,2,2,,0,0,0,1,A01
202100012315,2,7,,13,0,2,1,A01
202100012316,3,33,,0,2,7,17,B01
202100012316,3,7,,0,2,3,15,A01
202100012317,2,7,,8,0,1,1,A01
202100012318,1,1,,0,2,2,1,A01
202100012318,1,7,,0,2,3,9,B01
202100012319,1,7,,0,1,3,1,A01
202100012320,1,7,,0,2,4,2,B01
202100012320,1,7,,0,2,1,2,A01
202100012320,1,7,,0,2,5,2,C01
202100012321,1,7,,0,2,2,14,A01
202100012321,1,7,,4,0,9,1,B01
202100012322,3,2,,4,0,1,1,A01
202100012323,2,15,,0,0,4,23,C01
202100012323,2,7,,0,2,4,23,B01
202100012323,2,10,,0,2,1,2,A01
202100012324,3,10,,0,0,0,1,A01
202100012325,1,7,,0,2,1,2,A01
202100012325,1,15,,0,2,4,2,B01
202100012326,1,7,,10,0,1,0,A01
202100012327,0,33,,0,2,1,1,B01
202100012327,0,7,,0,2,8,15,A01
202100012328,3,7,,12,2,1,15,B01
202100012328,3,7,,0,0,6,15,A01
202100012329,2,1,,0,1,1,1,A01
202100012330,1,7,,0,2,3,0,A01
202100012330,3,30,,0,2,1,1,B01
202100012331,2,33,,0,2,1,2,B01
202100012331,2,10,,0,2,2,19,A01
202100012332,1,7,,2,6,3,1,A01
202100012333,1,2,,0,2,1,1,B01
202100012333,2,7,,0,2,3,1,A01
202100012334,2,33,,0,2,2,17,A01
202100012334,2,21,,0,0,8,15,B01
202100012335,2,10,,0,2,2,1,A01
202100012335,2,1,,0,0,4,0,B01
202100012336,0,7,,0,1,1,1,A01
202100012337,0,32,,0,2,3,1,B01
202100012337,0,7,,0,2,1,9,A01
202100012338,1,32,,0,2,7,1,A01
202100012338,0,7,,0,2,1,0,B01
202100012339,1,50,,0,0,8,1,B01
202100012339,1,7,,0,2,7,2,A01
202100012340,3,7,,0,2,1,13,A01
202100012340,3,10,,0,2,1,1,B01
202100012341,0,7,,0,2,3,19,A01
202100012341,0,7,,0,2,1,1,B01
202100012342,2,7,,0,2,1,1,B01
202100012342,2,7,,6,0,8,15,A01
202100012343,1,7,,4,2,5,2,A01
202100012343,1,7,,4,2,1,9,B01
202100012343,1,7,,4,2,4,9,C01
202100012344,2,7,,3,2,4,18,A01
202100012344,2,7,,3,2,1,2,B01
202100012345,1,7,,0,2,4,0,B01
202100012345,1,10,,0,2,1,0,C01
202100012345,1,10,,0,2,4,0,A01
202100012346,2,7,,4,2,4,2,A01
202100012346,2,7,,4,2,4,2,B01
202100012346,2,7,,4,2,1,2,C01
202100012347,2,10,,0,2,8,11,B01
202100012347,2,33,,0,2,7,3,A01
202100012348,2,43,,0,2,4,0,C01
202100012348,2,10,,0,2,1,0,B01
202100012348,2,10,,0,2,7,1,A01
202100012349,1,7,,0,2,1,2,A01
202100012349,1,7,,0,2,4,2,B01
202100012350,2,7,,14,0,1,2,A01
202100012350,2,17,,0,0,0,2,B01
202100012351,2,7,,0,2,1,2,A01
202100012351,2,33,,0,2,4,2,B01
202100012352,2,7,,0,2,4,2,C01
202100012352,2,7,,0,2,4,2,B01
202100012352,2,7,,0,2,1,2,A01
202100012353,2,33,,0,2,2,3,A01
202100012353,2,7,,0,2,8,11,B01
202100012354,2,7,,0,2,4,2,D01
202100012354,2,7,,0,2,1,2,C01
202100012354,2,7,,0,2,4,2,B01
202100012354,2,33,,0,2,1,2,A01
202100012355,1,7,,0,2,0,12,Z01
202100012355,1,33,,0,2,6,3,B01
202100012356,2,10,,0,2,0,0,B01
202100012356,2,33,,0,2,5,1,A01
202100012357,2,33,,0,0,8,1,A01
202100012358,1,7,,0,2,5,1,D01
202100012358,1,7,,0,2,4,1,C01
202100012358,1,7,,0,2,3,1,B01
202100012358,1,7,,0,2,1,1,A01
202100012359,1,7,,3,0,4,11,B01
202100012359,1,7,,3,2,1,23,A01
202100012360,2,7,,0,2,4,2,B01
202100012360,2,10,,0,2,1,2,A01
202100012361,1,7,,0,2,4,2,B01
202100012361,1,7,,0,2,1,1,A01
202100012362,2,7,,3,0,1,1,A01
202100012363,2,33,,0,2,1,2,A01
202100012363,2,7,,0,2,4,2,B01
202100012364,1,33,,0,2,8,11,A01
202100012365,2,10,,0,2,1,1,A01
202100012365,2,10,,0,2,4,2,B01
202100012365,2,10,,0,2,4,2,C01
202100012366,2,7,,4,0,3,18,A01
202100012367,2,7,,4,0,8,21,A01
202100012368,1,34,,0,2,0,17,B01
202100012368,1,10,,0,2,6,23,A01
202100012369,2,10,,0,2,1,1,A01
202100012369,2,32,,0,2,8,11,B01
202100012370,2,7,,0,2,4,2,C01
202100012370,2,7,,0,2,9,2,B01
202100012370,2,7,,0,2,1,11,A01
202100012371,1,10,,0,2,6,12,B01
202100012371,1,33,,0,2,1,3,A01
202100012372,2,7,,0,0,0,0,B01