Num_Acc,senc,catv,occutc,obs,obsm,choc,manv,num_veh
202100012372,2,15,,0,0,6,1,A01
202100012373,1,7,,0,2,4,1,A01
202100012373,1,10,,0,2,1,12,B01
202100012373,1,15,,0,2,1,1,C01
202100012374,2,7,,0,2,5,1,C01
202100012374,2,10,,0,2,3,11,B01
202100012374,2,31,,0,2,2,3,A01
202100012375,2,33,,0,2,3,3,A01
202100012375,2,7,,0,2,2,1,B01
202100012376,3,99,,6,0,1,14,A01
202100012377,3,7,,0,2,5,15,B01
202100012377,3,33,,0,2,2,3,A01
202100012378,3,32,,0,2,1,17,B01
202100012378,2,7,,0,2,1,15,A01
202100012379,2,10,,0,2,2,1,C01
202100012379,1,2,,0,2,1,17,B01
202100012379,2,7,,0,2,1,15,A01
202100012380,1,7,,0,2,3,15,B01
202100012380,1,7,,0,2,2,1,A01
202100012381,1,7,,0,0,3,1,A01
202100012382,2,1,,0,2,2,0,B01
202100012382,1,30,,0,2,2,1,A01
202100012383,1,1,,0,2,1,1,B01
202100012383,1,7,,0,9,3,20,A01
202100012384,1,7,,0,2,1,2,A01
202100012384,1,7,,0,2,4,2,B01
202100012384,1,7,,0,2,4,2,C01
202100012385,2,7,,0,1,1,1,A01
202100012386,1,33,,0,2,9,3,A01
202100012386,2,7,,0,2,1,9,B01
202100012387,1,50,,0,2,4,1,B01
202100012387,1,7,,0,2,2,1,Z01
202100012388,-1,7,,0,2,2,0,A01
202100012388,-1,1,,0,2,0,0,B01
202100012389,2,7,,0,2,1,2,A01
202100012389,2,7,,0,2,4,0,B01
202100012390,1,7,,0,2,1,13,A01
202100012390,2,7,,0,2,1,1,B01
202100012391,2,7,,0,2,3,2,B01
202100012391,2,7,,0,2,1,2,A01
202100012391,2,7,,0,2,3,1,C01
202100012392,3,30,,9,0,1,25,A01
202100012393,1,10,,0,9,2,14,A01
202100012393,1,1,,0,2,3,1,B01
202100012394,3,30,,0,2,1,1,A01
202100012394,2,7,,0,2,3,15,C01
202100012394,1,33,,0,2,2,2,B01
202100012395,3,7,,0,2,4,2,B01
202100012395,3,7,,0,2,1,1,C01
202100012395,3,33,,0,2,1,2,A01
202100012396,1,14,,0,2,1,0,B01
202100012396,1,7,,0,2,1,13,A01
202100012397,1,7,,0,2,4,2,C01
202100012397,1,7,,0,2,1,2,A01
202100012397,1,7,,0,2,1,2,B01
202100012398,2,7,,0,1,2,1,A01
202100012399,1,7,,0,0,0,0,Z01
202100012399,2,7,,8,0,1,21,A01
202100012400,2,7,,0,2,4,23,B01
202100012400,2,30,,0,2,1,2,A01
202100012401,1,32,,3,0,1,16,A01
202100012402,0,7,,0,2,5,0,B01
202100012402,0,33,,0,2,1,9,A01
202100012403,0,30,,0,2,8,0,B01
202100012403,0,7,,0,2,1,1,A01
202100012403,0,7,,0,2,1,1,C01
202100012404,0,50,,0,2,1,25,A01
202100012404,0,7,,0,2,2,16,B01
202100012405,0,7,,0,1,1,15,A01
202100012406,0,80,,0,2,2,25,A01
202100012406,0,7,,0,1,1,15,B01
202100012407,0,40,,0,1,1,1,A01
202100012408,2,7,,0,2,8,0,B01
202100012408,1,7,,0,2,1,0,A01
202100012409,1,32,,0,2,1,1,A01
202100012409,1,7,,0,2,8,0,B01
202100012410,0,7,,15,0,3,26,A01
202100012411,1,7,,0,1,1,1,A01
202100012412,2,7,,0,2,2,9,A01
202100012412,1,7,,0,2,1,1,B01
202100012412,3,7,,0,2,3,23,C01
202100012413,2,7,,0,2,1,13,A01
202100012413,1,32,,0,2,1,1,B01
202100012414,-1,7,,0,5,1,1,A01
202100012415,3,7,,0,1,6,20,A01
202100012416,1,7,,0,2,0,1,A01
202100012416,2,7,,0,2,0,1,B01
202100012417,3,7,,0,1,3,1,A01
202100012418,1,40,,0,1,3,1,A01
202100012419,1,7,,1,2,1,17,A01
202100012419,1,7,,0,2,6,1,B01
202100012420,1,10,,0,2,1,17,B01
202100012420,1,7,,0,2,8,15,A01
202100012421,2,7,,13,0,1,9,A01
202100012422,2,31,,0,2,1,1,B01
202100012422,1,7,,0,2,7,15,A01
202100012423,0,50,,0,2,1,9,A01
202100012423,1,7,,0,2,2,1,B01
202100012424,1,7,,0,2,1,2,A01
202100012424,1,7,,0,2,4,14,B01
202100012425,2,7,,13,0,1,14,A01
202100012426,2,7,,0,2,1,1,A01
202100012426,2,7,,0,2,4,23,B01
202100012427,1,7,,0,2,8,13,A01
202100012427,1,80,,0,2,7,17,B01
202100012428,2,80,,0,2,1,19,B01
202100012428,1,38,1.0,0,2,1,26,A01
202100012429,3,1,,0,2,4,5,A01
202100012429,3,7,,0,2,2,1,B01
202100012430,1,7,,0,2,2,1,B01
202100012430,1,7,,0,2,1,9,A01
202100012431,1,7,,0,2,8,1,B01
202100012431,2,7,,0,2,3,13,A01
202100012432,3,2,,1,0,1,13,A01
202100012433,3,7,,0,2,8,1,B01
202100012433,3,7,,0,2,1,15,A01
202100012434,3,7,,0,1,1,1,A01
202100012435,3,7,,0,1,1,1,A01
202100012436,1,7,,0,1,7,2,A01
202100012437,1,7,,3,0,1,13,A01
202100012438,2,30,,0,0,0,1,A01
202100012438,2,60,,0,0,1,26,B01
202100012439,1,7,,0,1,2,1,A01
202100012440,2,7,,0,2,3,15,A01
202100012440,2,7,,0,2,1,1,B01
202100012441,2,7,,0,1,2,2,A01
202100012442,0,7,,0,2,6,2,B01
202100012442,0,32,,0,2,1,9,A01
202100012443,1,7,,0,2,3,9,A01
202100012443,1,80,,0,2,1,1,B01
202100012444,2,7,,0,2,3,9,A01
202100012444,1,30,,0,2,1,1,B01
202100012445,3,7,,0,2,1,1,A01
202100012445,3,7,,0,2,7,1,B01
202100012446,3,10,,0,1,7,1,A01
202100012447,2,7,,2,0,1,1,A01
202100012448,3,14,,0,1,3,15,A01
202100012449,0,7,,0,1,1,1,A01
202100012450,1,7,,0,2,1,1,A01
202100012450,3,60,,0,2,7,19,B01
202100012451,1,1,,0,2,1,1,B01
202100012451,1,7,,0,9,3,22,A01
202100012452,1,1,,0,2,4,1,A01
202100012452,1,7,,0,2,2,2,Z01
202100012453,1,7,,3,2,7,13,A01
202100012453,1,7,,0,2,1,1,B01
202100012454,1,7,,0,2,2,9,A01
202100012454,1,1,,0,2,7,19,B01
202100012455,1,7,,0,1,1,1,A01
202100012456,1,1,,0,2,0,1,B01
202100012456,1,10,,0,2,8,9,A01
202100012457,3,7,,0,2,1,2,A01
202100012457,3,10,,0,2,4,2,B01
202100012458,1,33,,8,0,9,0,A01
202100012459,3,7,,0,1,6,20,A01
202100012460,1,7,,0,1,1,16,A01
202100012461,1,33,,0,2,0,0,A01
202100012461,1,7,,0,2,4,2,B01
202100012461,1,7,,0,2,6,2,C01
202100012462,3,33,,0,0,8,1,A01
202100012463,2,32,,0,2,8,19,B01
202100012463,3,7,,0,2,1,1,A01
202100012464,1,33,,0,2,3,2,B01
202100012464,2,7,,0,2,3,15,A01
202100012465,1,7,,0,1,2,1,A01
202100012466,1,2,,0,2,1,17,A01
202100012466,1,7,,0,2,8,15,B01
202100012467,3,1,,0,1,0,16,A01
202100012468,2,7,,0,2,1,1,A01
202100012468,0,7,,0,0,8,9,B01
202100012469,1,7,,1,2,2,1,B01
202100012469,1,7,,1,2,3,1,A01
202100012469,1,7,,0,2,4,1,C01
202100012470,1,7,,0,1,1,1,A01
202100012471,1,32,,0,1,1,17,A01
202100012472,1,7,,0,9,1,1,A01
202100012472,1,1,,0,2,7,15,B01
202100012473,3,43,,2,0,0,13,A01
202100012474,1,34,,6,2,2,1,A01
202100012474,1,7,,0,2,0,1,B01
202100012475,1,33,,0,2,1,1,B01
202100012475,1,7,,0,2,1,1,C01
202100012475,2,7,,0,2,1,13,A01
202100012476,2,15,,0,1,2,16,A01
202100012477,2,1,,0,2,8,1,A01
202100012477,2,7,,0,2,2,16,B01
202100012478,2,10,,0,2,1,23,B01
202100012478,2,3,,0,2,1,2,A01
202100012479,1,7,,0,0,4,23,A01
202100012479,1,1,,0,2,1,2,B01
202100012480,1,10,,0,2,7,1,B01
202100012480,1,80,,0,2,8,1,C01
202100012480,1,7,,0,2,0,22,A01
202100012481,1,7,,0,1,2,4,A01
202100012482,2,7,,0,2,6,15,A01
202100012482,1,34,,0,2,2,17,B01
202100012483,1,7,,0,2,0,10,Z01
202100012483,1,2,,0,2,8,1,B01
202100012484,1,7,,0,2,7,22,A01
202100012484,1,30,,0,2,1,18,B01
202100012485,3,7,,0,2,4,23,B01
202100012485,3,7,,0,2,1,1,A01
202100012486,1,80,,0,2,4,1,B01
202100012486,1,14,,0,2,3,16,A01
202100012487,3,10,,0,1,7,1,A01
202100012488,2,32,,0,2,0,1,B01
202100012488,2,10,,0,2,1,1,A01
202100012489,3,30,,0,2,1,2,A01
202100012489,3,7,,0,2,4,23,B01
202100012490,1,43,,0,2,1,1,B01
202100012490,2,7,,0,2,1,15,A01
202100012491,1,37,1.0,0,1,2,2,A01
202100012492,1,30,,0,2,2,1,B01
202100012492,0,7,,0,0,0,0,A01
202100012493,1,30,,0,2,3,18,A01
202100012494,2,7,,0,2,7,0,B01
202100012494,1,7,,0,2,1,0,A01
202100012495,1,7,,0,2,1,1,B01
202100012495,2,7,,0,2,5,15,A01
202100012496,2,7,,0,2,4,23,B01
202100012496,1,30,,0,2,1,2,A01
202100012497,0,30,,0,2,1,26,A01
202100012497,0,10,,0,2,1,26,B01
202100012498,0,7,,0,1,2,2,A01
202100012499,-1,7,,4,0,1,9,A01
202100012500,2,7,,0,2,0,15,B01
202100012500,-1,32,,0,2,1,1,A01
202100012501,-1,13,,0,2,1,16,A01
202100012501,-1,33,,0,2,8,0,B01
202100012502,1,7,,0,1,4,20,A01
202100012503,1,7,,0,2,0,11,A01
202100012503,1,10,,0,2,0,1,B01
202100012504,2,7,,0,2,2,2,A01
202100012504,2,34,,0,2,6,2,B01
202100012505,3,34,,0,1,1,1,A01
202100012506,1,34,,0,1,1,1,A01
202100012507,1,7,,0,2,8,1,A01
202100012507,1,33,,0,2,0,1,B01
202100012508,2,32,,0,2,6,1,A01
202100012508,2,14,,0,2,2,2,B01
202100012509,2,7,,0,2,3,13,B01
202100012509,1,21,,0,2,3,1,A01
202100012510,2,1,,0,2,1,1,B01
202100012510,1,1,,0,0,4,1,A01
202100012511,1,7,,0,1,3,1,A01
202100012512,3,80,,4,0,8,1,B01
202100012513,0,2,,0,2,2,1,B01
202100012513,0,7,,0,2,3,9,A01
202100012514,2,7,,8,0,7,13,A01
202100012515,1,7,,0,2,1,2,A01
202100012515,1,7,,0,2,4,2,B01
202100012516,2,7,,4,0,4,2,B01
202100012516,2,7,,0,0,3,2,A01
202100012517,2,7,,4,0,3,13,A01
202100012518,2,7,,0,0,0,1,A01
202100012519,1,7,,0,2,8,1,A01
202100012519,1,7,,0,2,1,19,B01
202100012520,1,34,,12,0,1,1,A01
202100012521,1,7,,13,0,2,2,A01
202100012522,1,7,,0,1,1,15,A01
202100012523,2,7,,0,2,3,0,B01
202100012523,1,7,,0,2,3,0,A01
202100012524,2,21,,0,2,2,1,B01
202100012524,1,10,,0,2,2,13,A01
202100012525,0,7,,0,2,1,1,A01
202100012525,0,15,,0,2,1,1,B01
202100012526,2,7,,0,0,0,1,A01
202100012527,2,7,,0,2,1,13,A01
202100012527,1,7,,0,2,1,1,B01
202100012528,2,33,,0,2,1,17,A01
202100012528,2,10,,0,2,8,15,B01
202100012529,2,7,,0,1,2,16,A01
202100012530,3,7,,0,2,1,1,B01
202100012530,3,36,,0,2,5,15,A01
202100012531,1,7,,0,2,8,1,B01
202100012531,2,7,,0,2,1,1,A01
202100012532,2,31,,0,2,1,2,A01
202100012532,2,10,,0,2,4,2,B01
202100012533,2,14,,0,2,1,1,B01
202100012533,1,7,,0,2,7,19,A01
202100012534,1,7,,13,0,2,14,A01
202100012535,1,7,,0,1,6,1,A01
202100012536,2,7,,5,0,8,1,A01
202100012537,0,7,,0,0,3,24,A01
202100012537,1,33,,0,2,1,1,B01
202100012538,3,7,,0,2,3,0,B01
202100012538,3,7,,0,2,3,1,A01
202100012539,2,1,,0,2,7,1,B01
202100012539,2,7,,0,9,1,1,A01
202100012540,3,33,,0,6,0,1,A01
202100012541,3,7,,0,1,3,20,A01
202100012542,2,33,,0,2,7,17,A01
202100012542,2,21,,0,2,3,15,B01
202100012543,1,7,,11,0,1,16,A01
202100012544,0,33,,14,9,0,1,B01
202100012544,0,7,,13,0,2,1,A01
202100012545,1,10,,0,0,4,15,B01
202100012545,1,7,,0,2,1,2,A01
202100012546,1,34,,0,2,7,21,B01
202100012546,1,7,,0,2,3,9,A01
202100012547,1,7,,0,1,2,2,A01
202100012548,1,7,,3,2,5,1,A01
202100012548,2,14,,0,2,3,1,B01
202100012549,1,15,,0,0,7,26,A01
202100012550,3,33,,0,2,1,13,B01
202100012550,3,7,,0,2,3,1,A01
202100012551,1,33,,0,2,1,1,B01
202100012551,0,7,,0,2,1,9,A01
202100012552,2,33,,0,6,1,1,A01
202100012553,1,2,,13,0,7,1,A01
202100012554,1,7,,13,0,2,1,A01
202100012555,2,33,,0,2,1,17,A01
202100012555,2,14,,0,0,3,15,B01
202100012556,2,7,,4,0,3,2,A01
202100012557,2,10,,0,9,2,17,B01
202100012557,2,15,,0,2,6,1,A01
202100012557,1,7,,0,9,1,17,C01
202100012558,1,7,,0,2,1,0,B01
202100012558,1,15,,0,2,5,0,A01
202100012559,0,7,,15,0,0,1,A01
202100012560,1,7,,17,0,1,0,A01
202100012561,1,7,,0,2,3,13,A01
202100012561,2,7,,0,2,3,1,B01
202100012562,1,10,,0,2,1,2,D01
202100012562,1,7,,0,2,4,2,C01
202100012562,1,10,,0,2,4,2,B01
202100012562,1,7,,0,2,4,2,A01
202100012563,1,7,,0,0,0,14,C01
202100012563,1,7,,3,2,3,14,B01
202100012563,1,7,,4,2,3,14,A01
202100012564,2,2,,0,2,7,1,A01
202100012564,2,7,,0,2,3,0,B01
202100012565,2,7,,0,2,8,15,A01
202100012565,2,33,,0,2,9,1,B01
202100012566,2,7,,0,2,1,12,B01
202100012566,2,7,,0,2,3,1,A01
202100012567,1,7,,0,2,1,1,B01
202100012567,2,7,,0,2,1,13,A01
202100012568,2,31,,0,2,1,17,B01
202100012568,1,7,,0,2,6,15,A01
202100012569,1,7,,0,0,6,15,B01
202100012569,1,33,,0,2,1,2,A01
202100012570,1,30,,0,0,9,9,A01
202100012571,1,2,,0,0,9,1,A01
202100012572,2,7,,0,1,2,1,A01
202100012573,2,7,,0,0,9,1,A01
202100012574,2,33,,3,0,8,1,A01
202100012575,2,1,,0,2,3,1,B01
202100012575,2,7,,0,2,7,1,A01
202100012576,2,7,,0,2,2,15,B01
202100012576,1,7,,0,2,1,1,A01
202100012577,0,30,,0,0,8,23,B01
202100012577,1,33,,0,2,1,1,A01
202100012578,3,31,,6,0,1,19,A01
202100012579,1,7,,6,0,4,17,A01
202100012580,1,7,,0,2,1,2,A01
202100012580,1,7,,0,0,4,15,B01
202100012581,2,7,,15,2,3,1,A01
202100012581,1,7,,0,2,2,19,B01
202100012582,3,1,,0,0,0,0,A01
202100012583,2,7,,13,0,2,1,A01
202100012584,1,2,,0,2,0,21,A01
202100012584,2,7,,0,2,3,23,B01
202100012585,3,3,,6,0,1,1,A01
202100012586,1,7,,0,2,2,1,B01
202100012586,1,10,,0,2,3,19,A01
202100012587,2,7,,0,0,4,2,B01
202100012587,2,7,,0,2,1,2,A01
202100012588,3,7,,0,9,3,15,A01
202100012588,3,1,,0,2,1,19,B01
202100012589,2,7,,0,2,1,1,A01
202100012589,1,7,,0,2,5,11,B01
202100012590,1,7,,0,2,1,12,A01
202100012590,1,15,,0,0,4,1,B01
202100012591,1,37,1.0,0,2,2,1,B01
202100012591,1,7,,1,0,6,26,A01
202100012592,1,10,,0,2,1,1,B01
202100012592,1,10,,0,2,4,1,A01
202100012593,1,10,,0,2,7,12,B01
202100012593,1,33,,0,2,3,3,A01
202100012594,1,7,,0,0,3,1,B01
202100012594,1,7,,0,2,5,23,A01
202100012595,1,7,,0,2,1,14,A01
202100012595,1,7,,0,2,4,2,B01
202100012595,1,7,,0,2,7,1,C01
202100012596,2,33,,0,2,7,3,B01
202100012596,2,7,,0,2,3,11,A01
202100012597,2,7,,0,2,6,2,B01
202100012597,2,14,,0,2,2,12,A01
202100012598,2,7,,4,0,9,0,B01
202100012598,2,7,,0,0,-1,18,A01
202100012599,1,33,,0,2,3,3,A01
202100012599,1,7,,0,2,2,2,B01
202100012599,1,10,,0,2,4,2,C01
202100012600,1,33,,14,0,1,1,A01
202100012601,1,7,,13,0,9,21,A01
202100012602,1,7,,0,2,1,2,A01
202100012602,1,7,,0,2,4,2,B01
202100012602,1,7,,0,2,4,2,C01
202100012603,1,7,,4,0,1,2,A01
202100012604,1,7,,1,2,4,0,C01
202100012604,1,7,,1,0,4,23,B01
202100012604,1,7,,1,0,1,2,A01
202100012605,1,7,,0,2,4,2,C01
202100012605,1,33,,0,2,7,3,B01
202100012605,1,7,,0,2,8,11,A01
202100012606,1,7,,0,2,1,2,A01
202100012606,1,7,,0,2,4,2,B01
202100012607,2,33,,0,2,2,1,A01
202100012607,1,7,,0,2,1,1,B01
202100012608,3,1,,0,2,0,1,B01
202100012608,3,7,,0,9,8,15,A01
202100012609,3,7,,0,2,3,1,A01
202100012609,1,7,,0,2,2,0,B01
202100012610,1,33,,0,2,1,1,B01
202100012610,1,7,,0,2,2,1,A01
202100012611,2,33,,8,0,0,17,A01
202100012612,1,7,,0,2,6,1,B01
202100012612,1,7,,0,2,1,1,C01
202100012612,2,7,,0,2,1,17,A01
202100012613,3,33,,14,0,2,1,A01
202100012614,0,1,,0,2,1,1,B01
202100012614,0,7,,0,2,2,13,A01
202100012615,2,2,,0,2,1,2,A01
202100012616,1,2,,12,0,0,26,A01
202100012617,1,1,,0,2,1,2,B01
202100012617,2,7,,0,2,3,1,A01
202100012618,1,30,,1,0,1,1,A01
202100012618,1,7,,0,2,4,23,B01
202100012619,2,7,,0,2,3,1,B01
202100012619,1,7,,0,2,1,1,C01
202100012619,2,7,,0,2,1,15,A01
202100012620,0,7,,0,2,3,15,A01
202100012620,0,32,,0,2,8,5,B01
202100012621,2,34,,0,2,1,2,B01
202100012621,1,34,,0,2,4,2,A01
202100012622,1,50,,9,2,4,1,B01
202100012622,1,7,,9,2,1,2,Z01
202100012623,1,7,,0,2,2,15,A01
202100012623,2,50,,0,2,1,1,B01
202100012624,1,10,,0,1,3,15,A01
202100012625,1,7,,0,2,3,1,B01
202100012625,1,30,,0,2,1,1,A01
202100012626,2,30,,0,1,1,17,A01
202100012627,2,7,,0,0,3,1,B01
202100012627,1,7,,0,2,3,13,A01
202100012628,3,7,,0,1,2,1,A01
202100012629,2,7,,0,1,2,1,A01
202100012630,1,7,,0,2,1,2,B01
202100012630,1,7,,0,2,4,2,A01
202100012631,3,30,,0,2,1,26,A01
202100012631,3,7,,0,2,2,23,B01
202100012632,1,50,,0,2,1,9,B01
202100012632,1,7,,0,2,8,1,A01
202100012633,1,10,,0,2,3,21,B01
202100012633,1,7,,0,2,3,13,A01
202100012634,3,7,,0,2,4,1,B01
202100012634,1,2,,1,0,1,1,A01
202100012635,1,7,,0,2,1,0,B01
202100012635,1,10,,0,2,4,4,A01
202100012636,1,1,,0,2,6,1,B01
202100012636,1,7,,0,2,2,17,A01
202100012637,1,7,,0,2,0,0,B01
202100012637,2,7,,0,2,0,15,A01
202100012638,1,7,,0,2,4,1,B01
202100012638,1,7,,0,2,1,1,A01
202100012639,0,7,,0,0,0,0,B01
202100012639,3,7,,0,2,1,9,A01
202100012640,2,30,,0,2,8,1,A01
202100012641,1,7,,0,2,2,15,A01
202100012641,2,30,,0,2,2,0,B01
202100012642,1,32,,0,1,1,1,A01
202100012643,3,7,,1,0,3,20,A01
202100012644,3,7,,0,2,3,9,A01
202100012644,3,7,,0,2,5,1,B01
202100012645,1,7,,0,2,8,15,B01
202100012645,1,10,,0,2,7,1,A01
202100012646,1,7,,16,0,3,9,A01
202100012646,1,2,,0,2,0,26,B01
202100012647,1,33,,0,2,1,2,B01
202100012647,1,7,,0,2,3,20,A01
202100012648,1,2,,0,2,3,18,A01
202100012648,1,7,,0,2,2,16,B01
202100012649,2,7,,0,1,1,9,A01
202100012650,1,30,,1,2,1,9,A01
202100012651,1,7,,0,2,1,1,B01
202100012651,1,7,,0,2,1,5,A01
202100012652,1,30,,0,2,7,1,A01
202100012652,1,10,,0,2,8,1,B01
202100012653,1,50,,0,2,1,1,A01
202100012653,1,7,,0,2,2,1,B01
202100012654,0,2,,11,0,1,1,A01
202100012655,2,80,,0,1,1,1,A01
202100012656,1,0,,0,1,-1,1,A01
202100012657,1,33,,0,0,0,26,A01
202100012657,1,33,,0,2,7,2,B01
202100012658,3,7,,0,1,1,1,A01
202100012659,0,7,,0,2,1,17,A01
202100012659,0,7,,0,2,1,1,B01
202100012660,2,7,,4,0,8,13,A01
202100012661,1,7,,0,1,1,1,A01
202100012662,2,7,,1,0,1,26,A01
202100012662,0,7,,0,0,6,0,B01
202100012663,0,1,,0,2,8,26,A01
202100012663,0,7,,0,2,1,9,B01
202100012664,2,7,,0,2,1,2,B01
202100012664,2,7,,0,2,7,17,A01
202100012665,3,7,,0,2,8,1,B01
202100012665,3,7,,0,2,7,1,A01
202100012666,1,7,,0,2,3,1,A01
202100012666,3,7,,0,2,1,23,B01
202100012667,2,30,,0,2,4,2,A01
202100012667,-1,0,,-1,-1,-1,-1,B01
202100012668,2,33,,0,2,3,15,A01
202100012668,2,10,,0,2,2,1,B01
202100012669,1,7,,0,2,3,1,B01
202100012669,1,7,,0,2,2,1,A01
202100012670,2,10,,0,2,2,12,B01
202100012670,2,30,,0,2,3,3,A01
202100012671,2,7,,0,2,5,4,A01
202100012671,2,32,,0,2,1,23,B01
202100012672,1,43,,0,2,1,1,B01
202100012672,2,7,,0,2,1,15,A01
202100012673,1,7,,0,2,2,12,A01
202100012673,1,32,,0,2,8,2,B01
202100012674,3,7,,0,2,2,1,A01
202100012674,3,30,,0,2,1,1,B01
202100012675,1,7,,1,0,7,15,A01
202100012676,2,37,2.0,0,1,3,1,A01
202100012677,1,7,,0,2,6,10,A01
202100012677,1,43,,0,2,1,17,B01
202100012678,1,30,,0,2,1,1,A01
202100012678,2,1,,0,2,2,5,B01
202100012679,2,32,,0,0,0,1,A01
202100012680,2,30,,0,0,7,7,A01
202100012681,1,7,,0,2,6,1,C01
202100012681,1,7,,0,2,3,22,A01
202100012681,1,32,,0,2,9,1,B01
202100012682,3,7,,0,2,2,1,B01
202100012682,3,34,,0,2,4,1,A01
202100012683,2,50,,0,2,1,1,A01
202100012683,1,7,,0,2,3,1,B01
202100012684,2,1,,0,2,1,1,B01
202100012684,1,1,,0,2,1,17,A01
202100012685,2,50,,0,2,1,1,B01
202100012685,2,7,,0,2,4,9,A01
202100012686,1,7,,0,2,4,1,B01
202100012686,1,7,,0,2,3,21,A01
202100012687,1,7,,0,0,0,0,Z01
202100012687,1,30,,0,2,0,26,A01
202100012688,-1,33,,0,2,4,23,B01
202100012688,2,33,,0,2,1,1,A01
202100012689,1,7,,2,0,1,26,A01
202100012690,1,7,,0,1,3,15,A01
202100012691,2,7,,0,2,7,1,B01
202100012691,2,33,,0,2,8,15,A01
202100012692,2,3,,0,2,4,0,B01
202100012692,2,37,1.0,0,2,1,0,A01
202100012693,1,32,,0,2,1,1,B01
202100012693,2,7,,0,2,3,10,A01
202100012694,2,7,,8,1,4,4,A01
202100012695,0,7,,0,0,3,15,C01
202100012695,2,7,,0,0,2,1,B01
202100012696,3,7,,0,1,2,1,A01
202100012697,2,7,,0,2,3,15,A01
202100012697,1,36,,0,2,3,1,B01
202100012698,2,7,,4,0,0,21,B01
202100012698,2,7,,0,0,0,18,A01
202100012699,1,1,,6,0,7,1,A01
202100012700,3,7,,0,2,3,15,B01
202100012700,3,33,,0,2,7,1,A01
202100012701,2,33,,0,0,8,0,A01
202100012702,1,7,,0,2,7,15,A01
202100012702,2,2,,0,2,2,1,B01
202100012703,2,10,,3,2,1,2,A01
202100012703,2,7,,3,2,4,2,B01
202100012704,3,7,,0,2,2,1,A01
202100012704,3,50,,0,0,4,16,B01
202100012705,1,7,,0,2,1,1,B01
202100012705,0,10,,0,2,2,19,A01
202100012706,2,34,,0,2,1,1,B01
202100012706,1,7,,0,2,3,15,A01
202100012707,1,33,,0,2,1,1,A01
202100012707,2,10,,0,2,5,15,B01
202100012707,2,7,,0,2,6,1,C01
202100012708,1,7,,8,0,2,15,A01
202100012709,2,7,,0,2,1,1,B01
202100012709,3,7,,0,2,8,19,A01
202100012710,1,7,,0,2,2,1,A01
202100012710,3,2,,0,2,1,1,B01
202100012711,1,7,,0,2,3,21,B01
202100012711,2,7,,0,2,3,21,A01
202100012712,2,7,,0,2,5,17,B01
202100012712,2,2,,0,2,3,1,A01
202100012713,1,7,,0,2,3,1,B01
202100012713,2,7,,0,2,3,15,A01
202100012714,2,33,,13,0,3,0,A01
202100012715,1,33,,13,2,3,13,A01
202100012715,2,7,,0,2,8,1,B01
202100012716,3,36,,13,0,2,14,A01
202100012717,2,7,,0,1,2,1,A01
202100012718,3,10,,0,2,2,1,A01
202100012718,0,2,,0,2,1,1,B01
202100012719,1,7,,0,2,1,1,B01
202100012719,0,7,,0,2,1,1,A01
202100012720,0,7,,0,2,3,17,A01
202100012720,1,7,,0,2,3,15,B01
202100012721,2,7,,13,0,1,15,A01
202100012722,3,2,,0,0,0,1,A01
202100012723,3,7,,0,2,7,13,A01
202100012723,3,7,,0,2,1,1,B01
202100012724,3,7,,2,0,1,2,A01
202100012725,2,7,,0,2,1,1,A01
202100012725,1,7,,0,0,3,19,B01
202100012726,1,7,,0,1,2,2,A01
202100012727,1,2,,13,0,1,1,A01
202100012728,2,15,,0,2,6,24,B01
202100012728,2,10,,1,0,1,1,A01
202100012729,1,7,,2,0,1,1,A01
202100012730,2,7,,0,2,3,5,A01
202100012730,1,33,,0,2,1,1,B01
202100012731,1,7,,0,2,1,1,B01
202100012731,1,7,,0,2,4,1,A01
202100012732,3,33,,2,0,1,13,A01
202100012733,2,21,,0,2,3,1,B01
202100012733,1,7,,0,2,3,1,A01
202100012734,2,33,,0,2,1,2,B01
202100012734,2,7,,0,2,8,9,A01
202100012735,2,7,,13,0,9,1,A01
202100012736,3,1,,0,0,0,0,B01
202100012736,0,7,,0,2,0,0,A01
202100012737,3,7,,0,0,0,26,C01
202100012737,3,1,,0,2,1,13,B01
202100012737,3,7,,0,2,1,1,A01
202100012738,3,33,,0,0,0,0,A01
202100012739,1,7,,0,2,3,1,B01
202100012739,1,10,,0,2,1,19,A01
202100012740,2,7,,0,2,8,15,B01
202100012740,2,34,,0,2,1,17,A01
202100012741,1,10,,3,0,1,1,B01
202100012741,1,7,,3,0,4,23,A01
202100012741,1,7,,0,2,1,2,D01
202100012741,1,7,,1,0,4,1,C01
202100012742,2,14,,0,0,9,1,A01
202100012743,2,14,,0,2,3,26,B01
202100012743,1,7,,0,2,3,26,A01
202100012744,1,7,,0,0,4,1,A01
202100012745,-1,14,,0,1,2,16,A01
202100012746,2,7,,3,0,3,21,A01
202100012747,1,7,,0,1,3,1,A01
202100012748,2,7,,0,2,2,1,B01
202100012748,2,7,,0,2,3,1,A01
202100012749,0,2,,13,0,2,0,A01
202100012750,0,7,,13,0,0,14,A01
202100012751,1,10,,2,0,1,13,A01
202100012752,3,7,,6,0,3,6,A01
202100012753,1,7,,0,0,6,1,A01
202100012753,1,33,,0,2,1,1,B01
202100012754,1,2,,0,2,2,13,B01
202100012754,2,7,,0,2,2,9,A01
202100012755,2,7,,0,2,4,2,B01