Num_Acc,senc,catv,occutc,obs,obsm,choc,manv,num_veh
202100012755,2,33,,0,2,1,2,A01
202100012756,0,7,,0,0,5,2,B01
202100012756,0,10,,0,2,3,2,A01
202100012757,1,7,,0,0,4,2,B01
202100012757,1,31,,0,2,4,3,A01
202100012758,2,7,,0,2,1,1,C01
202100012758,2,7,,0,2,3,1,B01
202100012758,1,7,,0,2,1,5,A01
202100012759,1,7,,0,2,1,2,B01
202100012759,1,7,,0,2,4,2,A01
202100012760,2,7,,0,0,1,14,A01
202100012761,2,7,,17,0,1,0,A01
202100012762,1,33,,0,0,8,15,A01
202100012763,1,7,,0,1,1,1,A01
202100012764,2,34,,0,2,2,17,A01
202100012764,2,7,,0,2,3,15,B01
202100012765,3,1,,0,2,8,9,A01
202100012765,2,7,,0,2,2,1,B01
202100012766,3,7,,17,0,3,0,A01
202100012767,2,7,,0,2,3,1,B01
202100012767,1,7,,0,2,3,1,A01
202100012768,0,7,,0,0,2,1,A01
202100012769,3,1,,0,2,3,3,B01
202100012769,3,7,,0,2,3,1,A01
202100012770,-1,7,,0,2,1,1,B01
202100012770,-1,7,,0,2,8,9,A01
202100012771,0,33,,0,2,0,1,B01
202100012771,3,7,,0,2,3,0,A01
202100012772,2,7,,0,0,3,10,A01
202100012772,2,33,,0,0,1,1,B01
202100012773,3,1,,0,2,1,0,B01
202100012773,3,7,,0,0,2,19,A01
202100012774,2,7,,3,0,8,13,A01
202100012775,2,7,,0,1,1,1,A01
202100012776,3,7,,0,2,2,1,B01
202100012776,3,7,,0,2,8,1,A01
202100012777,3,33,,6,0,6,11,A01
202100012777,3,33,,0,0,2,2,B01
202100012778,1,2,,0,2,1,0,A01
202100012778,2,7,,0,2,1,1,B01
202100012779,2,7,,0,2,2,13,A01
202100012779,2,33,,0,2,4,15,B01
202100012780,3,32,,0,6,6,1,A01
202100012781,1,7,,0,2,3,1,A01
202100012781,2,7,,0,0,3,13,B01
202100012782,1,38,1.0,0,2,1,2,Z01
202100012782,1,7,,0,2,4,2,A01
202100012783,1,7,,0,2,4,1,A01
202100012783,0,7,,0,2,2,14,B01
202100012784,2,33,,0,2,7,1,A01
202100012784,2,7,,0,2,7,26,B01
202100012785,1,7,,0,2,4,1,A01
202100012785,1,7,,0,2,1,1,B01
202100012786,2,7,,3,0,1,2,A01
202100012787,2,7,,0,2,4,1,B01
202100012787,2,33,,0,2,1,3,A01
202100012788,1,7,,0,2,4,2,C01
202100012788,1,7,,0,2,4,2,B01
202100012788,1,7,,0,2,1,2,A01
202100012789,1,7,,0,2,2,1,B01
202100012789,1,7,,3,2,3,9,A01
202100012790,2,7,,4,0,3,1,A01
202100012791,1,7,,0,0,9,26,A01
202100012792,1,7,,0,2,8,1,C01
202100012792,1,7,,0,2,8,1,B01
202100012792,1,7,,0,2,2,1,A01
202100012793,1,7,,0,2,1,2,A01
202100012793,1,7,,0,2,4,2,B01
202100012793,1,7,,0,2,4,2,C01
202100012794,1,10,,3,0,4,0,Z01
202100012794,1,7,,3,2,1,1,B01
202100012795,1,7,,1,0,1,1,D01
202100012795,1,7,,0,2,6,0,A01
202100012795,1,7,,1,2,2,21,B01
202100012795,1,7,,1,2,1,1,C01
202100012796,2,7,,0,2,4,23,B01
202100012796,2,7,,0,2,1,2,A01
202100012797,1,7,,0,2,4,2,B01
202100012797,1,7,,0,2,1,2,A01
202100012798,1,33,,0,0,7,1,A01
202100012799,2,7,,0,2,6,1,B01
202100012799,2,7,,0,2,2,12,A01
202100012800,2,7,,5,0,1,1,A01
202100012801,1,33,,0,2,4,1,A01
202100012802,2,7,,0,2,5,1,A01
202100012802,2,7,,0,2,6,1,B01
202100012803,3,7,,0,2,3,9,A01
202100012803,3,37,1.0,0,2,2,9,B01
202100012804,3,1,,0,0,0,0,B01
202100012804,3,30,,0,9,8,5,A01
202100012805,2,2,,0,2,0,0,SA01
202100012806,2,50,,0,0,1,15,A01
202100012807,1,7,,0,1,3,1,A01
202100012808,1,2,,1,0,2,1,B01
202100012808,1,7,,0,2,3,22,A01
202100012809,2,2,,0,2,1,2,A01
202100012809,2,7,,0,2,4,2,B01
202100012810,1,1,,0,2,1,9,B01
202100012810,2,1,,0,2,1,1,A01
202100012811,1,7,,0,2,3,15,A01
202100012811,1,33,,0,2,7,17,B01
202100012812,3,7,,3,0,1,5,A01
202100012813,3,33,,0,0,0,0,B01
202100012813,3,7,,0,2,4,1,A01
202100012814,1,7,,2,0,1,14,A01
202100012815,3,7,,0,2,8,1,A01
202100012815,3,31,,0,2,1,17,B01
202100012816,1,33,,0,1,0,17,A01
202100012817,3,7,,0,2,1,15,B01
202100012817,1,33,,0,2,7,26,A01
202100012818,2,33,,0,2,1,2,A01
202100012818,2,7,,0,2,4,2,B01
202100012819,3,7,,0,1,1,16,A01
202100012820,3,33,,0,2,1,1,A01
202100012820,3,7,,0,2,4,0,B01
202100012821,3,7,,0,1,1,1,A01
202100012822,1,7,,0,2,1,15,A01
202100012822,2,7,,0,2,0,0,B01
202100012823,1,7,,0,0,4,23,B01
202100012823,1,7,,1,0,1,2,A01
202100012824,3,7,,8,2,3,9,A01
202100012824,3,7,,0,2,2,1,B01
202100012825,3,7,,0,1,0,9,A01
202100012826,1,7,,1,0,3,14,A01
202100012827,1,14,,0,2,7,26,A01
202100012827,2,60,,0,2,7,25,B01
202100012828,1,30,,12,0,7,14,A01
202100012829,1,10,,0,1,4,23,A01
202100012830,1,7,,0,1,3,2,A01
202100012831,1,7,,0,1,1,1,A01
202100012832,1,7,,0,9,1,1,A01
202100012832,1,1,,0,2,4,1,B01
202100012833,0,33,,0,2,1,0,B01
202100012833,0,33,,0,2,1,0,A01
202100012834,2,1,,0,2,1,9,B01
202100012834,1,7,,0,2,2,9,A01
202100012835,1,7,,0,2,8,1,A01
202100012835,2,32,,0,2,1,1,B01
202100012836,2,7,,0,2,3,15,B01
202100012836,2,30,,0,2,7,17,A01
202100012837,1,1,,1,0,1,1,A01
202100012838,1,7,,0,2,2,15,B01
202100012838,1,7,,0,2,5,19,A01
202100012839,1,40,,0,1,2,1,A01
202100012840,3,80,,0,2,1,1,A01
202100012840,3,7,,0,2,1,15,B01
202100012841,1,7,,0,1,2,15,A01
202100012842,1,33,,0,2,8,1,B01
202100012842,1,10,,3,2,2,1,A01
202100012843,1,7,,0,2,4,2,Z01
202100012843,1,7,,0,2,1,1,A01
202100012844,1,34,,0,2,1,5,B01
202100012844,2,7,,0,2,5,15,A01
202100012845,1,80,,0,2,1,11,B01
202100012845,1,37,1.0,0,9,8,15,A01
202100012846,1,7,,0,0,4,23,B01
202100012846,1,33,,0,2,1,2,A01
202100012847,1,7,,0,2,1,1,A01
202100012847,1,33,,0,2,4,23,B01
202100012848,2,7,,0,1,5,4,A01
202100012849,1,7,,0,2,1,13,A01
202100012849,2,7,,0,2,1,1,B01
202100012850,3,7,,0,1,1,0,A01
202100012851,2,7,,15,0,1,14,A01
202100012852,1,7,,0,2,4,2,A01
202100012852,1,2,,0,2,1,2,B01
202100012853,1,7,,0,1,0,26,A01
202100012854,2,7,,0,2,3,2,A01
202100012854,2,1,,0,2,4,15,B01
202100012855,1,80,,0,2,1,22,B01
202100012855,3,7,,0,9,8,0,A01
202100012856,1,7,,0,1,3,15,A01
202100012857,0,7,,0,0,8,1,B01
202100012857,0,7,,0,2,1,1,A01
202100012858,3,7,,0,1,1,26,Z01
202100012859,2,7,,0,2,3,0,A01
202100012859,1,7,,0,2,3,1,B01
202100012860,1,1,,0,0,0,0,B01
202100012860,1,7,,0,2,2,19,A01
202100012861,1,32,,0,2,3,21,A01
202100012861,1,7,,0,2,5,2,B01
202100012862,1,7,,0,2,7,12,A01
202100012862,1,31,,0,2,8,3,B01
202100012863,1,31,,0,2,1,3,A01
202100012863,1,10,,0,2,6,11,B01
202100012864,1,7,,0,2,4,23,B01
202100012864,1,7,,0,2,1,1,A01
202100012865,1,7,,0,1,5,1,A01
202100012866,1,1,,0,2,7,15,A01
202100012866,2,30,,0,2,0,1,Z01
202100012867,1,50,,0,2,1,1,A01
202100012867,1,7,,0,2,2,1,B01
202100012868,2,33,,0,2,1,1,B01
202100012868,2,7,,0,2,3,10,A01
202100012869,2,7,,0,2,1,1,A01
202100012869,2,7,,0,2,4,23,B01
202100012870,1,7,,4,0,1,15,A01
202100012871,1,10,,0,2,2,1,A01
202100012871,1,32,,0,2,3,1,B01
202100012872,1,80,,0,2,1,1,B01
202100012872,1,7,,0,2,8,22,A01
202100012873,1,33,,0,1,2,1,Z01
202100012874,2,30,,0,2,3,1,A01
202100012874,1,7,,0,2,2,15,B01
202100012875,3,1,,0,2,1,1,B01
202100012875,3,7,,0,2,2,16,A01
202100012876,1,43,,0,2,2,3,A01
202100012876,1,7,,0,2,8,15,B01
202100012877,1,43,,0,1,3,1,A01
202100012878,1,7,,0,2,4,24,B01
202100012878,1,7,,0,2,1,14,Z01
202100012879,2,7,,0,2,2,1,A01
202100012879,2,1,,0,2,6,15,B01
202100012880,1,7,,0,2,1,1,A01
202100012880,1,7,,0,2,8,1,B01
202100012881,1,43,,0,0,1,15,A01
202100012882,1,30,,0,2,1,1,A01
202100012882,1,7,,0,2,4,23,B01
202100012883,2,7,,14,0,1,13,A01
202100012884,1,13,,0,1,1,17,A01
202100012885,2,50,,0,1,1,0,A01
202100012886,2,7,,0,2,2,1,A01
202100012886,2,7,,0,2,3,20,B01
202100012887,3,7,,0,2,1,19,A01
202100012887,3,7,,0,2,8,1,B01
202100012888,0,7,,0,1,6,20,A01
202100012889,1,32,,0,2,4,2,B01
202100012889,1,7,,0,2,1,2,A01
202100012890,3,7,,0,2,8,0,B01
202100012890,-1,14,,0,2,1,1,A01
202100012891,3,50,,0,2,1,19,B01
202100012891,3,10,,0,2,8,2,A01
202100012892,1,7,,0,2,4,26,B01
202100012892,1,7,,1,0,1,14,A01
202100012893,0,7,,15,0,0,16,A01
202100012894,0,7,,0,2,3,1,B01
202100012894,3,30,,0,2,7,1,A01
202100012895,0,0,,0,2,1,0,B01
202100012895,0,30,,0,2,1,0,A01
202100012896,1,7,,0,2,1,1,A01
202100012896,1,7,,0,2,4,0,B01
202100012896,1,7,,0,2,4,23,C01
202100012896,1,7,,0,2,1,1,D01
202100012897,1,7,,0,2,1,15,A01
202100012897,2,33,,0,2,3,1,B01
202100012898,1,1,,1,0,0,1,B01
202100012898,1,10,,0,2,0,24,A01
202100012899,2,32,,14,0,1,1,A01
202100012900,2,30,,0,0,0,21,A01
202100012901,1,7,,0,1,1,15,A01
202100012902,1,37,2.0,0,0,0,0,A01
202100012903,2,7,,0,1,8,1,A01
202100012904,2,7,,0,2,6,12,A01
202100012904,2,2,,0,2,2,11,B01
202100012905,2,15,,13,0,8,0,A01
202100012906,3,7,,0,1,2,1,A01
202100012907,2,7,,0,2,1,0,A01
202100012907,1,7,,0,2,1,1,C01
202100012907,1,7,,0,2,8,1,B01
202100012908,1,7,,6,0,7,1,A01
202100012909,1,7,,0,1,6,1,A01
202100012910,1,7,,0,2,1,2,A01
202100012910,1,15,,0,0,4,2,B01
202100012911,2,7,,13,0,1,1,A01
202100012912,2,2,,0,2,1,2,A01
202100012912,2,7,,0,0,6,2,B01
202100012913,0,10,,0,2,1,1,B01
202100012913,0,7,,0,2,1,1,A01
202100012914,3,7,,0,1,1,1,A01
202100012915,1,32,,0,2,1,17,B01
202100012915,1,7,,0,2,1,15,A01
202100012916,2,7,,0,2,5,15,B01
202100012916,1,33,,0,2,1,17,A01
202100012917,2,1,,0,2,6,1,B01
202100012917,2,7,,0,2,2,2,A01
202100012918,2,7,,13,0,9,13,A01
202100012919,3,2,,1,0,2,2,A01
202100012920,1,2,,0,0,8,1,A01
202100012921,3,7,,8,0,2,0,A01
202100012922,1,33,,0,0,8,1,A01
202100012923,1,33,,0,2,1,1,B01
202100012923,2,7,,0,2,3,13,A01
202100012924,1,7,,13,0,1,21,A01
202100012925,1,33,,15,0,2,1,A01
202100012926,1,7,,13,0,1,1,A01
202100012927,1,7,,0,2,3,0,B01
202100012927,2,2,,0,2,1,5,A01
202100012928,2,7,,0,2,2,19,A01
202100012928,1,7,,0,2,1,1,B01
202100012929,2,10,,0,2,1,1,B01
202100012929,1,7,,0,2,1,1,A01
202100012930,1,33,,0,0,0,21,A01
202100012930,1,33,,0,0,0,1,B01
202100012931,1,33,,13,0,1,26,A01
202100012932,3,7,,0,2,3,13,A01
202100012932,3,7,,0,2,6,1,B01
202100012933,1,33,,16,0,0,0,A01
202100012934,2,7,,0,9,1,1,C01
202100012934,2,7,,0,0,3,1,B01
202100012934,2,7,,3,2,2,17,A01
202100012935,3,15,,0,2,2,1,B01
202100012935,3,2,,0,2,2,13,A01
202100012936,2,2,,0,2,2,13,B01
202100012936,1,7,,0,0,7,11,A01
202100012937,3,30,,0,2,4,2,B01
202100012937,3,7,,0,2,2,2,A01
202100012938,1,2,,0,2,1,1,B01
202100012938,2,7,,0,2,2,11,A01
202100012939,1,7,,0,2,5,19,B01
202100012939,1,7,,0,2,1,1,A01
202100012940,2,7,,0,1,2,1,A01
202100012941,1,7,,0,1,3,1,A01
202100012942,2,7,,2,0,7,1,A01
202100012943,2,7,,0,2,1,1,B01
202100012943,1,7,,0,2,4,17,A01
202100012944,2,10,,0,2,4,26,B01
202100012944,2,7,,0,2,1,26,A01
202100012945,1,7,,0,0,1,1,A01
202100012946,2,2,,0,2,4,1,B01
202100012946,0,7,,0,2,0,0,A01
202100012947,2,7,,0,9,1,1,C01
202100012947,2,7,,8,2,5,15,B01
202100012947,1,33,,0,2,1,1,A01
202100012948,2,7,,0,2,1,1,B01
202100012948,1,7,,0,2,1,13,A01
202100012949,3,1,,0,0,0,0,A01
202100012950,1,7,,0,2,1,1,B01
202100012950,1,7,,0,2,1,5,A01
202100012951,2,7,,0,2,1,13,B01
202100012951,1,7,,0,2,1,1,A01
202100012952,1,7,,7,0,1,1,A01
202100012953,1,7,,0,2,2,21,A01
202100012953,2,7,,7,2,1,13,B01
202100012954,2,7,,13,0,1,1,A01
202100012955,2,7,,5,0,1,1,A01
202100012956,1,7,,0,2,3,1,B01
202100012956,2,7,,0,2,3,1,A01
202100012957,2,7,,0,2,1,1,B01
202100012957,1,7,,0,2,1,13,A01
202100012958,1,7,,2,0,8,14,A01
202100012959,1,7,,0,2,1,5,A01
202100012959,2,2,,0,2,1,5,B01
202100012960,2,7,,0,2,2,15,A01
202100012960,2,2,,0,2,2,1,B01
202100012961,2,7,,13,0,3,1,A01
202100012962,0,30,,8,0,1,2,A01
202100012963,1,7,,0,2,1,2,A01
202100012963,1,7,,3,0,4,1,B01
202100012964,2,10,,0,0,4,2,A01
202100012964,2,7,,0,2,1,2,C01
202100012964,2,7,,0,2,1,2,B01
202100012965,2,10,,0,2,1,2,A01
202100012965,2,15,,0,2,4,1,B01
202100012966,1,33,,0,2,7,1,B01
202100012966,1,7,,0,2,3,16,A01
202100012967,1,7,,0,1,2,1,A01
202100012968,1,7,,4,0,9,1,A01
202100012969,3,34,,8,0,1,2,A01
202100012970,2,7,,0,2,2,17,B01
202100012970,2,7,,0,2,3,15,A01
202100012971,2,7,,0,2,1,0,B01
202100012971,2,1,,0,0,0,0,A01
202100012972,2,1,,0,0,1,0,A01
202100012973,2,7,,0,2,5,15,B01
202100012973,1,2,,0,2,1,1,A01
202100012974,2,2,,0,2,1,1,B01
202100012974,2,7,,0,2,2,19,A01
202100012975,1,33,,0,2,2,17,B01
202100012975,1,7,,0,2,3,15,A01
202100012976,1,7,,0,9,5,2,A01
202100012976,1,1,,0,2,3,1,B01
202100012977,3,10,,0,2,3,1,B01
202100012977,0,7,,9,2,1,16,A01
202100012978,2,10,,0,2,2,2,C01
202100012978,2,7,,0,2,6,2,B01
202100012978,2,7,,0,0,5,1,A01
202100012979,1,7,,13,0,9,1,A01
202100012980,0,7,,0,2,2,15,A01
202100012980,2,33,,0,2,8,23,B01
202100012981,1,33,,0,0,9,1,A01
202100012982,1,7,,2,0,9,13,A01
202100012983,2,7,,0,0,0,1,A01
202100012984,1,7,,14,0,1,1,C01
202100012984,1,7,,0,2,2,1,B01
202100012984,1,7,,0,2,6,26,A01
202100012985,1,7,,0,1,1,1,A01
202100012986,2,33,,14,0,1,1,A01
202100012987,2,33,,0,2,7,1,B01
202100012987,2,7,,0,2,3,15,A01
202100012988,3,2,,0,0,8,1,A01
202100012989,2,7,,0,2,3,2,B01
202100012989,1,7,,0,2,1,2,A01
202100012990,3,80,,10,0,1,13,A01
202100012991,3,7,,16,0,3,13,A01
202100012992,3,7,,0,1,1,1,A01
202100012993,1,10,,13,0,3,1,A01
202100012994,3,1,,0,2,1,23,B01
202100012994,3,7,,0,2,0,1,A01
202100012995,2,33,,3,0,8,1,A01
202100012996,3,2,,0,2,1,1,A01
202100012996,3,7,,0,2,3,15,B01
202100012997,3,7,,0,1,4,4,A01
202100012998,2,7,,0,2,3,1,B01
202100012998,1,7,,0,2,3,17,A01
202100012999,1,33,,0,0,7,17,A01
202100012999,1,7,,0,0,3,15,B01
202100013000,2,2,,0,2,1,1,B01
202100013000,1,31,,0,2,1,5,A01
202100013001,2,10,,0,2,2,1,B01
202100013001,2,7,,0,0,4,1,A01
202100013002,1,2,,0,2,6,15,A01
202100013002,1,7,,0,2,1,1,B01
202100013003,3,7,,13,0,8,0,A01
202100013004,1,33,,0,0,0,3,A01
202100013005,2,33,,0,2,8,1,A01
202100013005,2,10,,0,2,2,14,B01
202100013006,1,7,,4,0,1,1,A01
202100013007,1,7,,4,0,2,1,A01
202100013008,2,7,,0,2,3,2,A01
202100013008,2,7,,0,2,5,2,B01
202100013009,1,7,,0,2,8,14,A01
202100013010,1,7,,0,2,3,1,B01
202100013010,1,7,,0,2,3,5,A01
202100013011,1,15,,0,2,1,2,A01
202100013011,1,7,,0,2,4,2,B01
202100013012,1,7,,0,2,4,2,B01
202100013012,1,7,,0,2,1,2,A01
202100013013,1,7,,3,0,1,0,A01
202100013014,1,7,,0,2,1,2,A01
202100013014,1,7,,0,2,4,2,B01
202100013014,1,7,,0,2,1,2,C01
202100013015,2,7,,0,2,9,1,A01
202100013016,2,7,,0,9,8,1,A01
202100013016,2,34,,0,2,0,0,B01
202100013017,1,7,,0,2,7,14,A01
202100013017,1,7,,0,2,6,1,B01
202100013018,2,7,,0,2,6,2,A01
202100013018,2,7,,0,2,2,1,B01
202100013019,2,33,,0,2,3,3,B01
202100013019,2,7,,0,2,2,12,A01
202100013020,2,10,,0,2,1,1,A01
202100013020,2,7,,0,2,4,2,B01
202100013021,2,7,,0,9,1,1,A01
202100013022,2,10,,0,2,4,2,B01
202100013022,2,7,,6,2,1,2,A01
202100013023,1,1,,0,1,0,0,Z01
202100013024,1,80,,0,1,1,1,A01
202100013025,3,7,,0,2,5,1,B01
202100013025,3,33,,0,2,1,19,A01
202100013026,3,1,,4,0,1,1,A01
202100013027,2,7,,2,0,1,6,A01
202100013028,2,31,,0,2,2,18,A01
202100013028,2,7,,0,2,2,16,B01
202100013029,1,33,,0,2,1,17,B01
202100013029,2,7,,0,2,3,9,A01
202100013030,2,31,,0,2,1,17,B01
202100013030,2,7,,0,2,3,15,A01
202100013031,1,7,,0,2,1,15,A01
202100013031,1,32,,0,2,1,1,B01
202100013032,2,10,,0,1,0,4,A01
202100013033,0,7,,0,2,1,2,A01
202100013033,0,7,,0,2,4,1,B01
202100013034,3,1,,0,0,0,0,A01
202100013035,1,7,,0,9,1,1,B01
202100013035,2,10,,0,0,0,9,A01
202100013036,2,7,,0,2,4,0,C01
202100013036,2,7,,0,2,1,2,B01
202100013036,2,7,,0,2,1,2,A01
202100013037,2,50,,0,2,7,1,B01
202100013037,2,10,,0,2,5,16,A01
202100013038,1,7,,0,2,1,1,B01
202100013038,2,7,,0,2,1,13,A01
202100013039,1,7,,0,1,3,19,A01
202100013040,2,33,,0,2,7,17,B01
202100013040,2,7,,0,2,6,15,A01
202100013041,-1,33,,11,0,1,1,A01
202100013042,3,7,,0,2,3,1,B01
202100013042,3,7,,0,2,2,10,A01
202100013043,3,7,,0,2,1,16,A01
202100013043,3,50,,0,2,8,1,B01
202100013044,3,50,,0,2,1,2,A01
202100013044,3,7,,0,2,4,2,B01
202100013045,1,7,,0,2,1,1,B01
202100013045,3,7,,0,2,8,19,A01
202100013046,1,10,,0,2,0,0,A01
202100013046,2,10,,0,2,0,0,B01
202100013047,3,0,,0,2,0,17,A01
202100013047,3,7,,0,2,8,15,B01
202100013048,2,50,,1,1,1,21,A01
202100013048,2,7,,0,1,0,24,C01
202100013049,2,13,,0,2,3,0,B01
202100013049,1,7,,0,2,3,13,A01
202100013050,1,2,,0,2,3,2,A01
202100013050,1,7,,0,9,2,0,B01
202100013051,1,7,,0,2,3,1,B01
202100013051,2,7,,0,2,2,5,A01
202100013052,1,10,,0,2,4,1,B01
202100013052,1,10,,0,2,1,1,A01
202100013053,3,7,,0,1,2,1,A01
202100013054,1,7,,0,2,8,15,B01
202100013054,1,2,,0,2,2,17,A01
202100013055,1,34,,0,2,2,17,B01
202100013056,2,1,,0,2,8,19,B01
202100013056,2,7,,0,2,1,1,A01
202100013057,1,7,,0,9,2,16,A01
202100013057,1,30,,0,2,1,18,B01
202100013058,2,7,,0,1,2,1,A01
202100013059,1,50,,1,2,7,19,B01
202100013059,1,7,,1,2,3,1,A01
202100013060,3,10,,0,2,6,0,B01
202100013060,3,7,,0,2,3,2,A01
202100013061,0,33,,0,2,0,26,A01
202100013061,0,10,,0,2,0,15,B01
202100013062,3,3,,0,2,1,2,A01
202100013062,3,3,,0,2,4,23,B01
202100013063,3,7,,0,2,1,1,B01
202100013063,3,7,,0,2,6,13,A01
202100013064,3,7,,0,2,4,20,B01
202100013064,3,50,,0,2,4,2,A01
202100013065,3,7,,9,2,3,1,B01
202100013065,3,50,,0,2,8,19,A01
202100013066,1,1,,0,2,1,2,A01
202100013066,1,7,,0,2,4,1,B01
202100013067,3,7,,0,2,3,15,A01
202100013067,2,80,,0,2,8,1,B01
202100013068,2,31,,0,2,1,13,A01
202100013068,2,7,,0,2,1,1,B01
202100013069,2,7,,0,2,7,17,Z01
202100013069,2,1,,0,2,8,1,B01
202100013070,2,7,,0,2,4,15,B01
202100013070,2,1,,0,2,1,2,A01
202100013071,1,7,,0,2,7,15,B01
202100013071,2,7,,0,2,1,9,A01
202100013072,1,7,,0,1,1,15,A01
202100013073,1,1,,0,2,2,5,A01
202100013073,1,7,,0,2,2,1,B01
202100013074,1,7,,0,1,1,19,A01
202100013075,0,33,,0,2,2,1,B01
202100013075,0,7,,0,2,3,10,A01
202100013076,0,7,,0,2,0,9,A01
202100013076,0,1,,0,2,0,21,B01
202100013077,1,7,,0,2,3,26,B01
202100013077,1,2,,0,2,6,26,A01
202100013078,1,10,,0,2,1,1,A01
202100013078,1,7,,0,2,4,15,B01
202100013079,1,50,,0,1,7,26,A01
202100013080,1,7,,0,2,8,1,A01
202100013080,0,1,,0,2,1,1,B01
202100013080,1,1,,0,2,1,1,C01
202100013081,1,7,,0,1,1,1,A01
202100013082,1,7,,0,2,2,9,A01
202100013082,1,1,,0,2,8,1,B01
202100013083,1,7,,0,2,7,1,A01
202100013083,1,1,,0,2,8,1,B01
202100013084,1,50,,0,0,0,2,A01
202100013085,0,7,,0,2,5,16,A01
202100013085,2,50,,0,0,0,0,B01
202100013086,2,32,,0,2,1,1,B01
202100013086,2,7,,0,2,3,10,A01
202100013087,3,3,,0,2,1,9,A01
202100013087,3,32,,0,2,7,1,B01
202100013088,2,10,,0,2,6,15,B01
202100013088,2,34,,6,2,1,17,A01
202100013089,3,15,,0,2,7,1,B01
202100013089,3,7,,0,2,1,9,A01
202100013090,1,7,,3,0,3,13,A01
202100013091,2,31,,0,2,1,0,B01
202100013091,3,7,,0,2,2,15,A01
202100013092,0,3,,0,1,2,19,A01
202100013093,1,80,,0,2,4,2,B01
202100013093,1,7,,0,2,2,17,A01
202100013094,1,7,,0,2,2,1,Z01
202100013094,2,43,,0,2,8,1,B01
202100013095,1,7,,0,2,4,1,B01
202100013095,1,7,,0,2,1,1,A01
202100013096,2,7,,0,2,3,26,B01
202100013096,1,30,,0,2,1,13,A01
202100013097,2,7,,16,0,1,26,A01
202100013098,2,33,,6,0,1,1,A01
202100013099,1,7,,0,2,4,1,B01
202100013099,1,7,,0,2,1,1,A01
202100013100,3,30,,12,0,7,1,A01
202100013101,1,7,,0,1,1,1,A01
202100013102,2,34,,0,2,1,1,B01
202100013102,1,7,,0,2,7,15,A01
202100013103,1,7,,0,9,3,15,A01
202100013103,2,50,,0,2,8,1,B01
202100013104,1,13,,0,2,8,1,B01
202100013104,1,31,,0,2,7,3,A01
202100013105,1,15,,0,1,3,1,A01
202100013106,2,30,,0,2,2,1,A01
202100013106,2,7,,0,2,3,1,B01
202100013107,2,1,,0,1,1,1,A01
202100013108,2,1,,0,2,1,1,B01
202100013108,1,50,,0,2,1,13,A01
202100013109,2,34,,0,2,1,1,A01
202100013109,2,1,,0,2,4,13,B01
202100013110,2,32,,0,1,1,1,A01
202100013111,2,1,,0,2,1,1,B01
202100013111,1,7,,0,2,2,15,A01
202100013112,1,33,,0,2,1,1,B01
202100013112,1,7,,0,2,3,9,A01
202100013113,3,50,,0,0,1,21,A01
202100013114,1,50,,0,2,1,1,A01
202100013114,1,7,,0,2,7,1,Z01
202100013115,1,30,,0,2,1,1,A01
202100013115,2,1,,0,2,3,1,B01
202100013116,2,7,,0,1,3,1,A01
202100013117,0,7,,0,2,8,15,B01
202100013117,0,10,,0,2,1,17,A01
202100013118,2,32,,0,2,1,2,A01
202100013118,2,7,,0,2,3,2,B01
202100013119,3,7,,0,2,1,26,B01
202100013119,3,2,,0,2,0,26,A01
202100013120,2,7,,0,1,1,16,A01
202100013121,2,7,,0,1,1,1,A01
202100013122,1,7,,0,2,2,16,A01
202100013122,1,1,,0,2,1,1,B01
202100013123,2,7,,0,1,2,2,A01
202100013124,0,1,,0,2,4,1,B01
202100013124,0,7,,0,2,2,1,A01
202100013125,3,33,,0,0,1,21,A01
202100013126,2,33,,0,2,1,1,B01
202100013126,2,7,,0,2,8,2,A01
202100013127,1,7,,0,2,3,15,B01
202100013127,2,7,,0,2,1,1,A01
202100013128,1,30,,16,0,2,9,A01
202100013128,1,7,,0,2,8,1,B01
202100013129,1,7,,0,2,1,2,B01
202100013129,1,7,,0,0,4,2,A01
202100013130,2,34,,8,0,1,13,A01
202100013131,1,7,,0,2,7,1,C01
202100013131,1,33,,1,2,2,18,B01
202100013131,1,7,,1,2,8,22,A01
202100013132,-1,7,,0,2,1,1,A01
202100013133,1,31,,0,2,1,1,B01
202100013133,2,10,,0,2,2,15,A01
202100013134,1,7,,0,2,0,11,B01
202100013134,2,50,,0,0,1,1,A01
202100013135,1,7,,0,2,1,2,A01
202100013135,1,7,,0,2,4,23,B01
202100013135,1,7,,0,2,4,23,C01
202100013136,-1,7,,0,2,8,1,B01
202100013136,-1,7,,0,2,7,14,A01
202100013137,2,10,,0,1,7,1,A01
202100013138,-1,7,,0,1,1,19,A01
202100013139,0,10,,0,2,3,1,A01
202100013139,0,50,,0,2,1,1,B01
202100013140,3,10,,0,2,2,1,B01
202100013140,-1,32,,0,2,8,16,A01
202100013141,-1,7,,0,2,2,15,B01
202100013141,-1,34,,0,2,1,2,A01
202100013142,2,30,,0,0,7,17,A01
202100013143,2,7,,0,2,1,1,B01
202100013143,1,30,,0,2,8,15,A01
202100013144,1,7,,0,1,1,2,A01
202100013145,1,33,,0,2,1,1,B01
202100013145,2,7,,0,2,3,16,A01
202100013146,1,1,,1,0,1,1,B01
202100013146,1,7,,0,2,8,22,A01
202100013147,3,30,,0,0,0,1,A01
202100013148,2,7,,15,1,1,6,A01
202100013149,2,10,,0,2,7,16,A01