Num_Acc,senc,catv,occutc,obs,obsm,choc,manv,num_veh
202100013149,2,33,,0,2,8,1,B01
202100013150,1,7,,0,2,3,13,A01
202100013150,2,15,,0,2,3,1,B01
202100013151,1,10,,0,2,3,1,B01
202100013151,2,7,,0,2,3,13,A01
202100013152,1,2,,0,6,1,1,A01
202100013153,2,7,,0,2,1,0,B01
202100013153,1,7,,0,2,1,5,A01
202100013154,3,31,,0,2,1,1,B01
202100013154,3,7,,0,2,3,15,A01
202100013155,1,7,,13,0,3,1,A01
202100013156,1,1,,0,2,9,2,C01
202100013156,1,1,,0,2,9,2,B01
202100013156,1,7,,0,2,2,17,A01
202100013157,2,7,,0,2,2,1,B01
202100013157,1,2,,0,2,7,15,A01
202100013158,2,7,,9,0,1,1,A01
202100013159,1,7,,0,2,7,10,B01
202100013159,1,7,,0,2,1,2,A01
202100013160,2,7,,0,2,3,13,A01
202100013160,1,7,,0,2,1,1,B01
202100013161,1,7,,0,2,1,2,A01
202100013161,1,7,,0,2,4,2,B01
202100013161,1,80,,0,2,4,1,C01
202100013162,0,33,,13,0,7,1,A01
202100013163,1,7,,14,0,1,6,A01
202100013164,1,7,,0,2,3,0,B01
202100013164,2,33,,0,2,3,11,A01
202100013165,2,7,,0,0,1,13,A01
202100013165,1,7,,0,0,1,1,B01
202100013166,1,10,,12,2,2,15,A01
202100013166,2,7,,0,2,1,1,B01
202100013167,1,7,,0,2,1,13,A01
202100013167,2,7,,0,2,1,1,B01
202100013168,2,1,,0,2,2,13,A01
202100013168,1,7,,0,9,3,0,B01
202100013169,1,33,,0,0,0,1,A01
202100013170,1,1,,0,2,7,19,B01
202100013170,2,10,,0,2,1,9,A01
202100013171,1,10,,0,2,1,1,B01
202100013171,2,7,,0,2,8,1,A01
202100013172,1,7,,0,2,2,1,A01
202100013172,1,10,,0,2,6,1,B01
202100013173,2,15,,0,2,3,1,B01
202100013173,1,7,,0,2,3,13,A01
202100013174,1,10,,0,2,7,1,A01
202100013174,1,7,,0,2,1,1,B01
202100013175,3,7,,6,0,9,1,A01
202100013176,2,1,,0,0,0,1,A01
202100013177,1,7,,3,2,1,0,C01
202100013177,1,7,,0,2,1,0,B01
202100013177,1,7,,4,2,1,0,A01
202100013178,1,15,,0,2,1,1,B01
202100013178,1,10,,0,2,4,1,A01
202100013179,1,7,,0,2,3,15,A01
202100013179,1,7,,0,2,2,17,B01
202100013180,3,7,,0,2,1,1,B01
202100013180,3,32,,0,2,1,5,A01
202100013181,2,7,,13,0,0,1,B01
202100013181,1,7,,0,0,0,19,A01
202100013182,1,1,,0,2,7,1,B01
202100013182,0,7,,0,9,3,19,A01
202100013183,2,32,,8,2,1,19,B01
202100013183,2,7,,0,2,7,16,A01
202100013184,2,7,,2,0,1,1,A01
202100013185,2,7,,0,2,3,1,B01
202100013185,1,7,,0,2,3,13,A01
202100013186,1,7,,9,0,2,2,A01
202100013187,2,7,,0,0,2,1,A01
202100013188,2,31,,7,0,1,1,A01
202100013189,2,7,,0,2,5,1,A01
202100013189,2,7,,0,2,1,1,D01
202100013189,2,7,,0,2,4,1,C01
202100013189,2,7,,0,2,3,0,Z01
202100013190,2,7,,0,2,1,0,A01
202100013190,2,7,,0,2,0,1,B01
202100013190,2,7,,0,2,6,1,C01
202100013190,2,7,,0,2,0,1,D01
202100013191,1,7,,0,2,4,2,B01
202100013191,1,7,,0,2,1,2,A01
202100013192,2,7,,0,2,1,2,A01
202100013192,2,7,,0,2,4,2,B01
202100013193,1,7,,0,2,1,2,A01
202100013193,1,7,,0,2,4,2,B01
202100013193,1,7,,0,2,4,2,C01
202100013194,1,7,,0,2,1,2,A01
202100013194,1,7,,0,2,4,2,B01
202100013195,1,7,,0,2,1,1,B01
202100013195,1,15,,0,2,1,17,A01
202100013195,1,7,,0,2,1,1,C01
202100013196,2,7,,0,2,2,12,C01
202100013196,2,33,,0,2,4,21,B01
202100013196,2,33,,0,2,1,21,A01
202100013197,1,7,,0,2,3,2,B01
202100013197,1,7,,0,2,5,2,C01
202100013197,1,7,,0,2,1,0,A01
202100013198,2,33,,0,2,2,3,A01
202100013198,2,7,,0,2,6,2,B01
202100013199,1,15,,0,2,4,2,B01
202100013199,1,7,,0,2,1,2,A01
202100013200,1,7,,0,2,4,2,C01
202100013200,1,10,,0,2,4,2,B01
202100013200,1,10,,0,2,1,2,A01
202100013201,2,7,,4,0,3,1,Z01
202100013202,1,7,,0,2,1,2,A01
202100013202,3,7,,0,2,4,2,B01
202100013203,2,10,,0,2,3,15,B01
202100013203,2,33,,0,2,1,1,A01
202100013204,1,2,,1,0,1,12,A01
202100013205,1,7,,0,1,1,20,A01
202100013206,3,7,,0,1,3,9,A01
202100013207,1,37,1.0,0,2,1,7,B01
202100013207,1,7,,0,2,1,15,A01
202100013208,0,10,,0,2,3,9,A01
202100013208,0,7,,0,2,2,15,B01
202100013209,3,7,,0,2,7,1,B01
202100013209,0,7,,0,2,8,9,A01
202100013210,2,1,,0,2,1,19,B01
202100013210,1,7,,0,2,2,16,A01
202100013211,1,7,,0,2,3,1,B01
202100013211,2,7,,0,2,1,13,A01
202100013212,-1,31,,3,0,1,9,A01
202100013213,1,33,,0,2,8,1,B01
202100013213,1,7,,0,2,7,12,A01
202100013214,3,7,,0,2,4,20,A01
202100013214,2,30,,0,2,1,21,B01
202100013215,3,10,,0,1,7,0,A01
202100013216,1,13,,0,2,3,0,B01
202100013216,1,30,,0,2,1,1,A01
202100013217,3,7,,0,1,2,26,A01
202100013218,1,7,,0,1,1,9,A01
202100013219,3,10,,0,2,3,1,B01
202100013219,1,32,,0,2,1,21,A01
202100013220,3,30,,0,1,2,1,A01
202100013221,2,7,,0,1,3,1,A01
202100013222,1,2,,0,0,7,0,A01
202100013223,1,7,,6,2,2,1,B01
202100013223,1,7,,1,2,3,1,A01
202100013224,2,7,,0,2,3,1,B01
202100013224,2,7,,0,2,1,1,A01
202100013225,1,2,,0,2,8,1,B01
202100013225,2,7,,0,2,1,15,A01
202100013226,0,7,,0,2,3,20,A01
202100013226,0,7,,0,2,2,1,B01
202100013227,2,10,,0,2,1,18,A01
202100013227,2,7,,0,2,6,1,B01
202100013227,2,7,,0,2,2,1,C01
202100013228,2,33,,0,2,0,1,B01
202100013228,2,7,,0,2,7,15,A01
202100013229,3,7,,0,2,3,15,A01
202100013229,3,30,,0,2,3,3,B01
202100013230,1,7,,0,1,1,1,A01
202100013231,0,7,,0,1,1,1,A01
202100013232,3,1,,0,2,8,13,B01
202100013232,1,15,,0,2,2,2,A01
202100013233,1,7,,0,2,2,1,A01
202100013233,1,1,,0,2,8,5,B01
202100013234,1,33,,0,2,7,1,A01
202100013234,1,10,,0,2,6,1,B01
202100013235,3,50,,0,-1,8,25,A01
202100013235,3,40,,0,9,7,1,B01
202100013236,3,7,,0,1,2,1,A01
202100013237,1,7,,0,2,1,1,B01
202100013237,3,7,,1,2,6,19,A01
202100013238,1,7,,0,1,1,17,A01
202100013239,1,34,,0,2,1,17,A01
202100013239,1,7,,0,2,6,15,B01
202100013240,0,7,,0,2,8,16,B01
202100013240,0,7,,0,2,1,2,A01
202100013241,1,7,,0,2,1,15,A01
202100013241,2,2,,0,2,1,1,B01
202100013242,2,1,,0,2,4,1,B01
202100013242,2,7,,0,2,2,9,A01
202100013243,2,7,,0,1,3,1,A01
202100013244,1,7,,1,0,2,1,A01
202100013245,1,7,,0,2,7,1,A01
202100013245,2,1,,0,2,1,15,B01
202100013246,3,7,,0,2,4,23,B01
202100013246,3,7,,0,2,1,1,A01
202100013247,3,7,,9,1,2,14,A01
202100013248,3,7,,0,2,3,16,A01
202100013248,3,1,,0,2,1,5,B01
202100013249,2,7,,0,2,4,1,B01
202100013249,2,14,,0,2,1,1,A01
202100013250,1,60,,0,2,1,19,B01
202100013250,1,7,,0,9,3,1,A01
202100013251,1,7,,0,2,7,1,B01
202100013251,1,7,,0,2,1,1,A01
202100013252,1,7,,0,2,2,1,B01
202100013252,1,7,,0,2,7,15,A01
202100013253,1,1,,0,2,1,1,B01
202100013253,1,7,,0,9,2,15,A01
202100013254,1,7,,0,2,1,1,A01
202100013254,1,7,,0,2,4,1,B01
202100013255,1,37,5.0,0,2,8,1,B01
202100013255,1,7,,0,9,7,12,Z01
202100013256,1,7,,0,1,1,1,A01
202100013257,1,7,,0,2,1,26,A01
202100013257,1,7,,0,2,4,1,B01
202100013258,1,7,,0,2,1,2,A01
202100013258,1,7,,0,2,1,2,B01
202100013258,1,7,,0,2,4,2,C01
202100013259,1,1,,0,0,0,19,A01
202100013260,1,7,,0,1,3,1,A01
202100013261,1,7,,0,1,7,16,A01
202100013262,2,7,,0,2,1,2,A01
202100013262,2,37,1.0,0,2,4,1,B01
202100013263,1,7,,0,2,6,9,A01
202100013263,1,32,,0,2,2,2,B01
202100013264,1,7,,0,1,1,1,A01
202100013265,2,10,,0,1,1,15,A01
202100013266,2,7,,0,2,4,1,B01
202100013266,2,7,,0,2,1,1,A01
202100013267,2,1,,0,2,2,1,B01
202100013267,2,7,,0,2,7,20,A01
202100013268,2,7,,0,2,1,1,A01
202100013268,2,2,,0,2,4,0,B01
202100013269,2,7,,0,2,2,15,A01
202100013269,1,80,,0,2,1,1,B01
202100013270,1,1,,0,2,1,15,A01
202100013270,1,7,,0,9,8,1,B01
202100013271,2,7,,0,1,2,15,A01
202100013272,1,30,,1,0,0,0,B01
202100013272,1,7,,0,2,8,22,A01
202100013273,2,7,,0,1,3,20,A01
202100013274,1,7,,0,1,1,1,A01
202100013275,0,7,,14,0,1,6,A01
202100013275,0,7,,0,0,8,23,B01
202100013275,0,7,,0,0,3,23,C01
202100013275,0,7,,0,0,5,23,D01
202100013276,1,2,,0,2,1,1,A01
202100013276,1,7,,0,2,8,1,B01
202100013277,1,7,,1,0,2,14,A01
202100013278,0,7,,0,0,4,2,B01
202100013278,0,33,,0,2,1,2,A01
202100013279,1,30,,0,2,0,9,A01
202100013279,2,7,,0,2,3,15,B01
202100013280,2,7,,0,2,3,9,A01
202100013280,2,2,,0,2,2,1,B01
202100013281,1,7,,0,2,1,15,A01
202100013281,1,30,,0,2,1,1,B01
202100013282,1,7,,0,2,7,1,B01
202100013282,1,7,,0,2,3,17,A01
202100013283,0,1,,0,2,4,0,B01
202100013283,0,7,,0,2,3,26,A01
202100013284,3,30,,0,0,7,26,A01
202100013285,3,7,,0,2,1,13,A01
202100013285,3,7,,0,2,3,1,B01
202100013286,1,80,,0,2,8,0,B01
202100013286,1,7,,0,2,5,2,A01
202100013287,2,7,,0,2,3,1,B01
202100013287,1,7,,0,2,3,1,A01
202100013288,1,7,,0,2,3,1,B01
202100013288,1,7,,0,2,2,15,A01
202100013289,2,7,,0,2,2,1,B01
202100013289,2,7,,2,0,5,18,A01
202100013290,1,7,,0,2,1,15,A01
202100013290,1,31,,0,2,1,17,B01
202100013291,2,7,,9,0,1,1,A01
202100013292,2,7,,0,1,2,16,A01
202100013293,0,7,,0,1,0,1,A01
202100013294,0,7,,0,2,1,1,B01
202100013294,0,7,,0,2,1,15,A01
202100013295,3,32,,13,2,3,1,B01
202100013295,3,7,,0,2,3,15,A01
202100013296,3,2,,0,1,1,2,A01
202100013297,1,32,,0,2,8,1,B01
202100013297,1,10,,0,2,0,15,A01
202100013298,1,7,,0,2,5,1,B01
202100013298,1,33,,0,1,1,14,A01
202100013299,2,1,,0,2,8,21,B01
202100013299,1,7,,0,2,1,15,A01
202100013300,1,50,,0,2,6,13,A01
202100013300,2,10,,0,9,6,15,B01
202100013301,1,33,,0,1,1,1,A01
202100013302,2,31,,0,1,3,1,A01
202100013303,2,32,,0,2,3,18,A01
202100013303,2,10,,0,2,2,1,B01
202100013304,1,1,,0,0,1,1,A01
202100013305,1,1,,0,2,7,1,A01
202100013305,1,7,,0,2,1,15,B01
202100013306,2,43,,12,0,8,18,A01
202100013307,1,7,,0,1,1,9,A01
202100013308,1,14,,0,2,3,24,B01
202100013308,1,37,3.0,0,2,5,17,A01
202100013309,2,1,,1,0,2,13,A01
202100013310,1,32,,0,2,1,1,B01
202100013310,1,7,,0,2,2,15,A01
202100013311,2,7,,0,2,3,15,A01
202100013311,1,32,,0,2,3,1,B01
202100013312,1,30,,0,1,2,1,Z01
202100013313,1,31,,0,1,1,1,A01
202100013314,2,7,,0,2,2,16,A01
202100013314,2,50,,0,2,1,1,B01
202100013315,2,32,,0,2,5,21,A01
202100013316,3,1,,0,2,8,19,B01
202100013316,3,32,,0,2,1,1,A01
202100013317,2,7,,0,2,0,14,Z01
202100013317,2,33,,0,2,7,2,B01
202100013318,2,7,,0,2,8,1,B01
202100013318,1,7,,0,2,1,1,A01
202100013319,0,7,,1,0,2,1,A01
202100013320,1,7,,0,0,8,11,A01
202100013320,1,34,,0,0,2,1,B01
202100013321,1,7,,0,2,7,14,A01
202100013321,1,31,,0,2,3,2,B01
202100013322,2,7,,0,2,4,1,B01
202100013322,2,33,,1,2,1,1,A01
202100013323,2,15,,0,1,1,26,A01
202100013324,1,7,,0,1,1,11,A01
202100013325,1,33,,0,2,4,2,B01
202100013325,1,7,,0,2,1,2,A01
202100013326,1,13,,1,0,5,23,A01
202100013326,1,10,,1,2,9,24,B01
202100013326,1,15,,1,0,4,24,C01
202100013327,3,30,,0,2,0,26,A01
202100013328,1,43,,0,2,1,13,B01
202100013328,1,7,,0,2,3,16,A01
202100013329,2,7,,0,2,3,15,A01
202100013329,2,2,,0,2,0,0,B01
202100013330,-1,7,,0,1,1,15,A01
202100013331,-1,1,,0,0,0,0,B01
202100013331,1,7,,0,2,1,2,A01
202100013332,1,7,,0,2,2,2,A01
202100013332,1,7,,0,2,1,2,B01
202100013333,1,7,,1,2,5,0,C01
202100013333,1,7,,0,2,3,9,B01
202100013333,1,7,,0,2,2,26,A01
202100013334,1,7,,0,1,1,1,A01
202100013335,3,7,,0,1,1,9,A01
202100013336,1,31,,0,2,3,17,A01
202100013336,1,10,,0,2,3,15,B01
202100013337,1,7,,1,0,3,13,A01
202100013338,1,7,,1,1,1,26,A01
202100013339,1,7,,0,1,7,22,A01
202100013339,1,1,,1,0,1,1,B01
202100013340,1,33,,0,2,1,1,B01
202100013340,1,7,,0,2,5,15,A01
202100013341,2,7,,0,1,3,1,A01
202100013342,0,33,,0,2,8,13,B01
202100013342,0,7,,0,2,8,1,A01
202100013343,2,7,,0,2,1,1,B01
202100013343,1,7,,0,2,8,15,A01
202100013344,0,7,,0,1,2,1,A01
202100013345,2,2,,0,2,4,26,B01
202100013345,2,7,,0,2,3,9,A01
202100013346,2,10,,0,9,2,17,A01
202100013346,1,2,,0,2,1,13,B01
202100013347,0,7,,0,2,1,2,A01
202100013347,0,7,,0,0,4,23,B01
202100013348,1,33,,0,0,0,0,A01
202100013349,1,31,,0,2,1,5,A01
202100013349,1,10,,0,2,3,15,B01
202100013350,1,7,,0,2,1,2,A01
202100013350,1,15,,0,2,6,2,B01
202100013351,1,14,,13,0,1,16,A01
202100013352,0,37,1.0,0,2,3,1,B01
202100013352,3,7,,0,2,1,1,A01
202100013353,2,2,,10,0,7,1,A01
202100013354,3,7,,0,9,3,9,A01
202100013354,3,1,,0,2,7,1,B01
202100013355,2,7,,0,0,1,1,A01
202100013356,1,1,,0,2,1,1,B01
202100013356,2,7,,0,0,8,19,A01
202100013357,2,7,,0,2,4,11,B01
202100013357,2,13,,0,2,1,1,A01
202100013358,1,7,,0,2,4,1,A01
202100013358,1,7,,0,2,4,1,B01
202100013358,1,7,,0,2,1,1,C01
202100013359,1,7,,14,0,1,1,B01
202100013359,1,7,,3,0,1,1,A01
202100013360,2,7,,0,2,7,12,A01
202100013360,2,33,,0,2,1,2,B01
202100013361,2,7,,0,2,4,2,B01
202100013361,2,33,,0,2,1,2,A01
202100013361,2,7,,0,2,3,1,C01
202100013362,1,7,,0,2,1,2,A01
202100013362,0,7,,0,2,4,2,B01
202100013363,2,33,,0,2,1,0,B01
202100013363,2,10,,0,2,6,11,A01
202100013364,2,33,,0,2,4,3,B01
202100013364,2,34,,0,2,1,3,A01
202100013365,1,10,,0,2,4,2,D01
202100013365,1,7,,0,2,4,2,C01
202100013365,1,7,,0,2,4,2,B01
202100013365,1,7,,0,2,1,2,A01
202100013366,1,7,,4,0,2,9,A01
202100013367,2,33,,0,2,1,3,B01
202100013367,2,7,,0,2,3,26,A01
202100013367,2,7,,0,2,5,23,C01
202100013368,1,7,,4,2,2,1,A01
202100013368,1,10,,0,2,3,11,Z01
202100013369,1,7,,0,2,3,11,B01
202100013369,1,33,,0,2,7,3,A01
202100013370,2,43,,0,2,1,1,B01
202100013370,2,7,,0,2,4,1,C01
202100013370,2,33,,0,2,1,9,A01
202100013371,2,10,,0,2,1,9,Z01
202100013371,2,34,,0,2,1,1,B01
202100013371,2,7,,0,2,6,1,C01
202100013372,1,10,,0,0,3,1,A01
202100013373,2,7,,0,2,0,0,A01
202100013373,2,7,,0,2,0,0,B01
202100013373,2,7,,0,2,2,0,C01
202100013373,2,7,,0,2,0,0,Z01
202100013374,2,7,,0,2,4,2,C01
202100013374,2,7,,0,2,4,2,B01
202100013374,2,10,,0,2,1,2,A01
202100013375,2,15,,0,2,4,1,A01
202100013375,1,33,,0,2,1,1,B01
202100013376,2,17,,0,2,4,2,A01
202100013376,2,17,,0,2,1,2,B01
202100013377,2,33,,0,2,2,0,A01
202100013377,2,7,,0,2,6,1,B01
202100013378,1,7,,0,2,6,1,B01
202100013378,1,7,,0,2,6,1,A01
202100013378,1,14,,0,2,6,1,E01
202100013378,1,7,,0,2,3,1,D01
202100013378,1,10,,0,2,1,11,C01
202100013379,2,7,,0,2,2,16,A01
202100013379,1,2,,0,2,1,17,B01
202100013380,1,7,,0,1,1,1,A01
202100013381,1,33,,0,2,7,3,A01
202100013381,1,7,,0,2,5,1,B01
202100013382,1,33,,0,2,8,3,B01
202100013382,1,7,,0,2,7,12,A01
202100013383,2,32,,0,2,3,3,A01
202100013383,2,7,,0,2,2,12,B01
202100013384,2,10,,0,2,4,4,A01
202100013384,1,32,,0,2,7,1,B01
202100013385,1,10,,0,2,7,1,A01
202100013385,1,7,,0,2,1,1,B01
202100013386,2,1,,0,2,3,18,B01
202100013386,2,10,,0,2,2,22,A01
202100013387,2,1,,0,1,1,1,A01
202100013388,2,7,,0,1,3,2,A01
202100013389,3,32,,0,2,1,17,B01
202100013389,3,7,,0,2,3,10,A01
202100013390,1,1,,0,2,1,1,B01
202100013390,1,10,,0,2,1,20,A01
202100013391,2,30,,0,0,0,21,A01
202100013392,1,30,,0,2,8,1,B01
202100013392,1,10,,0,2,2,13,A01
202100013393,1,33,,0,2,3,2,A01
202100013393,1,13,,0,2,5,2,B01
202100013394,2,7,,0,2,4,23,C01
202100013394,2,7,,0,2,4,23,B01
202100013394,2,7,,14,0,1,2,A01
202100013395,2,7,,0,1,0,1,A01
202100013396,1,15,,0,1,8,15,A01
202100013397,1,33,,0,2,7,1,B01
202100013397,2,32,,0,2,3,13,A01
202100013398,3,7,,0,1,1,1,A01
202100013399,2,32,,0,2,1,9,A01
202100013399,2,7,,0,2,5,1,B01
202100013400,3,2,,0,2,1,16,B01
202100013400,3,7,,0,2,4,15,A01
202100013401,1,10,,0,1,3,1,A01
202100013402,2,7,,0,2,1,19,B01
202100013402,1,7,,6,2,7,1,A01
202100013403,-1,31,,0,2,7,3,A01
202100013403,-1,10,,0,2,6,1,B01
202100013403,1,99,,0,2,8,1,C01
202100013404,1,7,,0,1,1,1,A01
202100013405,1,2,,0,2,1,1,A01
202100013405,3,1,,0,2,1,9,B01
202100013406,1,10,,0,1,2,1,A01
202100013407,2,32,,0,2,1,26,A01
202100013408,1,2,,0,2,4,2,A01
202100013408,1,7,,0,2,1,2,B01
202100013409,2,10,,0,9,3,15,B01
202100013409,3,33,,0,2,3,26,A01
202100013410,1,1,,0,2,8,19,B01
202100013410,1,7,,0,2,2,1,A01
202100013411,2,7,,0,2,0,0,A01
202100013411,2,14,,0,2,1,19,B01
202100013412,1,10,,0,2,5,15,A01
202100013412,1,33,,0,2,1,16,B01
202100013413,1,10,,0,2,1,19,A01
202100013413,2,7,,0,2,2,1,B01
202100013414,0,1,,0,2,1,1,A01
202100013414,0,7,,0,2,2,15,B01
202100013415,3,15,,0,2,3,1,B01
202100013415,3,7,,0,2,7,9,A01
202100013416,2,1,,1,0,1,1,A01
202100013417,1,37,1.0,0,2,5,1,A01
202100013417,1,99,,0,2,1,19,B01
202100013418,1,7,,0,2,6,15,B01
202100013418,1,31,,0,2,2,15,A01
202100013419,1,1,,0,2,1,1,B01
202100013419,1,7,,0,2,3,20,A01
202100013420,2,50,,0,0,0,0,A01
202100013421,1,7,,12,1,2,1,A01
202100013422,1,7,,0,2,1,2,A01
202100013422,1,7,,0,2,4,2,B01
202100013422,1,7,,0,2,4,2,C01
202100013423,1,10,,0,2,1,2,B01
202100013423,1,7,,0,2,6,11,A01
202100013424,3,10,,0,1,3,1,A01
202100013425,1,33,,0,2,1,1,A01
202100013425,1,2,,12,2,6,15,B01
202100013426,2,32,,0,2,1,1,B01
202100013426,1,7,,0,2,2,15,A01
202100013427,3,7,,0,1,2,0,A01
202100013428,2,2,,0,0,1,13,A01
202100013428,1,7,,0,0,3,1,B01
202100013429,2,15,,0,0,7,1,A01
202100013429,1,7,,0,0,3,19,B01
202100013430,2,1,,0,2,1,1,B01
202100013430,1,1,,0,2,1,1,A01
202100013431,3,7,,0,0,0,1,A01
202100013432,1,33,,14,0,1,1,A01
202100013433,2,7,,0,2,1,2,A01
202100013433,2,7,,0,0,4,15,B01
202100013434,1,7,,13,0,1,1,A01
202100013435,1,15,,0,0,4,1,B01
202100013435,1,10,,0,2,1,12,A01
202100013436,1,7,,3,2,2,1,B01
202100013436,2,7,,0,2,3,15,A01
202100013437,2,33,,0,2,1,1,B01
202100013437,1,10,,0,2,2,10,A01
202100013438,1,31,,17,0,0,21,A01
202100013439,1,33,,0,2,1,1,A01
202100013439,2,7,,0,0,3,15,B01
202100013440,1,7,,0,2,1,1,B01
202100013440,3,7,,0,2,5,19,A01
202100013441,2,33,,0,2,1,1,B01
202100013441,1,7,,0,2,2,15,A01
202100013442,2,2,,12,0,2,1,A01
202100013443,1,7,,0,1,1,1,A01
202100013444,2,7,,13,0,1,15,A01
202100013445,2,32,,0,2,2,1,B01
202100013445,1,7,,0,2,1,15,A01
202100013446,1,7,,0,1,3,1,A01
202100013447,1,31,,0,0,0,0,A01
202100013448,2,31,,2,0,1,1,A01
202100013449,1,7,,0,9,8,1,A01
202100013449,1,32,,0,2,1,1,B01
202100013450,1,36,,16,0,2,0,A01
202100013451,1,7,,0,2,2,15,A01
202100013451,1,7,,0,2,7,1,B01
202100013452,0,20,,0,0,1,1,B01
202100013452,0,1,,0,0,4,1,A01
202100013453,1,33,,0,0,1,26,A01
202100013454,2,10,,0,2,2,1,B01
202100013454,1,7,,0,2,5,15,A01
202100013455,3,7,,6,0,1,1,A01
202100013456,2,7,,0,2,2,26,B01
202100013456,2,2,,0,2,1,18,A01
202100013457,0,33,,15,0,1,1,A01
202100013458,1,7,,0,2,3,1,B01
202100013458,2,15,,0,2,3,13,A01
202100013459,2,15,,0,2,4,2,B01
202100013459,2,10,,0,2,1,2,A01
202100013460,1,7,,0,0,4,2,B01
202100013460,1,10,,0,2,1,2,A01
202100013461,1,7,,0,2,6,14,B01
202100013461,1,2,,0,2,5,17,A01
202100013462,2,33,,0,2,1,2,A01
202100013462,2,7,,0,0,4,2,B01
202100013463,3,7,,0,0,4,4,A01
202100013463,3,2,,0,0,1,23,B01
202100013464,2,33,,0,2,1,1,A01
202100013464,1,7,,0,2,5,15,B01
202100013465,2,7,,0,0,4,1,C01
202100013465,2,7,,0,2,1,17,A01
202100013465,2,7,,0,2,4,1,B01
202100013466,1,7,,9,2,3,13,A01
202100013466,2,2,,0,2,1,1,B01
202100013467,2,7,,0,2,3,15,A01
202100013467,2,30,,0,2,1,17,B01
202100013468,2,2,,0,0,0,1,A01
202100013469,1,33,,3,0,1,1,A01
202100013470,1,7,,0,2,2,1,B01
202100013470,1,3,,0,2,8,10,A01
202100013471,3,3,,0,9,1,0,A01
202100013472,2,2,,0,2,1,1,B01
202100013472,3,7,,0,2,2,0,A01
202100013473,0,30,,0,2,1,1,B01
202100013473,0,7,,0,2,2,9,A01
202100013474,1,7,,0,2,0,15,A01
202100013474,1,32,,0,2,0,17,B01
202100013475,1,1,,0,2,1,0,B01
202100013475,2,7,,0,9,2,16,A01
202100013476,1,10,,0,2,2,1,A01
202100013476,2,1,,0,2,8,15,B01
202100013476,2,1,,0,2,8,15,C01
202100013477,2,7,,0,2,1,1,B01
202100013477,1,7,,0,2,1,13,A01
202100013478,1,7,,0,2,1,1,B01
202100013478,2,7,,0,2,1,13,A01
202100013479,1,7,,0,1,2,21,A01
202100013480,3,7,,0,2,4,16,B01
202100013480,3,7,,0,2,2,16,A01
202100013481,2,7,,0,2,6,20,B01
202100013481,2,10,,0,2,2,1,A01
202100013482,2,80,,0,2,7,1,B01
202100013482,1,7,,0,2,1,1,A01
202100013483,1,50,,0,2,1,1,B01
202100013483,1,7,,0,2,3,1,A01
202100013484,1,1,,0,2,1,2,B01
202100013484,1,1,,0,2,0,10,Z01
202100013485,2,7,,0,2,2,15,A01
202100013485,1,7,,0,2,3,15,B01
202100013486,1,7,,0,2,3,1,A01
202100013486,1,33,,0,2,7,17,B01
202100013487,3,7,,0,1,2,1,A01
202100013488,1,7,,0,2,3,15,A01
202100013488,2,31,,0,2,1,1,B01
202100013489,2,7,,0,2,3,15,A01
202100013489,1,30,,0,2,1,1,B01
202100013490,1,7,,0,1,1,1,A01
202100013491,3,2,,0,2,1,12,B01
202100013491,3,7,,0,2,3,9,A01
202100013492,0,7,,0,1,1,1,A01
202100013493,3,7,,0,2,2,9,A01
202100013493,3,1,,0,2,6,2,B01
202100013494,2,15,,0,2,8,1,D01
202100013494,2,10,,0,2,1,17,C01
202100013494,2,7,,0,2,3,17,B01
202100013494,1,7,,0,2,1,1,A01
202100013495,1,7,,0,1,2,16,A01
202100013496,3,3,,3,0,2,15,A01
202100013497,1,7,,0,2,3,1,B01
202100013497,2,7,,0,2,3,26,A01
202100013498,2,7,,0,2,1,15,A01
202100013498,1,7,,0,2,1,1,B01
202100013499,3,50,,0,2,1,19,B01
202100013499,3,7,,0,2,2,15,A01
202100013500,2,1,,0,2,8,2,B01
202100013500,2,7,,0,2,0,17,A01
202100013501,2,7,,0,2,3,9,A01
202100013501,1,7,,0,2,2,1,B01
202100013502,1,7,,0,2,2,9,A01
202100013502,2,1,,0,2,0,25,B01
202100013503,1,7,,0,2,1,2,C01
202100013503,1,7,,0,2,1,1,B01
202100013503,2,33,,0,2,1,17,A01
202100013504,1,7,,0,2,3,15,A01
202100013504,2,2,,0,2,8,1,B01
202100013505,1,50,,0,2,5,1,B01
202100013505,1,7,,0,2,3,9,A01
202100013506,1,33,,0,2,1,1,B01
202100013506,1,7,,0,2,2,15,A01
202100013507,3,7,,0,2,3,15,A01
202100013507,3,33,,0,2,1,1,B01
202100013508,2,2,,0,2,8,1,C01
202100013508,2,10,,0,2,8,1,B01
202100013508,1,7,,0,2,3,13,A01
202100013509,3,33,,0,0,7,1,A01
202100013510,2,7,,0,2,3,10,A01
202100013510,2,30,,0,2,2,17,B01
202100013511,3,7,,0,1,1,1,A01
202100013512,2,2,,0,2,1,1,B01
202100013512,2,7,,0,2,8,20,A01
202100013513,3,30,,0,1,1,17,A01
202100013514,3,7,,0,2,2,20,B01
202100013514,3,7,,0,2,1,18,A01
202100013515,3,7,,0,9,1,26,A01
202100013515,3,1,,0,2,8,1,B01
202100013516,2,30,,0,2,1,9,A01