Num_Acc,senc,catv,occutc,obs,obsm,choc,manv,num_veh
202100013516,1,7,,0,2,6,19,B01
202100013517,1,80,,0,2,2,25,B01
202100013517,1,7,,0,9,3,16,A01
202100013518,1,7,,0,2,5,1,B01
202100013518,3,7,,0,2,1,1,A01
202100013519,1,7,,1,0,1,1,A01
202100013519,0,7,,1,2,6,-1,B01
202100013520,1,7,,0,2,3,20,B01
202100013520,1,33,,0,2,1,1,A01
202100013521,2,31,,0,0,8,21,A01
202100013522,2,10,,0,2,4,2,B01
202100013522,2,7,,0,2,1,2,A01
202100013523,1,7,,0,2,1,2,A01
202100013523,1,7,,0,2,4,2,B01
202100013524,1,7,,0,2,8,26,B01
202100013524,1,1,,0,2,1,26,A01
202100013525,2,30,,0,2,2,2,A01
202100013525,2,7,,0,2,6,18,B01
202100013526,1,1,,1,0,1,1,B01
202100013526,1,7,,0,2,3,24,A01
202100013527,1,7,,0,2,7,0,A01
202100013527,1,7,,0,2,1,1,B01
202100013528,3,7,,6,0,2,1,A01
202100013529,1,2,,0,2,1,1,B01
202100013529,2,7,,0,2,7,15,A01
202100013530,2,7,,0,2,1,15,A01
202100013530,1,2,,0,2,3,1,B01
202100013531,2,7,,0,2,1,16,A01
202100013531,1,50,,0,2,1,1,B01
202100013532,2,37,2.0,0,2,3,1,C01
202100013532,2,7,,0,2,3,1,B01
202100013532,1,7,,0,2,3,17,A01
202100013533,2,7,,0,1,1,1,A01
202100013534,1,7,,13,2,0,17,A01
202100013534,1,7,,0,2,8,1,B01
202100013535,2,10,,0,2,3,9,A01
202100013535,2,10,,0,2,5,1,B01
202100013536,1,7,,0,1,2,1,A01
202100013537,2,80,,0,2,1,1,A01
202100013537,3,7,,0,2,3,12,B01
202100013538,1,37,1.0,0,2,5,1,B01
202100013538,1,80,,0,2,8,1,A01
202100013539,2,7,,0,1,1,15,A01
202100013540,3,10,,0,2,1,2,A01
202100013540,3,7,,0,2,4,1,B01
202100013541,1,33,,0,2,7,17,A01
202100013541,2,7,,0,9,1,19,B01
202100013542,0,3,,12,0,3,16,A01
202100013543,3,7,,0,2,2,9,B01
202100013543,3,33,,0,2,1,1,A01
202100013544,3,37,1.0,0,1,2,2,A01
202100013545,1,7,,0,2,1,2,B01
202100013545,1,7,,0,2,4,2,A01
202100013546,2,33,,0,2,1,21,A01
202100013546,1,10,,0,2,3,9,B01
202100013547,3,7,,0,2,1,9,A01
202100013547,3,7,,0,2,7,9,B01
202100013548,1,7,,0,2,3,1,A01
202100013548,3,60,,0,2,8,19,B01
202100013549,1,33,,0,2,3,1,B01
202100013549,1,7,,0,2,5,12,A01
202100013550,2,7,,0,1,7,2,A01
202100013551,3,30,,0,9,1,0,X01
202100013551,3,7,,0,2,3,2,C01
202100013551,3,33,,0,2,3,17,B01
202100013552,1,32,,0,2,1,17,A01
202100013552,1,7,,0,2,8,15,B01
202100013553,2,1,,0,0,0,9,A01
202100013554,1,7,,0,2,3,15,B01
202100013554,1,1,,0,2,1,17,A01
202100013555,2,33,,0,0,1,16,B01
202100013556,2,7,,0,2,1,2,A01
202100013556,1,10,,0,2,1,1,B01
202100013557,2,15,,0,2,4,23,C01
202100013557,2,7,,0,2,4,23,B01
202100013557,2,7,,0,2,1,2,A01
202100013558,1,33,,3,0,1,17,A01
202100013559,2,10,,0,2,4,2,B01
202100013559,2,7,,0,2,1,2,A01
202100013560,1,7,,0,1,1,1,A01
202100013561,1,7,,0,2,4,2,C01
202100013561,1,7,,0,2,4,2,B01
202100013561,1,7,,0,2,1,2,A01
202100013562,1,10,,0,2,7,14,A01
202100013562,1,33,,0,2,1,1,B01
202100013563,2,7,,0,2,7,12,A01
202100013563,2,33,,0,2,8,3,B01
202100013564,2,31,,0,0,0,26,A01
202100013565,1,33,,0,0,0,21,A01
202100013566,2,7,,0,2,1,3,A01
202100013566,2,31,,0,2,2,12,B01
202100013567,1,7,,0,2,8,0,B01
202100013567,1,14,,0,2,2,0,A01
202100013568,1,33,,0,2,1,2,A01
202100013568,1,7,,0,2,4,2,B01
202100013569,1,7,,0,2,6,23,A01
202100013570,0,37,1.0,0,2,4,7,B01
202100013570,0,3,,0,2,1,1,A01
202100013571,3,10,,0,2,7,1,B01
202100013571,3,14,,0,2,1,1,A01
202100013572,0,7,,0,2,3,1,B01
202100013572,0,1,,0,2,2,15,A01
202100013573,2,7,,13,0,1,14,A01
202100013574,1,60,,0,2,4,1,B01
202100013574,3,7,,0,9,1,1,A01
202100013575,1,7,,0,1,1,1,A01
202100013576,3,2,,0,2,1,1,B01
202100013576,3,7,,0,2,7,1,A01
202100013577,2,7,,0,2,8,1,B01
202100013577,2,7,,0,2,8,1,C01
202100013577,2,10,,0,2,1,19,A01
202100013578,3,33,,0,2,1,17,B01
202100013578,3,7,,0,2,3,9,A01
202100013579,3,7,,0,1,1,1,A01
202100013580,1,10,,0,2,1,1,C01
202100013580,1,7,,0,2,1,2,B01
202100013580,1,7,,0,2,4,23,A01
202100013581,1,7,,0,2,1,1,B01
202100013581,2,7,,0,2,7,26,A01
202100013582,3,7,,0,1,2,17,A01
202100013583,3,7,,0,2,0,26,A01
202100013583,3,7,,0,2,1,15,B01
202100013584,1,37,1.0,0,1,2,1,A01
202100013585,1,1,,0,2,7,1,A01
202100013585,2,7,,0,2,1,9,B01
202100013586,1,2,,0,2,5,5,A01
202100013586,2,7,,0,2,3,15,B01
202100013587,3,37,1.0,0,1,7,26,A01
202100013588,0,7,,0,2,2,9,A01
202100013588,3,32,,0,2,4,9,B01
202100013589,3,1,,0,2,1,1,B01
202100013589,3,50,,0,2,1,13,A01
202100013590,1,1,,0,1,9,21,A01
202100013591,2,7,,8,0,1,14,A01
202100013592,1,7,,0,2,2,17,A01
202100013592,1,7,,0,2,6,1,B01
202100013593,3,7,,1,0,2,14,A01
202100013594,1,0,,0,1,5,2,Z01
202100013595,1,32,,0,2,1,19,A01
202100013595,1,7,,0,2,3,15,B01
202100013596,1,0,,0,1,0,1,A01
202100013597,3,7,,0,1,0,20,A01
202100013598,1,7,,0,2,3,1,B01
202100013598,2,7,,0,2,3,13,A01
202100013599,3,7,,0,2,1,23,C01
202100013599,3,10,,0,2,3,23,D01
202100013599,1,7,,0,2,1,9,A01
202100013599,2,2,,0,2,3,1,B01
202100013600,2,2,,1,0,2,1,A01
202100013601,3,7,,0,2,4,1,B01
202100013601,3,7,,0,2,1,2,A01
202100013602,2,2,,11,0,0,0,A01
202100013602,2,7,,0,0,0,1,B01
202100013603,2,7,,0,2,1,1,B01
202100013603,1,7,,0,2,1,13,A01
202100013604,0,30,,0,2,1,1,A01
202100013604,0,7,,0,2,4,1,B01
202100013605,2,13,,0,2,3,1,B01
202100013605,1,7,,0,2,3,13,A01
202100013606,3,1,,0,2,3,16,B01
202100013607,0,7,,0,1,2,16,A01
202100013608,0,7,,0,2,3,1,B01
202100013608,0,7,,0,2,2,1,A01
202100013609,0,7,,0,2,1,1,B01
202100013609,0,7,,0,2,6,19,A01
202100013610,2,7,,0,2,4,0,B01
202100013610,2,7,,0,2,1,2,A01
202100013611,1,7,,0,1,2,1,A01
202100013612,3,1,,0,0,0,1,A01
202100013613,1,7,,0,2,4,2,B01
202100013613,1,7,,0,2,1,2,A01
202100013614,1,32,,0,2,1,17,A01
202100013614,1,7,,0,2,6,15,B01
202100013615,2,7,,0,2,1,2,A01
202100013615,2,7,,0,2,4,2,B01
202100013615,2,7,,0,2,4,2,C01
202100013616,1,10,,0,2,2,1,B01
202100013616,1,7,,15,0,1,14,A01
202100013617,1,7,,0,1,2,16,A01
202100013618,1,37,1.0,0,2,5,17,A01
202100013618,1,1,,0,2,3,1,B01
202100013619,1,1,,0,2,4,1,B01
202100013619,1,10,,0,2,1,16,A01
202100013620,1,33,,0,2,4,1,B01
202100013620,1,33,,0,2,1,1,A01
202100013621,0,2,,0,2,4,2,B01
202100013621,0,7,,0,2,1,2,A01
202100013622,2,7,,0,2,4,2,B01
202100013622,2,7,,0,2,4,2,C01
202100013622,2,7,,0,2,1,2,A01
202100013623,2,7,,0,2,1,1,Z01
202100013623,1,7,,0,2,1,1,A01
202100013624,1,7,,0,2,3,15,B01
202100013624,1,30,,0,2,2,17,A01
202100013625,1,7,,0,2,5,9,A01
202100013625,1,33,,0,2,1,1,B01
202100013626,1,7,,0,2,5,16,A01
202100013626,1,80,,0,2,1,1,B01
202100013627,3,7,,0,2,1,2,A01
202100013627,3,31,,0,2,4,2,B01
202100013628,3,37,1.0,0,1,1,1,A01
202100013629,3,1,,1,0,1,1,A01
202100013630,3,33,,0,2,4,2,B01
202100013630,3,33,,0,2,1,2,A01
202100013631,3,50,,0,9,0,2,B01
202100013631,3,7,,0,9,0,2,A01
202100013632,1,7,,0,2,4,2,A01
202100013632,1,2,,0,2,1,2,B01
202100013633,2,7,,0,1,1,1,A01
202100013634,3,50,,0,2,1,1,B01
202100013634,1,7,,0,2,6,1,A01
202100013635,1,7,,0,2,1,23,A01
202100013635,3,1,,0,2,0,0,B01
202100013636,2,7,,0,1,1,13,A01
202100013637,2,7,,0,2,2,0,A01
202100013637,2,37,1.0,0,2,3,1,B01
202100013638,2,1,,0,2,7,1,B01
202100013638,2,7,,0,2,2,15,A01
202100013639,2,30,,0,2,8,1,B01
202100013639,2,7,,0,2,0,17,Z01
202100013640,1,1,,0,2,1,1,A01
202100013640,1,7,,0,9,3,15,B01
202100013641,1,7,,0,9,2,15,A01
202100013641,1,80,,0,2,1,1,B01
202100013642,2,7,,0,2,4,1,C01
202100013642,2,7,,0,2,4,1,B01
202100013642,2,7,,0,2,1,1,A01
202100013643,1,2,,0,2,3,26,A01
202100013643,1,7,,0,2,3,26,B01
202100013644,1,1,,0,2,1,5,B01
202100013644,2,7,,0,2,3,9,A01
202100013645,2,7,,0,2,4,23,B01
202100013645,2,7,,0,2,1,2,A01
202100013646,1,10,,0,2,2,1,B01
202100013646,1,7,,0,2,8,1,A01
202100013647,1,7,,8,2,3,2,A01
202100013647,2,7,,8,2,0,1,B01
202100013648,3,7,,1,0,3,1,A01
202100013649,2,14,,15,0,1,13,A01
202100013650,1,10,,0,2,4,2,A01
202100013650,1,7,,0,2,1,2,B01
202100013651,3,40,,0,2,1,2,B01
202100013651,3,7,,0,4,3,15,A01
202100013652,2,10,,0,2,3,1,A01
202100013652,2,7,,0,2,3,15,B01
202100013653,3,7,,0,1,1,15,A01
202100013654,0,1,,0,2,0,0,C01
202100013654,3,7,,9,9,1,21,A01
202100013654,0,1,,0,2,4,25,B01
202100013655,1,7,,0,9,2,1,A01
202100013655,3,1,,0,9,8,19,B01
202100013656,2,7,,0,2,1,15,A01
202100013656,2,1,,0,2,1,16,B01
202100013657,2,7,,0,2,1,2,A01
202100013657,2,7,,0,2,4,2,B01
202100013658,1,31,,0,2,1,21,A01
202100013658,1,7,,0,2,5,1,B01
202100013659,2,7,,0,1,2,26,A01
202100013660,3,17,,0,1,1,20,A01
202100013661,0,7,,0,1,1,1,A01
202100013662,3,7,,0,2,6,23,B01
202100013662,3,30,,14,0,2,17,A01
202100013663,3,7,,0,2,7,0,B01
202100013663,3,30,,0,2,7,19,A01
202100013664,1,7,,0,2,1,15,B01
202100013664,2,2,,0,2,1,19,A01
202100013665,1,50,,0,2,7,2,B01
202100013665,1,7,,0,2,1,25,A01
202100013666,1,7,,0,2,1,1,B01
202100013666,2,7,,0,2,7,19,A01
202100013667,2,2,,0,2,1,2,A01
202100013667,2,7,,0,0,4,23,B01
202100013668,3,1,,0,2,8,26,Z01
202100013668,1,7,,0,0,0,0,A01
202100013669,2,10,,0,2,1,2,A01
202100013669,2,7,,0,2,0,0,B01
202100013670,1,7,,0,2,0,0,A01
202100013670,2,33,,0,2,1,1,B01
202100013671,2,43,,0,2,6,0,B01
202100013671,1,7,,0,2,3,15,A01
202100013672,2,99,,0,2,1,2,Z01
202100013672,2,32,,0,2,4,2,A01
202100013673,2,7,,0,2,9,23,D01
202100013673,2,7,,0,2,7,23,F01
202100013673,2,2,,0,2,0,23,E01
202100013673,2,7,,0,1,1,23,C01
202100013673,1,7,,0,2,3,19,B01
202100013673,1,7,,0,2,1,26,A01
202100013674,3,7,,0,2,4,1,B01
202100013674,3,7,,0,2,1,1,A01
202100013675,1,7,,0,2,2,11,A01
202100013675,1,7,,0,2,3,11,B01
202100013676,3,7,,0,2,1,1,A01
202100013676,3,7,,0,2,4,0,B01
202100013676,3,7,,0,2,4,1,C01
202100013677,3,13,,8,0,2,2,A01
202100013677,3,7,,0,9,6,2,B01
202100013678,2,33,,0,2,1,13,A01
202100013678,1,10,,0,2,3,1,B01
202100013679,2,7,,0,2,4,1,B01
202100013679,2,7,,0,2,1,1,A01
202100013679,2,7,,0,2,4,1,C01
202100013680,2,31,,0,2,3,15,A01
202100013680,1,1,,0,2,1,1,B01
202100013681,1,33,,0,2,7,17,A01
202100013681,1,7,,0,2,8,15,B01
202100013682,2,30,,0,2,0,1,Z01
202100013682,2,50,,0,2,8,19,A01
202100013683,1,30,,0,2,1,1,B01
202100013683,1,7,,0,2,3,9,A01
202100013684,1,30,,0,1,1,8,Z01
202100013685,1,33,,0,1,1,1,A01
202100013686,1,7,,0,2,3,15,A01
202100013686,1,50,,0,2,1,17,B01
202100013687,1,7,,0,2,3,10,B01
202100013687,1,43,,0,2,1,17,A01
202100013688,3,7,,0,2,1,1,B01
202100013688,2,7,,0,2,2,1,A01
202100013689,1,7,,0,2,2,1,B01
202100013689,1,33,,0,2,6,15,A01
202100013690,2,33,,0,2,2,9,A01
202100013690,2,31,,0,2,2,3,B01
202100013691,2,30,,0,2,1,1,A01
202100013691,1,7,,0,2,6,1,B01
202100013692,2,1,,0,1,1,1,A01
202100013693,2,1,,0,2,1,16,B01
202100013693,2,10,,0,2,2,1,A01
202100013694,1,1,,0,2,7,1,B01
202100013694,1,43,,0,2,1,1,A01
202100013695,1,31,,1,0,2,1,A01
202100013696,1,43,,0,2,1,8,A01
202100013696,1,7,,0,2,6,15,B01
202100013697,1,14,,0,1,2,16,A01
202100013698,2,10,,0,2,1,13,A01
202100013698,1,37,3.0,0,2,1,1,B01
202100013699,1,30,,0,2,0,16,A01
202100013700,1,1,,0,2,9,0,B01
202100013700,2,37,1.0,0,2,1,1,A01
202100013701,2,10,,0,2,2,1,A01
202100013702,2,37,1.0,1,0,0,0,B01
202100013702,3,1,,15,0,0,0,A01
202100013703,3,7,,0,2,2,2,B01
202100013703,3,3,,7,0,6,2,A01
202100013704,3,10,,0,2,3,9,B01
202100013704,3,50,,0,2,1,1,A01
202100013705,1,34,,0,2,2,1,B01
202100013705,1,7,,0,2,3,16,A01
202100013706,0,7,,0,2,5,15,B01
202100013706,0,33,,0,2,1,1,A01
202100013707,2,33,,0,2,1,1,A01
202100013707,2,7,,0,2,4,1,B01
202100013708,3,7,,0,1,1,26,A01
202100013709,3,10,,9,2,1,14,A01
202100013710,1,7,,14,2,1,19,A01
202100013710,1,32,,14,2,7,19,B01
202100013711,2,34,,0,2,1,18,B01
202100013711,2,7,,0,2,7,23,A01
202100013712,3,7,,0,2,3,9,A01
202100013712,3,1,,0,2,1,2,B01
202100013713,1,1,,0,2,3,26,B01
202100013713,2,7,,0,9,2,1,A01
202100013714,-1,7,,1,0,3,13,A01
202100013715,1,7,,0,1,3,1,A01
202100013716,-1,0,,0,2,0,0,Y01
202100013716,2,7,,0,1,1,2,A01
202100013717,2,7,,0,2,3,1,A01
202100013717,1,7,,0,2,3,1,B01
202100013718,1,7,,0,0,0,1,A01
202100013719,1,7,,0,1,1,1,A01
202100013720,0,7,,0,2,1,15,A01
202100013720,0,60,,0,2,8,25,B01
202100013721,1,32,,9,0,3,13,A01
202100013722,1,14,,0,2,5,15,A01
202100013722,1,1,,0,2,3,0,B01
202100013723,1,32,,4,0,8,21,A01
202100013723,1,7,,0,0,0,26,B01
202100013724,1,1,,1,0,0,1,B01
202100013724,1,10,,0,2,8,22,A01
202100013725,2,7,,0,2,1,2,A01
202100013725,2,7,,0,2,4,23,B01
202100013725,2,7,,0,2,4,2,C01
202100013726,1,7,,0,1,2,1,A01
202100013727,1,32,,0,2,1,1,A01
202100013727,1,1,,0,2,4,15,B01
202100013728,2,7,,0,2,3,15,B01
202100013728,1,2,,0,2,1,1,A01
202100013729,2,7,,13,0,0,1,A01
202100013730,1,50,,0,2,1,1,B01
202100013730,1,7,,0,2,3,19,A01
202100013731,3,2,,1,0,1,1,A01
202100013732,3,7,,0,2,3,9,A01
202100013732,3,10,,0,2,2,1,B01
202100013733,2,1,,0,0,0,5,A01
202100013734,0,7,,0,2,3,17,A01
202100013734,0,31,,0,2,3,1,B01
202100013735,2,33,,5,0,3,1,A01
202100013736,0,7,,6,0,4,4,A01
202100013737,2,7,,0,2,3,10,B01
202100013737,2,33,,0,2,2,17,A01
202100013738,1,7,,0,1,1,26,A01
202100013739,1,33,,3,0,8,1,A01
202100013740,1,7,,0,2,1,1,B01
202100013740,2,7,,0,2,3,15,A01
202100013741,2,7,,0,2,2,17,A01
202100013741,2,7,,0,0,8,15,B01
202100013742,2,33,,0,2,8,15,B01
202100013742,2,7,,0,2,3,15,A01
202100013743,2,7,,0,2,1,1,B01
202100013743,1,7,,0,2,2,15,A01
202100013744,1,15,,0,0,4,1,B01
202100013744,1,7,,3,2,1,1,A01
202100013745,2,21,,0,2,1,1,B01
202100013745,1,7,,0,2,1,13,A01
202100013746,0,13,,0,2,5,1,B01
202100013746,0,7,,0,2,3,19,A01
202100013747,2,33,,0,2,1,1,B01
202100013747,1,7,,0,2,7,15,A01
202100013748,1,99,,13,0,9,13,A01
202100013749,2,7,,0,6,1,1,A01
202100013750,1,1,,0,2,1,1,B01
202100013750,2,7,,0,2,8,9,A01
202100013751,1,7,,13,0,1,1,A01
202100013752,0,1,,0,0,1,0,A01
202100013753,2,7,,0,2,3,0,B01
202100013753,1,7,,0,2,3,0,A01
202100013754,1,36,,0,0,3,1,A01
202100013755,1,80,,0,2,8,13,B01
202100013755,1,15,,0,9,5,17,A01
202100013756,1,7,,0,2,2,15,A01
202100013756,2,2,,0,2,1,1,B01
202100013757,0,3,,0,2,8,15,B01
202100013757,2,33,,0,2,1,17,A01
202100013758,2,33,,0,0,0,1,A01
202100013759,3,33,,0,2,1,1,A01
202100013759,3,7,,0,2,2,1,B01
202100013760,3,2,,0,2,3,1,A01
202100013760,3,2,,0,2,3,1,B01
202100013761,1,2,,0,2,1,26,A01
202100013761,1,7,,0,0,3,23,B01
202100013762,1,7,,0,9,1,16,A01
202100013762,1,1,,0,2,4,1,B01
202100013763,2,15,,3,0,0,1,A01
202100013764,2,80,,0,0,4,2,B01
202100013764,2,3,,0,9,2,2,A01
202100013765,0,2,,0,0,0,0,B01
202100013765,0,7,,0,2,2,15,A01
202100013766,3,7,,0,2,3,1,B01
202100013766,2,33,,0,2,3,1,A01
202100013767,1,7,,0,2,2,17,A01
202100013767,1,33,,0,0,4,2,B01
202100013768,1,15,,0,0,8,9,A01
202100013768,1,7,,4,0,1,1,B01
202100013769,0,10,,0,1,1,1,A01
202100013770,1,7,,2,0,2,0,A01
202100013771,1,1,,0,2,0,10,A01
202100013771,1,32,,0,2,8,21,B01
202100013772,0,7,,0,1,2,1,A01
202100013773,3,33,,0,2,1,0,B01
202100013773,3,7,,0,2,2,15,A01
202100013774,1,10,,4,0,6,2,B01
202100013774,1,7,,0,2,1,1,A01
202100013775,1,7,,0,1,1,1,A01
202100013776,1,33,,4,0,3,13,A01
202100013777,2,33,,12,0,1,1,A01
202100013778,2,7,,0,9,2,2,A01
202100013778,2,99,,0,0,6,2,B01
202100013779,2,7,,0,0,3,1,B01
202100013779,1,7,,0,0,3,1,A01
202100013780,0,2,,0,2,1,1,B01
202100013780,0,7,,0,2,8,9,A01
202100013781,2,33,,0,0,7,15,A01
202100013781,1,7,,0,2,1,1,B01
202100013782,2,7,,0,2,6,1,A01
202100013782,2,1,,0,2,7,1,B01
202100013783,2,7,,0,2,6,1,A01
202100013783,2,33,,0,2,2,14,B01
202100013783,-1,7,,-1,-1,-1,-1,Z01
202100013784,1,7,,0,2,4,2,A01
202100013784,1,7,,0,2,1,2,B01
202100013785,1,33,,0,2,1,1,C01
202100013785,1,14,,0,2,8,1,B01
202100013785,1,10,,0,2,5,1,A01
202100013786,1,7,,0,2,4,2,A01
202100013786,1,7,,0,2,1,2,B01
202100013787,1,7,,0,2,6,1,B01
202100013787,1,14,,0,2,0,12,A01
202100013788,2,33,,0,2,1,18,A01
202100013788,2,7,,0,2,4,1,B01
202100013789,1,7,,0,2,4,2,B01
202100013789,1,10,,0,0,0,0,C01
202100013789,1,10,,0,2,1,2,A01
202100013790,2,33,,3,0,9,2,A01
202100013791,2,7,,0,2,1,2,F01
202100013791,2,7,,0,2,4,2,E01
202100013791,2,7,,0,2,4,2,D01
202100013791,2,7,,0,2,4,2,C01
202100013791,2,7,,0,2,1,2,B01
202100013791,2,7,,0,2,1,2,A01
202100013792,1,7,,0,2,6,15,A01
202100013792,1,34,,0,2,7,2,B01
202100013793,2,43,,0,2,7,1,B01
202100013793,2,7,,0,2,3,11,A01
202100013794,1,15,,0,2,8,1,B01
202100013794,1,10,,0,2,7,14,A01
202100013795,1,15,,0,2,8,2,A01
202100013795,1,15,,0,2,6,2,C01
202100013795,1,7,,0,2,1,0,B01
202100013796,1,7,,4,2,3,11,A01
202100013796,1,7,,4,2,5,1,B01
202100013797,2,7,,0,2,3,11,B01
202100013797,2,43,,0,2,2,3,A01
202100013798,2,31,,0,2,1,11,B01
202100013798,2,7,,0,2,4,1,A01
202100013799,2,7,,3,2,3,1,B01
202100013799,2,15,,3,2,2,12,A01
202100013800,1,7,,0,2,7,1,C01
202100013800,1,17,,0,2,1,12,B01
202100013800,1,7,,0,2,6,1,A01
202100013801,1,7,,0,2,4,1,B01
202100013801,1,7,,0,2,1,2,A01
202100013802,1,10,,0,2,5,1,B01
202100013802,1,31,,0,2,1,1,A01
202100013803,2,10,,0,2,1,14,A01
202100013803,2,17,,0,2,6,2,B01
202100013804,3,33,,1,0,1,14,A01
202100013805,2,2,,0,2,1,1,A01
202100013805,2,7,,0,2,3,1,B01
202100013806,1,7,,0,1,1,1,A01
202100013807,3,10,,0,0,3,23,B01
202100013807,2,30,,0,0,0,1,A01
202100013808,1,2,,0,2,4,1,B01
202100013808,1,10,,0,2,1,9,A01
202100013809,1,1,,0,2,8,1,B01
202100013809,2,10,,0,2,1,15,A01
202100013810,2,1,,0,2,8,19,B01
202100013810,2,7,,0,2,2,1,A01
202100013811,2,7,,0,2,1,9,B01
202100013812,1,7,,0,2,4,2,C01
202100013812,1,7,,0,2,4,2,D01
202100013812,1,7,,0,2,6,2,B01
202100013812,1,99,,0,2,1,2,A01
202100013813,2,7,,0,2,6,2,B01
202100013813,2,32,,0,2,1,13,A01
202100013814,3,7,,0,2,3,15,A01
202100013814,3,32,,0,2,7,1,B01
202100013815,1,33,,0,2,0,21,A01
202100013815,1,7,,0,2,0,15,B01
202100013816,1,31,,0,2,2,26,B01
202100013816,1,7,,0,2,3,1,A01
202100013817,1,7,,0,0,4,2,B01
202100013817,1,7,,0,2,1,1,A01
202100013818,1,7,,3,0,1,26,A01
202100013819,3,10,,0,2,8,13,A01
202100013819,3,34,,0,2,2,1,B01
202100013820,2,7,,0,2,2,16,B01
202100013820,2,33,,0,2,3,18,A01
202100013821,1,7,,0,2,2,1,A01
202100013821,1,7,,0,2,3,1,B01
202100013822,2,7,,1,0,3,1,A01
202100013823,3,7,,8,0,1,16,A01
202100013824,1,7,,0,2,3,15,A01
202100013824,1,32,,0,2,1,17,B01
202100013825,1,7,,0,2,4,2,B01
202100013825,1,30,,0,2,1,2,A01
202100013826,0,7,,0,2,1,1,A01
202100013826,0,7,,0,2,4,1,B01
202100013827,0,7,,0,1,1,20,A01
202100013828,0,7,,0,2,1,1,B01
202100013828,0,7,,0,2,1,18,A01
202100013829,1,7,,0,2,2,1,B01
202100013829,2,30,,0,2,7,15,A01
202100013830,3,7,,0,2,1,2,A01
202100013830,3,2,,0,2,5,1,B01
202100013831,3,7,,0,1,0,1,Z01
202100013832,0,7,,1,0,7,4,Z01
202100013833,0,10,,0,2,1,1,A01
202100013833,0,1,,0,2,7,1,B01
202100013834,2,7,,0,1,1,1,A01
202100013835,2,7,,1,0,0,0,A01
202100013836,3,10,,1,0,0,0,A01
202100013837,3,7,,0,2,6,23,B01
202100013837,3,1,,0,2,1,16,A01
202100013838,1,31,,0,2,4,15,A01
202100013838,1,7,,0,2,1,2,Z01
202100013839,1,7,,0,2,5,17,A01
202100013839,2,7,,0,2,1,2,B01
202100013840,1,99,,0,2,1,1,TB01
202100013840,1,7,,0,2,2,16,A01
202100013841,3,1,,0,2,8,19,B01
202100013841,3,7,,0,9,1,1,A01
202100013842,3,7,,0,9,8,1,B01
202100013842,3,1,,0,2,1,0,A01
202100013843,2,7,,0,2,7,14,A01
202100013843,2,7,,0,2,8,1,B01
202100013844,1,7,,0,2,4,2,B01
202100013844,1,7,,0,2,1,2,A01
202100013845,2,7,,0,1,2,1,A01
202100013846,1,7,,0,2,1,1,A01
202100013847,1,33,,0,2,3,17,A01
202100013847,1,33,,0,2,0,15,B01
202100013848,1,7,,8,0,1,14,A01
202100013849,1,7,,0,9,3,9,A01
202100013850,2,7,,0,1,1,16,A01
202100013851,3,2,,13,0,2,14,A01
202100013852,1,50,,0,2,2,26,B01
202100013852,1,7,,0,2,3,1,A01
202100013853,1,7,,0,2,1,1,A01
202100013853,1,7,,0,2,4,1,B01
202100013854,1,7,,8,0,3,0,A01
202100013855,1,7,,0,2,8,1,B01
202100013855,1,10,,0,2,7,17,A01
202100013856,3,39,,0,1,2,1,A01
202100013857,1,1,,0,2,1,1,B01
202100013857,2,13,,0,2,2,9,A01
202100013858,1,7,,0,1,1,16,A01
202100013859,3,7,,0,2,4,23,B01
202100013859,3,7,,14,0,1,2,A01
202100013860,1,7,,3,0,1,14,A01
202100013861,2,1,,0,2,0,19,A01
202100013861,2,7,,0,2,0,1,B01
202100013862,3,40,,0,2,0,1,B01
202100013862,3,7,,0,4,8,15,A01
202100013863,3,7,,0,1,1,1,A01
202100013864,2,30,,1,0,1,1,A01
202100013865,2,7,,9,0,2,14,A01
202100013866,1,7,,0,1,8,1,A01
202100013867,1,7,,0,2,1,2,A01
202100013867,0,31,,0,2,4,2,B01
202100013868,1,7,,0,2,8,16,A01
202100013868,1,37,1.0,0,2,2,1,B01
202100013869,1,7,,0,2,4,1,B01
202100013869,1,30,,0,2,1,1,A01
202100013870,1,33,,0,2,1,2,B01
202100013870,1,7,,0,2,8,15,A01
202100013871,3,13,,0,1,1,1,A01
202100013872,3,7,,0,2,1,9,A01
202100013872,3,1,,0,2,1,1,B01
202100013873,2,10,,0,2,9,2,B01
202100013873,2,10,,0,2,1,2,A01
202100013873,2,10,,0,2,6,2,C01
202100013874,2,7,,0,1,2,1,A01
202100013875,0,7,,0,2,1,2,A01
202100013875,0,7,,0,2,4,2,B01
202100013875,0,7,,0,2,4,0,C01
202100013876,2,10,,11,0,0,9,A01
202100013877,1,7,,0,2,4,1,A01
202100013877,0,1,,0,2,1,15,B01
202100013878,3,7,,0,2,1,1,A01
202100013878,3,7,,0,2,7,15,Z01
202100013879,1,7,,0,2,1,15,B01
202100013879,1,32,,14,2,2,2,A01
202100013880,1,7,,0,2,8,1,B01
202100013880,2,10,,0,2,3,1,A01
202100013881,3,2,,0,0,7,15,B01
202100013881,2,7,,0,2,3,9,A01
202100013882,1,7,,0,2,3,9,A01
202100013882,1,7,,0,2,6,1,B01
202100013883,1,10,,0,0,0,2,A01
202100013883,1,2,,0,0,8,2,B01
202100013884,1,7,,0,2,3,1,B01
202100013884,2,7,,0,2,3,13,A01