Num_Acc,senc,catv,occutc,obs,obsm,choc,manv,num_veh
202100013885,1,7,,1,2,2,19,A01
202100013885,2,31,,0,2,3,1,B01
202100013886,1,33,,0,2,1,2,A01
202100013886,1,7,,0,2,5,2,B01
202100013887,2,34,,0,2,7,3,A01
202100013888,3,32,,0,2,5,1,A01
202100013888,3,7,,0,2,5,15,B01
202100013889,1,7,,0,1,3,1,Z01
202100013890,2,1,,0,2,8,21,B01
202100013890,2,30,,0,2,1,1,A01
202100013891,2,33,,0,2,8,1,A01
202100013891,1,7,,0,2,1,15,B01
202100013892,1,1,,12,0,1,1,A01
202100013893,2,32,,0,1,7,1,A01
202100013894,2,33,,0,1,3,1,A01
202100013895,3,7,,0,2,2,15,A01
202100013895,3,30,,0,2,1,1,B01
202100013896,3,10,,0,1,2,15,A01
202100013897,2,37,2.0,0,1,2,1,A01
202100013898,0,7,,0,2,8,15,A01
202100013898,3,32,,0,2,6,1,B01
202100013899,1,7,,4,0,2,1,A01
202100013900,1,7,,0,2,6,1,B01
202100013900,1,7,,1,2,2,20,A01
202100013901,1,7,,0,1,3,1,A01
202100013902,3,7,,0,2,3,19,B01
202100013902,3,30,,0,2,2,19,A01
202100013903,3,7,,0,2,3,1,A01
202100013903,3,7,,0,2,3,1,B01
202100013904,2,32,,0,1,2,0,A01
202100013905,3,10,,0,2,2,10,A01
202100013905,3,34,,0,2,1,1,B01
202100013906,1,32,,0,0,2,2,A01
202100013906,1,7,,0,2,3,15,B01
202100013907,2,7,,0,2,1,15,B01
202100013907,1,7,,9,2,5,5,A01
202100013908,3,7,,0,2,1,15,A01
202100013908,0,99,,0,2,0,0,B01
202100013909,1,32,,0,0,0,0,A01
202100013910,1,7,,0,2,2,1,A01
202100013910,1,7,,0,2,6,23,B01
202100013911,1,33,,12,0,1,1,A01
202100013912,2,7,,0,2,2,2,A01
202100013912,2,10,,0,2,6,23,B01
202100013913,2,7,,0,2,1,0,A01
202100013913,2,7,,0,0,4,0,B01
202100013914,2,7,,0,2,1,15,A01
202100013914,1,7,,0,2,1,1,B01
202100013915,0,7,,0,1,2,19,A01
202100013916,1,33,,0,2,1,1,C01
202100013916,2,7,,0,2,1,1,B01
202100013916,1,10,,0,2,1,1,A01
202100013917,2,7,,0,1,2,1,A01
202100013918,1,7,,0,1,2,1,A01
202100013919,2,2,,0,2,1,1,A01
202100013919,2,7,,0,2,8,19,B01
202100013920,1,7,,0,2,3,13,A01
202100013920,2,15,,0,2,3,1,B01
202100013921,2,7,,0,2,3,15,A01
202100013921,1,2,,0,2,1,1,B01
202100013922,1,7,,0,0,4,2,B01
202100013922,1,7,,0,2,1,2,A01
202100013923,1,10,,0,2,1,1,A01
202100013923,2,7,,0,2,1,1,C01
202100013923,1,7,,0,2,4,15,B01
202100013924,1,7,,0,2,3,1,A01
202100013924,2,7,,0,2,3,1,B01
202100013925,1,7,,6,0,2,14,A01
202100013926,1,33,,0,6,1,1,A01
202100013927,2,7,,2,0,3,14,A01
202100013928,1,10,,6,2,7,17,A01
202100013928,1,7,,0,2,8,15,B01
202100013929,2,33,,0,2,2,1,A01
202100013929,2,7,,0,2,3,19,B01
202100013930,1,7,,0,2,3,1,B01
202100013930,2,7,,0,2,3,15,A01
202100013931,2,21,,0,2,6,16,B01
202100013931,2,7,,0,2,2,17,A01
202100013932,1,7,,0,1,1,16,A01
202100013933,3,33,,2,0,1,1,A01
202100013934,2,7,,0,2,3,13,B01
202100013934,2,2,,0,2,1,13,A01
202100013935,1,1,,0,2,1,1,B01
202100013935,2,7,,0,2,3,9,A01
202100013936,1,10,,0,1,1,1,A01
202100013937,2,10,,13,0,3,1,A01
202100013938,1,33,,0,0,0,0,A01
202100013939,2,1,,0,2,8,2,A01
202100013939,2,7,,0,9,2,2,B01
202100013940,1,7,,0,2,3,0,A01
202100013940,2,7,,0,2,3,0,B01
202100013941,2,10,,0,2,7,10,A01
202100013941,2,7,,0,2,1,1,B01
202100013942,3,2,,0,2,5,19,A01
202100013942,3,33,,0,2,1,1,B01
202100013943,1,7,,0,2,3,10,A01
202100013943,2,10,,0,2,1,13,B01
202100013944,0,7,,0,0,0,0,A01
202100013945,2,7,,2,0,1,26,A01
202100013946,1,7,,2,0,1,1,A01
202100013947,1,7,,0,2,6,15,A01
202100013947,2,33,,0,2,1,1,B01
202100013948,3,21,,0,0,7,19,A01
202100013948,1,7,,0,2,1,1,B01
202100013949,1,15,,1,0,4,23,B01
202100013949,1,15,,0,0,4,23,C01
202100013949,1,15,,1,0,1,2,A01
202100013950,2,10,,0,2,1,2,A01
202100013950,2,17,,0,0,5,2,B01
202100013951,0,7,,0,2,3,0,B01
202100013951,0,34,,0,2,1,1,A01
202100013952,1,7,,4,0,1,14,A01
202100013953,2,99,,0,2,7,17,A01
202100013953,2,15,,0,2,3,1,B01
202100013954,0,2,,0,2,3,10,B01
202100013954,0,10,,0,2,2,13,A01
202100013955,3,10,,0,2,1,13,A01
202100013955,3,15,,0,2,1,1,B01
202100013956,3,7,,0,0,9,13,A01
202100013957,0,2,,0,0,2,1,A01
202100013958,1,7,,0,2,2,17,A01
202100013958,1,7,,0,2,6,1,B01
202100013959,0,7,,6,0,1,0,A01
202100013960,2,33,,0,2,2,17,B01
202100013960,2,7,,0,0,8,15,A01
202100013961,-1,7,,0,1,1,1,A01
202100013962,1,7,,0,2,2,15,B01
202100013962,0,2,,0,2,9,1,A01
202100013963,1,10,,0,0,4,23,C01
202100013963,1,33,,0,2,4,23,B01
202100013963,1,7,,0,2,2,13,A01
202100013964,3,7,,0,1,1,26,A01
202100013965,2,7,,0,2,1,2,C01
202100013965,2,7,,0,2,8,2,B01
202100013965,2,14,,0,2,7,12,A01
202100013966,2,10,,0,2,3,11,A01
202100013966,2,31,,0,2,8,3,B01
202100013967,1,7,,0,2,4,2,B01
202100013967,1,7,,0,2,1,2,A01
202100013968,2,10,,0,2,2,14,A01
202100013968,2,7,,9,0,6,1,B01
202100013969,2,33,,0,0,2,3,A01
202100013970,2,7,,3,0,1,12,A01
202100013971,1,7,,0,2,4,1,B01
202100013971,1,7,,0,2,1,11,A01
202100013972,1,7,,0,2,6,11,B01
202100013972,1,33,,0,2,7,17,A01
202100013973,2,7,,0,2,4,1,B01
202100013973,2,0,,0,2,1,1,A01
202100013974,1,33,,0,0,7,16,A01
202100013975,2,7,,0,2,1,1,A01
202100013975,2,7,,0,2,4,23,B01
202100013976,1,7,,2,2,1,1,A01
202100013977,1,7,,1,2,5,1,B01
202100013977,1,7,,0,2,1,9,A01
202100013978,3,7,,0,0,1,1,B01
202100013978,3,7,,0,2,1,1,A01
202100013979,1,7,,0,2,1,1,B01
202100013979,2,33,,8,2,0,26,A01
202100013980,2,1,,0,2,1,1,B01
202100013980,1,7,,0,2,7,15,A01
202100013981,2,7,,0,2,7,15,A01
202100013981,1,7,,0,2,1,1,B01
202100013982,1,1,,0,2,1,1,B01
202100013982,1,7,,0,2,8,22,A01
202100013983,2,7,,6,0,1,15,A01
202100013984,2,7,,0,2,1,1,A01
202100013984,1,7,,0,2,7,0,B01
202100013985,1,30,,0,0,0,26,A01
202100013986,2,7,,0,2,3,15,A01
202100013986,1,33,,0,2,3,1,B01
202100013987,2,3,,0,2,6,1,C01
202100013987,2,7,,0,2,1,13,A01
202100013987,1,7,,0,2,1,1,B01
202100013988,0,7,,0,1,6,4,A01
202100013989,1,7,,8,0,1,13,A01
202100013990,3,7,,0,2,8,1,B01
202100013990,3,7,,0,2,2,9,A01
202100013991,3,3,,0,1,0,0,Z01
202100013992,2,7,,0,1,2,26,A01
202100013993,3,7,,15,0,3,15,A01
202100013993,3,34,,0,2,1,1,B01
202100013994,1,7,,0,2,3,15,A01
202100013994,2,33,,0,2,8,1,B01
202100013995,1,10,,0,2,5,17,A01
202100013995,1,80,,0,2,1,2,B01
202100013996,2,7,,15,0,2,14,A01
202100013997,1,7,,2,0,3,13,A01
202100013998,1,30,,0,2,8,1,B01
202100013998,1,7,,0,2,8,15,A01
202100013999,2,7,,0,2,1,1,B01
202100013999,1,7,,0,2,1,5,A01
202100014000,2,7,,0,1,0,2,A01
202100014001,1,7,,0,2,1,15,A01
202100014001,1,31,,0,2,3,1,B01
202100014002,1,7,,0,2,2,1,B01
202100014002,3,31,,0,2,1,26,A01
202100014003,3,7,,0,2,8,16,A01
202100014003,3,1,,0,2,2,9,B01
202100014004,3,7,,0,2,3,19,A01
202100014004,1,1,,0,2,1,0,B01
202100014005,2,7,,15,2,1,1,A01
202100014005,1,7,,0,0,0,0,B01
202100014006,1,33,,0,2,1,1,A01
202100014006,1,30,,0,2,4,15,B01
202100014007,1,31,,0,2,4,23,B01
202100014007,1,7,,0,2,1,2,A01
202100014008,1,7,,2,0,1,1,A01
202100014009,1,7,,1,2,1,1,A01
202100014009,1,7,,1,2,2,1,B01
202100014010,3,7,,0,2,1,1,A01
202100014010,3,7,,0,2,3,15,B01
202100014011,2,7,,0,2,1,2,A01
202100014011,2,33,,0,2,4,1,B01
202100014012,1,7,,0,2,3,1,C01
202100014012,1,10,,0,2,8,1,D01
202100014012,2,7,,0,2,1,5,A01
202100014012,1,7,,0,2,1,1,B01
202100014013,2,7,,0,2,2,12,A01
202100014013,2,1,,0,2,1,1,B01
202100014014,2,50,,0,2,1,1,A01
202100014014,3,7,,0,2,0,1,Z01
202100014015,1,30,,0,2,8,17,A01
202100014015,0,30,,0,2,7,16,Z01
202100014016,1,33,,0,1,1,1,A01
202100014017,2,7,,0,2,2,1,A01
202100014017,2,50,,0,2,1,13,B01
202100014017,2,7,,0,2,8,22,C01
202100014018,1,7,,0,1,4,4,A01
202100014019,2,1,,0,2,4,19,B01
202100014019,2,7,,0,2,1,1,A01
202100014020,1,7,,0,2,3,1,B01
202100014020,1,43,,0,2,2,17,A01
202100014021,1,7,,0,2,4,23,B01
202100014021,1,7,,0,2,1,2,A01
202100014022,2,33,,0,0,0,1,A01
202100014023,2,50,,0,0,1,1,A01
202100014024,1,34,,0,1,1,1,A01
202100014025,2,7,,0,2,1,1,A01
202100014025,1,7,,0,2,8,1,B01
202100014026,1,7,,2,0,2,14,A01
202100014027,2,7,,0,2,4,0,C01
202100014027,2,7,,0,2,4,2,B01
202100014027,2,7,,0,2,1,1,A01
202100014028,1,7,,0,1,2,26,A01
202100014029,-1,7,,0,1,1,1,A01
202100014030,1,7,,0,0,4,2,C01
202100014030,1,7,,0,0,4,2,B01
202100014030,1,7,,0,0,1,2,A01
202100014031,3,7,,8,0,2,1,A01
202100014032,1,7,,2,0,1,0,A01
202100014033,1,7,,8,2,8,19,A01
202100014033,2,7,,0,2,1,1,B01
202100014034,1,7,,0,2,2,1,B01
202100014034,2,33,,0,2,3,15,A01
202100014035,1,7,,0,2,2,15,A01
202100014035,2,7,,0,2,1,1,B01
202100014036,2,10,,0,2,1,2,A01
202100014036,2,7,,0,1,4,23,B01
202100014037,2,2,,1,0,1,0,A01
202100014038,3,33,,0,0,4,15,A01
202100014038,3,33,,0,2,1,15,B01
202100014039,3,7,,0,2,0,1,B01
202100014039,3,7,,0,2,0,1,A01
202100014040,1,43,,0,2,7,17,B01
202100014040,1,7,,0,2,3,15,A01
202100014041,2,7,,0,2,3,21,B01
202100014041,1,7,,0,2,3,0,A01
202100014042,0,7,,0,9,0,16,A01
202100014042,0,1,,0,0,0,0,B01
202100014043,1,31,,0,2,4,17,A01
202100014043,2,7,,0,2,3,1,B01
202100014044,1,7,,2,0,1,13,A01
202100014045,1,33,,2,0,1,1,A01
202100014046,1,10,,0,2,3,13,A01
202100014046,2,7,,0,2,8,1,B01
202100014047,1,7,,0,1,1,1,A01
202100014048,1,7,,9,0,4,2,B01
202100014048,1,7,,0,2,1,2,A01
202100014049,2,31,,0,2,2,17,B01
202100014049,2,7,,0,2,8,15,A01
202100014050,3,1,,0,0,0,0,A01
202100014051,1,7,,0,2,1,13,B01
202100014051,2,33,,0,2,1,1,A01
202100014052,2,7,,0,2,3,17,A01
202100014052,1,33,,0,2,1,1,B01
202100014053,3,7,,0,2,1,0,A01
202100014053,3,7,,0,2,3,2,B01
202100014054,3,1,,0,2,8,1,A01
202100014054,3,7,,0,2,8,1,B01
202100014055,0,7,,7,0,1,1,A01
202100014056,3,7,,0,0,2,14,A01
202100014057,2,31,,15,0,1,1,A01
202100014058,1,10,,0,2,1,1,B01
202100014058,1,7,,0,2,7,19,A01
202100014059,2,7,,0,0,4,1,B01
202100014059,2,2,,0,2,1,1,A01
202100014060,1,15,,0,2,4,2,B01
202100014060,1,10,,0,2,1,2,A01
202100014061,2,15,,16,0,7,1,A01
202100014062,1,7,,0,1,2,2,A01
202100014063,1,10,,3,0,3,14,A01
202100014064,3,50,,12,0,0,1,A01
202100014065,1,10,,0,1,1,1,A01
202100014066,2,10,,0,2,2,2,A01
202100014066,2,17,,0,0,0,0,B01
202100014067,1,7,,13,0,1,1,A01
202100014068,1,32,,0,1,1,1,A01
202100014069,1,7,,6,1,1,1,A01
202100014070,2,1,,0,0,0,1,A01
202100014071,3,1,,0,0,0,1,C01
202100014071,3,1,,0,0,8,1,B01
202100014071,3,7,,0,9,7,17,A01
202100014072,1,10,,0,2,2,1,B01
202100014072,2,7,,0,2,7,6,A01
202100014073,1,33,,8,0,3,14,A01
202100014074,2,7,,0,2,3,13,B01
202100014074,1,7,,0,2,3,1,A01
202100014075,2,7,,0,2,1,1,B01
202100014075,1,7,,0,2,2,9,A01
202100014076,0,7,,0,2,1,16,A01
202100014076,0,7,,6,2,8,15,B01
202100014077,0,10,,0,2,1,1,A01
202100014077,1,10,,0,0,4,1,B01
202100014078,1,14,,0,1,7,1,A01
202100014079,1,7,,0,2,2,1,A01
202100014079,1,3,,0,2,8,16,B01
202100014080,2,7,,0,1,2,1,A01
202100014081,2,33,,2,2,1,13,A01
202100014081,2,33,,0,2,1,1,B01
202100014082,1,7,,6,1,1,13,A01
202100014083,1,7,,0,2,1,1,B01
202100014083,2,7,,0,2,1,13,A01
202100014084,2,7,,6,0,1,1,A01
202100014085,2,7,,0,2,8,13,A01
202100014085,1,33,,0,2,8,1,B01
202100014086,1,3,,0,2,1,16,A01
202100014086,1,1,,0,2,4,1,B01
202100014087,2,33,,6,0,4,1,A01
202100014088,1,7,,0,2,3,1,B01
202100014088,2,7,,0,2,2,13,A01
202100014089,2,7,,0,2,7,14,A01
202100014089,2,33,,0,2,8,2,B01
202100014090,1,7,,0,2,1,2,A01
202100014090,1,7,,0,2,4,2,B01
202100014091,2,7,,3,0,1,26,A01
202100014092,2,7,,0,2,4,2,B01
202100014092,2,7,,0,2,1,2,A01
202100014093,1,33,,0,2,1,3,A01
202100014093,1,7,,0,2,6,13,B01
202100014094,1,7,,0,2,4,1,B01
202100014094,1,33,,0,2,1,2,A01
202100014095,2,10,,4,0,1,18,A01
202100014096,2,7,,0,2,1,14,A01
202100014096,2,7,,0,2,4,1,B01
202100014097,1,7,,4,2,3,1,A01
202100014098,2,7,,0,2,4,2,C01
202100014098,2,7,,0,2,1,2,A01
202100014098,2,7,,0,2,1,2,B01
202100014098,2,7,,0,2,4,2,E01
202100014098,2,7,,0,2,4,2,D01
202100014099,2,33,,0,0,0,21,A01
202100014100,2,7,,0,2,6,1,B01
202100014100,2,7,,0,2,2,14,A01
202100014101,2,7,,0,2,4,2,B01
202100014101,2,10,,0,2,1,2,A01
202100014102,2,7,,0,2,1,2,A01
202100014102,2,7,,0,2,4,2,B01
202100014103,1,7,,0,2,1,2,A01
202100014103,1,7,,0,2,1,2,B01
202100014103,2,7,,0,2,4,2,C01
202100014103,1,7,,0,2,4,2,D01
202100014103,1,10,,0,2,2,21,E01
202100014103,1,10,,0,2,0,0,F01
202100014104,1,7,,0,2,4,2,A01
202100014104,1,7,,0,2,0,0,Z01
202100014105,2,7,,0,2,1,1,A01
202100014105,2,7,,0,2,4,2,B01
202100014106,2,7,,0,2,1,2,A01
202100014106,2,7,,0,2,4,2,B01
202100014107,1,7,,0,2,5,1,D01
202100014107,1,7,,0,2,2,1,C01
202100014107,1,7,,0,2,8,21,B01
202100014107,1,7,,3,0,1,26,A01
202100014108,2,10,,0,2,6,11,A01
202100014108,2,7,,0,2,2,2,B01
202100014109,2,33,,0,2,3,12,A01
202100014109,2,7,,0,2,3,11,B01
202100014109,2,7,,0,2,4,1,C01
202100014110,1,10,,0,2,1,1,A01
202100014110,1,7,,0,2,4,2,B01
202100014110,1,7,,0,2,4,2,C01
202100014111,2,7,,0,2,1,12,A01
202100014111,2,7,,0,2,4,1,B01
202100014112,2,7,,0,2,1,1,B01
202100014112,2,7,,0,2,4,1,A01
202100014113,1,7,,0,2,4,2,A01
202100014113,1,7,,0,2,1,2,B01
202100014113,1,7,,0,2,1,2,C01
202100014114,1,7,,0,2,5,23,C01
202100014114,2,2,,0,2,1,5,B01
202100014114,1,7,,0,2,1,1,A01
202100014114,1,7,,0,2,3,1,D01
202100014115,2,31,,0,2,1,3,C01
202100014115,2,7,,0,2,0,12,B01
202100014115,2,31,,0,2,1,3,A01
202100014116,3,7,,0,2,1,15,A01
202100014116,3,7,,0,2,8,1,B01
202100014117,1,32,,12,0,1,1,A01
202100014118,1,7,,0,1,7,17,A01
202100014119,1,7,,0,1,1,1,A01
202100014120,1,7,,1,0,6,16,A01
202100014121,1,7,,0,9,3,15,A01
202100014121,2,1,,0,2,1,0,B01
202100014122,1,7,,13,0,2,1,A01
202100014123,1,7,,0,2,5,21,B01
202100014123,1,30,,0,2,1,1,A01
202100014124,2,7,,0,9,8,1,A01
202100014124,1,1,,0,2,1,19,B01
202100014125,1,7,,0,2,3,13,B01
202100014125,1,2,,0,2,2,2,A01
202100014126,1,7,,0,2,3,1,A01
202100014126,2,7,,0,2,3,13,B01
202100014127,1,7,,3,0,1,26,A01
202100014128,2,7,,0,2,1,15,A01
202100014128,2,1,,0,2,8,19,B01
202100014129,1,30,,0,2,1,1,A01
202100014129,1,7,,0,2,0,0,B01
202100014130,0,30,,12,0,0,0,A01
202100014131,0,7,,0,2,3,11,A01
202100014131,0,2,,0,2,1,2,B01
202100014132,1,10,,0,2,6,23,B01
202100014132,1,7,,0,2,1,2,A01
202100014133,2,33,,0,2,1,1,B01
202100014133,2,7,,0,2,5,12,A01
202100014134,2,7,,0,2,2,21,C01
202100014134,2,7,,0,2,3,1,B01
202100014134,2,7,,0,2,1,15,A01
202100014135,1,30,,0,2,1,1,B01
202100014135,1,7,,0,2,5,1,A01
202100014136,3,7,,1,1,0,20,A01
202100014137,1,7,,5,0,1,1,A01
202100014138,0,7,,0,2,4,4,A01
202100014138,2,7,,0,2,5,1,B01
202100014139,1,7,,0,2,2,26,A01
202100014139,1,7,,0,2,3,1,B01
202100014140,1,7,,12,1,3,15,B01
202100014141,3,7,,0,1,2,1,A01
202100014142,1,7,,0,2,3,10,A01
202100014142,1,2,,0,2,1,1,B01
202100014143,2,7,,0,9,1,9,A01
202100014143,1,50,,0,2,8,0,B01
202100014144,1,7,,0,2,3,15,A01
202100014144,1,2,,0,2,2,17,B01
202100014145,1,7,,9,1,2,1,A01
202100014146,3,21,,0,1,2,2,A01
202100014147,3,7,,0,1,5,26,A01
202100014148,1,10,,0,1,4,20,A01
202100014149,2,7,,0,1,7,1,A01
202100014150,3,7,,0,2,2,10,A01
202100014150,3,7,,0,2,1,1,B01
202100014150,3,37,1.0,0,2,8,1,C01
202100014151,1,30,,0,2,1,17,A01
202100014151,1,10,,0,2,3,15,B01
202100014152,1,7,,0,1,0,1,A01
202100014153,1,30,,12,0,3,1,A01
202100014154,1,7,,0,2,3,15,B01
202100014154,1,33,,0,2,1,21,A01
202100014155,3,30,,0,5,8,15,A01
202100014156,2,7,,0,2,2,14,A01
202100014156,2,7,,0,0,8,0,B01
202100014157,1,7,,1,0,5,4,A01
202100014158,3,7,,9,0,2,1,A01
202100014159,3,1,,0,2,4,15,B01
202100014159,3,7,,8,2,1,15,A01
202100014160,1,3,,0,2,1,1,B01
202100014160,1,3,,0,2,7,19,A01
202100014161,2,7,,14,1,1,14,A01
202100014162,2,7,,0,2,3,2,B01
202100014162,1,7,,0,2,1,15,A01
202100014163,3,33,,0,2,1,1,B01
202100014163,3,7,,0,2,2,15,A01
202100014164,1,7,,0,2,4,2,B01
202100014164,1,30,,0,2,1,2,A01
202100014165,2,7,,0,2,5,26,B01
202100014165,2,2,,0,2,1,1,A01
202100014166,0,50,,0,2,1,19,B01
202100014166,3,7,,0,2,3,15,A01
202100014167,1,7,,0,2,8,16,A01
202100014168,1,7,,0,2,1,1,A01
202100014168,1,1,,0,2,8,1,B01
202100014169,1,30,,0,2,1,1,B01
202100014169,1,7,,0,2,7,15,A01
202100014170,1,7,,0,2,8,23,B01
202100014170,1,7,,0,2,1,26,A01
202100014171,3,50,,0,2,8,0,B01
202100014171,3,7,,0,2,2,16,A01
202100014172,3,7,,0,2,1,5,A01
202100014172,3,7,,0,2,1,1,B01
202100014173,3,7,,0,2,4,1,C01
202100014173,3,7,,0,2,4,1,B01
202100014173,1,7,,0,2,2,1,A01
202100014174,0,7,,0,2,1,26,A01
202100014175,2,50,,0,0,0,1,A01
202100014176,2,7,,0,2,4,26,B01
202100014176,2,7,,0,2,1,2,A01
202100014177,1,7,,11,2,1,6,A01
202100014177,2,13,,0,2,8,1,B01
202100014178,0,7,,0,2,8,15,A01
202100014178,1,2,,0,2,7,1,B01
202100014179,2,31,,0,0,0,1,A01
202100014180,1,7,,0,2,1,26,A01
202100014180,2,21,,0,2,6,26,B01
202100014181,2,7,,0,2,8,1,B01
202100014181,1,7,,0,2,1,1,A01
202100014182,1,7,,0,1,1,1,A01
202100014183,1,7,,0,1,2,1,A01
202100014184,1,33,,0,2,1,1,B01
202100014184,1,7,,0,2,3,15,A01
202100014185,2,31,,0,2,3,26,A01
202100014185,1,7,,0,2,3,1,B01
202100014186,1,7,,8,4,1,26,A01
202100014187,3,7,,0,2,1,1,B01
202100014187,1,7,,0,2,1,1,A01
202100014188,1,2,,0,2,7,17,B01
202100014188,1,7,,0,0,8,22,A01
202100014189,1,7,,0,2,7,10,A01
202100014189,3,32,,0,2,8,0,B01
202100014190,1,7,,0,2,4,23,B01
202100014190,1,7,,0,2,1,2,A01
202100014191,1,7,,0,2,1,1,A01
202100014191,1,7,,0,2,4,1,B01
202100014192,1,7,,0,2,4,15,B01
202100014192,1,31,,0,2,1,1,A01
202100014193,1,7,,0,1,3,1,A01
202100014194,1,7,,0,2,3,9,A01
202100014194,3,50,,0,2,1,1,B01
202100014195,2,7,,0,2,4,2,C01
202100014195,2,7,,0,2,4,2,B01
202100014195,2,7,,0,2,1,12,A01
202100014196,2,7,,0,2,5,1,B01
202100014196,2,32,,0,2,1,11,A01
202100014197,1,33,,0,2,3,3,A01
202100014197,1,7,,0,2,5,12,B01
202100014198,1,1,,0,2,8,15,A01
202100014198,1,33,,0,2,2,1,B01
202100014199,2,30,,0,2,1,1,B01
202100014199,1,7,,0,2,2,15,A01
202100014200,1,7,,0,2,2,18,B01
202100014200,1,30,,0,2,3,12,A01
202100014201,1,10,,0,2,1,9,Z01
202100014201,1,34,,0,2,7,2,A01
202100014202,1,7,,0,2,6,1,B01
202100014202,1,30,,0,2,7,17,A01
202100014203,1,10,,0,1,4,4,A01
202100014204,1,1,,0,2,1,1,B01
202100014204,2,7,,0,2,2,15,A01
202100014205,2,30,,0,0,7,21,A01
202100014206,1,7,,9,0,4,4,A01
202100014207,2,30,,1,2,2,14,A01
202100014207,2,7,,0,2,4,1,C01
202100014207,2,7,,0,2,8,24,B01
202100014208,3,33,,0,2,1,1,B01
202100014208,3,7,,0,2,6,15,A01
202100014209,1,7,,0,2,3,15,A01
202100014209,1,32,,0,2,2,15,B01
202100014210,1,31,,0,0,8,1,A01
202100014211,1,30,,12,0,1,13,A01
202100014212,2,7,,0,1,1,15,Z01
202100014213,1,32,,0,2,1,1,A01
202100014213,1,10,,0,2,0,16,B01
202100014214,1,33,,0,2,1,1,B01
202100014214,1,7,,0,2,2,1,A01
202100014215,1,7,,0,2,2,15,A01
202100014215,2,32,,0,2,1,2,B01
202100014216,2,7,,0,1,8,1,A01
202100014217,1,7,,0,2,7,17,A01
202100014217,1,7,,0,2,8,1,B01
202100014218,1,7,,0,2,1,0,A01
202100014218,1,1,,0,2,4,15,B01
202100014219,1,7,,0,2,8,1,B01
202100014219,2,10,,0,2,1,5,A01
202100014220,1,0,,0,2,1,0,B01
202100014220,1,34,,0,2,7,1,A01
202100014221,1,7,,0,2,1,17,A01
202100014221,1,32,,0,2,3,1,B01
202100014222,2,7,,0,0,0,9,B01
202100014222,1,7,,0,0,2,9,A01
202100014223,1,7,,0,1,1,1,A01
202100014224,2,33,,0,2,3,2,B01
202100014224,2,7,,0,2,5,9,A01
202100014225,2,7,,0,2,0,1,T01
202100014225,2,7,,0,2,1,1,B01
202100014225,1,7,,0,2,1,13,A01
202100014226,1,7,,1,0,1,1,A01
202100014226,1,10,,14,0,4,2,B01
202100014227,-1,50,,0,2,7,1,B01
202100014227,-1,7,,0,2,3,15,A01
202100014228,-1,10,,0,2,7,19,A01
202100014228,-1,33,,0,2,1,1,B01
202100014229,-1,7,,0,2,8,2,C01
202100014229,-1,7,,0,2,8,14,B01
202100014229,-1,14,,0,2,3,2,A01
202100014230,1,32,,0,2,1,15,A01
202100014230,2,7,,0,2,3,2,B01
202100014231,2,33,,0,2,1,1,B01
202100014231,1,7,,0,2,2,15,A01
202100014232,1,7,,0,2,4,23,B01
202100014232,1,38,1.0,0,2,3,2,A01
202100014233,3,34,,0,2,1,1,A01
202100014233,3,7,,0,2,1,11,B01
202100014234,1,30,,12,0,2,26,A01
202100014235,2,7,,0,2,4,2,B01
202100014235,2,2,,0,2,1,2,A01
202100014236,1,7,,2,0,1,1,B01
202100014236,1,7,,2,0,9,1,A01
202100014237,1,1,,0,2,1,1,B01
202100014237,1,7,,0,2,3,9,A01
202100014238,3,7,,0,2,2,15,B01
202100014238,3,33,,0,2,1,1,A01
202100014239,2,7,,2,0,1,13,A01
202100014240,3,32,,0,0,0,1,A01
202100014241,1,33,,0,2,1,2,B01
202100014241,1,33,,0,0,8,2,A01
202100014242,2,2,,13,0,4,2,B01
202100014242,2,10,,0,2,2,2,A01
202100014243,2,7,,2,0,1,1,A01
202100014244,2,2,,0,2,1,1,B01
202100014244,1,7,,0,2,3,15,A01
202100014245,3,2,,0,0,8,1,A01
202100014246,1,31,,15,9,0,1,A01
202100014247,1,2,,0,0,0,2,A01
202100014248,3,7,,0,2,3,13,A01
202100014248,0,20,,0,2,3,1,B01
202100014249,3,7,,1,0,2,1,A01
202100014250,1,7,,0,0,8,2,B01
202100014250,1,34,,0,2,1,17,A01
202100014251,1,33,,0,2,1,17,A01
202100014251,2,7,,0,2,3,1,B01
202100014252,1,33,,0,2,1,1,B01
202100014252,2,33,,0,2,1,1,A01
202100014253,2,7,,6,0,3,1,A01
202100014254,3,2,,0,2,1,1,B01
202100014254,3,7,,0,2,2,15,A01
202100014255,1,7,,0,2,4,1,B01
202100014255,1,33,,0,2,1,1,A01
202100014256,1,7,,2,0,1,0,A01
202100014257,2,33,,16,0,7,1,A01
202100014258,2,7,,15,0,2,1,A01
202100014259,2,33,,0,2,1,1,B01
202100014259,3,7,,0,2,3,15,A01
202100014260,3,33,,13,0,1,1,A01
202100014261,2,7,,2,0,8,1,A01
202100014262,0,7,,0,2,1,1,A01
202100014262,0,7,,0,2,7,1,B01
202100014263,2,7,,8,0,1,13,A01
202100014264,2,3,,2,0,0,1,A01
202100014265,1,7,,0,2,2,9,A01
202100014265,1,2,,0,2,1,1,B01
202100014266,2,7,,2,0,3,13,A01
202100014267,-1,33,,0,0,0,1,A01
202100014268,1,33,,0,0,7,13,A01