Num_Acc,senc,catv,occutc,obs,obsm,choc,manv,num_veh
202100014269,2,33,,0,0,0,0,A01
202100014270,1,7,,0,9,3,15,B01
202100014270,2,7,,0,2,2,16,A01
202100014271,2,7,,2,0,1,1,A01
202100014272,1,7,,3,0,1,12,A01
202100014273,1,7,,0,2,4,1,B01
202100014273,1,7,,0,0,5,23,A01
202100014273,1,7,,0,2,1,1,C01
202100014274,1,38,2.0,0,1,2,1,A01
202100014275,2,10,,0,2,3,1,B01
202100014275,1,7,,0,2,5,13,A01
202100014276,1,30,,17,0,1,0,A01
202100014277,2,7,,0,0,4,2,A01
202100014277,2,33,,0,2,1,2,B01
202100014278,1,33,,0,2,1,1,A01
202100014278,2,7,,0,2,3,1,B01
202100014279,0,33,,0,2,1,1,B01
202100014279,0,7,,0,2,7,15,A01
202100014280,2,7,,0,2,6,15,A01
202100014280,1,33,,0,2,1,1,B01
202100014281,2,7,,13,0,2,21,C01
202100014281,2,7,,0,2,2,1,B01
202100014281,1,10,,0,2,1,5,A01
202100014282,1,33,,0,0,9,0,A01
202100014283,0,2,,0,2,8,14,B01
202100014283,0,7,,0,2,1,9,A01
202100014284,1,33,,11,0,9,1,A01
202100014285,1,2,,0,2,1,2,B01
202100014285,1,7,,0,0,4,2,A01
202100014286,1,7,,0,2,4,23,B01
202100014286,1,2,,1,0,1,1,A01
202100014287,1,7,,0,0,0,15,A01
202100014288,1,33,,0,2,1,1,B01
202100014288,2,7,,0,2,3,1,A01
202100014289,1,33,,0,0,8,23,A01
202100014290,1,33,,13,0,1,1,A01
202100014291,2,31,,0,2,1,1,B01
202100014291,1,7,,0,2,1,2,A01
202100014292,3,7,,13,0,1,14,A01
202100014293,1,7,,0,2,8,1,B01
202100014293,2,33,,0,2,8,5,A01
202100014294,2,7,,7,0,9,1,A01
202100014295,1,2,,12,0,2,2,A01
202100014296,1,7,,0,2,4,2,A01
202100014296,1,7,,0,2,1,2,B01
202100014297,1,7,,9,0,3,16,A01
202100014298,2,7,,13,0,1,14,A01
202100014299,1,7,,0,2,8,11,A01
202100014299,1,10,,0,2,1,1,B01
202100014300,1,7,,4,2,1,0,A01
202100014300,1,10,,0,2,6,0,B01
202100014301,2,7,,0,2,1,1,A01
202100014301,2,7,,0,2,4,2,B01
202100014302,2,7,,0,2,7,12,B01
202100014302,2,33,,0,2,8,3,A01
202100014303,1,14,,0,2,4,2,B01
202100014303,1,7,,0,2,1,2,A01
202100014304,3,1,,0,2,0,26,B01
202100014304,2,7,,0,2,0,26,A01
202100014305,2,7,,0,1,3,1,A01
202100014306,2,7,,0,1,2,0,A01
202100014307,3,7,,0,2,1,1,A01
202100014308,1,7,,0,1,1,15,A01
202100014309,2,7,,0,2,3,15,A01
202100014309,2,1,,0,2,7,1,B01
202100014310,1,10,,0,2,6,1,C01
202100014310,1,7,,0,2,7,1,B01
202100014310,1,31,,0,2,3,3,A01
202100014311,1,7,,0,2,0,21,A01
202100014311,2,1,,0,2,0,21,B01
202100014312,3,80,,0,2,1,0,C01
202100014312,2,7,,0,2,3,9,A01
202100014313,2,33,,0,1,3,17,A01
202100014314,1,34,,0,2,1,1,B01
202100014314,1,7,,0,2,2,15,A01
202100014315,3,7,,0,9,7,1,B01
202100014315,3,1,,0,2,1,0,A01
202100014316,2,7,,0,2,2,16,A01
202100014316,2,7,,0,2,0,0,B01
202100014317,1,7,,0,2,8,9,A01
202100014317,1,7,,0,2,1,1,B01
202100014318,1,33,,4,2,1,18,B01
202100014318,1,7,,0,2,5,12,A01
202100014319,1,7,,0,2,1,1,A01
202100014319,2,15,,0,2,8,1,B01
202100014320,1,7,,3,2,3,0,B01
202100014320,2,7,,3,2,8,26,A01
202100014321,1,32,,0,2,3,1,A01
202100014321,1,3,,0,2,2,16,B01
202100014322,0,10,,0,1,0,0,A01
202100014323,1,7,,0,2,1,2,A01
202100014323,1,7,,0,2,4,2,B01
202100014324,2,15,,0,1,1,16,A01
202100014325,3,50,,0,1,1,25,A01
202100014326,3,7,,0,2,1,26,A01
202100014326,1,7,,0,2,1,26,B01
202100014327,1,7,,0,1,2,15,A01
202100014328,2,31,,0,2,1,1,B01
202100014328,2,7,,0,2,3,15,A01
202100014329,1,10,,0,2,2,0,B01
202100014329,2,30,,0,2,1,5,A01
202100014330,1,7,,0,2,1,2,B01
202100014330,1,7,,0,2,4,23,A01
202100014331,1,7,,0,1,1,19,A01
202100014332,3,7,,0,1,0,1,A01
202100014333,0,7,,0,2,1,1,B01
202100014333,0,7,,0,2,1,5,A01
202100014334,1,10,,0,2,3,10,A01
202100014334,1,2,,0,2,3,2,B01
202100014335,2,31,,12,0,7,14,A01
202100014336,2,7,,0,2,1,9,A01
202100014336,2,15,,0,2,2,1,B01
202100014337,3,33,,6,0,1,26,A01
202100014338,1,7,,0,2,1,2,A01
202100014338,1,7,,0,2,4,2,B01
202100014339,1,7,,0,1,3,1,A01
202100014340,3,7,,0,2,0,14,B01
202100014340,3,7,,0,2,0,0,A01
202100014341,2,7,,8,0,3,13,A01
202100014342,0,2,,0,2,2,1,A01
202100014342,0,7,,0,2,3,15,B01
202100014343,-1,7,,0,2,1,15,A01
202100014343,-1,31,,0,2,1,1,B01
202100014344,1,31,,0,2,8,0,B01
202100014344,2,7,,0,2,8,17,A01
202100014345,1,7,,0,2,2,1,A01
202100014345,1,1,,0,2,8,3,B01
202100014346,1,7,,0,1,1,1,A01
202100014347,1,33,,0,2,1,9,A01
202100014347,1,7,,0,2,3,9,B01
202100014348,2,1,,0,2,1,1,B01
202100014348,2,7,,0,2,7,1,A01
202100014349,2,7,,0,2,4,15,A01
202100014349,2,33,,0,2,1,1,B01
202100014350,1,7,,0,1,1,1,A01
202100014351,1,32,,0,1,1,17,A01
202100014352,1,7,,0,1,7,14,A01
202100014353,3,7,,0,2,3,15,A01
202100014353,3,30,,0,2,1,1,B01
202100014354,1,33,,0,1,1,1,A01
202100014355,1,7,,0,2,3,9,B01
202100014355,1,10,,0,2,8,1,A01
202100014356,3,7,,1,0,3,13,A01
202100014357,0,20,,0,1,1,26,A01
202100014358,2,50,,0,2,8,1,B01
202100014358,1,7,,0,2,1,15,A01
202100014359,3,1,,0,2,8,15,B01
202100014359,3,7,,0,2,3,1,A01
202100014360,3,7,,2,2,1,1,A01
202100014360,3,33,,9,2,2,1,B01
202100014361,2,50,,0,2,1,26,A01
202100014361,1,7,,0,9,1,1,B01
202100014362,1,7,,0,1,1,1,A01
202100014363,1,3,,12,0,1,13,A01
202100014364,0,7,,0,2,3,1,A01
202100014364,3,7,,0,2,3,1,B01
202100014365,1,50,,0,2,4,26,B01
202100014365,1,7,,0,2,1,26,A01
202100014366,1,30,,0,2,1,2,B01
202100014366,1,7,,0,2,6,2,A01
202100014367,2,7,,0,1,3,1,A01
202100014368,1,7,,0,1,1,1,A01
202100014369,3,7,,0,2,4,1,B01
202100014369,3,7,,0,2,1,1,A01
202100014370,1,1,,0,0,1,7,A01
202100014371,2,10,,0,2,1,2,A01
202100014371,2,7,,0,2,4,23,B01
202100014371,2,7,,0,2,4,23,C01
202100014372,2,7,,0,2,2,14,A01
202100014372,2,7,,0,2,3,1,B01
202100014373,2,7,,0,2,4,1,B01
202100014373,2,33,,0,2,1,26,A01
202100014374,3,1,,0,2,4,2,B01
202100014374,3,1,,0,2,1,18,A01
202100014375,0,1,,0,2,1,19,A01
202100014375,3,32,,0,2,2,1,B01
202100014375,0,32,,0,2,7,17,C01
202100014376,3,7,,0,1,1,1,A01
202100014377,2,2,,0,2,0,1,B01
202100014377,1,7,,0,2,2,15,A01
202100014378,1,7,,0,2,3,9,A01
202100014378,3,1,,0,2,4,1,B01
202100014379,1,10,,0,2,7,13,A01
202100014380,0,7,,0,1,1,1,A01
202100014381,1,2,,0,2,1,1,A01
202100014381,1,7,,0,2,1,15,B01
202100014382,2,32,,0,2,9,21,A01
202100014382,1,7,,0,2,2,15,B01
202100014383,3,7,,0,2,1,5,B01
202100014383,3,7,,0,2,3,15,A01
202100014384,1,10,,0,1,4,4,A01
202100014385,1,33,,0,2,1,17,B01
202100014385,2,3,,0,2,3,9,A01
202100014386,3,7,,0,1,1,15,A01
202100014387,1,1,,0,2,1,19,A01
202100014387,2,7,,0,2,1,15,B01
202100014388,2,2,,0,2,1,1,D01
202100014388,2,2,,0,2,1,1,C01
202100014388,1,10,,0,2,7,15,B01
202100014388,1,30,,0,2,7,15,A01
202100014389,2,7,,0,2,1,9,A01
202100014389,0,2,,0,2,7,9,B01
202100014390,1,7,,0,2,1,13,A01
202100014390,2,7,,0,2,1,1,B01
202100014391,3,7,,0,1,1,20,A01
202100014392,0,7,,0,1,4,4,A01
202100014393,3,7,,0,2,4,23,D01
202100014393,3,7,,0,2,6,23,C01
202100014393,3,33,,0,2,1,3,B01
202100014393,3,31,,0,2,1,3,A01
202100014394,1,7,,12,2,6,15,B01
202100014394,1,37,1.0,12,2,1,1,A01
202100014395,0,32,,0,2,0,26,A01
202100014395,0,7,,0,2,0,26,B01
202100014396,1,10,,0,1,1,1,A01
202100014397,3,7,,0,2,3,18,A01
202100014397,3,7,,0,2,7,1,B01
202100014398,2,10,,0,2,1,2,A01
202100014398,2,7,,0,2,4,2,B01
202100014398,2,7,,0,2,4,23,C01
202100014399,2,33,,0,2,4,1,B01
202100014399,2,7,,0,2,3,12,A01
202100014400,1,32,,0,2,2,23,B01
202100014400,2,33,,1,2,3,1,A01
202100014401,2,7,,0,2,3,1,C01
202100014401,1,10,,0,2,6,15,B01
202100014401,1,7,,11,2,3,1,A01
202100014401,2,10,,0,2,1,1,D01
202100014401,2,7,,0,2,5,1,E01
202100014402,1,50,,0,1,1,1,Z01
202100014403,1,1,,14,0,8,17,A01
202100014404,1,43,,0,2,1,2,B01
202100014404,1,10,,0,2,4,4,A01
202100014405,2,7,,0,2,1,1,A01
202100014405,2,7,,0,2,3,1,B01
202100014405,2,7,,0,2,4,1,C01
202100014405,2,7,,0,2,0,1,D01
202100014405,2,7,,0,2,4,1,E01
202100014405,2,7,,0,2,8,1,F01
202100014405,2,7,,0,2,8,24,G01
202100014405,2,1,,0,2,8,1,H01
202100014406,1,30,,0,2,3,1,B01
202100014406,1,7,,0,2,2,1,A01
202100014407,2,1,,0,2,1,1,B01
202100014407,2,7,,0,2,8,22,A01
202100014408,1,1,,0,2,1,1,B01
202100014408,1,7,,0,2,5,16,A01
202100014409,2,7,,0,2,3,1,B01
202100014409,2,30,,0,2,1,17,A01
202100014410,1,10,,0,2,0,10,Z01
202100014410,1,37,3.0,0,2,0,7,A01
202100014411,1,10,,0,2,8,15,A01
202100014411,2,60,,0,2,5,19,B01
202100014412,1,7,,0,1,3,1,A01
202100014413,1,10,,0,1,8,20,A01
202100014414,2,7,,0,2,8,13,B01
202100014414,2,33,,0,2,1,1,A01
202100014415,1,50,,0,2,1,1,B01
202100014415,1,1,,0,2,4,18,A01
202100014416,2,30,,0,2,6,15,A01
202100014416,2,7,,0,2,3,1,Z01
202100014417,2,43,,0,2,8,1,B01
202100014417,2,7,,0,2,1,15,A01
202100014418,2,7,,0,0,0,0,A01
202100014418,2,32,,0,0,0,0,B01
202100014419,1,10,,0,0,4,2,C01
202100014419,1,7,,0,0,4,2,B01
202100014419,1,7,,0,0,1,2,A01
202100014420,2,30,,0,2,1,1,A01
202100014420,1,7,,0,2,7,1,B01
202100014421,3,50,,0,2,8,15,B01
202100014421,3,7,,0,9,3,1,A01
202100014422,1,32,,0,2,1,1,B01
202100014422,1,7,,1,2,4,26,A01
202100014423,2,2,,0,1,2,0,A01
202100014424,3,50,,0,2,1,0,B01
202100014424,3,14,,0,9,7,9,A01
202100014425,1,7,,0,2,8,10,A01
202100014425,1,33,,11,2,7,2,B01
202100014426,1,7,,0,2,4,1,C01
202100014426,1,7,,0,2,2,1,A01
202100014426,1,33,,0,2,4,3,B01
202100014427,3,7,,0,2,6,10,A01
202100014427,3,2,,0,2,1,1,B01
202100014428,2,10,,0,2,1,1,B01
202100014428,3,10,,0,2,3,1,A01
202100014429,3,7,,0,1,3,9,A01
202100014430,1,7,,0,1,3,15,A01
202100014431,1,50,,0,2,1,19,B01
202100014431,1,7,,0,9,3,2,A01
202100014432,1,7,,0,1,2,1,A01
202100014433,-1,3,,0,2,2,1,A01
202100014433,-1,3,,0,2,3,0,B01
202100014434,-1,7,,14,0,1,2,B01
202100014434,-1,7,,15,0,4,23,A01
202100014435,1,33,,0,1,3,21,A01
202100014436,-1,7,,0,2,3,11,A01
202100014436,-1,33,,0,2,2,17,B01
202100014437,2,7,,0,2,2,15,A01
202100014437,1,2,,0,2,1,1,B01
202100014438,1,7,,0,1,1,1,A01
202100014439,3,7,,0,1,1,26,A01
202100014440,1,0,,0,0,0,0,A01
202100014441,2,7,,0,1,1,1,A01
202100014442,2,7,,0,2,1,13,A01
202100014442,1,7,,0,2,1,1,B01
202100014442,1,7,,0,2,1,1,C01
202100014443,1,31,,0,2,1,1,A01
202100014443,1,7,,0,2,3,15,B01
202100014444,1,80,,0,2,4,1,B01
202100014444,1,33,,0,2,1,2,A01
202100014445,1,7,,0,2,3,15,B01
202100014445,2,31,,0,2,3,26,A01
202100014446,2,2,,0,2,0,9,A01
202100014446,2,2,,0,2,0,0,B01
202100014447,2,7,,0,1,1,15,A01
202100014448,0,10,,0,1,2,15,A01
202100014449,1,33,,0,2,1,1,B01
202100014449,1,7,,0,2,3,1,A01
202100014450,1,10,,0,2,3,22,A01
202100014450,1,1,,1,0,0,1,B01
202100014451,0,50,,0,2,1,16,B01
202100014451,0,7,,0,2,7,1,A01
202100014452,1,7,,0,1,1,26,A01
202100014453,2,7,,0,1,3,1,A01
202100014454,1,7,,2,0,1,1,A01
202100014455,2,7,,0,2,3,2,B01
202100014455,2,33,,0,2,2,2,A01
202100014456,1,1,,0,2,1,1,B01
202100014456,2,7,,0,2,3,15,A01
202100014457,0,2,,0,1,1,0,A01
202100014458,1,10,,0,1,2,1,A01
202100014459,0,33,,6,0,7,25,A01
202100014460,2,7,,4,0,9,14,A01
202100014461,1,7,,0,2,2,5,B01
202100014461,2,31,,0,2,1,13,A01
202100014462,2,10,,0,2,1,1,B01
202100014462,1,7,,2,0,0,1,A01
202100014463,1,1,,0,2,0,2,B01
202100014463,2,7,,0,2,0,15,A01
202100014464,1,32,,12,0,8,1,A01
202100014465,1,33,,0,2,1,0,B01
202100014465,2,7,,0,2,5,0,A01
202100014466,1,7,,0,2,3,13,B01
202100014466,2,15,,0,2,3,1,A01
202100014467,1,2,,0,2,1,1,B01
202100014467,2,7,,0,0,5,15,A01
202100014468,2,7,,0,2,3,11,B01
202100014468,2,33,,0,2,2,17,A01
202100014469,2,33,,0,0,9,1,A01
202100014470,1,7,,0,0,0,1,A01
202100014471,1,7,,0,2,6,15,B01
202100014471,1,33,,0,2,2,17,A01
202100014472,1,1,,0,2,6,26,B01
202100014472,1,10,,0,2,5,14,A01
202100014473,1,33,,0,0,8,15,A01
202100014474,2,33,,0,6,1,1,A01
202100014475,1,33,,0,2,1,1,B01
202100014475,3,21,,0,0,0,19,A01
202100014476,2,33,,13,0,1,15,A01
202100014477,2,7,,1,0,2,1,A01
202100014478,1,10,,0,2,3,13,A01
202100014478,2,38,1.0,0,2,3,1,B01
202100014479,0,30,,13,0,1,0,A01
202100014480,3,7,,0,2,3,1,A01
202100014480,3,7,,0,2,3,13,B01
202100014481,1,7,,2,0,2,0,A01
202100014482,1,7,,0,1,1,2,A01
202100014483,1,7,,0,2,1,1,B01
202100014483,2,7,,0,2,1,15,A01
202100014484,1,33,,0,6,2,17,A01
202100014485,2,7,,13,2,3,1,A01
202100014485,1,10,,13,2,6,1,B01
202100014486,0,33,,0,0,0,1,A01
202100014487,1,10,,4,0,2,0,A01
202100014488,2,7,,0,2,3,1,A01
202100014488,1,31,,0,2,8,13,B01
202100014489,1,7,,0,2,3,13,A01
202100014489,2,7,,0,2,3,1,B01
202100014490,2,7,,0,2,7,1,B01
202100014490,1,7,,0,2,1,5,A01
202100014491,0,7,,3,0,3,1,A01
202100014492,3,7,,0,2,3,1,A01
202100014492,3,1,,0,2,1,1,B01
202100014493,2,33,,7,0,0,1,A01
202100014494,1,38,1.0,0,2,1,1,B01
202100014494,2,33,,0,2,7,19,A01
202100014495,1,7,,0,1,2,16,A01
202100014496,1,7,,0,0,5,20,B01
202100014496,1,33,,0,2,1,2,A01
202100014497,1,21,,0,2,8,15,B01
202100014497,1,7,,0,2,1,17,A01
202100014498,1,2,,8,2,2,17,A01
202100014498,1,2,,0,2,3,15,B01
202100014499,1,32,,0,2,2,13,A01
202100014499,1,10,,0,0,0,1,B01
202100014499,1,15,,0,0,0,1,C01
202100014499,2,15,,15,0,7,14,D01
202100014500,1,7,,0,1,3,1,A01
202100014501,1,33,,0,2,1,1,B01
202100014501,2,7,,0,2,2,15,A01
202100014502,1,14,,0,2,3,1,B01
202100014502,2,7,,0,2,3,13,A01
202100014503,3,7,,0,2,2,15,A01
202100014503,0,60,,0,2,1,1,B01
202100014504,3,14,,0,1,1,1,A01
202100014505,1,10,,0,2,1,1,B01
202100014505,1,34,,0,0,0,1,A01
202100014506,0,7,,13,0,3,0,A01
202100014507,1,7,,0,2,2,0,A01
202100014507,2,0,,0,2,7,5,B01
202100014508,1,7,,2,0,3,13,A01
202100014509,2,10,,0,2,2,15,B01
202100014509,1,33,,0,2,1,1,A01
202100014510,1,7,,0,2,1,1,B01
202100014510,2,7,,0,2,3,5,A01
202100014511,1,33,,0,2,1,1,B01
202100014511,3,10,,0,2,2,1,A01
202100014512,2,7,,2,0,3,13,A01
202100014513,3,7,,0,2,2,15,A01
202100014513,3,1,,0,2,1,1,B01
202100014514,3,7,,0,0,0,15,A01
202100014514,3,33,,0,0,8,21,B01
202100014515,2,7,,0,2,3,17,A01
202100014515,1,7,,0,2,3,1,B01
202100014516,1,7,,0,2,3,1,B01
202100014516,2,7,,0,2,3,13,A01
202100014517,1,7,,0,2,1,19,A01
202100014517,1,7,,0,0,8,1,B01
202100014518,2,7,,0,2,8,15,A01
202100014518,2,2,,12,2,7,17,B01
202100014519,3,7,,0,2,3,1,B01
202100014519,3,2,,0,2,1,21,A01
202100014520,2,33,,0,2,1,1,B01
202100014520,1,7,,0,2,7,15,A01
202100014520,1,7,,0,2,6,1,C01
202100014521,0,33,,0,1,1,1,A01
202100014522,1,7,,0,2,8,15,B01
202100014522,1,31,,0,2,2,17,A01
202100014523,1,7,,0,1,2,1,C01
202100014523,1,10,,0,2,1,1,B01
202100014524,1,32,,0,2,2,3,B01
202100014524,1,7,,0,2,6,11,A01
202100014525,2,7,,0,2,4,1,C01
202100014525,2,31,,0,2,8,1,B01
202100014525,2,7,,0,2,7,12,A01
202100014526,2,10,,0,2,4,12,A01
202100014526,2,33,,0,2,1,1,B01
202100014527,1,7,,0,2,6,11,B01
202100014527,1,43,,0,2,1,3,A01
202100014528,1,7,,0,2,5,2,B01
202100014528,1,33,,0,2,1,2,A01
202100014529,1,33,,0,2,3,3,B01
202100014529,1,7,,0,2,2,12,A01
202100014530,1,33,,0,0,0,1,A01
202100014531,2,0,,0,2,0,0,A01
202100014531,2,33,,0,2,2,3,B01
202100014532,2,32,,0,2,3,11,A01
202100014532,2,7,,0,2,5,1,B01
202100014533,1,7,,0,2,8,11,B01
202100014533,1,33,,0,2,7,1,A01
202100014534,1,33,,0,2,8,3,A01
202100014535,2,31,,0,2,1,3,A01
202100014535,2,7,,0,2,4,1,B01
202100014536,2,7,,0,2,1,2,A01
202100014536,2,7,,0,2,4,2,B01
202100014537,1,7,,0,2,1,2,A01
202100014537,1,7,,0,2,4,2,B01
202100014537,1,7,,0,2,4,2,C01
202100014538,2,33,,0,2,1,0,A01
202100014538,2,7,,0,2,4,2,B01
202100014539,1,10,,0,2,8,11,A01
202100014539,1,7,,0,2,7,1,B01
202100014539,1,7,,0,2,8,1,C01
202100014540,1,7,,0,2,5,26,A01
202100014540,1,7,,0,2,1,9,B01
202100014541,3,7,,0,1,1,1,A01
202100014542,2,7,,0,2,1,1,B01
202100014542,1,33,,0,2,0,0,A01
202100014543,2,7,,0,2,1,13,A01
202100014543,1,7,,0,2,3,1,B01
202100014544,2,7,,0,2,8,15,A01
202100014544,2,31,,0,2,2,1,B01
202100014545,1,10,,0,1,7,1,A01
202100014546,1,7,,0,2,1,2,A01
202100014546,3,7,,0,2,4,2,B01
202100014547,1,34,,5,0,1,20,A01
202100014548,1,7,,0,1,1,15,A01
202100014549,1,7,,0,2,4,2,B01
202100014549,1,7,,0,2,4,2,A01
202100014550,2,15,,0,2,7,15,A01
202100014550,1,33,,0,2,1,1,B01
202100014551,3,7,,0,2,4,1,A01
202100014551,3,31,,0,2,1,1,B01
202100014552,1,7,,0,2,2,1,B01
202100014552,2,1,,0,2,1,13,A01
202100014553,2,33,,0,0,0,15,A01
202100014554,3,7,,0,2,2,1,A01
202100014554,3,1,,0,2,1,19,B01
202100014554,3,7,,0,2,6,1,C01
202100014555,1,7,,9,0,2,14,A01
202100014556,3,7,,6,0,0,1,A01
202100014557,2,7,,0,2,2,16,A01
202100014557,2,7,,0,2,8,7,B01
202100014558,3,14,,0,1,5,26,A01
202100014559,0,7,,4,0,1,13,A01
202100014560,1,7,,0,2,6,15,B01
202100014560,1,33,,0,2,2,17,A01
202100014561,2,10,,0,2,6,1,B01
202100014561,1,7,,14,2,3,1,A01
202100014562,3,7,,0,1,1,1,A01
202100014563,3,33,,0,2,7,0,A01
202100014563,3,7,,0,2,1,1,B01
202100014564,3,7,,0,2,6,19,A01
202100014564,3,2,,0,2,1,1,B01
202100014565,2,10,,0,1,4,4,A01
202100014566,3,2,,0,2,7,17,B01
202100014566,3,7,,0,2,1,1,A01
202100014567,1,7,,0,1,3,11,A01
202100014568,1,30,,0,0,0,0,A01
202100014569,2,7,,0,1,2,1,A01
202100014570,3,33,,0,2,3,1,B01
202100014570,3,7,,1,2,2,9,A01
202100014571,1,7,,0,1,1,1,A01
202100014572,3,1,,0,2,1,17,A01
202100014572,3,10,,0,2,8,1,B01
202100014573,3,10,,0,0,0,0,A01
202100014574,0,7,,0,1,3,15,A01
202100014575,2,30,,0,2,1,1,B01
202100014575,1,7,,0,2,2,15,A01
202100014576,3,99,,0,2,1,17,B01
202100014576,3,10,,0,2,6,16,A01
202100014577,2,32,,0,2,8,1,B01
202100014577,2,7,,0,2,2,1,A01
202100014578,3,7,,0,2,1,16,A01
202100014578,3,1,,0,2,2,5,B01
202100014579,3,50,,0,2,1,0,A01
202100014579,3,7,,0,9,1,16,B01
202100014580,2,7,,1,2,3,1,B01
202100014580,1,7,,0,2,2,10,A01
202100014581,3,1,,8,0,1,26,A01
202100014582,1,7,,0,1,1,1,A01
202100014583,2,1,,0,2,0,1,B01
202100014583,1,10,,0,2,3,16,A01
202100014584,2,31,,0,2,0,0,Z01
202100014584,1,31,,0,2,0,5,A01
202100014585,1,7,,0,2,2,2,A01
202100014585,1,1,,0,2,0,2,B01
202100014586,2,7,,0,1,1,16,A01
202100014587,2,7,,0,1,1,1,A01
202100014588,3,7,,0,1,1,1,A01
202100014589,1,7,,0,2,8,19,A01
202100014589,1,7,,0,2,1,1,B01
202100014590,2,7,,1,0,0,1,A01
202100014591,1,7,,0,1,4,20,A01
202100014592,3,1,,0,2,3,13,B01
202100014592,1,7,,0,2,2,15,A01
202100014593,1,7,,0,0,0,14,A01
202100014594,1,7,,0,2,2,19,A01
202100014594,1,10,,0,2,3,1,B01
202100014595,2,1,,0,2,1,1,B01
202100014595,2,7,,0,2,3,9,A01
202100014596,2,7,,0,1,1,17,A01
202100014597,0,7,,0,1,1,16,A01
202100014598,2,7,,0,1,3,9,A01
202100014599,2,60,,0,2,1,19,A01
202100014599,2,7,,0,2,2,2,B01
202100014600,2,1,,0,2,1,2,B01
202100014600,2,7,,0,2,3,9,A01
202100014601,1,13,,0,1,6,4,A01
202100014602,2,7,,0,1,1,1,A01
202100014603,2,7,,0,2,8,15,B01
202100014603,2,10,,0,2,1,18,A01
202100014604,1,7,,0,2,7,1,A01
202100014604,1,1,,0,2,1,1,B01
202100014605,3,50,,0,2,7,25,B01
202100014605,3,7,,0,2,1,1,A01
202100014606,3,30,,11,0,1,7,A01
202100014607,1,7,,3,2,1,1,A01
202100014607,1,10,,0,2,4,2,B01
202100014608,1,7,,0,2,2,1,B01
202100014608,3,1,,0,2,8,1,A01
202100014609,1,80,,0,2,4,15,B01
202100014609,1,7,,0,2,2,17,A01
202100014610,2,7,,0,1,1,1,A01
202100014611,1,10,,0,2,7,15,A01
202100014611,2,33,,0,2,1,1,B01
202100014612,3,60,,0,0,0,26,A01
202100014613,3,7,,0,2,8,26,A01
202100014613,3,33,,0,2,0,0,B01
202100014614,2,32,,0,1,2,2,A01
202100014615,3,7,,0,2,4,1,B01
202100014615,1,50,,0,2,1,2,A01
202100014616,3,7,,0,1,1,0,A01
202100014617,3,7,,0,2,4,2,A01
202100014617,3,7,,15,2,0,0,B01
202100014618,3,7,,0,2,2,2,A01
202100014618,3,32,,0,2,9,1,B01
202100014619,1,30,,1,0,1,13,A01
202100014619,1,10,,0,2,4,26,B01
202100014620,3,31,,0,2,7,1,B01
202100014620,3,7,,0,2,3,26,A01
202100014621,3,7,,0,2,1,15,A01
202100014621,3,7,,0,2,1,1,B01
202100014622,1,7,,1,0,1,17,A01
202100014622,2,7,,0,2,1,1,B01
202100014622,0,7,,1,0,6,23,C01
202100014622,1,7,,1,0,3,23,D01
202100014623,1,7,,0,2,4,2,B01
202100014623,1,7,,0,2,1,2,A01
202100014624,1,7,,0,1,3,19,A01
202100014625,2,10,,0,2,1,1,B01
202100014625,1,7,,0,2,1,13,A01
202100014626,2,7,,0,2,2,15,A01
202100014626,1,7,,0,2,1,1,B01
202100014627,2,33,,0,0,3,3,A01
202100014628,2,32,,0,0,0,3,A01
202100014629,1,33,,14,0,1,14,A01
202100014630,1,1,,0,2,1,1,B01
202100014630,1,10,,0,2,6,22,A01
202100014631,2,33,,0,2,4,2,B01
202100014631,2,33,,0,2,1,2,A01
202100014632,1,80,,0,1,1,5,A01
202100014633,2,31,,0,2,7,1,B01
202100014633,2,7,,0,2,7,15,A01
202100014634,1,7,,0,2,3,15,B01
202100014634,1,32,,0,2,5,17,A01
202100014635,2,1,,0,2,1,1,B01
202100014635,2,7,,0,2,3,22,A01
202100014636,1,80,,0,2,8,19,B01
202100014636,1,7,,0,2,1,7,A01
202100014637,1,32,,0,2,3,1,B01
202100014637,2,7,,0,2,1,15,A01
202100014638,1,1,,0,2,4,1,B01
202100014638,1,30,,0,2,1,17,A01
202100014639,2,32,,0,2,1,17,A01
202100014639,2,7,,0,2,3,15,B01
202100014640,1,50,,0,2,1,13,Z01
202100014640,2,1,,0,2,1,1,A01
202100014641,2,7,,0,2,1,15,A01
202100014641,1,1,,0,2,3,7,B01
202100014642,2,7,,14,2,1,15,B01
202100014642,1,33,,0,2,2,0,A01
202100014643,3,7,,0,2,4,26,B01
202100014643,2,10,,0,2,1,26,A01
202100014644,1,7,,0,1,3,5,A01
202100014645,2,33,,0,2,4,23,B01
202100014645,2,33,,0,2,1,1,A01
202100014646,1,7,,1,0,3,15,A01
202100014646,1,7,,1,0,8,23,B01
202100014647,1,2,,0,2,7,17,B01
202100014647,1,7,,0,2,8,26,A01
202100014648,2,7,,0,1,1,1,A01
202100014649,2,1,,0,2,0,0,B01
202100014649,2,7,,0,2,6,16,A01
202100014650,-1,32,,0,1,1,3,A01
202100014651,1,7,,0,2,1,26,A01
202100014651,1,7,,0,2,4,2,B01
202100014651,1,7,,0,2,4,0,C01
202100014651,1,10,,0,2,4,0,D01