Num_Acc,senc,catv,occutc,obs,obsm,choc,manv,num_veh
202100014652,2,7,,0,2,3,15,A01
202100014652,1,80,,0,2,1,0,B01
202100014653,2,7,,0,1,3,15,A01
202100014654,2,20,,0,2,2,15,B01
202100014654,1,7,,0,2,3,1,A01
202100014655,1,7,,0,1,7,17,A01
202100014656,2,7,,0,1,3,2,A01
202100014657,0,7,,0,1,3,16,A01
202100014658,-1,7,,0,2,0,16,B01
202100014658,-1,33,,0,2,0,1,A01
202100014659,1,7,,0,2,8,1,B01
202100014659,1,7,,0,2,1,1,A01
202100014660,3,7,,0,2,1,15,A01
202100014660,3,31,,0,2,3,1,B01
202100014661,3,7,,12,0,1,26,A01
202100014662,0,7,,0,1,2,19,A01
202100014663,1,10,,16,1,4,4,A01
202100014664,2,34,,0,2,2,14,A01
202100014664,2,1,,0,2,1,1,B01
202100014665,1,2,,0,2,2,2,B01
202100014665,1,7,,0,2,3,26,A01
202100014666,1,1,,1,0,7,17,B01
202100014666,1,7,,0,2,3,22,A01
202100014667,3,10,,0,1,2,1,A01
202100014668,1,7,,0,2,3,1,B01
202100014668,2,33,,0,2,9,21,A01
202100014669,1,7,,0,2,1,1,B01
202100014669,2,7,,0,2,1,13,A01
202100014670,1,7,,0,2,1,15,A01
202100014670,2,31,,0,2,1,1,B01
202100014671,3,7,,0,1,3,1,A01
202100014672,1,7,,0,2,5,12,A01
202100014672,1,10,,0,2,3,1,B01
202100014673,0,7,,6,0,1,1,A01
202100014674,3,1,,0,2,1,19,B01
202100014674,3,7,,0,2,3,1,A01
202100014675,2,7,,4,2,4,1,B01
202100014675,2,7,,0,2,1,2,A01
202100014676,2,7,,0,2,7,17,A01
202100014676,2,7,,0,2,1,1,B01
202100014677,2,33,,0,2,7,17,A01
202100014677,2,7,,0,2,8,17,B01
202100014678,0,33,,0,2,1,1,B01
202100014678,3,7,,0,2,8,15,A01
202100014679,1,7,,0,2,1,1,A01
202100014679,2,30,,0,2,1,1,B01
202100014680,1,33,,0,6,1,0,A01
202100014681,2,7,,0,2,3,1,B01
202100014681,1,17,,0,2,3,1,A01
202100014682,2,10,,0,9,2,21,A01
202100014682,2,1,,0,2,0,1,B01
202100014683,2,7,,0,1,2,2,A01
202100014684,2,7,,6,0,4,16,B01
202100014684,2,10,,0,2,1,1,A01
202100014685,2,7,,12,1,3,19,A01
202100014686,2,2,,0,2,2,13,A01
202100014686,2,7,,0,2,8,15,B01
202100014687,1,7,,13,0,3,1,A01
202100014688,2,10,,0,2,2,15,A01
202100014688,1,33,,0,2,1,1,B01
202100014689,1,7,,0,2,3,10,A01
202100014689,1,2,,0,2,1,1,B01
202100014690,2,7,,0,2,1,1,B01
202100014690,1,7,,0,2,1,13,A01
202100014691,1,33,,0,2,1,1,B01
202100014691,0,7,,0,2,2,15,A01
202100014692,2,31,,0,6,1,2,A01
202100014693,2,7,,6,0,1,1,A01
202100014694,3,7,,6,0,1,1,A01
202100014695,2,7,,0,2,1,1,A01
202100014696,0,10,,0,2,3,1,B01
202100014696,0,7,,0,2,1,13,A01
202100014697,3,2,,16,0,1,21,A01
202100014697,3,7,,0,0,0,0,B01
202100014698,1,7,,2,0,1,2,A01
202100014699,1,17,,0,2,1,1,A01
202100014699,2,3,,0,2,1,13,B01
202100014700,2,7,,0,2,8,1,B01
202100014700,2,7,,0,2,3,1,C01
202100014700,1,7,,16,2,3,13,A01
202100014701,2,17,,0,2,3,1,B01
202100014701,1,7,,0,2,3,13,A01
202100014702,1,7,,0,2,2,2,B01
202100014702,1,7,,4,2,6,11,A01
202100014703,1,15,,0,0,5,1,A01
202100014703,1,17,,0,2,3,1,B01
202100014704,1,50,,0,0,2,1,A01
202100014705,1,7,,0,1,3,15,A01
202100014706,2,7,,0,1,2,23,A01
202100014707,1,33,,0,2,9,13,A01
202100014707,2,10,,0,2,3,1,B01
202100014708,1,33,,0,2,7,1,B01
202100014708,1,7,,0,2,3,11,A01
202100014709,2,13,,0,2,3,1,B01
202100014709,1,7,,0,2,3,13,A01
202100014710,1,7,,0,2,1,1,A01
202100014710,1,1,,0,2,4,1,B01
202100014711,2,10,,0,1,1,1,A01
202100014712,2,33,,3,0,2,1,A01
202100014713,3,7,,0,0,0,1,A01
202100014714,1,2,,0,0,0,1,A01
202100014715,3,31,,0,2,1,1,B01
202100014715,3,7,,0,2,2,15,A01
202100014716,1,33,,0,2,1,17,A01
202100014716,1,7,,0,2,8,15,B01
202100014717,1,7,,3,2,8,19,A01
202100014717,1,7,,0,2,3,19,B01
202100014718,1,7,,0,2,1,1,A01
202100014718,1,7,,0,2,4,23,B01
202100014718,1,7,,0,2,4,23,C01
202100014719,2,7,,0,0,0,1,A01
202100014720,2,7,,0,0,0,24,A01
202100014721,1,7,,4,0,9,26,A01
202100014722,1,7,,0,2,4,2,A01
202100014722,1,7,,0,2,4,2,B01
202100014722,1,13,,0,2,1,2,C01
202100014723,2,7,,0,2,2,17,A01
202100014723,2,38,1.0,0,2,3,1,B01
202100014724,1,7,,0,2,1,2,B01
202100014724,1,32,,0,2,4,2,A01
202100014725,1,7,,0,2,4,1,B01
202100014725,1,7,,0,2,1,1,A01
202100014726,2,7,,0,2,4,2,B01
202100014726,2,10,,0,2,1,2,A01
202100014727,2,7,,4,2,1,1,C01
202100014727,2,10,,0,2,7,14,A01
202100014727,2,7,,0,2,8,1,B01
202100014728,1,7,,3,0,1,13,B01
202100014728,1,17,,0,2,2,21,A01
202100014729,1,17,,0,2,2,2,A01
202100014729,1,7,,0,2,4,2,B01
202100014729,1,7,,0,2,5,2,C01
202100014730,1,7,,0,2,2,0,A01
202100014730,1,31,,6,0,3,0,B01
202100014731,1,7,,0,2,4,23,D01
202100014731,1,7,,0,2,1,1,A01
202100014731,1,7,,0,2,4,23,B01
202100014731,1,7,,0,2,4,23,C01
202100014732,1,7,,0,2,4,1,B01
202100014732,1,7,,0,2,1,1,A01
202100014733,2,7,,4,2,2,1,B01
202100014733,2,7,,3,2,3,18,A01
202100014734,1,7,,0,0,0,26,A01
202100014735,2,7,,0,2,4,1,B01
202100014735,2,33,,0,2,1,3,A01
202100014736,2,7,,0,2,4,1,B01
202100014736,2,34,,0,2,1,3,A01
202100014737,2,7,,0,2,4,11,B01
202100014737,2,43,,0,2,1,3,A01
202100014738,1,33,,0,2,8,2,B01
202100014738,1,7,,0,2,0,12,A01
202100014739,2,15,,0,0,0,26,A01
202100014739,2,7,,0,0,0,0,B01
202100014740,2,10,,0,2,1,2,A01
202100014740,2,7,,0,2,4,2,B01
202100014741,1,7,,4,0,9,26,A01
202100014742,1,10,,0,2,4,1,B01
202100014742,1,33,,0,2,9,1,A01
202100014743,2,33,,0,2,2,2,B01
202100014743,2,7,,0,2,3,11,A01
202100014744,2,10,,0,2,4,11,A01
202100014744,2,33,,0,2,1,3,B01
202100014745,2,33,,0,2,0,3,A01
202100014746,2,17,,0,2,2,12,A01
202100014746,2,7,,0,2,6,1,B01
202100014747,2,7,,2,2,8,12,A01
202100014747,2,14,,0,2,2,12,B01
202100014748,1,10,,0,2,4,1,A01
202100014748,1,10,,0,2,4,1,B01
202100014749,0,0,,0,1,0,0,A01
202100014750,1,7,,0,1,3,1,A01
202100014751,3,7,,0,1,0,15,A01
202100014752,3,7,,0,1,4,20,A01
202100014753,2,7,,0,1,3,1,A01
202100014754,1,33,,0,2,1,2,A01
202100014754,1,33,,0,2,4,1,B01
202100014754,1,7,,0,2,6,1,C01
202100014755,3,10,,0,2,3,15,A01
202100014755,1,30,,0,2,1,2,B01
202100014756,3,32,,15,0,1,17,A01
202100014757,2,30,,0,0,1,14,A01
202100014758,1,2,,0,0,0,1,A01
202100014759,1,7,,0,2,2,10,A01
202100014759,1,37,1.0,0,2,2,1,B01
202100014760,1,7,,0,1,0,1,A01
202100014761,1,30,,0,2,4,1,B01
202100014761,1,7,,0,2,3,15,A01
202100014762,1,2,,0,2,3,1,B01
202100014762,1,7,,0,2,7,12,A01
202100014763,1,13,,0,2,0,0,A01
202100014763,1,33,,0,2,1,1,B01
202100014764,1,7,,0,1,1,16,A01
202100014765,1,7,,0,1,3,1,A01
202100014766,2,1,,0,2,7,19,A01
202100014766,2,7,,0,2,2,13,C01
202100014766,2,7,,0,2,2,21,B01
202100014767,1,7,,0,1,1,1,A01
202100014768,3,7,,0,1,1,1,A01
202100014769,3,7,,0,1,8,15,A01
202100014770,1,1,,0,2,7,1,B01
202100014770,1,7,,0,2,8,9,A01
202100014771,1,7,,0,2,7,14,A01
202100014771,1,2,,0,2,8,1,B01
202100014772,1,7,,0,2,1,2,A01
202100014772,1,1,,0,2,4,2,B01
202100014773,1,1,,0,2,4,9,A01
202100014773,1,7,,0,2,6,9,B01
202100014774,2,2,,0,2,1,1,B01
202100014774,2,7,,0,2,4,20,A01
202100014775,1,7,,0,0,0,26,A01
202100014776,1,33,,0,2,1,17,B01
202100014776,1,7,,0,2,8,15,A01
202100014777,3,7,,0,2,4,1,A01
202100014777,3,7,,0,2,1,2,D01
202100014777,3,7,,0,2,4,2,C01
202100014777,3,7,,0,2,4,2,B01
202100014778,3,7,,0,2,1,26,A01
202100014778,3,7,,0,2,3,26,B01
202100014779,3,7,,0,2,1,1,B01
202100014779,3,3,,0,2,1,13,A01
202100014780,1,7,,0,2,3,15,B01
202100014780,2,33,,0,2,1,1,A01
202100014781,2,7,,0,2,1,15,A01
202100014781,2,7,,0,2,1,1,B01
202100014782,1,7,,0,1,3,1,A01
202100014783,1,7,,0,1,1,1,A01
202100014784,2,7,,0,2,1,15,A01
202100014784,1,2,,0,2,1,1,B01
202100014785,0,7,,0,1,1,1,A01
202100014786,1,7,,0,2,4,2,B01
202100014786,1,7,,0,2,1,2,A01
202100014787,1,7,,0,2,1,2,A01
202100014787,1,7,,0,2,4,2,B01
202100014788,2,7,,0,1,3,1,A01
202100014789,1,7,,0,1,1,1,A01
202100014790,1,2,,0,2,7,1,B01
202100014790,1,7,,0,2,1,15,A01
202100014791,2,7,,0,2,1,2,A01
202100014791,2,7,,0,2,4,23,B01
202100014792,3,7,,0,9,1,15,B01
202100014792,3,1,,0,2,1,19,A01
202100014793,2,7,,0,2,2,1,B01
202100014793,1,7,,14,2,1,6,A01
202100014794,1,10,,0,1,3,1,A01
202100014795,1,10,,0,1,1,1,A01
202100014796,1,7,,0,2,3,1,B01
202100014796,1,1,,0,2,1,19,A01
202100014797,2,7,,0,2,4,2,B01
202100014797,2,7,,0,2,4,2,D01
202100014797,2,10,,0,2,1,2,A01
202100014797,2,7,,0,2,4,2,C01
202100014798,1,31,,0,2,8,2,A01
202100014798,2,7,,0,2,2,23,B01
202100014799,1,7,,0,2,1,11,A01
202100014799,1,7,,0,2,1,1,B01
202100014799,1,7,,0,2,4,1,C01
202100014800,1,30,,0,2,7,12,A01
202100014800,1,37,1.0,0,2,6,1,B01
202100014801,2,1,,0,2,1,2,A01
202100014801,2,50,,0,2,1,1,B01
202100014802,1,7,,0,2,1,1,A01
202100014802,2,1,,0,2,1,5,B01
202100014803,1,7,,0,2,1,2,A01
202100014803,1,7,,0,2,4,23,B01
202100014804,1,34,,0,1,1,1,A01
202100014805,0,99,,0,1,2,26,A01
202100014806,3,7,,8,0,2,14,A01
202100014807,2,7,,0,2,1,23,B01
202100014807,1,7,,0,2,1,5,A01
202100014808,2,7,,0,2,7,13,A01
202100014808,1,7,,0,2,1,1,B01
202100014809,1,7,,10,0,3,1,A01
202100014810,2,7,,0,2,0,0,B01
202100014810,2,7,,0,2,2,1,A01
202100014811,1,7,,0,2,4,2,B01
202100014811,1,7,,0,2,1,2,A01
202100014812,1,7,,0,2,2,15,A01
202100014812,1,1,,0,2,1,2,B01
202100014813,0,7,,1,2,0,0,B01
202100014813,0,13,,0,2,2,26,A01
202100014814,2,7,,1,1,3,15,A01
202100014815,2,14,,0,1,3,15,A01
202100014816,3,10,,0,1,5,1,A01
202100014817,1,2,,0,2,1,1,B01
202100014817,1,7,,0,2,3,26,A01
202100014818,1,7,,0,2,2,2,B01
202100014818,1,2,,0,2,3,2,A01
202100014819,3,32,,0,2,8,1,A01
202100014819,3,7,,0,2,1,16,B01
202100014820,2,7,,0,2,1,15,A01
202100014820,1,7,,9,2,3,1,B01
202100014821,3,33,,15,0,2,1,A01
202100014822,3,32,,0,0,0,1,A01
202100014823,2,7,,0,2,4,2,B01
202100014823,2,30,,0,2,1,11,A01
202100014824,1,7,,0,1,1,1,A01
202100014825,1,7,,0,2,3,1,B01
202100014825,1,34,,15,2,1,19,A01
202100014826,2,33,,14,0,1,1,A01
202100014827,2,2,,0,2,1,2,A01
202100014827,2,2,,0,2,1,2,B01
202100014828,2,43,,0,2,8,3,A01
202100014828,2,7,,0,2,7,1,B01
202100014829,2,32,,0,2,1,1,B01
202100014829,2,7,,8,2,8,15,A01
202100014830,1,50,,0,1,3,1,A01
202100014831,1,1,,0,2,0,19,B01
202100014831,1,32,,0,2,7,7,A01
202100014832,1,30,,0,1,1,17,Z01
202100014833,2,1,,0,2,1,21,A01
202100014833,2,7,,0,2,3,13,Z01
202100014834,1,30,,0,1,0,1,A01
202100014835,1,2,,0,2,3,15,B01
202100014835,1,7,,0,2,2,1,A01
202100014836,2,60,,0,2,0,19,B01
202100014836,2,30,,0,2,1,1,A01
202100014837,3,43,,0,2,1,1,B01
202100014837,3,7,,0,2,8,10,A01
202100014838,2,31,,0,2,1,1,B01
202100014838,1,10,,0,2,6,15,A01
202100014839,2,14,,0,1,2,1,A01
202100014840,1,7,,0,1,1,15,A01
202100014841,2,30,,0,1,0,1,Z01
202100014842,2,7,,0,1,7,16,A01
202100014843,1,1,,0,4,1,19,A01
202100014843,1,40,,0,2,7,1,B01
202100014844,2,1,,0,2,8,1,B01
202100014844,1,7,,0,2,1,15,A01
202100014845,2,1,,0,2,1,1,B01
202100014845,2,10,,0,2,2,16,A01
202100014846,2,7,,0,2,2,15,A01
202100014846,1,7,,0,0,6,1,B01
202100014847,0,7,,0,2,4,2,C01
202100014847,0,7,,0,2,4,2,B01
202100014847,0,10,,0,2,1,2,A01
202100014848,1,7,,0,2,3,24,B01
202100014848,1,7,,1,0,2,2,A01
202100014849,1,32,,0,1,1,1,A01
202100014850,2,7,,0,1,1,19,A01
202100014851,1,7,,0,1,2,1,A01
202100014852,2,1,,14,0,1,26,A01
202100014853,3,7,,0,1,1,1,A01
202100014854,3,7,,0,2,1,2,A01
202100014854,3,7,,0,2,4,2,C01
202100014854,3,7,,0,2,4,2,B01
202100014855,1,7,,0,2,4,2,A01
202100014855,1,33,,0,2,1,2,B01
202100014856,-1,10,,0,0,3,26,A01
202100014856,-1,34,,0,2,1,1,B01
202100014857,3,10,,0,1,1,1,A01
202100014858,2,34,,0,1,7,26,A01
202100014859,1,1,,0,2,3,0,B01
202100014859,1,7,,0,0,2,23,A01
202100014860,2,30,,0,1,8,14,A01
202100014861,2,7,,0,0,3,0,B01
202100014861,1,30,,0,2,3,1,A01
202100014862,3,7,,0,2,4,1,B01
202100014862,3,7,,0,2,4,12,A01
202100014863,0,7,,0,2,5,15,B01
202100014863,0,7,,0,2,1,15,A01
202100014864,0,7,,0,2,1,26,A01
202100014864,0,7,,0,2,4,23,B01
202100014865,2,2,,0,2,2,13,B01
202100014865,2,7,,0,2,3,15,A01
202100014866,1,7,,0,2,8,1,A01
202100014866,1,7,,0,2,1,1,B01
202100014867,1,30,,0,2,1,26,A01
202100014867,1,33,,0,2,4,1,B01
202100014868,1,30,,0,0,0,1,A01
202100014869,2,32,,0,0,0,1,A01
202100014870,1,7,,0,2,5,1,A01
202100014870,1,1,,0,2,1,2,B01
202100014871,1,7,,0,2,5,1,B01
202100014871,1,31,,0,2,3,13,A01
202100014872,1,33,,0,1,1,1,A01
202100014873,1,7,,0,2,4,26,B01
202100014873,1,37,3.0,0,2,1,26,A01
202100014874,2,10,,0,2,3,15,A01
202100014874,2,33,,0,2,2,0,B01
202100014875,1,15,,0,0,6,1,B01
202100014875,1,7,,0,2,1,2,A01
202100014876,1,7,,13,0,3,1,A01
202100014877,3,1,,0,2,8,15,B01
202100014877,3,33,,0,2,7,21,A01
202100014878,1,7,,2,0,8,1,A01
202100014879,2,7,,0,0,0,1,A01
202100014880,1,2,,0,2,8,1,A01
202100014880,2,7,,0,2,6,15,B01
202100014881,1,7,,0,2,3,1,B01
202100014881,2,7,,0,2,3,13,A01
202100014882,1,7,,0,2,2,2,A01
202100014882,1,1,,0,0,4,2,B01
202100014883,1,7,,0,2,1,1,B01
202100014883,2,7,,0,2,1,13,A01
202100014884,2,10,,0,2,3,15,A01
202100014884,1,33,,0,2,1,1,B01
202100014885,1,7,,0,2,1,13,A01
202100014885,2,7,,0,2,1,1,B01
202100014886,2,7,,0,2,2,15,A01
202100014886,1,7,,0,2,1,1,B01
202100014886,2,7,,0,2,1,23,C01
202100014887,2,10,,0,2,1,1,A01
202100014887,1,7,,0,2,1,17,B01
202100014888,1,7,,0,1,2,1,A01
202100014889,2,7,,0,2,2,23,A01
202100014889,2,7,,0,2,6,2,B01
202100014890,1,2,,0,2,1,13,A01
202100014890,2,10,,0,2,3,1,B01
202100014891,1,7,,0,0,7,1,A01
202100014891,3,50,,0,2,1,1,B01
202100014892,1,2,,0,2,1,5,A01
202100014892,2,10,,0,2,3,5,B01
202100014893,1,7,,0,9,3,17,B01
202100014893,2,1,,0,2,3,1,A01
202100014894,1,7,,0,2,1,2,A01
202100014894,1,21,,0,0,4,1,B01
202100014895,2,7,,13,0,1,0,A01
202100014896,2,7,,16,0,0,6,A01
202100014897,1,10,,0,2,3,1,A01
202100014897,2,7,,0,2,3,1,B01
202100014898,0,2,,6,0,1,15,A01
202100014899,2,33,,0,2,1,1,B01
202100014899,1,7,,0,2,3,15,A01
202100014900,2,7,,0,1,3,2,A01
202100014901,0,7,,0,2,2,15,A01
202100014901,0,7,,0,0,5,1,B01
202100014902,1,33,,0,0,0,1,A01
202100014903,2,7,,0,2,1,9,A01
202100014903,1,50,,0,2,1,26,B01
202100014904,1,7,,6,0,2,0,A01
202100014905,0,31,,1,0,1,0,A01
202100014906,1,7,,0,2,1,1,C01
202100014906,1,7,,0,2,1,1,B01
202100014906,1,7,,0,2,2,19,A01
202100014907,1,7,,5,0,1,1,A01
202100014908,2,7,,0,0,4,1,C01
202100014908,2,7,,0,2,4,1,B01
202100014908,2,7,,0,2,1,2,A01
202100014909,2,7,,13,0,9,1,A01
202100014910,2,7,,0,2,8,1,B01
202100014910,1,7,,0,2,8,1,A01
202100014911,1,7,,0,2,3,13,A01
202100014911,2,7,,0,2,3,1,B01
202100014912,1,7,,0,0,7,1,A01
202100014912,1,1,,0,0,8,1,B01
202100014913,3,7,,0,2,3,1,B01
202100014913,3,2,,0,2,1,1,A01
202100014914,2,1,,0,0,6,1,B01
202100014914,2,7,,0,2,2,1,A01
202100014915,3,2,,2,0,0,0,A01
202100014916,3,7,,0,2,1,1,A01
202100014916,3,7,,16,2,7,19,B01
202100014917,1,7,,1,0,1,21,A01
202100014918,0,7,,0,2,3,9,A01
202100014918,2,2,,0,2,9,1,B01
202100014919,2,7,,13,0,1,1,A01
202100014920,2,7,,0,0,9,1,A01
202100014921,1,10,,0,2,1,2,A01
202100014921,1,7,,0,2,4,2,B01
202100014921,1,10,,0,2,4,2,C01
202100014922,2,7,,0,2,1,1,A01
202100014922,2,14,,0,0,4,24,B01
202100014923,2,10,,0,2,2,1,B01
202100014923,2,10,,0,2,2,26,A01
202100014924,2,7,,0,2,5,2,A01
202100014924,2,33,,0,2,1,3,B01
202100014925,1,7,,4,0,1,17,A01
202100014926,2,7,,4,0,1,1,A01
202100014927,1,7,,0,2,2,12,A01
202100014927,1,33,,0,2,3,3,B01
202100014928,2,7,,0,2,4,2,C01
202100014928,2,10,,0,2,4,2,B01
202100014928,2,7,,0,2,1,2,A01
202100014929,1,7,,0,2,1,2,B01
202100014929,1,10,,0,2,4,2,A01
202100014930,2,7,,0,2,4,1,A01
202100014930,2,7,,0,2,1,1,B01
202100014931,3,7,,0,2,4,2,A01
202100014931,3,7,,0,2,1,11,B01
202100014932,1,7,,0,1,1,15,A01
202100014933,3,7,,0,1,2,1,A01
202100014934,3,7,,0,1,1,15,A01
202100014935,1,7,,0,1,2,1,A01
202100014936,1,7,,0,1,2,1,A01
202100014937,1,33,,8,0,0,26,A01
202100014938,1,10,,0,0,2,1,A01
202100014939,1,50,,0,0,1,1,A01
202100014940,2,10,,0,1,1,15,A01
202100014941,2,7,,0,0,0,26,A01
202100014941,2,32,,0,0,0,21,B01
202100014942,2,33,,3,2,8,17,A01
202100014942,2,21,,0,0,6,15,B01
202100014943,1,7,,0,2,4,1,B01
202100014943,1,7,,0,2,1,1,A01
202100014944,1,30,,0,2,5,2,B01
202100014944,1,7,,0,2,2,26,A01
202100014945,2,33,,0,2,1,17,B01
202100014945,1,7,,0,2,1,15,A01
202100014946,1,7,,6,0,1,1,A01
202100014947,3,7,,0,1,1,1,A01
202100014948,1,7,,0,2,2,13,Z01
202100014948,2,30,,0,2,1,1,B01
202100014949,2,31,,0,0,8,14,A01
202100014950,0,2,,0,2,9,19,A01
202100014950,0,7,,0,2,7,1,B01
202100014951,1,7,,0,2,7,9,A01
202100014951,2,7,,0,2,1,1,B01
202100014952,3,7,,9,1,1,1,A01
202100014953,1,50,,0,0,0,11,A01
202100014954,3,40,,0,2,2,1,B01
202100014954,1,7,,0,4,1,1,A01
202100014955,2,7,,0,0,6,1,B01
202100014955,2,7,,0,2,1,1,A01
202100014956,1,10,,0,1,3,2,A01
202100014957,1,7,,0,2,3,1,A01
202100014957,1,7,,0,2,3,1,B01
202100014958,1,7,,0,2,8,11,A01
202100014958,1,33,,0,2,7,1,B01
202100014959,2,7,,0,2,1,1,C01
202100014959,1,7,,0,2,1,1,B01
202100014959,1,7,,0,2,3,9,A01
202100014960,1,7,,0,2,8,11,A01
202100014960,1,7,,0,2,1,1,B01
202100014961,2,7,,0,2,2,1,B01
202100014961,1,10,,0,2,8,23,C01
202100014961,2,7,,0,2,3,9,A01
202100014962,1,7,,0,2,4,23,B01
202100014962,1,10,,0,2,1,1,A01
202100014963,3,7,,8,1,8,2,A01
202100014964,2,30,,0,2,1,18,A01
202100014964,1,7,,0,2,2,15,B01
202100014965,1,7,,1,0,2,1,A01
202100014966,2,7,,0,2,4,2,B01
202100014966,2,7,,0,2,1,2,A01
202100014967,1,7,,0,1,1,1,A01
202100014968,3,34,,0,2,3,1,B01
202100014968,3,7,,0,2,3,1,A01
202100014969,1,30,,0,2,2,17,A01
202100014969,1,7,,0,2,3,1,B01
202100014970,3,10,,0,2,0,2,A01
202100014970,3,32,,0,2,0,2,B01
202100014970,3,7,,0,2,0,2,C01
202100014971,1,7,,0,2,3,11,A01
202100014971,1,32,,0,2,7,1,B01
202100014972,1,7,,0,1,3,1,A01
202100014973,1,7,,0,2,1,1,B01
202100014973,2,7,,0,2,1,13,A01
202100014974,3,7,,0,2,3,26,B01
202100014974,1,7,,0,2,2,1,A01
202100014975,2,7,,0,2,4,2,C01
202100014975,2,7,,0,2,4,2,B01
202100014975,2,10,,0,2,1,2,A01
202100014976,1,30,,0,0,0,21,A01
202100014977,3,30,,0,0,0,9,A01
202100014978,1,7,,0,1,0,17,Z01
202100014979,1,7,,0,2,5,23,B01
202100014979,1,37,1.0,0,2,2,1,A01
202100014980,1,7,,0,1,3,1,A01
202100014981,2,15,,0,2,1,2,A01
202100014981,2,7,,0,2,4,2,B01
202100014982,3,7,,0,2,3,16,A01
202100014982,3,1,,0,2,0,0,B01
202100014983,2,1,,0,2,1,1,B01
202100014983,2,7,,0,2,7,1,A01
202100014984,2,7,,0,2,8,15,A01
202100014984,2,30,,0,2,7,17,B01
202100014985,1,7,,0,1,2,1,A01
202100014986,1,32,,0,2,1,1,B01
202100014986,2,7,,0,2,3,15,A01
202100014987,2,30,,0,0,3,1,A01
202100014988,0,7,,14,0,1,1,A01
202100014989,0,7,,0,2,1,1,C01
202100014989,0,7,,0,2,4,1,B01
202100014989,0,7,,0,2,1,1,A01
202100014989,0,7,,0,2,4,1,D01
202100014990,0,30,,0,1,1,1,A01
202100014991,3,32,,0,0,0,26,A01
202100014992,2,31,,0,2,1,1,B01
202100014992,1,7,,0,2,8,9,A01
202100014993,3,2,,0,0,7,1,B01
202100014993,3,7,,0,2,0,15,A01
202100014994,3,17,,0,2,3,1,A01
202100014994,3,10,,0,2,3,5,B01
202100014995,0,10,,0,1,2,2,A01
202100014996,2,7,,12,1,1,19,A01
202100014997,2,30,,0,2,2,1,B01
202100014997,1,7,,0,2,1,5,A01
202100014998,2,30,,0,2,3,1,B01
202100014998,1,10,,0,2,1,15,A01
202100014999,3,1,,0,2,0,1,B01
202100014999,3,17,,0,2,1,16,A01
202100015000,0,7,,0,1,1,26,A01
202100015001,1,7,,2,0,3,13,A01
202100015002,1,7,,1,0,6,1,B01
202100015002,1,30,,0,2,1,1,A01
202100015003,3,7,,0,2,1,1,B01
202100015003,3,7,,14,2,2,21,A01
202100015004,1,7,,0,2,3,1,B01
202100015004,2,7,,0,2,1,15,A01
202100015005,1,7,,0,2,4,1,C01
202100015005,1,7,,0,2,1,1,B01
202100015005,1,7,,0,2,1,1,A01
202100015006,2,7,,0,2,8,15,B01
202100015006,-1,2,,0,2,7,3,A01
202100015007,1,7,,0,1,3,1,A01
202100015008,1,7,,2,0,1,13,A01
202100015009,1,7,,0,2,1,13,A01
202100015009,2,7,,0,2,2,1,B01
202100015010,2,7,,1,2,1,1,B01
202100015010,1,7,,9,2,2,1,A01
202100015011,1,7,,0,2,3,10,A01
202100015011,2,50,,0,2,1,1,B01
202100015012,1,10,,0,1,8,1,A01
202100015013,2,7,,6,0,1,15,A01
202100015014,0,7,,0,2,1,9,B01
202100015014,2,2,,0,2,1,17,A01
202100015015,3,2,,0,2,1,1,B01
202100015015,3,10,,0,2,2,15,A01
202100015016,2,37,4.0,0,0,0,1,A01
202100015017,1,7,,0,2,7,15,B01
202100015017,2,7,,0,2,1,1,A01
202100015018,3,2,,0,0,1,1,A01
202100015019,1,7,,0,2,6,2,B01
202100015019,1,7,,0,2,2,2,A01
202100015020,3,7,,0,2,3,16,A01
202100015020,3,50,,0,2,3,2,B01
202100015021,3,10,,0,2,4,2,B01
202100015021,2,7,,0,2,1,26,A01
202100015022,1,7,,0,2,1,15,A01
202100015022,2,1,,0,2,1,1,B01
202100015023,3,7,,0,2,3,26,A01
202100015023,3,10,,0,2,2,26,B01
202100015024,3,14,,0,1,8,0,A01
202100015025,1,7,,0,0,3,1,A01
202100015026,3,7,,0,1,1,1,A01
202100015027,1,7,,0,1,1,9,A01
202100015028,1,7,,6,0,1,26,A01
202100015029,1,7,,0,2,1,1,A01
202100015029,1,1,,0,2,7,19,B01
202100015030,1,7,,0,2,1,13,A01
202100015030,2,7,,0,2,1,1,B01
202100015030,2,10,,0,2,1,1,C01
202100015031,3,7,,1,2,2,1,B01
202100015031,3,7,,0,2,1,1,A01
202100015032,2,30,,0,2,1,2,A01
202100015032,2,7,,0,2,4,15,B01
202100015033,2,33,,3,0,8,13,A01
202100015034,2,7,,0,2,5,1,B01
202100015034,1,7,,0,2,1,9,A01
202100015035,1,7,,13,0,1,14,A01
202100015036,1,7,,0,1,1,16,A01
202100015037,1,7,,0,2,1,26,A01
202100015037,1,7,,0,2,1,1,B01
202100015038,1,7,,3,0,2,1,A01
202100015039,0,7,,0,0,3,0,B01
202100015039,1,30,,0,2,1,13,A01
202100015040,1,7,,0,1,3,15,A01
202100015041,3,7,,0,2,2,15,B01
202100015041,3,7,,0,2,1,1,A01
202100015042,0,33,,3,2,1,2,A01
202100015042,0,7,,0,2,6,1,B01
202100015043,2,7,,1,0,1,2,A01