Num_Acc,senc,catv,occutc,obs,obsm,choc,manv,num_veh
202100015044,1,1,,0,2,8,1,B01
202100015044,1,7,,0,2,7,17,A01
202100015045,1,7,,0,2,1,13,A01
202100015045,1,7,,0,2,1,1,B01
202100015046,2,7,,0,2,1,1,A01
202100015046,2,10,,0,2,3,1,B01
202100015047,1,7,,0,2,1,0,A01
202100015047,1,10,,0,2,5,0,B01
202100015048,2,2,,0,2,8,17,A01
202100015048,1,7,,0,2,8,1,B01
202100015049,1,7,,0,2,8,15,Z01
202100015049,1,32,,0,2,7,1,A01
202100015050,1,7,,0,1,1,1,A01
202100015051,1,7,,0,1,1,1,A01
202100015052,2,30,,0,2,4,15,A01
202100015052,2,7,,0,2,2,1,B01
202100015053,1,7,,0,2,1,2,A01
202100015053,1,7,,0,2,4,23,B01
202100015053,1,7,,0,0,4,23,C01
202100015054,1,10,,0,2,1,2,A01
202100015054,1,7,,0,2,4,2,B01
202100015054,1,7,,0,2,4,2,C01
202100015055,1,7,,0,1,2,15,A01
202100015056,3,1,,0,0,2,1,A01
202100015057,3,7,,0,1,2,1,A01
202100015058,2,7,,0,2,4,2,B01
202100015058,2,7,,0,2,1,2,A01
202100015059,2,7,,12,0,2,14,A01
202100015060,3,7,,0,1,3,20,A01
202100015061,2,7,,0,2,4,1,D01
202100015061,2,7,,0,2,1,2,C01
202100015061,2,7,,0,2,1,2,B01
202100015061,2,7,,0,2,1,2,A01
202100015062,1,34,,0,2,5,17,B01
202100015062,1,30,,0,2,2,15,A01
202100015063,0,7,,0,1,1,15,A01
202100015064,0,1,,0,2,1,1,B01
202100015064,0,7,,0,0,0,9,A01
202100015065,2,7,,3,2,3,14,A01
202100015065,2,7,,0,2,6,1,B01
202100015066,1,1,,0,2,1,1,B01
202100015066,2,7,,0,2,1,19,A01
202100015067,2,10,,0,2,2,1,A01
202100015067,3,1,,0,2,8,19,B01
202100015068,0,32,,0,2,8,1,B01
202100015068,0,7,,0,2,2,13,A01
202100015069,2,7,,8,2,6,2,B01
202100015069,1,7,,6,2,1,15,A01
202100015070,2,33,,12,2,6,3,B01
202100015070,2,7,,0,2,3,15,A01
202100015071,3,7,,0,2,0,15,A01
202100015071,3,33,,0,2,7,17,B01
202100015072,0,7,,0,2,8,0,B01
202100015072,3,7,,0,2,1,1,A01
202100015073,1,7,,0,2,3,9,A01
202100015073,3,50,,0,2,7,0,B01
202100015074,2,7,,0,1,3,26,A01
202100015075,1,7,,1,0,1,1,A01
202100015076,2,7,,0,2,1,19,A01
202100015076,2,7,,0,2,8,1,B01
202100015077,2,14,,0,2,1,1,A01
202100015077,2,10,,0,2,4,23,B01
202100015078,0,7,,0,1,1,26,A01
202100015079,2,2,,0,2,1,1,A01
202100015079,2,7,,0,2,8,1,B01
202100015080,1,50,,0,0,0,0,A01
202100015081,1,7,,0,1,1,1,A01
202100015082,3,7,,16,0,9,1,A01
202100015083,3,7,,0,2,4,2,B01
202100015083,3,7,,0,2,4,2,C01
202100015083,3,10,,0,2,1,2,A01
202100015084,2,30,,0,1,1,7,A01
202100015085,3,33,,0,2,8,2,B01
202100015085,3,34,,0,2,2,12,A01
202100015086,3,7,,4,0,1,1,A01
202100015087,2,30,,12,0,1,1,A01
202100015088,3,7,,0,2,8,23,B01
202100015088,3,7,,0,2,1,19,A01
202100015089,2,7,,0,2,1,2,A01
202100015089,2,7,,0,2,4,2,B01
202100015090,2,7,,0,2,3,13,A01
202100015090,1,2,,0,2,3,1,B01
202100015091,1,1,,0,2,1,1,B01
202100015091,1,7,,0,2,7,15,A01
202100015092,1,7,,0,2,1,2,A01
202100015092,1,1,,0,2,1,2,B01
202100015093,2,7,,3,0,1,21,A01
202100015094,3,10,,0,2,1,1,A01
202100015094,3,7,,0,2,3,1,B01
202100015095,1,1,,0,2,3,21,A01
202100015095,1,10,,0,2,3,21,B01
202100015096,1,7,,0,2,2,15,A01
202100015096,2,1,,0,2,1,1,B01
202100015097,1,7,,0,1,1,1,A01
202100015098,2,7,,0,2,1,1,A01
202100015098,1,37,1.0,0,2,3,1,B01
202100015099,2,7,,0,1,2,1,A01
202100015100,3,7,,15,0,2,14,A01
202100015101,1,43,,0,0,0,14,A01
202100015102,1,10,,0,2,6,1,C01
202100015102,1,7,,0,2,7,1,B01
202100015102,1,33,,0,2,3,3,A01
202100015103,2,33,,0,2,8,11,A01
202100015103,2,7,,0,2,4,1,B01
202100015104,2,10,,0,2,6,1,B01
202100015104,2,7,,0,2,5,18,A01
202100015105,2,7,,0,2,1,2,A01
202100015105,2,10,,0,2,4,23,B01
202100015106,1,32,,0,2,3,15,B01
202100015106,1,10,,0,2,2,17,A01
202100015107,3,7,,0,2,1,16,A01
202100015107,0,80,,0,2,8,1,B01
202100015108,2,7,,0,2,2,15,B01
202100015108,1,2,,0,2,1,1,A01
202100015109,2,7,,0,1,2,1,A01
202100015110,1,30,,0,0,0,21,A01
202100015111,1,34,,0,1,8,1,A01
202100015112,1,1,,0,2,7,16,B01
202100015112,1,1,,0,2,7,1,A01
202100015113,3,7,,0,2,3,9,A01
202100015113,3,32,,0,2,1,1,B01
202100015114,2,7,,0,2,8,22,A01
202100015114,2,1,,0,2,2,1,B01
202100015115,1,1,,0,1,7,1,A01
202100015116,2,30,,0,2,1,16,A01
202100015116,2,7,,0,2,3,1,B01
202100015117,1,31,,0,2,7,2,A01
202100015117,1,32,,0,2,7,23,B01
202100015118,2,30,,0,1,3,21,A01
202100015119,1,1,,0,0,0,1,A01
202100015120,1,32,,9,2,1,18,A01
202100015120,1,7,,0,2,5,22,B01
202100015121,2,7,,0,1,3,1,A01
202100015122,1,50,,0,2,2,14,B01
202100015122,1,7,,0,9,8,1,A01
202100015123,0,31,,0,2,1,2,B01
202100015123,0,7,,0,2,1,15,A01
202100015124,3,2,,1,0,0,1,A01
202100015125,1,33,,0,2,0,1,A01
202100015125,1,17,,0,2,6,1,B01
202100015126,2,33,,0,2,8,1,B01
202100015126,2,7,,0,2,3,15,A01
202100015127,1,33,,0,2,8,2,B01
202100015127,1,10,,0,2,3,13,A01
202100015128,1,7,,0,2,1,0,A01
202100015128,2,32,,0,2,7,3,B01
202100015129,3,7,,0,2,6,2,B01
202100015129,3,7,,0,2,1,2,A01
202100015130,2,7,,0,1,1,1,A01
202100015131,1,7,,0,2,2,12,A01
202100015131,1,33,,0,2,3,2,B01
202100015132,1,7,,0,1,3,15,A01
202100015133,1,7,,0,9,8,15,A01
202100015133,1,1,,0,2,7,1,Y01
202100015134,0,37,2.0,0,2,3,1,A01
202100015134,0,7,,0,2,2,12,B01
202100015135,3,7,,0,0,3,1,B01
202100015135,1,7,,0,0,2,1,A01
202100015136,1,10,,1,0,7,1,B01
202100015136,1,7,,1,2,1,26,A01
202100015137,1,50,,0,2,8,25,B01
202100015137,1,10,,0,9,1,15,A01
202100015138,1,1,,0,0,8,14,A01
202100015139,2,32,,0,2,1,0,B01
202100015139,2,7,,0,2,3,11,A01
202100015140,2,7,,0,2,3,15,A01
202100015140,1,32,,0,2,8,1,B01
202100015141,2,7,,0,1,7,1,B01
202100015142,1,7,,0,2,8,22,A01
202100015142,1,1,,1,0,1,1,B01
202100015143,1,10,,0,2,2,15,B01
202100015143,1,30,,0,2,2,1,A01
202100015144,2,7,,0,2,4,23,B01
202100015144,2,14,,0,2,1,2,A01
202100015145,3,10,,0,2,1,15,A01
202100015145,3,7,,0,2,3,19,B01
202100015146,1,7,,0,2,5,16,B01
202100015146,1,30,,0,2,1,16,A01
202100015147,1,7,,0,2,1,1,B01
202100015147,2,2,,0,2,1,23,A01
202100015148,1,7,,0,2,1,1,B01
202100015148,2,7,,0,2,1,17,A01
202100015149,3,7,,0,2,1,1,B01
202100015149,2,7,,0,0,8,2,A01
202100015150,2,7,,0,0,1,1,A01
202100015151,2,10,,0,2,1,1,B01
202100015151,1,10,,0,2,1,17,A01
202100015152,2,33,,0,0,0,1,A01
202100015153,3,7,,0,2,3,1,B01
202100015153,3,7,,0,2,3,13,A01
202100015154,1,7,,0,2,1,9,A01
202100015154,1,50,,0,0,7,1,B01
202100015155,1,33,,0,0,7,1,A01
202100015156,3,7,,8,0,3,0,A01
202100015157,2,33,,13,0,0,1,A01
202100015158,2,2,,0,2,1,1,B01
202100015158,1,7,,0,2,3,17,A01
202100015159,1,7,,0,2,1,1,B01
202100015159,1,7,,0,2,8,19,A01
202100015160,1,33,,0,9,1,1,B01
202100015160,2,7,,8,0,0,13,A01
202100015161,1,7,,0,2,1,17,B01
202100015161,1,7,,0,2,3,15,A01
202100015162,2,7,,0,0,6,23,B01
202100015162,2,7,,1,9,5,19,A01
202100015163,1,2,,0,2,7,1,A01
202100015163,0,7,,0,2,1,19,B01
202100015164,2,7,,0,2,0,0,B01
202100015164,2,2,,0,0,6,23,A01
202100015165,1,31,,0,0,7,1,A01
202100015165,2,7,,0,9,1,1,B01
202100015166,2,7,,0,2,3,1,B01
202100015166,2,7,,0,2,3,1,C01
202100015166,1,7,,0,2,3,13,A01
202100015167,2,33,,0,2,1,1,B01
202100015167,2,7,,0,2,8,15,A01
202100015168,0,7,,3,0,1,1,C01
202100015168,0,7,,0,0,1,1,B01
202100015168,0,7,,0,0,1,13,A01
202100015169,2,14,,0,2,3,21,B01
202100015169,1,2,,0,2,1,21,A01
202100015170,1,7,,0,2,2,2,A01
202100015170,1,13,,0,2,6,2,B01
202100015171,2,7,,0,1,3,1,A01
202100015172,2,10,,0,2,1,1,B01
202100015172,1,2,,0,2,1,13,A01
202100015173,3,33,,16,0,7,1,A01
202100015174,1,10,,0,2,1,15,B01
202100015174,2,2,,0,2,1,15,A01
202100015175,1,7,,0,2,1,1,B01
202100015175,2,31,,0,2,1,13,A01
202100015176,0,10,,0,1,3,0,A01
202100015177,0,33,,0,2,1,1,B01
202100015177,0,7,,0,2,2,15,A01
202100015178,0,31,,0,1,0,1,A01
202100015179,1,7,,8,0,2,14,A01
202100015180,2,7,,2,0,1,14,A01
202100015181,1,15,,0,0,4,1,B01
202100015181,1,7,,0,2,1,12,A01
202100015182,1,7,,0,2,2,3,A01
202100015182,1,7,,0,5,3,2,C01
202100015182,2,7,,0,2,2,21,B01
202100015183,1,1,,0,0,0,2,A01
202100015184,1,37,2.0,0,1,5,1,A01
202100015185,1,7,,0,2,3,16,A01
202100015185,1,2,,0,2,1,17,B01
202100015186,0,7,,6,0,0,6,A01
202100015187,1,13,,0,2,2,0,A01
202100015187,1,1,,0,0,4,0,B01
202100015188,2,7,,0,2,2,1,A01
202100015188,1,7,,0,2,3,1,B01
202100015189,3,7,,12,0,2,26,A01
202100015189,3,2,,0,0,0,0,B01
202100015190,2,7,,0,0,7,1,A01
202100015190,3,7,,0,0,2,15,B01
202100015191,2,7,,0,2,4,1,A01
202100015191,2,7,,0,2,1,1,B01
202100015192,1,7,,0,2,1,2,B01
202100015192,1,7,,0,2,4,1,A01
202100015193,2,7,,0,2,4,2,B01
202100015193,2,7,,0,2,1,2,A01
202100015194,1,7,,0,2,8,26,B01
202100015194,1,7,,0,2,1,26,Z01
202100015195,2,7,,0,2,4,26,A01
202100015195,2,0,,0,2,0,0,B01
202100015196,1,7,,0,2,5,1,A01
202100015196,1,7,,0,2,4,2,C01
202100015196,1,43,,0,2,1,3,B01
202100015197,2,7,,0,2,1,2,A01
202100015197,2,7,,0,2,4,1,B01
202100015198,2,33,,0,2,1,1,A01
202100015198,2,7,,0,2,4,2,B01
202100015199,2,33,,0,2,1,3,A01
202100015199,2,7,,0,2,8,11,B01
202100015200,2,7,,3,2,3,1,B01
202100015200,1,7,,4,2,3,5,A01
202100015201,1,7,,0,2,6,11,A01
202100015201,1,34,,0,2,7,3,B01
202100015202,2,10,,0,2,1,1,B01
202100015202,2,10,,0,2,4,1,C01
202100015202,2,7,,0,2,4,23,A01
202100015203,2,7,,0,2,1,2,A01
202100015203,2,7,,0,2,4,2,B01
202100015203,2,7,,0,2,4,2,C01
202100015204,2,7,,0,2,4,2,C01
202100015204,2,7,,0,2,4,2,B01
202100015204,2,13,,0,2,1,2,A01
202100015205,2,33,,0,2,3,2,B01
202100015205,2,7,,0,2,5,1,A01
202100015206,2,7,,0,2,4,2,B01
202100015206,2,7,,0,2,1,2,A01
202100015207,1,7,,0,2,1,2,C01
202100015207,1,7,,0,2,1,2,B01
202100015207,1,7,,0,2,4,2,A01
202100015208,1,7,,0,0,1,2,A01
202100015209,1,15,,0,2,1,2,C01
202100015209,1,7,,0,2,4,2,B01
202100015209,1,7,,0,2,1,2,A01
202100015210,1,7,,4,0,2,0,B01
202100015210,1,10,,0,2,1,0,A01
202100015211,2,7,,0,2,4,1,B01
202100015211,2,31,,0,2,1,3,A01
202100015212,1,10,,0,2,1,0,Z01
202100015212,1,7,,0,2,4,21,A01
202100015213,2,10,,0,1,2,1,A01
202100015214,1,33,,3,0,3,1,A01
202100015215,1,31,,0,2,2,3,C01
202100015215,1,17,,0,9,7,1,A01
202100015215,1,7,,0,2,6,1,B01
202100015216,2,7,,0,2,1,1,B01
202100015216,2,7,,0,2,4,26,A01
202100015217,2,7,,0,0,5,9,A01
202100015217,2,33,,0,0,1,17,B01
202100015218,2,7,,4,0,3,1,A01
202100015219,3,43,,0,2,1,1,B01
202100015219,3,32,,0,2,1,1,A01
202100015220,2,7,,1,0,1,14,A01
202100015221,1,7,,0,2,1,15,B01
202100015221,2,30,,0,2,7,17,A01
202100015222,3,33,,1,0,1,1,A01
202100015223,1,7,,2,2,4,5,A01
202100015223,1,7,,0,2,1,5,B01
202100015224,2,1,,0,2,1,17,B01
202100015224,2,1,,0,2,4,13,A01
202100015225,2,7,,0,2,2,10,A01
202100015225,1,33,,0,2,8,1,B01
202100015226,2,1,,0,1,1,1,A01
202100015227,1,1,,0,0,1,16,A01
202100015228,3,7,,0,2,1,1,B01
202100015228,3,7,,0,2,8,1,A01
202100015229,3,7,,0,2,1,23,B01
202100015229,3,2,,0,2,1,17,A01
202100015230,1,7,,0,1,2,1,A01
202100015231,1,1,,0,0,0,1,A01
202100015232,2,7,,0,2,2,1,A01
202100015232,2,10,,0,2,3,1,B01
202100015233,1,50,,8,0,7,16,A01
202100015234,1,1,,0,2,1,1,B01
202100015234,2,7,,0,9,1,15,A01
202100015235,1,7,,0,1,1,1,A01
202100015236,1,7,,0,2,3,1,B01
202100015236,2,7,,1,2,3,13,A01
202100015237,1,1,,0,2,8,19,A01
202100015237,1,7,,0,2,1,15,B01
202100015238,2,40,,0,9,1,26,A01
202100015238,2,1,,0,-1,2,26,B01
202100015239,1,50,,0,1,1,0,A01
202100015240,1,2,,0,2,1,5,B01
202100015240,1,7,,0,2,3,10,A01
202100015241,3,30,,0,2,3,13,A01
202100015241,3,7,,0,2,2,15,B01
202100015242,2,7,,0,1,0,16,A01
202100015243,2,7,,0,2,3,15,A01
202100015243,1,50,,0,2,3,1,B01
202100015244,1,30,,0,1,1,7,A01
202100015245,1,31,,0,0,1,1,A01
202100015246,3,7,,0,1,2,1,A01
202100015247,2,7,,0,2,1,1,A01
202100015247,1,33,,0,2,8,1,B01
202100015248,3,33,,0,1,7,1,A01
202100015249,1,7,,0,1,3,15,A01
202100015250,1,7,,6,0,1,0,A01
202100015251,1,2,,0,2,1,2,A01
202100015251,1,7,,0,0,4,1,B01
202100015252,1,7,,4,0,4,2,B01
202100015252,1,7,,0,0,1,11,A01
202100015253,2,7,,13,0,2,1,A01
202100015254,1,7,,0,1,2,1,A01
202100015255,1,7,,0,1,1,1,A01
202100015256,3,31,,0,2,1,13,B01
202100015256,3,7,,0,0,1,1,A01
202100015257,1,7,,0,0,0,12,A01
202100015257,1,7,,3,2,1,1,B01
202100015257,1,7,,0,2,3,21,C01
202100015258,2,7,,5,0,0,17,A01
202100015259,2,7,,13,0,9,1,A01
202100015260,1,7,,0,2,2,1,A01
202100015260,2,7,,15,2,1,1,B01
202100015261,2,7,,0,0,3,0,A01
202100015262,2,7,,0,2,3,23,B01
202100015262,2,7,,0,2,3,15,A01
202100015263,2,1,,1,0,1,2,A01
202100015264,1,7,,0,2,1,1,B01
202100015264,2,7,,0,2,1,13,A01
202100015265,0,2,,0,0,0,1,A01
202100015266,0,7,,0,2,1,19,A01
202100015266,0,33,,0,2,8,1,B01
202100015267,1,2,,0,0,0,17,A01
202100015268,1,2,,0,0,2,2,A01
202100015269,2,33,,2,0,2,1,A01
202100015270,1,7,,0,2,5,17,A01
202100015270,1,36,,0,2,3,15,B01
202100015271,2,7,,12,2,1,1,B01
202100015271,1,7,,12,2,3,19,A01
202100015272,2,7,,0,2,3,13,A01
202100015272,1,15,,0,2,3,1,B01
202100015273,2,33,,0,2,1,1,A01
202100015273,2,21,,0,0,4,15,B01
202100015274,1,7,,2,0,3,0,A01
202100015275,3,14,,0,0,0,1,A01
202100015276,1,7,,0,2,1,1,A01
202100015276,1,7,,0,2,3,15,B01
202100015277,1,7,,6,0,1,1,A01
202100015278,0,2,,0,2,1,1,B01
202100015278,0,10,,0,9,6,1,A01
202100015279,3,33,,12,0,1,1,A01
202100015280,1,17,,0,2,6,1,B01
202100015280,1,10,,0,2,2,1,A01
202100015281,2,17,,0,2,3,1,B01
202100015281,1,7,,0,2,3,5,A01
202100015282,1,7,,3,0,1,0,A01
202100015283,1,7,,0,2,2,1,C01
202100015283,1,7,,5,2,1,0,A01
202100015283,1,7,,0,2,4,1,B01
202100015283,1,7,,0,2,1,0,D01
202100015284,1,7,,0,2,1,2,C01
202100015284,2,7,,0,2,4,1,B01
202100015284,2,7,,0,0,3,9,A01
202100015285,1,7,,9,0,3,0,A01
202100015286,2,7,,0,2,3,15,A01
202100015286,1,33,,0,2,8,1,B01
202100015287,1,7,,0,0,2,15,A01
202100015287,2,33,,0,0,1,0,B01
202100015288,1,1,,0,0,4,2,A01
202100015288,1,7,,0,9,1,2,B01
202100015289,1,1,,0,2,4,1,B01
202100015289,1,31,,0,2,1,1,A01
202100015290,1,7,,2,0,1,14,A01
202100015291,2,7,,0,2,1,2,A01
202100015291,2,7,,0,0,4,23,B01
202100015292,1,33,,0,6,3,1,A01
202100015293,1,7,,13,0,1,2,A01
202100015294,1,7,,2,0,0,0,A01
202100015295,1,7,,0,0,2,1,A01
202100015295,2,7,,0,0,2,1,B01
202100015296,1,33,,0,2,7,12,A01
202100015296,1,7,,0,2,8,18,B01
202100015297,2,7,,0,2,4,1,B01
202100015297,2,7,,0,2,6,1,C01
202100015297,2,7,,3,2,2,14,A01
202100015298,2,7,,0,2,4,2,B01
202100015298,2,7,,0,2,1,2,A01
202100015299,2,7,,0,2,5,12,A01
202100015299,2,33,,0,2,1,0,B01
202100015300,1,10,,0,2,6,26,B01
202100015300,1,32,,0,0,1,14,A01
202100015301,1,7,,1,0,1,1,A01
202100015301,1,7,,0,0,4,23,B01
202100015302,2,7,,0,2,6,11,A01
202100015302,2,31,,0,2,2,1,B01
202100015303,2,7,,0,2,3,11,B01
202100015303,2,33,,0,2,7,3,A01
202100015304,2,7,,0,2,4,0,B01
202100015304,2,7,,0,2,1,2,A01
202100015305,2,7,,0,2,1,0,A01
202100015305,2,7,,0,2,0,0,B01
202100015305,2,7,,0,2,1,0,C01
202100015305,2,7,,0,2,1,0,D01
202100015305,2,7,,0,2,1,0,E01
202100015306,1,10,,0,2,4,2,A01
202100015306,1,10,,0,2,1,1,B01
202100015307,1,7,,0,2,1,1,A01
202100015307,1,7,,0,2,4,2,B01
202100015308,2,7,,0,2,3,11,B01
202100015308,2,33,,0,2,2,3,A01
202100015309,1,7,,0,2,8,13,C01
202100015309,1,7,,0,2,7,1,A01
202100015309,1,7,,0,2,1,1,B01
202100015310,2,7,,0,0,8,2,A01
202100015311,1,7,,12,0,2,1,A01
202100015312,3,10,,0,2,0,19,A01
202100015312,3,60,,0,2,0,19,B01
202100015313,3,7,,0,1,0,15,A01
202100015314,1,7,,0,2,8,1,B01
202100015314,2,7,,1,2,9,0,A01
202100015315,1,7,,0,2,4,0,B01
202100015315,1,7,,0,2,4,26,A01
202100015316,2,7,,0,2,1,1,A01
202100015316,2,1,,0,2,7,1,B01
202100015317,1,1,,0,2,3,2,B01
202100015317,1,7,,0,9,2,2,A01
202100015318,1,7,,0,0,1,0,A01
202100015319,2,7,,0,2,3,13,A01
202100015319,2,7,,0,2,3,1,B01
202100015320,2,31,,0,2,1,1,B01
202100015320,1,7,,0,2,3,1,A01
202100015321,1,7,,0,2,1,1,B01
202100015321,2,7,,0,2,1,1,A01
202100015322,1,7,,0,2,2,1,B01
202100015322,1,7,,0,2,7,15,A01
202100015323,2,7,,0,2,1,1,B01
202100015323,3,7,,0,2,3,15,A01
202100015324,0,10,,0,1,3,15,A01
202100015325,1,7,,0,2,1,13,A01
202100015325,1,7,,0,2,1,1,B01
202100015326,3,7,,8,0,2,14,A01
202100015327,1,7,,0,1,8,1,A01
202100015328,2,3,,1,0,8,1,A01
202100015329,1,7,,0,1,0,1,A01
202100015330,1,7,,15,2,1,21,A01
202100015331,1,30,,0,0,0,26,A01
202100015332,1,7,,0,2,6,2,B01
202100015332,1,7,,0,2,2,9,A01
202100015333,1,7,,0,0,0,26,A01
202100015334,2,7,,13,0,1,26,A01
202100015335,2,7,,0,2,0,2,A01
202100015335,2,50,,0,2,4,1,B01
202100015336,1,7,,0,2,4,0,B01
202100015336,1,7,,0,2,8,1,A01
202100015337,2,30,,1,0,7,1,A01
202100015338,3,30,,0,2,3,2,A01
202100015338,3,7,,0,2,4,1,B01
202100015339,1,7,,2,0,8,1,A01
202100015340,1,13,,0,2,2,17,A01
202100015340,1,10,,0,2,1,1,B01
202100015341,2,37,3.0,0,2,3,1,B01
202100015341,2,7,,0,2,5,7,A01
202100015342,0,32,,0,0,6,15,A01
202100015343,3,7,,0,2,1,26,A01
202100015343,3,10,,0,2,3,0,B01
202100015344,1,31,,0,2,3,1,B01
202100015344,2,7,,0,2,3,20,A01
202100015345,1,34,,0,1,1,26,A01
202100015346,3,7,,0,2,3,9,A01
202100015346,3,50,,0,2,1,1,B01
202100015347,2,7,,0,2,6,1,B01
202100015347,2,10,,0,2,1,13,A01
202100015348,3,50,,12,0,0,0,A01
202100015349,1,7,,0,2,0,1,A01
202100015349,1,7,,0,2,0,1,B01
202100015350,3,34,,0,1,1,1,A01
202100015351,3,2,,0,2,7,1,B01
202100015351,3,7,,0,2,2,9,A01
202100015352,2,7,,0,2,4,2,B01
202100015352,2,7,,0,2,1,2,A01
202100015353,1,7,,0,2,4,23,B01
202100015353,1,7,,0,2,1,1,A01
202100015354,2,30,,0,2,8,18,A01
202100015354,2,38,1.0,0,2,7,2,B01
202100015355,2,7,,0,1,1,1,A01
202100015356,2,7,,0,2,4,23,Z01
202100015356,2,1,,0,2,1,1,A01
202100015357,1,33,,0,2,1,1,B01
202100015357,2,33,,0,2,7,15,A01
202100015358,3,38,4.0,6,0,1,1,A01
202100015359,1,7,,1,2,1,2,Z01
202100015359,1,7,,0,2,4,2,A01
202100015359,1,7,,0,2,4,2,B01
202100015360,1,7,,0,1,2,1,A01
202100015361,1,31,,0,2,8,2,A01
202100015361,1,7,,0,2,6,2,B01
202100015362,3,7,,0,2,1,2,A01
202100015362,3,7,,0,2,4,23,B01
202100015362,3,7,,0,2,4,23,C01
202100015363,1,7,,0,2,2,15,A01
202100015363,2,31,,0,2,8,0,B01
202100015364,1,7,,3,0,7,9,A01
202100015365,3,2,,0,2,3,2,B01
202100015365,3,7,,9,2,2,26,A01
202100015366,-1,7,,0,2,5,4,B01
202100015366,2,30,,0,2,1,21,A01
202100015367,0,33,,7,0,1,26,A01
202100015368,1,7,,0,2,4,23,A01
202100015368,1,7,,0,2,1,2,B01
202100015369,1,1,,1,0,1,1,B01
202100015369,1,7,,0,2,8,22,A01
202100015370,3,40,,0,2,1,19,A01
202100015370,3,33,,0,-1,1,1,B01
202100015371,1,7,,0,2,4,1,B01
202100015371,1,31,,14,2,1,16,A01
202100015372,1,7,,13,0,0,14,A01
202100015373,1,33,,0,2,2,17,A01
202100015373,1,7,,0,2,8,15,B01
202100015374,2,7,,13,2,2,12,A01
202100015374,2,14,,0,2,3,1,B01
202100015375,0,33,,0,0,1,0,A01
202100015376,2,2,,0,2,1,17,B01
202100015376,1,7,,0,2,3,1,A01
202100015377,1,7,,3,0,7,1,A01
202100015378,1,2,,0,2,1,13,A01
202100015378,2,7,,0,2,1,1,B01
202100015378,1,7,,0,2,1,1,C01
202100015379,2,7,,10,2,4,11,B01
202100015379,2,10,,0,2,1,17,A01
202100015380,3,2,,0,0,0,0,A01
202100015381,2,7,,0,2,1,9,A01
202100015381,1,33,,0,2,7,9,B01
202100015382,1,7,,6,0,3,13,A01
202100015383,3,10,,0,2,2,19,A01
202100015383,1,50,,0,2,1,1,B01
202100015384,1,33,,0,2,1,1,B01
202100015384,1,7,,0,2,8,10,A01
202100015385,1,7,,0,2,1,1,B01
202100015385,2,7,,0,2,1,1,A01
202100015386,2,7,,0,2,1,15,A01
202100015386,1,43,,0,2,1,1,B01
202100015387,2,7,,0,2,6,23,B01
202100015387,2,7,,0,2,4,23,C01
202100015387,2,7,,6,2,2,1,A01
202100015388,1,7,,0,1,2,1,A01
202100015389,3,2,,0,2,1,1,A01
202100015389,0,7,,0,0,3,23,B01
202100015390,1,1,,0,2,4,1,B01
202100015390,1,7,,0,2,2,1,A01
202100015391,2,7,,6,0,1,1,A01
202100015392,2,7,,0,2,7,19,A01
202100015392,2,7,,0,2,1,1,B01
202100015393,2,10,,0,2,1,2,B01
202100015393,1,7,,0,2,1,0,A01
202100015394,3,30,,0,2,8,15,A01
202100015394,2,7,,0,2,1,2,B01
202100015394,1,7,,0,2,1,1,C01
202100015395,3,1,,0,0,0,0,A01
202100015396,1,7,,0,2,1,1,B01
202100015396,2,7,,0,2,4,26,A01
202100015397,3,2,,0,2,1,13,A01
202100015397,0,1,,0,2,3,1,B01
202100015398,1,7,,0,2,1,2,C01
202100015398,1,7,,0,2,1,1,B01
202100015398,2,7,,0,2,7,1,A01
202100015399,2,7,,0,1,1,26,A01
202100015400,3,20,,2,0,8,1,A01
202100015401,1,7,,0,2,1,19,A01
202100015401,1,10,,0,2,8,1,B01
202100015402,2,7,,0,2,7,1,A01
202100015402,1,10,,0,2,1,1,B01
202100015403,1,7,,0,2,1,26,B01
202100015403,1,7,,0,2,2,1,A01
202100015404,1,7,,0,2,2,1,B01
202100015404,0,7,,0,2,3,15,A01
202100015405,2,2,,0,2,1,1,B01
202100015405,2,7,,0,2,6,15,A01
202100015406,1,7,,0,2,2,15,B01
202100015406,2,33,,0,2,1,1,A01
202100015407,2,10,,0,2,7,19,A01
202100015407,1,33,,0,2,3,1,B01
202100015408,2,7,,3,0,0,1,A01
202100015408,2,7,,3,2,3,1,B01
202100015409,0,32,,0,6,1,0,A01
202100015410,2,7,,3,0,2,1,A01
202100015411,1,10,,13,0,3,26,A01
202100015412,1,7,,6,0,1,17,B01
202100015412,2,33,,0,0,1,0,A01
202100015413,2,7,,5,0,1,0,A01
202100015414,1,7,,0,2,1,9,A01
202100015414,1,50,,0,0,7,1,B01
202100015415,2,10,,0,2,1,2,A01
202100015415,2,7,,0,0,4,2,B01
202100015416,2,7,,0,0,9,1,A01
202100015417,2,7,,0,2,1,1,A01
202100015417,2,10,,0,2,6,19,B01
202100015418,2,2,,0,2,1,15,A01
202100015418,1,7,,0,2,1,1,B01
202100015419,2,2,,0,2,1,1,A01
202100015419,2,7,,0,2,3,9,B01
202100015420,2,7,,0,1,2,1,A01
202100015421,1,33,,0,2,2,13,A01
202100015421,2,10,,0,2,2,26,B01
202100015422,0,7,,8,0,2,1,A01
202100015422,1,7,,1,0,2,1,B01
202100015423,2,7,,7,0,7,13,A01
202100015424,1,7,,0,1,7,1,A01
202100015425,3,33,,0,2,1,17,B01