Num_Acc,senc,catv,occutc,obs,obsm,choc,manv,num_veh
202100015425,3,7,,0,2,3,15,A01
202100015426,1,21,,2,0,1,1,A01
202100015427,1,7,,0,2,1,13,A01
202100015427,2,7,,0,0,3,1,B01
202100015428,1,10,,0,0,1,1,B01
202100015428,1,7,,0,0,4,1,A01
202100015428,1,7,,0,0,9,1,C01
202100015428,1,7,,0,0,1,1,D01
202100015429,3,7,,0,0,1,21,A01
202100015430,3,1,,0,0,0,17,A01
202100015431,2,1,,0,2,7,1,B01
202100015431,1,7,,0,9,2,15,A01
202100015432,2,7,,0,1,1,1,A01
202100015433,2,7,,4,0,8,1,A01
202100015434,1,7,,4,0,2,0,A01
202100015435,2,7,,0,2,1,2,B01
202100015435,2,7,,0,2,3,1,A01
202100015436,2,7,,0,2,6,23,A01
202100015436,2,7,,0,2,2,13,B01
202100015437,2,10,,0,2,1,1,B01
202100015437,2,10,,0,2,4,1,A01
202100015438,2,7,,0,2,9,1,B01
202100015438,2,7,,0,2,8,1,A01
202100015439,2,7,,0,2,3,26,A01
202100015439,2,33,,0,2,7,1,B01
202100015440,1,15,,0,2,2,0,A01
202100015440,1,7,,0,2,6,0,B01
202100015441,1,10,,3,2,4,2,C01
202100015441,1,10,,0,2,3,11,B01
202100015441,1,10,,0,2,1,1,A01
202100015441,1,10,,3,0,1,2,D01
202100015442,2,10,,0,2,1,2,A01
202100015442,2,10,,0,2,4,2,B01
202100015443,2,10,,0,2,1,1,A01
202100015443,2,7,,0,2,4,1,B01
202100015444,0,7,,0,0,0,26,A01
202100015445,2,7,,0,2,1,26,A01
202100015445,2,7,,0,2,1,1,B01
202100015446,1,10,,0,2,4,0,B01
202100015446,1,7,,0,2,1,21,A01
202100015447,1,7,,0,2,1,0,Z01
202100015447,1,7,,0,2,6,1,B01
202100015448,1,7,,4,0,4,1,A01
202100015449,1,10,,0,2,5,21,A01
202100015449,1,7,,0,2,3,1,B01
202100015449,1,7,,0,2,2,1,C01
202100015450,1,7,,4,0,1,13,A01
202100015451,1,7,,0,9,9,1,A01
202100015452,1,7,,0,2,4,1,B01
202100015452,1,7,,0,2,1,1,A01
202100015453,1,10,,0,2,4,1,B01
202100015453,1,7,,0,2,1,1,A01
202100015454,2,7,,1,0,1,1,Z01
202100015454,2,7,,0,2,4,24,A01
202100015455,2,7,,4,0,1,1,A01
202100015456,2,7,,0,2,4,1,D01
202100015456,2,7,,0,2,6,1,C01
202100015456,2,7,,0,2,4,1,B01
202100015456,2,7,,0,2,1,9,A01
202100015457,1,7,,0,2,6,2,C01
202100015457,1,7,,0,2,7,1,B01
202100015457,1,33,,0,2,3,1,A01
202100015458,1,10,,0,2,7,1,C01
202100015458,1,7,,0,2,3,11,B01
202100015458,1,33,,0,2,2,3,A01
202100015459,1,7,,0,2,5,1,B01
202100015459,1,7,,0,2,6,17,C01
202100015459,1,7,,0,2,8,1,D01
202100015459,1,7,,0,2,3,1,A01
202100015460,2,7,,0,2,1,1,C01
202100015460,2,7,,14,2,1,1,A01
202100015460,2,7,,0,2,4,24,B01
202100015461,2,33,,0,2,1,3,A01
202100015461,2,7,,0,2,7,12,B01
202100015462,2,7,,0,2,2,1,B01
202100015462,2,7,,0,2,1,15,A01
202100015463,1,7,,0,0,9,1,A01
202100015464,2,7,,0,2,4,1,B01
202100015464,2,7,,0,2,1,1,A01
202100015465,2,7,,0,2,1,26,B01
202100015465,2,7,,0,2,4,26,A01
202100015466,3,7,,0,1,1,1,A01
202100015467,2,7,,0,2,4,13,A01
202100015467,2,30,,0,2,1,2,B01
202100015468,2,30,,0,0,1,26,A01
202100015469,2,7,,0,2,4,2,A01
202100015469,2,7,,0,2,4,2,B01
202100015470,3,7,,0,1,3,15,A01
202100015471,3,1,,0,0,0,26,A01
202100015472,3,1,,0,2,7,19,B01
202100015472,2,30,,0,9,1,19,A01
202100015473,1,2,,0,2,1,1,B01
202100015474,2,2,,0,2,7,1,B01
202100015474,1,7,,0,2,3,26,A01
202100015475,2,7,,0,1,3,15,A01
202100015476,-1,7,,0,2,1,2,B01
202100015476,-1,7,,0,2,4,23,A01
202100015477,2,37,3.0,0,2,5,1,B01
202100015477,2,7,,0,2,3,15,A01
202100015478,3,60,,0,2,8,1,B01
202100015478,2,7,,0,2,2,16,A01
202100015479,1,7,,1,0,2,1,A01
202100015480,2,32,,0,2,1,1,A01
202100015480,2,7,,0,2,3,1,B01
202100015481,2,10,,0,2,3,13,A01
202100015481,2,33,,0,2,5,15,B01
202100015482,3,7,,6,0,7,1,A01
202100015483,1,32,,0,1,0,25,A01
202100015484,1,30,,8,2,1,5,A01
202100015484,2,7,,0,2,3,9,B01
202100015485,1,7,,0,1,3,17,A01
202100015486,1,2,,0,2,1,1,B01
202100015486,2,7,,0,2,1,15,A01
202100015487,2,7,,0,2,3,1,B01
202100015487,2,7,,0,2,1,14,A01
202100015488,1,2,,0,2,2,9,A01
202100015488,1,10,,0,2,2,1,B01
202100015489,1,7,,4,2,1,14,A01
202100015489,1,7,,0,2,4,14,B01
202100015489,1,7,,0,2,4,2,C01
202100015490,1,7,,0,2,2,10,A01
202100015490,2,43,,0,2,1,1,B01
202100015491,3,80,,0,2,4,2,B01
202100015491,1,7,,0,2,2,1,A01
202100015492,2,7,,2,0,1,26,A01
202100015493,1,7,,0,2,1,0,C01
202100015493,1,7,,14,2,5,15,B01
202100015493,1,7,,14,2,2,13,A01
202100015494,2,7,,1,0,2,1,A01
202100015495,2,37,1.0,0,2,3,1,B01
202100015495,2,7,,0,2,5,16,A01
202100015496,3,7,,8,0,1,26,A01
202100015497,1,7,,0,1,0,1,A01
202100015498,3,7,,0,2,1,1,B01
202100015498,3,7,,0,2,4,1,A01
202100015499,2,10,,0,2,3,1,B01
202100015499,1,7,,0,2,3,9,A01
202100015500,1,7,,0,2,4,1,A01
202100015500,2,7,,0,2,1,1,B01
202100015501,3,50,,0,2,1,2,A01
202100015501,3,7,,0,9,4,2,B01
202100015502,1,7,,0,1,0,21,A01
202100015503,2,7,,0,2,1,1,B01
202100015503,1,7,,0,2,2,15,A01
202100015504,1,7,,0,2,4,2,B01
202100015504,1,7,,0,2,1,2,A01
202100015505,1,7,,0,9,2,16,A01
202100015505,1,50,,0,2,8,1,B01
202100015506,2,7,,0,2,2,17,B01
202100015506,2,7,,0,2,3,13,Z01
202100015507,0,7,,0,1,1,1,A01
202100015508,1,33,,0,9,1,2,A01
202100015508,1,1,,0,2,4,2,B01
202100015509,1,7,,0,2,1,1,B01
202100015509,2,10,,0,2,3,23,C01
202100015509,2,7,,0,2,8,9,A01
202100015510,1,7,,14,0,4,2,B01
202100015510,1,7,,14,0,1,2,A01
202100015511,2,7,,2,2,7,1,A01
202100015511,2,7,,0,2,8,11,B01
202100015512,0,7,,0,2,4,23,B01
202100015512,0,7,,0,2,4,23,C01
202100015512,0,7,,0,2,1,1,A01
202100015513,0,7,,1,1,1,1,A01
202100015513,0,7,,0,1,8,23,B01
202100015514,3,7,,0,2,1,2,A01
202100015514,3,3,,0,2,4,2,B01
202100015515,3,7,,0,0,4,2,B01
202100015515,3,31,,0,2,1,2,A01
202100015516,2,7,,0,2,2,1,A01
202100015516,2,33,,0,2,3,1,B01
202100015517,1,3,,0,2,1,0,C01
202100015517,1,3,,0,2,9,2,B01
202100015517,1,3,,0,2,4,0,A01
202100015518,3,33,,6,0,1,26,A01
202100015519,3,33,,11,0,0,0,A01
202100015520,2,33,,0,2,1,1,B01
202100015520,1,10,,0,2,1,15,A01
202100015521,2,7,,0,2,4,1,A01
202100015521,2,33,,0,2,1,1,B01
202100015522,3,7,,0,2,8,18,D01
202100015522,3,7,,0,2,4,2,C01
202100015522,3,7,,0,2,4,2,B01
202100015522,3,7,,0,2,1,1,A01
202100015523,1,7,,0,2,1,1,A01
202100015523,0,50,,0,2,7,9,B01
202100015524,1,7,,0,2,1,15,A01
202100015524,2,33,,0,2,8,1,B01
202100015525,1,10,,0,1,3,7,A01
202100015526,3,7,,0,9,5,26,B01
202100015526,3,1,,0,2,5,9,A01
202100015527,1,7,,8,0,3,13,A01
202100015528,1,7,,0,1,1,1,A01
202100015529,2,7,,0,2,2,1,B01
202100015529,1,7,,0,2,3,1,A01
202100015530,2,10,,0,2,3,9,A01
202100015530,2,33,,0,2,7,1,B01
202100015531,1,10,,0,2,6,15,A01
202100015531,2,31,,0,2,1,1,B01
202100015532,2,7,,0,2,1,2,A01
202100015532,2,7,,0,2,4,2,B01
202100015532,2,7,,0,2,4,2,C01
202100015533,1,7,,0,2,3,1,B01
202100015533,2,7,,0,2,3,15,A01
202100015534,1,2,,0,2,1,17,A01
202100015534,2,7,,0,2,8,15,B01
202100015535,1,33,,0,2,1,17,A01
202100015535,1,7,,0,2,6,15,B01
202100015536,1,7,,0,2,1,1,A01
202100015536,1,7,,0,2,4,23,B01
202100015536,1,7,,0,2,4,23,C01
202100015537,1,7,,0,2,3,9,B01
202100015537,2,33,,0,2,8,9,A01
202100015538,3,7,,0,2,6,1,B01
202100015538,3,33,,0,2,7,12,A01
202100015539,1,32,,0,2,2,17,A01
202100015539,1,7,,0,2,3,15,B01
202100015540,1,7,,0,2,5,1,B01
202100015540,1,30,,0,2,1,1,A01
202100015541,1,10,,0,2,6,23,B01
202100015541,1,2,,0,2,1,1,A01
202100015542,2,7,,0,2,8,14,B01
202100015542,2,33,,0,2,2,14,A01
202100015543,2,30,,0,2,1,1,B01
202100015543,1,7,,0,2,2,15,A01
202100015544,1,7,,9,2,1,1,A01
202100015544,2,7,,0,2,7,1,B01
202100015545,1,7,,9,0,1,26,A01
202100015546,3,7,,0,2,3,21,B01
202100015546,3,60,,0,2,0,26,A01
202100015547,3,50,,0,2,7,26,B01
202100015547,3,7,,0,9,0,0,Z01
202100015548,3,99,,0,1,1,26,Z01
202100015549,2,7,,0,2,1,9,A01
202100015549,2,2,,0,2,1,1,B01
202100015550,1,7,,6,9,4,1,B01
202100015550,1,7,,0,2,2,1,A01
202100015551,2,7,,0,2,3,16,A01
202100015551,1,30,,0,2,1,1,B01
202100015552,1,10,,0,1,1,1,A01
202100015553,1,7,,0,1,2,1,A01
202100015554,2,7,,0,2,8,22,A01
202100015554,2,1,,1,0,1,1,B01
202100015555,1,7,,0,1,7,1,A01
202100015556,1,7,,0,2,6,15,A01
202100015556,1,33,,0,2,7,1,B01
202100015557,1,1,,0,2,1,1,A01
202100015557,1,7,,0,9,3,1,B01
202100015558,0,1,,0,2,1,21,B01
202100015558,1,7,,0,2,7,1,A01
202100015559,1,50,,0,2,8,16,B01
202100015559,1,7,,0,2,2,16,A01
202100015560,1,7,,0,0,1,16,A01
202100015561,1,7,,0,0,0,26,A01
202100015562,1,30,,0,0,0,26,A01
202100015563,1,7,,0,1,2,26,A01
202100015564,1,15,,0,1,0,26,A01
202100015565,1,10,,0,1,4,4,A01
202100015566,1,7,,1,0,1,1,A01
202100015567,1,1,,0,2,1,1,B01
202100015567,2,3,,0,2,2,15,A01
202100015568,0,7,,0,2,3,9,A01
202100015568,0,33,,0,0,4,1,B01
202100015569,3,7,,1,0,3,1,A01
202100015569,3,7,,0,2,5,24,B01
202100015570,1,7,,0,2,5,1,C01
202100015570,1,15,,0,2,8,1,B01
202100015570,1,33,,0,2,9,17,A01
202100015571,1,7,,0,2,3,1,B01
202100015571,2,7,,0,2,3,1,A01
202100015572,3,7,,8,0,3,13,A01
202100015573,3,7,,0,2,3,0,A01
202100015573,0,7,,0,2,0,0,B01
202100015574,1,10,,0,2,5,0,C01
202100015574,1,10,,0,2,6,0,B01
202100015574,1,10,,0,2,3,9,A01
202100015575,3,7,,0,2,1,1,A01
202100015575,3,1,,0,2,4,15,B01
202100015576,2,33,,0,2,1,1,B01
202100015576,1,7,,0,2,3,15,A01
202100015577,3,7,,15,0,2,14,A01
202100015578,1,30,,0,0,0,21,A01
202100015579,2,7,,0,2,3,1,B01
202100015579,1,7,,0,2,2,1,A01
202100015580,2,7,,0,2,4,2,B01
202100015580,2,7,,0,2,4,2,C01
202100015580,2,7,,0,2,1,2,A01
202100015581,1,7,,0,2,1,1,A01
202100015581,1,7,,0,2,1,1,B01
202100015581,1,7,,0,2,4,1,C01
202100015582,3,7,,0,2,1,2,A01
202100015582,3,7,,0,2,4,2,B01
202100015582,3,7,,0,2,4,2,C01
202100015583,0,7,,0,1,2,15,A01
202100015584,1,7,,3,0,0,0,A01
202100015585,3,7,,0,1,3,1,A01
202100015586,1,7,,0,0,0,0,B01
202100015586,2,30,,14,0,0,0,A01
202100015587,1,7,,0,9,2,1,B01
202100015587,1,50,,0,2,8,19,A01
202100015588,2,7,,0,2,1,2,B01
202100015588,2,7,,0,2,7,15,A01
202100015589,2,7,,0,2,2,16,B01
202100015589,2,32,,0,2,8,7,A01
202100015590,1,10,,0,2,1,1,A01
202100015590,3,10,,0,2,4,26,C01
202100015590,1,33,,0,2,8,1,B01
202100015591,0,32,,0,2,1,1,B01
202100015591,3,7,,0,2,3,15,A01
202100015592,2,7,,0,2,2,9,A01
202100015592,1,7,,0,2,1,1,B01
202100015593,1,32,,0,0,0,0,A01
202100015594,1,20,,4,0,3,16,A01
202100015595,2,7,,0,1,0,26,A01
202100015596,2,7,,0,1,2,1,A01
202100015597,1,7,,13,0,1,13,A01
202100015598,2,7,,3,0,2,1,A01
202100015599,2,7,,13,0,9,26,A01
202100015600,1,30,,0,2,8,1,A01
202100015600,2,14,,0,2,6,15,B01
202100015601,1,1,,0,2,1,1,B01
202100015601,1,7,,0,2,3,9,A01
202100015602,1,33,,0,2,7,17,B01
202100015602,1,7,,0,2,3,15,A01
202100015603,0,7,,0,2,3,1,B01
202100015603,0,7,,0,2,3,1,A01
202100015604,3,1,,0,2,7,1,B01
202100015604,3,37,1.0,0,2,5,16,A01
202100015605,1,7,,1,2,1,12,A01
202100015605,0,1,,0,2,8,0,B01
202100015606,-1,1,,0,0,4,1,C01
202100015606,0,7,,0,2,1,5,A01
202100015606,0,7,,0,2,3,1,B01
202100015607,3,30,,0,2,7,16,A01
202100015608,0,7,,0,1,2,9,A01
202100015609,2,7,,0,1,1,1,A01
202100015610,1,30,,0,0,7,16,A01
202100015611,1,7,,0,2,3,1,B01
202100015611,1,7,,0,2,1,13,A01
202100015612,2,7,,12,0,1,1,A01
202100015613,2,7,,8,2,5,1,A01
202100015613,1,7,,0,2,1,1,Z01
202100015614,0,3,,8,0,1,1,A01
202100015615,0,7,,0,2,3,15,A01
202100015615,0,33,,0,2,2,3,B01
202100015616,3,33,,0,2,7,1,B01
202100015616,3,7,,0,2,3,15,A01
202100015617,1,33,,0,2,8,1,B01
202100015617,2,7,,0,2,1,15,A01
202100015618,2,7,,0,2,8,15,A01
202100015618,2,33,,0,2,1,1,B01
202100015619,1,7,,0,2,1,1,A01
202100015619,1,7,,0,2,4,21,B01
202100015619,1,7,,0,2,4,0,C01
202100015620,1,50,,0,2,1,1,B01
202100015620,1,7,,0,2,2,15,A01
202100015621,3,33,,0,2,7,1,B01
202100015621,3,33,,0,2,1,2,A01
202100015622,1,7,,0,2,4,1,B01
202100015622,1,7,,0,2,1,1,A01
202100015623,3,99,,3,0,0,14,A01
202100015623,3,10,,4,4,1,1,B01
202100015623,3,7,,0,4,1,1,C01
202100015623,3,7,,0,4,1,1,D01
202100015624,1,33,,0,2,7,2,B01
202100015624,1,7,,0,2,6,15,A01
202100015625,1,7,,0,2,1,1,B01
202100015625,2,33,,0,2,7,15,A01
202100015626,3,7,,15,0,0,26,Z01
202100015627,2,7,,0,1,2,0,A01
202100015628,1,7,,14,0,4,23,D01
202100015628,1,7,,14,0,4,23,C01
202100015628,1,7,,0,2,9,23,B01
202100015628,1,10,,14,0,1,2,A01
202100015629,1,1,,0,2,8,2,B01
202100015629,1,10,,0,9,7,17,A01
202100015630,2,1,,0,1,9,13,A01
202100015631,2,7,,0,1,7,1,A01
202100015632,3,30,,0,2,1,17,A01
202100015632,3,3,,0,2,8,15,B01
202100015633,1,7,,0,9,0,14,Z01
202100015633,1,1,,0,2,7,26,B01
202100015634,2,7,,0,2,2,12,A01
202100015634,2,10,,0,2,6,21,B01
202100015635,2,43,,0,2,1,13,A01
202100015635,2,7,,0,2,4,1,B01
202100015636,1,10,,0,2,4,16,A01
202100015636,1,2,,0,2,2,16,B01
202100015637,1,7,,0,1,3,15,A01
202100015638,1,32,,0,0,0,19,A01
202100015639,1,7,,0,2,6,1,B01
202100015639,1,30,,0,2,1,2,A01
202100015640,1,30,,0,2,7,1,A01
202100015640,1,7,,0,2,1,1,B01
202100015641,2,33,,0,2,6,13,A01
202100015641,1,7,,0,2,6,1,B01
202100015642,1,7,,0,2,6,22,A01
202100015642,1,32,,0,2,1,1,B01
202100015643,2,7,,0,2,8,22,A01
202100015643,2,2,,0,2,1,1,B01
202100015644,1,7,,0,2,0,1,B01
202100015644,2,30,,0,2,0,1,A01
202100015645,1,7,,0,2,1,1,B01
202100015645,2,30,,0,2,1,17,A01
202100015646,1,7,,0,2,4,15,C01
202100015646,1,31,,0,2,4,15,B01
202100015646,1,7,,0,2,1,15,A01
202100015647,1,1,,12,0,1,0,A01
202100015648,1,7,,0,1,7,1,A01
202100015649,1,2,,0,2,1,18,B01
202100015649,1,7,,0,2,2,16,A01
202100015650,2,7,,4,0,1,9,A01
202100015651,2,7,,0,2,2,17,A01
202100015651,1,1,,0,2,8,2,B01
202100015651,2,7,,0,2,0,0,T01
202100015652,0,7,,0,2,3,16,A01
202100015652,0,30,,0,2,7,16,B01
202100015653,1,10,,0,2,0,0,A01
202100015653,1,7,,0,2,0,0,B01
202100015654,2,7,,0,2,2,2,A01
202100015654,2,1,,0,2,3,2,Z01
202100015655,1,7,,0,2,1,1,B01
202100015655,2,30,,0,2,8,1,A01
202100015656,1,1,,0,2,7,9,B01
202100015656,2,7,,0,2,3,9,A01
202100015657,1,7,,0,0,0,0,A01
202100015657,1,2,,0,2,2,17,B01
202100015658,3,7,,0,2,3,17,A01
202100015658,3,2,,0,2,1,1,B01
202100015659,2,2,,1,0,1,1,A01
202100015660,1,3,,0,2,5,16,B01
202100015660,1,50,,0,2,1,1,A01
202100015661,2,7,,6,2,1,1,A01
202100015661,2,7,,0,2,4,1,B01
202100015662,3,7,,9,2,7,1,B01
202100015662,3,7,,9,2,1,1,A01
202100015663,1,7,,0,2,5,12,A01
202100015663,1,30,,0,2,8,1,B01
202100015664,1,7,,0,2,3,21,A01
202100015664,2,10,,0,2,7,21,B01
202100015665,1,30,,0,2,3,1,A01
202100015665,1,7,,0,2,2,1,B01
202100015666,1,10,,0,0,1,1,A01
202100015667,2,17,,0,2,1,2,A01
202100015667,2,7,,0,0,4,15,B01
202100015668,1,7,,0,2,5,1,B01
202100015668,1,7,,0,2,3,19,A01
202100015669,0,2,,0,0,7,26,B01
202100015669,0,7,,0,2,3,9,A01
202100015670,1,7,,16,0,9,17,A01
202100015671,1,7,,0,9,2,17,A01
202100015671,1,1,,0,2,8,2,B01
202100015672,3,7,,0,1,1,20,A01
202100015673,1,33,,0,2,1,13,A01
202100015673,2,7,,0,2,2,1,B01
202100015674,2,10,,0,2,2,2,B01
202100015674,2,7,,0,2,4,15,A01
202100015675,3,7,,0,2,1,13,B01
202100015675,3,7,,0,2,1,1,A01
202100015676,2,1,,13,0,1,26,A01
202100015677,2,7,,13,0,3,0,A01
202100015678,2,33,,3,0,7,1,A01
202100015679,1,7,,0,2,1,1,B01
202100015679,2,7,,0,2,2,15,A01
202100015680,3,31,,8,0,1,20,A01
202100015681,3,7,,0,0,2,1,A01
202100015682,2,7,,0,2,3,1,B01
202100015682,1,7,,0,2,3,13,A01
202100015683,1,7,,2,0,3,14,A01
202100015684,1,7,,0,2,3,19,B01
202100015684,1,33,,0,2,1,17,A01
202100015685,1,7,,2,0,1,1,A01
202100015686,2,33,,3,0,0,13,A01
202100015687,1,7,,0,9,3,1,A01
202100015687,2,1,,0,2,8,19,B01
202100015688,0,15,,13,0,9,1,A01
202100015689,0,7,,0,0,9,1,A01
202100015690,3,33,,13,0,0,0,A01
202100015691,1,7,,0,2,1,1,A01
202100015691,1,7,,0,2,4,1,B01
202100015692,1,7,,3,0,4,1,B01
202100015692,1,7,,0,2,1,2,A01
202100015693,2,7,,0,0,5,15,A01
202100015693,1,32,,0,2,1,1,B01
202100015694,3,2,,0,2,1,1,B01
202100015694,3,7,,0,2,2,15,A01
202100015695,1,33,,8,2,2,1,A01
202100015695,0,7,,0,2,3,19,B01
202100015696,3,7,,15,0,1,26,A01
202100015697,0,2,,6,0,1,0,A01
202100015698,1,7,,2,0,8,1,A01
202100015699,1,33,,2,0,2,1,A01
202100015700,1,7,,15,0,1,0,A01
202100015701,1,7,,0,1,1,2,A01
202100015702,2,7,,2,0,1,1,A01
202100015703,3,7,,6,0,1,1,A01
202100015704,1,7,,0,2,1,23,C01
202100015704,1,1,,0,2,8,19,B01
202100015704,2,33,,0,2,1,17,A01
202100015705,2,33,,0,2,2,1,A01
202100015705,2,7,,0,2,3,15,B01
202100015706,1,2,,0,2,1,1,B01
202100015706,1,7,,0,2,2,19,A01
202100015707,1,7,,0,2,8,1,A01
202100015707,1,7,,0,0,0,0,Z01
202100015708,2,7,,0,2,4,1,B01
202100015708,2,7,,0,2,4,0,C01
202100015708,2,7,,0,2,1,1,D01
202100015708,2,7,,0,0,4,1,A01
202100015709,1,7,,0,2,4,2,A01
202100015709,1,7,,0,2,3,2,B01
202100015709,1,7,,0,1,1,2,C01
202100015710,2,7,,0,2,1,2,B01
202100015710,2,7,,0,2,4,2,A01
202100015711,1,0,,0,2,0,26,Z01
202100015711,1,7,,0,2,1,26,A01
202100015712,1,33,,3,0,2,14,A01
202100015713,1,80,,0,2,4,2,A01
202100015713,1,7,,0,2,1,2,Z01
202100015714,1,7,,0,2,2,1,B01
202100015714,1,7,,4,2,2,12,A01
202100015715,2,7,,4,0,1,16,A01
202100015716,1,7,,0,2,4,1,B01
202100015716,1,10,,0,2,1,2,A01
202100015717,1,7,,0,2,7,17,A01
202100015717,1,7,,3,2,3,1,B01
202100015718,2,7,,4,2,1,1,A01
202100015719,1,7,,0,2,1,2,A01
202100015719,1,7,,0,2,4,2,B01
202100015720,2,10,,4,0,6,1,A01
202100015721,2,33,,0,0,7,16,A01
202100015722,1,7,,0,2,1,1,A01
202100015722,1,15,,0,2,6,2,B01
202100015723,-1,7,,0,2,1,1,A01
202100015723,-1,15,,0,2,4,1,B01
202100015724,1,7,,14,0,1,26,A01
202100015725,2,7,,0,2,1,21,E01
202100015725,2,7,,0,2,8,1,D01
202100015725,2,7,,0,2,8,1,C01
202100015725,2,7,,0,2,8,1,B01
202100015725,2,10,,4,2,3,1,A01
202100015726,2,7,,0,2,1,2,B01
202100015726,2,7,,0,2,4,2,A01
202100015727,2,7,,0,1,0,1,Z01
202100015728,1,7,,0,2,6,1,C01
202100015728,1,7,,0,2,5,1,B01
202100015728,1,7,,3,2,1,2,A01
202100015729,1,7,,0,2,1,1,A01
202100015730,1,10,,0,2,1,1,B01
202100015730,1,7,,0,2,6,2,A01
202100015730,1,14,,0,2,4,2,C01
202100015731,1,7,,3,0,3,0,A01
202100015732,1,7,,0,2,4,2,B01
202100015732,1,7,,0,2,1,2,A01
202100015733,1,10,,6,0,9,0,A01
202100015733,1,7,,0,0,1,1,B01
202100015734,2,7,,4,0,9,2,A01
202100015735,2,7,,0,2,5,2,C01
202100015735,2,7,,15,2,2,15,A01
202100015735,2,7,,0,2,6,2,B01
202100015736,2,7,,4,2,8,9,B01
202100015736,1,15,,0,2,7,1,A01
202100015737,1,34,,1,2,1,18,A01
202100015737,1,10,,0,0,0,22,B01
202100015738,1,7,,0,1,1,16,A01
202100015739,1,7,,0,1,3,16,A01
202100015740,1,14,,0,2,2,16,B01
202100015740,1,32,,0,2,3,18,A01
202100015741,1,10,,0,1,2,1,A01
202100015742,1,33,,0,2,3,1,B01
202100015742,1,30,,0,2,1,1,A01
202100015743,1,7,,0,1,3,7,A01
202100015744,1,1,,0,0,3,1,A01
202100015745,1,2,,12,0,0,14,A01
202100015746,3,30,,0,2,1,1,B01
202100015746,3,1,,0,2,8,1,A01
202100015747,3,32,,0,2,7,1,B01
202100015747,3,15,,0,2,2,15,A01
202100015748,1,7,,0,1,3,1,A01
202100015749,1,1,,2,1,4,25,A01
202100015750,2,33,,0,2,1,2,A01
202100015750,2,10,,0,2,0,2,B01
202100015751,0,37,1.0,0,1,2,7,A01
202100015752,1,7,,0,2,4,23,B01
202100015752,1,10,,0,2,1,2,A01
202100015753,1,32,,0,2,2,16,A01
202100015753,1,80,,0,2,8,1,B01
202100015754,2,7,,0,0,3,23,A01
202100015754,2,7,,1,0,2,26,B01
202100015755,2,32,,0,2,1,17,B01
202100015755,2,10,,0,2,8,15,A01
202100015756,1,7,,0,2,5,15,A01
202100015756,2,30,,0,2,1,2,B01
202100015757,2,2,,0,2,1,1,B01
202100015757,2,7,,0,2,3,26,A01
202100015758,2,34,,0,2,1,16,A01
202100015758,2,1,,0,2,1,15,B01
202100015759,1,7,,1,0,2,1,A01
202100015760,1,33,,0,1,1,1,A01
202100015761,2,7,,0,2,5,15,A01
202100015761,2,34,,0,2,1,1,B01
202100015762,3,7,,0,2,1,9,A01
202100015762,1,2,,0,2,1,26,B01
202100015763,1,50,,0,2,8,1,B01
202100015763,1,10,,0,2,7,17,A01
202100015764,1,7,,0,2,0,0,C01
202100015764,1,7,,0,2,9,1,B01
202100015764,1,7,,0,2,1,9,A01
202100015765,1,7,,0,2,1,2,A01
202100015765,1,33,,0,2,2,0,B01
202100015766,-1,7,,0,2,1,2,A01
202100015766,3,7,,0,2,4,23,B01
202100015767,2,7,,0,2,1,1,B01
202100015767,1,7,,0,2,1,11,A01
202100015768,1,7,,0,1,2,1,A01
202100015769,3,7,,0,9,3,9,A01
202100015769,3,1,,0,2,1,1,B01
202100015770,0,7,,0,2,1,0,B01
202100015770,1,7,,0,2,0,0,A01
202100015771,1,7,,0,2,1,26,A01
202100015771,1,32,,0,2,7,1,B01
202100015772,2,30,,0,1,1,1,A01
202100015773,2,7,,0,1,1,15,A01
202100015774,2,7,,0,2,2,16,A01
202100015774,2,80,,0,2,8,1,B01
202100015775,0,1,,0,2,8,13,A01
202100015775,1,10,,0,2,0,0,B01
202100015776,0,32,,1,2,0,0,B01
202100015776,0,20,,0,2,0,13,A01
202100015777,2,7,,0,1,1,1,A01
202100015778,0,7,,0,2,8,1,B01
202100015778,0,7,,0,2,1,1,A01
202100015779,1,33,,0,2,1,2,B01
202100015779,2,7,,0,2,1,15,A01
202100015780,1,7,,0,2,3,15,A01
202100015780,2,32,,0,2,8,0,B01
202100015781,2,7,,0,1,4,4,A01
202100015782,2,7,,0,1,3,1,Z01
202100015783,1,10,,0,1,1,15,A01
202100015784,1,7,,0,2,5,16,A01
202100015784,1,1,,0,2,1,18,B01
202100015785,1,7,,0,2,2,15,A01
202100015785,2,7,,0,2,1,1,B01
202100015786,0,7,,0,2,3,1,B01
202100015786,3,7,,0,2,3,1,A01
202100015787,1,7,,0,2,1,1,B01
202100015787,1,13,,0,0,5,1,A01
202100015788,1,33,,2,0,1,0,A01
202100015789,2,7,,0,2,6,1,C01
202100015789,2,7,,0,0,3,23,B01
202100015789,1,33,,1,2,0,0,A01
202100015790,1,33,,0,2,1,13,A01
202100015790,2,7,,0,2,8,15,B01
202100015791,2,2,,13,0,3,0,A01
202100015792,2,10,,0,2,3,1,B01
202100015792,2,7,,0,2,5,12,A01
202100015793,1,7,,0,2,1,1,A01
202100015793,1,7,,1,0,6,15,B01
202100015794,3,1,,0,2,4,2,A01
202100015794,3,7,,0,9,2,17,B01
202100015795,1,7,,0,2,1,1,C01
202100015795,2,7,,0,2,1,1,B01