Num_Acc,senc,catv,occutc,obs,obsm,choc,manv,num_veh
202100015795,2,7,,0,2,1,1,A01
202100015796,1,32,,0,2,3,15,B01
202100015796,1,7,,0,2,5,1,A01
202100015797,1,7,,3,2,3,1,A01
202100015797,2,7,,3,2,3,1,B01
202100015798,2,17,,0,2,1,1,B01
202100015798,1,7,,0,2,1,13,A01
202100015799,2,7,,0,0,4,2,A01
202100015799,2,33,,0,0,1,2,B01
202100015800,1,7,,0,2,1,2,B01
202100015800,2,7,,0,2,3,9,A01
202100015801,1,7,,2,0,2,1,A01
202100015802,3,33,,0,9,1,1,A01
202100015803,1,2,,8,0,8,5,A01
202100015804,2,33,,2,0,0,1,A01
202100015805,2,7,,16,0,5,1,A01
202100015806,1,30,,0,2,7,15,A01
202100015806,2,7,,0,2,1,1,B01
202100015807,3,7,,7,0,0,0,A01
202100015808,2,7,,13,0,1,1,A01
202100015809,2,7,,13,0,1,1,A01
202100015810,1,7,,0,2,1,13,A01
202100015810,2,7,,0,2,1,1,B01
202100015811,1,7,,13,0,3,0,A01
202100015812,3,7,,0,0,3,1,A01
202100015813,2,32,,0,2,1,2,A01
202100015813,2,7,,0,2,4,15,B01
202100015814,1,7,,0,0,4,23,B01
202100015814,2,10,,0,2,1,1,A01
202100015815,1,7,,1,0,8,1,A01
202100015815,1,7,,1,0,7,24,B01
202100015816,1,33,,0,2,1,1,B01
202100015816,2,7,,0,2,5,15,A01
202100015817,1,33,,0,0,8,1,A01
202100015818,1,10,,0,2,3,1,B01
202100015818,2,7,,0,2,3,5,A01
202100015819,1,7,,16,0,1,0,A01
202100015820,1,7,,0,1,2,1,A01
202100015821,1,7,,3,0,9,1,A01
202100015822,2,1,,0,2,1,0,B01
202100015822,1,7,,0,2,2,16,A01
202100015823,2,32,,0,2,2,17,A01
202100015823,2,7,,0,0,3,15,B01
202100015824,2,32,,0,0,7,1,A01
202100015825,2,33,,0,0,3,1,A01
202100015825,2,7,,0,0,5,17,B01
202100015826,2,7,,3,0,2,1,A01
202100015827,2,7,,0,2,4,1,C01
202100015827,2,7,,0,2,3,11,B01
202100015827,2,33,,0,2,5,1,A01
202100015828,2,7,,2,0,1,2,A01
202100015829,2,7,,0,0,3,1,A01
202100015829,2,7,,0,2,3,13,B01
202100015830,1,33,,0,2,1,13,A01
202100015830,2,14,,0,2,3,1,B01
202100015831,3,33,,0,0,8,1,A01
202100015832,3,10,,0,2,1,1,A01
202100015832,3,3,,0,2,1,13,B01
202100015833,3,7,,0,2,3,14,B01
202100015833,3,31,,0,2,1,5,A01
202100015834,3,10,,0,2,3,1,A01
202100015834,3,80,,0,2,1,13,B01
202100015835,0,1,,0,2,1,1,B01
202100015835,2,7,,0,9,3,15,A01
202100015836,1,7,,0,1,3,15,A01
202100015837,1,43,,0,2,1,21,B01
202100015837,1,7,,0,0,6,22,A01
202100015838,1,7,,0,1,2,1,A01
202100015839,1,7,,0,1,2,16,A01
202100015840,0,7,,0,0,6,1,A01
202100015840,0,7,,0,2,2,1,B01
202100015841,2,32,,0,0,3,0,A01
202100015842,2,10,,0,2,2,14,A01
202100015842,2,33,,0,2,3,7,B01
202100015842,2,7,,0,2,1,1,C01
202100015843,1,7,,0,2,1,2,B01
202100015843,1,7,,0,2,4,1,A01
202100015844,2,7,,0,2,5,2,B01
202100015844,2,7,,0,2,3,2,A01
202100015845,1,10,,0,2,5,2,B01
202100015845,1,33,,0,2,1,3,A01
202100015846,2,33,,4,0,8,2,A01
202100015847,2,33,,0,2,4,2,A01
202100015847,2,10,,0,2,1,2,B01
202100015848,2,7,,0,2,4,1,B01
202100015848,2,7,,0,2,1,26,A01
202100015849,2,7,,0,2,4,1,B01
202100015849,2,7,,0,2,1,2,A01
202100015850,1,7,,0,2,4,2,B01
202100015850,1,7,,0,2,1,2,A01
202100015851,1,7,,0,2,4,1,A01
202100015851,1,7,,0,2,1,1,C01
202100015851,1,7,,0,2,4,1,B01
202100015852,1,7,,0,2,8,2,B01
202100015852,1,33,,0,2,1,3,A01
202100015853,2,33,,0,2,8,1,B01
202100015853,2,7,,0,2,7,12,A01
202100015854,3,7,,0,1,3,1,A01
202100015855,3,7,,0,1,1,24,A01
202100015856,1,7,,1,0,1,14,A01
202100015857,1,32,,0,2,1,1,B01
202100015857,2,7,,0,2,7,15,A01
202100015858,1,7,,0,1,1,1,A01
202100015859,1,2,,0,0,0,1,A01
202100015860,1,7,,0,1,7,13,A01
202100015861,1,7,,0,2,6,2,B01
202100015861,1,7,,0,2,2,2,A01
202100015862,2,50,,0,0,7,26,A01
202100015862,2,7,,0,2,0,0,B01
202100015863,1,50,,0,2,1,25,A01
202100015863,3,7,,0,2,3,26,B01
202100015864,1,50,,0,2,1,1,B01
202100015864,3,7,,0,2,1,9,A01
202100015865,3,7,,0,2,1,15,A01
202100015865,2,80,,0,2,2,19,B01
202100015866,2,7,,13,0,1,26,A01
202100015867,2,7,,0,2,5,16,B01
202100015867,2,32,,0,2,1,2,A01
202100015868,1,7,,0,2,7,18,A01
202100015868,1,7,,0,2,8,1,B01
202100015868,2,7,,0,2,4,1,C01
202100015869,1,7,,0,2,2,2,A01
202100015870,0,7,,1,1,1,1,A01
202100015871,3,7,,5,0,2,14,A01
202100015872,3,10,,0,2,3,5,A01
202100015872,3,7,,0,2,2,1,B01
202100015873,3,7,,0,1,1,1,Z01
202100015874,1,10,,0,2,1,1,B01
202100015874,1,7,,0,2,4,23,A01
202100015875,2,32,,0,2,0,1,A01
202100015875,2,7,,0,0,4,1,B01
202100015875,1,10,,0,0,3,1,C01
202100015876,3,7,,1,0,1,1,A01
202100015877,3,1,,0,2,7,19,A01
202100015877,1,7,,0,2,0,0,B01
202100015878,1,13,,0,1,2,26,A01
202100015879,1,34,,0,2,1,2,B01
202100015879,1,7,,0,2,5,15,A01
202100015880,2,7,,0,2,6,2,C01
202100015880,2,7,,0,2,3,17,A01
202100015880,1,7,,0,2,3,1,B01
202100015881,2,7,,0,2,4,2,B01
202100015881,2,7,,0,2,1,2,A01
202100015882,3,7,,0,2,2,0,B01
202100015882,3,7,,2,2,8,26,A01
202100015883,1,7,,0,2,2,13,B01
202100015883,1,7,,0,2,3,17,A01
202100015884,2,32,,14,0,3,1,A01
202100015885,0,7,,0,0,1,16,B01
202100015885,0,32,,0,2,3,16,A01
202100015886,1,7,,0,1,1,1,A01
202100015887,1,7,,0,2,1,1,A01
202100015887,3,7,,0,2,8,1,B01
202100015888,3,7,,0,2,3,15,B01
202100015888,3,2,,0,2,1,1,A01
202100015889,3,7,,0,2,4,2,B01
202100015889,3,7,,0,2,1,2,A01
202100015890,3,30,,0,0,0,1,A01
202100015891,1,7,,0,2,2,1,A01
202100015891,1,7,,0,2,3,1,B01
202100015892,1,21,,0,1,7,26,A01
202100015893,2,32,,2,0,1,26,A01
202100015894,2,7,,0,2,3,9,A01
202100015894,2,1,,0,2,5,1,B01
202100015895,1,50,,0,2,1,2,B01
202100015895,1,7,,0,2,3,2,A01
202100015896,1,7,,0,2,1,13,A01
202100015896,2,7,,0,2,1,1,B01
202100015897,1,7,,12,1,5,17,A01
202100015898,3,7,,0,2,1,2,A01
202100015898,3,7,,0,2,4,2,B01
202100015898,3,7,,0,2,4,2,C01
202100015899,1,1,,12,0,1,1,A01
202100015900,1,30,,12,0,2,21,A01
202100015901,2,7,,0,2,1,2,A01
202100015901,2,7,,0,2,4,1,B01
202100015902,1,7,,1,0,3,13,A01
202100015903,1,7,,9,0,1,1,A01
202100015904,1,7,,0,2,1,1,A01
202100015904,1,7,,0,2,3,1,B01
202100015905,1,7,,0,2,1,1,B01
202100015905,1,7,,0,2,3,15,A01
202100015906,2,33,,0,2,1,1,A01
202100015906,2,7,,0,0,4,12,B01
202100015907,1,1,,0,2,1,26,A01
202100015907,1,7,,0,2,4,2,B01
202100015908,1,7,,0,2,4,2,C01
202100015908,1,7,,0,2,4,2,D01
202100015908,1,2,,0,2,4,2,B01
202100015908,1,10,,0,2,1,2,A01
202100015909,2,7,,0,2,3,13,B01
202100015909,1,7,,0,2,3,21,A01
202100015910,2,7,,0,2,1,2,A01
202100015910,2,7,,0,2,4,1,B01
202100015911,3,7,,0,2,1,9,A01
202100015911,3,32,,0,2,7,1,B01
202100015912,2,7,,0,2,2,15,B01
202100015912,1,1,,0,2,1,19,A01
202100015913,1,33,,0,2,1,13,A01
202100015913,2,1,,0,2,1,1,B01
202100015914,3,31,,0,2,7,17,A01
202100015914,3,7,,0,2,3,15,B01
202100015915,1,1,,0,2,1,5,A01
202100015915,1,7,,0,2,1,16,B01
202100015916,2,7,,0,1,1,1,A01
202100015917,1,7,,8,0,1,26,A01
202100015918,1,7,,0,2,2,14,A01
202100015918,1,2,,0,2,6,0,B01
202100015919,1,7,,6,0,1,0,A01
202100015920,0,7,,0,2,7,18,A01
202100015920,0,7,,0,2,3,0,B01
202100015921,1,7,,0,0,0,0,A01
202100015921,1,7,,0,0,0,0,B01
202100015921,1,7,,0,0,0,0,C01
202100015922,1,7,,0,2,1,1,C01
202100015922,1,7,,0,2,8,1,B01
202100015922,2,33,,0,2,1,17,A01
202100015923,1,7,,0,2,1,1,A01
202100015923,1,7,,0,2,7,19,B01
202100015924,3,80,,0,2,7,19,B01
202100015924,3,7,,0,1,1,1,A01
202100015925,3,16,,0,2,2,14,A01
202100015925,3,7,,0,2,8,1,B01
202100015926,2,7,,0,2,2,1,B01
202100015926,2,10,,0,2,8,20,A01
202100015927,3,43,,0,2,1,2,A01
202100015927,3,7,,0,2,4,2,B01
202100015927,3,7,,1,2,0,0,C01
202100015928,1,2,,0,2,1,1,B01
202100015928,2,7,,0,2,2,15,A01
202100015929,3,1,,0,2,0,0,B01
202100015929,3,1,,0,2,7,9,A01
202100015930,1,7,,0,1,1,15,A01
202100015931,3,7,,0,2,1,15,A01
202100015931,0,60,,0,2,1,1,B01
202100015932,2,7,,0,1,1,1,A01
202100015933,1,2,,0,2,7,17,B01
202100015933,1,7,,0,2,3,15,A01
202100015934,3,33,,0,2,1,17,A01
202100015934,3,7,,0,2,3,11,B01
202100015934,3,10,,0,2,0,0,C01
202100015935,3,7,,0,1,2,1,A01
202100015936,2,7,,0,2,8,22,A01
202100015936,2,1,,1,0,1,1,B01
202100015937,1,7,,0,1,1,1,A01
202100015938,3,7,,0,2,3,9,A01
202100015938,3,33,,0,2,2,9,B01
202100015939,3,7,,0,9,1,15,A01
202100015939,3,50,,0,9,1,2,B01
202100015940,2,14,,0,2,1,2,A01
202100015940,2,7,,0,2,4,23,B01
202100015941,2,7,,0,2,5,2,B01
202100015941,2,33,,0,2,1,2,A01
202100015942,2,1,,1,0,8,1,B01
202100015942,2,7,,0,2,7,22,A01
202100015943,3,7,,0,2,6,2,B01
202100015943,3,43,,0,2,2,2,A01
202100015944,2,33,,0,0,4,23,B01
202100015944,2,7,,0,2,3,2,A01
202100015945,1,7,,0,1,3,1,A01
202100015946,1,50,,0,1,7,1,A01
202100015947,1,32,,0,1,8,18,A01
202100015948,2,7,,0,2,4,23,B01
202100015948,2,10,,0,2,1,2,A01
202100015949,2,50,,0,1,7,1,Z01
202100015950,2,1,,0,0,1,1,A01
202100015951,1,37,1.0,0,1,8,13,A01
202100015952,2,30,,0,2,1,17,A01
202100015952,1,7,,0,2,1,9,B01
202100015953,2,34,,0,2,2,1,A01
202100015953,2,50,,0,2,1,1,B01
202100015954,1,7,,0,1,3,1,A01
202100015955,2,33,,0,2,1,2,A01
202100015955,2,32,,0,2,4,23,B01
202100015956,2,10,,0,1,4,4,A01
202100015957,3,30,,0,2,7,1,B01
202100015957,3,7,,0,2,8,15,A01
202100015958,2,33,,0,2,9,1,B01
202100015958,1,7,,0,2,2,1,A01
202100015959,3,10,,0,2,3,9,A01
202100015959,3,99,,0,2,1,9,B01
202100015960,1,7,,0,0,0,0,A01
202100015960,2,1,,0,2,8,14,B01
202100015961,1,10,,0,1,3,1,A01
202100015962,3,7,,0,1,2,1,A01
202100015963,1,99,,0,1,5,1,A01
202100015964,2,43,,0,2,2,1,B01
202100015964,2,7,,0,2,3,15,A01
202100015965,1,7,,0,1,0,1,A01
202100015966,3,2,,0,2,2,17,B01
202100015966,3,10,,0,2,8,15,A01
202100015967,2,33,,0,2,5,1,B01
202100015967,1,7,,0,2,1,16,A01
202100015968,1,7,,0,2,3,10,A01
202100015968,1,33,,0,2,2,1,B01
202100015969,1,7,,0,2,2,14,A01
202100015969,1,30,,0,2,8,0,B01
202100015970,3,7,,0,2,8,10,A01
202100015970,1,33,,0,2,2,1,B01
202100015971,2,1,,0,2,4,1,B01
202100015971,2,7,,0,2,1,2,A01
202100015972,2,2,,0,1,0,15,A01
202100015972,2,60,,0,2,-1,25,B01
202100015973,1,10,,0,1,1,15,A01
202100015974,2,1,,0,2,1,1,B01
202100015974,2,7,,0,2,8,24,A01
202100015975,2,21,,0,2,8,26,B01
202100015975,1,10,,0,2,3,19,A01
202100015976,0,7,,0,2,3,15,A01
202100015976,3,2,,0,2,1,1,B01
202100015977,1,7,,0,2,1,9,B01
202100015977,1,7,,0,0,4,1,A01
202100015978,1,14,,0,2,3,2,B01
202100015978,2,7,,3,0,1,2,A01
202100015979,1,7,,0,2,1,1,B01
202100015979,2,7,,0,2,1,1,A01
202100015980,2,10,,0,2,1,1,B01
202100015980,1,7,,10,2,1,1,A01
202100015981,2,7,,16,0,1,0,A01
202100015982,1,7,,2,0,3,1,A01
202100015983,2,7,,0,9,3,9,A01
202100015983,1,1,,0,2,2,1,B01
202100015984,2,7,,0,0,2,2,A01
202100015984,2,1,,12,2,4,2,B01
202100015985,2,7,,2,0,3,13,A01
202100015986,2,7,,0,2,2,17,A01
202100015986,2,2,,0,2,6,15,B01
202100015987,1,7,,0,2,1,13,A01
202100015987,2,7,,0,2,1,21,B01
202100015988,1,10,,0,2,3,1,A01
202100015988,2,7,,0,2,3,13,B01
202100015989,1,33,,0,2,1,1,B01
202100015989,2,7,,0,2,3,1,C01
202100015989,2,7,,0,2,7,17,A01
202100015990,2,10,,6,0,1,1,A01
202100015991,2,7,,0,2,1,13,A01
202100015991,1,7,,0,2,1,1,B01
202100015992,2,7,,2,0,1,1,A01
202100015993,1,33,,0,0,9,13,A01
202100015994,2,15,,0,2,8,1,B01
202100015994,1,33,,0,2,3,5,A01
202100015995,1,33,,5,2,0,3,A01
202100015995,1,7,,0,2,2,1,B01
202100015996,0,7,,0,2,8,9,A01
202100015996,0,7,,0,2,1,1,B01
202100015997,2,7,,0,2,5,15,B01
202100015997,2,10,,0,2,2,1,A01
202100015998,1,7,,0,0,1,1,A01
202100015998,2,7,,0,0,1,1,B01
202100015999,2,33,,0,2,1,1,B01
202100015999,0,10,,0,2,6,19,A01
202100016000,1,7,,0,2,1,2,A01
202100016000,1,15,,0,0,4,2,B01
202100016001,3,7,,12,0,1,1,A01
202100016002,1,2,,7,2,7,1,B01
202100016002,1,7,,0,2,1,19,A01
202100016003,2,7,,13,0,1,14,A01
202100016004,3,7,,0,2,5,1,B01
202100016004,1,7,,0,2,1,1,A01
202100016005,1,7,,0,2,2,15,A01
202100016005,2,13,,0,2,1,1,B01
202100016006,1,2,,0,2,1,19,A01
202100016006,2,7,,0,0,6,1,B01
202100016007,2,2,,0,2,1,1,A01
202100016007,1,7,,0,2,1,1,B01
202100016008,1,7,,0,2,1,1,B01
202100016008,2,7,,0,2,2,15,A01
202100016009,2,7,,0,2,2,15,B01
202100016009,2,7,,0,2,1,1,A01
202100016010,0,80,,0,9,6,15,A01
202100016010,0,7,,0,9,2,17,B01
202100016011,0,7,,0,2,4,2,B01
202100016011,0,10,,0,2,1,2,A01
202100016012,2,10,,16,0,3,1,A01
202100016013,0,1,,0,2,3,1,B01
202100016013,0,7,,0,2,1,1,A01
202100016014,1,7,,0,2,1,1,B01
202100016014,2,7,,0,2,1,5,A01
202100016015,2,10,,0,2,3,1,A01
202100016015,2,33,,13,0,2,1,B01
202100016016,1,7,,13,0,1,16,A01
202100016017,1,33,,5,0,3,13,A01
202100016018,2,7,,0,2,4,2,A01
202100016018,2,7,,0,2,1,2,B01
202100016019,1,7,,12,0,2,1,A01
202100016020,2,7,,0,0,5,12,B01
202100016020,2,10,,0,2,3,1,A01
202100016021,2,17,,0,2,0,1,B01
202100016021,2,7,,4,2,9,0,A01
202100016021,2,17,,0,2,0,1,C01
202100016022,2,7,,0,2,1,26,B01
202100016022,1,7,,0,2,6,19,A01
202100016023,2,33,,0,2,1,15,B01
202100016023,1,7,,0,2,7,15,A01
202100016024,3,33,,0,2,1,1,B01
202100016024,3,99,,0,2,3,26,A01
202100016025,2,7,,0,9,2,1,A01
202100016025,2,1,,0,0,4,0,B01
202100016026,1,31,,0,0,0,0,A01
202100016027,1,7,,0,0,3,1,B01
202100016027,2,7,,0,0,3,13,A01
202100016028,1,2,,12,0,0,12,A01
202100016028,1,7,,0,2,3,9,B01
202100016029,1,7,,17,0,3,13,A01
202100016030,2,7,,0,2,8,10,A01
202100016030,2,17,,0,2,2,1,B01
202100016031,0,7,,0,2,3,17,B01
202100016031,0,33,,0,2,7,17,A01
202100016032,1,7,,13,0,9,1,A01
202100016033,1,7,,0,2,4,26,A01
202100016033,1,10,,0,2,2,2,B01
202100016034,1,7,,0,9,3,26,A01
202100016035,1,10,,0,2,4,2,A01
202100016035,1,7,,0,2,1,2,Z01
202100016036,1,7,,0,2,6,1,A01
202100016036,1,7,,0,2,1,1,B01
202100016036,1,10,,0,2,1,1,C01
202100016037,2,7,,0,2,7,12,B01
202100016037,2,32,,0,2,8,3,A01
202100016038,2,10,,1,0,2,14,A01
202100016038,2,14,,0,2,6,23,B01
202100016039,1,17,,0,2,2,12,A01
202100016039,1,7,,0,2,3,1,B01
202100016040,1,33,,0,2,1,3,A01
202100016040,1,7,,0,2,2,2,B01
202100016041,2,33,,0,2,8,3,B01
202100016041,1,7,,0,2,2,1,A01
202100016042,1,31,,0,2,1,3,B01
202100016042,1,7,,0,2,5,12,A01
202100016043,1,7,,0,2,8,2,C01
202100016043,1,33,,0,2,1,3,B01
202100016043,1,7,,0,2,5,12,A01
202100016044,1,7,,0,2,5,1,C01
202100016044,1,33,,0,2,7,3,B01
202100016044,1,7,,0,2,3,11,A01
202100016045,2,33,,0,2,1,3,C01
202100016045,2,33,,0,2,8,3,A01
202100016045,2,7,,0,2,5,1,B01
202100016046,2,7,,0,2,1,1,A01
202100016046,2,7,,0,2,4,1,B01
202100016047,2,7,,0,2,1,13,A01
202100016047,2,7,,0,2,4,1,B01
202100016048,2,7,,0,2,2,12,B01
202100016048,2,33,,0,2,3,3,A01
202100016049,2,7,,3,0,8,13,A01
202100016050,2,33,,0,2,3,3,B01
202100016050,2,7,,0,2,2,12,A01
202100016051,2,10,,0,2,1,1,A01
202100016051,2,7,,0,2,4,1,B01
202100016052,2,7,,0,2,3,11,B01
202100016052,2,7,,0,2,6,1,E01
202100016052,2,7,,0,2,8,1,D01
202100016052,2,10,,0,2,5,1,C01
202100016052,2,33,,0,2,1,1,A01
202100016053,2,7,,0,2,1,1,A01
202100016053,2,10,,0,2,4,1,B01
202100016053,2,10,,0,2,4,1,C01
202100016054,1,7,,4,0,4,26,A01
202100016055,1,7,,0,5,1,21,A01
202100016056,2,7,,2,2,5,12,B01
202100016056,2,7,,2,2,3,1,A01
202100016057,2,10,,0,0,0,23,T01
202100016057,2,30,,0,1,1,17,A01
202100016058,3,15,,0,0,0,16,A01
202100016059,1,7,,0,1,3,15,A01
202100016060,1,7,,0,1,2,1,A01
202100016061,0,7,,0,1,8,1,A01
202100016062,1,7,,0,2,1,9,A01
202100016062,2,2,,0,2,8,1,B01
202100016063,0,33,,11,0,1,14,A01
202100016064,1,7,,0,0,6,2,B01
202100016064,1,7,,0,2,2,1,A01
202100016065,2,7,,0,2,7,2,A01
202100016065,1,7,,0,2,1,2,B01
202100016066,3,10,,0,2,1,1,A01
202100016066,3,7,,0,2,4,1,B01
202100016067,1,7,,0,2,5,15,A01
202100016067,2,2,,0,2,1,1,B01
202100016068,3,7,,0,2,1,15,B01
202100016068,3,7,,0,2,2,15,A01
202100016069,1,7,,0,2,4,23,B01
202100016069,1,7,,0,2,1,1,A01
202100016070,-1,30,,-1,-1,-1,-1,A01
202100016070,2,7,,0,2,3,1,B01
202100016071,3,99,,0,2,1,1,B01
202100016071,3,7,,0,2,7,19,A01
202100016072,0,1,,0,1,0,0,B01
202100016073,1,7,,0,9,2,1,B01
202100016073,2,1,,0,2,1,15,A01
202100016074,1,7,,0,2,5,2,B01
202100016074,1,7,,0,2,4,2,C01
202100016074,1,7,,0,2,4,2,D01
202100016074,1,7,,0,2,1,2,A01
202100016075,3,7,,0,2,8,9,B01
202100016075,2,7,,0,2,1,1,A01
202100016076,3,7,,0,2,1,1,D01
202100016076,3,7,,0,2,1,1,C01
202100016076,3,10,,0,2,1,1,B01
202100016076,3,7,,0,2,4,1,A01
202100016077,1,2,,0,2,1,1,A01
202100016077,1,7,,0,2,0,0,B01
202100016078,1,7,,14,2,6,0,B01
202100016078,1,1,,0,2,1,16,A01
202100016079,1,33,,0,2,1,2,A01
202100016079,1,7,,0,2,5,2,B01
202100016080,0,7,,0,2,2,9,A01
202100016080,0,33,,0,2,1,1,B01
202100016080,0,7,,0,2,3,0,D01
202100016081,2,7,,0,1,1,1,A01
202100016082,1,7,,0,2,4,2,B01
202100016082,1,7,,0,2,1,2,A01
202100016083,3,7,,0,1,0,16,A01
202100016084,3,7,,0,1,1,1,A01
202100016085,3,37,4.0,8,0,2,15,A01
202100016086,2,7,,0,2,3,0,A01
202100016086,1,7,,0,2,6,0,B01
202100016087,2,7,,0,1,3,1,A01
202100016088,2,31,,0,2,1,17,B01
202100016088,2,7,,0,2,3,15,A01
202100016089,0,7,,0,2,1,1,B01
202100016089,0,10,,0,2,7,1,A01
202100016090,1,34,,0,2,8,1,B01
202100016090,1,7,,0,2,1,1,A01
202100016091,2,10,,0,2,0,0,A01
202100016091,2,7,,0,2,4,23,B01
202100016092,0,7,,0,5,9,26,A01
202100016093,1,7,,0,2,0,17,D01
202100016093,1,50,,0,2,3,1,A01
202100016094,2,7,,0,1,1,26,A01
202100016095,3,7,,0,2,4,2,B01
202100016095,3,7,,0,2,1,2,A01
202100016096,2,7,,0,9,1,1,D01
202100016096,2,10,,0,2,8,1,C01
202100016096,2,14,,0,2,6,1,B01
202100016096,2,10,,0,2,1,21,A01
202100016096,2,7,,0,2,8,1,E01
202100016097,3,7,,0,2,8,0,B01
202100016097,1,30,,0,2,1,14,A01
202100016098,1,31,,0,0,1,1,A01
202100016099,2,7,,0,1,3,1,A01
202100016100,2,7,,0,2,3,1,B01
202100016100,1,7,,7,2,1,15,A01
202100016101,1,7,,0,1,8,2,A01
202100016102,1,1,,0,9,3,13,A01
202100016102,2,1,,0,9,3,0,B01
202100016103,1,7,,0,2,5,2,B01
202100016103,1,32,,0,2,1,2,A01
202100016104,2,7,,0,1,1,1,A01
202100016105,0,7,,0,1,4,4,A01
202100016106,0,7,,0,1,1,1,A01
202100016107,0,2,,0,2,8,1,B01
202100016107,0,7,,0,2,2,1,A01
202100016108,0,7,,0,1,3,1,A01
202100016109,0,7,,0,2,3,16,B01
202100016109,0,10,,0,2,5,1,A01
202100016110,1,7,,1,0,2,26,A01
202100016111,1,50,,0,2,0,1,B01
202100016111,3,7,,0,9,2,19,A01
202100016112,3,10,,0,1,7,0,A01
202100016113,2,34,,0,2,1,1,B01
202100016113,1,7,,0,2,2,15,A01
202100016114,0,50,,0,0,0,26,A01
202100016115,1,7,,0,1,5,17,A01
202100016116,2,7,,0,2,1,1,B01
202100016116,1,7,,0,2,1,13,A01
202100016117,1,7,,0,2,4,2,B01
202100016117,1,1,,0,2,1,2,A01
202100016118,1,7,,0,2,1,9,A01
202100016118,1,2,,0,2,7,1,B01
202100016119,0,7,,1,0,1,1,A01
202100016120,2,7,,0,2,2,0,B01
202100016120,2,7,,0,2,1,0,A01
202100016121,3,7,,0,2,7,1,A01
202100016121,3,50,,0,2,1,1,B01
202100016122,1,1,,0,2,3,9,A01
202100016122,1,14,,0,2,5,1,B01
202100016123,1,7,,0,1,2,16,A01
202100016124,1,7,,0,2,4,2,B01
202100016124,1,7,,0,2,1,2,A01
202100016125,2,7,,0,2,1,9,B01
202100016125,1,30,,0,2,1,26,A01
202100016126,2,7,,0,1,1,1,A01
202100016127,1,31,,0,2,8,18,A01
202100016127,1,7,,0,2,2,16,B01
202100016128,3,7,,0,2,1,1,B01
202100016128,3,7,,0,2,0,20,A01
202100016129,2,1,,0,2,7,19,B01
202100016129,1,7,,0,2,7,1,A01
202100016130,1,7,,0,2,1,1,A01
202100016130,2,1,,0,2,3,9,B01
202100016131,1,7,,0,2,3,9,A01
202100016131,1,1,,0,2,1,1,B01
202100016132,1,32,,0,0,4,9,B01
202100016132,1,7,,0,2,4,1,C01
202100016132,1,7,,0,2,1,1,A01
202100016133,2,7,,0,2,8,15,B01
202100016133,2,50,,0,2,1,17,A01
202100016134,1,7,,0,2,4,1,B01
202100016134,1,7,,0,2,1,1,A01
202100016135,1,7,,0,1,3,1,A01
202100016136,3,7,,0,1,1,16,A01
202100016137,2,31,,0,2,1,1,B01
202100016137,2,7,,0,2,3,15,A01
202100016138,1,7,,0,2,2,16,A01
202100016138,1,1,,0,2,8,1,B01
202100016139,2,7,,0,0,4,15,A01
202100016139,2,30,,0,2,1,2,B01
202100016140,1,7,,0,1,3,1,A01
202100016141,0,7,,0,1,0,1,A01
202100016142,3,7,,0,2,7,0,A01
202100016142,3,7,,0,2,1,1,B01
202100016143,1,99,,0,9,2,19,A01
202100016143,2,1,,0,2,1,19,B01
202100016144,3,7,,1,2,3,15,B01
202100016144,3,10,,0,2,1,14,A01
202100016145,1,7,,0,2,7,1,A01
202100016145,1,7,,0,2,1,1,B01
202100016146,3,7,,0,2,1,1,A01
202100016146,3,7,,0,2,6,15,B01
202100016147,3,7,,0,1,3,9,A01
202100016148,1,7,,0,2,8,1,A01
202100016148,1,7,,0,2,7,1,B01
202100016149,1,7,,0,2,1,1,A01
202100016149,1,7,,0,2,2,16,B01
202100016150,1,17,,0,4,2,23,A01
202100016150,1,39,,0,9,8,1,B01
202100016151,1,7,,0,2,1,1,B01
202100016151,2,7,,0,2,7,15,A01
202100016152,3,41,,0,2,0,21,B01
202100016152,3,7,,0,2,0,1,A01
202100016153,0,2,,0,2,3,15,B01
202100016153,0,7,,0,2,2,1,A01
202100016154,0,7,,0,2,5,1,B01
202100016154,0,2,,0,2,3,11,A01
202100016155,1,7,,0,1,1,1,A01
202100016156,1,7,,0,2,7,26,B01
202100016156,1,50,,0,2,1,26,A01
202100016157,1,7,,0,2,4,26,B01
202100016157,1,7,,0,2,1,26,A01
202100016158,2,0,,0,1,0,1,A01
202100016159,2,7,,0,2,2,1,B01
202100016159,3,30,,0,2,8,26,A01
202100016160,2,7,,0,9,1,2,A01
202100016160,2,1,,0,0,0,0,B01
202100016161,1,7,,0,1,1,1,A01
202100016162,0,7,,0,2,2,15,B01
202100016162,0,34,,0,2,1,1,A01
202100016163,0,33,,0,1,3,26,A01
202100016164,0,1,,0,0,0,1,B01
202100016164,0,7,,0,2,1,26,A01
202100016165,1,7,,0,2,8,10,A01
202100016165,1,31,,0,2,1,1,B01
202100016166,1,10,,0,2,5,18,A01
202100016166,1,7,,0,2,1,1,B01
202100016167,1,1,,0,0,8,1,B01
202100016167,1,7,,0,9,1,1,A01
202100016168,2,14,,9,0,1,26,A01
202100016169,2,7,,0,2,1,2,A01
202100016169,2,7,,0,2,4,2,B01
202100016169,2,7,,0,2,4,2,C01
202100016170,1,7,,0,1,1,2,A01
202100016171,3,30,,0,2,1,17,A01
202100016171,3,7,,0,2,3,0,B01