Num_Acc,senc,catv,occutc,obs,obsm,choc,manv,num_veh
202100016172,3,31,,0,2,1,2,B01
202100016172,3,7,,0,2,7,15,A01
202100016173,3,7,,0,2,1,16,A01
202100016173,3,1,,0,2,2,15,B01
202100016174,2,1,,0,0,4,1,B01
202100016174,2,7,,0,9,3,12,A01
202100016175,1,7,,0,1,1,1,A01
202100016176,2,7,,0,0,4,1,A01
202100016176,2,7,,14,2,1,1,B01
202100016176,2,7,,14,2,1,1,C01
202100016177,1,60,,0,1,2,19,B01
202100016177,1,0,,0,1,5,0,A01
202100016178,1,50,,0,2,5,1,A01
202100016178,1,7,,0,2,5,1,B01
202100016179,2,7,,0,2,2,9,A01
202100016179,1,32,,0,2,1,1,B01
202100016180,1,7,,0,1,2,1,A01
202100016181,0,7,,0,2,8,15,A01
202100016181,3,32,,0,2,8,1,B01
202100016182,2,7,,0,2,7,16,A01
202100016182,2,33,,1,2,1,1,B01
202100016183,3,50,,0,2,8,2,B01
202100016183,3,7,,0,2,1,2,A01
202100016184,2,7,,0,2,5,1,A01
202100016184,2,1,,0,2,1,16,B01
202100016185,2,31,,2,0,1,1,A01
202100016186,1,7,,0,1,3,1,A01
202100016187,1,7,,0,2,0,16,A01
202100016187,1,1,,0,2,8,1,B01
202100016188,1,7,,0,2,2,19,A01
202100016188,2,30,,0,2,5,15,B01
202100016189,3,30,,6,2,0,25,Z01
202100016189,3,1,,6,2,0,25,A01
202100016190,2,34,,0,2,3,1,B01
202100016190,1,10,,0,2,3,15,A01
202100016191,2,7,,0,2,2,1,B01
202100016191,1,33,,0,2,7,15,A01
202100016192,1,7,,0,2,5,6,A01
202100016192,2,34,,0,2,1,1,B01
202100016193,1,43,,14,0,0,26,A01
202100016194,0,1,,0,0,0,26,A01
202100016195,3,7,,0,1,1,26,A01
202100016196,1,7,,4,0,1,13,A01
202100016197,1,7,,0,2,1,1,A01
202100016197,1,10,,0,2,4,1,B01
202100016198,3,7,,0,1,2,1,A01
202100016199,2,7,,0,2,4,2,B01
202100016199,2,7,,0,2,4,1,C01
202100016199,2,7,,0,2,1,26,A01
202100016200,1,7,,0,2,3,9,B01
202100016200,1,33,,0,2,1,17,IA01
202100016201,2,7,,0,2,4,2,B01
202100016201,2,7,,0,2,1,1,A01
202100016202,1,7,,0,2,4,23,B01
202100016202,1,7,,0,2,1,1,A01
202100016203,2,7,,0,1,2,16,A01
202100016204,1,7,,0,2,4,20,B01
202100016204,1,2,,0,2,1,1,A01
202100016205,1,7,,0,2,4,2,B01
202100016205,1,7,,0,2,1,2,A01
202100016206,0,10,,0,2,2,15,A01
202100016206,0,2,,0,2,3,1,B01
202100016207,0,7,,0,1,1,2,A01
202100016208,2,7,,0,2,1,2,A01
202100016208,2,7,,0,2,4,2,C01
202100016208,2,10,,0,2,4,2,B01
202100016209,3,7,,0,1,3,0,A01
202100016210,1,1,,0,2,1,2,A01
202100016210,1,10,,0,2,1,1,B01
202100016211,2,33,,0,2,1,1,B01
202100016211,1,7,,0,2,8,15,A01
202100016212,3,7,,0,2,2,20,A01
202100016212,3,10,,0,2,1,26,C01
202100016212,3,33,,0,2,7,26,B01
202100016213,2,7,,1,0,3,11,A01
202100016214,1,10,,0,2,1,1,B01
202100016214,3,34,,0,2,2,19,A01
202100016215,1,7,,9,0,1,13,A01
202100016216,3,7,,0,2,3,9,B01
202100016216,2,7,,0,2,1,26,A01
202100016217,3,7,,1,1,6,4,A01
202100016218,0,7,,0,1,1,26,A01
202100016219,0,7,,0,1,2,17,Z01
202100016219,0,10,,0,0,8,9,A01
202100016220,0,7,,0,2,8,15,A01
202100016220,2,33,,0,2,1,0,B01
202100016221,1,7,,0,2,2,15,B01
202100016221,1,7,,0,2,2,17,A01
202100016222,0,10,,0,2,3,1,B01
202100016222,0,1,,0,2,3,19,A01
202100016223,2,7,,0,2,8,19,B01
202100016223,1,32,,0,2,1,1,A01
202100016224,3,2,,0,2,5,1,B01
202100016224,3,7,,0,2,3,15,A01
202100016225,3,7,,0,2,1,15,A01
202100016225,3,30,,0,2,1,1,B01
202100016226,3,7,,0,2,2,1,A01
202100016226,3,1,,0,2,5,1,B01
202100016227,2,7,,0,2,4,9,B01
202100016227,2,7,,0,2,1,1,A01
202100016228,2,1,,0,0,1,1,A01
202100016229,1,7,,0,1,3,1,A01
202100016230,2,7,,0,2,6,15,B01
202100016230,2,14,,0,2,2,17,A01
202100016231,1,30,,0,0,0,0,A01
202100016232,3,7,,0,9,2,16,A01
202100016232,3,1,,0,2,1,1,B01
202100016233,1,7,,0,2,1,23,C01
202100016233,2,7,,0,2,4,15,A01
202100016233,1,7,,0,2,1,1,B01
202100016234,2,32,,0,2,8,1,B01
202100016234,2,7,,0,2,7,16,A01
202100016235,1,43,,0,2,7,2,C01
202100016235,1,43,,0,2,1,2,D01
202100016235,1,7,,0,2,6,11,B01
202100016235,1,33,,0,2,2,11,A01
202100016235,1,7,,0,2,8,2,E01
202100016236,1,7,,0,2,7,1,B01
202100016236,1,33,,0,2,8,11,A01
202100016237,1,30,,0,2,1,2,B01
202100016237,1,33,,0,2,5,2,A01
202100016238,2,33,,0,1,1,1,A01
202100016239,2,1,,0,2,1,1,B01
202100016239,2,10,,0,2,2,16,A01
202100016240,2,43,,0,1,8,1,A01
202100016241,1,30,,0,2,7,18,A01
202100016241,1,37,1.0,0,2,0,16,B01
202100016241,1,7,,0,2,0,1,C01
202100016242,1,1,,0,1,1,1,A01
202100016243,1,1,,0,2,2,1,B01
202100016243,1,7,,0,2,3,22,A01
202100016244,1,7,,0,2,5,2,B01
202100016244,1,34,,0,2,1,2,A01
202100016245,2,1,,0,2,1,1,B01
202100016245,3,50,,0,2,8,19,A01
202100016246,3,7,,0,2,0,1,Z01
202100016246,1,1,,0,2,7,1,A01
202100016247,2,10,,0,2,6,22,Z01
202100016247,1,1,,0,2,1,1,A01
202100016248,1,7,,0,2,3,1,A01
202100016248,2,50,,0,2,1,1,B01
202100016249,2,37,1.0,0,2,5,12,A01
202100016249,2,7,,0,2,8,7,B01
202100016250,1,7,,0,2,6,2,B01
202100016250,1,30,,0,2,1,2,A01
202100016251,2,31,,0,2,2,1,A01
202100016251,2,50,,0,2,8,19,B01
202100016252,3,80,,0,2,8,1,B01
202100016252,2,10,,0,2,2,1,A01
202100016253,2,7,,0,2,1,1,A01
202100016253,2,30,,0,2,1,5,B01
202100016254,1,7,,0,2,2,9,A01
202100016254,1,1,,0,2,1,1,B01
202100016255,2,7,,9,0,1,15,A01
202100016256,3,7,,0,1,4,26,A01
202100016257,2,32,,0,1,1,1,B01
202100016258,2,7,,0,1,1,16,A01
202100016259,2,7,,0,2,6,1,B01
202100016259,2,50,,0,2,3,15,A01
202100016260,2,7,,0,2,3,1,A01
202100016260,2,50,,0,2,3,1,B01
202100016261,3,30,,12,2,1,26,A01
202100016261,3,2,,12,2,1,26,B01
202100016262,1,7,,8,0,1,14,A01
202100016263,3,7,,0,2,3,2,C01
202100016263,3,10,,0,2,1,26,A01
202100016263,3,34,,0,2,4,2,B01
202100016264,2,30,,0,0,3,21,A01
202100016265,3,7,,0,2,3,17,B01
202100016265,3,7,,0,2,4,10,A01
202100016266,3,10,,0,1,1,16,A01
202100016267,2,7,,0,1,5,16,A01
202100016268,3,30,,0,2,1,20,A01
202100016268,3,1,,0,2,0,0,Z01
202100016269,2,7,,4,0,5,1,A01
202100016270,3,32,,0,2,1,1,A01
202100016270,3,1,,0,2,8,11,B01
202100016271,1,1,,0,2,2,14,DA01
202100016271,3,32,,0,2,1,1,B01
202100016272,1,7,,0,2,3,15,B01
202100016272,2,32,,0,2,1,1,A01
202100016273,1,7,,0,1,7,1,A01
202100016274,1,7,,0,2,1,1,A01
202100016274,1,13,,0,2,2,11,B01
202100016275,1,80,,12,0,1,16,A01
202100016275,1,7,,0,0,0,15,B01
202100016276,2,7,,7,2,3,6,A01
202100016276,1,7,,0,9,1,1,B01
202100016277,2,33,,13,0,3,13,A01
202100016278,1,7,,0,2,3,13,A01
202100016278,2,7,,0,2,3,1,B01
202100016279,2,7,,0,2,3,19,A01
202100016279,2,7,,0,2,2,1,B01
202100016280,2,7,,0,2,2,1,B01
202100016280,3,21,,0,2,1,26,A01
202100016281,3,7,,0,2,3,13,A01
202100016281,3,7,,0,2,1,1,B01
202100016282,2,7,,0,2,1,5,B01
202100016282,1,7,,0,2,1,1,A01
202100016283,2,7,,0,2,7,1,B01
202100016283,2,7,,0,2,1,19,A01
202100016284,1,7,,15,0,1,1,A01
202100016285,2,10,,0,2,1,1,A01
202100016285,2,7,,0,2,4,23,B01
202100016285,1,7,,0,2,3,1,C01
202100016285,1,7,,0,0,3,23,D01
202100016286,0,16,,16,0,2,1,A01
202100016287,2,7,,0,2,3,1,B01
202100016287,1,7,,0,2,3,13,A01
202100016288,1,1,,0,2,1,15,B01
202100016288,3,7,,0,2,2,15,A01
202100016289,3,7,,0,1,4,4,A01
202100016290,1,10,,0,2,2,19,A01
202100016290,1,7,,13,2,2,1,B01
202100016291,2,2,,0,2,3,1,A01
202100016291,1,7,,0,0,3,2,B01
202100016292,3,2,,0,0,9,1,A01
202100016293,0,34,,12,0,1,0,A01
202100016294,0,7,,0,0,7,1,B01
202100016294,3,1,,0,2,1,19,A01
202100016295,3,7,,0,2,1,19,A01
202100016295,1,2,,0,2,1,1,B01
202100016296,1,33,,0,0,1,1,A01
202100016296,1,33,,0,0,5,23,B01
202100016296,1,33,,0,0,4,23,C01
202100016297,2,7,,0,0,5,1,A01
202100016297,1,7,,0,2,1,1,B01
202100016298,0,15,,0,2,8,26,A01
202100016298,0,33,,0,2,2,1,B01
202100016299,3,10,,0,1,4,20,A01
202100016300,2,33,,6,0,1,1,A01
202100016301,1,33,,0,2,1,13,B01
202100016301,2,7,,0,2,1,1,A01
202100016302,2,7,,2,0,1,1,A01
202100016303,1,7,,0,2,2,0,A01
202100016303,1,7,,0,0,6,1,B01
202100016304,2,14,,3,0,3,2,A01
202100016305,2,7,,2,0,3,14,A01
202100016306,1,7,,0,2,3,1,B01
202100016306,2,7,,0,2,3,13,A01
202100016307,2,10,,13,0,1,13,A01
202100016308,1,34,,0,2,1,3,A01
202100016308,2,7,,0,0,8,15,B01
202100016309,1,33,,6,0,8,0,A01
202100016310,1,7,,0,2,3,1,A01
202100016310,2,30,,0,2,1,13,B01
202100016311,2,1,,5,0,1,2,A01
202100016312,1,15,,1,0,1,1,B01
202100016312,1,7,,0,0,4,23,A01
202100016313,2,7,,0,2,6,15,A01
202100016313,2,33,,0,2,2,1,B01
202100016314,2,7,,0,2,2,17,A01
202100016314,2,7,,0,0,8,15,B01
202100016315,1,2,,0,0,7,1,A01
202100016316,1,7,,0,1,2,1,A01
202100016317,1,33,,13,0,2,1,A01
202100016318,2,33,,0,0,7,1,A01
202100016319,1,7,,0,0,8,15,B01
202100016319,1,33,,0,2,1,17,A01
202100016320,3,33,,0,2,1,1,A01
202100016320,3,7,,0,2,1,15,B01
202100016321,1,33,,13,0,1,1,A01
202100016322,0,7,,0,1,2,1,A01
202100016323,1,10,,0,2,3,1,B01
202100016323,2,10,,0,2,3,13,A01
202100016324,2,31,,5,0,2,14,A01
202100016325,2,33,,0,2,1,17,A01
202100016325,2,7,,0,0,6,15,B01
202100016326,1,33,,4,0,7,1,A01
202100016327,2,7,,0,2,3,19,B01
202100016327,1,7,,0,2,3,1,A01
202100016328,1,14,,13,0,3,1,A01
202100016329,1,7,,0,2,7,19,A01
202100016329,2,17,,0,2,1,1,B01
202100016330,2,33,,0,0,0,1,A01
202100016331,2,10,,0,2,1,1,A01
202100016331,2,2,,0,2,4,1,B01
202100016332,3,7,,0,0,9,0,A01
202100016333,2,7,,0,9,1,9,A01
202100016333,2,1,,0,2,5,1,B01
202100016334,2,7,,0,2,1,26,A01
202100016334,2,7,,1,0,1,1,B01
202100016335,2,7,,0,2,4,2,A01
202100016335,2,7,,0,2,1,2,B01
202100016336,1,7,,0,2,4,2,B01
202100016336,1,7,,0,2,1,2,A01
202100016337,1,15,,0,2,1,2,A01
202100016337,1,7,,0,2,4,2,B01
202100016337,1,7,,0,2,4,2,C01
202100016338,1,7,,0,2,4,1,A01
202100016338,1,7,,0,2,4,1,B01
202100016338,1,7,,0,2,4,1,C01
202100016338,1,7,,0,2,1,1,D01
202100016339,2,33,,0,2,1,3,A01
202100016339,2,7,,0,2,5,1,B01
202100016340,1,7,,0,2,4,24,B01
202100016340,2,15,,1,0,2,1,A01
202100016341,1,10,,0,2,5,12,A01
202100016341,1,33,,0,2,1,3,B01
202100016342,1,33,,0,2,1,1,B01
202100016342,1,7,,0,2,5,12,A01
202100016343,2,16,,0,2,1,1,A01
202100016343,2,15,,0,2,4,1,B01
202100016343,2,15,,0,0,4,1,C01
202100016344,0,10,,0,2,0,0,Z01
202100016345,2,43,,0,1,0,26,A01
202100016346,1,7,,0,1,2,1,A01
202100016347,1,1,,0,2,1,2,A01
202100016347,1,10,,0,2,4,11,B01
202100016348,2,30,,0,2,3,1,A01
202100016348,2,32,,0,2,5,1,B01
202100016349,1,10,,0,2,2,16,Z01
202100016349,1,31,,0,2,3,18,A01
202100016350,1,7,,0,2,3,16,B01
202100016350,2,50,,0,2,1,1,A01
202100016351,1,30,,0,2,7,1,B01
202100016351,1,7,,0,2,6,15,A01
202100016352,1,7,,0,2,4,4,Z01
202100016352,1,1,,0,2,1,9,A01
202100016353,2,7,,0,2,6,23,B01
202100016353,2,30,,0,2,1,2,A01
202100016354,2,10,,0,2,2,22,A01
202100016354,2,50,,0,2,3,1,B01
202100016355,1,30,,0,1,2,18,A01
202100016356,2,7,,0,2,7,16,A01
202100016356,0,50,,0,2,7,19,B01
202100016357,3,1,,6,0,8,13,A01
202100016358,2,7,,0,2,4,2,B01
202100016358,2,30,,0,2,1,2,A01
202100016359,1,10,,0,2,8,1,A01
202100016359,1,1,,0,2,4,19,B01
202100016360,1,1,,0,2,8,14,A01
202100016360,1,7,,0,2,8,23,B01
202100016361,2,80,,0,2,4,2,B01
202100016361,2,1,,0,2,7,2,A01
202100016362,1,1,,0,2,1,1,B01
202100016362,1,10,,0,2,8,22,A01
202100016363,1,34,,0,2,1,17,A01
202100016363,2,7,,0,2,8,15,B01
202100016364,2,7,,0,2,2,9,A01
202100016364,2,34,,0,2,1,1,B01
202100016365,1,1,,8,0,1,1,A01
202100016366,3,7,,0,2,6,1,B01
202100016366,3,7,,0,2,2,1,A01
202100016367,1,10,,0,2,4,23,B01
202100016367,1,7,,0,2,1,1,A01
202100016368,1,37,4.0,6,0,1,16,A01
202100016369,1,7,,0,2,1,15,B01
202100016369,1,32,,0,2,3,1,A01
202100016370,1,7,,0,9,4,23,B01
202100016370,1,7,,0,2,1,2,A01
202100016371,1,37,1.0,0,2,3,0,A01
202100016371,1,7,,0,2,3,26,B01
202100016372,2,7,,0,0,1,2,A01
202100016372,2,7,,0,0,4,2,B01
202100016373,3,7,,0,2,7,15,A01
202100016373,1,43,,0,2,1,1,B01
202100016374,0,7,,0,2,2,1,A01
202100016374,3,30,,0,2,1,0,B01
202100016375,1,7,,0,1,1,15,A01
202100016376,1,7,,0,2,3,10,A01
202100016376,1,32,,0,2,2,1,B01
202100016377,2,13,,0,2,3,15,A01
202100016377,1,34,,0,2,3,1,B01
202100016378,1,7,,0,2,8,15,A01
202100016378,1,33,,0,2,1,1,B01
202100016379,1,1,,1,1,2,1,A01
202100016380,1,7,,0,2,2,16,A01
202100016380,1,32,,0,2,3,1,B01
202100016381,1,7,,0,2,2,15,A01
202100016381,1,32,,0,2,1,1,B01
202100016382,1,10,,0,2,3,13,A01
202100016382,2,7,,0,2,3,1,B01
202100016383,1,7,,0,2,1,1,A01
202100016383,1,33,,0,2,4,23,B01
202100016384,1,10,,0,2,5,15,A01
202100016384,2,34,,0,2,0,0,B01
202100016385,1,7,,0,2,1,9,B01
202100016385,1,32,,0,2,2,17,A01
202100016386,1,50,,12,0,1,14,A01
202100016387,1,30,,0,2,1,2,A01
202100016387,1,7,,0,2,6,1,B01
202100016388,2,32,,15,2,3,18,A01
202100016388,2,7,,0,2,2,16,B01
202100016389,3,1,,0,2,1,19,Y01
202100016389,1,14,,0,2,6,15,A01
202100016390,2,7,,0,2,8,17,B01
202100016390,2,32,,0,2,2,17,A01
202100016391,0,1,,0,0,0,1,A01
202100016392,2,2,,0,2,8,1,A01
202100016392,0,10,,0,2,3,15,C01
202100016393,2,7,,0,2,3,11,B01
202100016393,2,7,,0,2,9,1,A01
202100016394,0,7,,0,0,1,2,B01
202100016394,0,7,,0,0,4,2,A01
202100016395,2,31,,0,1,3,17,A01
202100016396,1,7,,0,2,2,12,B01
202100016396,1,7,,0,2,3,18,A01
202100016397,2,7,,0,1,3,19,A01
202100016398,1,31,,0,6,1,19,A01
202100016399,3,33,,0,0,0,1,A01
202100016400,2,10,,2,0,2,2,A01
202100016401,2,10,,0,2,1,1,A01
202100016401,2,33,,0,2,6,1,B01
202100016402,2,30,,0,0,9,1,A01
202100016403,0,7,,13,0,1,1,A01
202100016404,2,7,,6,0,1,14,A01
202100016405,1,33,,0,0,0,1,A01
202100016406,3,3,,0,2,8,1,A01
202100016406,3,34,,0,2,3,1,B01
202100016406,3,32,,0,2,8,1,C01
202100016406,3,10,,0,2,3,1,D01
202100016407,2,7,,0,0,4,2,B01
202100016407,2,7,,0,2,1,2,A01
202100016408,3,7,,6,0,2,1,A01
202100016409,2,7,,0,2,6,1,B01
202100016409,1,10,,0,2,3,13,A01
202100016410,1,2,,0,2,1,16,A01
202100016410,1,7,,0,2,7,1,B01
202100016411,1,7,,2,0,7,13,A01
202100016412,2,7,,4,2,7,2,C01
202100016412,2,38,1.0,0,2,6,23,B01
202100016412,2,7,,0,2,2,21,A01
202100016413,1,10,,0,2,3,1,C01
202100016413,1,33,,0,2,1,17,A01
202100016413,2,7,,0,2,3,1,B01
202100016414,1,20,,0,0,2,1,A01
202100016415,1,38,28.0,0,0,1,1,A01
202100016416,1,7,,8,0,0,1,A01
202100016417,1,80,,0,1,1,1,A01
202100016418,3,21,,0,9,3,26,A01
202100016418,1,1,,0,2,0,11,B01
202100016419,3,33,,0,0,0,1,A01
202100016420,1,33,,0,2,1,1,B01
202100016420,2,7,,0,2,3,13,A01
202100016421,2,7,,0,2,1,1,A01
202100016421,2,1,,0,2,4,9,B01
202100016422,1,7,,0,1,0,1,A01
202100016423,1,10,,0,2,1,2,C01
202100016423,1,7,,0,2,4,2,B01
202100016423,1,7,,0,2,4,1,A01
202100016424,2,10,,0,2,1,2,D01
202100016424,2,7,,0,2,4,2,C01
202100016424,2,7,,0,2,4,2,B01
202100016424,2,7,,0,2,4,2,A01
202100016425,1,10,,0,2,4,2,B01
202100016425,1,7,,0,2,1,2,A01
202100016426,1,7,,0,0,0,26,A01
202100016427,2,43,,0,2,7,3,A01
202100016427,2,7,,0,2,8,1,B01
202100016427,2,10,,0,2,8,12,C01
202100016428,2,33,,0,2,7,12,B01
202100016428,2,33,,0,2,1,3,A01
202100016429,2,7,,0,2,4,0,B01
202100016429,2,7,,0,2,1,26,A01
202100016430,1,7,,0,2,1,1,A01
202100016430,1,10,,0,2,4,1,B01
202100016431,1,7,,0,2,4,26,Z01
202100016431,1,7,,0,2,1,12,A01
202100016432,2,33,,0,2,4,3,B01
202100016432,2,33,,0,2,1,3,A01
202100016433,2,10,,0,2,4,1,B01
202100016433,2,7,,0,2,1,1,A01
202100016434,1,32,,0,2,1,2,A01
202100016434,1,3,,0,2,4,12,B01
202100016435,2,7,,0,2,6,2,A01
202100016435,2,17,,0,2,2,14,B01
202100016436,2,7,,0,2,8,9,F01
202100016436,2,10,,0,2,9,2,D01
202100016436,2,10,,0,2,9,2,E01
202100016436,2,14,,0,2,1,1,A01
202100016436,2,7,,0,2,9,2,B01
202100016436,2,7,,0,2,9,2,C01
202100016437,2,7,,0,1,1,0,A01
202100016438,1,7,,0,2,3,1,A01
202100016438,2,10,,0,2,8,0,B01
202100016439,2,2,,0,2,4,1,B01
202100016439,2,10,,0,2,4,1,A01
202100016440,1,7,,0,1,1,1,A01
202100016441,1,7,,0,2,4,1,C01
202100016441,1,7,,0,2,4,1,B01
202100016441,1,7,,0,2,1,1,A01
202100016442,1,7,,0,1,2,1,A01
202100016443,1,7,,0,1,2,13,A01
202100016444,1,14,,1,0,2,1,A01
202100016444,1,10,,0,2,6,24,B01
202100016445,3,7,,0,1,1,2,A01
202100016446,1,7,,0,2,1,1,A01
202100016446,1,7,,0,0,4,1,B01
202100016447,2,7,,0,2,1,2,A01
202100016447,2,7,,0,2,4,2,B01
202100016447,2,7,,0,2,4,2,C01
202100016448,1,7,,0,1,1,15,A01
202100016449,2,7,,4,0,3,13,A01
202100016449,2,7,,14,0,2,2,B01
202100016450,2,7,,2,0,1,1,A01
202100016451,2,7,,0,2,1,1,B01
202100016451,2,7,,0,2,1,9,A01
202100016452,3,7,,0,1,7,1,A01
202100016453,0,7,,0,1,4,4,A01
202100016454,1,7,,0,2,4,2,C01
202100016454,1,7,,0,2,1,2,A01
202100016454,1,7,,0,2,4,1,B01
202100016455,2,2,,0,2,1,2,B01
202100016455,2,7,,0,2,3,10,A01
202100016456,2,7,,0,0,2,2,A01
202100016456,2,1,,0,2,8,19,B01
202100016457,3,1,,0,2,8,0,B01
202100016457,3,7,,0,9,1,16,A01
202100016458,3,7,,0,2,1,20,B01
202100016458,3,7,,0,2,1,3,A01
202100016459,3,32,,0,2,7,1,B01
202100016460,0,7,,0,0,4,2,B01
202100016460,0,7,,0,2,1,2,A01
202100016461,2,7,,0,2,1,13,B01
202100016461,2,7,,0,2,1,15,A01
202100016462,0,7,,0,2,1,1,A01
202100016462,0,31,,0,2,1,1,B01
202100016463,1,7,,0,0,0,1,A01
202100016464,2,33,,0,2,1,17,A01
202100016464,2,7,,0,2,1,15,B01
202100016465,2,7,,0,2,1,19,A01
202100016465,1,7,,0,2,8,1,B01
202100016466,1,30,,0,2,1,1,A01
202100016466,2,7,,0,2,3,15,B01
202100016467,1,1,,0,2,5,2,A01
202100016467,1,50,,0,2,1,2,B01
202100016468,1,10,,0,2,2,9,A01
202100016468,2,1,,0,2,1,25,B01
202100016469,1,10,,0,2,1,1,A01
202100016469,1,10,,0,2,4,1,C01
202100016469,1,7,,0,2,4,1,B01
202100016470,1,2,,0,2,1,2,A01
202100016471,1,99,,8,0,2,13,A01
202100016472,3,7,,0,2,4,2,B01
202100016472,3,7,,0,2,1,2,A01
202100016473,2,7,,0,1,1,1,A01
202100016474,3,7,,0,2,8,19,B01
202100016474,3,80,,0,2,1,19,A01
202100016475,1,60,,0,2,7,1,A01
202100016475,2,7,,0,2,1,9,B01
202100016476,3,33,,0,2,1,1,B01
202100016476,3,7,,0,2,8,9,A01
202100016477,3,32,,0,2,7,19,A01
202100016477,2,7,,0,2,1,1,B01
202100016478,2,7,,0,1,1,1,A01
202100016479,2,7,,0,2,4,2,C01
202100016479,2,7,,0,2,1,2,A01
202100016479,2,7,,0,0,4,2,B01
202100016479,2,10,,0,0,4,2,D01
202100016480,1,7,,0,2,8,19,A01
202100016480,2,31,,0,2,1,1,B01
202100016481,1,7,,0,1,1,26,A01
202100016482,1,3,,0,2,0,0,B01
202100016482,1,3,,0,2,1,26,A01
202100016483,3,7,,2,0,1,13,A01
202100016484,2,30,,12,0,1,13,A01
202100016485,2,7,,0,2,4,1,B01
202100016485,2,7,,0,2,1,2,A01
202100016486,1,33,,0,2,1,1,B01
202100016486,2,7,,0,2,3,15,A01
202100016487,1,7,,0,2,6,1,B01
202100016487,1,7,,0,2,1,1,A01
202100016488,1,10,,0,2,3,9,A01
202100016488,1,7,,0,2,2,21,B01
202100016489,3,7,,15,0,2,1,A01
202100016490,1,1,,0,2,2,2,B01
202100016490,1,7,,0,2,2,14,A01
202100016491,1,7,,0,1,3,9,A01
202100016492,2,50,,0,2,1,1,B01
202100016492,1,99,,0,2,3,9,A01
202100016493,3,30,,0,9,1,26,B01
202100016493,3,30,,0,9,0,26,A01
202100016494,1,7,,0,2,2,26,A01
202100016494,3,1,,0,2,7,26,B01
202100016495,1,7,,0,2,3,26,A01
202100016495,1,7,,0,2,2,26,B01
202100016496,1,7,,0,2,1,26,B01
202100016496,1,7,,0,2,1,26,A01
202100016497,1,7,,0,2,0,0,B01
202100016497,1,1,,0,2,5,19,A01
202100016498,1,33,,11,0,1,26,A01
202100016499,1,7,,0,1,1,1,A01
202100016500,2,7,,1,0,1,1,A01
202100016501,1,30,,0,0,8,0,A01
202100016502,1,1,,0,1,1,1,A01
202100016503,1,7,,0,2,4,1,B01
202100016503,1,2,,0,2,1,0,A01
202100016503,1,1,,0,2,1,19,C01
202100016504,1,7,,0,2,1,23,B01
202100016504,1,7,,9,2,1,1,A01
202100016505,1,7,,0,2,1,15,A01
202100016505,2,1,,0,2,3,1,B01
202100016506,3,7,,0,2,3,9,A01
202100016506,3,3,,0,2,7,1,B01
202100016507,3,7,,0,2,0,1,B01
202100016507,3,7,,0,2,1,15,A01
202100016508,2,7,,0,2,8,24,B01
202100016508,2,7,,1,0,5,20,A01
202100016509,3,7,,0,2,1,1,B01
202100016509,3,7,,0,2,1,0,A01
202100016509,3,7,,0,2,1,1,C01
202100016510,3,80,,16,2,7,19,A01
202100016510,3,33,,0,9,1,1,B01
202100016511,0,7,,0,2,2,1,A01
202100016511,0,43,,0,2,1,3,Z01
202100016512,1,7,,0,2,3,0,A01
202100016512,1,7,,0,2,5,1,B01
202100016513,1,2,,0,2,3,15,A01
202100016513,1,7,,0,2,3,1,B01
202100016514,3,7,,8,0,1,1,A01
202100016515,1,7,,0,2,6,2,B01
202100016515,1,30,,0,2,1,2,A01
202100016516,1,1,,0,2,1,1,B01
202100016516,1,7,,0,2,0,1,A01
202100016517,2,50,,0,2,1,1,A01
202100016517,2,7,,0,2,6,19,B01
202100016518,1,7,,1,0,2,1,A01
202100016519,3,7,,0,2,3,15,B01
202100016519,3,50,,0,2,1,17,A01
202100016520,3,32,,0,1,1,21,A01
202100016521,1,7,,0,1,1,26,A01
202100016522,1,7,,0,1,3,1,A01
202100016523,3,7,,0,0,0,0,B01
202100016523,3,7,,1,0,1,1,A01
202100016524,2,7,,0,1,1,15,A01
202100016525,1,7,,0,1,1,1,A01
202100016526,2,7,,0,1,2,1,A01
202100016527,3,7,,0,2,1,15,A01
202100016527,1,30,,0,2,1,1,B01
202100016528,3,1,,0,9,1,1,B01
202100016528,3,7,,0,2,1,19,A01
202100016529,2,7,,0,2,0,0,F01
202100016529,2,7,,0,2,4,0,E01
202100016529,2,7,,0,2,4,2,D01
202100016529,2,7,,0,2,4,2,C01
202100016529,2,7,,0,2,7,2,B01
202100016529,2,7,,0,2,7,1,A01
202100016530,1,7,,1,1,1,13,A01
202100016531,2,7,,0,2,1,1,A01
202100016531,2,7,,0,2,8,1,B01
202100016532,2,33,,0,1,1,1,A01
202100016533,2,50,,0,2,1,5,A01
202100016533,1,7,,0,2,8,16,B01
202100016534,2,30,,0,2,2,1,A01
202100016534,1,7,,0,2,3,1,B01
202100016535,1,33,,0,1,1,17,A01
202100016536,1,33,,0,1,3,1,A01
202100016537,2,7,,0,2,2,1,B01
202100016537,2,33,,0,2,6,18,A01
202100016538,1,7,,0,2,3,15,A01
202100016538,2,1,,0,2,1,1,B01
202100016539,3,7,,0,1,0,20,A01
202100016540,1,1,,0,2,1,1,B01
202100016540,2,7,,0,2,3,15,A01
202100016541,2,10,,0,2,7,16,A01
202100016541,2,80,,0,2,1,1,B01
202100016542,2,7,,8,0,3,13,A01
202100016543,1,2,,0,2,1,1,A01
202100016543,1,7,,0,2,5,1,B01
202100016544,1,7,,0,2,7,15,A01