Num_Acc,senc,catv,occutc,obs,obsm,choc,manv,num_veh
202100016544,2,30,,0,2,1,1,B01
202100016545,1,30,,0,1,6,1,A01
202100016546,3,60,,0,2,3,1,A01
202100016546,3,10,,0,2,8,1,B01
202100016547,1,7,,0,1,7,1,A01
202100016548,2,7,,0,2,3,2,B01
202100016548,1,7,,0,2,2,9,A01
202100016549,1,7,,0,2,8,1,B01
202100016549,1,7,,0,2,1,1,A01
202100016550,1,7,,0,2,7,15,B01
202100016550,2,7,,0,2,1,1,A01
202100016551,2,7,,0,2,1,16,A01
202100016551,3,32,,0,2,7,1,B01
202100016552,2,32,,0,2,0,0,B01
202100016552,3,7,,0,2,2,15,A01
202100016553,1,1,,0,1,1,1,A01
202100016554,1,7,,0,1,2,1,A01
202100016555,1,7,,0,1,3,1,A01
202100016556,2,3,,0,1,3,2,A01
202100016557,2,1,,0,2,1,1,A01
202100016557,1,7,,0,2,3,1,B01
202100016558,2,50,,0,2,0,0,B01
202100016558,2,7,,0,2,8,24,A01
202100016559,1,30,,0,2,8,13,A01
202100016559,1,7,,0,2,7,1,B01
202100016560,1,13,,0,2,2,1,B01
202100016560,1,33,,0,2,1,21,A01
202100016561,1,1,,0,1,1,1,A01
202100016562,0,60,,0,2,7,19,B01
202100016562,1,7,,0,2,3,1,A01
202100016563,3,7,,9,1,0,26,A01
202100016564,2,10,,0,2,3,1,C01
202100016564,2,15,,0,2,3,1,B01
202100016564,2,15,,0,2,1,1,D01
202100016564,1,15,,0,2,3,1,A01
202100016565,2,10,,9,1,2,1,A01
202100016566,1,7,,0,0,4,2,A01
202100016566,1,7,,0,2,1,2,B01
202100016567,1,33,,0,6,1,1,A01
202100016568,2,38,1.0,0,2,3,1,B01
202100016568,1,7,,0,2,3,1,A01
202100016569,2,7,,9,0,2,0,B01
202100016569,2,7,,0,2,3,0,A01
202100016570,1,7,,0,0,9,1,A01
202100016571,1,10,,0,2,3,13,B01
202100016571,2,7,,0,2,3,1,A01
202100016572,2,1,,0,0,0,1,A01
202100016573,0,7,,0,2,1,1,A01
202100016573,0,7,,0,2,3,19,B01
202100016574,1,7,,0,1,7,1,A01
202100016575,1,7,,0,2,3,13,B01
202100016575,2,7,,0,2,1,1,A01
202100016576,1,7,,0,1,2,1,A01
202100016577,1,2,,0,0,7,1,A01
202100016578,2,7,,0,2,2,19,A01
202100016578,1,7,,0,2,3,1,B01
202100016579,3,33,,0,2,1,17,B01
202100016579,3,7,,0,2,8,15,A01
202100016580,3,1,,0,2,1,1,B01
202100016580,3,10,,0,2,2,16,A01
202100016581,2,7,,3,2,3,1,B01
202100016581,1,7,,3,2,3,13,A01
202100016582,1,7,,6,0,1,1,A01
202100016583,1,7,,0,2,1,1,B01
202100016583,2,7,,0,2,7,6,A01
202100016584,0,3,,0,9,9,0,A01
202100016585,2,7,,0,2,1,1,A01
202100016585,3,7,,0,2,7,19,B01
202100016586,0,2,,9,9,0,2,A01
202100016587,2,33,,12,0,7,1,A01
202100016588,1,7,,0,0,4,15,C01
202100016588,1,33,,0,2,4,23,B01
202100016588,1,33,,0,2,1,1,A01
202100016589,1,33,,0,0,0,9,A01
202100016590,3,10,,0,1,4,4,A01
202100016591,1,2,,13,0,2,1,A01
202100016592,1,7,,3,0,3,1,A01
202100016593,1,7,,0,1,1,1,A01
202100016594,1,10,,0,1,1,1,A01
202100016595,3,34,,0,2,1,1,B01
202100016595,3,34,,0,2,6,1,A01
202100016596,0,7,,0,1,1,1,A01
202100016597,1,7,,0,2,1,5,A01
202100016597,2,7,,0,2,1,1,B01
202100016598,2,7,,0,2,1,1,A01
202100016598,1,32,,0,2,1,1,B01
202100016599,2,33,,0,2,1,2,A01
202100016599,2,7,,0,0,6,2,B01
202100016600,1,7,,0,2,1,13,A01
202100016600,2,7,,0,2,3,14,B01
202100016601,2,2,,0,1,3,5,A01
202100016602,1,10,,0,2,1,2,A01
202100016602,1,7,,0,2,4,2,B01
202100016602,1,7,,0,2,4,2,C01
202100016603,1,17,,0,2,4,2,B01
202100016603,1,10,,0,2,1,2,A01
202100016604,2,7,,4,0,1,1,A01
202100016605,1,7,,0,0,7,0,A01
202100016606,1,7,,0,2,1,14,A01
202100016606,1,14,,0,2,2,1,B01
202100016607,2,7,,0,2,0,1,A01
202100016608,2,7,,13,0,0,12,A01
202100016609,1,7,,4,0,0,11,A01
202100016610,2,7,,0,2,4,2,A01
202100016611,2,7,,4,0,1,1,A01
202100016612,2,7,,0,2,1,0,A01
202100016613,1,42,,0,2,7,1,A01
202100016614,1,7,,0,2,0,0,F01
202100016614,1,7,,0,2,4,1,E01
202100016614,1,7,,0,2,4,1,D01
202100016614,1,7,,0,2,4,1,C01
202100016614,1,7,,0,2,4,1,B01
202100016614,1,7,,0,2,1,1,A01
202100016615,2,31,,0,2,8,3,A01
202100016615,2,7,,0,2,7,12,B01
202100016616,2,10,,0,2,1,2,A01
202100016616,2,16,,0,0,4,1,B01
202100016617,3,7,,0,1,2,26,A01
202100016618,3,7,,0,1,2,20,A01
202100016619,0,7,,0,1,1,26,A01
202100016620,3,1,,0,2,1,2,B01
202100016620,3,7,,0,2,3,22,A01
202100016621,3,7,,0,2,6,4,A01
202100016621,3,33,,0,0,1,1,B01
202100016622,2,33,,6,0,9,1,A01
202100016623,1,7,,0,2,6,1,B01
202100016623,1,7,,0,2,2,14,A01
202100016624,2,7,,0,2,7,15,B01
202100016624,1,7,,0,2,5,19,A01
202100016625,1,32,,0,2,1,1,B01
202100016625,1,7,,0,2,7,10,A01
202100016626,2,7,,0,2,1,1,B01
202100016626,1,7,,0,2,5,1,A01
202100016627,2,31,,0,2,0,0,B01
202100016627,2,7,,0,2,7,19,A01
202100016628,1,7,,0,2,6,1,A01
202100016628,2,7,,0,2,3,11,C01
202100016628,1,32,,0,2,1,2,B01
202100016629,3,7,,0,1,6,4,A01
202100016630,3,60,,0,2,1,16,B01
202100016630,3,7,,0,2,1,15,A01
202100016631,1,43,,0,2,1,1,B01
202100016631,2,10,,0,2,2,15,A01
202100016632,1,7,,0,2,2,15,A01
202100016632,1,32,,0,2,1,26,B01
202100016633,1,7,,15,0,2,1,A01
202100016634,3,7,,0,2,1,1,A01
202100016634,3,7,,0,2,4,0,B01
202100016635,1,7,,0,2,3,13,A01
202100016635,1,7,,0,2,1,1,B01
202100016636,1,1,,0,2,2,19,B01
202100016636,3,7,,0,2,3,21,A01
202100016637,3,33,,0,2,7,1,B01
202100016637,3,7,,0,2,2,15,A01
202100016638,3,7,,0,2,4,9,A01
202100016638,3,7,,0,2,2,2,B01
202100016639,1,33,,16,0,7,1,A01
202100016640,2,7,,0,2,8,15,A01
202100016640,2,33,,0,2,1,17,B01
202100016641,1,7,,2,0,1,1,A01
202100016642,2,7,,0,2,3,9,A01
202100016642,1,1,,0,2,1,9,B01
202100016643,2,80,,0,2,1,15,A01
202100016643,2,7,,0,2,1,15,B01
202100016644,0,2,,0,0,0,0,B01
202100016644,3,7,,0,9,0,16,A01
202100016645,3,7,,0,2,2,0,B01
202100016645,3,7,,0,2,2,15,A01
202100016646,1,7,,0,2,1,26,B01
202100016646,1,7,,0,2,1,26,A01
202100016647,0,7,,0,1,2,1,A01
202100016648,1,7,,14,0,5,2,B01
202100016648,2,7,,0,2,1,1,A01
202100016649,1,7,,0,1,2,1,A01
202100016650,1,7,,0,2,7,17,Z01
202100016650,1,7,,0,2,8,0,B01
202100016650,1,7,,0,2,8,12,A01
202100016651,3,7,,0,2,4,23,D01
202100016651,3,7,,0,2,4,23,B01
202100016651,3,7,,0,2,4,23,C01
202100016651,1,7,,1,2,1,1,A01
202100016652,1,7,,3,0,1,13,A01
202100016653,1,30,,0,0,7,26,A01
202100016654,2,33,,0,2,5,15,B01
202100016654,2,7,,0,2,7,0,A01
202100016655,3,7,,0,2,5,9,A01
202100016655,3,33,,0,2,8,0,B01
202100016656,3,1,,0,2,4,26,A01
202100016656,3,7,,0,2,3,9,B01
202100016657,0,7,,0,2,1,15,A01
202100016657,0,32,,0,2,3,1,B01
202100016658,3,7,,0,2,0,0,C01
202100016658,3,7,,0,2,0,0,D01
202100016658,2,7,,1,2,1,13,A01
202100016658,1,7,,0,2,1,1,B01
202100016659,2,33,,1,0,7,1,A01
202100016660,0,7,,0,2,1,0,A01
202100016660,0,32,,0,2,1,0,B01
202100016661,1,30,,0,1,0,26,A01
202100016662,3,2,,0,2,1,1,A01
202100016662,3,7,,0,2,5,1,B01
202100016663,3,7,,0,1,2,1,A01
202100016664,1,7,,0,2,1,1,B01
202100016664,1,7,,0,2,3,10,A01
202100016665,3,7,,1,0,8,0,C01
202100016665,1,7,,1,0,1,9,A01
202100016665,2,13,,0,2,1,1,B01
202100016666,3,7,,0,1,3,1,A01
202100016667,2,33,,0,2,1,2,B01
202100016667,2,10,,0,2,6,15,A01
202100016668,1,7,,0,2,7,2,D01
202100016668,1,7,,0,2,5,2,C01
202100016668,1,34,,0,2,8,21,A01
202100016668,1,7,,0,2,2,12,B01
202100016669,1,31,,14,0,8,13,A01
202100016670,2,7,,0,1,2,1,A01
202100016671,1,7,,0,2,6,10,A01
202100016671,1,7,,0,2,2,1,B01
202100016672,1,7,,0,2,5,2,B01
202100016672,1,30,,0,2,1,2,A01
202100016673,2,30,,0,2,1,1,A01
202100016673,1,7,,0,2,0,1,Z01
202100016674,1,7,,0,2,4,23,B01
202100016674,1,7,,0,2,1,2,A01
202100016675,1,32,,0,0,0,1,A01
202100016676,1,1,,0,1,2,1,A01
202100016677,1,7,,0,1,3,1,A01
202100016678,1,7,,0,2,0,10,Z01
202100016678,2,7,,0,2,6,2,B01
202100016678,2,30,,0,2,1,2,A01
202100016679,1,30,,12,0,3,13,A01
202100016680,1,7,,0,2,2,15,Z01
202100016680,1,50,,0,2,0,1,A01
202100016681,1,7,,0,1,1,1,A01
202100016682,1,7,,0,1,1,13,A01
202100016683,2,7,,0,2,1,2,A01
202100016683,2,7,,0,2,4,1,B01
202100016683,2,7,,0,2,4,1,C01
202100016684,3,7,,0,2,7,2,B01
202100016684,3,30,,0,2,8,1,A01
202100016685,1,32,,0,0,0,18,A01
202100016686,2,7,,0,2,4,23,C01
202100016686,2,7,,0,2,4,2,B01
202100016686,2,7,,0,2,1,2,A01
202100016687,2,7,,0,2,1,1,B01
202100016687,3,33,,1,2,7,19,A01
202100016688,0,7,,0,2,8,17,B01
202100016688,0,31,,0,2,1,17,A01
202100016689,0,2,,0,2,1,5,B01
202100016689,0,7,,0,2,1,1,A01
202100016690,1,7,,0,1,1,1,A01
202100016691,1,7,,0,0,9,9,A01
202100016692,3,7,,2,0,2,14,A01
202100016693,2,32,,0,2,1,1,A01
202100016693,2,7,,0,2,3,9,B01
202100016694,2,7,,0,2,1,2,A01
202100016694,2,7,,0,0,9,23,B01
202100016694,2,7,,0,2,6,23,D01
202100016694,2,7,,0,2,6,23,E01
202100016694,2,7,,0,2,4,23,C01
202100016695,2,7,,0,2,1,2,A01
202100016695,2,7,,0,2,6,17,B01
202100016696,2,7,,0,2,2,1,B01
202100016696,1,7,,0,2,2,9,A01
202100016697,2,33,,0,0,0,1,A01
202100016698,2,15,,3,0,3,13,A01
202100016699,1,33,,0,0,0,17,A01
202100016700,1,1,,0,2,7,15,A01
202100016700,1,7,,0,9,3,9,B01
202100016701,1,33,,0,2,8,1,C01
202100016701,1,7,,0,2,1,19,A01
202100016701,1,33,,0,2,8,1,B01
202100016702,1,7,,9,1,2,1,A01
202100016703,2,7,,0,2,1,1,A01
202100016703,1,7,,0,2,1,17,B01
202100016703,1,7,,0,9,8,1,C01
202100016704,2,33,,0,2,1,13,A01
202100016704,2,33,,0,2,0,1,C01
202100016704,1,7,,0,2,1,1,D01
202100016704,1,7,,0,2,3,1,B01
202100016705,3,7,,0,2,8,1,B01
202100016705,3,7,,0,2,1,1,A01
202100016706,1,7,,0,2,1,2,B01
202100016706,1,7,,0,0,4,1,A01
202100016707,2,7,,0,2,1,1,B01
202100016707,2,7,,8,2,8,19,A01
202100016708,1,7,,0,2,1,1,A01
202100016708,2,7,,0,0,4,15,B01
202100016709,2,30,,0,2,3,1,B01
202100016709,1,7,,0,2,1,15,A01
202100016709,2,7,,0,2,1,23,C01
202100016710,1,7,,13,0,3,1,A01
202100016711,2,33,,0,2,1,17,B01
202100016711,2,7,,0,2,6,15,A01
202100016712,1,7,,13,0,9,14,A01
202100016713,0,33,,13,0,2,1,A01
202100016714,2,7,,0,1,1,1,A01
202100016715,2,7,,0,1,1,1,A01
202100016716,2,32,,0,2,1,13,A01
202100016716,1,10,,0,2,1,1,B01
202100016717,2,7,,0,2,3,1,A01
202100016717,1,7,,0,2,3,1,B01
202100016718,1,7,,2,0,1,14,A01
202100016719,2,7,,0,2,1,13,A01
202100016719,1,7,,0,2,2,1,B01
202100016720,1,7,,2,0,1,17,A01
202100016721,2,33,,10,0,8,17,A01
202100016722,1,2,,0,2,8,15,B01
202100016722,1,10,,0,2,7,17,A01
202100016723,1,7,,0,2,2,2,A01
202100016723,2,1,,0,0,3,2,B01
202100016724,1,7,,2,0,1,1,A01
202100016725,1,1,,0,2,1,1,A01
202100016725,2,7,,0,2,3,1,B01
202100016726,1,2,,0,2,1,1,A01
202100016726,2,7,,0,2,1,1,B01
202100016727,2,7,,0,2,5,1,B01
202100016727,2,31,,0,2,1,1,A01
202100016728,2,10,,0,2,1,26,A01
202100016728,2,15,,0,0,6,1,B01
202100016729,1,1,,0,2,1,1,B01
202100016729,3,7,,0,2,5,19,A01
202100016730,1,7,,0,1,3,1,A01
202100016731,3,7,,0,2,2,15,A01
202100016731,2,7,,0,2,8,1,B01
202100016732,1,7,,0,9,3,17,C01
202100016732,1,10,,0,2,1,2,A01
202100016732,1,17,,0,0,4,2,B01
202100016732,1,15,,0,9,0,13,D01
202100016732,1,7,,0,9,1,13,F01
202100016732,1,7,,0,9,2,13,E01
202100016733,2,7,,0,2,4,1,B01
202100016733,2,7,,0,2,8,21,C01
202100016733,2,7,,0,0,2,21,D01
202100016733,2,7,,14,0,8,1,E01
202100016733,2,7,,0,2,1,1,A01
202100016734,1,7,,8,0,0,12,A01
202100016735,2,2,,9,0,1,1,A01
202100016736,2,7,,0,2,3,1,A01
202100016736,2,7,,0,2,6,1,B01
202100016736,2,7,,0,2,3,1,C01
202100016737,1,7,,16,0,0,0,A01
202100016738,2,7,,0,2,3,1,B01
202100016738,1,7,,0,2,3,1,A01
202100016739,3,7,,0,1,6,4,A01
202100016740,1,7,,2,0,3,1,A01
202100016741,1,33,,0,0,8,1,A01
202100016742,1,33,,0,1,1,0,A01
202100016743,2,7,,0,9,1,19,A01
202100016743,1,1,,0,2,7,1,B01
202100016744,1,7,,2,0,1,1,A01
202100016745,0,7,,0,2,7,14,A01
202100016745,0,31,,0,2,1,19,B01
202100016746,1,7,,0,0,0,1,A01
202100016747,2,1,,0,2,8,26,B01
202100016747,2,10,,0,9,7,16,A01
202100016748,0,7,,0,1,2,2,A01
202100016749,2,50,,0,0,0,1,A01
202100016750,1,7,,0,2,1,15,A01
202100016750,2,7,,0,2,1,1,B01
202100016751,3,7,,0,2,1,1,A01
202100016751,3,7,,0,2,1,1,B01
202100016752,1,7,,3,0,3,1,A01
202100016753,2,7,,6,0,2,14,A01
202100016754,2,31,,0,2,4,1,A01
202100016754,2,7,,0,2,1,2,Z01
202100016755,1,7,,6,0,2,14,A01
202100016756,2,7,,0,2,5,1,A01
202100016756,2,7,,0,2,1,0,Z01
202100016757,1,7,,0,2,1,2,C01
202100016757,1,7,,0,2,4,23,B01
202100016757,1,7,,0,2,4,23,A01
202100016758,1,7,,0,2,1,2,A01
202100016758,1,7,,0,2,4,2,B01
202100016759,2,7,,0,2,8,11,A01
202100016759,2,43,,0,2,1,3,B01
202100016759,2,7,,0,2,7,1,C01
202100016760,2,10,,0,2,4,2,B01
202100016760,2,7,,0,2,1,2,A01
202100016761,1,7,,0,2,1,2,A01
202100016761,1,7,,0,2,4,2,B01
202100016761,1,7,,0,2,4,2,C01
202100016761,1,7,,0,2,4,2,D01
202100016762,1,31,,0,2,2,3,B01
202100016762,0,7,,0,0,0,0,A01
202100016763,1,7,,1,0,2,14,A01
202100016763,1,7,,0,2,6,23,B01
202100016764,1,7,,0,2,4,18,A01
202100016764,1,7,,0,2,1,2,B01
202100016765,1,7,,0,2,9,2,A01
202100016765,1,7,,0,2,4,2,B01
202100016765,1,7,,0,2,4,2,C01
202100016765,1,7,,0,2,4,2,D01
202100016766,1,7,,0,2,1,1,A01
202100016766,1,7,,0,2,4,2,B01
202100016767,1,7,,0,2,3,11,B01
202100016767,1,43,,0,2,7,3,A01
202100016768,2,7,,0,2,3,26,A01
202100016768,2,7,,0,2,3,26,B01
202100016768,2,7,,0,2,1,26,C01
202100016769,1,7,,0,2,7,12,A01
202100016769,1,33,,0,2,3,1,B01
202100016770,1,7,,0,2,1,13,A01
202100016770,2,7,,0,2,1,1,B01
202100016770,2,7,,0,0,0,0,C01
202100016771,1,2,,1,2,8,18,B01
202100016771,1,10,,1,2,7,12,A01
202100016772,2,7,,12,0,4,0,B01
202100016772,2,32,,0,2,1,1,A01
202100016773,1,7,,0,2,4,2,A01
202100016773,1,31,,0,2,1,1,B01
202100016774,1,7,,0,2,2,12,A01
202100016774,1,7,,0,2,3,11,B01
202100016775,3,14,,0,2,8,15,A01
202100016775,3,2,,0,2,5,16,B01
202100016776,2,7,,0,2,3,1,A01
202100016776,1,13,,0,2,3,1,B01
202100016777,1,7,,0,2,7,15,A01
202100016777,1,7,,0,2,1,1,B01
202100016778,3,7,,15,0,1,0,A01
202100016779,2,1,,0,9,1,5,B01
202100016779,1,7,,0,9,2,16,A01
202100016780,2,2,,0,0,7,15,B01
202100016780,1,7,,0,2,1,15,A01
202100016781,1,1,,0,2,4,1,C01
202100016781,1,7,,0,0,2,19,B01
202100016781,1,7,,0,2,8,18,A01
202100016782,1,50,,12,2,1,5,B01
202100016782,2,7,,12,2,1,1,A01
202100016783,2,7,,0,0,4,1,B01
202100016783,2,7,,0,2,3,2,A01
202100016784,1,7,,8,0,1,9,A01
202100016785,1,0,,0,1,1,1,A01
202100016786,0,7,,0,1,8,17,A01
202100016787,1,33,,0,2,1,1,B01
202100016787,1,7,,0,2,2,1,A01
202100016788,1,33,,2,0,1,26,A01
202100016789,2,33,,0,2,7,1,B01
202100016789,2,7,,0,2,3,15,A01
202100016790,1,7,,0,2,6,1,B01
202100016790,1,10,,0,2,2,21,A01
202100016791,3,7,,0,1,1,1,A01
202100016792,2,7,,0,2,5,1,B01
202100016792,1,34,,0,2,1,1,A01
202100016793,1,2,,0,2,2,17,B01
202100016793,1,7,,0,2,6,13,A01
202100016794,1,7,,0,1,2,17,B01
202100016795,1,7,,0,2,5,1,B01
202100016795,1,32,,0,2,3,1,A01
202100016796,1,33,,6,0,8,13,A01
202100016797,2,7,,0,2,1,2,A01
202100016797,2,7,,0,2,4,1,B01
202100016798,3,31,,0,2,4,1,B01
202100016798,3,7,,0,2,1,1,A01
202100016799,2,7,,0,2,8,1,B01
202100016799,3,7,,0,2,1,19,A01
202100016800,2,7,,0,2,1,1,B01
202100016800,1,33,,0,2,1,13,A01
202100016801,3,7,,0,2,3,15,A01
202100016801,3,33,,0,2,7,2,B01
202100016802,1,7,,0,2,1,2,A01
202100016802,1,1,,0,2,4,26,B01
202100016803,2,33,,0,0,0,26,A01
202100016804,3,7,,15,1,2,14,A01
202100016805,1,7,,0,1,8,16,A01
202100016806,3,43,,0,0,9,1,A01
202100016807,1,7,,0,1,3,1,A01
202100016808,3,7,,0,1,1,9,A01
202100016809,3,7,,0,2,6,1,B01
202100016809,2,10,,0,2,1,19,A01
202100016810,3,33,,0,2,8,1,A01
202100016810,3,7,,0,2,7,1,B01
202100016811,1,7,,0,2,4,1,B01
202100016811,1,7,,0,2,1,1,A01
202100016812,2,7,,0,2,1,9,A01
202100016812,2,33,,0,2,7,1,B01
202100016813,3,1,,0,2,8,19,B01
202100016813,3,7,,0,2,1,1,A01
202100016814,2,7,,0,2,2,15,B01
202100016814,2,33,,0,2,2,19,A01
202100016815,3,1,,0,2,1,26,A01
202100016815,3,3,,1,2,3,0,B01
202100016816,1,7,,0,1,1,1,A01
202100016817,1,7,,0,2,8,16,B01
202100016817,1,7,,0,2,1,1,A01
202100016818,2,34,,11,0,1,1,A01
202100016819,1,7,,1,2,6,26,A01
202100016820,0,7,,0,2,1,1,B01
202100016820,0,7,,0,2,5,1,A01
202100016821,1,7,,0,1,1,1,A01
202100016822,1,7,,0,1,3,1,A01
202100016823,3,7,,0,2,2,15,A01
202100016823,3,30,,0,2,1,1,B01
202100016824,1,7,,1,1,7,17,A01
202100016825,1,7,,0,2,1,2,A01
202100016825,1,7,,0,2,1,2,B01
202100016825,1,7,,0,2,4,2,C01
202100016826,1,7,,2,0,0,14,A01
202100016827,2,33,,0,0,7,16,A01
202100016828,3,7,,0,1,3,15,A01
202100016829,3,10,,0,2,3,1,A01
202100016829,3,2,,0,2,1,1,B01
202100016830,1,7,,0,2,8,13,B01
202100016830,1,32,,0,2,7,17,A01
202100016831,1,7,,0,1,0,0,A01
202100016832,1,7,,0,1,3,26,A01
202100016833,1,7,,0,2,5,1,B01
202100016833,1,30,,0,2,7,12,A01
202100016834,1,7,,0,2,3,15,A01
202100016834,1,1,,0,2,3,1,Y01
202100016835,3,7,,0,1,4,26,A01
202100016836,1,34,,0,2,7,17,B01
202100016836,2,7,,0,2,8,15,A01
202100016837,3,7,,0,2,1,1,A01
202100016837,3,7,,0,2,8,1,B01
202100016838,3,7,,0,1,2,1,A01
202100016839,1,7,,1,1,1,16,A01
202100016840,1,7,,0,1,3,26,A01
202100016841,2,7,,0,1,2,1,A01
202100016842,1,14,,0,1,1,1,A01
202100016843,1,7,,0,1,2,16,A01
202100016844,0,7,,0,0,0,0,A01
202100016845,0,7,,2,0,1,13,A01
202100016846,0,7,,0,0,0,0,Z01
202100016846,0,7,,0,2,7,1,A01
202100016847,0,15,,0,2,3,15,B01
202100016847,0,31,,0,2,1,17,A01
202100016848,1,7,,0,2,2,9,B01
202100016848,1,7,,0,2,3,1,A01
202100016849,3,33,,0,0,8,0,A01
202100016850,0,7,,0,2,1,1,A01
202100016850,0,7,,0,2,4,2,B01
202100016851,1,7,,1,0,1,5,A01
202100016852,3,33,,0,2,4,2,B01
202100016852,3,33,,0,2,1,2,A01
202100016853,1,7,,0,2,4,2,C01
202100016853,1,7,,0,2,1,2,Z01
202100016853,1,7,,0,2,4,2,B01
202100016854,1,7,,0,2,3,15,B01
202100016854,2,33,,0,2,1,21,A01
202100016855,1,2,,0,0,7,15,A01
202100016856,1,7,,0,2,1,1,A01
202100016856,1,7,,0,2,0,0,B01
202100016856,1,7,,0,2,0,0,C01
202100016857,1,7,,0,1,1,9,A01
202100016858,1,7,,0,1,1,9,A01
202100016859,2,33,,0,2,1,1,B01
202100016859,2,7,,0,2,4,16,A01
202100016860,1,33,,0,2,1,1,A01
202100016860,2,7,,0,2,3,9,B01
202100016861,2,7,,0,1,3,16,A01
202100016862,1,10,,0,2,7,16,A01
202100016862,1,2,,0,2,8,1,B01
202100016863,1,7,,9,2,8,10,A01
202100016863,2,33,,0,2,1,1,B01
202100016864,1,1,,0,2,8,13,B01
202100016864,1,7,,0,9,1,26,A01
202100016865,2,7,,0,1,1,26,A01
202100016866,1,7,,0,2,2,1,A01
202100016866,2,1,,0,2,1,19,B01
202100016867,1,33,,0,1,1,1,A01
202100016868,1,7,,8,0,2,14,A01
202100016869,1,7,,0,2,3,1,A01
202100016869,2,7,,0,2,1,15,B01
202100016870,1,7,,14,0,1,1,A01
202100016871,1,7,,0,2,3,1,A01
202100016871,2,33,,0,2,1,1,B01
202100016872,1,7,,0,2,2,15,A01
202100016872,2,31,,0,2,1,1,B01
202100016873,1,7,,0,2,8,15,Z01
202100016873,1,32,,0,2,7,1,B01
202100016874,1,7,,0,1,1,1,A01
202100016875,1,10,,0,1,3,15,A01
202100016876,1,7,,0,2,7,14,A01
202100016876,1,1,,0,2,0,18,B01
202100016877,1,7,,0,1,1,1,A01
202100016878,1,1,,0,2,3,1,B01
202100016878,1,7,,0,2,7,15,A01
202100016879,2,10,,0,2,1,2,A01
202100016879,2,7,,0,2,4,23,B01
202100016880,1,30,,0,2,1,17,A01
202100016880,1,7,,0,2,6,2,B01
202100016881,2,7,,0,2,3,16,B01
202100016881,2,34,,0,2,5,16,A01
202100016882,3,33,,0,2,2,17,B01
202100016882,3,7,,0,2,3,15,A01
202100016883,1,7,,8,0,2,1,A01
202100016884,3,33,,16,0,8,1,A01
202100016885,1,7,,1,0,2,1,A01
202100016885,1,7,,12,0,6,26,B01
202100016886,1,31,,0,2,4,9,B01
202100016886,1,7,,0,2,1,9,A01
202100016887,2,80,,1,2,3,2,B01
202100016887,1,7,,0,2,3,22,A01
202100016888,3,80,,1,9,3,26,B01
202100016888,3,7,,1,9,3,26,A01
202100016889,0,30,,0,1,1,0,A01
202100016890,1,7,,0,2,1,9,A01
202100016890,1,2,,0,2,7,1,B01
202100016891,3,7,,0,2,4,0,C01
202100016891,3,7,,0,2,4,1,B01
202100016891,3,10,,0,2,1,2,A01
202100016892,1,33,,0,1,1,1,A01
202100016893,1,7,,0,1,2,1,A01
202100016894,1,7,,1,0,1,26,A01
202100016895,2,7,,0,2,2,2,A01
202100016895,2,7,,0,2,4,2,B01
202100016896,1,7,,0,1,1,1,A01
202100016897,3,7,,0,0,0,0,A01
202100016897,1,33,,0,2,1,1,B01
202100016898,2,7,,0,2,3,10,A01
202100016898,2,50,,0,2,1,1,B01
202100016899,1,7,,0,2,1,23,C01
202100016899,1,7,,0,2,1,15,A01
202100016899,2,7,,0,2,1,1,B01
202100016900,0,50,,0,2,2,1,B01
202100016900,0,7,,0,2,3,9,A01
202100016901,0,7,,0,9,3,1,B01
202100016901,0,1,,0,2,1,9,A01
202100016902,2,7,,0,2,1,15,A01
202100016902,2,2,,0,2,8,1,B01
202100016903,1,7,,0,0,0,26,A01
202100016904,1,1,,0,2,8,26,A01
202100016904,1,1,,0,2,1,26,B01
202100016905,1,7,,0,2,0,26,A01
202100016905,1,1,,0,2,8,26,B01
202100016906,1,30,,0,2,1,26,B01
202100016906,1,7,,0,2,3,26,A01
202100016907,1,7,,0,2,1,26,A01
202100016907,1,31,,0,2,1,26,B01
202100016908,1,33,,0,2,6,26,B01
202100016908,1,7,,0,2,2,26,A01
202100016909,1,1,,0,2,0,26,A01
202100016909,1,7,,0,2,0,26,B01
202100016910,1,1,,0,2,3,15,B01
202100016910,1,7,,0,2,2,1,A01
202100016911,3,7,,0,2,4,2,B01
202100016911,3,7,,0,0,0,0,A01
202100016912,1,50,,0,2,8,1,A01
202100016912,1,10,,0,2,3,15,B01
202100016913,2,7,,0,2,8,15,A01
202100016913,2,10,,0,2,1,1,B01
202100016914,2,1,,0,2,1,1,B01
202100016914,1,7,,0,2,1,15,A01
202100016915,0,10,,0,9,3,1,A01
202100016915,0,1,,0,2,0,19,B01
202100016916,1,7,,8,0,1,9,A01
202100016917,1,50,,0,2,1,19,A01
202100016917,2,7,,0,2,2,16,B01
202100016918,0,32,,0,2,3,15,A01
202100016918,0,1,,0,0,0,0,B01
202100016919,0,14,,0,1,1,1,A01
202100016920,1,7,,0,2,1,1,B01
202100016920,1,7,,0,2,3,9,A01
202100016921,1,7,,0,2,3,15,A01
202100016921,1,2,,0,2,7,1,B01
202100016922,1,7,,0,2,1,26,Z01
202100016922,1,60,,0,2,4,0,B01
202100016923,1,7,,0,2,1,1,A01
202100016923,1,7,,14,2,4,1,B01
202100016924,3,7,,0,2,3,19,A01
202100016924,1,7,,0,2,2,1,B01
202100016925,1,7,,4,0,8,1,A01