Num_Acc,senc,catv,occutc,obs,obsm,choc,manv,num_veh
202100016926,0,7,,0,1,8,1,Z01
202100016927,3,7,,0,1,2,15,A01
202100016928,3,7,,0,2,1,1,A01
202100016928,3,1,,0,2,7,1,B01
202100016929,3,7,,0,2,6,19,B01
202100016929,3,50,,0,2,1,19,A01
202100016930,2,1,,0,1,1,7,Z01
202100016931,1,1,,0,2,2,25,A01
202100016931,1,7,,0,2,3,1,B01
202100016932,1,7,,0,0,9,14,A01
202100016933,0,7,,0,2,6,23,B01
202100016933,3,32,,0,2,1,2,A01
202100016934,1,7,,0,2,1,2,A01
202100016934,1,7,,0,2,4,1,B01
202100016935,3,7,,0,2,1,1,A01
202100016935,3,30,,0,2,1,1,B01
202100016936,3,31,,12,0,1,26,A01
202100016937,2,7,,0,2,5,15,A01
202100016937,1,33,,0,2,1,1,B01
202100016938,3,1,,0,2,0,1,A01
202100016938,3,7,,0,2,3,15,B01
202100016939,1,7,,0,2,0,15,Z01
202100016939,2,7,,0,2,3,1,A01
202100016940,2,7,,0,2,1,2,B01
202100016940,1,7,,0,2,2,15,A01
202100016941,1,60,,0,2,7,0,B01
202100016941,2,7,,0,2,1,1,A01
202100016942,3,30,,0,2,1,1,B01
202100016942,3,7,,0,2,2,1,A01
202100016943,2,2,,5,0,0,0,A01
202100016944,2,2,,13,0,0,0,A01
202100016945,2,10,,0,2,4,1,B01
202100016945,1,7,,0,2,1,1,A01
202100016946,0,7,,0,1,1,0,Z01
202100016947,1,33,,0,2,3,18,A01
202100016947,1,7,,0,2,2,16,B01
202100016948,2,17,,0,2,2,9,A01
202100016948,1,7,,0,2,8,1,B01
202100016948,1,7,,0,2,1,1,C01
202100016949,0,10,,1,0,3,15,A01
202100016950,1,32,,0,0,0,26,A01
202100016951,3,7,,0,2,3,15,A01
202100016951,3,33,,0,2,3,1,B01
202100016952,3,7,,1,0,1,14,A01
202100016953,2,7,,15,0,2,14,A01
202100016954,0,7,,0,2,1,1,A01
202100016955,1,40,,0,2,1,1,B01
202100016955,1,7,,0,4,3,15,A01
202100016956,2,80,,0,2,8,1,B01
202100016956,0,10,,0,2,7,1,A01
202100016957,1,7,,0,1,1,14,A01
202100016958,3,7,,0,2,1,24,B01
202100016958,3,7,,1,0,1,5,A01
202100016959,0,7,,0,2,1,1,A01
202100016959,0,7,,0,2,4,1,B01
202100016960,0,7,,0,2,4,1,B01
202100016960,0,7,,0,2,4,1,C01
202100016960,0,7,,0,2,1,1,A01
202100016961,0,14,,0,0,2,14,A01
202100016962,3,7,,0,2,1,26,B01
202100016962,3,1,,0,2,8,26,A01
202100016963,1,10,,0,1,1,1,A01
202100016964,2,7,,0,2,2,22,A01
202100016964,2,1,,1,0,1,26,B01
202100016965,1,1,,0,2,8,26,B01
202100016965,1,7,,0,9,8,26,A01
202100016966,2,1,,0,2,8,1,B01
202100016966,2,7,,0,2,7,17,A01
202100016967,3,30,,0,2,1,1,A01
202100016967,3,7,,0,2,7,0,B01
202100016968,1,1,,0,2,7,25,B01
202100016968,1,7,,0,2,3,19,A01
202100016969,1,7,,0,2,3,13,A01
202100016969,1,33,,0,2,7,3,B01
202100016970,1,10,,0,2,2,17,A01
202100016970,1,7,,0,2,3,11,B01
202100016971,1,7,,0,2,0,0,A01
202100016971,1,7,,0,2,9,1,B01
202100016971,1,7,,0,2,4,1,C01
202100016972,3,1,,0,2,1,5,B01
202100016972,3,7,,0,2,3,16,A01
202100016973,1,7,,0,0,0,26,A01
202100016974,3,7,,0,2,8,15,A01
202100016974,2,37,1.0,0,2,1,1,B01
202100016975,2,7,,0,1,3,26,A01
202100016976,1,33,,2,2,1,11,B01
202100016976,1,7,,0,2,8,15,A01
202100016977,1,7,,0,2,1,1,B01
202100016977,2,7,,0,2,1,15,A01
202100016978,1,34,,0,2,7,17,B01
202100016978,1,7,,0,2,3,15,Z01
202100016979,1,7,,0,2,3,16,A01
202100016979,1,34,,0,2,2,1,B01
202100016980,1,7,,0,2,7,19,B01
202100016980,2,7,,0,2,1,1,Z01
202100016981,2,7,,0,2,2,19,A01
202100016981,1,7,,0,2,2,15,B01
202100016982,2,7,,0,2,9,17,A01
202100016982,1,7,,0,2,1,1,B01
202100016983,1,7,,0,2,1,15,Z01
202100016983,1,31,,0,2,4,15,B01
202100016984,2,10,,0,1,8,9,A01
202100016985,1,43,,0,2,1,2,A01
202100016985,1,30,,0,2,3,15,Y01
202100016986,1,7,,0,2,2,19,A01
202100016986,1,34,,0,2,1,1,B01
202100016987,1,7,,0,1,0,0,Z01
202100016988,1,7,,0,2,0,13,A01
202100016988,1,33,,0,2,8,2,B01
202100016989,3,7,,0,1,1,15,A01
202100016990,3,7,,0,2,1,1,A01
202100016990,3,10,,0,2,4,1,B01
202100016991,1,2,,0,2,1,26,A01
202100016991,1,7,,0,0,4,1,B01
202100016992,3,37,2.0,0,2,2,1,B01
202100016992,1,7,,0,2,4,4,A01
202100016993,1,7,,0,1,2,16,A01
202100016994,3,7,,0,2,4,2,B01
202100016994,3,33,,0,2,1,0,A01
202100016995,1,30,,0,2,7,18,A01
202100016995,1,7,,0,2,7,14,B01
202100016996,2,30,,0,0,1,1,A01
202100016997,1,2,,0,2,1,3,B01
202100016997,1,7,,0,2,1,1,A01
202100016998,1,30,,0,2,1,1,A01
202100016998,1,7,,0,2,6,1,B01
202100016999,2,30,,12,0,1,14,A01
202100017000,1,7,,0,2,1,2,A01
202100017000,1,7,,0,2,4,1,B01
202100017001,1,43,,0,2,3,13,A01
202100017001,1,7,,0,2,5,1,B01
202100017002,2,7,,0,2,7,12,A01
202100017002,2,31,,0,2,8,3,B01
202100017003,1,7,,0,2,8,11,A01
202100017003,1,33,,0,2,7,1,B01
202100017004,2,7,,0,2,1,2,A01
202100017004,2,10,,0,2,4,2,B01
202100017005,1,10,,0,2,6,1,B01
202100017005,1,33,,0,2,1,12,A01
202100017006,2,32,,0,2,2,11,A01
202100017006,2,10,,0,2,5,1,B01
202100017007,1,7,,0,2,1,2,A01
202100017007,1,7,,0,2,4,2,B01
202100017007,1,7,,0,2,6,2,C01
202100017008,2,33,,3,0,1,21,A01
202100017009,1,34,,0,2,8,18,A01
202100017009,1,7,,0,2,7,1,B01
202100017010,1,32,,0,2,6,3,B01
202100017010,1,10,,0,2,8,1,C01
202100017010,1,10,,0,2,5,1,D01
202100017010,1,7,,0,2,2,12,A01
202100017011,1,7,,0,2,6,12,Z01
202100017011,1,33,,0,2,2,3,A01
202100017012,1,7,,0,2,6,1,C01
202100017012,1,7,,0,2,6,1,B01
202100017012,1,7,,0,2,2,11,A01
202100017013,2,7,,0,2,8,1,B01
202100017013,2,7,,0,2,2,14,A01
202100017014,2,7,,0,2,4,1,B01
202100017014,2,33,,0,2,0,16,A01
202100017015,1,32,,0,0,0,1,A01
202100017016,2,31,,0,2,1,15,A01
202100017016,1,1,,0,2,1,1,B01
202100017017,1,7,,11,1,0,13,A01
202100017018,3,30,,12,0,7,14,A01
202100017019,2,7,,7,0,1,13,Z01
202100017020,2,1,,0,0,1,1,A01
202100017021,1,33,,0,2,1,1,B01
202100017021,1,1,,0,2,6,1,A01
202100017022,1,33,,0,2,0,9,A01
202100017022,1,32,,0,2,7,17,B01
202100017023,2,33,,0,2,3,2,A01
202100017023,2,7,,0,2,5,23,B01
202100017024,1,7,,1,0,2,14,A01
202100017025,2,32,,0,2,8,1,B01
202100017025,1,7,,0,2,2,15,A01
202100017026,2,50,,0,2,1,1,A01
202100017026,2,7,,0,2,5,16,B01
202100017027,2,10,,0,2,8,13,Z01
202100017027,2,32,,0,2,7,1,A01
202100017028,2,10,,0,2,2,16,A01
202100017028,2,50,,0,2,3,1,B01
202100017029,2,10,,0,1,3,15,A01
202100017030,0,7,,0,1,4,4,A01
202100017031,2,43,,0,2,5,17,B01
202100017031,2,7,,0,2,3,15,A01
202100017032,1,30,,0,2,1,17,B01
202100017032,1,7,,0,2,3,15,A01
202100017033,3,33,,0,2,1,1,B01
202100017033,3,7,,0,2,7,1,A01
202100017034,2,7,,0,1,1,9,A01
202100017035,1,7,,0,1,1,1,A01
202100017036,2,7,,0,1,2,1,A01
202100017037,1,34,,0,0,0,21,A01
202100017038,1,1,,0,1,1,1,A01
202100017039,1,33,,0,0,0,17,A01
202100017040,1,7,,0,1,2,1,A01
202100017041,3,33,,12,0,1,13,A01
202100017042,1,7,,0,1,1,15,A01
202100017043,1,7,,0,2,4,12,A01
202100017043,1,34,,0,2,1,1,B01
202100017044,2,1,,0,1,1,1,A01
202100017045,1,50,,0,2,8,1,B01
202100017045,1,7,,0,2,5,16,A01
202100017046,1,33,,0,2,5,13,A01
202100017046,1,7,,0,2,3,23,B01
202100017047,2,1,,0,2,1,13,A01
202100017047,1,50,,0,2,1,1,B01
202100017048,2,50,,0,1,1,1,A01
202100017049,2,15,,0,2,5,14,Z01
202100017049,2,34,,0,2,3,1,A01
202100017050,1,7,,0,2,6,9,A01
202100017050,2,30,,0,2,2,1,B01
202100017051,1,7,,0,2,3,22,A01
202100017051,1,80,,0,2,1,1,B01
202100017052,2,30,,0,1,3,17,Z01
202100017053,2,30,,0,2,1,1,A01
202100017053,2,7,,0,2,2,1,B01
202100017054,2,7,,0,1,7,1,A01
202100017055,1,2,,0,2,1,8,Z01
202100017055,2,50,,0,2,1,15,A01
202100017056,2,1,,0,2,5,19,Z01
202100017056,2,30,,0,2,1,1,A01
202100017057,1,7,,0,2,2,16,A01
202100017057,1,50,,0,2,1,1,B01
202100017058,1,7,,0,2,3,15,A01
202100017058,2,1,,0,2,1,5,B01
202100017059,3,1,,0,2,1,1,B01
202100017059,1,7,,0,2,1,5,A01
202100017060,1,10,,0,2,3,22,A01
202100017060,1,1,,0,2,1,1,B01
202100017061,1,32,,0,0,0,15,Z01
202100017062,2,7,,0,2,1,2,Z01
202100017062,2,7,,0,2,4,23,B01
202100017062,2,7,,0,2,4,23,A01
202100017063,1,32,,0,2,2,1,B01
202100017063,1,7,,0,2,3,9,A01
202100017064,1,30,,0,2,5,17,A01
202100017064,1,7,,0,2,0,15,Z01
202100017065,2,10,,0,1,4,4,A01
202100017066,2,30,,0,2,2,1,B01
202100017066,2,7,,0,2,3,9,A01
202100017067,2,1,,0,1,1,1,A01
202100017068,1,10,,0,1,1,15,A01
202100017069,2,10,,0,2,8,22,A01
202100017069,2,1,,0,2,1,1,B01
202100017070,1,30,,0,2,3,1,B01
202100017070,1,7,,0,2,2,12,A01
202100017071,1,7,,11,0,3,13,A01
202100017072,2,80,,12,2,1,13,A01
202100017073,2,7,,0,2,7,16,B01
202100017073,2,31,,0,2,1,1,A01
202100017074,1,7,,0,2,1,10,A01
202100017074,2,43,,0,2,6,1,B01
202100017075,1,80,,0,1,3,1,A01
202100017076,1,1,,0,2,7,9,A01
202100017076,2,80,,0,2,7,1,B01
202100017077,2,1,,0,2,0,1,A01
202100017077,2,7,,0,2,0,14,Z01
202100017078,1,10,,0,2,2,16,Z01
202100017078,1,32,,0,2,3,18,A01
202100017079,1,10,,0,1,3,15,A01
202100017080,2,32,,1,2,1,13,A01
202100017081,2,32,,4,0,2,14,A01
202100017082,1,1,,0,1,1,1,A01
202100017083,1,7,,0,2,1,1,B01
202100017083,1,7,,0,9,4,23,A01
202100017084,2,7,,0,2,3,20,A01
202100017084,2,7,,0,0,2,1,B01
202100017085,1,33,,0,2,0,0,B01
202100017085,2,10,,0,2,0,0,A01
202100017086,1,7,,0,2,1,1,A01
202100017086,3,60,,0,2,1,19,Y01
202100017087,2,7,,0,2,6,26,A01
202100017087,2,32,,0,2,1,26,B01
202100017088,2,10,,0,2,6,10,A01
202100017088,2,33,,0,2,6,1,B01
202100017089,2,10,,0,1,2,17,A01
202100017090,1,10,,0,2,7,15,A01
202100017090,2,43,,0,2,1,1,B01
202100017091,2,10,,0,2,1,2,A01
202100017091,2,43,,0,2,8,2,B01
202100017092,1,7,,0,2,3,15,B01
202100017092,1,32,,0,2,2,17,A01
202100017093,1,30,,0,2,6,18,A01
202100017093,1,7,,0,2,5,1,B01
202100017094,2,7,,12,-1,2,1,A01
202100017095,2,30,,0,2,1,1,A01
202100017095,1,7,,0,2,3,15,B01
202100017096,1,7,,0,2,2,17,A01
202100017096,1,33,,0,2,8,15,B01
202100017097,3,13,,0,1,7,2,A01
202100017098,2,37,1.0,0,2,1,2,B01
202100017098,2,33,,14,2,1,17,A01
202100017099,1,7,,12,0,3,19,A01
202100017100,2,30,,0,2,1,1,B01
202100017100,1,7,,0,2,1,15,A01
202100017101,1,7,,0,2,8,1,B01
202100017101,3,7,,0,2,1,1,A01
202100017102,3,7,,0,2,1,2,B01
202100017102,3,7,,0,2,7,15,A01
202100017103,2,10,,0,2,3,2,A01
202100017103,2,1,,0,2,4,2,B01
202100017104,3,10,,0,1,4,26,A01
202100017105,3,2,,0,2,7,2,B01
202100017105,2,7,,0,2,6,15,A01
202100017106,2,7,,8,2,1,15,B01
202100017106,1,31,,0,2,8,1,A01
202100017107,1,7,,0,2,7,1,A01
202100017107,1,1,,0,2,1,13,B01
202100017108,1,7,,0,1,7,1,A01
202100017109,2,7,,0,2,0,2,B01
202100017109,2,7,,0,2,1,2,A01
202100017110,1,7,,0,1,2,1,A01
202100017111,2,34,,0,2,7,1,B01
202100017111,2,7,,0,2,3,13,A01
202100017112,1,7,,0,2,3,15,A01
202100017112,2,1,,0,2,8,0,B01
202100017113,0,7,,0,2,1,1,B01
202100017113,3,7,,0,2,8,15,A01
202100017114,0,7,,0,1,2,26,A01
202100017115,0,7,,0,1,4,24,A01
202100017116,1,13,,0,9,3,16,A01
202100017117,3,7,,0,2,1,15,B01
202100017117,3,33,,8,0,3,1,A01
202100017118,1,7,,0,2,1,9,A01
202100017118,2,7,,0,2,8,1,B01
202100017119,1,7,,0,1,1,1,A01
202100017120,2,7,,0,1,2,1,A01
202100017121,2,7,,0,1,3,1,A01
202100017122,2,33,,0,2,1,1,B01
202100017122,2,7,,0,2,0,0,A01
202100017123,1,7,,0,1,1,15,A01
202100017124,1,32,,3,0,2,1,A01
202100017125,1,7,,0,2,6,10,A01
202100017125,1,50,,0,2,1,1,B01
202100017126,0,7,,0,1,1,1,A01
202100017127,1,80,,0,2,7,1,B01
202100017127,1,13,,3,0,7,26,A01
202100017128,3,33,,0,2,8,1,B01
202100017128,3,10,,0,2,0,0,A01
202100017129,1,30,,0,2,1,1,B01
202100017129,1,7,,0,2,3,1,A01
202100017130,1,2,,0,0,0,0,B01
202100017130,0,7,,0,0,1,15,A01
202100017131,1,7,,1,2,2,17,A01
202100017131,2,7,,0,2,2,1,B01
202100017132,1,7,,0,2,3,9,A01
202100017132,1,32,,0,2,1,17,B01
202100017133,1,7,,12,0,1,14,A01
202100017133,1,31,,12,0,8,2,B01
202100017134,1,7,,0,1,1,1,A01
202100017135,1,50,,15,0,7,26,A01
202100017136,3,34,,0,2,3,26,A01
202100017136,1,7,,0,2,2,15,B01
202100017137,0,7,,0,1,0,9,A01
202100017138,3,1,,0,2,4,11,B01
202100017138,3,32,,0,2,1,1,A01
202100017139,3,33,,0,2,3,3,B01
202100017139,3,10,,0,2,5,1,A01
202100017140,1,7,,0,1,0,9,A01
202100017141,1,2,,0,0,0,0,B01
202100017141,1,7,,0,2,2,14,A01
202100017142,1,7,,0,2,3,15,B01
202100017142,1,7,,0,2,2,15,A01
202100017143,1,1,,0,9,7,26,B01
202100017143,2,1,,0,9,1,26,A01
202100017144,1,30,,0,2,2,9,A01
202100017144,1,7,,0,2,2,9,B01
202100017145,1,7,,0,2,3,9,A01
202100017145,1,2,,0,2,1,1,B01
202100017146,1,7,,0,1,1,26,A01
202100017147,2,43,,0,1,3,1,A01
202100017148,3,10,,0,1,4,4,A01
202100017149,1,30,,0,2,1,1,A01
202100017149,1,99,,0,2,3,15,B01
202100017150,1,37,1.0,1,1,2,26,A01
202100017151,2,33,,0,2,1,17,A01
202100017151,2,7,,0,2,4,15,B01
202100017152,2,33,,8,0,0,1,A01
202100017153,2,21,,0,0,8,1,A01
202100017154,1,3,,13,0,2,1,A01
202100017155,2,2,,0,2,1,13,A01
202100017155,1,10,,0,2,2,1,B01
202100017156,1,7,,7,0,3,13,A01
202100017157,1,31,,14,0,1,1,A01
202100017158,1,33,,0,2,1,13,A01
202100017158,2,7,,0,9,8,1,B01
202100017159,1,7,,1,0,1,14,A01
202100017159,1,13,,1,2,4,24,B01
202100017160,2,33,,13,0,1,13,A01
202100017161,3,7,,0,2,2,15,A01
202100017161,1,7,,0,2,3,1,B01
202100017162,1,7,,0,2,1,2,A01
202100017162,1,2,,0,2,4,23,B01
202100017163,2,7,,0,0,7,15,A01
202100017163,2,34,,0,2,8,1,B01
202100017164,1,1,,0,2,8,1,B01
202100017164,1,7,,0,2,7,21,A01
202100017165,2,7,,3,0,2,1,A01
202100017166,1,7,,0,2,3,15,A01
202100017166,2,10,,0,2,3,1,B01
202100017167,1,33,,0,2,3,1,A01
202100017167,2,7,,0,2,3,17,B01
202100017168,2,7,,0,2,2,17,A01
202100017168,1,1,,0,2,1,1,B01
202100017168,1,1,,0,0,0,1,C01
202100017168,1,1,,0,0,0,1,D01
202100017168,1,1,,0,2,1,1,E01
202100017168,1,1,,0,0,0,1,F01
202100017168,1,1,,0,0,0,1,G01
202100017168,1,1,,0,0,0,1,H01
202100017168,2,7,,0,0,0,1,I01
202100017169,2,7,,3,0,7,1,A01
202100017170,3,33,,0,0,2,1,A01
202100017171,1,2,,8,0,1,1,A01
202100017172,2,14,,0,2,0,1,B01
202100017172,1,2,,0,2,3,1,A01
202100017173,2,0,,0,0,0,2,A01
202100017174,1,7,,0,2,8,15,B01
202100017174,1,33,,0,2,7,17,A01
202100017175,3,7,,0,2,2,15,B01
202100017175,1,34,,0,2,1,1,A01
202100017176,2,2,,0,0,3,2,A01
202100017177,1,7,,8,0,7,1,A01
202100017178,1,7,,0,2,1,13,A01
202100017178,2,2,,0,2,1,1,B01
202100017179,1,7,,0,2,3,1,A01
202100017179,1,7,,0,0,6,9,B01
202100017180,3,2,,14,2,8,1,A01
202100017181,3,7,,0,1,2,1,A01
202100017182,0,7,,0,9,3,9,A01
202100017182,0,2,,0,2,2,1,B01
202100017183,2,7,,0,2,6,1,B01
202100017183,1,33,,0,2,8,13,A01
202100017184,2,10,,0,2,2,17,A01
202100017184,2,21,,0,2,6,26,B01
202100017185,3,21,,0,0,7,1,A01
202100017186,2,7,,0,2,8,1,D01
202100017186,2,7,,0,2,1,1,C01
202100017186,1,7,,0,2,3,1,B01
202100017186,2,7,,0,2,3,17,A01
202100017187,1,7,,0,2,8,15,A01
202100017187,1,33,,0,2,9,17,B01
202100017188,2,7,,4,0,2,0,A01
202100017189,2,7,,0,2,1,1,B01
202100017189,1,7,,0,2,1,1,A01
202100017190,1,7,,8,0,2,14,A01
202100017191,3,7,,0,2,6,19,A01
202100017191,3,2,,0,2,1,1,B01
202100017192,2,1,,0,2,8,1,B01
202100017192,1,7,,0,9,1,1,A01
202100017193,2,10,,0,1,3,1,A01
202100017194,2,7,,0,2,3,1,B01
202100017194,1,7,,0,2,3,1,A01
202100017195,1,10,,0,6,2,1,A01
202100017196,3,21,,0,2,6,1,B01
202100017196,3,2,,0,2,1,16,A01
202100017197,3,7,,2,0,1,1,A01
202100017198,1,7,,6,0,1,1,A01
202100017199,1,7,,0,2,3,1,B01
202100017199,2,7,,0,2,3,17,A01
202100017200,2,7,,13,0,1,13,A01
202100017201,1,7,,13,0,1,13,A01
202100017202,1,7,,13,0,1,14,A01
202100017203,1,99,,0,0,4,2,B01
202100017203,0,7,,0,9,2,2,A01
202100017204,2,10,,0,1,1,1,A01
202100017205,1,7,,6,0,1,1,A01
202100017206,1,7,,0,0,1,14,A01
202100017207,2,7,,0,2,8,15,B01
202100017207,1,7,,0,2,3,1,A01
202100017208,1,2,,0,0,0,1,A01
202100017209,3,7,,0,1,6,1,A01
202100017210,3,7,,2,0,1,13,A01
202100017211,2,7,,2,0,2,13,A01
202100017212,1,33,,9,0,3,14,A01
202100017213,2,7,,0,2,3,1,B01
202100017213,1,7,,0,2,3,13,A01
202100017214,1,7,,0,1,3,1,A01
202100017215,3,7,,2,0,3,14,A01
202100017216,3,7,,13,0,1,1,A01
202100017217,3,7,,13,0,2,14,A01
202100017218,1,33,,0,0,9,2,A01
202100017219,1,7,,0,1,1,1,A01
202100017220,0,2,,0,0,7,1,A01
202100017221,2,7,,0,1,2,1,A01
202100017222,1,2,,0,2,1,1,B01
202100017222,2,10,,0,2,2,1,A01
202100017223,2,7,,0,2,6,15,A01
202100017223,1,2,,0,2,1,9,B01
202100017224,3,80,,0,2,3,1,B01
202100017224,3,7,,0,2,3,1,A01
202100017225,3,2,,0,2,1,1,A01
202100017225,3,10,,0,2,7,15,B01
202100017226,1,80,,0,2,2,1,B01
202100017226,1,7,,0,2,3,9,E01
202100017227,1,1,,0,2,7,1,A01
202100017227,2,7,,0,2,1,1,B01
202100017228,1,7,,7,0,0,1,A01
202100017229,1,7,,0,2,1,15,A01
202100017229,2,2,,0,2,8,2,B01
202100017230,3,7,,12,0,3,15,A01
202100017230,2,7,,8,0,2,1,B01
202100017231,1,30,,0,6,2,1,A01
202100017232,0,7,,0,2,3,9,B01
202100017232,1,33,,0,2,2,17,A01
202100017233,2,7,,0,2,1,1,B01
202100017233,1,7,,0,2,0,13,A01
202100017234,1,31,,0,0,1,13,A01
202100017235,2,7,,8,2,2,5,B01
202100017235,1,7,,0,2,1,1,A01
202100017236,3,21,,0,2,7,15,A01
202100017236,2,7,,0,2,1,1,B01
202100017237,0,80,,0,0,0,0,A01
202100017238,2,7,,13,0,9,1,A01
202100017239,1,7,,0,0,3,1,A01
202100017239,3,21,,0,0,3,19,B01
202100017240,2,31,,8,0,2,1,A01
202100017241,2,21,,0,2,6,1,B01
202100017241,1,33,,0,2,0,13,A01
202100017242,3,80,,0,2,1,1,B01
202100017242,3,10,,0,2,3,9,A01
202100017243,2,7,,16,0,0,0,A01
202100017244,1,7,,0,0,6,19,A01
202100017244,1,7,,0,2,1,1,B01
202100017245,0,3,,0,1,0,26,A01
202100017246,2,31,,0,5,1,1,A01
202100017247,3,1,,0,0,0,0,A01
202100017248,2,33,,13,0,1,1,A01
202100017249,1,7,,2,0,1,1,A01
202100017250,1,7,,5,0,2,21,A01
202100017251,0,2,,0,6,1,1,A01
202100017252,1,10,,0,2,1,1,A01
202100017252,3,7,,0,2,8,9,B01
202100017253,3,7,,0,4,7,1,A01
202100017253,3,39,,0,2,1,1,B01
202100017254,2,7,,0,2,1,1,B01
202100017254,2,7,,0,0,8,19,A01
202100017255,2,10,,0,2,2,2,A01
202100017255,2,33,,0,0,4,2,B01
202100017256,1,33,,0,0,7,1,A01
202100017257,1,1,,0,9,1,2,C01
202100017257,1,1,,0,2,8,2,B01
202100017257,1,99,,0,9,5,2,A01
202100017258,2,7,,13,0,3,1,A01
202100017259,2,7,,7,2,3,1,B01
202100017259,1,7,,0,2,3,19,A01
202100017260,2,7,,0,0,0,1,A01
202100017261,1,0,,0,2,0,2,A01
202100017261,1,1,,0,2,4,1,B01
202100017262,1,7,,0,2,1,0,A01
202100017262,2,7,,0,2,3,1,B01
202100017263,1,33,,3,0,1,17,A01
202100017264,1,31,,2,0,3,1,A01
202100017265,2,7,,2,0,1,1,A01
202100017266,2,7,,0,1,1,0,A01
202100017267,3,7,,0,2,8,1,B01
202100017267,3,10,,0,2,2,9,A01
202100017268,2,10,,9,2,3,14,B01
202100017268,1,7,,0,2,3,17,A01
202100017269,2,7,,13,0,1,1,A01
202100017270,1,7,,0,0,0,5,A01
202100017271,1,7,,0,0,9,1,A01
202100017272,2,33,,0,2,2,21,B01
202100017272,1,21,,0,2,8,26,A01
202100017273,1,33,,0,2,1,1,B01
202100017273,2,7,,0,2,5,15,A01
202100017274,2,33,,0,2,1,13,A01
202100017274,1,33,,0,2,3,13,B01
202100017275,1,7,,13,0,1,14,A01
202100017276,1,2,,0,2,2,1,A01
202100017276,2,7,,0,2,3,0,B01
202100017277,1,7,,0,2,2,1,A01
202100017277,1,7,,0,2,6,1,B01
202100017278,0,7,,0,9,0,0,B01
202100017279,2,7,,0,0,3,2,C01
202100017279,2,7,,0,2,2,1,B01
202100017279,1,7,,0,2,2,1,A01
202100017280,2,7,,0,2,1,2,A01
202100017280,2,7,,3,2,4,2,B01
202100017281,2,33,,4,0,3,2,B01
202100017281,2,33,,4,0,0,2,A01
202100017282,2,37,1.0,0,2,3,5,B01
202100017282,1,7,,0,2,3,5,A01
202100017283,2,7,,13,0,3,1,A01
202100017284,2,7,,0,2,1,2,A01
202100017284,2,7,,0,2,4,2,B01
202100017284,2,7,,0,2,4,2,C01
202100017285,2,7,,0,2,1,13,A01
202100017285,1,15,,0,2,1,1,B01
202100017286,2,14,,0,2,7,19,A01
202100017286,2,33,,0,2,1,1,B01
202100017287,2,7,,13,0,8,17,A01
202100017288,0,7,,6,1,1,15,A01
202100017289,2,7,,0,2,1,2,A01
202100017289,2,7,,0,2,4,2,B01
202100017289,2,7,,0,0,4,2,C01
202100017290,2,2,,0,2,1,17,B01
202100017290,2,7,,0,0,3,15,A01
202100017291,3,7,,0,2,6,1,B01
202100017291,3,30,,0,2,1,13,A01
202100017292,0,7,,0,2,2,1,B01
202100017292,0,2,,0,2,1,13,A01
202100017293,1,7,,0,2,2,13,A01
202100017293,1,2,,0,2,1,1,B01
202100017294,2,32,,0,2,3,23,B01
202100017294,2,7,,0,2,2,14,A01
202100017295,2,7,,0,0,6,15,A01
202100017295,1,33,,0,2,1,17,B01
202100017296,1,7,,8,0,9,1,A01
202100017297,1,7,,0,0,9,1,A01
202100017298,1,43,,0,2,4,1,A01
202100017298,1,7,,3,2,1,0,B01
202100017299,3,7,,0,2,3,5,A01
202100017299,3,7,,0,2,3,1,B01
202100017300,1,7,,0,2,3,13,A01
202100017300,2,7,,0,2,3,1,B01
202100017301,1,7,,0,2,1,2,A01
202100017301,1,31,,0,2,4,2,B01
202100017302,1,10,,0,2,3,1,B01
202100017302,2,2,,0,2,1,1,A01
202100017303,1,7,,15,0,1,14,A01
202100017304,2,33,,10,0,1,1,A01
202100017305,2,33,,0,2,0,0,A01
202100017305,0,99,,0,2,0,19,B01
202100017306,2,33,,2,0,3,1,A01
202100017307,1,7,,0,2,2,17,A01
202100017307,2,7,,0,2,2,1,B01
202100017308,1,7,,0,2,1,1,C01
202100017308,1,14,,0,2,8,1,B01
202100017308,2,7,,0,2,1,1,A01
202100017309,1,7,,0,2,1,1,B01
202100017309,2,7,,0,2,7,15,A01
202100017310,1,7,,0,2,8,19,A01
202100017310,1,7,,0,2,1,1,B01
202100017311,1,7,,3,0,1,14,A01
202100017312,1,7,,0,2,3,13,A01
202100017312,2,7,,0,2,0,0,B01
202100017312,2,7,,0,2,1,0,C01
202100017312,1,7,,1,0,8,0,D01
202100017313,2,33,,0,0,8,1,A01
202100017314,2,31,,12,0,0,1,A01
202100017315,2,7,,0,0,6,17,B01
202100017315,2,33,,2,2,1,17,A01
202100017316,1,7,,0,1,2,2,A01
202100017317,1,7,,2,0,1,1,A01
202100017318,0,7,,0,1,1,26,A01
202100017319,1,1,,0,2,7,1,B01
202100017319,2,7,,0,9,2,15,A01
202100017320,3,2,,0,0,0,26,A01
202100017321,0,7,,0,2,2,1,B01
202100017321,3,7,,0,2,3,1,A01
202100017322,1,7,,0,0,8,1,B01
202100017322,1,7,,0,2,1,19,A01
202100017323,1,7,,0,2,3,1,A01
202100017323,2,7,,0,2,2,15,B01
202100017324,1,7,,0,2,8,19,A01
202100017324,2,33,,0,2,1,1,B01
202100017325,3,7,,0,9,3,1,A01