Num_Acc,senc,catv,occutc,obs,obsm,choc,manv,num_veh
202100017325,3,1,,0,2,1,19,B01
202100017326,2,7,,13,0,1,17,A01
202100017327,2,7,,0,1,2,1,A01
202100017328,1,7,,0,2,1,17,B01
202100017328,2,33,,0,2,1,1,A01
202100017329,1,7,,13,0,3,0,A01
202100017329,1,10,,13,0,5,0,B01
202100017330,2,15,,0,2,1,1,B01
202100017330,2,10,,0,0,4,15,A01
202100017331,1,7,,0,0,2,1,B01
202100017332,1,7,,6,0,1,1,A01
202100017333,2,7,,8,0,9,13,A01
202100017334,0,7,,0,1,2,1,A01
202100017335,2,7,,0,2,3,13,B01
202100017335,2,7,,0,2,6,13,A01
202100017336,3,7,,0,2,6,2,B01
202100017336,3,2,,0,2,1,9,A01
202100017337,1,1,,0,0,0,1,C01
202100017337,1,1,,0,9,0,1,A01
202100017337,1,1,,0,0,0,1,B01
202100017337,1,1,,0,0,0,1,D01
202100017338,2,33,,0,2,3,13,A01
202100017338,1,7,,0,2,0,1,B01
202100017339,1,7,,0,2,5,26,A01
202100017339,1,33,,0,2,1,1,B01
202100017340,1,2,,0,2,7,17,A01
202100017340,1,7,,0,2,3,15,B01
202100017341,0,1,,0,2,1,16,B01
202100017341,3,7,,0,9,2,1,A01
202100017342,1,7,,4,0,6,1,A01
202100017343,2,7,,0,2,1,2,B01
202100017343,2,7,,0,2,4,2,A01
202100017344,2,10,,14,0,8,12,A01
202100017344,2,10,,0,2,4,1,C01
202100017345,1,7,,0,2,1,14,B01
202100017345,1,10,,0,2,6,26,A01
202100017346,1,7,,7,0,1,1,A01
202100017347,2,7,,0,2,1,1,D01
202100017347,2,15,,1,2,1,1,A01
202100017347,2,7,,0,2,4,23,B01
202100017347,2,7,,0,2,5,17,C01
202100017348,2,7,,0,2,4,1,B01
202100017348,2,7,,0,2,0,0,Z01
202100017349,1,33,,0,2,1,3,A01
202100017349,1,7,,0,2,5,1,B01
202100017350,2,7,,0,2,4,2,B01
202100017350,2,7,,0,2,1,2,A01
202100017351,2,32,,4,0,0,13,A01
202100017351,2,7,,0,9,3,1,B01
202100017352,2,7,,0,2,1,26,Z01
202100017352,2,33,,0,2,8,15,A01
202100017353,1,13,,0,2,5,12,A01
202100017353,1,10,,4,2,6,1,B01
202100017354,2,7,,0,2,1,2,A01
202100017354,2,7,,0,2,5,2,B01
202100017354,2,7,,0,2,4,2,C01
202100017355,1,17,,0,2,4,2,B01
202100017355,1,10,,0,2,1,2,A01
202100017356,1,7,,0,2,1,2,C01
202100017356,1,99,,0,2,1,2,B01
202100017356,1,99,,0,2,4,2,A01
202100017357,1,7,,3,2,1,12,A01
202100017357,1,10,,0,2,3,1,B01
202100017358,1,7,,3,0,1,13,A01
202100017358,2,7,,14,0,0,1,B01
202100017359,1,7,,0,2,1,2,B01
202100017359,1,7,,3,2,4,1,A01
202100017360,1,7,,0,0,6,0,D01
202100017360,1,7,,0,2,8,1,C01
202100017360,1,33,,0,2,3,3,B01
202100017360,1,7,,0,2,7,12,A01
202100017361,2,33,,0,2,3,3,B01
202100017361,2,7,,0,2,5,12,A01
202100017362,1,15,,0,2,2,14,A01
202100017362,1,7,,0,2,8,1,B01
202100017363,1,7,,0,2,7,12,A01
202100017363,1,33,,0,2,6,1,B01
202100017364,1,33,,0,2,3,3,A01
202100017364,1,7,,0,2,7,12,B01
202100017365,1,7,,0,2,7,12,A01
202100017365,1,33,,0,2,8,1,B01
202100017366,2,43,,0,2,8,3,B01
202100017366,2,7,,0,2,7,12,A01
202100017367,2,33,,0,0,0,3,A01
202100017368,2,7,,0,2,4,2,B01
202100017368,2,7,,0,2,1,2,A01
202100017369,2,7,,0,2,6,9,B01
202100017369,2,0,,0,2,0,21,A01
202100017370,2,7,,6,0,1,21,A01
202100017371,1,7,,0,2,3,1,B01
202100017371,1,33,,0,2,5,9,A01
202100017372,1,33,,3,0,3,1,A01
202100017373,2,7,,0,2,4,26,B01
202100017373,2,7,,0,2,1,26,A01
202100017374,1,32,,0,2,2,3,B01
202100017374,1,7,,0,2,3,11,A01
202100017375,2,7,,0,2,4,12,B01
202100017375,2,33,,0,2,1,3,A01
202100017376,2,7,,0,2,0,18,A01
202100017376,2,7,,0,2,2,1,B01
202100017377,1,33,,0,0,2,0,A01
202100017377,1,7,,0,2,0,13,B01
202100017377,1,7,,0,2,0,14,C01
202100017378,1,7,,0,2,6,2,A01
202100017378,1,31,,0,2,1,2,B01
202100017379,1,7,,0,2,4,2,C01
202100017379,1,7,,0,2,4,2,B01
202100017379,1,7,,0,2,1,2,A01
202100017380,2,33,,0,2,1,2,A01
202100017380,2,10,,0,2,5,23,B01
202100017381,1,7,,4,0,3,1,A01
202100017382,1,7,,0,2,2,12,A01
202100017382,1,33,,0,2,1,3,B01
202100017383,2,7,,0,2,4,1,B01
202100017383,2,33,,0,2,1,20,A01
202100017384,2,10,,0,2,4,1,C01
202100017384,2,7,,0,2,7,12,B01
202100017384,2,33,,0,2,1,3,A01
202100017385,2,31,,0,2,1,26,A01
202100017385,2,7,,0,2,5,26,B01
202100017386,1,33,,0,2,1,3,A01
202100017386,1,7,,0,2,8,11,B01
202100017387,1,10,,0,2,1,1,A01
202100017387,1,10,,0,2,4,2,B01
202100017388,1,33,,0,2,1,12,A01
202100017389,1,7,,0,2,5,1,A01
202100017389,1,7,,0,2,1,1,B01
202100017389,1,33,,0,2,1,14,C01
202100017390,2,7,,0,2,4,1,A01
202100017390,2,7,,0,2,4,1,B01
202100017391,2,7,,0,2,4,2,B01
202100017391,2,33,,0,2,1,2,A01
202100017392,2,7,,0,2,4,26,A01
202100017392,1,7,,0,2,1,2,B01
202100017393,2,7,,16,0,1,12,A01
202100017394,2,33,,0,2,1,3,B01
202100017394,2,7,,0,0,7,12,A01
202100017395,2,32,,16,0,8,15,A01
202100017396,2,17,,0,2,1,2,A01
202100017396,2,7,,0,2,4,23,B01
202100017397,1,7,,0,2,3,11,A01
202100017397,1,33,,0,2,1,1,B01
202100017398,2,33,,0,2,7,1,B01
202100017398,2,7,,0,2,8,11,A01
202100017399,2,7,,0,2,3,1,B01
202100017399,2,7,,0,2,2,14,A01
202100017400,1,7,,0,2,1,15,A01
202100017400,2,7,,0,2,1,15,B01
202100017401,1,50,,9,0,0,0,A01
202100017402,3,30,,15,2,7,1,B01
202100017402,3,7,,15,2,1,19,A01
202100017403,2,32,,0,2,7,26,B01
202100017403,2,7,,0,2,5,4,A01
202100017404,1,7,,0,2,4,26,A01
202100017404,1,7,,0,2,4,2,B01
202100017404,1,7,,0,2,1,2,C01
202100017405,3,7,,0,9,1,0,B01
202100017405,3,1,,0,2,8,19,A01
202100017406,3,7,,1,0,2,2,A01
202100017407,0,30,,0,1,1,1,A01
202100017408,0,33,,1,9,1,0,B01
202100017409,2,10,,0,2,2,15,B01
202100017409,2,7,,0,2,4,1,C01
202100017409,2,7,,0,2,1,1,A01
202100017410,1,32,,0,2,3,13,B01
202100017410,2,10,,0,2,3,13,A01
202100017411,1,10,,0,2,2,15,A01
202100017411,1,7,,0,2,6,1,B01
202100017412,3,7,,0,1,1,1,A01
202100017413,1,7,,0,9,0,26,A01
202100017413,2,1,,0,2,0,0,B01
202100017414,1,7,,0,1,4,9,A01
202100017415,1,7,,0,2,2,21,A01
202100017415,2,7,,0,2,7,19,B01
202100017415,2,7,,0,2,3,2,C01
202100017416,3,7,,0,2,2,1,B01
202100017416,3,31,,0,2,1,1,A01
202100017417,1,7,,0,1,0,1,Z01
202100017418,3,7,,0,2,1,9,A01
202100017418,2,33,,0,2,5,1,B01
202100017419,0,21,,0,2,4,1,B01
202100017419,0,10,,0,2,1,1,A01
202100017420,3,37,1.0,0,2,7,1,B01
202100017420,3,7,,0,2,1,19,A01
202100017421,2,7,,0,2,8,11,A01
202100017421,2,7,,0,2,2,1,B01
202100017422,1,7,,0,2,4,0,B01
202100017422,1,10,,0,2,1,2,A01
202100017423,0,2,,0,0,0,0,B01
202100017423,0,7,,0,2,1,1,A01
202100017424,0,7,,0,1,2,3,A01
202100017425,0,7,,1,0,3,13,A01
202100017426,0,7,,0,2,1,15,A01
202100017426,0,32,,0,2,1,1,B01
202100017427,2,7,,0,2,1,1,B01
202100017427,1,7,,0,2,1,15,A01
202100017428,2,7,,0,2,3,19,A01
202100017428,2,10,,0,2,1,1,B01
202100017429,1,7,,0,2,3,15,A01
202100017429,2,30,,0,2,1,1,B01
202100017430,2,33,,0,2,1,17,A01
202100017430,1,7,,0,2,3,1,B01
202100017431,3,7,,0,2,1,15,A01
202100017431,3,10,,0,2,7,1,B01
202100017432,2,34,,1,0,3,0,B01
202100017432,3,7,,1,0,1,19,A01
202100017433,1,7,,0,2,1,1,B01
202100017433,1,7,,0,2,1,15,A01
202100017434,1,30,,0,2,1,1,B01
202100017434,1,7,,0,2,4,23,A01
202100017435,3,7,,0,1,4,4,Z01
202100017436,1,7,,0,9,1,0,A01
202100017436,1,1,,14,0,7,1,B01
202100017437,3,7,,0,2,4,1,B01
202100017437,2,2,,0,2,1,9,A01
202100017438,3,10,,0,2,2,15,B01
202100017438,2,7,,0,9,7,1,A01
202100017439,1,7,,0,2,8,22,A01
202100017439,1,1,,1,0,2,1,B01
202100017440,3,33,,0,0,7,1,A01
202100017441,1,7,,3,0,3,1,A01
202100017442,1,7,,0,2,6,2,B01
202100017442,1,7,,14,2,1,21,A01
202100017443,2,7,,0,2,3,15,A01
202100017443,2,33,,0,2,1,1,B01
202100017444,2,7,,0,2,2,15,B01
202100017444,2,33,,0,2,1,21,A01
202100017445,3,7,,0,2,6,1,B01
202100017445,3,33,,0,2,1,1,A01
202100017446,1,7,,0,2,1,1,A01
202100017446,2,31,,0,2,7,15,B01
202100017447,1,17,,0,2,6,1,A01
202100017447,1,7,,0,2,8,15,B01
202100017448,1,30,,0,2,8,9,A01
202100017449,1,7,,0,2,1,2,A01
202100017449,1,7,,0,2,4,2,B01
202100017450,3,14,,9,0,0,1,A01
202100017451,0,7,,0,2,1,1,B01
202100017451,0,33,,0,2,1,17,A01
202100017452,1,7,,1,0,2,14,A01
202100017453,3,7,,0,2,3,9,A01
202100017453,3,32,,0,2,4,1,B01
202100017454,1,7,,0,2,3,19,A01
202100017454,1,50,,0,2,1,1,B01
202100017455,2,7,,0,2,3,1,A01
202100017455,1,3,,0,2,3,1,B01
202100017456,3,7,,0,2,1,15,A01
202100017456,3,1,,0,2,8,1,B01
202100017457,2,33,,0,2,7,1,A01
202100017457,1,7,,0,2,1,1,B01
202100017458,1,50,,0,1,0,26,A01
202100017459,1,7,,0,2,8,1,B01
202100017459,2,7,,0,2,1,1,A01
202100017460,1,7,,0,1,1,1,A01
202100017461,3,7,,2,0,3,1,A01
202100017462,3,7,,0,2,4,1,D01
202100017462,3,7,,0,2,4,1,C01
202100017462,3,7,,0,2,1,1,A01
202100017462,3,7,,0,2,4,1,B01
202100017463,2,7,,0,2,2,15,B01
202100017463,1,33,,0,2,1,8,A01
202100017464,1,7,,0,2,3,9,A01
202100017464,2,1,,0,2,1,1,B01
202100017465,2,30,,0,2,1,18,A01
202100017465,2,31,,0,2,7,16,B01
202100017466,0,50,,0,2,0,1,B01
202100017466,2,7,,0,2,1,1,A01
202100017467,1,7,,0,2,6,19,A01
202100017467,2,33,,0,2,1,1,B01
202100017468,2,7,,1,1,3,2,A01
202100017469,3,7,,0,2,1,13,A01
202100017469,3,7,,0,2,8,1,B01
202100017469,3,7,,0,2,8,1,C01
202100017470,1,7,,0,1,8,1,A01
202100017471,1,7,,0,2,3,1,B01
202100017471,2,33,,0,2,0,1,A01
202100017472,1,33,,0,2,1,1,B01
202100017472,2,7,,0,2,3,10,A01
202100017473,1,7,,0,2,1,17,A01
202100017473,1,7,,0,2,8,2,B01
202100017473,1,7,,0,2,8,2,C01
202100017474,0,34,,0,2,1,1,B01
202100017474,3,7,,0,2,1,15,A01
202100017475,1,33,,0,2,2,1,B01
202100017475,1,7,,0,2,1,15,Z01
202100017476,2,7,,0,1,1,1,A01
202100017477,3,10,,0,2,1,26,A01
202100017478,1,7,,8,2,1,1,A01
202100017478,1,7,,1,2,2,1,B01
202100017479,2,7,,14,0,3,2,A01
202100017480,1,7,,0,2,1,1,Z01
202100017480,1,50,,0,2,2,1,B01
202100017481,0,7,,0,1,1,18,A01
202100017482,2,7,,0,2,7,19,A01
202100017482,2,33,,0,2,3,1,B01
202100017483,2,80,,0,1,1,16,A01
202100017484,2,33,,0,2,8,3,A01
202100017484,2,7,,0,2,7,1,B01
202100017485,1,33,,0,2,7,3,B01
202100017485,1,7,,0,2,8,13,A01
202100017486,2,7,,0,2,5,2,B01
202100017486,2,31,,0,2,1,12,A01
202100017487,1,32,,0,2,1,7,B01
202100017487,1,10,,0,2,2,14,A01
202100017488,2,7,,0,1,1,16,A01
202100017489,2,1,,0,2,1,1,B01
202100017489,1,10,,0,2,7,1,A01
202100017490,2,30,,0,1,1,18,A01
202100017491,2,32,,0,2,1,2,A01
202100017491,2,10,,0,2,4,23,B01
202100017492,1,33,,0,2,2,1,B01
202100017492,1,7,,0,2,3,9,A01
202100017493,1,30,,0,2,4,23,B01
202100017493,1,14,,0,2,1,2,A01
202100017494,1,50,,0,2,7,15,B01
202100017494,2,30,,0,2,1,8,A01
202100017495,1,80,,0,2,3,9,A01
202100017495,1,33,,0,2,1,1,B01
202100017496,2,30,,0,1,0,1,Z01
202100017497,1,80,,0,1,7,1,A01
202100017498,1,14,,0,2,1,1,A01
202100017498,1,7,,0,2,8,1,B01
202100017499,1,7,,0,1,1,1,A01
202100017500,2,7,,0,2,1,2,A01
202100017500,2,7,,0,1,4,23,B01
202100017501,1,10,,0,2,2,15,A01
202100017501,2,1,,0,2,8,1,B01
202100017502,1,33,,0,2,1,12,A01
202100017502,1,43,,0,2,4,1,B01
202100017503,2,1,,0,2,4,1,B01
202100017503,1,30,,0,2,1,5,A01
202100017504,1,34,,0,2,2,17,A01
202100017504,1,33,,0,2,3,15,B01
202100017505,1,33,,0,2,1,1,A01
202100017505,1,3,,0,2,3,15,B01
202100017506,2,33,,0,2,8,1,B01
202100017506,1,7,,0,2,1,15,A01
202100017507,1,1,,0,2,1,1,A01
202100017507,1,1,,0,2,1,1,B01
202100017508,2,7,,0,2,4,2,B01
202100017508,2,7,,0,2,1,2,A01
202100017509,2,7,,0,1,1,15,A01
202100017510,0,7,,0,2,1,9,B01
202100017510,0,7,,0,2,3,19,A01
202100017511,1,33,,0,2,3,2,B01
202100017511,1,7,,0,2,2,2,A01
202100017512,2,33,,0,2,1,17,A01
202100017512,2,7,,0,2,6,15,B01
202100017513,3,7,,0,2,0,16,A01
202100017513,3,7,,0,2,0,1,B01
202100017514,2,7,,0,2,6,1,B01
202100017514,2,7,,0,2,1,9,A01
202100017515,2,7,,0,1,1,26,A01
202100017516,2,7,,0,1,1,1,A01
202100017517,0,3,,0,0,2,15,B01
202100017517,-1,2,,0,2,1,1,A01
202100017518,3,7,,8,2,1,1,B01
202100017518,3,7,,8,2,2,15,A01
202100017519,2,99,,1,2,0,0,B01
202100017519,2,10,,0,2,7,2,A01
202100017520,2,33,,0,2,1,1,B01
202100017520,1,7,,0,2,1,15,A01
202100017521,1,50,,0,2,1,19,A01
202100017521,2,7,,0,2,6,16,B01
202100017522,2,30,,0,0,3,26,A01
202100017523,3,7,,0,2,2,6,A01
202100017523,3,31,,0,2,1,1,B01
202100017524,1,33,,0,2,1,2,A01
202100017524,1,33,,16,0,4,1,B01
202100017525,1,1,,0,2,4,1,B01
202100017525,1,7,,0,2,1,2,A01
202100017526,3,7,,0,2,1,16,A01
202100017526,3,30,,0,2,7,1,B01
202100017527,3,10,,0,0,6,4,A01
202100017528,0,7,,0,0,4,2,A01
202100017528,0,7,,0,0,4,2,B01
202100017528,0,7,,0,2,1,2,C01
202100017529,1,7,,0,2,3,13,A01
202100017529,2,7,,0,2,3,1,B01
202100017530,2,15,,0,2,6,1,B01
202100017530,2,10,,0,2,2,17,A01
202100017531,2,7,,3,1,3,1,A01
202100017532,1,60,,0,2,4,1,B01
202100017532,1,7,,0,2,3,9,A01
202100017533,2,7,,0,1,1,1,A01
202100017534,1,7,,4,0,0,0,A01
202100017534,1,15,,0,2,2,1,B01
202100017534,1,15,,0,2,2,1,C01
202100017535,0,80,,0,0,0,0,B01
202100017535,0,7,,0,2,2,0,A01
202100017536,2,7,,0,1,2,1,A01
202100017537,0,7,,0,1,1,19,A01
202100017538,1,7,,0,2,1,9,A01
202100017538,2,31,,0,2,1,17,B01
202100017539,0,7,,6,0,1,1,A01
202100017540,1,7,,8,0,1,1,A01
202100017541,1,7,,0,2,2,11,A01
202100017541,1,15,,0,0,6,1,B01
202100017542,2,7,,6,0,2,1,A01
202100017543,1,2,,0,0,1,1,A01
202100017544,3,2,,1,0,2,1,A01
202100017545,1,33,,0,2,1,21,B01
202100017545,2,14,,0,2,1,15,A01
202100017546,2,33,,0,2,1,1,B01
202100017546,1,10,,0,2,2,15,A01
202100017547,1,1,,0,0,4,2,B01
202100017547,1,10,,0,9,2,2,A01
202100017548,2,33,,13,0,1,1,A01
202100017549,0,7,,0,1,1,9,A01
202100017550,2,7,,0,2,1,5,A01
202100017550,1,7,,0,2,3,1,B01
202100017551,1,7,,0,2,7,13,A01
202100017551,2,7,,0,2,1,1,B01
202100017552,2,7,,13,0,3,0,A01
202100017553,2,33,,0,0,0,1,A01
202100017554,2,33,,0,2,0,1,A01
202100017554,2,7,,0,2,3,1,B01
202100017555,3,7,,0,1,2,1,A01
202100017556,2,7,,0,2,3,15,A01
202100017556,2,43,,0,2,2,17,B01
202100017557,2,33,,13,0,2,1,A01
202100017558,2,7,,0,2,3,17,A01
202100017558,1,2,,0,2,1,1,B01
202100017559,2,99,,0,2,0,1,C01
202100017559,2,10,,0,0,6,2,B01
202100017559,2,33,,0,2,1,2,A01
202100017560,2,33,,3,0,1,13,A01
202100017561,0,2,,8,0,3,21,A01
202100017562,2,7,,0,1,3,1,A01
202100017563,1,15,,0,0,8,23,C01
202100017563,2,17,,0,2,1,1,B01
202100017563,1,7,,1,2,7,19,A01
202100017564,1,10,,0,0,3,1,C01
202100017564,2,7,,0,2,5,15,B01
202100017564,2,13,,0,2,3,1,A01
202100017565,2,2,,0,2,1,1,B01
202100017565,1,7,,0,2,3,9,A01
202100017566,2,34,,0,2,3,17,A01
202100017566,2,7,,0,0,4,15,B01
202100017567,1,30,,4,0,0,1,A01
202100017568,2,7,,0,2,2,1,A01
202100017568,2,7,,0,2,3,1,B01
202100017569,3,1,,0,0,0,26,A01
202100017570,1,7,,0,2,2,15,A01
202100017570,2,1,,0,2,1,1,B01
202100017571,3,32,,13,0,1,26,A01
202100017572,1,33,,0,2,1,1,A01
202100017572,1,7,,0,2,4,15,B01
202100017573,1,7,,0,2,3,26,A01
202100017573,2,7,,0,2,1,26,B01
202100017574,1,2,,0,2,1,1,B01
202100017574,1,7,,0,2,5,15,A01
202100017575,1,31,,0,2,2,17,A01
202100017575,1,7,,0,2,3,15,B01
202100017576,2,10,,0,0,6,15,B01
202100017576,2,33,,0,2,1,17,A01
202100017577,1,7,,0,2,2,15,A01
202100017577,1,33,,0,2,1,1,B01
202100017578,1,1,,0,0,1,1,A01
202100017579,3,50,,0,2,7,19,B01
202100017579,2,7,,0,2,2,16,A01
202100017580,2,7,,2,0,2,1,A01
202100017581,3,7,,0,2,3,15,A01
202100017581,1,33,,0,2,1,1,B01
202100017582,1,7,,0,2,1,13,A01
202100017582,2,7,,0,2,1,1,B01
202100017583,3,1,,0,0,6,9,A01
202100017583,3,7,,0,0,1,1,B01
202100017584,1,16,,12,0,8,2,A01
202100017585,1,1,,0,2,8,1,B01
202100017585,1,7,,0,2,7,17,A01
202100017586,2,7,,0,2,5,1,A01
202100017586,2,33,,0,2,3,1,B01
202100017587,2,7,,0,2,1,2,A01
202100017587,2,7,,0,2,4,1,Z01
202100017588,1,7,,0,2,0,14,A01
202100017588,1,10,,0,2,3,2,C01
202100017588,1,32,,0,2,2,2,B01
202100017589,2,33,,0,0,8,3,A01
202100017590,2,7,,0,2,4,2,B01
202100017590,2,13,,0,2,1,2,A01
202100017590,2,10,,0,0,4,2,C01
202100017591,1,7,,0,2,2,1,B01
202100017591,1,7,,0,2,9,1,A01
202100017592,1,30,,0,0,0,26,A01
202100017593,2,33,,0,0,0,3,A01
202100017593,2,7,,0,0,0,11,B01
202100017593,2,7,,0,0,0,2,C01
202100017594,2,7,,0,0,0,26,A01
202100017594,2,33,,0,0,0,0,B01
202100017595,1,10,,0,2,1,1,A01
202100017595,1,7,,0,2,4,2,D01
202100017595,1,7,,0,2,4,2,C01
202100017595,1,7,,0,2,4,1,B01
202100017596,1,43,,-1,-1,1,1,A01
202100017597,1,7,,0,2,7,12,B01
202100017597,1,33,,0,2,8,3,A01
202100017598,2,7,,0,1,1,17,A01
202100017599,1,30,,0,1,1,17,A01
202100017600,2,1,,0,2,0,2,B01
202100017600,2,10,,0,2,7,2,A01
202100017601,0,33,,0,0,0,1,A01
202100017602,0,7,,0,2,3,15,A01
202100017602,0,31,,0,2,1,23,B01
202100017603,1,10,,0,2,3,1,B01
202100017603,1,30,,0,2,7,17,A01
202100017604,1,7,,1,2,4,24,B01
202100017604,1,7,,1,2,1,23,A01
202100017605,1,7,,0,2,1,17,A01
202100017605,1,10,,0,2,4,2,B01
202100017606,3,10,,0,2,5,19,A01
202100017606,3,7,,0,2,1,1,B01
202100017607,1,33,,0,2,3,3,A01
202100017607,1,7,,0,2,3,11,B01
202100017607,1,7,,0,2,2,1,C01
202100017608,1,30,,0,0,1,1,A01
202100017609,2,30,,0,2,1,2,A01
202100017609,2,10,,0,2,6,1,B01
202100017610,2,1,,0,0,0,7,B01
202100017610,2,37,1.0,0,0,0,7,A01
202100017611,2,50,,0,2,1,1,B01
202100017611,1,7,,0,2,3,16,A01
202100017612,1,32,,0,2,8,1,B01
202100017612,1,10,,0,2,1,15,A01
202100017612,1,50,,0,2,8,1,D01
202100017612,3,7,,0,2,3,1,C01
202100017613,2,7,,0,1,3,15,A01
202100017614,2,31,,1,0,0,21,A01
202100017615,3,10,,0,2,6,0,B01
202100017615,3,7,,0,2,6,13,A01
202100017616,1,32,,0,2,2,1,B01
202100017616,2,7,,0,2,3,15,A01
202100017617,1,33,,0,2,1,26,B01
202100017617,1,7,,0,2,5,26,A01
202100017618,2,7,,0,1,1,1,A01
202100017619,1,7,,0,2,3,15,B01
202100017619,1,7,,1,2,2,17,A01
202100017620,1,33,,8,0,1,0,A01
202100017621,1,32,,0,2,0,0,B01
202100017621,1,30,,0,2,0,0,A01
202100017622,0,7,,0,2,1,1,B01
202100017622,0,7,,0,2,2,15,A01
202100017623,3,7,,0,1,0,0,Z01
202100017624,2,7,,0,2,3,16,A01
202100017624,1,2,,0,2,1,15,B01
202100017625,2,40,,0,2,1,1,B01
202100017625,1,7,,8,4,5,1,A01
202100017626,1,7,,0,2,3,9,A01
202100017626,2,7,,0,2,8,1,B01
202100017627,1,1,,0,4,7,19,A01
202100017627,2,40,,0,2,1,1,B01
202100017628,3,2,,0,2,1,1,B01
202100017628,3,7,,0,2,6,15,A01
202100017629,1,30,,0,1,1,1,A01
202100017630,1,50,,0,2,1,25,B01
202100017630,3,7,,0,2,2,26,A01
202100017631,3,7,,0,2,1,13,A01
202100017631,3,7,,0,2,1,1,B01
202100017632,3,1,,0,0,7,19,B01
202100017632,2,7,,0,2,2,16,A01
202100017633,2,60,,0,2,0,19,B01
202100017633,1,7,,0,2,2,9,A01
202100017634,0,7,,0,0,0,0,B01
202100017634,3,21,,0,2,7,26,A01
202100017635,2,33,,8,0,1,17,A01
202100017636,1,7,,0,1,2,1,A01
202100017637,1,7,,6,0,3,13,A01
202100017638,3,7,,0,2,4,2,A01
202100017638,3,7,,0,2,1,2,B01
202100017638,3,7,,0,2,4,2,C01
202100017638,3,7,,0,2,1,2,D01
202100017639,1,7,,0,2,1,1,B01
202100017639,1,7,,0,2,8,1,A01
202100017640,1,7,,6,2,1,1,A01
202100017640,2,7,,0,2,2,1,B01
202100017641,1,1,,0,2,8,0,B01
202100017641,1,7,,0,2,5,26,A01
202100017642,0,7,,0,2,1,0,B01
202100017642,0,7,,0,2,1,5,A01
202100017643,1,7,,0,2,1,1,B01
202100017643,2,7,,0,2,7,15,A01
202100017644,1,7,,0,1,1,1,A01
202100017645,2,7,,0,1,1,9,Z01
202100017646,1,7,,0,2,2,15,A01
202100017646,0,43,,0,0,0,0,B01
202100017647,3,7,,0,1,3,1,A01
202100017648,1,7,,4,0,3,26,A01
202100017649,0,7,,8,2,5,1,B01
202100017649,0,7,,0,2,1,1,A01
202100017650,1,7,,0,2,7,0,B01
202100017650,2,7,,8,2,3,26,A01
202100017651,3,7,,0,2,1,0,B01
202100017651,3,7,,0,2,1,13,A01
202100017652,2,7,,0,2,8,1,B01
202100017652,2,7,,0,2,1,1,A01
202100017653,1,7,,0,9,2,0,A01
202100017653,1,20,,0,2,1,1,B01
202100017654,1,7,,0,2,6,9,A01
202100017654,1,2,,0,0,0,1,B01
202100017655,1,2,,0,2,2,17,A01
202100017655,1,7,,0,2,3,15,B01
202100017656,1,30,,0,0,8,1,A01
202100017657,3,7,,0,2,8,1,B01
202100017657,3,7,,0,2,1,19,A01
202100017658,1,7,,0,2,1,0,B01
202100017658,2,10,,0,2,3,15,A01
202100017659,1,30,,0,5,8,1,A01
202100017660,3,2,,0,1,1,18,A01
202100017661,3,32,,5,0,1,14,A01
202100017662,3,7,,0,1,1,1,A01
202100017663,2,7,,0,2,3,15,A01
202100017663,2,33,,0,2,2,1,B01
202100017664,2,7,,0,1,3,0,A01
202100017665,1,37,1.0,0,2,2,1,B01
202100017665,2,10,,0,2,3,1,A01
202100017666,1,1,,0,2,4,1,B01
202100017666,1,7,,0,2,1,1,A01
202100017667,0,50,,12,9,1,1,A01
202100017668,1,10,,16,0,2,21,A01
202100017668,3,7,,1,0,2,24,B01
202100017669,3,7,,0,2,4,1,B01
202100017669,3,7,,0,2,1,1,A01
202100017669,3,7,,0,2,4,1,C01
202100017669,3,33,,0,2,1,1,D01
202100017670,2,33,,0,2,2,2,A01
202100017670,2,10,,0,2,6,23,B01
202100017671,1,30,,0,2,3,15,A01
202100017671,2,1,,0,2,1,1,B01
202100017672,1,1,,0,2,2,1,B01
202100017672,1,10,,0,2,3,22,A01
202100017673,1,43,,0,2,1,16,A01
202100017673,1,1,,0,2,8,1,B01
202100017674,1,33,,0,2,4,23,B01
202100017674,1,7,,0,2,2,2,A01
202100017675,2,33,,0,2,3,1,B01
202100017675,2,1,,0,2,3,12,A01
202100017676,2,10,,0,2,2,16,A01
202100017676,1,1,,0,2,1,1,B01
202100017677,2,7,,0,1,1,1,A01
202100017678,2,30,,0,0,0,1,A01
202100017679,2,43,,0,2,3,1,B01
202100017679,2,10,,0,2,1,10,A01
202100017680,2,33,,14,0,3,13,A01
202100017681,3,50,,0,1,1,16,A01
202100017682,1,80,,0,2,8,1,B01
202100017682,1,1,,0,2,1,9,A01
202100017683,1,7,,0,9,8,0,A01
202100017683,1,1,,1,0,1,1,B01
202100017684,0,33,,0,2,1,26,B01
202100017684,0,10,,0,2,1,15,A01
202100017685,3,7,,0,2,4,15,B01
202100017685,2,7,,0,2,8,26,C01
202100017685,2,36,,0,2,0,11,A01
202100017686,1,31,,0,2,1,9,A01
202100017686,1,7,,0,2,5,1,B01
202100017687,1,32,,15,2,2,25,A01
202100017687,1,7,,0,2,3,5,B01
202100017688,2,7,,0,2,2,12,A01
202100017688,2,33,,0,2,8,3,B01
202100017689,1,0,,0,1,1,1,A01
202100017690,3,7,,0,2,2,15,B01