Num_Acc,senc,catv,occutc,obs,obsm,choc,manv,num_veh
202100017690,3,33,,0,2,1,2,A01
202100017691,2,7,,0,2,1,9,A01
202100017691,2,7,,0,2,4,23,B01
202100017691,2,7,,0,2,4,0,C01
202100017692,1,7,,0,1,3,1,A01
202100017693,2,2,,0,2,1,12,B01
202100017693,2,7,,0,2,5,12,A01
202100017694,1,7,,0,2,2,1,A01
202100017694,3,32,,0,2,1,1,B01
202100017695,3,10,,0,1,4,26,A01
202100017696,2,7,,0,1,3,1,A01
202100017697,3,7,,0,2,1,0,B01
202100017697,3,10,,0,2,7,15,A01
202100017698,2,30,,0,2,1,1,A01
202100017698,1,7,,0,2,1,15,B01
202100017699,1,7,,0,1,3,2,A01
202100017700,3,30,,0,2,7,1,A01
202100017700,0,7,,0,2,1,1,B01
202100017701,0,7,,0,1,2,1,A01
202100017702,1,30,,0,0,1,1,A01
202100017703,3,10,,0,2,8,13,B01
202100017703,3,32,,0,2,2,1,A01
202100017704,2,7,,0,2,1,2,A01
202100017704,2,32,,0,2,4,2,B01
202100017704,2,7,,0,2,6,2,C01
202100017705,1,7,,0,2,5,26,A01
202100017705,1,7,,0,2,4,26,B01
202100017705,1,7,,0,2,1,26,C01
202100017706,2,1,,0,1,2,15,A01
202100017706,2,60,,0,2,1,25,B01
202100017707,3,30,,0,0,0,0,A01
202100017708,3,2,,0,2,1,1,A01
202100017708,0,10,,0,2,3,1,B01
202100017709,1,7,,2,0,1,1,A01
202100017710,2,33,,0,2,1,26,B01
202100017710,1,7,,0,2,8,9,A01
202100017711,2,7,,8,0,2,1,A01
202100017712,2,7,,7,0,1,1,A01
202100017713,0,7,,6,0,1,0,A01
202100017714,1,33,,0,0,4,2,B01
202100017714,1,33,,0,2,1,2,A01
202100017715,1,7,,13,0,9,1,A01
202100017716,2,33,,0,6,1,1,A01
202100017717,1,7,,8,0,1,14,A01
202100017718,2,7,,2,0,1,1,A01
202100017719,3,2,,0,2,1,17,A01
202100017719,3,7,,0,2,3,1,B01
202100017720,1,7,,0,2,2,1,B01
202100017720,2,7,,0,2,1,5,A01
202100017721,2,33,,0,2,7,1,B01
202100017721,1,7,,0,2,3,9,A01
202100017722,1,1,,0,2,8,13,B01
202100017722,1,7,,0,2,3,17,A01
202100017723,1,33,,0,0,2,1,A01
202100017724,1,33,,3,0,7,16,A01
202100017725,0,13,,0,2,3,1,B01
202100017725,0,3,,0,2,3,13,A01
202100017726,2,7,,0,0,4,2,C01
202100017726,2,7,,0,2,4,2,B01
202100017726,2,7,,0,2,1,12,A01
202100017727,1,31,,0,2,8,1,B01
202100017727,2,7,,0,2,3,15,A01
202100017728,1,33,,0,2,3,1,B01
202100017728,2,7,,0,2,3,15,A01
202100017729,1,33,,0,2,1,0,A01
202100017729,2,7,,0,2,1,1,B01
202100017730,1,50,,0,0,0,1,A01
202100017731,3,33,,2,0,1,1,A01
202100017732,0,2,,0,2,5,1,B01
202100017732,0,7,,0,2,2,1,A01
202100017733,1,15,,0,0,5,15,B01
202100017733,2,7,,0,2,1,1,A01
202100017734,1,7,,0,2,1,1,A01
202100017734,1,1,,0,2,8,1,B01
202100017735,1,33,,0,2,1,1,A01
202100017735,1,7,,0,2,6,23,C01
202100017735,1,7,,12,2,2,19,B01
202100017736,1,7,,0,2,3,1,A01
202100017736,2,7,,0,2,3,21,B01
202100017737,2,13,,0,2,2,1,B01
202100017737,1,7,,6,2,7,1,A01
202100017738,2,33,,0,0,9,1,A01
202100017739,1,33,,0,2,2,1,B01
202100017739,1,7,,0,2,6,11,A01
202100017740,2,7,,0,2,3,1,A01
202100017740,1,38,17.0,0,2,3,1,B01
202100017741,2,17,,0,0,2,0,B01
202100017741,2,17,,1,9,3,13,A01
202100017742,2,7,,0,2,6,1,B01
202100017742,2,7,,0,2,2,5,A01
202100017743,2,33,,0,2,1,1,B01
202100017743,1,7,,0,2,2,15,A01
202100017744,1,10,,1,0,2,14,A01
202100017744,1,15,,0,0,6,24,B01
202100017745,2,10,,0,2,1,1,B01
202100017745,1,7,,0,2,1,1,A01
202100017746,2,33,,0,2,0,21,A01
202100017746,2,7,,0,2,3,26,B01
202100017746,1,7,,0,2,6,23,C01
202100017747,2,10,,0,1,4,20,A01
202100017748,2,7,,0,2,3,5,B01
202100017748,1,7,,0,2,3,23,A01
202100017749,3,7,,0,1,2,26,A01
202100017750,2,33,,0,0,0,3,A01
202100017750,1,7,,0,2,1,1,B01
202100017751,2,7,,0,1,3,1,A01
202100017752,2,7,,0,0,3,1,A01
202100017752,1,7,,0,0,3,13,B01
202100017753,1,31,,0,2,1,1,B01
202100017753,2,7,,0,0,5,1,A01
202100017754,3,1,,0,2,3,1,B01
202100017754,3,7,,0,9,2,19,A01
202100017755,2,13,,0,0,4,2,B01
202100017755,2,7,,0,2,1,2,A01
202100017756,3,7,,0,9,8,15,A01
202100017756,2,1,,0,2,1,1,B01
202100017757,1,1,,0,2,4,2,C01
202100017757,1,1,,0,2,4,2,B01
202100017757,1,10,,0,2,2,2,A01
202100017758,1,33,,7,0,0,17,A01
202100017759,2,7,,2,0,1,14,A01
202100017760,0,7,,13,0,1,0,A01
202100017761,1,7,,0,2,1,2,A01
202100017761,1,15,,0,0,4,2,B01
202100017762,1,7,,0,2,4,2,D01
202100017762,1,7,,0,2,4,2,E01
202100017762,1,7,,0,2,4,2,C01
202100017762,1,7,,0,2,4,2,B01
202100017762,1,7,,0,2,1,2,A01
202100017763,2,34,,0,0,0,0,B01
202100017763,2,7,,0,2,6,2,A01
202100017764,2,7,,0,2,4,1,A01
202100017764,2,7,,0,2,4,1,B01
202100017764,2,7,,0,2,1,0,Z01
202100017765,1,7,,0,2,1,0,Z01
202100017765,1,7,,0,2,4,2,A01
202100017766,2,7,,0,2,4,1,A01
202100017766,2,7,,0,2,4,1,B01
202100017766,2,7,,0,2,1,1,C01
202100017767,1,7,,0,2,6,11,A01
202100017767,1,43,,0,2,2,0,B01
202100017768,2,17,,0,2,4,2,D01
202100017768,2,7,,0,2,4,2,C01
202100017768,2,17,,0,2,1,2,A01
202100017768,2,17,,0,2,1,2,B01
202100017769,2,33,,0,2,3,3,B01
202100017769,2,7,,0,2,2,12,A01
202100017770,1,33,,4,0,1,2,A01
202100017771,2,7,,3,2,8,0,A01
202100017772,1,33,,14,2,1,3,A01
202100017772,1,7,,0,2,1,2,B01
202100017772,1,10,,0,2,5,23,C01
202100017773,2,33,,0,2,3,3,A01
202100017773,2,7,,0,2,5,11,B01
202100017774,2,34,,0,0,8,21,A01
202100017775,1,10,,0,2,8,11,B01
202100017775,1,33,,0,2,7,3,A01
202100017776,1,33,,0,2,7,3,A01
202100017776,1,10,,0,2,8,11,B01
202100017777,2,7,,0,0,4,1,B01
202100017777,2,33,,0,2,2,3,A01
202100017778,1,7,,0,2,6,9,B01
202100017778,1,33,,0,2,7,9,A01
202100017779,2,31,,0,2,4,3,A01
202100017779,1,7,,0,2,4,1,B01
202100017780,2,7,,0,2,9,1,A01
202100017780,2,7,,0,2,1,0,B01
202100017781,1,7,,0,2,6,1,B01
202100017781,1,7,,14,2,1,21,C01
202100017781,1,32,,0,2,1,9,A01
202100017782,0,10,,-1,1,4,0,A01
202100017782,0,14,,0,0,-1,0,B01
202100017783,3,7,,12,1,1,13,A01
202100017784,1,33,,0,0,1,16,A01
202100017785,1,10,,0,1,1,26,A01
202100017786,2,7,,0,0,3,16,A01
202100017787,2,7,,0,0,3,1,B01
202100017787,1,33,,0,2,1,13,A01
202100017788,1,7,,0,9,3,9,A01
202100017788,1,1,,0,2,6,1,B01
202100017789,3,7,,0,2,2,1,A01
202100017789,3,2,,0,0,4,1,B01
202100017790,1,7,,0,2,8,15,A01
202100017790,1,31,,0,2,7,2,B01
202100017791,2,7,,0,1,3,7,A01
202100017792,1,50,,0,2,8,1,B01
202100017792,1,3,,0,2,2,16,A01
202100017793,3,7,,0,2,7,15,B01
202100017793,3,7,,0,2,1,26,A01
202100017794,1,33,,4,0,4,26,A01
202100017795,1,10,,0,9,2,16,A01
202100017796,3,7,,0,1,1,1,A01
202100017797,2,7,,0,9,4,14,A01
202100017798,3,99,,0,0,1,26,A01
202100017799,2,7,,0,2,4,1,B01
202100017799,2,32,,0,2,1,21,A01
202100017800,1,7,,0,2,3,0,A01
202100017800,2,7,,0,2,5,15,B01
202100017801,3,7,,0,1,2,9,A01
202100017802,0,7,,0,2,1,26,B01
202100017802,0,7,,9,2,3,9,A01
202100017803,1,7,,0,1,1,15,A01
202100017804,2,10,,0,1,3,26,A01
202100017805,0,7,,0,2,4,1,B01
202100017805,0,10,,0,2,1,1,A01
202100017806,0,33,,0,2,1,1,A01
202100017806,0,7,,0,2,8,1,B01
202100017807,0,1,,0,2,1,1,B01
202100017807,0,7,,0,2,8,0,A01
202100017808,0,7,,0,2,4,1,B01
202100017808,0,30,,0,2,1,1,A01
202100017809,0,7,,0,2,1,1,B01
202100017809,0,50,,0,2,8,1,A01
202100017810,3,7,,1,0,2,1,A01
202100017811,0,1,,0,2,1,1,B01
202100017811,0,7,,0,2,7,16,A01
202100017812,0,7,,0,2,1,1,A01
202100017812,0,7,,0,2,4,1,B01
202100017812,0,7,,0,2,4,1,C01
202100017813,1,7,,0,1,2,1,A01
202100017814,3,7,,0,2,6,15,B01
202100017814,3,32,,0,2,1,7,A01
202100017815,3,7,,0,1,1,1,A01
202100017816,2,7,,1,0,1,1,A01
202100017817,0,7,,12,0,1,1,A01
202100017818,0,50,,12,0,1,1,A01
202100017819,2,7,,0,2,1,1,A01
202100017819,2,7,,0,2,4,23,B01
202100017820,2,7,,0,2,7,15,B01
202100017820,1,7,,0,2,1,1,A01
202100017821,2,7,,0,2,5,23,B01
202100017821,2,7,,0,2,3,1,A01
202100017822,3,7,,8,4,1,1,A01
202100017822,3,40,,8,2,2,1,B01
202100017823,1,10,,0,2,1,2,B01
202100017823,1,7,,0,2,4,2,A01
202100017824,1,1,,0,2,7,1,B01
202100017824,1,7,,0,2,3,9,A01
202100017825,2,7,,0,2,4,23,B01
202100017825,2,7,,0,2,1,2,A01
202100017826,1,7,,0,2,2,15,A01
202100017826,2,1,,0,2,7,1,B01
202100017827,1,10,,1,0,1,26,A01
202100017828,1,7,,0,2,1,15,B01
202100017828,1,31,,0,2,1,15,A01
202100017829,2,7,,0,2,8,15,A01
202100017829,1,7,,0,2,7,1,B01
202100017830,1,7,,10,0,4,26,A01
202100017831,1,7,,0,2,1,2,A01
202100017831,1,7,,0,2,4,2,B01
202100017832,0,7,,0,2,4,23,D01
202100017832,0,7,,0,2,4,23,E01
202100017832,0,7,,0,2,4,23,B01
202100017832,0,7,,0,2,4,23,C01
202100017832,0,7,,0,2,1,2,A01
202100017833,3,7,,0,0,2,9,A01
202100017834,3,10,,0,2,8,22,A01
202100017834,3,1,,0,2,1,1,B01
202100017835,2,7,,0,2,3,26,A01
202100017835,1,30,,0,2,3,1,B01
202100017836,2,7,,13,0,1,1,A01
202100017837,2,7,,13,0,1,14,A01
202100017838,2,7,,0,2,3,13,A01
202100017838,1,7,,3,2,3,1,B01
202100017839,3,30,,0,2,7,16,B01
202100017839,3,7,,0,2,1,1,A01
202100017840,2,7,,13,0,2,1,A01
202100017841,0,7,,0,2,4,1,B01
202100017841,0,2,,0,2,1,2,A01
202100017842,0,7,,1,0,2,14,A01
202100017843,0,50,,0,2,1,26,B01
202100017843,0,7,,0,2,3,26,A01
202100017844,1,7,,0,2,6,1,A01
202100017844,1,2,,0,9,6,1,B01
202100017845,2,7,,0,2,1,2,A01
202100017845,2,7,,0,2,4,1,B01
202100017846,1,7,,0,1,1,1,A01
202100017847,0,7,,0,2,4,26,B01
202100017847,3,2,,0,2,1,1,A01
202100017848,2,7,,0,2,1,1,B01
202100017848,1,7,,0,2,1,13,A01
202100017849,2,7,,0,2,4,1,B01
202100017849,2,7,,0,2,3,10,A01
202100017850,1,1,,0,2,4,19,A01
202100017850,1,7,,0,2,8,1,B01
202100017851,1,10,,0,2,4,1,B01
202100017851,1,31,,0,2,1,1,A01
202100017852,2,7,,0,2,7,10,A01
202100017852,1,34,,0,2,1,1,B01
202100017853,1,7,,0,2,4,1,B01
202100017853,1,7,,0,2,1,2,A01
202100017854,3,30,,1,0,0,26,A01
202100017855,1,7,,0,2,4,2,B01
202100017855,1,7,,0,2,1,2,A01
202100017856,1,7,,0,2,1,2,A01
202100017856,2,7,,0,2,8,15,B01
202100017857,1,30,,0,2,1,1,B01
202100017857,1,7,,0,2,3,15,A01
202100017858,1,30,,0,2,1,1,B01
202100017858,1,7,,0,2,3,9,A01
202100017859,1,7,,0,1,3,1,A01
202100017860,3,7,,8,0,1,26,A01
202100017861,2,7,,15,0,3,13,A01
202100017862,1,7,,0,2,1,15,A01
202100017862,3,2,,0,2,1,1,B01
202100017863,3,7,,0,2,1,9,A01
202100017863,3,7,,0,2,7,1,B01
202100017864,3,7,,0,2,3,21,B01
202100017864,3,7,,0,2,2,9,A01
202100017865,3,2,,0,2,1,16,B01
202100017865,3,7,,0,2,2,15,A01
202100017866,0,7,,0,2,1,1,B01
202100017866,0,7,,0,2,6,1,A01
202100017867,2,30,,0,2,1,5,A01
202100017867,1,30,,0,2,1,1,B01
202100017868,3,32,,0,2,1,1,A01
202100017869,3,7,,0,2,8,14,B01
202100017869,3,7,,0,2,3,13,A01
202100017870,2,99,,8,0,2,26,A01
202100017871,2,33,,9,1,1,9,A01
202100017872,2,31,,0,2,1,3,A01
202100017872,1,7,,0,2,8,15,B01
202100017873,1,7,,0,1,2,26,A01
202100017874,1,34,,0,1,1,1,Z01
202100017875,2,43,,0,2,0,18,B01
202100017875,2,7,,0,2,2,16,A01
202100017876,1,7,,12,0,2,9,A01
202100017877,1,7,,0,2,1,15,B01
202100017877,2,50,,0,2,1,1,A01
202100017878,2,1,,0,1,1,1,A01
202100017879,3,7,,0,2,2,1,A01
202100017879,2,33,,0,2,3,1,B01
202100017880,2,32,,0,2,7,1,B01
202100017880,2,14,,0,2,1,1,A01
202100017881,1,33,,0,2,8,1,B01
202100017881,2,7,,0,0,2,15,A01
202100017882,2,37,2.0,0,2,1,1,B01
202100017882,1,7,,0,2,2,1,A01
202100017883,1,7,,0,2,2,15,A01
202100017883,2,7,,0,2,3,1,B01
202100017884,0,7,,0,2,6,24,A01
202100017884,1,10,,1,2,2,14,B01
202100017885,2,7,,0,2,1,2,A01
202100017885,2,7,,0,0,4,1,B01
202100017886,2,30,,0,2,1,1,B01
202100017886,1,7,,0,2,3,15,A01
202100017887,2,7,,0,2,1,15,B01
202100017887,1,10,,0,2,1,1,A01
202100017888,1,7,,0,2,6,2,B01
202100017888,1,7,,0,2,2,2,A01
202100017889,-1,32,,0,2,1,26,B01
202100017889,0,99,,0,0,0,0,A01
202100017890,2,7,,0,1,7,19,A01
202100017891,0,1,,0,0,0,26,A01
202100017892,0,7,,0,1,1,26,A01
202100017892,0,60,,0,2,0,0,Y01
202100017893,1,7,,0,2,2,1,B01
202100017893,1,7,,0,2,8,9,A01
202100017894,0,33,,0,2,1,1,A01
202100017894,0,7,,0,2,2,9,B01
202100017895,1,2,,1,2,1,1,A01
202100017895,1,1,,0,2,3,15,B01
202100017895,1,7,,0,2,6,24,C01
202100017896,2,7,,0,2,1,1,A01
202100017896,2,7,,0,2,4,23,B01
202100017897,3,7,,0,2,2,2,A01
202100017897,3,34,,0,2,4,1,B01
202100017898,1,30,,0,2,2,1,A01
202100017898,2,10,,0,2,2,15,B01
202100017899,1,7,,14,2,0,0,A01
202100017899,1,2,,0,2,1,0,B01
202100017900,1,7,,0,0,0,15,B01
202100017900,1,30,,0,2,8,1,A01
202100017901,1,7,,0,2,4,1,B01
202100017901,1,14,,0,2,1,2,A01
202100017902,1,7,,0,1,8,1,A01
202100017903,1,31,,0,1,1,1,A01
202100017904,2,7,,0,2,1,2,A01
202100017904,2,7,,0,2,4,1,B01
202100017904,2,7,,0,2,4,1,C01
202100017905,1,7,,0,1,2,1,A01
202100017906,3,7,,0,1,1,15,A01
202100017907,1,7,,3,0,8,13,A01
202100017908,1,7,,2,0,0,1,A01
202100017909,1,2,,0,2,7,1,A01
202100017909,2,7,,0,2,3,1,B01
202100017910,1,7,,0,0,0,1,A01
202100017911,0,7,,0,1,4,20,A01
202100017912,0,7,,0,2,3,0,A01
202100017912,3,7,,0,2,1,17,B01
202100017913,2,7,,0,2,1,13,A01
202100017913,1,7,,0,2,1,1,B01
202100017914,1,7,,2,0,3,13,A01
202100017915,2,7,,0,2,8,1,C01
202100017915,2,7,,0,2,4,2,B01
202100017915,2,7,,0,2,1,2,A01
202100017916,2,10,,0,2,1,2,B01
202100017916,2,7,,4,2,0,1,A01
202100017917,2,7,,0,0,3,15,A01
202100017917,1,33,,0,2,1,17,B01
202100017918,2,7,,0,2,5,21,A01
202100017918,1,14,,0,2,1,1,C01
202100017918,2,7,,0,0,6,23,B01
202100017919,2,7,,0,9,3,1,B01
202100017919,1,33,,0,2,0,1,A01
202100017920,3,7,,0,2,2,1,B01
202100017920,3,7,,0,2,3,1,A01
202100017921,3,2,,13,0,0,1,A01
202100017922,2,7,,15,1,3,1,A01
202100017923,2,14,,0,1,3,16,A01
202100017924,1,7,,0,0,3,1,A01
202100017925,3,7,,0,0,0,1,A01
202100017926,3,7,,0,1,1,16,A01
202100017927,1,7,,0,1,3,9,A01
202100017928,1,33,,13,0,1,1,A01
202100017929,3,7,,0,0,8,9,B01
202100017929,3,7,,0,2,1,1,A01
202100017930,1,7,,3,0,1,1,B01
202100017930,1,7,,0,2,1,1,A01
202100017931,2,7,,0,2,3,1,B01
202100017931,1,10,,0,2,1,6,A01
202100017932,1,7,,0,2,1,15,B01
202100017932,2,7,,0,2,1,1,A01
202100017933,2,10,,13,0,1,1,A01
202100017934,2,7,,0,2,2,1,B01
202100017934,1,13,,0,2,1,13,A01
202100017935,2,2,,0,2,1,1,B01
202100017935,1,7,,0,2,1,15,A01
202100017936,1,31,,0,2,1,1,B01
202100017936,2,7,,0,2,2,19,A01
202100017937,3,7,,0,1,1,16,A01
202100017938,2,7,,16,0,9,13,A01
202100017939,2,1,,0,2,1,19,A01
202100017939,1,7,,0,2,2,1,B01
202100017940,3,99,,0,0,7,1,B01
202100017940,3,1,,0,2,1,1,A01
202100017941,2,99,,0,2,3,10,B01
202100017941,2,7,,0,2,2,1,A01
202100017942,2,7,,13,0,1,1,A01
202100017943,2,7,,0,2,2,15,B01
202100017943,1,50,,0,2,8,1,A01
202100017944,1,7,,2,0,7,13,A01
202100017945,1,7,,2,0,1,1,A01
202100017946,2,7,,0,2,3,2,A01
202100017946,2,2,,0,0,4,2,B01
202100017947,1,7,,0,1,1,1,A01
202100017948,0,1,,0,0,0,0,A01
202100017949,1,7,,0,2,4,2,B01
202100017949,1,7,,0,2,1,2,A01
202100017950,1,31,,3,0,3,17,A01
202100017951,2,7,,0,2,1,2,D01
202100017951,2,7,,0,2,1,2,C01
202100017951,2,7,,0,2,4,2,B01
202100017951,2,7,,0,0,4,26,A01
202100017952,2,7,,0,2,6,15,A01
202100017952,2,33,,0,2,1,2,B01
202100017953,1,2,,0,2,1,1,B01
202100017953,2,7,,0,2,3,19,A01
202100017954,0,7,,0,2,3,0,B01
202100017954,0,31,,0,2,1,3,A01
202100017955,3,21,,0,0,0,13,A01
202100017956,1,33,,12,0,7,9,A01
202100017957,2,7,,0,1,1,0,A01
202100017958,2,7,,0,2,8,13,A01
202100017958,2,33,,0,2,7,1,B01
202100017958,2,7,,0,2,4,1,C01
202100017959,1,10,,0,5,1,1,A01
202100017960,1,33,,0,2,1,26,A01
202100017960,1,7,,0,2,4,2,B01
202100017961,2,7,,0,2,4,2,B01
202100017961,2,7,,0,2,4,2,C01
202100017961,2,7,,0,2,1,2,A01
202100017962,1,32,,16,0,8,26,A01
202100017963,1,33,,0,2,4,2,B01
202100017963,1,7,,0,2,1,2,A01
202100017964,1,7,,0,2,1,0,A01
202100017964,1,7,,0,2,4,0,B01
202100017964,1,7,,0,2,4,0,C01
202100017965,1,7,,0,2,4,2,B01
202100017965,1,15,,0,2,2,2,A01
202100017966,1,7,,0,2,6,13,A01
202100017966,1,33,,0,2,2,1,B01
202100017967,2,7,,5,0,1,3,A01
202100017968,1,16,,0,2,0,0,D01
202100017968,1,10,,0,2,6,2,C01
202100017968,1,7,,0,2,4,2,B01
202100017968,1,7,,0,2,2,2,A01
202100017969,1,7,,6,0,7,2,A01
202100017970,2,34,,0,2,7,1,A01
202100017970,2,7,,0,2,3,1,B01
202100017971,1,10,,0,0,2,0,B01
202100017971,1,33,,0,0,3,26,A01
202100017972,2,32,,0,0,0,1,A01
202100017973,2,7,,4,0,1,1,A01
202100017974,2,15,,0,2,9,1,B01
202100017974,2,14,,0,2,1,1,A01
202100017974,2,15,,0,2,4,1,C01
202100017975,1,7,,0,2,4,2,B01
202100017975,1,7,,0,2,1,2,A01
202100017976,2,7,,0,2,2,1,A01
202100017976,3,1,,0,2,1,19,B01
202100017977,2,7,,0,1,1,1,A01
202100017978,2,30,,0,0,8,1,A01
202100017979,1,7,,0,1,1,1,A01
202100017980,1,31,,0,9,8,15,A01
202100017981,1,2,,0,2,7,1,B01
202100017981,1,7,,0,2,7,16,A01
202100017982,2,7,,0,2,2,1,B01
202100017982,2,30,,0,2,8,1,A01
202100017983,0,50,,0,2,7,19,B01
202100017983,1,7,,0,2,3,19,A01
202100017984,3,7,,6,2,1,5,A01
202100017985,2,7,,0,2,3,1,B01
202100017985,2,2,,0,2,7,9,A01
202100017986,1,7,,0,2,1,0,A01
202100017986,3,7,,0,2,4,1,B01
202100017987,1,33,,0,2,7,21,A01
202100017988,2,7,,0,1,2,9,A01
202100017989,1,32,,0,1,1,2,A01
202100017990,2,7,,0,2,1,1,A01
202100017990,1,7,,0,2,4,1,B01
202100017991,1,7,,0,2,2,15,A01
202100017991,2,7,,0,2,1,1,B01
202100017992,1,7,,2,0,1,16,A01
202100017993,1,1,,0,2,1,1,A01
202100017993,1,7,,0,0,5,1,B01
202100017994,2,7,,6,0,1,2,A01
202100017995,1,2,,0,2,1,13,A01
202100017995,0,7,,0,2,6,1,B01
202100017996,1,7,,0,1,2,15,A01
202100017997,2,7,,0,2,2,1,B01
202100017997,2,7,,0,2,8,20,A01
202100017998,1,7,,0,2,1,26,A01
202100017998,1,7,,0,2,1,0,B01
202100017999,1,1,,0,1,1,1,A01
202100018000,2,7,,0,2,7,15,B01
202100018000,1,7,,0,2,1,19,A01
202100018001,2,7,,0,1,2,1,A01
202100018002,2,10,,0,2,1,12,A01
202100018002,2,10,,2,2,6,1,B01
202100018003,1,7,,9,2,2,16,A01
202100018004,3,7,,0,2,1,1,A01
202100018005,1,7,,8,0,3,1,A01
202100018006,3,31,,0,2,2,2,A01
202100018006,3,7,,0,2,3,15,B01
202100018007,3,7,,12,0,7,2,A01
202100018008,1,33,,0,0,4,9,A01
202100018008,1,7,,0,2,2,2,B01
202100018009,1,7,,2,0,8,1,A01
202100018010,3,7,,7,0,1,15,A01
202100018011,2,7,,0,2,4,1,C01
202100018011,2,7,,0,2,1,2,A01
202100018011,2,34,,0,2,4,2,B01
202100018012,1,7,,0,2,4,2,D01
202100018012,1,7,,0,2,5,2,C01
202100018012,1,7,,0,2,5,2,B01
202100018012,1,7,,0,2,3,11,A01
202100018013,1,32,,0,2,3,3,B01
202100018013,1,7,,0,2,2,12,A01
202100018014,2,33,,0,2,4,3,A01
202100018014,2,7,,0,2,8,1,B01
202100018014,2,7,,0,2,2,12,Z01
202100018015,1,7,,0,2,4,2,C01
202100018015,1,7,,0,2,4,2,B01
202100018015,1,7,,0,2,1,2,A01
202100018016,1,7,,0,2,4,1,C01
202100018016,1,7,,0,2,4,2,B01
202100018016,1,7,,0,2,6,2,D01
202100018016,1,7,,0,2,1,2,A01
202100018017,1,7,,0,1,3,1,A01
202100018018,2,7,,1,2,2,1,A01
202100018018,2,7,,0,2,3,1,B01
202100018019,2,7,,0,2,1,2,A01
202100018019,2,7,,0,2,4,23,B01
202100018020,3,7,,0,1,1,1,A01
202100018021,1,7,,2,0,3,14,A01
202100018022,2,32,,0,2,6,18,B01
202100018022,2,50,,0,2,1,19,A01
202100018023,1,30,,0,0,0,1,A01
202100018024,2,10,,0,1,3,1,A01
202100018025,1,7,,0,2,4,2,C01
202100018025,1,7,,0,2,4,2,B01
202100018025,1,7,,0,2,1,2,A01
202100018026,1,7,,0,2,4,23,A01
202100018026,1,7,,0,2,1,23,B01
202100018026,1,7,,0,2,1,2,C01
202100018027,1,7,,0,2,3,16,B01
202100018027,2,7,,0,2,2,1,A01
202100018028,1,1,,0,1,1,1,A01
202100018029,1,7,,0,1,4,4,Z01
202100018030,1,1,,0,2,1,13,A01
202100018030,2,50,,0,2,1,1,B01
202100018031,1,7,,0,0,6,2,B01
202100018031,1,30,,0,2,1,2,A01
202100018032,1,7,,1,2,8,1,B01
202100018032,1,10,,0,2,1,1,A01
202100018033,1,7,,0,2,2,19,A01
202100018033,1,7,,0,2,3,15,B01
202100018034,3,7,,0,2,5,1,B01
202100018034,3,7,,0,2,3,1,A01
202100018035,2,30,,0,0,0,0,A01
202100018036,2,7,,0,2,1,17,A01
202100018036,1,7,,0,2,1,1,B01
202100018037,3,2,,0,2,3,1,A01
202100018037,3,21,,0,2,3,1,B01
202100018038,2,7,,3,0,0,14,A01
202100018039,1,7,,0,2,1,1,A01
202100018039,1,7,,0,2,4,11,B01
202100018039,1,15,,0,2,6,9,C01
202100018040,2,7,,0,2,3,15,A01
202100018040,1,2,,2,2,3,1,B01
202100018041,2,7,,16,0,1,1,A01
202100018042,2,7,,0,1,1,15,A01
202100018043,2,7,,0,2,1,2,A01
202100018043,2,7,,0,0,6,1,B01
202100018044,2,32,,0,0,0,0,A01
202100018045,2,7,,2,0,3,1,A01
202100018046,1,7,,16,0,0,17,A01
202100018047,3,7,,0,2,1,1,B01
202100018047,3,10,,0,2,8,9,A01
202100018048,1,7,,15,0,1,1,A01
202100018049,2,7,,0,2,3,1,C01
202100018049,1,7,,0,2,1,13,A01
202100018049,2,7,,0,2,3,1,B01
202100018050,2,7,,0,1,2,15,A01
202100018051,2,14,,13,0,7,14,A01
202100018052,1,3,,6,0,1,1,A01
202100018053,2,7,,0,2,8,15,B01
202100018053,2,33,,0,2,1,17,A01
202100018054,1,7,,3,0,7,1,A01
202100018055,1,7,,0,2,3,16,A01
202100018055,1,2,,0,2,2,9,B01
202100018056,3,7,,0,1,1,13,A01
202100018057,1,33,,0,1,1,0,A01
202100018058,1,33,,0,2,1,1,B01
202100018058,2,7,,0,2,1,1,A01
202100018059,3,7,,0,0,2,14,A01
202100018060,1,7,,0,2,1,1,B01
202100018060,2,7,,0,2,1,0,A01
202100018061,2,7,,0,2,2,13,A01
202100018061,1,7,,0,2,2,1,B01
202100018062,1,33,,0,2,1,5,B01
202100018062,2,7,,0,2,3,1,A01
202100018063,2,7,,0,2,7,1,B01
202100018063,1,7,,0,2,1,9,A01
202100018064,1,10,,0,2,2,2,A01
202100018064,1,17,,0,0,6,2,B01
202100018065,2,7,,13,0,4,13,A01
202100018066,1,7,,0,2,1,2,B01
202100018066,1,7,,0,2,4,1,A01
202100018067,1,32,,0,2,3,17,B01
202100018067,2,7,,0,2,2,1,A01
202100018068,1,7,,16,0,1,1,A01
202100018069,2,7,,2,0,1,1,A01
202100018070,1,33,,2,0,9,1,A01
202100018071,1,33,,0,2,7,21,B01
202100018071,2,7,,0,2,7,26,A01
202100018072,3,36,,0,0,0,0,A01
202100018073,1,14,,10,2,3,1,B01
202100018073,2,7,,5,2,1,13,A01
202100018073,2,7,,0,2,1,1,C01
202100018074,0,2,,0,2,1,0,B01
202100018074,0,7,,0,2,3,0,A01