Num_Acc,senc,catv,occutc,obs,obsm,choc,manv,num_veh
202100018075,3,7,,0,2,3,9,A01
202100018075,3,1,,0,2,2,12,B01
202100018076,2,33,,0,2,1,1,B01
202100018076,1,7,,0,2,2,1,A01
202100018077,1,10,,0,0,0,0,A01
202100018078,2,14,,0,2,1,1,B01
202100018078,1,7,,0,2,1,13,A01
202100018079,2,33,,13,0,8,14,A01
202100018080,2,33,,0,2,5,17,B01
202100018080,2,7,,0,2,3,13,A01
202100018081,0,7,,0,2,2,16,A01
202100018081,0,1,,0,2,8,19,B01
202100018082,2,7,,0,2,2,1,B01
202100018082,3,7,,0,2,1,1,A01
202100018083,2,7,,0,0,1,1,A01
202100018084,2,2,,0,6,1,26,A01
202100018085,2,43,,4,0,8,1,A01
202100018086,1,10,,0,2,8,1,B01
202100018086,1,7,,0,2,8,1,A01
202100018087,1,7,,0,2,1,2,D01
202100018087,1,7,,0,2,4,2,C01
202100018087,1,7,,0,2,4,2,B01
202100018087,1,7,,0,2,4,2,A01
202100018088,2,33,,6,0,0,2,A01
202100018089,1,33,,0,0,9,1,A01
202100018090,1,7,,0,2,1,2,A01
202100018090,1,10,,0,2,4,2,B01
202100018091,2,7,,0,2,8,1,C01
202100018091,2,7,,0,2,5,1,B01
202100018091,2,33,,0,2,1,3,A01
202100018092,1,10,,0,2,4,2,D01
202100018092,1,7,,0,2,4,2,C01
202100018092,1,7,,0,2,4,2,B01
202100018092,1,7,,0,2,1,2,A01
202100018093,1,7,,0,2,5,12,A01
202100018093,1,43,,0,2,1,3,B01
202100018094,1,7,,0,2,4,2,C01
202100018094,1,7,,0,2,4,2,B01
202100018094,1,7,,0,2,4,1,A01
202100018094,1,7,,0,2,1,1,F01
202100018094,1,7,,0,2,4,2,E01
202100018094,1,7,,0,2,4,2,D01
202100018095,1,10,,0,2,1,1,A01
202100018095,1,7,,0,2,9,1,B01
202100018095,1,7,,0,2,9,1,C01
202100018095,2,7,,0,2,4,1,D01
202100018096,2,34,,0,2,7,2,A01
202100018097,1,7,,4,0,1,14,A01
202100018098,2,33,,0,2,8,3,B01
202100018098,2,10,,0,2,7,12,A01
202100018099,2,7,,0,2,7,12,B01
202100018099,2,33,,0,2,1,3,A01
202100018100,2,7,,0,2,4,1,C01
202100018100,2,33,,0,2,3,3,B01
202100018100,2,7,,0,2,2,12,A01
202100018101,2,33,,0,2,1,3,A01
202100018101,2,10,,0,2,8,11,B01
202100018102,1,7,,0,1,1,0,A01
202100018103,2,10,,0,2,1,2,C01
202100018103,2,10,,0,2,1,2,B01
202100018103,2,7,,0,2,4,2,A01
202100018104,3,7,,0,1,1,1,A01
202100018105,3,7,,0,2,1,1,B01
202100018105,3,7,,0,2,1,12,A01
202100018106,2,7,,14,1,2,1,A01
202100018107,2,7,,0,2,0,0,C01
202100018107,2,7,,0,2,4,2,B01
202100018107,2,10,,0,2,1,2,A01
202100018108,1,7,,13,0,1,13,A01
202100018109,1,2,,0,2,1,1,A01
202100018109,3,7,,1,2,5,1,C01
202100018109,2,7,,0,2,3,1,Z01
202100018110,2,7,,12,2,1,15,A01
202100018110,0,1,,12,2,1,8,B01
202100018111,2,31,,0,2,8,18,A01
202100018111,2,10,,0,2,7,16,B01
202100018112,0,7,,0,2,1,0,A01
202100018112,2,7,,0,2,4,1,B01
202100018113,2,7,,0,2,7,1,B01
202100018113,2,7,,0,2,1,18,A01
202100018114,2,7,,0,2,8,15,B01
202100018114,1,31,,0,2,1,16,A01
202100018115,1,32,,0,2,8,15,A01
202100018115,2,7,,0,2,1,1,B01
202100018116,2,7,,0,2,8,2,A01
202100018117,1,7,,0,0,3,15,A01
202100018117,1,33,,0,2,3,17,B01
202100018118,3,1,,0,2,7,19,B01
202100018118,3,10,,0,2,1,1,A01
202100018119,1,1,,0,1,4,2,A01
202100018120,3,33,,0,2,8,1,B01
202100018120,3,7,,0,2,7,16,A01
202100018121,1,2,,0,2,2,17,A01
202100018121,1,7,,0,2,3,11,B01
202100018122,3,7,,1,1,3,1,A01
202100018123,1,7,,0,2,4,1,C01
202100018123,1,2,,0,2,9,1,B01
202100018123,1,7,,1,2,9,1,A01
202100018124,0,37,1.0,0,2,8,15,B01
202100018124,1,33,,0,2,1,1,A01
202100018125,3,7,,0,1,2,14,A01
202100018126,3,7,,1,0,1,2,A01
202100018127,1,7,,0,1,2,1,A01
202100018128,1,37,1.0,0,1,1,15,A01
202100018129,1,7,,0,2,2,1,B01
202100018129,1,10,,0,2,3,20,A01
202100018130,1,30,,0,0,7,16,A01
202100018131,2,1,,0,2,4,1,B01
202100018131,2,7,,0,2,1,3,A01
202100018132,2,1,,1,0,4,26,A01
202100018132,1,7,,1,0,5,0,B01
202100018133,2,7,,0,1,1,15,A01
202100018134,3,10,,0,2,7,5,B01
202100018134,3,33,,0,2,8,1,A01
202100018135,1,7,,0,9,4,2,B01
202100018135,1,33,,0,2,1,2,A01
202100018136,3,80,,0,2,7,19,B01
202100018136,1,7,,0,2,1,16,A01
202100018137,2,10,,0,2,3,24,A01
202100018137,2,50,,0,2,1,2,B01
202100018138,2,7,,0,2,3,11,A01
202100018138,1,31,,0,2,1,1,B01
202100018139,1,7,,0,2,3,15,A01
202100018139,1,2,,0,2,2,3,B01
202100018140,1,7,,0,2,2,1,A01
202100018140,2,7,,0,2,5,19,B01
202100018140,2,7,,0,2,1,1,C01
202100018141,3,7,,0,2,2,1,A01
202100018141,3,7,,0,2,2,1,B01
202100018142,1,7,,0,2,7,1,A01
202100018142,0,7,,0,0,0,0,B01
202100018142,1,7,,0,2,1,1,C01
202100018143,1,10,,3,2,1,2,A01
202100018143,1,7,,3,2,4,1,B01
202100018144,0,7,,0,2,4,1,B01
202100018144,0,2,,0,2,1,1,A01
202100018145,3,7,,0,2,4,9,D01
202100018145,3,7,,0,2,7,9,C01
202100018145,3,7,,0,2,8,9,B01
202100018145,3,7,,2,2,7,26,A01
202100018146,1,7,,0,1,1,16,A01
202100018147,1,7,,0,1,1,26,Z01
202100018148,2,7,,9,0,1,13,A01
202100018149,3,7,,13,0,3,13,A01
202100018150,3,7,,0,1,1,2,A01
202100018151,1,33,,0,2,2,13,B01
202100018151,1,7,,0,2,3,11,A01
202100018152,0,7,,0,2,1,1,A01
202100018152,0,2,,0,2,1,5,B01
202100018153,2,33,,0,2,1,26,B01
202100018153,3,3,,0,2,3,26,A01
202100018154,3,2,,0,0,0,15,B01
202100018154,1,7,,0,2,0,9,A01
202100018155,3,33,,0,2,8,0,B01
202100018155,3,7,,0,2,2,10,A01
202100018156,1,7,,13,0,9,0,A01
202100018157,3,7,,0,2,1,9,A01
202100018157,1,7,,0,2,1,1,B01
202100018158,2,32,,1,2,6,17,A01
202100018158,1,30,,1,2,3,1,B01
202100018159,1,7,,0,2,2,1,A01
202100018159,3,2,,0,2,1,19,B01
202100018160,2,7,,0,2,3,15,B01
202100018160,2,34,,0,2,3,17,A01
202100018161,3,32,,8,2,2,2,A01
202100018161,3,7,,0,2,3,15,B01
202100018162,0,7,,0,1,3,1,A01
202100018163,0,7,,0,2,5,15,A01
202100018163,0,7,,0,2,2,1,B01
202100018164,1,7,,0,1,3,1,A01
202100018165,1,2,,0,2,1,1,B01
202100018165,2,1,,0,2,1,15,A01
202100018166,0,32,,8,0,1,1,A01
202100018167,2,7,,0,2,4,23,B01
202100018167,2,7,,0,2,4,23,C01
202100018167,2,7,,0,2,4,23,D01
202100018167,2,7,,0,2,1,2,A01
202100018168,1,7,,0,2,5,5,A01
202100018168,1,33,,0,2,1,7,B01
202100018169,2,30,,0,2,2,2,A01
202100018169,2,7,,0,2,2,2,Z01
202100018170,2,1,,1,1,1,1,A01
202100018171,3,7,,1,0,2,13,A01
202100018172,1,7,,0,2,1,18,B01
202100018172,1,33,,0,2,5,16,A01
202100018173,2,7,,0,2,2,16,B01
202100018173,2,30,,0,2,2,7,A01
202100018174,1,30,,0,2,3,15,B01
202100018174,1,1,,0,2,3,1,A01
202100018175,1,10,,6,0,0,1,A01
202100018176,1,7,,0,2,7,15,A01
202100018176,2,50,,0,2,1,16,B01
202100018177,2,7,,0,2,2,10,B01
202100018177,1,33,,0,2,1,1,A01
202100018178,1,7,,0,2,1,1,B01
202100018178,1,10,,7,2,7,1,A01
202100018179,2,7,,0,1,1,16,A01
202100018180,2,7,,0,1,7,1,A01
202100018181,1,1,,0,2,2,1,B01
202100018181,1,7,,0,2,2,16,A01
202100018182,1,7,,0,2,3,2,A01
202100018182,1,7,,0,2,4,2,B01
202100018182,1,7,,0,2,4,2,C01
202100018183,1,7,,0,2,7,1,A01
202100018183,1,10,,0,2,1,1,B01
202100018184,0,30,,0,1,1,1,A01
202100018185,2,7,,0,2,5,16,B01
202100018185,2,34,,0,2,1,18,A01
202100018186,2,7,,0,9,1,1,A01
202100018186,2,50,,0,2,1,1,B01
202100018187,3,7,,0,2,5,2,C01
202100018187,3,7,,0,2,4,2,B01
202100018187,3,7,,0,2,3,1,A01
202100018188,2,7,,4,2,1,0,A01
202100018188,1,7,,0,2,1,1,B01
202100018189,1,33,,0,0,1,1,B01
202100018189,2,10,,0,0,3,15,A01
202100018190,2,1,,0,2,1,1,B01
202100018190,1,7,,0,9,3,17,A01
202100018191,1,1,,0,2,1,1,B01
202100018191,1,7,,0,9,7,15,A01
202100018192,2,7,,4,0,1,1,A01
202100018193,3,7,,12,0,6,2,A01
202100018193,3,0,,0,2,0,0,Z01
202100018194,0,7,,8,2,1,21,A01
202100018195,3,7,,4,0,1,1,A01
202100018196,2,7,,0,9,3,15,A01
202100018196,1,50,,0,2,8,1,B01
202100018197,2,7,,0,2,1,9,B01
202100018197,1,30,,0,2,2,1,A01
202100018198,3,1,,0,2,1,9,A01
202100018198,3,7,,0,2,2,0,B01
202100018199,1,33,,0,2,3,18,A01
202100018199,1,7,,0,2,7,16,B01
202100018200,2,7,,0,2,1,1,B01
202100018200,2,7,,0,2,4,1,A01
202100018201,2,7,,0,2,6,1,A01
202100018201,2,7,,0,2,2,0,B01
202100018202,1,7,,0,2,1,21,C01
202100018202,1,7,,0,2,3,23,A01
202100018202,1,33,,1,0,2,21,B01
202100018203,2,10,,0,2,4,26,A01
202100018203,2,7,,0,2,1,26,B01
202100018204,2,7,,0,2,4,2,B01
202100018204,2,7,,0,2,1,2,C01
202100018205,1,7,,16,0,1,19,A01
202100018206,1,10,,0,2,4,1,B01
202100018206,1,10,,0,2,1,1,A01
202100018207,2,33,,0,2,7,1,B01
202100018207,2,3,,0,2,3,11,A01
202100018208,1,32,,0,2,1,3,B01
202100018208,1,7,,0,2,6,11,A01
202100018209,1,7,,4,0,9,14,A01
202100018210,1,7,,0,2,1,0,A01
202100018211,2,7,,0,2,7,14,B01
202100018211,2,33,,0,2,3,1,A01
202100018212,2,33,,0,2,2,1,A01
202100018212,2,7,,0,2,8,2,B01
202100018213,1,33,,0,2,1,21,F01
202100018213,1,33,,0,2,1,21,E01
202100018213,1,33,,0,2,1,21,D01
202100018213,1,31,,0,2,1,21,C01
202100018213,1,33,,0,2,1,21,B01
202100018213,1,33,,0,2,1,21,A01
202100018214,1,33,,0,2,3,3,B01
202100018214,1,10,,0,2,7,12,A01
202100018215,1,7,,0,1,3,1,A01
202100018216,1,15,,0,9,1,1,C01
202100018216,1,2,,0,0,4,0,B01
202100018216,1,7,,0,2,1,1,A01
202100018217,2,7,,0,2,1,15,A01
202100018217,1,30,,0,2,1,1,B01
202100018218,2,7,,3,0,9,14,A01
202100018219,2,7,,0,2,3,9,A01
202100018219,1,7,,16,2,1,1,B01
202100018220,1,7,,0,1,1,1,A01
202100018221,2,33,,0,2,1,1,B01
202100018221,1,7,,0,0,7,15,A01
202100018222,1,7,,3,0,1,26,B01
202100018222,1,7,,3,0,4,16,A01
202100018223,2,7,,0,2,7,1,B01
202100018223,1,2,,0,2,1,23,A01
202100018224,2,7,,0,1,3,2,A01
202100018225,3,7,,0,1,3,15,A01
202100018226,1,2,,0,2,5,2,A01
202100018226,1,2,,0,2,3,2,B01
202100018227,2,7,,0,2,1,15,A01
202100018227,1,7,,8,2,2,1,B01
202100018228,1,7,,2,0,8,1,A01
202100018229,2,7,,0,0,4,2,B01
202100018229,2,7,,0,2,1,2,A01
202100018230,2,7,,0,2,1,1,D01
202100018230,2,7,,0,2,3,1,C01
202100018230,1,34,,0,2,3,17,A01
202100018231,2,7,,16,0,9,1,A01
202100018232,2,7,,3,0,3,1,A01
202100018233,1,2,,0,0,0,0,A01
202100018234,1,33,,0,2,1,1,B01
202100018234,1,7,,0,2,8,19,A01
202100018235,1,7,,13,0,2,1,A01
202100018236,2,7,,1,0,1,0,A01
202100018237,2,1,,0,2,1,2,C01
202100018237,2,1,,0,2,1,2,B01
202100018237,2,1,,0,2,4,1,A01
202100018238,1,7,,0,2,1,16,A01
202100018238,1,7,,0,0,7,1,B01
202100018239,1,33,,9,0,9,0,A01
202100018240,0,2,,0,0,0,1,A01
202100018241,3,7,,0,0,2,1,A01
202100018242,1,7,,2,0,2,1,A01
202100018243,2,7,,2,0,2,1,A01
202100018244,1,7,,13,0,2,21,A01
202100018245,1,7,,2,0,3,0,A01
202100018246,2,1,,12,0,1,1,A01
202100018247,3,30,,12,0,8,1,A01
202100018248,2,7,,3,0,8,1,A01
202100018249,1,2,,0,2,1,1,B01
202100018249,3,7,,0,2,2,9,A01
202100018250,1,33,,0,2,8,21,B01
202100018250,2,7,,0,2,3,13,A01
202100018251,2,7,,2,0,8,1,A01
202100018252,1,7,,2,0,9,14,A01
202100018253,1,7,,3,2,1,13,A01
202100018253,2,99,,0,2,1,1,B01
202100018254,1,7,,0,0,1,14,A01
202100018255,1,7,,13,0,1,1,A01
202100018256,1,33,,0,0,3,1,A01
202100018257,2,7,,0,2,3,13,A01
202100018257,1,7,,0,2,3,1,B01
202100018258,2,17,,0,0,8,1,A01
202100018259,3,7,,0,9,3,26,A01
202100018259,2,1,,0,2,1,1,B01
202100018260,2,7,,0,2,1,1,B01
202100018260,1,15,,0,0,2,19,A01
202100018261,2,7,,0,2,4,2,B01
202100018261,2,7,,0,2,1,2,A01
202100018262,2,10,,8,0,2,14,A01
202100018263,0,7,,13,0,1,0,A01
202100018264,2,7,,0,2,0,13,A01
202100018264,1,10,,0,2,2,1,B01
202100018265,1,34,,0,0,7,1,A01
202100018266,1,7,,0,0,5,20,A01
202100018266,1,2,,0,2,1,18,B01
202100018267,1,7,,0,2,1,1,B01
202100018267,1,7,,3,0,7,23,A01
202100018268,1,7,,0,2,1,13,A01
202100018268,2,7,,0,2,1,1,B01
202100018269,2,7,,0,1,2,1,A01
202100018270,0,36,,0,0,0,1,A01
202100018271,1,33,,0,0,0,1,A01
202100018272,0,7,,2,0,7,1,A01
202100018273,1,33,,0,6,1,1,A01
202100018274,2,33,,0,2,1,1,B01
202100018274,1,3,,0,2,1,15,A01
202100018275,1,1,,0,1,1,1,A01
202100018276,2,10,,0,0,1,1,B01
202100018276,1,7,,0,0,1,13,A01
202100018277,2,7,,0,2,8,9,A01
202100018277,0,33,,0,2,7,1,B01
202100018278,1,7,,2,0,3,1,A01
202100018279,1,7,,0,0,0,17,A01
202100018279,2,7,,1,0,3,1,B01
202100018280,1,7,,4,0,3,13,A01
202100018281,1,7,,0,2,6,10,A01
202100018281,1,30,,0,2,1,1,B01
202100018282,2,7,,16,0,0,21,A01
202100018283,3,32,,0,2,3,2,B01
202100018283,3,7,,0,2,7,2,A01
202100018284,1,7,,0,1,2,26,B01
202100018285,0,30,,0,1,1,1,A01
202100018286,3,43,,0,2,1,1,A01
202100018286,3,7,,0,2,8,15,B01
202100018287,3,7,,2,0,1,13,A01
202100018288,0,7,,0,1,0,20,A01
202100018289,1,99,,0,2,4,0,B01
202100018289,1,7,,0,2,1,26,A01
202100018290,1,1,,0,2,8,21,B01
202100018290,1,10,,0,2,0,0,Z01
202100018291,1,7,,0,2,6,11,B01
202100018291,1,7,,0,2,2,1,A01
202100018292,3,7,,0,2,7,15,A01
202100018292,3,33,,0,2,1,1,B01
202100018293,1,2,,0,2,1,1,B01
202100018293,1,7,,0,2,7,15,A01
202100018294,1,2,,0,2,7,3,A01
202100018294,1,7,,0,2,3,15,B01
202100018295,1,33,,0,2,1,1,B01
202100018295,1,7,,0,2,2,26,A01
202100018296,3,1,,0,9,2,0,B01
202100018296,3,60,,0,9,8,13,A01
202100018297,2,1,,0,2,8,1,B01
202100018297,1,7,,0,9,1,15,A01
202100018298,3,1,,0,9,4,21,A01
202100018298,1,50,,0,2,4,19,B01
202100018299,2,7,,0,4,3,15,A01
202100018299,1,40,,0,2,2,1,B01
202100018300,0,7,,0,2,1,19,B01
202100018300,0,7,,0,2,5,19,A01
202100018301,1,30,,0,2,1,2,B01
202100018301,1,10,,0,2,4,2,A01
202100018302,2,7,,0,1,2,16,A01
202100018303,1,7,,0,2,5,15,A01
202100018303,2,33,,0,2,1,1,B01
202100018304,1,7,,0,2,3,13,A01
202100018304,2,7,,0,2,3,1,B01
202100018305,1,7,,0,2,2,15,A01
202100018305,0,43,,0,2,3,1,B01
202100018306,1,2,,0,2,3,19,B01
202100018306,1,7,,0,2,7,17,A01
202100018307,2,10,,0,2,1,2,A01
202100018307,2,7,,0,1,4,2,B01
202100018308,1,7,,0,2,3,1,A01
202100018308,2,33,,0,2,1,1,B01
202100018309,2,7,,0,2,4,2,B01
202100018309,2,2,,0,2,1,2,A01
202100018310,2,2,,0,0,8,15,A01
202100018311,1,2,,0,2,1,1,A01
202100018311,2,7,,0,2,1,15,B01
202100018312,3,34,,12,0,1,1,A01
202100018313,1,7,,0,1,3,1,A01
202100018314,2,34,,0,1,1,17,A01
202100018315,2,32,,0,2,1,5,B01
202100018315,1,7,,0,2,3,1,A01
202100018316,0,7,,0,2,0,0,B01
202100018316,0,33,,0,2,1,13,A01
202100018317,1,1,,9,0,1,1,A01
202100018318,1,7,,0,1,6,26,A01
202100018319,1,7,,0,2,4,1,C01
202100018319,1,7,,0,2,4,1,B01
202100018319,1,7,,0,2,1,1,A01
202100018320,2,7,,2,1,2,15,A01
202100018321,1,10,,6,1,4,26,A01
202100018322,1,7,,0,1,2,1,A01
202100018323,1,1,,0,2,7,12,B01
202100018323,1,1,,0,2,8,18,A01
202100018324,1,7,,8,0,1,13,A01
202100018325,1,7,,0,2,2,17,Z01
202100018325,1,1,,8,2,3,1,A01
202100018326,1,7,,0,2,4,2,C01
202100018326,1,7,,0,2,6,2,B01
202100018326,1,7,,0,2,2,13,A01
202100018327,1,7,,12,0,1,9,A01
202100018328,3,32,,0,2,1,1,A01
202100018328,3,7,,0,2,3,15,B01
202100018329,2,7,,0,2,1,9,A01
202100018329,2,50,,0,2,7,1,B01
202100018330,1,7,,0,0,4,4,A01
202100018331,1,7,,0,0,0,0,B01
202100018331,1,10,,0,2,2,15,A01
202100018332,3,7,,15,0,1,0,A01
202100018333,2,30,,1,2,1,21,B01
202100018333,1,7,,0,2,1,21,A01
202100018334,1,7,,0,2,1,16,A01
202100018334,2,7,,0,2,1,23,B01
202100018335,3,7,,0,0,0,0,A01
202100018335,3,7,,0,0,0,0,B01
202100018336,2,33,,0,2,1,1,M01
202100018336,1,7,,0,2,2,10,A01
202100018337,1,10,,0,1,1,1,A01
202100018338,2,7,,0,1,1,1,A01
202100018339,2,10,,0,2,4,1,B01
202100018339,2,7,,0,2,1,2,A01
202100018340,1,1,,0,2,1,25,A01
202100018340,2,1,,0,2,8,25,B01
202100018341,2,1,,0,2,2,5,B01
202100018341,1,7,,0,2,3,1,A01
202100018342,1,1,,0,2,7,19,B01
202100018342,2,7,,0,2,1,1,A01
202100018343,1,7,,0,2,1,1,A01
202100018343,1,7,,0,2,1,1,B01
202100018344,1,7,,0,2,1,2,A01
202100018344,1,7,,0,9,4,2,B01
202100018344,1,2,,0,2,4,23,C01
202100018345,1,7,,1,0,1,1,A01
202100018346,1,37,6.0,2,0,1,1,A01
202100018347,1,7,,0,2,7,15,A01
202100018347,2,7,,0,2,1,2,B01
202100018348,0,7,,0,2,1,15,A01
202100018348,0,30,,0,2,1,1,B01
202100018349,1,50,,0,1,2,26,A01
202100018350,1,7,,0,1,3,26,A01
202100018351,1,31,,0,2,9,26,B01
202100018351,1,10,,0,2,1,26,A01
202100018352,1,21,,0,2,4,1,C01
202100018352,1,7,,0,2,1,1,B01
202100018352,1,7,,14,0,1,1,A01
202100018353,0,1,,0,2,0,11,A01
202100018353,0,10,,0,2,0,1,B01
202100018354,0,1,,0,2,4,26,A01
202100018354,0,7,,0,2,1,16,B01
202100018355,3,1,,0,1,1,2,A01
202100018356,2,1,,12,0,7,1,A01
202100018357,1,7,,0,2,3,5,B01
202100018357,2,1,,0,2,1,8,A01
202100018358,3,30,,12,0,7,1,A01
202100018359,0,99,,0,2,1,1,A01
202100018359,1,7,,0,2,4,1,B01
202100018360,0,0,,0,2,0,0,Y01
202100018361,2,2,,2,0,1,1,A01
202100018362,0,7,,0,2,2,10,B01
202100018362,0,7,,0,2,1,1,A01
202100018363,1,10,,0,2,4,2,B01
202100018363,1,2,,0,2,1,2,A01
202100018364,1,0,,0,2,0,2,Z01
202100018364,1,7,,0,2,4,23,B01
202100018365,1,7,,0,2,4,1,B01
202100018365,1,7,,0,2,1,2,A01
202100018366,0,2,,6,0,1,1,A01
202100018367,3,7,,0,1,1,1,A01
202100018368,1,7,,0,2,3,15,A01
202100018368,1,1,,0,2,4,12,B01
202100018369,1,7,,0,9,5,16,A01
202100018369,1,1,,0,2,1,1,B01
202100018370,0,1,,0,2,1,1,A01
202100018370,0,7,,0,2,0,0,B01
202100018371,3,7,,0,2,2,0,B01
202100018371,1,7,,0,2,3,19,A01
202100018372,1,7,,0,9,7,1,A01
202100018372,1,1,,0,2,0,2,B01
202100018373,2,7,,0,2,1,13,A01
202100018373,1,10,,0,2,1,1,B01
202100018374,2,50,,0,2,1,5,B01
202100018374,2,7,,0,2,7,15,A01
202100018375,1,33,,0,2,1,2,A01
202100018375,1,7,,0,2,4,2,B01
202100018376,1,7,,0,1,3,19,A01
202100018377,1,50,,0,2,1,2,B01
202100018377,1,7,,0,2,2,9,A01
202100018378,0,7,,1,0,8,22,B01
202100018378,1,1,,1,0,1,26,A01
202100018379,3,33,,0,2,3,16,A01
202100018379,3,7,,0,2,6,11,B01
202100018380,0,30,,0,2,1,1,B01
202100018380,0,7,,0,2,2,15,A01
202100018381,1,7,,0,1,1,1,A01
202100018382,1,7,,0,2,2,1,A01
202100018382,1,7,,0,0,4,1,B01
202100018383,1,7,,0,2,4,2,B01
202100018383,1,7,,0,2,1,2,A01
202100018384,1,7,,0,2,1,1,B01
202100018384,1,7,,0,2,8,1,A01
202100018385,2,7,,0,2,1,15,A01
202100018385,1,2,,0,2,1,1,B01
202100018386,2,7,,0,1,1,2,A01
202100018386,1,7,,0,1,8,2,B01
202100018387,0,33,,0,2,1,1,B01
202100018387,0,7,,0,2,3,19,A01
202100018388,0,7,,0,2,1,15,B01
202100018388,2,30,,0,2,7,17,A01
202100018389,1,7,,0,1,1,1,A01
202100018390,2,7,,0,2,4,15,B01
202100018390,2,10,,0,2,1,1,A01
202100018391,1,7,,2,0,1,1,A01
202100018392,1,32,,0,2,1,3,A01
202100018392,1,7,,0,2,6,1,B01
202100018392,1,7,,0,2,7,14,C01
202100018393,2,43,,0,0,8,1,A01
202100018394,1,33,,0,0,7,1,A01
202100018395,1,7,,0,1,4,4,A01
202100018396,2,13,,0,2,1,15,A01
202100018396,1,50,,0,2,3,1,B01
202100018397,2,33,,0,2,1,1,A01
202100018397,1,1,,0,2,1,5,B01
202100018398,2,32,,0,1,1,5,A01
202100018399,2,7,,0,2,3,13,A01
202100018399,1,1,,0,0,5,1,B01
202100018400,2,1,,0,2,1,25,A01
202100018400,1,2,,0,2,0,25,Z01
202100018401,1,32,,0,2,1,17,A01
202100018401,1,7,,0,2,6,1,B01
202100018402,1,32,,0,1,0,17,A01
202100018403,1,7,,0,2,8,11,A01
202100018403,1,34,,0,2,7,1,B01
202100018404,2,1,,0,2,7,5,A01
202100018404,1,33,,0,2,2,1,B01
202100018405,3,7,,0,2,6,11,B01
202100018405,3,7,,0,2,2,1,A01
202100018406,1,13,,0,2,4,2,B01
202100018406,1,50,,0,2,1,2,A01
202100018407,2,7,,0,2,2,1,A01
202100018407,1,2,,0,2,3,16,B01
202100018408,2,2,,0,2,2,1,B01
202100018408,1,1,,0,2,1,1,A01
202100018409,2,10,,0,2,4,2,Z01
202100018409,2,50,,0,2,1,2,A01
202100018410,1,7,,11,0,1,26,A01
202100018411,1,7,,0,2,2,19,B01
202100018411,2,7,,0,2,1,19,A01
202100018412,1,2,,0,2,1,26,B01
202100018412,2,7,,0,2,1,9,A01
202100018413,1,34,,0,1,1,1,A01
202100018414,2,7,,4,0,3,1,A01
202100018415,1,7,,0,2,4,23,B01
202100018415,1,7,,0,2,1,2,A01
202100018416,2,43,,0,2,0,0,A01
202100018416,2,7,,0,0,0,0,Z01
202100018417,1,2,,0,1,4,25,Z01
202100018418,1,10,,0,2,2,26,A01
202100018418,1,33,,0,2,4,23,B01
202100018419,2,7,,0,1,2,16,A01
202100018420,1,3,,0,1,3,15,A01
202100018421,2,10,,0,0,0,22,A01
202100018421,2,50,,1,2,0,21,B01
202100018422,1,7,,0,2,0,0,Z01
202100018422,1,7,,9,0,1,21,B01
202100018423,3,7,,0,1,1,2,A01
202100018424,-1,30,,0,2,1,1,B01
202100018424,3,7,,0,2,3,26,A01
202100018425,1,37,2.0,0,2,3,1,B01
202100018425,1,7,,0,2,5,14,A01
202100018426,1,7,,0,2,3,1,C01
202100018426,1,7,,0,2,3,1,B01
202100018426,2,7,,0,2,3,1,A01
202100018427,2,50,,0,0,0,0,B01
202100018427,1,50,,0,0,0,0,A01
202100018428,3,20,,0,2,4,0,B01
202100018428,3,20,,0,2,0,0,A01
202100018429,0,7,,0,2,1,15,A01
202100018429,0,50,,0,2,8,1,B01
202100018430,3,7,,9,0,1,1,A01
202100018431,1,34,,0,2,1,18,A01
202100018431,1,10,,0,2,3,0,B01
202100018432,3,50,,0,2,8,23,B01
202100018432,1,7,,0,2,3,19,A01
202100018433,1,33,,8,0,7,1,A01
202100018434,0,7,,0,2,3,1,A01
202100018434,0,60,,0,2,0,19,B01
202100018435,2,60,,0,2,0,19,B01
202100018435,0,7,,0,2,2,1,A01
202100018436,3,33,,0,2,2,9,A01
202100018436,2,7,,0,2,8,4,B01
202100018437,1,7,,8,0,1,14,A01
202100018438,1,7,,0,2,1,1,A01
202100018438,1,50,,0,2,8,1,B01
202100018439,1,7,,0,2,1,2,A01
202100018439,1,7,,0,0,4,23,B01
202100018440,3,7,,0,1,4,20,A01
202100018441,2,30,,0,2,7,19,B01
202100018441,2,7,,0,2,3,26,A01
202100018442,1,3,,0,2,2,26,A01
202100018442,1,1,,0,2,7,1,B01
202100018443,2,7,,0,2,1,15,A01
202100018443,2,32,,0,2,1,16,B01
202100018444,2,7,,0,1,1,1,A01
202100018445,2,7,,0,1,2,1,A01
202100018446,3,7,,4,0,8,1,A01
202100018447,2,7,,2,2,2,1,A01
202100018447,2,7,,13,2,3,1,B01
202100018448,3,50,,0,0,0,1,A01
202100018449,1,7,,13,0,3,1,A01
202100018450,2,7,,8,0,3,1,A01
202100018451,1,33,,0,0,0,1,A01
202100018452,0,7,,0,1,1,1,A01
202100018453,2,7,,0,2,3,1,A01
202100018453,1,7,,0,2,3,1,B01
202100018454,2,1,,0,2,8,2,B01
202100018454,2,15,,0,9,2,16,A01
202100018455,1,2,,0,2,1,0,A01
202100018455,1,7,,0,2,3,0,B01
202100018456,2,1,,0,0,0,0,A01
202100018457,1,7,,0,1,7,16,A01
202100018458,1,7,,2,0,1,1,A01
202100018459,2,1,,0,0,4,2,B01