Num_Acc,senc,catv,occutc,obs,obsm,choc,manv,num_veh
202100018459,2,7,,0,9,1,1,A01
202100018460,2,2,,0,2,1,0,A01
202100018460,2,2,,0,0,4,15,B01
202100018461,2,7,,0,2,6,12,A01
202100018461,2,7,,0,2,1,1,B01
202100018461,2,7,,0,2,1,1,C01
202100018461,2,33,,0,2,1,1,D01
202100018461,2,10,,0,2,6,1,E01
202100018462,1,7,,0,9,2,2,A01
202100018462,1,1,,0,0,3,2,B01
202100018463,2,7,,0,2,1,15,A01
202100018463,1,33,,0,2,1,1,B01
202100018464,1,33,,1,0,1,1,A01
202100018465,1,7,,15,0,2,1,A01
202100018466,0,7,,8,0,9,1,A01
202100018467,1,7,,1,1,4,26,A01
202100018468,2,7,,0,0,8,19,A01
202100018468,1,43,,0,2,1,1,B01
202100018469,1,7,,15,9,1,14,A01
202100018470,0,7,,0,2,8,1,B01
202100018470,0,7,,2,2,1,1,A01
202100018471,1,7,,0,2,1,1,B01
202100018471,2,10,,0,2,3,13,A01
202100018472,1,7,,0,2,3,1,B01
202100018472,2,7,,0,2,3,13,A01
202100018473,0,7,,0,2,1,1,B01
202100018473,0,7,,0,2,2,16,A01
202100018474,2,7,,0,2,5,15,A01
202100018474,1,33,,0,2,1,1,B01
202100018475,2,31,,0,0,0,1,A01
202100018476,2,60,,0,2,7,19,B01
202100018476,2,7,,0,2,1,18,A01
202100018477,2,33,,0,2,1,2,A01
202100018477,2,7,,0,2,5,2,B01
202100018478,3,2,,0,2,1,9,B01
202100018478,1,7,,6,2,2,1,A01
202100018479,2,7,,0,2,1,2,A01
202100018479,2,17,,0,2,4,2,B01
202100018480,2,33,,15,0,1,16,A01
202100018481,2,15,,0,0,2,1,B01
202100018481,2,7,,0,0,6,4,A01
202100018482,1,7,,0,2,1,2,A01
202100018482,1,7,,0,0,4,2,B01
202100018483,2,10,,0,0,9,1,A01
202100018484,1,7,,13,0,2,17,A01
202100018485,2,7,,2,0,1,13,A01
202100018486,2,33,,0,2,1,1,B01
202100018486,2,33,,0,2,1,1,C01
202100018486,3,7,,0,2,8,15,A01
202100018487,0,7,,0,2,3,1,A01
202100018487,0,33,,0,2,8,13,B01
202100018488,1,7,,2,0,3,1,A01
202100018489,2,7,,0,1,2,1,A01
202100018490,2,7,,2,0,1,1,A01
202100018491,2,10,,0,2,3,1,B01
202100018491,1,7,,0,2,1,13,A01
202100018492,1,30,,0,2,7,1,B01
202100018492,2,7,,0,9,1,15,A01
202100018493,2,7,,0,2,1,1,C01
202100018493,2,7,,0,2,6,1,B01
202100018493,1,7,,0,2,1,5,A01
202100018494,3,1,,0,2,1,1,B01
202100018494,3,7,,0,0,8,19,A01
202100018495,1,7,,0,1,3,1,A01
202100018496,2,7,,0,2,1,1,A01
202100018496,2,21,,0,2,4,1,B01
202100018497,1,10,,13,0,9,1,A01
202100018498,3,33,,0,2,1,9,B01
202100018498,2,7,,0,2,7,1,A01
202100018499,2,7,,0,0,2,11,A01
202100018500,1,7,,0,2,5,15,B01
202100018500,1,33,,0,2,1,18,A01
202100018501,2,2,,13,0,7,14,A01
202100018502,3,2,,9,0,2,1,A01
202100018503,0,7,,0,2,8,19,A01
202100018503,1,7,,0,2,1,1,B01
202100018504,3,7,,0,2,3,1,B01
202100018504,3,21,,0,2,3,13,A01
202100018505,2,7,,0,1,2,1,A01
202100018506,2,33,,0,2,3,1,B01
202100018506,1,7,,0,2,3,15,A01
202100018507,1,30,,0,2,1,17,A01
202100018507,1,7,,0,2,8,15,B01
202100018508,2,7,,0,2,1,1,C01
202100018508,2,7,,0,2,1,2,B01
202100018508,2,7,,0,2,4,2,A01
202100018509,2,7,,0,2,1,1,A01
202100018509,2,7,,0,2,4,1,B01
202100018509,2,10,,0,2,4,1,C01
202100018510,1,33,,13,0,1,1,A01
202100018511,2,7,,0,2,8,11,A01
202100018511,2,33,,0,2,2,3,B01
202100018512,1,33,,16,0,7,2,A01
202100018513,1,33,,4,0,9,2,A01
202100018514,1,7,,0,2,5,1,A01
202100018514,1,33,,0,2,1,0,B01
202100018515,1,17,,0,2,1,2,A01
202100018515,1,7,,0,2,4,2,B01
202100018516,1,7,,0,2,4,2,B01
202100018516,1,10,,0,2,1,2,A01
202100018517,0,7,,0,1,7,9,A01
202100018518,3,7,,0,2,3,17,A01
202100018518,1,7,,0,2,3,1,B01
202100018518,1,10,,0,2,0,0,C01
202100018519,1,7,,0,1,1,9,A01
202100018520,2,7,,0,2,2,1,A01
202100018520,2,7,,0,0,6,20,B01
202100018521,1,2,,0,2,4,1,B01
202100018521,1,7,,0,9,1,1,A01
202100018522,1,7,,0,2,4,23,B01
202100018522,1,32,,0,2,1,26,A01
202100018523,3,1,,0,2,8,19,B01
202100018523,3,7,,0,2,1,19,A01
202100018524,1,7,,0,1,7,17,A01
202100018525,2,7,,0,9,1,15,A01
202100018525,1,1,,0,2,8,1,B01
202100018526,0,7,,0,1,2,1,A01
202100018527,3,13,,0,2,3,26,A01
202100018527,3,13,,0,2,3,0,B01
202100018528,1,7,,0,1,2,1,A01
202100018529,1,7,,6,5,1,21,A01
202100018530,1,99,,0,2,6,13,A01
202100018530,1,31,,0,2,2,1,B01
202100018531,2,7,,0,2,2,12,A01
202100018531,2,30,,0,2,4,1,B01
202100018532,1,43,,12,0,3,0,M01
202100018532,1,7,,12,0,2,12,A01
202100018533,1,20,,0,1,2,9,A01
202100018534,2,7,,0,2,1,18,A01
202100018534,1,7,,0,2,7,15,B01
202100018535,2,3,,0,2,3,10,B01
202100018535,1,7,,0,2,2,17,A01
202100018536,1,7,,0,2,2,1,A01
202100018536,1,1,,0,2,7,1,B01
202100018537,1,2,,0,2,4,15,B01
202100018537,2,17,,0,2,1,1,A01
202100018538,3,7,,0,1,2,1,A01
202100018539,0,33,,0,2,8,1,B01
202100018539,0,7,,0,2,0,1,A01
202100018540,3,30,,0,2,8,2,A01
202100018540,3,7,,0,2,5,1,B01
202100018541,2,7,,0,1,7,9,A01
202100018542,2,30,,0,2,1,19,A01
202100018542,1,10,,0,2,2,15,B01
202100018543,1,7,,13,2,3,13,A01
202100018543,2,7,,13,2,3,1,B01
202100018544,2,7,,0,2,1,26,A01
202100018544,1,7,,0,2,1,26,B01
202100018545,0,1,,7,0,0,26,A01
202100018546,2,40,,0,1,0,26,A01
202100018547,3,7,,0,2,2,26,C01
202100018547,3,7,,0,2,7,16,B01
202100018547,3,7,,0,2,7,13,A01
202100018548,2,1,,0,2,6,1,B01
202100018548,1,37,1.0,0,2,3,15,A01
202100018549,1,7,,0,2,1,16,A01
202100018550,1,33,,0,2,5,16,A01
202100018550,1,7,,0,2,3,1,B01
202100018551,1,7,,0,2,3,1,B01
202100018551,2,7,,0,2,3,13,A01
202100018552,3,7,,0,2,3,1,B01
202100018552,3,1,,0,2,1,19,A01
202100018553,3,7,,0,2,1,2,A01
202100018553,3,2,,0,2,4,2,B01
202100018554,2,7,,1,2,1,1,B01
202100018554,1,3,,1,2,7,1,A01
202100018555,2,7,,0,2,4,15,B01
202100018555,2,7,,0,2,1,17,A01
202100018556,1,30,,0,2,3,21,A01
202100018556,2,7,,0,9,0,0,Z01
202100018557,1,7,,0,1,1,15,A01
202100018558,1,7,,0,1,1,1,A01
202100018559,1,7,,0,2,1,1,B01
202100018559,1,10,,0,2,8,1,A01
202100018560,2,7,,0,2,4,1,C01
202100018560,2,7,,0,2,4,1,B01
202100018560,2,7,,0,2,1,1,A01
202100018561,1,7,,13,0,2,15,A01
202100018562,1,7,,0,1,0,26,A01
202100018563,1,7,,0,1,4,1,B01
202100018563,1,33,,0,2,1,1,A01
202100018564,1,50,,0,2,7,0,B01
202100018564,1,7,,0,9,1,1,A01
202100018565,1,31,,0,2,8,1,B01
202100018565,2,7,,0,2,2,1,A01
202100018566,1,7,,0,2,8,13,Z01
202100018566,2,33,,0,2,8,1,B01
202100018567,2,1,,0,0,8,1,A01
202100018568,1,7,,0,1,3,0,A01
202100018569,1,7,,0,2,4,15,B01
202100018569,1,10,,2,2,1,1,A01
202100018570,3,7,,0,2,2,15,A01
202100018570,3,7,,0,2,8,1,B01
202100018571,2,1,,0,2,1,1,A01
202100018571,1,7,,0,0,0,5,Z01
202100018572,3,7,,13,0,3,13,A01
202100018573,1,7,,0,2,3,26,A01
202100018573,1,7,,0,2,7,26,B01
202100018574,2,7,,8,0,1,1,B01
202100018574,2,7,,8,0,3,14,A01
202100018575,2,30,,0,2,1,1,A01
202100018575,1,7,,0,2,1,1,B01
202100018576,2,7,,0,2,5,2,A01
202100018576,2,1,,0,2,8,2,B01
202100018577,1,10,,14,2,4,2,C01
202100018577,1,10,,0,2,4,2,B01
202100018577,1,10,,0,2,1,1,A01
202100018578,1,7,,0,2,3,15,A01
202100018578,1,33,,0,2,8,1,B01
202100018579,3,32,,0,2,1,1,B01
202100018579,3,7,,0,2,6,26,A01
202100018580,1,37,1.0,0,1,2,1,A01
202100018581,0,10,,0,2,0,0,A01
202100018581,3,2,,0,2,0,1,B01
202100018582,1,7,,0,2,1,9,A01
202100018582,1,1,,0,2,8,1,B01
202100018583,3,1,,0,0,0,1,A01
202100018584,0,1,,12,0,1,9,A01
202100018585,0,7,,0,2,0,0,B01
202100018585,0,7,,1,0,1,1,A01
202100018586,0,7,,0,2,8,13,A01
202100018586,0,7,,0,2,7,1,B01
202100018587,-1,7,,0,2,1,0,A01
202100018587,-1,7,,0,2,4,0,B01
202100018588,0,7,,0,2,3,15,B01
202100018588,1,33,,0,2,3,17,A01
202100018589,1,7,,0,1,1,2,A01
202100018590,0,1,,0,1,4,26,A01
202100018591,0,7,,0,2,2,15,A01
202100018591,1,1,,0,2,1,1,B01
202100018592,0,33,,0,2,1,1,B01
202100018592,0,10,,0,2,2,15,A01
202100018593,2,7,,9,0,3,13,A01
202100018594,1,7,,0,2,1,1,A01
202100018594,1,7,,0,2,4,1,B01
202100018594,1,7,,0,2,1,1,C01
202100018595,0,7,,0,2,8,1,B01
202100018595,0,7,,0,2,1,1,A01
202100018596,2,7,,0,2,1,13,A01
202100018596,1,7,,0,2,1,1,B01
202100018597,1,33,,0,2,3,1,A01
202100018597,1,33,,0,2,5,14,B01
202100018598,2,2,,0,1,1,1,A01
202100018599,1,7,,12,0,1,1,A01
202100018600,2,33,,7,2,1,1,B01
202100018600,1,33,,0,2,2,15,A01
202100018601,2,10,,0,1,3,1,A01
202100018602,1,7,,0,2,3,15,B01
202100018602,1,34,,0,2,7,17,A01
202100018603,1,7,,0,1,7,1,A01
202100018604,1,1,,0,0,0,1,A01
202100018605,1,30,,0,1,1,1,A01
202100018606,1,7,,0,2,1,2,A01
202100018606,1,7,,0,2,4,2,B01
202100018606,1,7,,0,2,4,2,C01
202100018607,1,1,,0,2,1,1,B01
202100018607,1,10,,0,2,2,16,A01
202100018608,1,30,,0,2,0,1,A01
202100018608,1,7,,0,2,4,2,B01
202100018608,1,1,,0,2,1,2,C01
202100018609,1,7,,0,2,7,15,A01
202100018609,2,33,,0,2,1,1,B01
202100018610,1,7,,0,2,4,23,B01
202100018610,1,7,,0,2,1,2,A01
202100018611,1,33,,0,1,1,1,A01
202100018612,1,50,,0,1,1,1,Z01
202100018613,2,30,,0,2,1,2,A01
202100018613,2,7,,0,2,4,23,B01
202100018614,1,43,,0,1,3,1,A01
202100018615,2,50,,0,0,1,7,A01
202100018616,1,1,,0,2,0,1,A01
202100018616,2,1,,0,2,0,13,B01
202100018617,1,80,,0,0,0,0,B01
202100018617,1,7,,0,2,3,24,A01
202100018618,2,7,,0,1,2,15,A01
202100018619,1,7,,14,9,5,15,A01
202100018619,3,1,,14,2,1,1,B01
202100018620,0,37,1.0,0,2,1,1,A01
202100018620,0,7,,0,2,1,9,B01
202100018621,2,7,,0,2,5,23,A01
202100018621,1,33,,0,2,5,2,B01
202100018622,3,7,,0,2,7,1,A01
202100018622,3,1,,0,2,8,13,B01
202100018623,2,7,,15,0,1,1,A01
202100018624,1,33,,0,0,0,0,B01
202100018624,1,30,,0,2,4,11,A01
202100018625,3,2,,0,2,7,17,A01
202100018625,3,7,,0,2,0,15,B01
202100018626,0,7,,0,2,6,2,A01
202100018626,0,7,,0,2,3,17,B01
202100018626,3,7,,0,2,3,1,C01
202100018627,2,7,,0,2,3,15,A01
202100018627,2,34,,0,2,2,1,B01
202100018628,2,30,,0,2,8,18,A01
202100018628,2,17,,0,2,2,1,B01
202100018629,1,30,,0,2,1,1,A01
202100018629,2,10,,0,2,3,15,B01
202100018630,1,7,,0,2,6,10,B01
202100018630,1,7,,0,2,3,1,A01
202100018631,2,30,,0,1,3,1,A01
202100018632,3,1,,0,2,2,13,A01
202100018632,3,2,,0,9,2,1,B01
202100018633,1,32,,16,0,1,1,A01
202100018634,3,16,,13,0,0,0,A01
202100018635,3,7,,13,0,2,1,A01
202100018636,2,7,,0,1,3,1,A01
202100018637,0,7,,2,0,1,17,A01
202100018638,1,2,,0,2,1,1,B01
202100018638,3,7,,0,2,3,9,A01
202100018639,2,33,,0,2,1,1,B01
202100018639,1,7,,0,2,5,11,A01
202100018640,1,33,,0,0,0,14,A01
202100018641,1,7,,0,9,1,2,A01
202100018641,1,1,,0,0,4,2,B01
202100018642,1,33,,8,0,7,1,A01
202100018643,1,7,,0,0,0,13,A01
202100018644,3,7,,0,0,0,1,A01
202100018645,1,7,,0,2,4,16,B01
202100018645,1,1,,0,2,1,2,A01
202100018646,1,1,,0,2,8,13,B01
202100018646,1,7,,0,9,1,1,A01
202100018647,1,7,,0,2,6,1,A01
202100018647,1,7,,0,2,2,1,B01
202100018648,3,7,,0,0,0,19,B01
202100018648,1,33,,0,0,0,1,A01
202100018649,1,2,,1,0,1,1,A01
202100018650,1,7,,2,0,1,1,A01
202100018651,1,2,,6,0,1,1,A01
202100018652,2,7,,13,0,1,1,A01
202100018653,2,7,,0,2,8,13,B01
202100018653,1,7,,0,2,7,1,A01
202100018654,1,7,,0,0,0,1,A01
202100018655,1,1,,0,0,0,1,A01
202100018656,1,99,,0,2,1,0,B01
202100018656,2,2,,0,2,0,0,A01
202100018657,3,7,,2,0,0,14,A01
202100018658,1,7,,0,2,1,13,A01
202100018658,2,33,,0,2,8,1,B01
202100018659,1,7,,0,2,3,15,A01
202100018659,2,7,,0,2,3,1,B01
202100018660,2,2,,0,2,1,1,B01
202100018660,1,7,,0,2,2,15,A01
202100018661,2,7,,0,2,4,23,A01
202100018661,2,15,,0,2,1,1,B01
202100018662,1,7,,0,2,1,21,C01
202100018662,1,10,,3,2,6,24,B01
202100018662,1,14,,1,0,1,1,A01
202100018663,3,50,,0,0,0,0,A01
202100018664,2,7,,15,0,1,14,A01
202100018665,2,7,,0,2,7,1,B01
202100018665,2,15,,0,2,1,1,C01
202100018665,2,7,,0,2,8,13,A01
202100018666,2,33,,0,2,8,17,A01
202100018666,1,33,,0,2,8,1,B01
202100018667,3,7,,4,0,6,2,B01
202100018667,3,7,,0,2,1,2,A01
202100018668,3,7,,0,2,1,1,B01
202100018668,3,7,,0,2,2,5,A01
202100018669,2,7,,13,0,2,1,A01
202100018670,2,7,,0,1,1,1,A01
202100018671,2,7,,8,0,1,0,A01
202100018672,1,7,,0,2,6,15,A01
202100018672,1,2,,0,2,1,17,B01
202100018673,1,2,,0,1,1,17,A01
202100018674,2,32,,0,2,1,6,B01
202100018674,1,34,,0,2,1,6,A01
202100018675,2,7,,0,2,8,10,A01
202100018675,2,33,,0,2,1,11,B01
202100018676,1,33,,6,0,8,17,A01
202100018677,1,7,,13,0,8,1,B01
202100018677,1,7,,0,2,1,19,A01
202100018678,2,7,,0,1,2,21,A01
202100018679,1,7,,0,0,2,1,A01
202100018680,2,7,,0,2,1,2,A01
202100018680,1,7,,0,2,8,9,B01
202100018681,1,1,,0,9,4,26,B01
202100018681,1,1,,0,2,1,2,A01
202100018682,2,7,,7,2,3,19,A01
202100018682,1,7,,7,2,1,1,B01
202100018683,2,7,,0,2,2,15,B01
202100018683,1,2,,0,2,8,1,A01
202100018684,1,7,,2,0,1,1,A01
202100018685,1,1,,0,2,8,19,B01
202100018685,1,7,,0,2,3,16,A01
202100018686,3,7,,16,9,0,26,A01
202100018687,3,21,,2,0,2,1,A01
202100018688,1,17,,0,2,1,1,B01
202100018688,2,7,,0,2,1,17,A01
202100018689,1,7,,0,0,1,1,B01
202100018689,1,10,,0,2,7,19,A01
202100018690,1,7,,0,1,1,1,B01
202100018691,3,7,,0,2,8,15,B01
202100018691,3,15,,0,2,1,1,A01
202100018692,1,7,,4,0,3,1,A01
202100018693,2,7,,0,0,5,1,A01
202100018693,0,7,,0,2,3,2,B01
202100018694,1,7,,0,2,1,2,C01
202100018694,1,7,,0,2,4,2,B01
202100018694,1,10,,0,2,4,2,A01
202100018695,2,7,,13,0,0,1,A01
202100018696,1,33,,0,2,1,12,B01
202100018696,1,7,,0,2,5,1,A01
202100018697,2,7,,0,2,2,1,B01
202100018697,1,14,,0,2,6,19,Z01
202100018698,1,7,,0,2,6,1,A01
202100018698,1,43,,0,2,1,2,B01
202100018699,2,7,,0,2,4,2,C01
202100018699,1,7,,0,2,0,0,A01
202100018699,2,7,,0,2,4,0,B01
202100018700,2,32,,0,2,1,13,A01
202100018700,2,7,,0,2,7,1,B01
202100018701,2,17,,0,2,3,13,A01
202100018701,2,7,,0,2,5,1,B01
202100018701,2,7,,0,2,6,1,C01
202100018702,2,7,,0,2,6,2,B01
202100018702,2,43,,0,2,2,3,A01
202100018703,1,7,,0,2,4,2,B01
202100018703,1,10,,0,2,1,2,A01
202100018704,1,34,,0,2,5,1,B01
202100018704,1,7,,0,2,3,13,A01
202100018705,1,7,,4,0,1,2,A01
202100018706,1,7,,0,2,6,2,B01
202100018706,1,7,,0,2,2,2,A01
202100018707,2,33,,0,2,1,1,B01
202100018707,2,10,,0,2,5,12,A01
202100018708,1,31,,0,2,7,0,B01
202100018708,2,33,,0,2,8,0,A01
202100018709,2,31,,0,2,1,3,B01
202100018709,2,7,,0,2,5,1,A01
202100018710,2,10,,0,2,5,1,A01
202100018710,2,7,,0,2,4,2,B01
202100018710,2,7,,0,2,1,2,C01
202100018711,2,7,,0,2,4,1,A01
202100018711,2,7,,0,2,1,1,B01
202100018712,2,7,,0,2,7,23,A01
202100018712,2,7,,1,2,3,11,B01
202100018713,2,7,,0,2,1,1,A01
202100018713,2,7,,0,2,4,1,B01
202100018714,2,7,,0,2,5,11,A01
202100018714,2,32,,0,2,1,1,B01
202100018715,1,7,,3,0,0,0,A01
202100018716,2,15,,0,2,1,0,C01
202100018716,2,17,,0,2,4,0,B01
202100018716,2,7,,0,2,4,0,A01
202100018717,2,7,,0,2,5,12,A01
202100018717,2,33,,0,2,1,3,B01
202100018718,3,7,,0,2,3,1,A01
202100018718,3,1,,0,2,8,19,B01
202100018719,3,10,,1,1,6,26,A01
202100018720,3,7,,0,1,1,1,A01
202100018721,3,33,,0,2,9,17,A01
202100018721,3,7,,0,2,0,0,Z01
202100018721,3,7,,0,2,6,1,B01
202100018722,1,10,,1,2,1,0,A01
202100018722,1,10,,1,2,4,24,B01
202100018723,3,7,,0,1,1,1,A01
202100018724,3,30,,0,2,1,11,A01
202100018724,3,7,,0,2,8,10,B01
202100018725,1,7,,0,1,1,1,A01
202100018726,3,7,,0,2,7,1,A01
202100018726,3,10,,0,2,1,1,B01
202100018727,1,30,,0,1,1,1,A01
202100018728,1,32,,0,2,6,1,B01
202100018728,1,10,,0,2,7,14,A01
202100018729,0,1,,0,2,3,26,A01
202100018729,3,37,4.0,0,9,0,0,B01
202100018730,1,37,3.0,0,2,3,1,B01
202100018730,2,7,,0,2,3,13,A01
202100018731,1,7,,0,2,2,16,A01
202100018731,1,99,,0,2,1,1,B01
202100018732,1,15,,0,2,2,16,A01
202100018732,1,80,,0,2,8,0,B01
202100018733,1,7,,0,2,2,19,A01
202100018733,1,32,,0,2,1,21,B01
202100018734,3,7,,0,2,3,2,B01
202100018734,3,7,,9,2,6,1,A01
202100018735,1,7,,1,0,2,13,A01
202100018736,1,1,,0,2,8,1,B01
202100018736,1,7,,0,2,2,16,A01
202100018737,3,7,,0,1,1,26,A01
202100018738,2,1,,0,2,3,19,A01
202100018738,1,7,,0,0,0,0,B01
202100018739,1,33,,0,2,2,16,A01
202100018739,1,7,,0,2,3,1,B01
202100018740,2,7,,2,0,1,14,A01
202100018741,1,30,,0,2,2,13,A01
202100018741,2,7,,0,2,3,1,B01
202100018742,0,50,,0,1,1,1,Z01
202100018743,2,7,,7,0,2,14,A01
202100018744,-1,7,,0,2,2,14,A01
202100018744,-1,7,,0,2,6,1,B01
202100018745,3,1,,0,2,8,1,B01
202100018745,3,7,,0,2,2,16,A01
202100018746,1,33,,0,0,7,1,A01
202100018747,1,7,,0,2,3,15,B01
202100018747,1,7,,0,2,2,1,A01
202100018748,2,32,,0,2,1,17,A01
202100018748,2,7,,0,2,8,15,B01
202100018749,1,7,,0,9,3,9,A01
202100018749,2,1,,0,2,7,1,B01
202100018750,1,7,,8,0,1,13,A01
202100018751,3,7,,0,2,1,1,B01
202100018751,3,1,,0,2,1,26,A01
202100018752,1,7,,0,2,2,16,A01
202100018752,1,50,,0,2,3,18,B01
202100018753,1,30,,14,0,1,1,A01
202100018754,2,30,,0,2,7,15,A01
202100018754,1,7,,0,2,1,1,B01
202100018755,2,7,,0,2,1,1,B01
202100018755,1,10,,0,2,1,13,A01
202100018756,3,2,,0,0,0,1,A01
202100018756,0,7,,0,2,3,0,B01
202100018757,1,33,,0,2,1,1,A01
202100018757,1,7,,0,2,4,23,B01
202100018758,1,2,,0,2,1,13,B01
202100018758,2,7,,0,2,1,1,A01
202100018759,3,7,,0,2,3,9,A01
202100018759,3,80,,0,2,7,1,B01
202100018760,1,7,,0,2,3,26,A01
202100018760,1,33,,0,2,1,26,B01
202100018761,3,1,,0,2,8,1,B01
202100018761,1,7,,0,2,3,15,A01
202100018762,0,33,,0,2,1,26,A01
202100018762,0,7,,0,2,3,0,B01
202100018763,1,32,,0,0,0,0,A01
202100018764,3,7,,0,0,0,0,A01
202100018764,3,1,,0,2,7,19,B01
202100018765,3,7,,0,2,1,1,A01
202100018765,3,7,,0,2,5,1,B01
202100018766,3,1,,6,0,0,1,A01
202100018767,2,1,,0,1,1,14,A01
202100018768,0,7,,0,2,1,2,A01
202100018768,0,7,,0,2,4,2,B01
202100018769,1,15,,0,2,6,1,B01
202100018769,1,34,,0,2,1,1,A01
202100018770,1,7,,0,2,4,23,B01
202100018770,1,7,,0,2,1,2,A01
202100018771,2,33,,0,2,7,1,B01
202100018771,3,7,,0,2,3,9,A01
202100018772,1,7,,1,2,1,1,A01
202100018773,2,32,,0,2,1,18,A01
202100018773,2,7,,0,2,5,23,B01
202100018774,2,33,,14,0,8,1,A01
202100018775,1,7,,0,2,3,15,A01
202100018775,1,32,,0,2,1,1,B01
202100018776,1,7,,0,2,2,26,A01
202100018776,1,1,,0,2,2,26,B01
202100018777,3,7,,0,0,3,1,A01
202100018778,1,7,,2,0,9,14,A01
202100018779,2,7,,2,0,1,21,A01
202100018780,2,7,,0,2,3,9,A01
202100018780,1,1,,0,2,1,1,B01
202100018781,3,31,,0,2,6,13,A01
202100018781,3,7,,0,2,6,1,B01
202100018782,2,7,,0,1,1,2,A01
202100018783,2,7,,11,0,1,1,A01
202100018784,1,7,,0,2,7,1,B01
202100018784,1,7,,0,2,1,9,A01
202100018785,0,37,1.0,0,1,1,9,A01
202100018786,3,7,,0,2,7,1,B01
202100018786,3,30,,0,2,1,19,A01
202100018787,1,7,,14,2,3,1,B01
202100018787,1,7,,14,2,1,2,C01
202100018787,2,7,,14,2,1,13,A01
202100018788,3,7,,0,9,2,16,A01
202100018789,1,7,,0,2,1,1,B01
202100018789,2,7,,0,2,1,1,A01
202100018790,2,2,,0,2,1,1,B01
202100018790,1,7,,0,2,3,15,A01
202100018791,2,7,,0,2,5,12,A01
202100018791,2,33,,0,2,8,3,B01
202100018792,1,7,,0,2,6,2,B01
202100018792,1,34,,0,2,1,2,A01
202100018793,1,33,,0,1,8,1,A01
202100018794,1,10,,0,2,1,1,A01
202100018794,1,32,,0,2,8,1,B01
202100018795,2,7,,0,2,7,16,A01
202100018795,2,43,,0,2,3,18,B01
202100018796,0,7,,0,1,1,15,A01
202100018797,1,50,,0,1,1,1,A01
202100018798,1,7,,0,1,1,1,A01
202100018799,2,7,,0,1,7,1,A01
202100018800,2,7,,0,1,1,1,A01
202100018801,1,7,,0,2,1,1,B01
202100018801,2,30,,0,2,1,13,A01
202100018802,2,30,,0,2,6,7,A01
202100018802,2,7,,0,2,3,16,Z01
202100018803,2,30,,0,0,0,7,A01
202100018804,2,1,,0,2,8,15,A01
202100018804,2,33,,0,2,1,1,B01
202100018805,1,30,,0,2,0,1,B01
202100018805,1,7,,0,2,0,1,A01
202100018806,1,7,,0,2,4,2,B01
202100018806,1,32,,0,2,1,2,A01
202100018807,2,7,,0,2,2,15,B01
202100018807,1,43,,0,2,2,1,A01
202100018808,2,7,,0,2,3,20,A01
202100018808,2,33,,0,2,8,15,B01
202100018809,2,7,,0,2,2,2,A01
202100018809,1,7,,0,2,1,2,B01
202100018810,2,7,,0,2,4,23,B01
202100018810,2,1,,0,2,1,1,A01
202100018811,2,32,,0,0,7,2,A01
202100018812,1,7,,0,2,3,9,A01
202100018812,1,7,,0,0,1,1,B01
202100018813,1,7,,8,0,1,1,A01
202100018814,3,30,,0,2,1,1,B01
202100018814,3,7,,0,2,4,1,A01
202100018815,1,7,,0,2,7,16,A01
202100018815,1,34,,0,2,1,7,B01
202100018816,1,7,,0,2,5,16,A01
202100018816,1,2,,0,2,1,1,B01
202100018817,2,2,,0,2,1,1,B01
202100018817,2,43,,0,2,7,1,A01
202100018818,1,7,,8,0,9,1,A01
202100018819,1,7,,0,9,4,0,C01
202100018819,1,7,,0,2,4,2,B01
202100018819,1,14,,0,2,1,2,A01
202100018820,3,7,,0,1,1,9,A01
202100018821,1,7,,4,0,1,26,A01
202100018822,3,10,,0,2,1,2,A01
202100018822,3,7,,0,2,4,15,B01
202100018823,2,32,,0,1,1,17,A01
202100018824,1,2,,0,2,3,1,B01
202100018824,1,7,,0,2,2,16,A01
202100018825,1,31,,0,2,3,7,B01
202100018825,1,7,,0,2,5,16,Z01
202100018826,3,30,,0,2,3,1,B01
202100018826,3,7,,0,2,5,1,A01
202100018827,1,30,,0,1,1,1,A01
202100018828,1,30,,0,1,1,1,A01
202100018829,1,1,,1,0,1,1,B01
202100018830,1,10,,0,2,1,2,A01
202100018830,1,7,,0,2,4,1,B01
202100018831,1,3,,0,2,1,13,A01
202100018831,2,7,,0,2,3,1,B01
202100018832,1,7,,8,2,3,1,B01
202100018832,2,7,,0,2,3,13,A01
202100018833,1,7,,0,2,1,1,A01
202100018833,1,7,,0,0,6,1,B01
202100018834,2,7,,13,0,2,1,A01
202100018835,0,7,,0,9,8,1,A01
202100018835,0,80,,0,2,8,5,B01
202100018836,1,21,,0,2,2,1,B01
202100018836,2,7,,0,0,1,1,A01
202100018837,1,21,,0,0,0,15,A01
202100018838,1,33,,8,2,0,1,A01
202100018838,1,7,,0,2,2,15,B01
202100018839,2,7,,0,2,1,2,B01
202100018839,3,10,,15,2,7,9,A01
202100018840,1,1,,0,5,1,1,A01
202100018841,2,10,,0,0,0,21,A01
202100018842,1,13,,0,2,1,21,B01
202100018842,2,7,,0,2,1,13,A01
202100018843,0,1,,0,2,1,1,B01
202100018843,0,7,,0,9,3,15,A01
202100018844,0,1,,0,2,1,15,B01
202100018844,0,10,,0,9,3,1,A01
202100018845,3,7,,0,2,3,9,A01
202100018845,3,33,,0,2,1,1,B01
202100018846,1,7,,0,2,1,5,A01