Num_Acc,senc,catv,occutc,obs,obsm,choc,manv,num_veh
202100018846,2,10,,0,2,1,2,B01
202100018846,1,7,,0,2,1,2,C01
202100018847,3,7,,0,2,2,1,B01
202100018847,1,7,,0,2,3,16,A01
202100018848,1,13,,0,2,1,1,B01
202100018848,2,7,,3,2,1,5,A01
202100018849,2,33,,0,0,0,1,A01
202100018850,2,33,,0,2,1,1,B01
202100018850,1,7,,0,2,3,15,A01
202100018851,1,7,,0,1,2,1,A01
202100018852,2,7,,13,0,2,14,A01
202100018853,0,7,,16,0,9,1,A01
202100018854,1,7,,0,0,5,15,A01
202100018854,1,33,,0,2,3,21,B01
202100018855,2,7,,4,0,8,1,A01
202100018856,3,33,,10,0,0,1,A01
202100018857,2,33,,8,0,1,1,A01
202100018858,0,17,,0,2,1,1,B01
202100018858,0,7,,0,2,2,19,A01
202100018859,1,7,,0,2,1,1,B01
202100018859,1,7,,0,0,8,9,A01
202100018860,1,7,,0,2,3,21,B01
202100018860,2,7,,0,2,3,17,A01
202100018861,2,17,,0,0,8,1,A01
202100018862,1,7,,0,2,8,20,A01
202100018862,1,1,,0,2,7,17,B01
202100018863,1,7,,0,2,4,2,B01
202100018863,1,10,,0,2,1,2,A01
202100018864,1,31,,0,2,3,15,A01
202100018864,1,7,,0,2,2,1,B01
202100018865,2,33,,0,2,1,1,A01
202100018865,1,38,1.0,0,2,5,15,B01
202100018866,2,7,,0,2,1,1,B01
202100018866,2,7,,0,2,1,15,A01
202100018867,1,15,,0,0,4,2,A01
202100018867,1,7,,0,2,1,2,B01
202100018868,1,7,,0,2,1,2,A01
202100018868,1,7,,0,2,4,2,B01
202100018869,1,33,,0,2,1,1,B01
202100018869,2,7,,0,2,2,15,A01
202100018870,3,36,,0,0,0,14,A01
202100018871,1,1,,13,0,0,2,B01
202100018871,1,7,,0,0,0,2,A01
202100018872,2,2,,1,0,2,2,A01
202100018873,1,7,,0,2,7,1,A01
202100018873,2,10,,0,2,3,15,B01
202100018874,0,50,,0,2,1,5,A01
202100018874,0,7,,0,9,1,1,B01
202100018875,2,7,,2,0,0,0,A01
202100018876,1,7,,0,2,3,1,A01
202100018876,2,1,,0,2,2,1,B01
202100018877,0,2,,0,0,0,0,A01
202100018878,2,7,,0,2,6,15,B01
202100018878,2,33,,0,2,1,17,A01
202100018879,1,7,,3,0,1,1,A01
202100018880,2,1,,0,2,1,1,B01
202100018880,2,7,,0,2,2,15,A01
202100018881,2,7,,0,2,7,14,A01
202100018881,2,7,,0,2,8,1,B01
202100018882,2,7,,0,2,4,1,C01
202100018882,2,7,,0,2,4,1,D01
202100018882,2,7,,0,2,1,1,E01
202100018882,2,7,,0,2,4,1,B01
202100018882,2,7,,0,2,4,1,A01
202100018883,2,7,,0,2,1,2,B01
202100018883,2,7,,0,2,4,1,A01
202100018884,2,7,,3,2,4,12,A01
202100018884,2,33,,3,2,1,3,B01
202100018885,1,33,,0,2,2,3,B01
202100018885,1,7,,0,2,7,12,A01
202100018886,1,43,,0,2,8,3,A01
202100018886,1,7,,0,2,2,14,B01
202100018887,1,17,,0,1,1,2,A01
202100018888,2,17,,0,1,1,2,A01
202100018889,2,15,,0,2,7,1,B01
202100018889,2,10,,0,2,1,13,A01
202100018890,2,10,,0,2,5,2,B01
202100018890,2,7,,0,2,6,2,C01
202100018890,2,7,,0,2,3,2,A01
202100018891,1,10,,0,2,4,2,B01
202100018891,1,43,,0,2,1,2,A01
202100018892,1,50,,0,0,7,1,A01
202100018893,1,7,,0,2,0,0,A01
202100018893,1,7,,0,2,4,2,B01
202100018893,1,7,,0,2,4,0,C01
202100018894,2,7,,0,2,4,2,B01
202100018894,2,37,1.0,0,2,1,2,A01
202100018895,2,7,,0,2,4,1,C01
202100018895,2,32,,0,2,3,3,B01
202100018895,2,7,,0,2,2,1,A01
202100018896,1,7,,3,0,1,1,A01
202100018897,1,7,,2,0,3,13,A01
202100018898,3,7,,0,1,1,1,A01
202100018899,1,7,,0,1,2,26,A01
202100018900,0,7,,0,1,3,2,A01
202100018901,1,7,,0,1,7,1,A01
202100018902,2,7,,0,1,1,1,A01
202100018903,3,7,,0,2,1,1,B01
202100018903,3,1,,0,2,7,1,A01
202100018904,3,30,,0,2,2,26,A01
202100018904,0,7,,0,0,0,0,B01
202100018905,1,7,,0,1,1,1,A01
202100018906,3,7,,0,1,2,15,A01
202100018907,2,7,,0,2,2,16,B01
202100018907,2,99,,0,2,3,18,A01
202100018908,2,7,,0,2,6,0,B01
202100018908,1,33,,1,0,1,0,A01
202100018909,2,10,,0,2,3,2,C01
202100018909,2,7,,0,1,6,1,A01
202100018909,2,7,,0,2,2,2,B01
202100018910,1,33,,12,0,0,13,A01
202100018911,1,33,,0,0,0,1,A01
202100018912,3,7,,0,1,2,1,A01
202100018913,3,33,,0,2,1,1,A01
202100018913,3,7,,0,2,8,1,B01
202100018914,3,7,,0,0,6,1,B01
202100018914,3,7,,0,2,3,18,A01
202100018915,1,7,,0,9,8,26,A01
202100018915,1,50,,0,2,1,9,B01
202100018916,2,2,,0,2,1,0,A01
202100018916,2,7,,0,2,3,0,B01
202100018917,3,30,,13,0,0,14,A01
202100018918,1,7,,0,2,2,17,A01
202100018918,1,7,,0,2,3,15,B01
202100018919,1,33,,0,2,1,2,A01
202100018919,1,33,,0,2,4,2,B01
202100018920,0,7,,0,2,1,9,A01
202100018920,0,33,,0,2,2,1,B01
202100018921,1,32,,0,2,1,1,B01
202100018921,1,7,,0,2,7,20,A01
202100018922,1,7,,1,0,7,14,A01
202100018923,0,31,,0,2,1,1,B01
202100018923,0,7,,0,2,2,20,A01
202100018924,1,7,,0,1,4,20,A01
202100018925,1,50,,0,2,7,1,B01
202100018925,2,7,,0,2,1,19,A01
202100018926,2,7,,0,1,1,1,A01
202100018927,1,7,,0,2,3,1,A01
202100018927,1,1,,0,2,7,19,B01
202100018928,1,7,,0,2,1,1,A01
202100018928,2,1,,0,2,2,1,B01
202100018929,1,1,,0,2,1,1,A01
202100018929,2,7,,0,2,2,26,B01
202100018930,2,1,,0,2,0,19,B01
202100018930,1,31,,0,2,1,13,A01
202100018931,2,31,,0,2,1,15,B01
202100018931,1,1,,0,2,1,1,A01
202100018932,1,7,,0,2,7,1,A01
202100018932,2,7,,0,2,1,1,B01
202100018933,2,33,,0,2,1,1,A01
202100018933,2,33,,0,2,0,15,B01
202100018934,3,7,,0,1,1,1,A01
202100018935,1,7,,0,1,1,1,A01
202100018936,1,2,,0,2,1,1,B01
202100018936,2,7,,0,2,5,15,A01
202100018937,2,1,,0,2,4,2,B01
202100018937,1,7,,0,2,1,15,A01
202100018938,1,14,,0,2,1,9,A01
202100018938,1,1,,0,2,8,18,B01
202100018939,2,7,,0,2,1,2,A01
202100018939,1,1,,0,2,8,19,B01
202100018940,1,7,,0,1,1,16,A01
202100018941,2,7,,0,2,1,19,B01
202100018941,2,7,,0,2,7,1,A01
202100018942,1,7,,0,2,1,15,A01
202100018942,1,1,,0,2,1,9,B01
202100018943,1,7,,0,1,3,21,A01
202100018944,3,7,,0,2,3,1,B01
202100018944,3,30,,0,2,1,19,A01
202100018945,1,1,,8,2,3,1,B01
202100018945,2,10,,0,2,3,9,A01
202100018946,1,7,,1,0,1,14,A01
202100018947,1,2,,0,2,8,1,B01
202100018947,1,7,,0,9,2,15,A01
202100018948,1,7,,6,0,1,7,A01
202100018949,1,7,,0,1,2,2,A01
202100018950,1,80,,0,0,0,26,B01
202100018950,1,7,,0,0,0,26,A01
202100018951,1,31,,0,2,1,1,B01
202100018951,1,7,,0,2,5,15,A01
202100018952,2,32,,0,2,3,1,C01
202100018952,2,7,,0,2,3,15,A01
202100018952,2,7,,0,9,3,1,B01
202100018953,3,33,,4,0,3,13,A01
202100018954,3,50,,0,2,8,1,A01
202100018954,1,7,,0,2,1,1,B01
202100018955,3,1,,0,2,1,1,B01
202100018955,0,7,,0,2,7,15,A01
202100018956,3,7,,0,9,1,1,A01
202100018956,3,7,,0,2,7,23,C01
202100018956,3,1,,0,2,4,2,B01
202100018957,2,7,,0,2,8,14,A01
202100018957,2,7,,0,2,3,1,B01
202100018958,3,7,,0,2,2,24,A01
202100018958,3,7,,1,2,3,16,B01
202100018959,2,7,,0,2,3,1,B01
202100018959,1,7,,0,2,3,13,A01
202100018960,0,7,,0,2,1,15,B01
202100018960,0,1,,0,2,3,1,A01
202100018961,3,7,,0,2,1,1,A01
202100018961,3,10,,0,2,4,1,C01
202100018961,3,7,,0,2,4,1,B01
202100018962,2,7,,0,2,3,15,B01
202100018962,2,30,,0,2,2,17,A01
202100018963,1,10,,0,2,1,1,A01
202100018963,1,50,,0,2,7,19,B01
202100018964,1,33,,0,2,1,13,A01
202100018964,2,7,,0,0,0,1,B01
202100018965,1,7,,0,0,1,1,A01
202100018965,1,7,,0,0,4,23,B01
202100018965,1,7,,0,0,4,23,C01
202100018966,2,7,,0,2,4,23,A01
202100018966,3,10,,0,2,1,2,B01
202100018967,1,7,,0,2,1,3,B01
202100018967,1,7,,0,2,4,11,A01
202100018968,0,30,,0,0,1,13,A01
202100018969,1,7,,0,2,7,1,B01
202100018969,2,7,,0,2,1,15,A01
202100018970,1,7,,0,2,2,1,B01
202100018970,3,10,,0,2,1,19,A01
202100018971,3,33,,0,2,0,17,C01
202100018971,3,33,,0,2,1,2,B01
202100018971,3,33,,0,2,4,14,A01
202100018972,3,33,,0,2,0,0,B01
202100018972,3,7,,0,2,1,9,A01
202100018973,3,7,,0,2,3,16,A01
202100018973,3,2,,0,2,7,0,B01
202100018974,1,31,,0,2,1,1,B01
202100018974,1,7,,0,2,6,10,A01
202100018975,1,10,,0,2,6,10,A01
202100018975,2,33,,0,2,1,1,B01
202100018976,2,7,,0,2,1,1,A01
202100018976,1,33,,0,2,3,1,B01
202100018977,0,7,,0,0,3,1,B01
202100018977,0,7,,0,0,3,13,A01
202100018978,3,33,,12,0,2,1,A01
202100018979,1,7,,0,2,0,0,A01
202100018979,1,1,,0,2,0,0,B01
202100018980,1,30,,0,2,1,1,A01
202100018980,1,7,,0,2,7,1,B01
202100018981,1,7,,0,2,7,1,B01
202100018981,1,7,,0,2,7,1,C01
202100018981,1,7,,0,2,8,13,A01
202100018982,1,7,,0,2,2,5,Z01
202100018982,2,30,,0,2,1,1,B01
202100018982,2,30,,0,2,9,1,A01
202100018983,2,1,,0,1,8,1,A01
202100018984,1,30,,0,2,1,13,A01
202100018984,2,10,,0,2,3,1,B01
202100018985,2,7,,0,2,3,13,A01
202100018985,2,34,,0,2,5,1,B01
202100018986,1,7,,0,2,7,15,A01
202100018986,2,1,,0,2,1,1,B01
202100018987,2,7,,0,1,2,1,A01
202100018988,1,30,,0,2,4,2,B01
202100018988,1,30,,0,2,2,2,A01
202100018989,3,50,,0,1,1,1,Z01
202100018990,1,7,,0,2,1,10,A01
202100018990,1,34,,0,2,2,1,B01
202100018991,1,33,,0,2,1,1,B01
202100018991,1,7,,0,2,2,1,A01
202100018992,1,10,,0,2,8,15,A01
202100018992,1,80,,0,2,2,1,B01
202100018993,1,10,,0,2,6,2,B01
202100018993,1,33,,0,2,1,2,A01
202100018994,2,7,,0,1,1,1,A01
202100018995,2,7,,0,1,2,1,A01
202100018996,1,10,,0,2,0,16,A01
202100018996,1,1,,0,2,0,1,B01
202100018997,1,7,,0,1,2,1,A01
202100018998,2,1,,0,2,1,16,B01
202100018998,1,1,,0,2,1,1,A01
202100018999,2,30,,0,2,1,1,B01
202100018999,1,7,,0,2,2,1,A01
202100019000,2,7,,0,1,1,1,A01
202100019001,2,34,,0,1,1,1,Z01
202100019002,2,30,,0,1,1,17,A01
202100019003,1,7,,0,2,1,15,A01
202100019003,2,1,,0,2,7,1,B01
202100019004,1,50,,0,2,7,1,B01
202100019004,1,7,,0,2,3,1,A01
202100019005,1,10,,0,2,8,1,B01
202100019005,2,1,,0,2,8,13,A01
202100019006,1,50,,0,0,7,14,A01
202100019007,2,7,,0,2,5,15,B01
202100019007,1,33,,0,2,1,1,A01
202100019008,1,10,,0,2,3,15,B01
202100019008,1,32,,0,2,7,17,A01
202100019009,0,1,,0,1,1,1,Z01
202100019010,2,7,,0,1,1,1,Z01
202100019011,1,1,,14,0,7,13,A01
202100019012,1,1,,0,2,1,1,B01
202100019012,2,1,,0,2,1,15,A01
202100019013,3,7,,0,2,1,1,A01
202100019013,2,7,,1,0,1,13,B01
202100019014,2,7,,0,2,4,2,B01
202100019014,2,15,,0,2,1,2,A01
202100019015,2,7,,0,2,2,15,A01
202100019015,1,33,,0,2,1,1,B01
202100019016,3,7,,0,1,1,1,A01
202100019017,1,1,,1,0,2,0,B01
202100019017,1,10,,0,2,3,24,A01
202100019018,2,7,,0,1,1,1,A01
202100019019,0,7,,0,1,2,2,A01
202100019020,1,32,,8,0,1,1,A01
202100019021,1,13,,0,2,0,0,B01
202100019021,1,7,,0,2,3,15,A01
202100019022,1,7,,0,2,3,26,A01
202100019022,2,10,,0,2,2,26,B01
202100019023,3,1,,0,2,2,25,B01
202100019023,3,7,,0,2,3,9,A01
202100019024,3,40,,0,2,1,1,B01
202100019024,3,7,,0,4,3,15,A01
202100019025,2,30,,0,0,1,1,A01
202100019026,2,7,,0,9,3,16,A01
202100019026,1,99,,0,2,2,1,B01
202100019027,3,7,,0,0,0,0,B01
202100019027,3,33,,0,2,1,0,A01
202100019028,2,7,,0,2,3,1,B01
202100019028,2,32,,0,2,1,1,A01
202100019029,1,7,,0,2,1,15,B01
202100019029,2,1,,0,2,7,1,A01
202100019030,1,7,,0,2,1,2,A01
202100019030,1,31,,0,2,4,1,B01
202100019031,1,32,,0,1,1,3,A01
202100019032,2,3,,0,2,7,2,Z01
202100019032,2,1,,0,2,8,2,B01
202100019033,3,2,,0,1,1,1,A01
202100019034,2,7,,0,2,3,10,A01
202100019034,2,32,,0,2,3,2,B01
202100019035,1,7,,0,2,1,9,A01
202100019035,1,33,,0,2,2,1,B01
202100019036,0,1,,0,2,0,19,B01
202100019036,1,7,,0,2,1,15,A01
202100019037,2,7,,0,0,3,1,C01
202100019037,2,10,,0,0,3,1,B01
202100019037,1,7,,0,0,1,13,A01
202100019038,3,2,,0,0,7,1,A01
202100019039,3,7,,2,0,2,0,A01
202100019040,1,7,,0,2,3,18,A01
202100019040,1,1,,0,2,4,14,B01
202100019041,1,33,,0,2,1,13,A01
202100019041,2,7,,0,2,2,13,B01
202100019042,1,7,,0,2,3,1,A01
202100019042,2,7,,0,2,1,1,B01
202100019043,2,10,,0,2,2,1,A01
202100019043,3,7,,0,2,6,9,B01
202100019044,1,7,,0,1,1,1,A01
202100019045,1,1,,0,0,9,0,A01
202100019046,2,2,,6,0,2,1,A01
202100019047,1,33,,0,0,9,1,A01
202100019048,0,7,,0,2,8,1,B01
202100019048,0,31,,0,2,8,19,A01
202100019049,2,33,,0,0,1,1,A01
202100019050,1,7,,0,0,3,9,A01
202100019050,2,2,,0,0,1,17,B01
202100019051,1,10,,16,0,9,0,A01
202100019052,2,15,,0,2,4,0,B01
202100019052,2,10,,1,0,1,3,A01
202100019053,2,33,,0,2,1,13,A01
202100019053,1,7,,0,2,1,26,B01
202100019054,1,10,,6,0,1,1,A01
202100019055,2,7,,2,0,1,1,A01
202100019056,0,33,,3,0,2,1,A01
202100019057,2,31,,0,2,1,13,B01
202100019057,1,7,,0,2,3,1,A01
202100019058,1,7,,0,2,1,2,B01
202100019058,1,7,,0,0,4,1,A01
202100019059,3,7,,0,2,3,1,B01
202100019059,3,1,,0,2,2,1,A01
202100019060,1,21,,16,0,9,1,A01
202100019061,1,7,,3,2,1,1,B01
202100019061,1,7,,0,2,1,13,A01
202100019062,3,10,,2,0,3,1,A01
202100019063,1,7,,0,2,3,15,A01
202100019063,1,7,,13,2,8,17,B01
202100019064,1,1,,0,1,1,1,A01
202100019065,1,7,,0,1,4,20,A01
202100019066,2,7,,0,2,1,2,A01
202100019066,2,7,,0,0,4,15,B01
202100019067,1,33,,3,0,0,17,A01
202100019068,2,7,,0,2,2,1,B01
202100019068,2,7,,0,0,6,21,A01
202100019069,1,7,,0,0,7,10,A01
202100019069,1,33,,0,2,1,2,B01
202100019070,1,31,,0,2,7,17,B01
202100019070,1,7,,0,2,3,10,A01
202100019071,0,10,,0,0,5,23,A01
202100019071,3,1,,0,2,1,1,B01
202100019072,2,7,,13,0,0,0,A01
202100019073,1,7,,3,0,3,14,A01
202100019074,1,7,,0,2,1,1,B01
202100019074,2,15,,0,2,7,15,A01
202100019075,1,10,,16,0,9,1,A01
202100019076,1,33,,0,2,1,17,B01
202100019076,2,7,,0,2,8,15,A01
202100019077,0,7,,0,2,3,1,B01
202100019077,3,31,,0,2,1,1,A01
202100019078,2,7,,13,0,0,14,A01
202100019079,2,7,,9,0,3,1,B01
202100019079,2,7,,0,0,1,26,A01
202100019080,1,7,,0,2,7,15,B01
202100019080,1,31,,0,2,1,1,A01
202100019081,2,33,,0,2,5,3,A01
202100019081,2,7,,0,0,6,1,B01
202100019081,1,10,,0,2,6,1,C01
202100019082,2,7,,0,2,3,10,A01
202100019082,2,7,,0,2,1,1,B01
202100019083,3,7,,6,0,2,15,A01
202100019084,3,7,,0,2,3,1,B01
202100019084,3,2,,0,2,1,19,A01
202100019085,0,7,,0,2,1,13,A01
202100019085,0,7,,0,2,1,1,B01
202100019086,0,7,,2,0,1,1,A01
202100019087,0,7,,7,2,2,1,B01
202100019087,3,7,,0,2,5,4,A01
202100019088,1,33,,0,2,1,17,A01
202100019088,1,7,,0,0,6,15,B01
202100019089,2,7,,6,0,2,1,A01
202100019090,1,7,,0,2,2,15,A01
202100019090,2,1,,0,2,1,1,B01
202100019091,1,2,,0,2,1,1,B01
202100019091,2,7,,0,2,5,15,A01
202100019092,2,7,,7,0,7,19,A01
202100019092,2,7,,0,2,1,1,B01
202100019093,1,7,,0,2,2,17,A01
202100019093,2,10,,0,2,6,1,B01
202100019093,1,1,,0,2,8,2,C01
202100019094,2,7,,3,2,1,1,A01
202100019094,1,7,,0,2,8,1,B01
202100019094,1,17,,0,2,3,1,C01
202100019095,1,7,,0,0,6,1,A01
202100019095,1,7,,0,0,3,1,B01
202100019095,1,10,,0,0,8,1,C01
202100019095,2,7,,0,0,1,1,D01
202100019096,2,15,,0,2,2,1,A01
202100019096,2,7,,0,2,6,15,B01
202100019097,1,10,,0,2,1,1,B01
202100019097,1,7,,0,0,4,1,A01
202100019098,1,7,,0,2,4,2,A01
202100019098,1,7,,0,2,4,2,B01
202100019098,1,7,,0,2,1,2,C01
202100019099,2,7,,0,2,6,1,A01
202100019099,2,7,,0,2,2,1,B01
202100019100,1,7,,0,2,6,1,A01
202100019100,1,7,,0,2,9,1,B01
202100019101,2,7,,0,2,4,1,A01
202100019101,2,10,,0,2,1,1,B01
202100019102,1,7,,0,2,4,1,A01
202100019102,1,7,,0,2,4,1,B01
202100019102,1,7,,0,2,4,1,C01
202100019102,1,7,,0,2,1,1,D01
202100019103,1,10,,0,2,0,0,Z01
202100019103,2,32,,0,2,8,1,A01
202100019104,2,7,,0,2,1,2,A01
202100019104,2,7,,0,2,4,1,B01
202100019104,2,43,,0,2,4,1,C01
202100019104,2,7,,0,2,4,2,E01
202100019104,2,7,,0,2,4,2,D01
202100019105,2,7,,0,2,4,1,B01
202100019105,2,7,,0,2,0,0,Z01
202100019106,1,33,,0,2,1,1,B01
202100019106,1,10,,0,0,8,13,A01
202100019107,1,7,,0,2,1,2,A01
202100019107,1,7,,0,2,4,2,B01
202100019108,2,10,,4,0,1,14,A01
202100019109,1,7,,16,0,9,26,A01
202100019110,2,33,,0,2,1,1,A01
202100019110,2,7,,0,2,4,1,B01
202100019111,1,7,,0,2,4,2,H01
202100019111,2,17,,0,2,4,2,G01
202100019111,2,7,,0,2,4,2,F01
202100019111,2,7,,0,2,4,2,E01
202100019111,2,7,,0,2,4,2,D01
202100019111,2,7,,0,2,4,2,C01
202100019111,2,7,,0,2,4,2,B01
202100019111,2,7,,0,2,1,2,A01
202100019112,1,7,,0,0,9,1,A01
202100019113,1,7,,0,2,4,2,B01
202100019113,1,7,,0,2,1,2,A01
202100019114,2,7,,3,2,8,3,B01
202100019114,2,7,,0,2,2,12,A01
202100019115,2,33,,0,0,7,0,A01
202100019116,1,7,,4,0,0,0,A01
202100019117,2,32,,0,2,7,1,A01
202100019117,2,7,,0,2,8,11,B01
202100019118,1,33,,0,2,4,11,A01
202100019118,1,7,,0,2,0,1,C01
202100019118,1,33,,0,2,1,1,B01
202100019119,1,7,,0,2,3,11,A01
202100019119,1,33,,0,2,1,1,B01
202100019120,2,33,,4,2,7,21,A01
202100019121,2,16,,4,2,1,1,C01
202100019121,2,17,,4,2,1,1,B01
202100019121,2,7,,4,2,1,9,A01
202100019122,1,7,,4,0,3,21,A01
202100019123,1,33,,0,2,1,1,A01
202100019123,1,7,,0,2,4,1,B01
202100019124,2,7,,4,0,1,26,A01
202100019125,2,10,,0,2,4,23,B01
202100019125,2,33,,0,2,1,9,A01
202100019126,2,33,,0,2,1,3,A01
202100019126,2,7,,0,2,3,11,B01
202100019126,2,7,,0,2,5,1,C01
202100019126,2,14,,0,2,8,1,D01
202100019127,1,17,,13,0,9,14,A01
202100019128,1,7,,0,1,1,26,A01
202100019129,0,1,,0,1,1,1,A01
202100019130,1,7,,1,0,9,5,A01
202100019131,2,7,,0,1,4,4,A01
202100019132,2,30,,0,1,1,17,A01
202100019133,1,7,,0,2,0,0,B01
202100019133,2,7,,0,2,3,15,A01
202100019134,1,50,,0,2,1,1,B01
202100019134,2,7,,0,2,1,13,A01
202100019135,1,7,,1,0,2,2,A01
202100019136,3,7,,1,0,8,26,A01
202100019136,3,7,,0,2,5,24,B01
202100019137,1,7,,0,2,3,15,A01
202100019137,1,2,,0,2,8,1,B01
202100019138,3,10,,0,1,2,1,A01
202100019139,3,7,,0,2,8,15,B01
202100019139,3,31,,0,2,2,1,A01
202100019140,0,7,,0,2,4,26,A01
202100019140,3,7,,0,2,2,1,B01
202100019141,2,10,,0,1,8,1,A01
202100019142,1,34,,0,2,3,17,A01
202100019142,1,7,,0,2,3,0,B01
202100019143,1,30,,0,0,8,1,A01
202100019144,1,7,,0,2,1,1,B01
202100019144,1,7,,0,2,8,19,A01
202100019145,0,7,,0,2,3,15,A01
202100019145,0,7,,0,2,1,1,B01
202100019145,0,7,,0,2,0,23,C01
202100019146,2,10,,0,1,3,15,A01
202100019147,2,32,,0,2,8,1,B01
202100019147,1,7,,0,2,3,15,A01
202100019148,0,33,,0,2,1,15,A01
202100019148,0,7,,0,2,3,1,B01
202100019149,3,7,,0,9,3,1,A01
202100019149,3,50,,0,2,1,1,B01
202100019150,1,7,,0,2,1,15,A01
202100019150,2,2,,0,2,1,3,B01
202100019151,0,30,,0,1,4,1,A01
202100019152,3,7,,0,1,4,20,A01
202100019153,1,7,,0,2,3,15,A01
202100019153,2,33,,0,2,1,2,B01
202100019154,1,7,,0,2,1,9,A01
202100019154,2,7,,0,2,7,1,B01
202100019155,1,31,,0,0,0,1,B01
202100019155,1,7,,0,0,0,11,A01
202100019156,2,10,,0,2,2,0,A01
202100019156,1,30,,0,2,1,0,B01
202100019157,1,10,,0,1,1,1,A01
202100019158,1,7,,0,2,8,15,B01
202100019158,1,30,,0,2,3,17,A01
202100019159,1,7,,0,2,1,1,A01
202100019159,1,7,,0,2,3,1,C01
202100019159,2,7,,0,2,5,1,B01
202100019160,1,10,,0,2,3,1,B01
202100019160,2,7,,0,2,3,15,A01
202100019161,1,7,,0,2,3,15,B01
202100019161,2,33,,0,2,1,17,A01
202100019162,3,21,,4,0,1,1,A01
202100019163,2,33,,0,2,1,1,B01
202100019163,1,7,,0,2,2,15,A01
202100019164,2,7,,0,2,1,1,B01
202100019164,2,7,,0,2,7,9,A01
202100019165,1,7,,0,1,1,9,A01
202100019166,-1,7,,0,2,2,19,A01
202100019166,-1,7,,0,2,1,1,B01
202100019167,1,7,,0,2,1,1,B01
202100019167,1,7,,0,2,1,17,A01
202100019168,1,7,,0,1,1,1,A01
202100019169,1,7,,0,1,3,19,A01
202100019170,1,7,,6,0,1,1,A01
202100019171,1,30,,0,2,1,17,B01
202100019171,2,99,,9,2,6,11,A01
202100019172,1,10,,0,2,4,26,B01
202100019172,1,7,,0,2,1,26,A01
202100019173,3,7,,1,0,8,16,A01
202100019174,1,7,,8,0,1,14,A01
202100019175,3,7,,1,0,2,1,A01
202100019176,1,40,,0,2,1,1,A01
202100019176,3,50,,0,4,3,26,B01
202100019177,2,31,,0,1,1,1,A01
202100019178,0,10,,0,2,2,26,A01
202100019178,0,1,,0,2,1,1,B01
202100019179,2,33,,0,2,1,1,B01
202100019179,1,7,,0,2,7,15,A01
202100019180,1,33,,0,2,1,2,A01
202100019180,1,7,,0,2,4,2,B01
202100019181,1,1,,0,2,1,16,B01
202100019181,2,1,,0,2,1,15,A01
202100019182,2,7,,0,2,1,2,A01
202100019182,2,10,,0,2,4,23,B01
202100019183,2,7,,0,2,8,16,A01
202100019183,2,7,,0,2,1,1,B01
202100019184,3,7,,0,0,0,0,A01
202100019184,3,30,,0,0,0,0,B01
202100019185,3,7,,0,1,7,1,A01
202100019186,0,7,,13,0,9,2,A01
202100019187,1,1,,0,2,0,1,B01
202100019187,2,1,,0,2,0,1,A01
202100019188,3,34,,0,2,1,17,A01
202100019188,3,7,,0,2,6,0,B01
202100019189,1,7,,10,0,1,1,A01
202100019190,2,33,,2,2,1,21,A01
202100019190,2,7,,1,0,3,11,B01
202100019191,1,2,,0,2,1,17,A01
202100019191,3,7,,0,2,3,26,B01
202100019192,1,7,,0,1,6,26,A01
202100019193,2,7,,0,2,2,1,B01
202100019193,2,7,,0,2,1,9,A01
202100019194,1,10,,0,2,1,2,C01
202100019194,1,10,,0,2,4,2,B01
202100019194,1,10,,0,2,4,2,A01
202100019195,1,7,,0,2,3,13,A01
202100019195,1,7,,0,2,6,17,B01
202100019195,2,7,,0,2,3,1,C01
202100019196,3,7,,0,2,1,19,A01
202100019196,3,1,,0,2,8,19,B01
202100019197,1,10,,0,2,4,2,B01
202100019197,1,10,,0,2,1,2,A01
202100019198,2,7,,0,2,6,23,B01
202100019198,2,7,,0,2,2,14,A01
202100019199,0,3,,0,2,8,9,A01
202100019199,1,32,,0,2,1,1,B01
202100019200,1,13,,0,2,2,16,A01
202100019200,1,1,,0,2,1,1,B01
202100019201,2,32,,0,1,2,1,A01
202100019202,2,50,,0,0,1,5,A01
202100019203,3,30,,0,2,5,1,A01
202100019203,3,1,,0,2,1,19,B01
202100019204,2,33,,8,0,1,1,A01
202100019205,1,43,,1,0,2,14,A01
202100019206,1,50,,0,2,8,7,B01
202100019206,1,7,,0,2,2,17,A01
202100019207,2,1,,0,1,8,1,A01
202100019208,1,7,,0,2,3,15,B01
202100019208,1,32,,0,2,2,17,A01
202100019209,2,1,,0,2,1,13,Z01
202100019209,1,50,,0,2,8,1,A01
202100019210,2,7,,0,2,1,2,A01
202100019210,2,7,,0,2,4,2,B01
202100019211,3,7,,0,2,3,13,A01
202100019211,3,7,,0,2,7,1,B01
202100019212,1,7,,0,5,9,21,A01
202100019213,1,7,,0,2,6,1,B01
202100019213,1,30,,0,2,2,17,A01
202100019214,0,7,,8,0,1,2,A01
202100019215,2,7,,0,1,2,16,A01
202100019216,1,7,,0,2,1,1,B01
202100019216,2,7,,0,2,5,19,A01
202100019217,2,10,,0,9,3,15,A01
202100019217,2,1,,0,2,1,0,B01
202100019218,3,50,,12,2,1,13,B01
202100019218,3,3,,12,2,1,0,A01
202100019219,1,7,,0,2,8,1,B01
202100019219,1,7,,0,2,1,15,A01
202100019220,1,7,,0,1,3,1,A01
202100019221,1,10,,0,2,3,19,A01