Num_Acc,senc,catv,occutc,obs,obsm,choc,manv,num_veh
202100019221,2,2,,0,2,1,17,B01
202100019222,1,1,,0,2,1,1,B01
202100019222,0,7,,0,2,3,1,A01
202100019223,2,15,,0,1,3,15,A01
202100019224,3,13,,0,0,5,26,A01
202100019224,3,99,,0,0,0,0,B01
202100019225,1,7,,0,2,2,1,A01
202100019225,2,7,,0,2,2,9,B01
202100019226,2,7,,0,2,3,15,B01
202100019226,2,33,,0,2,3,1,A01
202100019227,1,31,,8,0,1,14,A01
202100019228,0,33,,0,2,1,3,A01
202100019228,0,32,,0,2,8,15,B01
202100019229,1,31,,0,0,7,21,A01
202100019230,1,50,,0,2,1,19,B01
202100019230,2,30,,0,2,3,1,A01
202100019231,2,37,1.0,0,1,0,26,A01
202100019232,1,50,,0,1,1,1,Z01
202100019233,2,7,,0,2,1,1,A01
202100019233,1,33,,0,2,7,15,B01
202100019234,1,33,,0,2,1,9,A01
202100019234,1,7,,0,2,4,23,B01
202100019235,3,7,,0,2,8,15,A01
202100019235,3,50,,0,2,8,5,B01
202100019236,1,32,,0,2,3,9,A01
202100019236,2,37,1.0,0,2,3,13,B01
202100019237,1,7,,0,2,1,2,C01
202100019237,1,7,,0,2,1,2,B01
202100019237,1,10,,0,2,1,2,A01
202100019237,1,7,,0,2,4,1,D01
202100019238,1,1,,9,2,7,19,B01
202100019238,2,7,,9,2,1,1,A01
202100019239,2,33,,0,2,3,1,A01
202100019239,3,7,,12,2,8,15,B01
202100019240,1,13,,0,2,1,1,A01
202100019240,2,1,,0,2,1,13,B01
202100019241,2,15,,0,2,4,2,B01
202100019241,2,7,,0,2,1,1,A01
202100019242,2,1,,0,2,1,5,A01
202100019242,1,10,,0,9,1,11,B01
202100019243,1,7,,0,2,1,5,A01
202100019243,2,7,,0,2,1,1,B01
202100019244,2,33,,2,0,1,13,A01
202100019245,2,7,,13,0,1,17,A01
202100019246,1,7,,0,2,1,5,A01
202100019246,2,7,,0,2,2,1,B01
202100019247,1,7,,0,2,1,1,B01
202100019247,2,7,,0,2,2,15,A01
202100019248,1,33,,0,0,0,15,A01
202100019249,2,7,,2,0,8,14,A01
202100019250,1,30,,0,2,1,1,B01
202100019250,2,7,,0,2,1,15,A01
202100019251,2,7,,0,2,3,1,A01
202100019251,1,33,,0,2,3,1,B01
202100019252,2,7,,0,0,1,1,B01
202100019252,1,7,,0,0,2,15,A01
202100019253,0,2,,0,2,6,15,B01
202100019253,0,7,,0,2,2,17,A01
202100019254,2,7,,13,0,2,1,A01
202100019255,0,7,,10,0,0,0,A01
202100019256,3,7,,0,2,3,1,B01
202100019256,3,7,,0,2,3,1,A01
202100019257,1,7,,0,2,1,1,B01
202100019257,1,7,,0,2,1,15,A01
202100019258,2,33,,0,2,3,13,A01
202100019258,1,7,,0,2,8,1,B01
202100019259,3,7,,6,0,1,1,A01
202100019260,3,7,,0,1,3,26,A01
202100019261,1,7,,8,0,1,0,A01
202100019262,1,7,,13,0,7,1,A01
202100019263,1,7,,0,0,3,19,A01
202100019263,1,33,,0,2,1,1,B01
202100019264,1,33,,5,2,7,17,A01
202100019264,1,10,,0,2,8,1,B01
202100019265,1,7,,0,2,1,23,A01
202100019265,2,7,,9,2,1,26,B01
202100019266,3,7,,0,2,1,2,A01
202100019266,3,2,,0,2,4,2,B01
202100019267,2,7,,0,2,1,5,A01
202100019267,1,7,,0,2,1,1,B01
202100019268,2,7,,2,0,0,1,A01
202100019269,2,7,,0,1,3,1,A01
202100019270,1,7,,2,0,1,1,A01
202100019271,2,33,,0,2,1,1,B01
202100019271,1,7,,0,2,1,17,A01
202100019272,3,7,,13,0,3,1,A01
202100019273,1,14,,8,0,7,21,A01
202100019274,2,1,,0,2,0,0,A01
202100019274,1,7,,0,9,2,1,B01
202100019275,1,7,,0,2,1,1,A01
202100019275,2,7,,0,2,1,13,B01
202100019275,1,15,,0,2,8,1,C01
202100019276,1,15,,0,2,1,1,C01
202100019276,1,7,,0,2,8,1,B01
202100019276,2,3,,0,2,1,13,A01
202100019277,2,7,,0,0,2,0,A01
202100019278,2,7,,0,2,1,1,A01
202100019278,2,7,,0,0,4,1,B01
202100019279,1,7,,2,0,1,1,A01
202100019280,2,10,,0,2,1,1,A01
202100019280,1,31,,0,2,4,2,B01
202100019281,1,7,,0,0,8,0,A01
202100019281,0,33,,0,2,1,5,B01
202100019282,1,2,,0,2,1,17,A01
202100019282,2,7,,0,0,6,15,B01
202100019283,1,7,,0,2,1,1,B01
202100019283,2,33,,4,2,0,1,A01
202100019284,0,7,,0,1,2,1,A01
202100019285,1,10,,0,2,2,0,B01
202100019285,1,33,,3,0,4,0,A01
202100019286,1,7,,13,0,1,1,A01
202100019287,1,33,,0,2,2,17,A01
202100019287,1,7,,0,0,3,1,B01
202100019288,1,7,,13,0,1,16,A01
202100019289,2,2,,0,2,1,2,A01
202100019289,2,7,,0,2,4,2,B01
202100019290,3,2,,13,0,7,14,A01
202100019291,1,7,,0,2,1,5,A01
202100019291,2,17,,0,2,1,1,B01
202100019292,1,7,,2,0,1,13,A01
202100019293,2,7,,0,0,1,1,A01
202100019294,1,7,,3,0,9,14,A01
202100019295,1,7,,0,2,3,15,B01
202100019295,2,7,,0,2,1,0,A01
202100019296,2,7,,0,2,1,1,C01
202100019296,2,7,,0,2,4,1,B01
202100019296,2,7,,0,2,1,2,A01
202100019297,2,17,,13,0,9,26,A01
202100019298,2,7,,0,2,1,2,A01
202100019298,2,7,,0,2,4,2,B01
202100019299,1,7,,0,2,1,2,A01
202100019299,1,7,,0,2,4,2,B01
202100019300,2,7,,0,2,4,2,B01
202100019300,2,7,,0,2,1,2,A01
202100019301,2,7,,0,2,9,2,A01
202100019302,2,7,,0,2,4,23,C01
202100019302,2,7,,0,2,6,23,B01
202100019302,2,7,,0,2,1,9,A01
202100019303,1,7,,0,2,1,2,C01
202100019303,1,7,,0,2,5,1,B01
202100019303,1,7,,0,2,8,11,A01
202100019304,2,7,,0,2,1,2,A01
202100019304,2,10,,0,2,4,2,B01
202100019304,2,7,,0,2,4,2,C01
202100019305,2,33,,0,2,8,1,B01
202100019305,2,10,,0,2,5,12,A01
202100019306,2,7,,0,2,7,12,A01
202100019306,2,32,,0,2,8,26,B01
202100019307,1,10,,0,2,1,2,A01
202100019307,1,10,,0,2,4,2,B01
202100019307,1,7,,0,2,4,2,C01
202100019308,2,7,,0,2,4,0,B01
202100019308,2,7,,0,2,4,0,C01
202100019308,2,20,,0,2,1,26,A01
202100019309,1,7,,0,2,1,1,A01
202100019309,1,7,,0,2,4,1,B01
202100019309,1,7,,0,2,4,1,C01
202100019309,1,7,,0,2,4,1,D01
202100019310,1,7,,3,0,8,1,A01
202100019311,2,10,,0,2,1,2,A01
202100019311,2,7,,0,2,4,2,B01
202100019312,1,7,,0,1,7,26,A01
202100019313,1,3,,0,2,1,1,B01
202100019313,0,10,,0,2,2,15,A01
202100019314,2,30,,0,2,1,21,B01
202100019314,1,14,,0,2,1,1,A01
202100019315,1,33,,6,0,1,16,A01
202100019316,1,7,,0,2,6,15,B01
202100019316,1,2,,0,2,1,3,A01
202100019317,1,1,,0,2,1,26,B01
202100019317,1,10,,0,2,0,22,C01
202100019318,1,7,,0,2,2,5,A01
202100019318,1,7,,0,2,2,2,B01
202100019319,2,50,,0,2,7,5,A01
202100019319,2,7,,0,2,1,1,B01
202100019320,2,33,,0,2,1,1,B01
202100019320,1,10,,0,2,2,15,A01
202100019321,1,7,,15,0,3,13,A01
202100019322,1,31,,0,2,1,1,B01
202100019322,1,7,,0,9,1,20,A01
202100019323,3,7,,0,1,2,9,A01
202100019324,1,1,,0,1,2,0,B01
202100019324,1,7,,0,2,3,0,C01
202100019324,1,7,,0,1,2,0,A01
202100019325,3,7,,1,0,6,20,B01
202100019325,3,7,,0,2,1,2,A01
202100019326,1,7,,0,2,8,1,B01
202100019326,1,7,,15,2,1,19,A01
202100019327,2,7,,0,2,2,15,A01
202100019327,1,7,,0,2,3,1,B01
202100019328,1,7,,0,2,8,5,A01
202100019328,2,33,,0,2,9,0,B01
202100019329,2,7,,0,1,1,2,A01
202100019330,1,7,,0,1,1,1,A01
202100019331,3,7,,0,2,2,19,A01
202100019331,3,7,,0,2,3,0,B01
202100019332,1,7,,0,2,1,15,B01
202100019332,1,30,,0,2,1,1,A01
202100019333,1,7,,0,1,7,26,A01
202100019334,2,7,,0,2,7,26,A01
202100019334,3,7,,0,2,3,9,B01
202100019335,2,7,,9,0,6,2,B01
202100019335,2,1,,0,2,1,2,A01
202100019336,2,2,,0,2,1,1,B01
202100019336,1,7,,0,2,1,19,A01
202100019337,1,7,,0,2,1,1,B01
202100019337,2,7,,0,2,5,9,A01
202100019338,1,1,,0,0,0,26,A01
202100019339,1,7,,0,0,0,26,A01
202100019340,2,7,,14,0,1,1,A01
202100019341,1,7,,0,2,4,2,B01
202100019341,1,7,,0,2,1,2,A01
202100019342,1,7,,1,0,8,1,A01
202100019343,1,7,,13,0,9,6,A01
202100019344,2,7,,0,1,2,1,B01
202100019345,3,30,,11,0,1,19,A01
202100019346,0,7,,0,2,1,1,B01
202100019346,0,7,,0,2,7,1,A01
202100019347,2,7,,1,0,1,1,A01
202100019348,1,33,,0,2,2,1,A01
202100019348,2,7,,0,2,3,1,B01
202100019349,1,10,,0,2,1,1,B01
202100019349,2,7,,0,2,1,13,A01
202100019350,1,7,,0,2,1,9,B01
202100019350,1,7,,0,2,9,19,A01
202100019351,2,32,,0,2,1,2,A01
202100019351,2,7,,14,0,6,26,B01
202100019352,2,7,,0,2,4,23,C01
202100019352,2,3,,0,2,4,2,B01
202100019352,2,10,,0,2,1,2,A01
202100019353,1,7,,0,2,6,11,A01
202100019353,1,32,,0,2,1,1,B01
202100019354,1,7,,0,2,3,1,A01
202100019354,2,7,,0,2,0,1,B01
202100019355,0,7,,0,2,1,9,A01
202100019355,0,7,,0,2,0,1,B01
202100019356,1,7,,0,2,3,15,A01
202100019356,2,7,,0,2,6,2,B01
202100019357,1,7,,0,2,2,5,A01
202100019357,2,7,,0,2,1,1,B01
202100019358,1,33,,0,2,1,1,B01
202100019358,2,7,,0,2,8,26,A01
202100019359,1,7,,8,0,3,1,A01
202100019360,1,7,,0,2,2,1,B01
202100019360,1,7,,0,2,3,9,A01
202100019361,0,7,,0,2,1,1,B01
202100019361,3,7,,0,2,7,15,A01
202100019362,3,7,,0,2,3,9,A01
202100019362,3,1,,0,2,7,26,B01
202100019363,3,7,,0,2,1,9,A01
202100019363,0,1,,0,2,1,1,B01
202100019364,-1,33,,-1,-1,-1,-1,A01
202100019365,2,33,,0,2,2,3,B01
202100019365,2,7,,0,2,8,11,A01
202100019366,1,7,,0,2,6,24,A01
202100019366,1,30,,0,2,0,15,Z01
202100019367,2,1,,0,1,1,1,A01
202100019368,2,7,,0,1,3,1,A01
202100019369,2,30,,0,2,4,23,B01
202100019369,2,32,,0,2,1,2,A01
202100019370,2,7,,0,1,2,1,A01
202100019371,1,7,,0,2,4,2,B01
202100019371,1,33,,0,2,1,2,A01
202100019372,1,7,,0,2,1,14,A01
202100019372,1,7,,0,2,6,24,B01
202100019373,3,80,,12,0,1,14,A01
202100019374,1,7,,0,2,3,15,B01
202100019374,1,32,,0,2,7,17,A01
202100019375,3,1,,12,0,7,14,A01
202100019376,2,32,,0,0,2,21,A01
202100019377,2,7,,0,2,8,22,A01
202100019377,2,1,,1,2,7,1,B01
202100019378,2,31,,0,2,8,16,B01
202100019378,2,7,,0,2,1,1,A01
202100019379,1,30,,0,2,7,21,A01
202100019379,2,7,,0,2,1,23,B01
202100019380,1,7,,0,2,1,1,B01
202100019380,0,7,,0,2,7,1,A01
202100019381,2,7,,0,2,1,2,A01
202100019381,2,7,,0,2,4,2,B01
202100019382,1,50,,0,1,4,25,A01
202100019383,2,99,,0,2,1,2,B01
202100019383,2,7,,0,2,4,2,A01
202100019384,2,33,,0,2,1,26,A01
202100019384,2,10,,0,0,7,1,B01
202100019385,1,7,,4,0,1,13,A01
202100019386,1,7,,0,2,5,2,B01
202100019386,1,32,,0,2,3,2,A01
202100019387,2,33,,0,2,8,1,B01
202100019387,1,7,,0,2,3,15,A01
202100019388,1,33,,0,2,3,1,B01
202100019388,2,33,,0,2,1,5,A01
202100019389,1,37,1.0,0,0,6,23,B01
202100019389,1,7,,0,0,1,2,A01
202100019390,2,33,,0,2,1,2,A01
202100019390,2,7,,0,0,5,2,B01
202100019391,0,2,,0,2,7,1,B01
202100019391,0,7,,0,2,1,16,A01
202100019392,1,7,,13,0,3,14,A01
202100019393,2,7,,0,2,2,19,B01
202100019393,1,7,,0,2,1,1,A01
202100019394,1,7,,0,2,1,1,A01
202100019394,2,7,,0,2,2,1,B01
202100019395,3,7,,0,1,3,1,A01
202100019396,2,7,,2,0,1,13,A01
202100019397,3,31,,0,0,1,15,B01
202100019397,1,7,,7,2,3,1,A01
202100019398,1,33,,13,0,1,2,A01
202100019399,3,33,,0,2,1,1,A01
202100019399,3,7,,0,2,1,15,B01
202100019400,0,1,,0,9,3,21,B01
202100019400,0,37,1.0,0,9,8,1,A01
202100019401,1,7,,0,2,3,13,A01
202100019401,2,7,,0,2,3,1,B01
202100019402,1,7,,3,0,0,14,A01
202100019403,2,7,,0,2,3,13,A01
202100019403,1,7,,0,2,3,1,B01
202100019404,1,7,,2,0,3,13,A01
202100019405,1,33,,16,0,0,1,A01
202100019406,2,33,,0,0,0,17,A01
202100019407,0,10,,0,0,4,15,B01
202100019407,0,34,,0,2,1,2,A01
202100019408,1,35,,1,0,1,16,A01
202100019409,2,7,,0,2,1,1,C01
202100019409,2,7,,0,2,7,19,A01
202100019409,2,7,,0,0,8,23,B01
202100019410,2,50,,13,0,0,13,A01
202100019411,1,7,,0,2,3,17,C01
202100019411,2,15,,0,2,3,21,B01
202100019411,2,7,,0,0,0,9,A01
202100019412,2,7,,0,0,6,19,B01
202100019412,1,33,,0,2,1,1,A01
202100019413,2,7,,2,0,1,1,A01
202100019414,2,33,,14,0,7,1,A01
202100019415,1,33,,0,0,0,1,A01
202100019416,2,7,,2,2,9,13,A01
202100019416,1,7,,0,2,3,1,B01
202100019417,2,7,,0,2,3,15,A01
202100019417,1,2,,0,2,1,1,B01
202100019418,1,33,,8,0,2,1,A01
202100019419,2,7,,2,0,1,1,A01
202100019420,2,7,,0,2,2,2,A01
202100019420,2,1,,0,2,4,2,B01
202100019421,1,7,,0,2,1,0,B01
202100019421,1,7,,0,0,3,16,A01
202100019422,1,2,,8,0,2,1,A01
202100019423,2,2,,0,2,1,1,B01
202100019423,1,10,,0,2,3,17,A01
202100019424,2,7,,0,2,5,1,B01
202100019424,2,7,,0,2,3,9,A01
202100019425,1,33,,0,0,2,1,A01
202100019426,2,33,,0,0,0,1,A01
202100019427,2,7,,0,2,3,13,A01
202100019427,1,10,,0,2,3,1,B01
202100019428,1,7,,0,9,2,1,A01
202100019428,1,80,,0,2,4,26,B01
202100019429,3,7,,6,0,1,14,A01
202100019430,2,2,,0,0,7,15,A01
202100019431,2,33,,0,0,8,1,A01
202100019432,2,31,,0,6,1,1,A01
202100019433,2,7,,0,2,7,19,A01
202100019433,1,2,,0,2,8,1,B01
202100019434,2,7,,0,2,1,1,A01
202100019434,2,7,,0,2,1,16,B01
202100019435,1,7,,0,2,1,13,A01
202100019435,2,7,,0,2,3,1,C01
202100019435,2,7,,0,2,3,1,B01
202100019436,2,1,,0,2,1,1,B01
202100019436,1,7,,0,2,2,15,A01
202100019437,1,7,,0,2,3,13,A01
202100019437,2,7,,0,2,3,0,B01
202100019438,2,7,,0,1,3,1,A01
202100019439,2,7,,6,0,1,1,A01
202100019440,1,10,,0,2,2,1,A01
202100019440,2,7,,8,2,1,15,B01
202100019441,2,7,,0,2,4,2,B01
202100019441,2,7,,0,2,1,2,A01
202100019442,2,31,,14,0,1,21,A01
202100019443,2,7,,0,2,4,2,B01
202100019443,1,7,,0,2,1,2,A01
202100019444,1,33,,0,0,0,21,A01
202100019445,1,33,,0,2,7,1,A01
202100019445,1,7,,0,2,8,9,B01
202100019446,1,33,,0,2,1,3,B01
202100019446,1,7,,0,2,6,12,A01
202100019447,2,7,,0,2,1,2,A01
202100019447,2,7,,0,2,4,2,B01
202100019447,2,7,,0,2,4,2,C01
202100019448,2,0,,0,2,4,0,Z01
202100019448,2,33,,0,2,1,1,A01
202100019449,2,7,,0,2,1,2,A01
202100019449,2,32,,0,2,4,2,B01
202100019450,0,7,,14,2,1,1,B01
202100019450,0,7,,0,2,4,1,A01
202100019451,1,7,,6,9,1,15,A01
202100019452,1,1,,0,2,1,19,A01
202100019452,2,32,,0,2,8,1,B01
202100019453,3,2,,0,0,1,1,A01
202100019453,3,7,,0,0,1,1,B01
202100019454,0,31,,6,0,0,0,A01
202100019455,0,33,,0,0,0,1,A01
202100019456,1,7,,0,1,1,1,A01
202100019457,3,30,,0,0,7,1,A01
202100019458,3,10,,0,2,1,17,A01
202100019458,3,15,,0,0,4,15,B01
202100019459,1,7,,0,2,1,21,A01
202100019459,2,2,,0,2,1,5,B01
202100019460,1,7,,0,1,1,0,A01
202100019461,1,7,,0,1,1,15,A01
202100019462,0,7,,0,1,2,1,A01
202100019463,2,7,,0,2,7,19,A01
202100019463,2,32,,0,2,1,19,B01
202100019464,1,7,,0,1,1,19,A01
202100019465,1,7,,0,1,1,21,A01
202100019466,3,7,,0,2,1,15,A01
202100019466,3,7,,0,2,1,1,B01
202100019467,2,7,,0,2,3,9,A01
202100019467,2,43,,0,2,1,3,B01
202100019468,3,1,,0,2,1,5,A01
202100019468,3,7,,0,2,3,1,B01
202100019469,3,7,,0,0,0,0,A01
202100019469,0,50,,0,0,0,0,B01
202100019470,3,7,,0,2,5,16,B01
202100019470,2,7,,0,2,2,9,A01
202100019471,2,7,,0,2,1,1,A01
202100019471,0,7,,0,2,8,16,B01
202100019472,2,2,,0,2,1,1,B01
202100019472,2,7,,0,2,2,15,A01
202100019473,1,7,,0,2,3,1,B01
202100019473,1,32,,0,2,1,6,A01
202100019474,1,7,,0,2,4,23,B01
202100019474,1,7,,0,2,1,1,A01
202100019475,3,7,,0,2,1,17,A01
202100019475,3,7,,0,0,6,15,B01
202100019476,2,7,,0,2,3,15,B01
202100019476,1,30,,0,2,1,13,A01
202100019477,3,31,,0,2,8,1,A01
202100019477,3,7,,0,2,3,15,B01
202100019477,3,7,,0,2,1,23,C01
202100019478,2,7,,0,2,1,9,A01
202100019478,1,7,,0,2,1,21,B01
202100019479,1,34,,12,0,8,13,A01
202100019480,3,7,,9,0,3,16,A01
202100019481,2,7,,0,1,1,1,A01
202100019482,1,1,,0,1,1,25,Z01
202100019483,1,32,,0,2,1,1,A01
202100019483,1,7,,0,9,4,23,B01
202100019484,2,7,,0,2,1,15,A01
202100019484,1,32,,0,2,1,1,B01
202100019485,2,30,,0,0,0,0,A01
202100019485,0,0,,0,2,0,0,B01
202100019486,0,50,,0,2,1,1,A01
202100019486,0,7,,0,0,4,26,B01
202100019487,1,7,,0,2,4,26,B01
202100019487,1,7,,0,2,2,26,A01
202100019488,1,7,,0,2,5,2,A01
202100019488,1,1,,0,2,2,2,B01
202100019489,1,7,,0,2,8,26,A01
202100019489,1,2,,0,2,3,0,B01
202100019490,0,7,,0,2,3,9,B01
202100019490,0,7,,0,2,1,26,A01
202100019491,1,43,,0,2,1,1,B01
202100019491,1,10,,0,2,3,15,A01
202100019492,1,7,,0,2,1,1,A01
202100019492,1,7,,0,2,4,1,B01
202100019493,1,7,,0,2,2,1,A01
202100019493,1,7,,0,2,3,15,C01
202100019493,1,7,,0,2,2,15,B01
202100019494,1,7,,0,2,7,0,B01
202100019494,1,30,,0,2,1,12,A01
202100019495,3,7,,0,2,4,23,B01
202100019495,3,7,,0,2,1,2,A01
202100019496,2,7,,0,2,7,1,B01
202100019496,1,30,,0,2,1,1,A01
202100019497,1,30,,0,2,1,1,B01
202100019497,2,7,,0,2,8,15,A01
202100019498,2,7,,0,2,1,1,B01
202100019498,1,7,,0,2,1,13,A01
202100019499,2,30,,0,2,8,19,A01
202100019500,2,33,,0,2,1,13,A01
202100019500,1,7,,0,2,1,23,B01
202100019501,2,33,,0,2,1,1,B01
202100019501,2,7,,0,2,2,1,A01
202100019502,3,7,,0,2,1,9,A01
202100019502,3,7,,0,2,4,2,B01
202100019503,1,7,,0,1,1,1,A01
202100019504,3,1,,0,2,7,19,A01
202100019504,3,7,,0,2,2,0,B01
202100019505,0,33,,3,0,2,1,A01
202100019506,1,7,,0,2,1,1,A01
202100019506,1,7,,0,2,8,10,B01
202100019507,1,7,,0,2,4,2,B01
202100019507,1,7,,0,2,4,2,C01
202100019507,1,7,,0,2,4,2,D01
202100019507,1,7,,0,2,1,2,A01
202100019508,1,33,,0,2,7,1,B01
202100019508,1,7,,0,2,8,11,A01
202100019509,3,10,,0,2,1,24,B01
202100019509,1,32,,0,2,1,1,A01
202100019510,1,7,,0,1,5,4,A01
202100019511,1,7,,0,2,1,10,Z01
202100019511,1,30,,0,2,7,1,A01
202100019512,1,1,,0,2,8,9,A01
202100019512,1,31,,0,2,1,1,B01
202100019513,2,7,,0,2,6,24,B01
202100019513,2,7,,0,1,3,1,A01
202100019514,1,10,,0,1,2,1,A01
202100019515,3,1,,0,1,1,1,A01
202100019516,3,7,,11,0,2,13,A01
202100019517,1,30,,0,1,1,1,Z01
202100019518,2,7,,0,2,5,2,B01
202100019518,2,32,,0,2,1,2,A01
202100019519,3,7,,0,2,2,1,B01
202100019519,1,30,,0,2,8,1,A01
202100019520,0,32,,0,1,5,26,A01
202100019521,3,7,,0,2,3,1,B01
202100019521,3,7,,0,2,2,15,A01
202100019522,0,33,,0,2,1,17,A01
202100019522,0,50,,0,2,1,17,B01
202100019523,1,7,,0,0,1,1,B01
202100019523,2,7,,0,0,1,15,A01
202100019524,0,7,,0,0,5,1,B01
202100019524,0,7,,0,2,3,2,A01
202100019525,2,7,,0,0,0,23,T01
202100019525,2,99,,0,2,1,26,C01
202100019525,2,7,,0,2,1,26,B01
202100019525,2,7,,0,2,4,26,A01
202100019526,1,10,,0,1,2,26,A01
202100019527,1,32,,0,1,8,17,A01
202100019528,2,1,,0,2,1,1,B01
202100019528,3,1,,0,2,8,19,A01
202100019529,1,7,,0,2,4,1,B01
202100019529,1,7,,0,2,1,2,A01
202100019530,2,7,,0,2,7,10,A01
202100019530,1,43,,0,2,1,1,B01
202100019531,3,7,,0,2,1,16,A01
202100019531,1,7,,0,2,3,1,B01
202100019532,3,2,,0,0,2,1,A01
202100019533,1,2,,0,0,0,10,A01
202100019534,2,7,,0,2,1,1,A01
202100019534,2,7,,0,2,4,1,B01
202100019535,1,7,,0,2,7,16,A01
202100019535,1,33,,0,2,2,1,B01
202100019536,3,31,,0,9,1,1,A01
202100019536,3,1,,0,2,7,1,B01
202100019537,1,33,,0,0,1,0,A01
202100019538,1,7,,0,2,1,1,A01
202100019538,1,7,,0,2,4,2,B01
202100019539,2,7,,0,2,7,17,A01
202100019539,2,1,,0,2,8,2,B01
202100019540,1,10,,0,2,2,21,A01
202100019540,1,17,,0,2,6,2,B01
202100019541,2,33,,0,2,1,17,A01
202100019541,2,7,,0,2,6,15,B01
202100019542,3,1,,0,2,8,1,B01
202100019542,0,7,,0,9,1,15,A01
202100019543,2,7,,3,0,3,0,A01
202100019544,1,7,,2,0,1,0,A01
202100019545,1,7,,0,0,4,1,A01
202100019545,1,7,,0,2,1,2,B01
202100019546,1,33,,0,2,1,1,B01
202100019546,2,7,,0,2,3,10,A01
202100019547,1,7,,0,0,1,2,A01
202100019547,1,7,,0,0,4,2,B01
202100019548,1,7,,0,0,0,1,A01
202100019549,2,7,,8,0,0,1,A01
202100019550,1,33,,0,2,1,1,A01
202100019550,1,7,,0,0,6,15,B01
202100019551,1,7,,0,2,6,5,A01
202100019551,2,7,,0,2,8,1,B01
202100019551,0,7,,0,2,1,1,C01
202100019552,1,7,,0,2,5,1,B01
202100019552,2,33,,0,2,1,1,A01
202100019553,1,7,,2,0,1,1,A01
202100019554,2,7,,0,2,3,15,A01
202100019554,2,33,,0,2,1,1,B01
202100019555,3,2,,0,2,1,17,A01
202100019555,3,1,,0,2,4,1,B01
202100019556,3,30,,0,2,1,13,A01
202100019556,3,7,,0,2,3,1,B01
202100019557,1,1,,0,0,0,0,A01
202100019558,1,7,,13,0,9,13,A01
202100019559,1,7,,0,2,7,5,A01
202100019559,2,7,,0,2,1,1,B01
202100019560,2,7,,3,0,3,1,A01
202100019561,2,7,,0,2,2,13,A01
202100019561,1,2,,0,2,1,1,B01
202100019562,1,7,,0,2,0,2,A01
202100019562,1,1,,0,0,6,1,B01
202100019563,1,21,,0,0,4,24,C01
202100019563,2,7,,0,2,2,19,A01
202100019563,1,7,,0,2,3,1,B01
202100019564,2,7,,0,2,7,5,A01
202100019564,1,7,,0,2,1,1,B01
202100019565,3,10,,0,2,3,1,B01
202100019565,3,7,,0,2,1,1,A01
202100019566,1,7,,6,0,1,1,A01
202100019567,1,7,,13,0,3,0,A01
202100019568,1,7,,0,2,3,1,B01
202100019568,2,7,,0,2,3,13,A01
202100019569,1,2,,0,2,1,1,A01
202100019569,3,1,,0,0,5,19,B01
202100019570,2,33,,0,2,1,1,B01
202100019570,1,7,,0,2,2,15,A01
202100019571,3,33,,0,0,1,1,A01
202100019572,2,21,,13,0,1,0,A01
202100019573,1,7,,0,2,3,15,B01
202100019573,2,7,,0,2,3,1,A01
202100019574,2,7,,14,0,1,1,A01
202100019575,1,1,,0,2,1,0,B01
202100019575,2,7,,0,2,3,0,A01
202100019576,2,7,,13,0,2,1,A01
202100019577,3,36,,0,0,8,10,A01
202100019578,2,7,,11,0,1,1,A01
202100019579,3,7,,0,2,1,1,A01
202100019579,0,50,,0,2,1,1,B01
202100019580,1,33,,0,0,0,1,A01
202100019581,1,33,,0,2,1,17,A01
202100019581,1,7,,0,0,8,15,B01
202100019582,1,7,,0,2,1,2,A01
202100019582,1,7,,0,0,4,1,B01
202100019582,1,10,,0,0,4,1,C01
202100019583,1,7,,0,2,1,1,B01
202100019583,2,7,,0,2,1,13,A01
202100019584,2,7,,1,0,2,15,A01
202100019584,1,7,,0,0,1,1,B01
202100019584,1,7,,0,0,3,23,C01
202100019585,1,34,,0,2,1,1,A01
202100019585,2,7,,0,2,1,1,B01
202100019586,3,7,,2,0,1,14,A01
202100019587,2,33,,0,2,3,1,B01
202100019587,1,33,,0,2,3,5,A01
202100019588,1,2,,0,2,1,2,C01
202100019588,1,2,,0,0,6,15,A01
202100019588,1,2,,0,0,6,15,B01
202100019589,1,7,,0,0,4,2,B01
202100019589,1,7,,0,2,8,0,A01
202100019590,2,7,,13,0,2,1,A01
202100019591,1,7,,2,0,1,13,A01
202100019592,1,7,,0,2,8,15,B01
202100019592,2,33,,0,2,1,1,A01
202100019593,1,2,,2,0,2,1,A01
202100019594,1,7,,0,2,1,1,B01
202100019594,2,7,,0,2,2,15,A01
202100019595,3,1,,13,0,1,1,A01
202100019596,1,7,,4,0,9,1,A01
202100019597,1,33,,0,2,1,1,A01
202100019597,2,7,,0,2,1,1,B01
202100019598,1,2,,14,0,0,0,A01
202100019599,2,21,,0,0,0,0,A01
202100019600,2,15,,0,0,3,15,A01
202100019600,1,7,,0,2,1,1,B01
202100019601,1,7,,0,2,1,2,A01
202100019601,1,7,,3,0,3,2,B01
202100019602,1,7,,3,2,3,1,B01
202100019602,1,17,,0,2,2,12,A01
202100019603,2,33,,0,2,4,2,B01
202100019603,2,7,,0,2,1,2,A01
202100019604,1,7,,0,2,4,2,B01
202100019604,2,7,,0,2,1,2,A01
202100019605,2,7,,0,2,9,18,A01
202100019605,2,7,,0,2,4,13,B01