Num_Acc,senc,catv,occutc,obs,obsm,choc,manv,num_veh
202100019606,1,33,,0,2,8,3,A01
202100019606,1,7,,0,2,0,0,Z01
202100019607,1,3,,0,1,1,15,A01
202100019608,0,7,,0,1,1,26,A01
202100019609,1,7,,0,1,3,1,A01
202100019610,3,7,,15,1,1,1,A01
202100019611,3,7,,0,1,0,1,A01
202100019612,0,7,,0,2,3,15,A01
202100019612,0,2,,0,0,0,0,B01
202100019613,1,2,,0,0,0,13,A01
202100019614,3,1,,0,1,1,0,B01
202100019615,1,2,,0,2,1,1,B01
202100019615,1,7,,0,2,2,15,A01
202100019616,2,2,,0,2,1,1,B01
202100019616,1,7,,0,2,2,15,A01
202100019617,2,7,,0,2,4,1,B01
202100019617,2,7,,0,2,1,1,A01
202100019618,1,7,,0,2,1,1,B01
202100019618,2,7,,8,2,5,1,A01
202100019619,3,37,4.0,0,2,1,1,B01
202100019619,3,7,,0,2,7,15,A01
202100019620,3,7,,12,2,6,1,A01
202100019621,2,33,,0,2,1,1,A01
202100019621,1,7,,0,2,8,1,B01
202100019622,2,10,,0,2,8,11,A01
202100019622,2,30,,0,2,1,1,B01
202100019623,3,7,,0,1,1,2,A01
202100019624,2,33,,0,2,1,1,B01
202100019624,1,10,,0,2,2,15,A01
202100019625,1,7,,4,0,1,26,A01
202100019626,1,10,,0,2,1,1,B01
202100019626,1,10,,3,2,4,2,A01
202100019627,1,7,,0,2,5,14,A01
202100019627,1,7,,0,2,8,1,B01
202100019628,1,7,,0,2,9,23,B01
202100019628,3,7,,0,2,3,0,A01
202100019629,1,1,,0,2,8,1,B01
202100019629,2,7,,0,2,1,15,A01
202100019630,1,2,,0,0,7,1,A01
202100019631,1,99,,0,2,1,1,B01
202100019631,1,7,,0,2,1,13,A01
202100019632,2,2,,0,2,1,1,B01
202100019632,2,7,,0,2,1,17,Z01
202100019633,2,30,,0,1,1,21,A01
202100019634,1,80,,0,1,1,26,A01
202100019635,0,7,,0,1,1,1,A01
202100019636,0,7,,0,1,4,10,A01
202100019637,0,1,,0,1,1,1,A01
202100019638,0,7,,0,2,3,1,A01
202100019638,0,7,,1,2,3,1,B01
202100019639,0,50,,0,2,3,19,A01
202100019639,0,7,,0,9,2,16,B01
202100019640,1,7,,0,1,3,15,A01
202100019641,2,33,,0,1,1,1,A01
202100019642,2,7,,0,1,1,21,A01
202100019643,3,7,,0,2,3,15,A01
202100019643,3,7,,0,2,3,1,B01
202100019644,3,17,,0,2,2,0,A01
202100019644,2,7,,0,2,8,1,B01
202100019645,2,7,,13,2,1,17,A01
202100019645,1,7,,0,2,2,15,B01
202100019646,2,14,,0,2,7,10,A01
202100019646,1,14,,0,2,1,1,B01
202100019647,0,7,,0,0,0,0,A01
202100019647,1,2,,0,0,0,0,B01
202100019648,1,30,,3,0,8,1,A01
202100019649,2,7,,0,2,1,1,A01
202100019649,2,7,,0,2,4,1,B01
202100019650,0,1,,0,0,7,1,A01
202100019651,2,7,,0,2,2,1,A01
202100019651,3,50,,0,2,1,9,B01
202100019652,1,7,,0,2,3,20,A01
202100019652,2,7,,0,2,2,1,B01
202100019653,2,34,,0,2,7,16,B01
202100019653,1,7,,0,2,1,2,A01
202100019654,1,10,,0,2,3,1,B01
202100019654,2,7,,1,2,6,13,A01
202100019655,0,50,,0,2,1,19,A01
202100019655,0,7,,0,2,7,1,B01
202100019656,1,7,,0,1,1,1,A01
202100019657,1,7,,0,2,1,5,A01
202100019657,2,7,,0,2,1,17,B01
202100019658,2,32,,0,2,1,17,B01
202100019658,2,7,,0,2,8,10,A01
202100019659,3,30,,0,2,1,21,A01
202100019660,2,7,,0,1,1,1,A01
202100019661,2,7,,0,1,1,1,A01
202100019662,2,7,,8,0,1,1,A01
202100019663,3,7,,0,0,2,20,A01
202100019663,3,1,,0,0,1,1,B01
202100019664,3,10,,0,9,3,1,A01
202100019665,2,7,,0,1,2,1,A01
202100019666,1,7,,0,2,1,15,A01
202100019666,1,7,,0,2,1,1,B01
202100019667,1,3,,9,0,1,1,A01
202100019668,1,7,,0,1,1,1,A01
202100019669,2,7,,0,2,0,15,B01
202100019669,2,30,,0,2,2,2,A01
202100019670,1,7,,0,2,2,12,A01
202100019670,1,50,,0,2,3,1,B01
202100019671,1,7,,0,2,8,11,A01
202100019671,1,31,,0,2,2,1,B01
202100019672,2,1,,14,2,2,19,A01
202100019672,2,10,,0,2,1,1,B01
202100019673,0,7,,0,1,1,16,A01
202100019674,3,7,,0,2,7,1,B01
202100019674,3,80,,0,2,1,15,A01
202100019675,1,7,,1,0,1,13,A01
202100019676,1,33,,0,2,7,1,A01
202100019676,1,7,,0,2,6,23,B01
202100019677,3,7,,0,2,3,9,A01
202100019677,3,33,,0,2,5,1,B01
202100019678,3,2,,0,2,1,2,A01
202100019678,3,7,,0,2,4,2,B01
202100019679,1,33,,0,2,6,1,B01
202100019679,1,7,,0,2,0,12,A01
202100019680,3,7,,0,2,3,1,B01
202100019680,3,33,,0,2,3,15,A01
202100019681,3,33,,3,0,2,1,A01
202100019682,1,7,,7,2,1,1,A01
202100019682,1,7,,0,2,8,1,B01
202100019682,2,7,,0,2,8,1,C01
202100019683,3,33,,0,2,1,1,A01
202100019683,3,7,,0,2,8,15,B01
202100019684,1,32,,0,2,1,17,A01
202100019684,2,7,,0,2,3,1,B01
202100019685,1,7,,0,2,1,1,A01
202100019685,1,7,,0,2,4,1,B01
202100019686,2,7,,0,2,6,13,A01
202100019686,2,33,,0,2,1,1,B01
202100019687,0,10,,1,2,6,23,C01
202100019687,1,7,,0,2,3,1,B01
202100019687,3,7,,0,2,2,9,A01
202100019688,1,7,,0,2,2,1,A01
202100019688,0,1,,0,2,8,19,B01
202100019689,2,7,,8,0,1,13,A01
202100019690,1,7,,0,2,3,1,B01
202100019690,1,7,,0,2,1,19,A01
202100019691,2,33,,8,0,1,1,A01
202100019692,2,7,,0,2,1,0,B01
202100019692,2,7,,0,2,4,2,A01
202100019693,0,2,,0,0,8,2,A01
202100019694,2,37,1.0,0,2,2,1,B01
202100019694,1,50,,0,2,8,1,A01
202100019695,3,10,,0,2,1,15,A01
202100019695,3,2,,0,2,1,1,B01
202100019696,0,10,,0,2,2,1,B01
202100019696,0,2,,0,2,7,13,A01
202100019697,2,7,,8,0,1,15,A01
202100019698,1,3,,0,1,1,15,A01
202100019699,2,7,,0,2,1,0,A01
202100019699,2,7,,0,2,0,0,B01
202100019699,2,7,,0,2,0,0,C01
202100019699,2,7,,0,2,4,0,D01
202100019700,3,33,,0,0,8,1,A01
202100019701,1,7,,0,2,6,2,B01
202100019701,1,30,,0,2,1,2,A01
202100019702,3,7,,0,0,5,0,A01
202100019702,1,7,,0,2,1,2,B01
202100019703,1,50,,0,2,8,26,A01
202100019703,2,7,,0,2,1,13,Z01
202100019704,0,7,,0,2,2,15,B01
202100019704,0,7,,0,2,1,0,C01
202100019704,0,7,,0,2,1,10,A01
202100019705,3,7,,0,9,3,9,A01
202100019705,3,60,,0,2,1,9,B01
202100019706,3,7,,0,2,7,15,A01
202100019706,3,2,,0,2,3,19,B01
202100019707,2,33,,0,2,1,2,A01
202100019707,2,7,,0,2,4,15,B01
202100019708,2,7,,0,2,4,2,B01
202100019708,2,2,,0,2,1,2,A01
202100019709,1,7,,0,2,3,15,A01
202100019709,1,33,,0,2,7,17,B01
202100019710,1,7,,0,2,1,2,C01
202100019710,1,7,,0,2,3,26,A01
202100019710,1,7,,0,2,3,5,B01
202100019711,1,33,,0,2,0,21,A01
202100019712,1,10,,0,2,1,1,B01
202100019712,1,7,,0,2,7,1,A01
202100019713,1,7,,0,2,1,1,B01
202100019713,2,31,,0,2,1,5,A01
202100019714,1,10,,0,1,4,4,A01
202100019715,3,1,,0,2,3,1,B01
202100019715,3,7,,0,9,3,9,A01
202100019716,2,7,,0,2,1,15,A01
202100019716,1,2,,0,2,1,1,B01
202100019717,2,30,,0,2,2,1,A01
202100019717,2,7,,0,2,3,15,B01
202100019718,1,1,,0,2,6,1,A01
202100019718,1,33,,0,2,2,15,B01
202100019719,2,30,,0,2,1,1,B01
202100019719,2,7,,0,2,8,9,A01
202100019720,2,32,,0,1,2,17,A01
202100019721,2,7,,0,1,2,1,A01
202100019722,1,10,,0,2,0,10,B01
202100019722,1,32,,0,2,2,17,A01
202100019723,1,33,,0,2,1,1,B01
202100019723,2,7,,0,2,2,15,A01
202100019724,2,50,,0,2,7,1,B01
202100019724,2,7,,0,2,8,22,A01
202100019725,2,10,,0,2,2,16,A01
202100019725,2,1,,0,2,1,1,B01
202100019726,1,80,,0,1,1,1,A01
202100019727,2,50,,0,1,1,25,Z01
202100019728,3,30,,0,0,0,1,A01
202100019729,1,50,,0,1,1,1,A01
202100019730,2,32,,0,1,1,1,A01
202100019731,1,30,,0,2,3,2,A01
202100019731,1,7,,0,2,0,2,Z01
202100019732,1,1,,0,1,7,1,Z01
202100019733,0,7,,0,2,2,1,A01
202100019733,0,60,,0,2,1,19,B01
202100019734,0,7,,0,1,2,1,A01
202100019735,3,7,,0,2,2,1,A01
202100019735,3,32,,0,2,1,1,B01
202100019736,1,1,,0,1,1,1,A01
202100019737,1,14,,0,2,1,2,A01
202100019737,1,7,,0,2,4,2,B01
202100019738,2,7,,0,2,1,16,B01
202100019738,2,34,,0,2,7,2,A01
202100019739,1,7,,0,9,2,15,A01
202100019739,2,1,,0,2,8,1,B01
202100019740,2,7,,0,2,4,2,C01
202100019740,2,7,,0,2,4,2,B01
202100019740,2,10,,0,2,1,2,A01
202100019741,1,7,,0,2,3,19,A01
202100019741,2,1,,0,2,1,19,B01
202100019742,1,10,,0,0,2,1,A01
202100019743,1,34,,0,0,0,2,A01
202100019744,1,7,,1,0,2,1,B01
202100019744,3,13,,1,0,5,23,A01
202100019745,3,7,,0,2,3,11,A01
202100019745,3,33,,0,2,1,2,B01
202100019746,2,7,,0,2,1,1,A01
202100019746,2,2,,0,2,1,9,B01
202100019747,0,7,,0,2,1,1,B01
202100019747,0,50,,0,2,1,1,A01
202100019748,2,7,,0,2,3,13,A01
202100019748,1,7,,0,2,1,0,B01
202100019749,3,30,,0,2,7,1,A01
202100019749,1,7,,0,2,3,1,B01
202100019750,1,7,,14,0,1,19,A01
202100019751,2,7,,0,2,2,9,A01
202100019751,1,32,,0,2,3,1,B01
202100019752,1,7,,0,2,3,9,A01
202100019752,1,43,,0,2,1,1,B01
202100019753,3,7,,0,2,0,0,A01
202100019753,3,1,,1,0,0,0,B01
202100019754,2,7,,9,1,3,9,A01
202100019755,2,32,,0,2,8,1,B01
202100019755,2,7,,0,2,7,12,A01
202100019756,1,14,,0,0,9,4,A01
202100019757,3,7,,0,2,2,0,A01
202100019757,0,33,,0,0,1,0,B01
202100019758,1,7,,0,2,1,2,B01
202100019758,1,7,,4,0,1,23,A01
202100019759,1,7,,6,0,3,1,A01
202100019760,1,1,,0,0,8,2,B01
202100019760,1,7,,0,9,7,2,A01
202100019761,1,2,,11,0,1,1,A01
202100019762,3,7,,5,0,1,1,A01
202100019763,2,10,,6,0,1,1,A01
202100019764,2,7,,13,0,3,1,A01
202100019765,2,7,,0,2,2,15,A01
202100019765,1,2,,0,2,1,1,B01
202100019766,2,7,,0,2,3,1,A01
202100019766,1,7,,0,2,3,1,B01
202100019767,0,7,,2,0,1,1,A01
202100019768,1,10,,0,2,7,17,A01
202100019768,1,1,,0,2,4,2,B01
202100019769,1,1,,0,9,3,13,B01
202100019769,2,7,,0,2,3,1,A01
202100019770,1,31,,0,2,8,1,A01
202100019770,2,7,,0,2,8,1,B01
202100019771,1,31,,0,2,1,1,B01
202100019771,2,7,,0,2,1,13,A01
202100019772,1,7,,2,0,7,1,A01
202100019773,1,7,,8,0,1,2,A01
202100019774,1,7,,0,2,3,16,B01
202100019774,2,7,,0,2,2,1,A01
202100019775,1,33,,0,0,0,1,A01
202100019776,1,7,,16,0,1,1,A01
202100019777,1,33,,0,2,2,17,B01
202100019777,1,7,,0,2,6,17,A01
202100019778,1,7,,0,2,1,1,B01
202100019778,1,7,,0,2,1,5,A01
202100019779,2,7,,0,2,1,13,B01
202100019779,1,7,,0,2,1,1,A01
202100019780,2,13,,6,0,1,1,A01
202100019781,2,7,,6,0,2,1,A01
202100019782,2,31,,0,2,1,13,C01
202100019782,2,33,,0,2,1,13,B01
202100019782,1,7,,0,2,1,1,A01
202100019783,1,7,,0,2,3,1,B01
202100019783,2,7,,0,2,3,17,A01
202100019784,1,33,,13,0,8,1,A01
202100019785,1,7,,0,6,1,21,A01
202100019786,2,7,,0,0,9,21,A01
202100019787,0,1,,0,2,1,1,B01
202100019787,0,10,,0,2,2,13,A01
202100019788,3,7,,6,0,1,0,A01
202100019789,0,33,,0,2,1,1,B01
202100019789,0,7,,0,2,3,26,A01
202100019790,1,7,,3,0,9,14,A01
202100019791,2,33,,0,0,1,16,A01
202100019792,2,31,,0,2,3,13,A01
202100019792,1,7,,0,2,8,1,B01
202100019792,1,7,,0,2,3,1,C01
202100019793,3,33,,12,9,6,1,A01
202100019794,1,33,,12,0,0,0,A01
202100019795,1,7,,12,0,1,2,A01
202100019796,2,7,,0,2,3,1,A01
202100019796,1,10,,0,2,3,1,B01
202100019797,3,80,,0,2,7,1,B01
202100019797,0,7,,0,2,3,15,A01
202100019798,1,7,,2,0,1,1,A01
202100019799,1,7,,0,2,3,23,B01
202100019799,2,33,,0,2,1,0,C01
202100019799,2,7,,0,2,7,15,A01
202100019800,2,7,,0,2,2,1,B01
202100019800,1,33,,0,2,8,19,A01
202100019801,1,1,,0,0,0,1,A01
202100019801,1,33,,0,9,1,1,B01
202100019802,0,7,,7,2,1,1,B01
202100019802,0,7,,0,2,1,19,A01
202100019803,2,7,,3,2,1,1,B01
202100019803,1,7,,3,2,7,13,A01
202100019804,1,34,,0,2,8,1,B01
202100019804,1,7,,0,2,7,12,Z01
202100019805,2,31,,5,0,1,1,A01
202100019806,1,7,,0,2,4,2,B01
202100019806,1,7,,0,2,1,1,C01
202100019806,1,10,,0,2,4,1,A01
202100019807,1,10,,0,2,1,2,A01
202100019807,1,7,,0,2,4,2,B01
202100019808,2,7,,0,2,6,11,A01
202100019808,2,33,,0,2,2,17,B01
202100019809,2,32,,5,2,9,1,B01
202100019809,2,10,,0,2,7,14,A01
202100019810,2,7,,0,2,1,2,A01
202100019810,2,7,,0,2,4,2,B01
202100019810,2,7,,0,2,4,2,C01
202100019811,2,7,,0,2,4,2,A01
202100019811,2,15,,0,2,4,0,B01
202100019812,1,10,,0,2,1,1,A01
202100019812,1,7,,0,2,4,2,B01
202100019812,1,10,,0,2,4,2,C01
202100019813,2,34,,0,2,8,18,A01
202100019813,2,7,,0,0,2,0,B01
202100019814,2,34,,0,5,7,21,A01
202100019815,1,31,,0,2,1,3,A01
202100019815,1,10,,0,2,6,11,B01
202100019816,2,7,,0,2,4,2,B01
202100019816,2,7,,0,2,1,2,A01
202100019817,1,33,,0,2,7,3,A01
202100019817,1,10,,0,2,8,11,B01
202100019817,1,7,,0,0,4,1,C01
202100019818,1,33,,0,0,1,1,A01
202100019819,1,34,,0,2,4,0,B01
202100019819,1,7,,0,2,2,0,A01
202100019820,1,33,,3,0,0,1,A01
202100019821,2,7,,0,2,4,1,B01
202100019821,2,10,,0,2,1,1,A01
202100019821,2,7,,0,2,4,1,C01
202100019822,2,33,,0,2,8,3,A01
202100019822,2,7,,0,2,8,1,B01
202100019823,2,7,,0,2,4,2,B01
202100019823,2,7,,0,2,6,2,G01
202100019823,2,7,,0,2,5,2,F01
202100019823,2,7,,0,2,3,2,E01
202100019823,2,7,,0,2,1,2,A01
202100019823,2,7,,0,2,4,2,D01
202100019823,2,7,,0,2,4,2,C01
202100019824,2,10,,0,2,4,14,A01
202100019824,2,31,,0,2,1,3,B01
202100019825,1,10,,0,2,4,2,C01
202100019825,1,7,,0,2,4,2,D01
202100019825,1,7,,0,2,3,2,A01
202100019825,1,7,,0,2,5,2,B01
202100019826,2,30,,0,1,0,1,Z01
202100019827,1,7,,0,2,3,15,A01
202100019827,2,1,,0,2,8,1,B01
202100019828,2,7,,0,2,4,0,B01
202100019828,2,1,,0,2,1,0,A01
202100019829,1,7,,0,1,2,15,A01
202100019830,3,30,,0,2,1,16,B01
202100019830,3,7,,0,2,1,15,A01
202100019831,1,1,,1,2,7,26,A01
202100019831,1,7,,1,2,3,14,B01
202100019832,1,7,,0,2,1,1,A01
202100019832,1,2,,0,2,8,15,B01
202100019833,1,2,,0,2,7,1,B01
202100019833,1,7,,0,2,1,1,A01
202100019834,1,50,,0,2,3,12,A01
202100019834,1,7,,0,9,3,1,B01
202100019835,2,7,,0,2,1,5,A01
202100019835,1,7,,0,2,1,1,B01
202100019836,2,40,,0,2,1,19,B01
202100019836,2,7,,8,4,3,1,A01
202100019837,1,34,,0,2,2,17,B01
202100019837,1,7,,0,2,3,15,A01
202100019838,1,7,,0,1,1,0,Z01
202100019839,2,7,,1,0,1,0,A01
202100019840,3,7,,0,1,2,1,Z01
202100019841,2,7,,0,0,4,2,B01
202100019841,2,7,,0,2,1,9,A01
202100019841,2,38,1.0,0,0,0,0,C01
202100019842,1,3,,0,1,0,1,A01
202100019843,2,2,,8,0,1,1,A01
202100019844,1,7,,0,1,1,1,A01
202100019845,2,7,,0,1,1,21,A01
202100019846,1,33,,0,2,1,1,B01
202100019846,1,7,,0,2,8,9,A01
202100019847,1,7,,0,2,1,23,B01
202100019847,1,10,,0,1,1,2,A01
202100019848,2,30,,0,2,0,18,A01
202100019848,2,10,,0,2,2,20,B01
202100019849,1,7,,0,2,1,2,A01
202100019849,1,2,,0,2,4,2,B01
202100019850,2,7,,0,2,1,1,A01
202100019850,2,7,,0,0,0,0,B01
202100019851,3,7,,2,0,1,8,A01
202100019852,1,33,,0,2,4,1,B01
202100019852,1,7,,0,2,2,15,A01
202100019853,3,7,,0,2,1,15,A01
202100019853,3,33,,0,2,1,21,B01
202100019854,1,7,,0,1,2,1,A01
202100019855,1,1,,0,2,1,13,B01
202100019855,1,10,,1,9,2,16,A01
202100019856,3,10,,0,1,1,1,A01
202100019857,1,7,,0,1,7,1,A01
202100019858,1,50,,0,0,1,1,A01
202100019859,0,10,,0,1,3,18,A01
202100019860,1,7,,0,2,3,1,A01
202100019860,2,7,,0,2,1,1,B01
202100019861,2,7,,0,2,4,1,B01
202100019861,2,2,,0,2,1,1,A01
202100019862,2,2,,0,2,1,1,B01
202100019862,1,7,,0,2,7,15,A01
202100019863,2,7,,0,1,1,16,A01
202100019864,1,7,,0,2,1,1,B01
202100019864,2,7,,0,2,7,9,A01
202100019865,1,3,,0,2,3,2,A01
202100019865,1,7,,0,2,4,15,B01
202100019866,1,7,,0,0,9,26,A01
202100019867,0,1,,0,2,7,1,B01
202100019867,0,7,,0,2,2,26,A01
202100019868,0,2,,6,0,0,26,A01
202100019869,3,7,,0,2,3,9,A01
202100019869,3,2,,0,2,7,16,B01
202100019870,2,7,,0,2,4,1,B01
202100019870,2,7,,0,2,4,1,C01
202100019870,2,7,,0,2,1,1,A01
202100019871,2,10,,0,9,1,1,B01
202100019871,1,1,,0,2,1,1,A01
202100019872,2,32,,0,2,1,1,B01
202100019872,1,7,,0,2,7,10,A01
202100019873,3,7,,0,2,6,15,A01
202100019873,3,32,,0,2,1,2,B01
202100019874,2,2,,0,2,1,26,A01
202100019874,1,7,,0,2,0,0,B01
202100019875,2,7,,0,2,3,1,B01
202100019875,1,1,,0,2,3,1,A01
202100019876,1,10,,0,1,2,16,A01
202100019877,0,7,,0,1,1,26,A01
202100019878,2,1,,0,2,1,19,A01
202100019878,2,10,,0,2,1,1,B01
202100019879,1,33,,0,2,3,1,B01
202100019879,2,7,,0,2,3,15,A01
202100019880,2,33,,1,2,2,1,B01
202100019880,1,7,,1,0,1,9,A01
202100019881,0,7,,0,1,1,1,A01
202100019882,0,30,,0,2,1,13,A01
202100019882,0,7,,0,2,1,1,B01
202100019883,1,7,,0,1,1,1,A01
202100019884,3,1,,0,2,0,13,B01
202100019884,2,7,,0,9,1,26,A01
202100019885,1,37,1.0,0,2,2,16,A01
202100019885,1,1,,0,2,1,1,B01
202100019886,3,7,,0,0,4,23,B01
202100019886,3,31,,0,2,1,2,A01
202100019887,0,32,,0,0,0,0,B01
202100019887,0,3,,0,0,0,0,A01
202100019888,1,7,,0,2,2,15,A01
202100019888,1,32,,0,2,2,0,B01
202100019889,3,33,,0,2,1,13,Z01
202100019889,3,7,,0,2,3,1,B01
202100019890,1,7,,0,1,1,1,A01
202100019891,1,3,,8,1,2,26,A01
202100019892,3,7,,0,2,1,1,A01
202100019892,3,7,,0,2,4,2,B01
202100019893,3,7,,0,2,1,2,A01
202100019893,1,7,,0,2,4,2,B01
202100019894,2,30,,8,1,1,12,A01
202100019895,1,33,,0,2,1,2,B01
202100019895,1,7,,16,0,3,10,A01
202100019896,1,10,,0,0,5,1,B01
202100019896,1,33,,0,2,3,21,A01
202100019897,1,7,,3,0,1,14,A01
202100019898,2,80,,0,2,7,1,B01
202100019898,2,10,,0,2,8,22,A01
202100019899,1,1,,0,2,4,2,A01
202100019899,1,7,,0,2,2,2,Z01
202100019900,1,7,,0,2,1,1,A01
202100019900,1,7,,0,2,4,1,B01
202100019900,1,7,,0,2,5,1,C01
202100019900,1,7,,0,2,5,24,D01
202100019901,1,7,,0,2,7,1,B01
202100019901,0,7,,0,2,2,5,A01
202100019902,1,80,,12,0,2,12,A01
202100019903,2,1,,0,2,0,1,B01
202100019903,2,13,,0,2,0,13,A01
202100019904,1,30,,0,0,0,21,A01
202100019905,1,7,,0,2,3,2,A01
202100019905,1,32,,0,2,4,23,B01
202100019905,1,7,,0,2,4,23,C01
202100019906,1,10,,0,2,4,12,A01
202100019906,1,33,,0,2,1,1,B01
202100019907,1,7,,0,2,1,1,A01
202100019907,1,7,,0,2,6,11,[01
202100019908,1,10,,0,2,3,11,A01
202100019908,1,32,,0,2,2,1,B01
202100019909,2,32,,0,0,0,1,A01
202100019910,1,80,,8,2,7,17,B01
202100019910,1,80,,8,2,8,13,A01
202100019911,2,32,,0,1,7,21,A01
202100019912,1,7,,0,2,4,1,B01
202100019912,1,7,,0,2,1,2,A01
202100019913,1,7,,14,2,1,16,A01
202100019913,1,7,,1,2,1,17,B01
202100019914,2,80,,0,2,5,1,B01
202100019914,2,7,,0,2,3,1,A01
202100019915,1,7,,0,1,7,1,A01
202100019916,1,37,1.0,0,1,1,1,A01
202100019917,2,15,,0,2,2,1,B01
202100019917,2,7,,0,2,8,9,A01
202100019918,3,7,,0,1,1,1,A01
202100019919,2,32,,0,0,3,26,A01
202100019920,1,34,,0,2,2,17,B01
202100019920,3,7,,0,0,0,0,Z01
202100019921,3,7,,0,2,3,9,A01
202100019921,3,32,,0,2,1,17,B01
202100019921,3,7,,0,2,1,5,C01
202100019922,3,7,,0,2,7,1,A01
202100019922,3,7,,0,2,3,1,B01
202100019923,3,7,,0,2,3,19,A01
202100019923,3,7,,0,2,8,15,B01
202100019924,3,7,,0,1,2,1,A01
202100019925,2,7,,0,2,8,0,C01
202100019925,2,7,,8,2,7,0,B01
202100019925,2,7,,0,2,8,11,A01
202100019926,2,7,,1,1,1,1,A01
202100019927,0,31,,0,2,1,1,B01
202100019927,0,7,,0,2,2,15,A01
202100019928,3,30,,0,2,3,9,B01
202100019928,3,7,,0,2,0,9,A01
202100019929,1,1,,0,1,2,1,A01
202100019930,1,33,,0,2,2,17,A01
202100019930,1,7,,0,2,3,15,B01
202100019931,1,7,,0,2,2,1,B01
202100019931,1,10,,0,2,2,9,A01
202100019932,1,32,,0,0,8,26,A01
202100019933,2,30,,0,1,1,1,A01
202100019934,2,7,,0,2,3,9,B01
202100019934,2,30,,1,2,2,17,A01
202100019935,2,32,,0,2,7,17,A01
202100019935,2,7,,0,2,1,15,B01
202100019936,0,7,,8,2,3,0,A01
202100019936,0,7,,8,2,1,0,B01
202100019937,0,7,,0,2,3,13,A01
202100019937,0,7,,0,2,3,1,B01
202100019938,1,7,,0,2,3,1,B01
202100019938,2,7,,0,2,1,13,A01
202100019939,2,10,,0,2,1,1,B01
202100019939,3,7,,0,2,8,15,A01
202100019940,1,7,,0,2,1,1,A01
202100019940,2,7,,0,2,1,13,B01
202100019941,1,10,,0,9,3,13,A01
202100019941,1,1,,0,2,1,1,B01
202100019942,1,7,,2,0,1,1,A01
202100019943,0,7,,0,2,8,1,A01
202100019943,3,7,,0,2,1,0,B01
202100019944,1,7,,0,2,3,1,A01
202100019944,2,7,,0,2,2,15,B01
202100019945,2,7,,4,0,1,2,A01
202100019946,1,14,,0,2,1,1,A01
202100019946,1,7,,0,2,4,1,B01
202100019947,2,7,,0,1,2,1,A01
202100019948,3,33,,13,0,1,1,A01
202100019949,1,33,,13,0,1,14,A01
202100019950,3,1,,0,2,1,0,B01
202100019950,3,7,,0,2,1,1,A01
202100019951,1,33,,0,2,1,1,A01
202100019951,3,7,,0,2,3,15,B01
202100019952,0,7,,0,2,2,1,A01
202100019952,0,7,,0,2,3,1,B01
202100019953,1,7,,2,0,1,1,A01
202100019954,2,7,,0,2,1,1,C01
202100019954,2,7,,0,2,3,1,B01
202100019954,1,10,,0,2,3,5,A01
202100019955,1,33,,3,0,9,1,A01
202100019956,1,33,,3,0,0,1,A01
202100019957,1,7,,0,2,1,1,B01
202100019957,2,7,,0,2,1,13,A01
202100019957,1,7,,0,2,1,2,C01
202100019958,1,7,,6,0,1,0,A01
202100019959,2,2,,0,0,7,1,A01
202100019960,2,7,,0,2,1,1,C01
202100019960,2,7,,0,2,3,1,B01
202100019960,1,7,,0,2,1,13,A01
202100019961,1,7,,0,2,8,1,B01
202100019961,1,2,,0,2,7,15,A01
202100019962,3,31,,0,2,3,1,A01
202100019962,0,7,,0,2,3,1,B01
202100019963,2,33,,13,0,1,11,A01
202100019964,2,1,,9,0,1,1,A01
202100019965,2,7,,2,2,8,13,A01
202100019965,1,33,,0,2,1,1,B01
202100019966,3,21,,0,0,9,1,A01
202100019967,2,7,,0,2,1,1,A01
202100019967,2,7,,0,2,1,13,B01
202100019968,1,10,,2,0,2,14,A01
202100019969,1,7,,0,2,3,13,A01
202100019969,2,7,,0,2,3,1,B01
202100019970,2,7,,0,2,1,1,B01
202100019970,1,7,,0,2,1,13,A01
202100019971,2,31,,0,0,3,21,B01
202100019971,3,7,,0,0,0,15,A01
202100019972,2,7,,0,2,2,1,A01
202100019972,1,7,,0,2,2,15,B01
202100019973,2,7,,0,2,1,17,A01
202100019973,1,7,,0,2,2,1,B01
202100019974,3,2,,0,2,7,1,B01
202100019974,3,7,,0,2,2,9,A01
202100019975,2,17,,0,2,2,12,A01
202100019975,2,7,,0,0,8,1,B01
202100019976,1,7,,0,1,3,1,A01
202100019977,1,2,,13,0,2,0,A01
202100019978,1,7,,0,0,0,15,B01
202100019978,2,36,,3,0,2,1,A01
202100019979,1,7,,0,0,0,23,C01
202100019979,1,7,,0,2,1,23,B01
202100019979,1,7,,0,0,0,23,E01
202100019979,1,7,,1,2,1,1,D01
202100019979,1,7,,0,0,4,23,A01
202100019980,1,10,,0,0,6,24,B01
202100019980,1,17,,0,2,5,21,A01
202100019981,1,17,,3,0,7,14,A01
202100019982,1,10,,13,0,0,14,A01
202100019983,2,7,,0,2,2,5,A01
202100019983,1,33,,0,2,1,1,B01
202100019984,2,7,,0,2,1,2,B01
202100019984,2,10,,0,2,4,2,A01
202100019985,1,7,,0,0,0,15,A01
202100019985,1,2,,8,0,1,1,B01
202100019986,1,33,,3,0,8,1,A01
202100019987,1,10,,0,0,7,26,A01
202100019988,1,31,,0,2,0,1,B01
202100019988,1,7,,0,2,1,12,A01
202100019989,3,10,,7,2,1,1,B01
202100019989,3,7,,0,2,8,9,A01
202100019990,2,7,,4,2,4,2,B01