Num_Acc,senc,catv,occutc,obs,obsm,choc,manv,num_veh
202100019990,2,7,,0,2,1,2,A01
202100019991,2,2,,0,0,1,1,A01
202100019992,3,10,,0,2,2,15,B01
202100019992,1,7,,0,2,1,1,A01
202100019993,1,10,,0,1,2,1,A01
202100019994,3,7,,0,1,4,4,A01
202100019995,2,33,,11,9,1,1,A01
202100019996,2,33,,0,2,4,23,B01
202100019996,2,7,,0,0,6,1,A01
202100019996,2,31,,0,2,9,17,C01
202100019997,1,31,,0,0,0,0,A01
202100019998,2,7,,8,0,1,0,A01
202100019999,1,10,,2,0,1,15,A01
202100020000,2,43,,0,2,1,17,A01
202100020000,2,7,,0,9,6,15,B01
202100020001,3,30,,0,0,1,15,B01
202100020001,0,7,,0,0,2,17,A01
202100020002,1,7,,13,0,3,1,A01
202100020003,1,7,,0,2,1,1,A01
202100020003,1,7,,0,2,2,26,B01
202100020004,0,21,,0,2,1,1,B01
202100020004,0,7,,0,2,4,1,A01
202100020005,2,7,,0,1,3,1,A01
202100020006,2,33,,0,0,8,3,A01
202100020007,0,10,,0,2,1,2,D01
202100020007,1,10,,0,2,4,2,A01
202100020007,1,7,,0,2,4,2,B01
202100020007,1,7,,0,2,4,2,C01
202100020008,2,7,,0,2,1,1,C01
202100020008,2,7,,0,2,1,1,D01
202100020008,2,7,,0,2,1,1,E01
202100020008,2,7,,0,2,4,1,A01
202100020008,2,7,,0,2,1,1,B01
202100020009,1,10,,13,2,9,18,A01
202100020009,1,7,,0,2,4,1,B01
202100020010,1,7,,0,2,1,2,A01
202100020010,1,7,,0,2,4,2,B01
202100020011,1,7,,0,2,1,2,A01
202100020011,1,7,,0,2,4,2,C01
202100020011,1,10,,0,2,4,2,B01
202100020012,2,7,,0,2,7,1,A01
202100020012,2,34,,0,2,8,3,B01
202100020012,2,7,,0,2,4,1,C01
202100020013,2,10,,0,2,8,11,A01
202100020013,2,33,,0,2,2,3,B01
202100020014,2,7,,0,2,1,2,A01
202100020014,2,7,,0,2,1,2,B01
202100020015,2,33,,0,2,8,3,B01
202100020015,2,7,,0,2,7,12,A01
202100020016,2,7,,0,2,4,2,B01
202100020016,2,15,,0,2,1,23,A01
202100020017,1,7,,4,0,1,1,A01
202100020018,1,33,,16,0,0,2,A01
202100020019,1,7,,0,2,1,12,A01
202100020019,1,7,,0,2,4,0,B01
202100020019,1,7,,0,2,4,2,C01
202100020020,1,7,,0,2,5,2,C01
202100020020,1,7,,0,2,4,2,B01
202100020020,1,7,,0,2,1,1,A01
202100020021,1,10,,0,2,4,2,A01
202100020021,1,7,,4,2,4,2,B01
202100020022,2,7,,0,2,4,1,A01
202100020022,2,7,,0,2,1,1,Z01
202100020023,2,17,,0,2,1,1,A01
202100020023,2,14,,0,2,4,1,B01
202100020024,2,7,,0,2,4,2,C01
202100020024,2,7,,0,2,1,1,A01
202100020024,2,7,,0,2,4,2,B01
202100020025,2,33,,13,0,7,1,A01
202100020026,1,7,,0,2,6,1,B01
202100020026,1,7,,0,2,2,14,A01
202100020027,1,10,,0,2,7,12,B01
202100020027,1,7,,0,2,8,0,A01
202100020028,2,7,,0,2,3,19,A01
202100020028,2,33,,0,2,1,1,B01
202100020029,1,7,,0,1,1,1,A01
202100020030,3,7,,0,1,2,1,A01
202100020031,2,7,,0,1,1,1,A01
202100020032,2,30,,0,1,0,1,Z01
202100020033,1,7,,0,1,8,1,A01
202100020034,2,7,,0,2,1,5,B01
202100020034,1,7,,0,2,1,5,A01
202100020035,2,7,,0,2,2,1,A01
202100020035,1,7,,0,2,1,16,B01
202100020036,1,30,,0,0,0,0,A01
202100020037,3,30,,0,1,1,17,A01
202100020038,3,7,,15,0,1,15,A01
202100020038,3,31,,15,0,7,15,B01
202100020039,3,31,,0,2,1,1,B01
202100020039,3,10,,0,2,8,1,A01
202100020040,1,32,,0,2,1,7,A01
202100020040,1,7,,0,2,2,16,B01
202100020041,2,10,,0,9,5,26,A01
202100020041,2,50,,0,2,1,2,B01
202100020042,2,50,,0,2,1,17,B01
202100020042,2,1,,0,2,8,15,A01
202100020043,2,7,,0,1,1,15,A01
202100020044,1,7,,0,9,1,1,A01
202100020044,3,99,,0,2,0,19,B01
202100020045,1,60,,0,2,0,0,Z01
202100020045,2,80,,0,2,8,1,B01
202100020046,3,10,,0,2,4,1,B01
202100020046,3,10,,0,2,1,2,A01
202100020047,1,7,,0,2,3,2,A01
202100020047,1,7,,0,2,5,2,B01
202100020048,1,7,,0,2,8,20,B01
202100020048,1,2,,0,2,3,17,A01
202100020049,2,7,,0,0,4,2,B01
202100020049,2,10,,0,2,1,2,A01
202100020050,2,7,,0,2,6,0,B01
202100020050,2,1,,1,0,3,5,A01
202100020051,3,7,,0,2,1,1,A01
202100020051,3,7,,0,2,5,2,B01
202100020052,3,7,,0,1,8,1,A01
202100020053,3,2,,0,2,2,17,B01
202100020053,3,10,,0,2,3,15,A01
202100020054,1,7,,0,2,5,15,A01
202100020054,2,33,,0,2,7,1,B01
202100020054,2,7,,0,2,5,2,C01
202100020055,1,7,,0,1,1,15,A01
202100020056,2,7,,0,2,0,0,B01
202100020056,2,7,,0,2,1,1,A01
202100020057,0,10,,0,2,1,19,A01
202100020057,0,10,,0,2,1,1,B01
202100020058,1,33,,14,2,8,17,A01
202100020058,1,30,,15,2,2,1,B01
202100020059,1,30,,0,0,0,26,A01
202100020060,2,33,,0,2,1,16,A01
202100020060,1,7,,0,2,8,1,B01
202100020061,1,7,,1,2,0,0,Z01
202100020061,2,33,,1,2,1,1,B01
202100020062,2,1,,0,2,6,2,B01
202100020062,2,7,,0,2,2,17,A01
202100020063,2,7,,0,2,3,15,B01
202100020063,2,30,,0,2,1,17,A01
202100020064,2,10,,0,1,2,16,A01
202100020065,1,7,,0,2,3,15,A01
202100020065,1,31,,0,2,3,1,B01
202100020066,2,7,,2,0,1,14,A01
202100020067,3,33,,9,2,1,1,B01
202100020067,3,7,,9,2,6,1,A01
202100020068,1,7,,1,1,0,15,A01
202100020069,2,33,,0,2,2,1,B01
202100020069,2,7,,0,2,8,9,A01
202100020070,2,7,,0,1,3,1,A01
202100020071,1,1,,0,2,1,1,B01
202100020071,1,7,,0,2,2,15,A01
202100020072,3,34,,0,1,1,11,A01
202100020073,0,31,,0,2,8,15,B01
202100020073,0,7,,0,2,3,15,A01
202100020074,1,7,,0,2,3,26,B01
202100020074,1,10,,0,2,2,16,A01
202100020075,2,7,,0,2,1,15,A01
202100020075,1,33,,0,2,1,1,B01
202100020076,3,50,,0,0,0,26,A01
202100020077,1,7,,0,1,1,1,A01
202100020078,1,7,,0,2,5,1,B01
202100020078,1,7,,0,2,1,1,A01
202100020079,1,37,1.0,0,2,6,23,C01
202100020079,1,7,,0,2,4,23,B01
202100020079,1,7,,0,2,1,1,A01
202100020080,3,17,,0,2,1,2,A01
202100020080,3,7,,0,2,4,23,C01
202100020080,3,7,,0,2,4,23,B01
202100020081,1,7,,0,1,3,15,A01
202100020082,0,7,,3,0,1,1,A01
202100020083,3,7,,0,2,2,1,A01
202100020083,3,1,,0,2,1,19,B01
202100020084,1,7,,0,2,1,15,A01
202100020084,2,7,,0,2,1,1,B01
202100020085,3,7,,0,2,3,15,A01
202100020085,3,2,,0,2,1,17,B01
202100020086,1,17,,0,2,1,1,B01
202100020086,1,7,,0,2,1,0,A01
202100020087,1,10,,0,1,6,25,A01
202100020088,3,7,,0,2,1,1,A01
202100020088,3,7,,0,0,5,13,B01
202100020089,0,7,,9,0,2,1,A01
202100020090,1,33,,0,1,8,1,A01
202100020091,3,7,,0,1,2,1,A01
202100020092,3,7,,0,2,7,15,A01
202100020092,3,50,,0,0,1,0,B01
202100020093,1,7,,0,1,4,26,A01
202100020094,2,7,,2,0,7,14,A01
202100020095,2,31,,0,2,3,12,A01
202100020095,2,7,,0,2,5,2,B01
202100020096,3,32,,0,2,2,13,A01
202100020096,1,7,,0,2,6,2,B01
202100020096,3,32,,0,2,1,3,C01
202100020097,0,7,,0,2,2,12,Z01
202100020097,3,31,,0,2,5,3,A01
202100020098,2,30,,0,2,4,23,A01
202100020098,2,10,,0,2,1,1,B01
202100020099,2,32,,0,2,1,2,A01
202100020099,2,7,,0,2,6,2,B01
202100020100,1,7,,0,2,1,1,A01
202100020100,2,1,,0,2,1,13,B01
202100020101,1,7,,0,1,0,1,Z01
202100020102,3,13,,0,2,0,14,A01
202100020102,3,30,,0,2,0,1,B01
202100020103,0,33,,0,2,1,16,A01
202100020103,3,80,,0,2,2,1,B01
202100020104,0,1,,0,1,2,5,A01
202100020105,2,1,,0,2,3,1,A01
202100020105,2,7,,0,2,0,1,B01
202100020106,2,10,,0,2,2,16,Z01
202100020106,2,50,,0,2,8,1,A01
202100020107,1,7,,0,0,5,9,B01
202100020107,1,33,,0,2,3,9,A01
202100020108,1,30,,0,2,0,1,Z01
202100020108,1,1,,0,2,8,1,A01
202100020109,2,30,,0,1,0,1,Z01
202100020110,2,80,,0,2,1,1,B01
202100020110,2,7,,0,2,3,22,A01
202100020111,2,7,,0,2,4,10,Z01
202100020111,1,50,,0,2,1,1,A01
202100020112,2,31,,0,2,1,18,A01
202100020112,2,10,,0,2,2,16,B01
202100020113,2,80,,12,0,7,14,A01
202100020114,1,7,,0,2,2,16,B01
202100020114,1,30,,0,2,1,18,A01
202100020115,1,7,,0,1,1,1,A01
202100020116,2,32,,1,0,2,21,A01
202100020117,1,7,,0,0,8,22,A01
202100020117,1,1,,1,0,3,17,B01
202100020118,3,10,,0,1,0,0,A01
202100020119,1,1,,0,2,1,1,B01
202100020119,1,7,,0,2,3,1,A01
202100020120,3,7,,0,1,1,1,A01
202100020121,3,2,,0,0,0,1,A01
202100020122,1,7,,0,2,4,2,B01
202100020122,1,7,,0,2,1,1,A01
202100020123,3,50,,0,2,1,19,B01
202100020123,2,7,,0,2,3,1,A01
202100020124,1,7,,0,2,1,1,B01
202100020124,3,1,,0,2,8,19,A01
202100020125,1,10,,0,9,5,1,A01
202100020125,1,7,,0,2,1,1,B01
202100020126,2,30,,0,2,1,3,B01
202100020126,1,7,,0,2,3,23,A01
202100020127,2,7,,1,0,1,17,A01
202100020127,1,2,,0,2,1,0,B01
202100020128,0,33,,0,2,1,1,A01
202100020128,0,33,,0,2,4,2,B01
202100020129,1,10,,0,2,4,0,B01
202100020129,1,7,,0,2,1,2,A01
202100020130,1,7,,0,2,2,15,B01
202100020130,1,32,,0,2,1,18,A01
202100020131,3,33,,0,2,0,17,A01
202100020131,3,7,,0,2,1,9,B01
202100020132,1,7,,0,2,1,16,A01
202100020132,3,1,,0,2,8,19,B01
202100020133,1,7,,1,0,7,1,A01
202100020134,1,1,,0,2,7,19,A01
202100020134,1,2,,0,2,1,1,B01
202100020135,1,33,,0,2,1,26,A01
202100020135,1,32,,0,2,4,0,B01
202100020136,1,7,,0,1,8,15,A01
202100020137,2,7,,0,1,2,1,A01
202100020138,3,7,,0,2,3,15,A01
202100020138,2,7,,0,2,1,1,B01
202100020139,2,7,,0,2,1,1,B01
202100020139,2,7,,0,2,1,11,A01
202100020140,1,7,,8,0,3,1,A01
202100020141,1,10,,2,0,1,0,A01
202100020142,2,7,,0,2,3,13,A01
202100020142,1,7,,0,2,1,1,B01
202100020143,2,7,,0,0,9,9,A01
202100020144,1,7,,0,0,1,1,A01
202100020145,1,7,,0,2,1,1,B01
202100020145,2,7,,0,2,3,15,A01
202100020146,1,7,,13,0,1,1,A01
202100020147,3,33,,0,0,9,1,A01
202100020148,2,7,,0,2,3,1,B01
202100020148,1,7,,0,2,3,13,A01
202100020149,1,7,,0,1,1,1,A01
202100020150,0,7,,0,0,1,1,B01
202100020150,0,7,,0,0,3,15,A01
202100020151,2,33,,8,0,0,1,A01
202100020152,2,7,,0,2,1,1,B01
202100020152,1,7,,0,2,8,19,A01
202100020153,1,7,,0,1,7,1,A01
202100020154,3,7,,0,1,1,1,A01
202100020155,2,33,,0,2,1,13,A01
202100020155,2,7,,0,2,8,15,B01
202100020156,1,7,,0,1,8,1,A01
202100020157,1,33,,0,2,3,1,B01
202100020157,1,7,,0,2,1,1,A01
202100020158,3,7,,2,0,8,1,A01
202100020159,2,7,,0,2,3,13,A01
202100020159,1,17,,0,2,3,1,B01
202100020160,2,2,,7,0,1,0,A01
202100020161,2,43,,0,0,0,1,A01
202100020162,3,7,,0,2,3,15,A01
202100020162,1,33,,0,2,1,1,B01
202100020163,2,7,,0,1,1,16,A01
202100020164,2,33,,0,0,4,0,A01
202100020164,2,7,,0,2,4,0,B01
202100020165,2,38,2.0,0,2,1,1,C01
202100020165,2,15,,0,2,6,1,B01
202100020165,1,17,,3,2,6,26,A01
202100020166,1,30,,0,2,2,21,B01
202100020166,3,38,1.0,0,2,3,16,A01
202100020167,1,15,,0,0,2,14,A01
202100020168,1,7,,3,0,2,1,A01
202100020169,2,10,,3,2,4,2,B01
202100020169,2,7,,0,2,1,2,A01
202100020170,1,15,,0,2,7,2,C01
202100020170,1,7,,3,2,6,24,B01
202100020170,1,7,,1,2,2,18,A01
202100020171,1,17,,16,0,7,1,A01
202100020172,1,33,,3,0,1,1,A01
202100020173,2,7,,0,2,3,1,A01
202100020173,1,30,,0,2,1,5,B01
202100020174,1,7,,0,2,3,15,B01
202100020174,1,7,,8,2,6,1,A01
202100020175,1,2,,0,2,8,19,B01
202100020175,1,7,,0,2,8,1,A01
202100020176,2,7,,8,1,1,15,A01
202100020177,3,7,,0,0,5,2,B01
202100020177,3,31,,0,2,1,2,A01
202100020178,2,80,,0,2,7,1,B01
202100020178,0,7,,0,9,2,16,A01
202100020179,3,7,,0,2,3,9,A01
202100020179,3,1,,0,2,7,2,B01
202100020180,3,7,,0,2,3,1,A01
202100020180,3,31,,15,2,3,1,B01
202100020181,2,15,,3,0,7,1,A01
202100020182,2,7,,0,9,4,4,A01
202100020182,1,1,,0,2,8,25,B01
202100020183,2,7,,2,0,1,14,A01
202100020184,3,31,,12,0,2,1,A01
202100020185,3,32,,0,0,2,1,A01
202100020186,1,7,,0,2,1,9,A01
202100020186,2,50,,0,2,7,1,B01
202100020187,1,33,,8,0,8,0,A01
202100020188,1,7,,0,1,2,2,A01
202100020189,2,33,,13,0,1,1,A01
202100020190,1,7,,0,2,3,1,A01
202100020190,2,7,,0,2,3,1,B01
202100020191,2,1,,0,2,1,1,B01
202100020191,2,3,,0,2,4,26,A01
202100020192,2,7,,0,2,3,13,B01
202100020192,2,10,,0,2,5,14,A01
202100020193,2,7,,0,2,8,11,A01
202100020193,2,33,,0,2,8,3,B01
202100020194,2,7,,0,2,4,2,B01
202100020194,2,7,,0,2,1,2,A01
202100020195,2,33,,0,2,1,3,A01
202100020195,2,7,,0,2,4,2,B01
202100020196,2,33,,0,0,0,0,A01
202100020197,1,17,,0,2,4,2,B01
202100020197,1,7,,0,2,4,2,D01
202100020197,1,7,,0,2,4,2,C01
202100020197,1,17,,0,2,1,2,A01
202100020198,2,7,,0,2,8,11,A01
202100020198,2,32,,0,2,7,1,B01
202100020199,1,7,,0,2,1,2,A01
202100020199,1,7,,0,2,4,2,B01
202100020199,1,10,,0,2,4,2,C01
202100020200,2,7,,0,2,3,11,A01
202100020200,2,33,,0,2,7,3,B01
202100020201,1,7,,0,2,1,17,A01
202100020201,1,17,,0,0,0,0,B01
202100020201,1,7,,0,2,8,1,C01
202100020202,2,33,,0,2,3,3,B01
202100020202,2,7,,0,2,5,12,A01
202100020203,2,33,,0,2,7,1,B01
202100020203,2,7,,0,2,8,11,A01
202100020204,1,7,,0,0,0,0,Z01
202100020204,1,2,,0,2,4,1,B01
202100020205,2,7,,0,2,8,11,A01
202100020205,2,34,,0,2,1,3,B01
202100020206,2,7,,0,2,4,2,C01
202100020206,2,7,,0,2,4,2,B01
202100020206,2,7,,0,2,1,2,A01
202100020206,2,33,,0,2,4,2,D01
202100020207,2,7,,0,2,1,2,C01
202100020207,2,7,,0,2,7,2,B01
202100020207,2,7,,0,2,1,1,A01
202100020208,2,7,,0,2,1,2,Z01
202100020208,2,7,,0,2,4,2,A01
202100020209,3,40,,0,1,1,1,A01
202100020210,3,33,,0,1,1,26,A01
202100020211,1,7,,0,1,7,1,A01
202100020212,2,7,,1,0,3,13,A01
202100020213,2,7,,0,1,1,1,A01
202100020214,1,34,,0,1,1,1,Z01
202100020215,1,7,,0,1,2,16,A01
202100020216,1,7,,0,1,1,26,A01
202100020217,1,7,,0,2,1,0,B01
202100020217,2,7,,0,2,1,0,A01
202100020218,2,10,,0,2,8,13,A01
202100020218,2,33,,0,2,2,17,B01
202100020219,1,7,,0,2,7,15,A01
202100020219,1,33,,0,2,7,1,B01
202100020220,3,7,,1,1,3,1,A01
202100020221,3,7,,0,1,8,0,A01
202100020222,2,7,,0,1,1,26,A01
202100020223,1,10,,0,2,3,10,A01
202100020223,1,33,,0,2,2,0,B01
202100020224,1,30,,0,2,8,9,A01
202100020224,1,33,,0,2,7,15,B01
202100020225,3,30,,0,2,1,5,A01
202100020225,3,7,,0,2,2,1,B01
202100020226,2,7,,0,2,2,1,A01
202100020226,2,7,,0,2,3,1,B01
202100020227,2,60,,0,2,1,16,A01
202100020227,1,7,,0,9,1,15,B01
202100020228,2,7,,0,2,2,19,A01
202100020228,1,99,,0,2,8,1,B01
202100020229,2,7,,0,1,2,1,A01
202100020229,2,1,,0,2,0,19,B01
202100020230,1,33,,0,2,1,17,B01
202100020230,1,10,,0,2,6,9,A01
202100020231,2,10,,0,2,3,0,B01
202100020231,2,7,,4,2,1,11,A01
202100020232,1,10,,0,1,2,1,A01
202100020233,2,7,,0,1,2,1,A01
202100020234,1,33,,0,2,2,16,B01
202100020234,1,7,,0,2,8,15,A01
202100020235,2,7,,0,1,2,1,A01
202100020236,2,7,,0,1,3,1,A01
202100020237,2,7,,15,0,1,16,A01
202100020238,1,7,,8,0,1,14,A01
202100020239,1,2,,0,2,2,1,B01
202100020239,1,7,,0,2,3,13,A01
202100020240,1,17,,0,2,0,1,B01
202100020240,1,7,,0,2,1,9,A01
202100020241,1,2,,0,2,1,1,A01
202100020241,2,10,,0,2,2,15,B01
202100020242,0,7,,0,1,0,1,A01
202100020243,0,33,,0,2,1,1,B01
202100020243,0,7,,0,2,8,10,A01
202100020244,0,1,,0,1,1,1,A01
202100020245,0,7,,0,2,1,16,A01
202100020245,0,33,,0,2,1,15,B01
202100020246,3,30,,0,2,1,19,A01
202100020246,3,7,,0,2,2,21,B01
202100020247,1,7,,0,1,1,15,A01
202100020248,3,1,,0,2,4,0,B01
202100020248,3,15,,0,2,2,14,A01
202100020249,1,1,,0,2,8,11,B01
202100020249,1,10,,0,9,7,1,A01
202100020250,0,1,,0,2,1,1,C01
202100020250,0,1,,0,2,1,1,B01
202100020250,0,7,,0,9,3,16,A01
202100020251,3,7,,0,2,1,1,A01
202100020251,3,10,,0,2,1,1,B01
202100020252,3,10,,0,4,1,1,A01
202100020252,3,40,,0,2,1,1,B01
202100020253,0,7,,0,2,4,23,B01
202100020253,0,7,,0,2,1,2,A01
202100020254,1,7,,0,2,3,1,A01
202100020254,2,7,,0,2,3,15,B01
202100020255,2,7,,3,0,6,15,A01
202100020255,2,2,,0,2,1,26,B01
202100020256,1,7,,0,2,3,1,B01
202100020256,3,7,,0,2,1,9,A01
202100020257,2,7,,0,1,2,16,A01
202100020258,1,7,,0,2,8,13,A01
202100020258,1,50,,0,2,2,1,B01
202100020259,1,7,,0,2,1,2,A01
202100020259,1,31,,0,2,4,2,B01
202100020260,3,7,,0,9,3,26,A01
202100020260,3,50,,0,2,1,19,B01
202100020261,1,7,,0,2,3,15,A01
202100020261,1,10,,0,2,2,1,B01
202100020262,-1,7,,0,2,6,1,A01
202100020262,2,7,,0,2,1,1,B01
202100020263,2,7,,0,1,1,1,A01
202100020264,3,10,,0,2,1,1,B01
202100020264,3,7,,0,2,7,15,A01
202100020265,1,7,,0,2,6,1,B01
202100020265,1,33,,0,2,1,21,A01
202100020266,0,30,,0,2,7,16,B01
202100020266,0,30,,0,2,1,19,A01
202100020267,2,7,,0,2,1,1,A01
202100020267,0,1,,0,2,4,19,B01
202100020268,1,30,,0,1,7,26,A01
202100020269,2,7,,0,2,8,1,A01
202100020269,0,7,,0,2,1,9,B01
202100020270,2,7,,0,2,3,16,B01
202100020270,1,7,,0,2,7,15,A01
202100020271,1,7,,0,2,2,9,A01
202100020271,1,7,,0,2,1,1,B01
202100020272,1,1,,1,0,1,2,B01
202100020272,1,10,,0,2,8,24,A01
202100020273,2,7,,0,1,1,19,A01
202100020274,1,7,,0,2,1,1,A01
202100020275,1,30,,0,0,0,1,A01
202100020276,2,7,,0,2,8,9,A01
202100020276,1,7,,0,2,2,1,B01
202100020277,1,33,,0,2,1,1,A01
202100020277,1,37,3.0,0,9,7,1,B01
202100020278,1,7,,0,2,1,2,A01
202100020278,1,7,,0,2,4,2,B01
202100020279,0,1,,0,2,7,19,A01
202100020279,0,7,,0,2,3,2,B01
202100020280,0,7,,0,2,3,1,B01
202100020280,0,7,,0,2,2,19,A01
202100020281,1,7,,0,2,3,9,A01
202100020281,1,1,,0,2,7,1,B01
202100020282,1,7,,0,2,2,15,A01
202100020282,1,7,,0,2,1,1,B01
202100020283,1,7,,0,2,2,16,A01
202100020283,1,2,,0,2,1,26,B01
202100020284,2,7,,0,1,2,1,A01
202100020285,3,7,,0,2,1,16,A01
202100020285,3,1,,0,2,8,1,B01
202100020286,3,7,,0,2,2,1,B01
202100020286,3,7,,0,2,1,9,A01
202100020287,3,33,,0,2,4,9,B01
202100020287,3,10,,0,2,1,9,A01
202100020288,2,7,,0,2,1,1,A01
202100020288,2,7,,0,2,4,23,B01
202100020288,2,7,,0,2,4,23,C01
202100020289,1,7,,0,1,1,16,A01
202100020290,1,33,,0,2,1,1,B01
202100020290,2,7,,0,2,7,15,A01
202100020291,2,1,,0,2,0,1,B01
202100020291,2,10,,0,2,0,16,A01
202100020292,1,0,,0,1,1,9,Z01
202100020293,1,2,,0,2,1,1,A01
202100020293,1,2,,0,2,4,23,B01
202100020294,1,13,,0,1,1,16,A01
202100020295,3,7,,0,1,1,13,A01
202100020296,1,7,,0,1,3,1,A01
202100020297,3,30,,0,2,1,1,A01
202100020297,3,7,,0,2,2,15,B01
202100020298,1,7,,0,2,1,1,B01
202100020298,1,7,,0,0,4,1,A01
202100020299,1,10,,0,2,4,2,A01
202100020299,1,7,,0,2,1,2,B01
202100020300,1,7,,0,2,4,1,A01
202100020300,1,7,,0,2,1,1,B01
202100020300,1,7,,0,2,1,1,C01
202100020301,0,10,,0,2,1,1,A01
202100020302,3,1,,9,0,1,1,A01
202100020303,3,7,,0,2,1,1,B01
202100020303,3,7,,0,2,4,4,A01
202100020304,2,7,,8,1,3,15,A01
202100020305,1,10,,0,2,1,1,C01
202100020305,1,7,,0,2,4,1,B01
202100020305,1,7,,0,2,4,1,A01
202100020306,1,33,,3,0,1,13,A01
202100020307,2,50,,0,2,0,1,B01
202100020307,2,7,,0,2,0,9,Z01
202100020308,3,1,,0,2,1,2,B01
202100020308,3,7,,0,2,2,15,A01
202100020309,3,32,,0,2,1,21,B01
202100020309,3,7,,0,2,1,5,A01
202100020310,1,7,,1,0,2,1,A01
202100020311,3,7,,0,2,4,1,B01
202100020311,3,10,,0,2,1,1,Z01
202100020312,1,7,,0,1,3,1,A01
202100020313,1,14,,0,2,1,2,B01
202100020313,1,7,,0,2,4,23,A01
202100020314,3,10,,0,1,1,1,A01
202100020315,1,37,1.0,0,2,8,1,B01
202100020315,2,32,,0,2,1,1,A01
202100020316,3,30,,0,2,1,1,A01
202100020316,-1,7,,-1,-1,-1,-1,B01
202100020317,1,7,,0,2,1,1,A01
202100020317,1,7,,0,2,8,1,B01
202100020318,1,2,,0,2,1,1,A01
202100020318,2,10,,0,2,3,1,B01
202100020319,1,10,,0,2,2,26,A01
202100020319,1,7,,0,2,5,2,B01
202100020320,2,1,,0,2,2,2,B01
202100020320,1,7,,0,2,1,15,A01
202100020321,2,50,,0,2,1,25,A01
202100020321,3,7,,0,2,0,0,B01
202100020322,1,30,,0,2,2,1,A01
202100020322,1,7,,0,2,5,23,B01
202100020323,3,50,,0,2,8,19,B01
202100020323,3,7,,0,2,1,1,A01
202100020324,2,10,,0,2,5,16,B01
202100020324,2,30,,0,2,1,18,A01
202100020325,3,7,,0,2,3,1,A01
202100020325,3,7,,0,2,1,1,B01
202100020326,2,50,,0,2,8,1,B01
202100020326,1,7,,0,2,5,1,A01
202100020327,1,7,,0,2,2,12,A01
202100020327,1,1,,0,2,3,1,B01
202100020328,1,1,,0,2,7,1,A01
202100020328,1,7,,0,2,3,1,B01
202100020329,2,7,,0,2,2,16,A01
202100020329,1,50,,0,2,1,1,B01
202100020330,2,1,,0,1,1,25,A01
202100020331,2,7,,0,2,2,1,B01
202100020331,1,1,,0,2,2,19,A01
202100020332,1,7,,0,2,3,1,A01
202100020332,1,30,,0,2,1,1,B01
202100020333,1,7,,0,2,5,23,B01
202100020333,1,30,,0,2,1,1,A01
202100020334,2,33,,0,2,7,17,A01
202100020334,2,10,,0,2,3,15,B01
202100020335,2,10,,0,1,1,16,Z01
202100020336,2,10,,0,1,2,1,A01
202100020337,2,7,,0,9,1,2,A01
202100020337,2,7,,0,9,4,1,B01
202100020337,2,7,,0,9,4,1,C01
202100020338,2,10,,0,2,3,22,A01
202100020338,2,50,,1,0,1,1,B01
202100020339,2,30,,0,2,3,2,A01
202100020339,2,7,,0,2,2,2,B01
202100020340,2,7,,0,9,3,9,A01
202100020340,2,1,,0,0,0,1,B01
202100020341,2,7,,0,2,1,19,A01
202100020341,1,7,,0,2,1,0,B01
202100020342,2,34,,0,2,1,17,B01
202100020342,2,1,,0,2,8,19,A01
202100020343,2,2,,0,2,1,0,B01
202100020343,2,7,,0,2,1,0,A01
202100020344,2,7,,0,2,1,1,A01
202100020344,2,7,,0,2,4,1,B01
202100020344,2,7,,0,2,4,1,C01
202100020345,1,7,,0,2,6,2,A01
202100020345,1,31,,0,2,1,2,B01
202100020346,1,10,,0,2,2,1,B01
202100020346,2,7,,0,2,2,1,A01
202100020347,2,1,,1,0,1,26,B01
202100020347,2,10,,1,0,4,22,A01
202100020348,3,30,,0,2,2,1,B01
202100020348,3,7,,0,2,5,9,A01
202100020349,3,7,,0,2,2,15,A01
202100020349,0,7,,0,2,3,1,B01
202100020350,3,7,,0,2,1,1,A01
202100020350,3,7,,0,2,2,1,B01
202100020351,2,30,,14,0,1,2,A01
202100020352,0,7,,0,1,1,16,A01
202100020353,2,7,,0,2,1,13,B01
202100020353,1,7,,0,2,1,13,A01
202100020354,1,7,,0,2,2,1,B01
202100020354,1,1,,0,2,2,1,A01
202100020355,1,1,,12,0,0,21,A01
202100020356,2,33,,0,1,1,1,A01
202100020357,1,7,,0,2,8,1,B01
202100020357,1,7,,0,2,1,15,A01
202100020358,3,7,,0,1,0,15,A01
202100020359,3,1,,0,2,0,0,A01
202100020359,1,32,,0,2,0,0,B01
202100020360,3,7,,0,1,3,20,A01
202100020361,2,7,,0,1,2,1,A01
202100020362,1,1,,9,2,2,2,B01
202100020362,1,7,,15,2,0,16,A01
202100020363,1,2,,0,0,2,1,A01
202100020364,1,33,,0,0,8,1,A01
202100020365,3,10,,0,2,3,15,B01
202100020365,3,33,,0,2,1,17,A01
202100020366,2,7,,0,2,1,2,A01
202100020366,2,7,,0,0,4,2,B01
202100020367,2,31,,0,2,1,18,B01
202100020367,1,7,,0,0,7,15,A01
202100020368,2,33,,0,0,0,0,A01
202100020369,1,10,,0,2,3,1,B01
202100020369,2,33,,0,2,3,1,A01
202100020370,2,33,,15,2,2,1,A01
202100020370,1,7,,0,2,2,1,B01
202100020371,0,7,,0,1,3,1,A01