Num_Acc,senc,catv,occutc,obs,obsm,choc,manv,num_veh
202100020372,2,10,,1,0,1,1,A01
202100020372,2,7,,14,2,4,23,B01
202100020373,1,7,,0,2,3,1,A01
202100020373,2,33,,0,2,3,1,B01
202100020374,1,7,,0,0,6,1,B01
202100020374,2,15,,0,9,8,1,C01
202100020374,1,2,,0,2,1,1,A01
202100020375,2,7,,3,0,1,1,A01
202100020376,1,2,,0,0,0,1,A01
202100020377,2,7,,8,0,1,14,A01
202100020378,2,31,,0,0,6,16,A01
202100020379,2,7,,0,0,5,23,B01
202100020379,2,3,,0,2,3,2,A01
202100020380,2,7,,13,0,8,13,A01
202100020381,1,7,,1,2,1,5,A01
202100020381,2,13,,0,2,3,0,B01
202100020382,2,7,,0,2,7,19,A01
202100020382,1,7,,0,2,1,1,B01
202100020383,1,7,,0,0,4,2,A01
202100020383,1,31,,0,2,1,2,B01
202100020384,2,80,,0,2,1,1,B01
202100020384,1,7,,0,2,2,13,A01
202100020385,1,1,,0,2,4,2,A01
202100020385,1,7,,0,9,2,0,B01
202100020386,3,10,,0,2,3,9,A01
202100020386,1,7,,0,2,1,1,B01
202100020387,1,7,,0,1,2,16,A01
202100020388,1,7,,6,0,0,13,A01
202100020389,1,1,,0,2,1,1,B01
202100020389,1,7,,0,2,5,4,A01
202100020390,0,7,,0,2,4,2,A01
202100020390,0,7,,0,2,1,2,B01
202100020390,0,7,,0,2,1,2,C01
202100020391,2,7,,0,0,6,15,B01
202100020391,2,2,,0,2,1,17,A01
202100020392,1,10,,0,2,1,19,A01
202100020392,1,7,,0,2,8,1,B01
202100020393,3,7,,0,2,1,0,B01
202100020393,3,33,,0,2,1,1,A01
202100020394,0,7,,0,2,7,15,A01
202100020394,0,7,,0,2,1,1,B01
202100020394,0,17,,0,0,3,23,C01
202100020395,2,7,,0,2,6,2,B01
202100020395,2,33,,0,2,2,2,A01
202100020396,1,99,,0,0,1,1,C01
202100020396,1,15,,0,0,3,1,B01
202100020396,2,7,,0,2,1,0,A01
202100020397,1,7,,0,2,1,1,B01
202100020397,1,7,,0,2,3,1,A01
202100020398,3,31,,0,2,1,1,B01
202100020398,3,7,,0,2,2,9,A01
202100020399,3,7,,0,1,3,1,A01
202100020400,2,7,,0,1,2,16,A01
202100020401,2,7,,5,0,1,15,A01
202100020402,2,7,,13,0,9,1,A01
202100020403,2,7,,0,2,6,1,C01
202100020403,2,7,,0,2,3,1,B01
202100020403,2,34,,3,0,1,1,A01
202100020404,1,14,,0,2,3,1,A01
202100020404,3,7,,0,2,8,15,B01
202100020405,2,7,,4,0,3,0,A01
202100020406,2,38,0.0,0,1,2,23,A01
202100020407,2,7,,0,2,3,0,A01
202100020407,1,7,,0,2,3,0,B01
202100020407,1,15,,0,2,3,0,C01
202100020408,1,7,,6,0,1,13,A01
202100020409,1,7,,15,0,1,1,A01
202100020410,2,7,,0,2,3,1,A01
202100020410,1,33,,0,2,1,1,B01
202100020411,3,10,,0,1,0,1,A01
202100020412,2,1,,0,0,0,1,A01
202100020413,2,31,,0,2,1,1,B01
202100020413,1,7,,0,2,3,15,A01
202100020414,2,7,,0,0,5,15,A01
202100020414,2,32,,0,2,1,2,B01
202100020415,2,33,,0,0,0,17,A01
202100020416,1,7,,6,9,7,14,A01
202100020417,2,7,,0,2,1,1,A01
202100020417,1,7,,0,0,1,1,B01
202100020418,3,21,,13,0,2,1,A01
202100020419,2,7,,0,1,3,1,A01
202100020420,1,7,,0,2,3,9,B01
202100020420,1,33,,0,2,1,9,A01
202100020421,2,7,,0,2,3,15,B01
202100020421,2,7,,0,2,2,13,A01
202100020422,1,7,,0,2,8,17,A01
202100020422,2,7,,0,2,8,1,B01
202100020422,2,7,,0,2,2,1,C01
202100020423,1,2,,0,0,0,0,A01
202100020424,3,7,,0,1,3,1,A01
202100020425,1,2,,0,2,1,1,A01
202100020425,1,10,,0,2,5,19,B01
202100020426,3,10,,0,2,3,13,A01
202100020426,3,7,,0,2,3,1,B01
202100020427,1,2,,7,0,1,1,A01
202100020428,1,7,,0,2,4,2,D01
202100020428,1,7,,0,2,4,2,C01
202100020428,1,7,,0,2,4,2,B01
202100020428,1,7,,0,2,1,1,A01
202100020429,1,43,,0,2,8,13,A01
202100020429,1,7,,0,2,2,2,B01
202100020430,2,15,,0,2,2,12,A01
202100020430,2,7,,0,2,6,1,B01
202100020431,2,7,,0,0,6,23,C01
202100020431,2,7,,0,0,0,23,B01
202100020431,2,7,,0,2,1,9,A01
202100020432,1,7,,0,2,4,2,B01
202100020432,1,7,,0,2,1,2,A01
202100020433,2,7,,0,0,1,1,A01
202100020434,2,33,,0,2,8,3,A01
202100020434,2,10,,0,2,5,14,B01
202100020435,2,7,,0,2,1,2,A01
202100020435,2,7,,0,2,4,2,B01
202100020436,2,7,,0,2,4,2,B01
202100020436,2,7,,0,2,1,1,A01
202100020437,2,10,,0,2,1,2,A01
202100020437,2,7,,0,2,4,2,B01
202100020438,1,7,,3,0,3,2,A01
202100020439,3,7,,3,2,0,9,A01
202100020439,3,7,,0,2,1,9,B01
202100020439,3,7,,0,2,1,9,C01
202100020440,2,15,,0,2,2,1,B01
202100020440,2,7,,0,2,8,9,A01
202100020441,1,7,,0,2,4,1,A01
202100020441,1,7,,0,2,4,2,B01
202100020441,1,7,,0,2,4,1,C01
202100020441,1,7,,0,2,4,2,D01
202100020441,1,7,,0,2,4,2,E01
202100020441,1,7,,0,2,4,1,F01
202100020441,1,10,,0,2,1,2,G01
202100020442,1,7,,0,2,4,1,A01
202100020442,1,7,,0,2,1,1,B01
202100020443,2,7,,0,2,6,12,Z01
202100020443,2,43,,0,2,1,1,A01
202100020444,1,7,,0,2,1,17,A01
202100020444,1,2,,0,2,8,15,B01
202100020445,1,7,,0,1,4,20,A01
202100020446,1,14,,0,2,1,2,A01
202100020446,1,14,,0,2,4,23,B01
202100020447,2,7,,0,2,3,1,B01
202100020447,1,7,,0,2,8,15,A01
202100020448,1,33,,6,0,9,1,A01
202100020449,3,30,,15,0,1,15,A01
202100020450,1,34,,0,2,3,15,A01
202100020450,1,7,,8,2,3,15,B01
202100020451,1,30,,0,2,1,1,A01
202100020451,1,7,,0,2,4,23,B01
202100020452,2,10,,0,2,2,1,A01
202100020452,3,7,,0,2,8,1,B01
202100020453,3,7,,0,2,0,0,B01
202100020453,3,7,,1,0,0,20,A01
202100020454,2,7,,0,1,1,1,A01
202100020455,2,7,,0,1,8,1,Z01
202100020456,1,50,,0,2,1,25,A01
202100020456,1,7,,0,2,7,9,B01
202100020457,2,7,,0,2,2,16,B01
202100020457,1,7,,0,2,1,1,A01
202100020458,1,7,,0,1,2,1,A01
202100020459,0,7,,8,0,3,14,A01
202100020460,3,7,,0,2,2,15,A01
202100020460,3,30,,0,2,1,8,B01
202100020461,2,30,,0,2,1,19,A01
202100020461,2,7,,0,2,6,1,B01
202100020462,1,7,,0,2,3,15,A01
202100020462,1,7,,0,2,1,1,B01
202100020463,3,7,,0,2,1,1,B01
202100020463,3,7,,9,2,1,15,A01
202100020464,3,7,,1,0,1,15,A01
202100020465,2,99,,0,2,8,16,B01
202100020465,1,7,,0,2,8,13,A01
202100020466,3,2,,0,0,4,23,B01
202100020466,0,1,,0,0,0,23,C01
202100020466,0,7,,0,2,1,26,A01
202100020467,3,99,,0,2,3,15,B01
202100020467,1,7,,0,2,1,1,A01
202100020468,0,7,,1,2,3,13,A01
202100020468,0,33,,0,2,2,17,B01
202100020469,1,99,,0,2,0,16,A01
202100020469,1,99,,0,2,0,0,B01
202100020470,3,1,,0,2,8,15,A01
202100020470,2,7,,0,2,8,9,Z01
202100020471,0,7,,0,1,1,9,A01
202100020472,2,7,,0,1,3,1,A01
202100020473,3,7,,0,1,3,1,A01
202100020474,1,33,,0,2,8,1,B01
202100020474,1,7,,0,2,2,14,A01
202100020475,1,1,,0,0,1,1,A01
202100020476,3,10,,0,9,1,1,A01
202100020476,3,60,,0,2,7,19,B01
202100020477,1,7,,0,2,4,1,C01
202100020477,1,7,,0,2,4,1,B01
202100020477,1,10,,0,2,1,1,A01
202100020478,2,7,,0,2,3,21,B01
202100020478,1,7,,0,2,1,13,A01
202100020479,3,7,,0,1,1,1,A01
202100020480,1,1,,12,0,0,17,A01
202100020481,1,33,,0,2,4,2,B01
202100020481,1,7,,0,2,3,2,A01
202100020482,1,10,,0,1,2,16,A01
202100020483,1,31,,0,2,5,11,B01
202100020483,3,7,,0,2,2,2,A01
202100020484,1,30,,0,2,7,16,A01
202100020484,1,10,,0,2,2,15,B01
202100020485,2,7,,0,2,4,2,B01
202100020485,2,7,,0,2,1,2,A01
202100020486,1,7,,0,1,2,2,A01
202100020487,3,7,,0,2,4,26,B01
202100020487,3,7,,0,2,1,26,A01
202100020488,1,7,,0,1,2,1,A01
202100020489,2,7,,4,2,3,9,A01
202100020489,2,33,,0,2,7,1,B01
202100020490,2,7,,0,2,8,15,B01
202100020490,2,34,,1,0,7,2,A01
202100020491,2,37,1.0,0,2,7,0,A01
202100020491,2,7,,0,2,1,16,B01
202100020492,1,7,,0,2,1,2,A01
202100020492,1,7,,0,2,1,1,B01
202100020492,1,7,,0,2,4,1,C01
202100020493,2,7,,0,1,2,1,A01
202100020494,2,7,,13,2,3,1,B01
202100020494,1,7,,17,2,3,13,A01
202100020495,2,14,,0,2,2,1,A01
202100020495,2,7,,0,2,4,1,B01
202100020496,0,30,,2,0,1,15,A01
202100020497,0,31,,0,2,7,1,B01
202100020497,0,10,,0,2,1,9,A01
202100020498,2,7,,9,0,1,0,A01
202100020499,1,7,,0,2,2,1,B01
202100020499,3,30,,0,2,1,9,A01
202100020500,3,7,,0,1,1,1,A01
202100020501,1,7,,0,2,4,2,C01
202100020501,1,7,,0,2,4,2,B01
202100020501,1,7,,0,2,1,2,A01
202100020502,3,7,,0,4,7,1,B01
202100020502,3,7,,0,4,2,15,C01
202100020502,1,40,,0,2,1,1,A01
202100020503,1,7,,0,2,1,1,A01
202100020503,2,7,,0,2,1,15,B01
202100020504,1,7,,0,2,1,16,Z01
202100020504,1,50,,0,2,1,1,B01
202100020505,1,7,,0,1,1,1,A01
202100020506,2,7,,0,1,1,1,A01
202100020507,1,10,,0,2,6,2,C01
202100020507,1,7,,14,2,1,2,A01
202100020507,1,7,,0,2,1,2,B01
202100020508,1,7,,0,2,4,2,C01
202100020508,1,7,,0,2,4,2,B01
202100020508,1,7,,0,2,1,26,A01
202100020509,1,7,,0,2,2,16,B01
202100020509,1,1,,0,2,8,2,A01
202100020510,3,7,,1,0,3,26,A01
202100020511,1,7,,0,2,6,1,B01
202100020511,2,7,,0,2,3,13,A01
202100020512,1,7,,0,2,1,0,A01
202100020512,1,7,,0,2,9,1,B01
202100020513,2,7,,0,1,1,2,A01
202100020514,3,7,,0,1,2,1,A01
202100020515,3,7,,0,2,3,1,B01
202100020515,3,30,,0,2,1,1,A01
202100020516,3,1,,0,2,7,9,B01
202100020516,3,7,,0,2,1,9,A01
202100020517,0,7,,0,2,3,15,A01
202100020517,0,7,,0,1,1,1,B01
202100020518,0,2,,0,2,1,1,B01
202100020518,0,7,,0,2,5,15,A01
202100020519,3,1,,13,0,1,14,A01
202100020520,1,7,,0,2,1,1,B01
202100020520,1,7,,0,2,3,15,A01
202100020521,1,7,,0,1,1,26,A01
202100020522,1,10,,0,1,4,4,A01
202100020523,1,1,,0,0,0,1,A01
202100020524,1,1,,0,0,0,1,A01
202100020525,1,10,,0,2,6,23,B01
202100020525,1,13,,0,2,2,11,A01
202100020526,2,7,,0,1,3,1,A01
202100020527,1,31,,0,2,3,26,B01
202100020527,1,99,,0,2,2,16,A01
202100020528,1,99,,0,2,1,1,B01
202100020528,2,10,,0,2,5,20,A01
202100020529,1,1,,0,4,3,26,A01
202100020529,1,39,,0,2,2,2,B01
202100020530,3,7,,0,2,4,1,B01
202100020530,3,7,,0,2,1,1,A01
202100020531,3,7,,0,1,1,1,A01
202100020532,1,30,,0,5,1,1,A01
202100020533,3,50,,0,2,7,19,B01
202100020533,3,7,,0,2,1,16,A01
202100020534,2,7,,0,2,4,2,B01
202100020534,2,7,,0,2,1,2,A01
202100020535,0,1,,0,2,1,21,B01
202100020535,0,10,,0,2,4,20,A01
202100020536,0,7,,1,0,2,1,A01
202100020536,0,10,,0,2,6,1,B01
202100020537,1,7,,0,2,1,1,Z01
202100020537,1,7,,0,2,4,1,B01
202100020538,2,7,,0,2,2,1,A01
202100020538,3,1,,0,2,1,9,B01
202100020539,2,2,,0,2,1,18,B01
202100020539,1,7,,0,2,2,15,A01
202100020540,1,7,,0,1,2,26,A01
202100020541,3,1,,0,2,1,2,A01
202100020541,3,37,1.0,0,2,4,2,B01
202100020542,2,7,,0,2,1,1,B01
202100020542,1,7,,0,2,1,13,A01
202100020543,2,7,,0,2,5,1,C01
202100020543,1,37,8.0,0,2,3,2,B01
202100020543,2,7,,0,2,1,5,A01
202100020544,0,7,,0,2,1,9,A01
202100020544,0,7,,0,2,3,1,C01
202100020544,0,33,,0,2,7,9,B01
202100020545,1,7,,0,2,3,9,A01
202100020545,1,80,,0,2,7,15,B01
202100020546,1,33,,1,0,1,21,A01
202100020547,2,7,,0,2,1,26,A01
202100020547,2,2,,0,2,1,1,B01
202100020548,1,50,,0,2,8,13,A01
202100020548,1,7,,0,9,7,2,B01
202100020549,1,7,,0,2,1,2,C01
202100020549,1,7,,0,2,4,2,B01
202100020549,1,7,,0,2,4,2,A01
202100020550,0,7,,0,2,3,0,A01
202100020550,0,1,,0,2,4,0,B01
202100020551,2,7,,0,9,0,1,C01
202100020551,1,10,,0,2,1,1,B01
202100020551,1,10,,0,2,1,17,A01
202100020552,1,7,,0,2,4,2,B01
202100020552,1,31,,0,2,1,2,A01
202100020553,2,7,,0,1,1,1,A01
202100020554,1,34,,0,2,1,1,B01
202100020554,1,37,1.0,0,2,7,1,A01
202100020555,1,7,,0,2,1,1,B01
202100020555,2,10,,0,2,3,13,A01
202100020556,2,32,,0,2,2,1,A01
202100020556,1,80,,0,2,1,16,B01
202100020557,1,33,,0,1,8,1,Z01
202100020558,1,43,,0,2,5,23,A01
202100020558,1,7,,0,2,3,2,B01
202100020559,1,32,,0,2,3,7,A01
202100020559,1,7,,0,2,2,16,B01
202100020560,1,10,,0,2,3,15,Z01
202100020560,1,60,,0,2,0,25,A01
202100020561,3,7,,0,2,8,1,B01
202100020561,3,33,,0,2,1,1,A01
202100020562,2,1,,14,0,1,1,A01
202100020563,1,7,,0,2,3,1,A01
202100020563,3,1,,0,2,7,19,B01
202100020564,1,30,,12,0,0,14,A01
202100020565,1,33,,0,1,1,17,A01
202100020566,2,1,,0,0,1,21,B01
202100020566,2,7,,0,0,0,22,A01
202100020567,1,7,,0,1,1,16,A01
202100020568,0,7,,0,1,2,15,A01
202100020569,3,7,,0,2,3,10,A01
202100020569,3,33,,0,2,2,21,B01
202100020570,2,7,,0,2,1,11,A01
202100020570,2,33,,0,2,5,1,B01
202100020571,1,32,,0,2,2,17,B01
202100020571,1,7,,0,2,3,13,A01
202100020572,1,30,,0,0,0,1,A01
202100020573,1,50,,0,1,7,1,Z01
202100020574,0,7,,0,2,3,6,B01
202100020574,0,34,,0,2,1,1,A01
202100020575,1,7,,0,2,1,2,A01
202100020575,1,7,,0,2,4,23,B01
202100020576,2,7,,0,2,2,1,A01
202100020576,1,33,,0,2,1,1,B01
202100020577,1,1,,0,2,4,2,A01
202100020577,1,37,1.0,1,0,4,2,B01
202100020578,1,7,,0,2,1,2,A01
202100020578,1,10,,0,2,4,2,B01
202100020579,3,60,,0,2,0,0,P01
202100020579,2,7,,0,2,2,1,A01
202100020580,1,43,,0,2,1,13,A01
202100020580,1,7,,0,2,1,1,B01
202100020581,2,32,,0,2,1,26,A01
202100020581,2,7,,0,0,6,2,B01
202100020582,1,2,,0,2,8,1,B01
202100020582,2,7,,0,2,7,15,A01
202100020583,1,7,,0,1,3,19,A01
202100020584,3,7,,0,0,0,0,B01
202100020584,3,30,,0,2,1,26,A01
202100020585,2,7,,0,2,5,13,B01
202100020585,1,10,,0,2,1,1,A01
202100020586,0,10,,0,9,2,26,A01
202100020586,0,50,,0,0,1,15,B01
202100020587,0,7,,0,2,2,2,A01
202100020587,0,7,,0,2,3,2,B01
202100020588,2,99,,0,2,1,26,A01
202100020588,2,99,,0,9,5,0,B01
202100020589,-1,7,,0,2,7,16,A01
202100020589,-1,32,,0,2,8,1,B01
202100020590,3,1,,0,2,1,1,A01
202100020590,3,1,,0,2,1,1,B01
202100020591,1,7,,0,0,0,15,A01
202100020591,1,7,,8,0,1,1,B01
202100020592,1,34,,0,2,7,1,B01
202100020592,1,7,,0,2,1,1,A01
202100020593,1,7,,0,2,3,9,B01
202100020593,2,31,,0,2,2,17,A01
202100020594,2,7,,0,2,4,1,A01
202100020594,2,13,,0,2,1,2,B01
202100020595,2,7,,0,2,4,1,A01
202100020595,2,7,,0,2,1,2,B01
202100020596,1,7,,0,1,1,1,A01
202100020597,2,33,,0,2,3,1,C01
202100020597,1,7,,0,2,6,1,B01
202100020597,1,33,,0,2,1,1,A01
202100020598,2,7,,0,2,4,1,A01
202100020598,2,7,,0,2,1,1,B01
202100020599,2,7,,1,1,2,14,A01
202100020600,1,7,,13,0,1,1,A01
202100020601,2,7,,0,2,1,1,B01
202100020601,1,7,,0,2,1,13,A01
202100020602,1,7,,0,2,1,1,B01
202100020602,2,7,,0,2,1,3,A01
202100020603,1,7,,0,1,4,1,A01
202100020603,2,7,,0,2,3,1,C01
202100020603,1,10,,0,2,1,2,B01
202100020604,2,33,,0,2,1,21,B01
202100020604,2,7,,0,2,6,15,A01
202100020605,1,7,,0,0,9,1,A01
202100020606,2,7,,0,2,2,1,A01
202100020606,2,1,,0,2,4,1,B01
202100020606,2,1,,0,2,4,1,C01
202100020607,1,33,,0,2,1,17,B01
202100020607,2,7,,0,2,8,10,A01
202100020608,0,33,,0,0,1,1,A01
202100020609,3,36,,8,0,3,1,A01
202100020610,1,15,,0,2,6,15,B01
202100020610,2,7,,0,2,3,17,A01
202100020611,1,1,,0,2,7,0,B01
202100020611,2,10,,0,9,1,1,A01
202100020612,3,7,,0,2,3,1,B01
202100020612,3,21,,0,2,8,1,A01
202100020613,2,7,,0,0,8,23,C01
202100020613,2,7,,0,0,4,23,B01
202100020613,2,7,,1,0,1,14,A01
202100020613,2,7,,0,0,8,23,D01
202100020614,2,1,,0,2,1,15,B01
202100020614,1,7,,0,2,2,1,A01
202100020615,1,33,,13,0,3,15,A01
202100020616,2,7,,2,0,3,0,A01
202100020617,1,7,,6,0,8,13,A01
202100020618,2,2,,0,0,0,1,A01
202100020619,1,33,,13,0,9,14,A01
202100020620,1,7,,0,9,8,15,A01
202100020621,2,1,,0,2,4,1,A01
202100020621,2,7,,0,2,2,1,B01
202100020622,2,1,,0,0,4,13,B01
202100020622,2,7,,0,9,1,1,A01
202100020623,1,32,,0,2,1,1,C01
202100020623,2,7,,0,2,4,15,B01
202100020623,2,3,,0,2,1,2,A01
202100020624,1,7,,2,2,1,1,C01
202100020624,2,7,,2,2,3,1,A01
202100020624,2,7,,0,2,1,17,B01
202100020625,1,31,,0,2,1,1,C01
202100020625,1,33,,0,2,1,1,B01
202100020625,2,33,,0,2,1,17,A01
202100020626,1,33,,13,0,9,6,A01
202100020627,1,7,,8,0,2,21,A01
202100020628,0,7,,0,2,3,1,B01
202100020628,0,33,,0,2,8,13,A01
202100020629,1,10,,0,9,3,1,B01
202100020629,2,33,,0,2,1,13,A01
202100020630,2,21,,0,0,4,1,B01
202100020630,2,7,,0,2,1,14,A01
202100020631,1,7,,2,0,1,0,A01
202100020632,2,7,,0,2,3,1,B01
202100020632,1,2,,0,2,1,13,A01
202100020633,3,7,,0,1,2,1,A01
202100020634,0,7,,0,2,1,26,B01
202100020634,0,7,,6,2,2,15,A01
202100020635,2,10,,0,0,8,1,B01
202100020635,1,7,,0,0,3,2,A01
202100020635,2,7,,0,0,8,1,C01
202100020636,1,7,,2,0,1,1,A01
202100020637,3,2,,0,0,9,26,A01
202100020638,3,7,,13,0,1,1,A01
202100020639,1,7,,0,2,1,1,B01
202100020639,2,7,,0,2,7,19,A01
202100020640,1,33,,0,0,7,1,A01
202100020641,2,7,,0,2,8,13,A01
202100020641,1,33,,0,2,8,0,B01
202100020642,0,7,,6,0,1,0,A01
202100020643,1,31,,12,0,1,6,A01
202100020644,1,2,,3,0,1,13,A01
202100020645,1,7,,0,0,3,1,B01
202100020645,2,7,,0,2,3,0,A01
202100020646,1,17,,0,2,3,13,A01
202100020646,2,17,,0,2,3,1,B01
202100020647,1,7,,0,2,3,15,A01
202100020647,1,7,,0,2,1,1,B01
202100020648,1,31,,0,2,1,21,B01
202100020648,2,7,,0,2,7,15,A01
202100020649,0,15,,0,2,3,23,C01
202100020649,2,10,,0,2,4,23,B01
202100020649,2,10,,0,2,1,1,A01
202100020650,2,0,,0,0,0,19,A01
202100020650,1,1,,0,0,9,1,B01
202100020651,1,3,,0,0,4,2,B01
202100020651,1,7,,0,2,1,2,A01
202100020652,2,7,,0,1,3,1,A01
202100020653,1,33,,13,0,9,1,A01
202100020654,2,7,,0,0,0,1,A01
202100020655,3,7,,0,2,8,13,B01
202100020655,3,1,,0,2,1,1,A01
202100020656,3,33,,5,0,1,1,A01
202100020657,2,2,,5,0,2,1,A01
202100020658,2,10,,0,2,3,1,A01
202100020658,1,1,,0,2,0,13,B01
202100020659,3,7,,0,2,2,2,B01
202100020659,3,7,,0,2,3,1,A01
202100020660,2,7,,0,1,1,1,A01
202100020661,1,10,,0,0,6,2,A01
202100020661,1,2,,7,2,2,2,B01
202100020662,2,33,,13,0,1,26,A01
202100020663,1,7,,0,2,5,12,A01
202100020663,1,33,,0,2,1,3,B01
202100020664,3,7,,7,0,1,9,A01
202100020665,1,7,,0,2,6,11,B01
202100020665,1,33,,0,2,1,1,A01
202100020666,1,7,,0,2,4,1,B01
202100020666,1,10,,0,2,2,1,A01
202100020667,1,7,,0,2,8,11,B01
202100020667,1,33,,0,2,7,3,A01
202100020668,1,10,,0,1,7,1,A01
202100020669,1,7,,0,1,4,1,A01
202100020670,1,7,,0,2,1,2,C01
202100020670,1,7,,0,2,6,23,B01
202100020671,1,31,,2,0,1,14,A01
202100020672,3,50,,0,0,1,0,A01
202100020673,2,33,,15,0,8,1,A01
202100020674,2,33,,0,2,1,2,A01
202100020674,2,7,,14,0,3,2,B01
202100020675,2,33,,0,2,1,2,A01
202100020675,2,7,,0,2,5,2,B01
202100020676,2,10,,0,2,1,13,Z01
202100020676,1,33,,0,2,1,1,A01
202100020677,2,33,,0,2,4,2,A01
202100020677,2,1,,0,2,2,2,B01
202100020678,3,10,,0,1,1,5,Z01
202100020679,3,7,,0,2,3,9,A01
202100020679,1,33,,0,2,1,1,B01
202100020680,1,1,,1,2,1,1,B01
202100020680,2,7,,1,2,7,24,A01
202100020681,0,33,,0,0,9,26,A01
202100020682,1,7,,1,0,9,14,A01
202100020683,3,7,,0,2,2,1,B01
202100020683,3,1,,0,2,0,1,A01
202100020684,2,33,,0,1,1,2,A01
202100020685,2,7,,0,1,2,1,A01
202100020686,3,7,,0,2,5,2,B01
202100020686,3,7,,0,2,1,2,A01
202100020686,3,7,,0,2,4,2,C01
202100020687,3,7,,0,2,1,1,A01
202100020687,3,1,,0,2,8,1,B01
202100020688,1,30,,15,0,2,26,A01
202100020689,2,7,,6,1,1,19,A01
202100020689,2,7,,0,2,8,10,Z01
202100020690,2,99,,0,2,1,26,A01
202100020690,1,7,,0,9,6,1,B01
202100020691,1,3,,6,0,1,26,A01
202100020692,1,43,,15,0,1,14,A01
202100020693,2,7,,0,2,1,5,A01
202100020693,1,32,,0,2,1,1,B01
202100020694,2,33,,12,0,7,1,A01
202100020695,1,7,,0,2,4,1,A01
202100020695,1,7,,0,2,4,1,B01
202100020695,1,7,,0,2,1,1,C01
202100020696,3,7,,12,0,1,26,A01
202100020697,1,7,,0,1,6,1,A01
202100020698,3,7,,0,1,2,19,CA01
202100020698,3,50,,0,2,1,19,B01
202100020699,2,2,,0,2,0,1,B01
202100020699,1,7,,0,9,0,13,A01
202100020700,1,10,,0,2,8,1,C01
202100020700,2,7,,0,2,3,13,A01
202100020700,1,33,,0,2,1,1,B01
202100020701,2,7,,8,0,1,19,A01
202100020702,0,7,,0,2,4,2,A01
202100020702,0,7,,0,2,1,2,B01
202100020703,2,33,,0,2,2,1,B01
202100020703,2,35,,0,2,3,10,A01
202100020704,1,7,,0,2,1,0,A01
202100020704,3,7,,0,2,3,0,B01
202100020705,0,10,,0,2,2,26,A01
202100020705,3,7,,0,2,1,0,B01
202100020706,3,7,,0,1,1,15,A01
202100020707,1,33,,6,0,1,1,A01
202100020708,3,99,,0,1,2,26,A01
202100020709,2,1,,0,2,1,15,B01
202100020709,1,7,,0,2,1,1,A01
202100020710,1,7,,0,2,0,9,A01
202100020710,1,32,,0,2,1,1,B01
202100020711,2,30,,0,2,1,2,A01
202100020711,2,7,,0,2,4,23,B01
202100020712,1,30,,0,2,8,2,A01
202100020712,1,7,,0,2,0,9,Z01
202100020712,1,7,,0,2,6,2,B01
202100020713,2,30,,0,2,2,17,A01
202100020713,2,7,,0,2,3,15,B01
202100020714,1,7,,0,2,2,1,B01
202100020714,1,30,,0,2,3,15,A01
202100020715,0,7,,11,0,3,14,A01
202100020716,1,7,,0,2,2,1,A01
202100020716,1,7,,0,2,0,1,B01
202100020717,1,7,,0,2,7,14,A01
202100020717,1,7,,0,2,8,24,B01
202100020718,1,32,,0,2,2,17,B01
202100020718,1,7,,0,2,3,15,A01
202100020719,1,7,,0,1,2,1,A01
202100020720,1,30,,0,2,4,1,B01
202100020720,1,7,,0,2,1,2,A01
202100020721,1,7,,0,2,7,1,A01
202100020721,1,30,,0,2,1,1,B01
202100020722,1,1,,0,2,1,7,C01
202100020722,1,1,,0,2,0,7,B01
202100020722,1,7,,0,2,1,10,A01
202100020723,1,50,,0,2,3,1,B01
202100020723,1,7,,0,2,5,22,A01
202100020724,1,7,,0,2,8,1,B01
202100020724,2,31,,0,2,1,1,A01
202100020725,2,31,,0,2,3,1,B01
202100020725,1,7,,0,2,2,15,A01
202100020726,1,7,,0,2,1,0,A01
202100020726,3,1,,0,2,8,0,B01
202100020727,1,30,,0,2,1,2,A01
202100020727,1,7,,0,2,5,2,B01
202100020728,0,10,,0,2,2,2,B01
202100020728,0,7,,1,0,2,26,A01
202100020729,1,7,,0,1,1,1,A01
202100020730,1,7,,8,2,2,1,B01
202100020730,2,7,,0,2,2,15,A01
202100020731,3,7,,13,0,3,2,A01
202100020732,3,2,,1,0,1,1,A01
202100020733,2,33,,15,0,1,6,A01
202100020734,0,7,,2,0,8,1,A01
202100020735,1,7,,8,0,0,1,A01
202100020736,0,10,,1,2,3,1,B01
202100020736,0,10,,1,2,2,1,A01
202100020737,3,10,,0,1,4,4,A01
202100020738,1,1,,0,2,8,1,C01
202100020738,2,7,,0,2,3,1,B01
202100020738,1,10,,0,2,3,17,A01
202100020739,1,33,,13,0,1,1,A01
202100020740,2,7,,0,1,1,1,A01
202100020741,2,21,,0,2,6,15,B01
202100020741,2,33,,0,2,1,17,A01
202100020742,1,7,,0,2,3,10,A01
202100020742,1,33,,0,2,2,1,B01
202100020743,1,10,,0,2,6,1,B01
202100020743,1,7,,0,2,2,1,A01
202100020743,1,7,,0,2,4,1,C01
202100020744,2,2,,7,0,3,1,A01
202100020745,2,1,,0,2,3,2,B01
202100020745,2,7,,0,9,2,21,A01
202100020746,0,33,,0,0,0,1,A01
202100020747,2,7,,0,0,6,1,B01
202100020747,2,7,,7,2,1,14,A01
202100020748,1,7,,0,2,2,13,B01
202100020748,1,2,,0,2,1,15,A01