Num_Acc,senc,catv,occutc,obs,obsm,choc,manv,num_veh
202100020749,1,7,,2,0,2,17,A01
202100020750,1,7,,2,0,1,1,A01
202100020751,0,7,,0,1,2,2,A01
202100020752,1,32,,0,2,4,1,A01
202100020752,1,31,,0,2,1,1,B01
202100020753,2,7,,0,2,1,13,A01
202100020753,1,10,,0,2,2,21,B01
202100020754,3,31,,0,0,0,0,A01
202100020755,2,33,,13,0,8,1,A01
202100020756,1,80,,0,2,4,2,B01
202100020756,1,7,,0,2,0,2,A01
202100020757,1,7,,0,2,1,1,A01
202100020757,1,2,,0,2,4,1,B01
202100020758,3,33,,0,2,8,1,B01
202100020758,3,10,,0,2,1,16,A01
202100020759,2,33,,0,0,0,1,A01
202100020760,2,33,,0,0,7,1,A01
202100020761,2,15,,0,0,0,2,A01
202100020761,2,1,,12,0,0,2,B01
202100020762,1,7,,2,0,9,0,A01
202100020763,2,2,,12,0,0,21,A01
202100020764,3,7,,6,0,8,2,A01
202100020765,1,2,,2,0,1,1,A01
202100020766,2,33,,3,0,3,1,A01
202100020767,2,1,,0,2,1,13,A01
202100020767,1,7,,0,2,2,1,B01
202100020768,2,2,,0,2,1,1,B01
202100020768,1,7,,0,2,2,15,A01
202100020769,1,7,,9,0,1,11,A01
202100020770,2,7,,2,0,3,13,A01
202100020771,1,33,,0,2,1,1,B01
202100020771,2,10,,0,2,2,9,A01
202100020772,1,7,,0,2,2,2,B01
202100020772,1,7,,0,2,6,16,A01
202100020773,1,33,,0,2,1,1,B01
202100020773,2,7,,0,2,1,15,A01
202100020774,1,7,,0,2,2,1,B01
202100020774,3,21,,0,2,5,26,A01
202100020775,1,10,,2,0,2,1,A01
202100020776,2,1,,0,0,0,1,A01
202100020777,2,7,,2,0,1,1,A01
202100020778,1,7,,8,0,1,15,A01
202100020779,0,36,,0,0,9,1,A01
202100020780,3,7,,0,0,1,1,A01
202100020781,1,33,,13,0,1,1,A01
202100020782,1,33,,16,0,0,1,A01
202100020783,2,7,,0,2,5,12,A01
202100020783,2,7,,0,2,3,1,B01
202100020784,2,7,,0,2,2,1,B01
202100020784,2,33,,0,2,3,9,A01
202100020785,2,7,,0,2,3,2,A01
202100020785,2,7,,0,0,5,2,B01
202100020786,2,1,,0,2,1,1,B01
202100020786,1,7,,0,2,2,20,A01
202100020787,2,2,,0,0,7,0,A01
202100020788,1,33,,0,2,1,1,B01
202100020788,2,7,,8,2,3,17,A01
202100020789,2,10,,0,2,3,1,B01
202100020789,1,7,,0,2,3,13,A01
202100020790,2,33,,13,0,3,1,A01
202100020791,2,33,,2,0,1,1,A01
202100020792,2,1,,0,9,1,1,C01
202100020792,1,1,,0,2,1,1,B01
202100020792,1,7,,0,9,7,15,A01
202100020793,1,7,,14,0,1,0,A01
202100020794,2,33,,0,0,7,1,A01
202100020795,3,80,,0,0,9,1,B01
202100020795,3,80,,0,0,9,1,A01
202100020796,3,7,,0,9,3,1,A01
202100020796,3,80,,0,2,3,13,B01
202100020797,3,7,,1,0,2,1,A01
202100020798,3,33,,0,0,7,1,A01
202100020799,2,7,,0,2,7,15,A01
202100020799,1,33,,0,2,1,1,B01
202100020800,1,7,,0,2,2,2,A01
202100020800,1,80,,0,0,4,1,B01
202100020801,1,7,,0,2,3,1,B01
202100020801,1,31,,0,0,7,15,A01
202100020802,2,7,,3,0,3,21,A01
202100020803,2,7,,0,2,4,2,A01
202100020803,2,7,,0,2,1,2,B01
202100020804,1,7,,0,2,1,2,C01
202100020804,1,7,,0,2,4,2,B01
202100020804,1,7,,0,2,4,2,A01
202100020805,2,7,,4,0,2,14,A01
202100020806,2,7,,0,2,4,2,C01
202100020806,2,7,,0,2,4,2,B01
202100020806,2,7,,0,2,1,2,A01
202100020807,1,7,,0,2,2,2,A01
202100020807,1,7,,0,2,6,11,B01
202100020808,2,7,,0,2,8,11,A01
202100020808,2,32,,0,2,7,1,B01
202100020809,2,10,,0,2,1,2,A01
202100020809,2,7,,0,2,4,2,B01
202100020809,2,7,,0,2,4,2,C01
202100020809,2,7,,0,2,4,2,D01
202100020810,1,7,,0,2,2,2,A01
202100020810,1,7,,0,2,6,2,B01
202100020811,1,7,,3,2,3,14,A01
202100020811,1,7,,0,2,5,1,B01
202100020812,2,7,,4,0,1,9,A01
202100020813,2,33,,0,0,9,3,A01
202100020814,2,7,,0,2,1,2,A01
202100020814,2,7,,0,2,4,2,B01
202100020815,2,7,,4,2,4,2,B01
202100020815,2,43,,4,2,1,2,A01
202100020816,2,7,,0,2,7,12,B01
202100020816,2,33,,0,2,1,3,A01
202100020817,2,7,,0,2,6,2,C01
202100020817,2,7,,0,2,0,1,B01
202100020817,2,7,,0,2,1,1,A01
202100020818,2,7,,0,2,6,1,B01
202100020818,2,7,,4,2,1,14,A01
202100020819,2,7,,0,2,9,1,A01
202100020820,1,7,,4,0,2,1,A01
202100020821,2,7,,4,2,1,16,B01
202100020821,2,7,,4,2,5,16,A01
202100020822,1,99,,0,2,6,3,Z01
202100020822,1,7,,0,2,2,2,A01
202100020823,1,7,,0,2,8,11,B01
202100020823,1,7,,0,2,7,1,A01
202100020824,2,32,,8,2,7,1,A01
202100020824,1,7,,0,2,2,17,B01
202100020825,1,7,,0,0,3,26,A01
202100020826,1,33,,4,0,1,1,A01
202100020827,1,32,,0,2,1,1,B01
202100020827,2,32,,0,2,1,17,A01
202100020828,1,7,,0,9,1,14,A01
202100020828,1,1,,0,2,1,15,B01
202100020829,2,33,,0,2,1,1,B01
202100020829,1,7,,0,2,8,15,A01
202100020830,3,50,,0,2,7,19,C01
202100020830,3,50,,0,2,7,19,B01
202100020830,1,99,,0,2,1,26,A01
202100020831,-1,10,,0,1,3,15,A01
202100020832,3,7,,0,1,7,9,A01
202100020833,1,7,,0,2,3,9,A01
202100020833,1,10,,0,2,2,1,B01
202100020834,1,7,,0,2,1,2,A01
202100020834,1,7,,0,0,4,2,B01
202100020835,1,3,,0,2,1,13,A01
202100020835,2,7,,0,2,1,1,B01
202100020836,0,31,,0,2,1,1,A01
202100020836,0,7,,0,2,8,1,B01
202100020837,2,2,,0,2,2,2,B01
202100020837,3,7,,0,2,8,9,A01
202100020838,1,7,,0,2,3,23,A01
202100020838,1,2,,0,2,1,18,B01
202100020839,2,32,,0,0,7,21,A01
202100020840,2,7,,0,2,2,16,B01
202100020840,2,2,,0,2,8,18,A01
202100020841,1,7,,0,2,1,0,B01
202100020841,1,7,,0,2,0,5,A01
202100020842,2,30,,2,0,1,1,A01
202100020843,1,7,,0,1,1,26,A01
202100020844,1,7,,0,1,0,15,A01
202100020845,2,33,,0,2,7,1,B01
202100020845,1,7,,0,2,1,1,A01
202100020846,1,1,,12,0,1,1,A01
202100020847,1,1,,0,2,3,15,A01
202100020847,1,30,,0,2,2,26,B01
202100020848,0,7,,8,0,0,1,A01
202100020849,0,37,1.0,0,1,1,0,A01
202100020850,0,37,1.0,0,1,2,16,A01
202100020851,1,33,,0,2,5,1,B01
202100020851,1,7,,0,2,2,9,A01
202100020852,0,7,,0,2,1,15,A01
202100020852,0,7,,0,2,3,1,B01
202100020853,1,7,,0,1,3,1,A01
202100020854,3,7,,0,9,3,2,A01
202100020854,3,50,,0,2,1,1,B01
202100020855,3,7,,0,2,3,1,B01
202100020855,2,50,,0,2,1,1,A01
202100020856,2,7,,0,2,1,15,A01
202100020856,3,7,,0,2,3,26,B01
202100020857,2,32,,0,2,8,1,A01
202100020857,2,7,,0,2,7,16,B01
202100020858,2,7,,0,2,1,1,A01
202100020858,2,7,,0,2,4,15,B01
202100020859,1,7,,0,1,2,9,A01
202100020860,3,7,,0,2,9,15,A01
202100020860,3,7,,0,2,1,1,B01
202100020861,3,7,,0,2,1,2,A01
202100020861,3,7,,0,2,3,2,B01
202100020861,3,7,,0,2,4,26,C01
202100020862,0,7,,0,2,2,15,A01
202100020862,0,33,,0,2,1,1,B01
202100020863,2,7,,6,0,1,0,A01
202100020864,1,1,,0,1,1,1,A01
202100020865,3,7,,0,1,7,16,A01
202100020866,1,33,,0,2,1,1,B01
202100020866,1,7,,0,2,3,15,A01
202100020867,1,7,,0,2,1,2,A01
202100020867,1,7,,0,2,6,1,B01
202100020867,1,7,,0,0,4,1,C01
202100020868,0,7,,0,2,1,1,A01
202100020868,0,7,,0,2,4,1,B01
202100020869,0,7,,5,0,0,1,A01
202100020870,1,7,,0,2,1,2,A01
202100020870,1,7,,0,2,4,2,B01
202100020871,2,7,,0,2,5,4,A01
202100020871,2,1,,0,2,5,1,B01
202100020872,2,7,,0,2,4,23,B01
202100020872,2,2,,0,2,1,2,A01
202100020873,3,1,,0,1,0,0,Z01
202100020874,1,43,,9,0,1,26,A01
202100020875,3,7,,0,1,1,0,A01
202100020876,1,30,,0,0,1,1,A01
202100020877,2,32,,0,2,1,1,A01
202100020877,3,1,,0,0,0,0,B01
202100020878,1,3,,0,2,0,0,A01
202100020878,0,3,,0,0,0,0,B01
202100020879,1,7,,0,2,3,11,A01
202100020879,1,7,,0,2,5,1,B01
202100020880,2,10,,0,2,5,1,B01
202100020880,2,31,,0,2,3,3,A01
202100020881,3,7,,0,2,7,1,A01
202100020881,3,7,,0,2,1,1,B01
202100020882,2,7,,0,2,3,10,Z01
202100020882,1,30,,0,2,3,1,A01
202100020883,1,80,,0,2,1,18,B01
202100020883,1,7,,0,2,3,22,A01
202100020884,1,1,,0,0,0,1,A01
202100020885,2,10,,0,2,7,14,A01
202100020885,2,50,,0,2,3,1,B01
202100020886,2,7,,0,1,2,1,A01
202100020887,1,33,,0,2,3,18,B01
202100020887,1,7,,0,2,2,16,A01
202100020888,1,33,,0,2,8,1,B01
202100020888,1,7,,0,2,1,9,A01
202100020889,2,14,,0,2,4,23,B01
202100020889,2,30,,1,0,1,1,A01
202100020890,3,7,,0,1,2,15,A01
202100020891,0,7,,0,2,8,2,B01
202100020891,0,7,,0,2,2,2,A01
202100020892,2,33,,0,2,4,26,B01
202100020892,2,10,,0,2,4,20,C01
202100020892,2,7,,0,2,1,2,A01
202100020893,1,34,,0,2,8,1,A01
202100020893,1,7,,0,2,7,16,B01
202100020894,1,30,,0,2,1,26,A01
202100020894,1,50,,0,2,2,0,B01
202100020895,1,7,,1,0,2,14,A01
202100020896,1,7,,0,1,2,16,A01
202100020897,2,7,,0,2,4,1,B01
202100020897,2,30,,0,2,1,2,A01
202100020898,1,31,,0,2,1,1,A01
202100020898,1,30,,0,2,4,15,B01
202100020899,2,7,,0,0,0,0,A01
202100020900,2,33,,0,2,1,2,B01
202100020900,1,7,,0,2,5,2,A01
202100020901,1,30,,15,0,1,0,A01
202100020902,2,7,,1,2,1,2,C01
202100020902,2,7,,4,0,7,23,B01
202100020902,2,7,,3,2,6,1,A01
202100020903,2,33,,0,2,1,17,A01
202100020903,2,7,,0,2,3,15,B01
202100020904,1,35,,0,0,8,9,A01
202100020905,2,7,,0,2,3,13,A01
202100020905,1,7,,0,2,8,1,B01
202100020906,2,7,,13,0,1,1,A01
202100020907,3,37,2.0,0,2,1,2,A01
202100020907,3,7,,0,2,4,15,B01
202100020908,1,2,,0,0,9,14,A01
202100020909,1,7,,0,2,3,13,B01
202100020909,2,7,,0,2,1,1,A01
202100020910,0,2,,0,0,2,16,A01
202100020911,1,33,,15,0,1,0,A01
202100020912,2,2,,0,0,0,15,A01
202100020913,0,7,,0,2,3,0,A01
202100020913,1,7,,0,2,2,1,B01
202100020914,3,7,,15,0,1,14,A01
202100020915,1,7,,0,2,3,19,A01
202100020915,1,31,,0,2,1,1,B01
202100020916,2,33,,0,2,1,1,A01
202100020916,2,33,,0,2,4,1,B01
202100020917,3,7,,2,0,0,1,A01
202100020918,3,7,,0,1,2,16,A01
202100020919,2,33,,15,0,7,14,A01
202100020920,1,2,,0,0,4,1,B01
202100020920,1,7,,0,2,2,2,A01
202100020920,1,2,,0,0,4,1,C01
202100020921,1,7,,2,0,1,0,A01
202100020922,2,2,,0,0,0,1,A01
202100020923,0,7,,0,2,1,1,A01
202100020923,0,1,,0,2,1,1,B01
202100020924,2,7,,0,2,6,19,B01
202100020924,1,7,,0,2,1,1,A01
202100020925,1,33,,0,2,3,1,A01
202100020925,2,7,,0,2,3,1,B01
202100020926,1,7,,2,0,3,1,A01
202100020927,2,7,,0,0,6,17,A01
202100020927,2,7,,0,2,2,17,B01
202100020928,2,7,,0,2,3,1,B01
202100020928,1,7,,0,2,3,13,A01
202100020929,1,7,,15,0,3,0,A01
202100020930,2,33,,13,0,1,13,A01
202100020931,3,7,,0,2,2,1,B01
202100020931,3,2,,0,2,5,15,A01
202100020932,1,2,,0,0,8,14,A01
202100020933,1,1,,0,0,1,0,A01
202100020934,2,33,,2,0,3,1,A01
202100020935,1,7,,0,0,9,13,A01
202100020936,1,30,,0,2,1,1,B01
202100020936,2,10,,0,2,7,15,A01
202100020937,3,21,,0,1,2,1,A01
202100020938,0,7,,0,1,1,0,A01
202100020939,3,7,,0,2,2,16,B01
202100020939,3,33,,0,2,3,1,A01
202100020940,1,43,,12,2,2,26,A01
202100020940,1,31,,0,2,5,23,B01
202100020941,2,7,,7,0,1,1,A01
202100020942,3,1,,0,2,0,1,B01
202100020942,3,7,,0,9,3,1,A01
202100020943,1,33,,0,0,8,1,A01
202100020944,1,7,,12,0,9,26,A01
202100020945,2,7,,3,0,4,2,B01
202100020945,2,7,,3,2,1,2,A01
202100020945,1,7,,0,0,1,1,C01
202100020946,2,7,,4,0,7,0,B01
202100020946,2,7,,4,0,9,1,A01
202100020947,1,7,,0,2,1,2,B01
202100020947,1,7,,3,0,4,23,A01
202100020948,1,7,,3,0,4,2,B01
202100020948,1,7,,3,2,1,2,A01
202100020949,3,10,,0,0,9,13,A01
202100020950,2,7,,0,2,1,1,B01
202100020950,1,7,,0,2,1,13,A01
202100020951,1,1,,0,2,7,19,B01
202100020951,1,7,,0,9,1,21,A01
202100020952,2,7,,13,0,1,2,A01
202100020953,3,7,,13,0,1,1,A01
202100020954,1,7,,0,2,1,1,B01
202100020954,1,7,,0,2,1,13,A01
202100020955,0,7,,0,1,2,0,A01
202100020956,1,33,,0,0,1,1,B01
202100020956,2,33,,0,2,1,1,A01
202100020957,1,33,,0,0,0,1,A01
202100020958,1,31,,6,0,1,26,A01
202100020959,2,1,,13,0,0,1,A01
202100020960,2,33,,0,2,1,1,B01
202100020960,1,7,,0,2,3,1,A01
202100020961,1,7,,11,0,1,1,A01
202100020962,2,7,,0,2,2,15,A01
202100020962,1,33,,0,2,1,1,B01
202100020963,2,33,,8,0,2,21,A01
202100020964,1,7,,0,2,8,15,A01
202100020964,1,33,,0,2,1,2,B01
202100020965,2,33,,0,2,1,17,A01
202100020965,2,34,,0,2,1,9,B01
202100020966,2,7,,0,2,2,17,A01
202100020966,2,30,,0,2,3,15,B01
202100020967,0,7,,0,2,8,19,A01
202100020967,2,7,,0,2,1,1,B01
202100020968,1,7,,0,1,3,1,A01
202100020969,1,7,,0,1,1,1,A01
202100020970,1,7,,0,1,0,13,A01
202100020971,2,33,,0,2,2,1,B01
202100020971,3,7,,0,2,2,26,A01
202100020972,2,7,,9,0,1,2,A01
202100020973,1,10,,0,2,1,2,A01
202100020973,0,7,,0,2,4,2,B01
202100020974,2,7,,0,2,3,2,C01
202100020974,2,7,,0,2,1,2,B01
202100020974,2,7,,0,2,4,21,A01
202100020975,1,7,,0,2,4,1,A01
202100020975,1,7,,0,2,4,2,B01
202100020975,1,7,,0,2,1,2,C01
202100020976,2,7,,4,0,3,13,A01
202100020977,2,7,,0,2,4,2,B01
202100020977,2,7,,0,2,3,2,A01
202100020978,2,7,,0,2,2,13,A01
202100020978,2,7,,0,2,5,10,B01
202100020979,2,7,,4,0,3,2,A01
202100020980,1,33,,0,0,4,2,A01
202100020981,1,7,,0,2,4,2,C01
202100020981,1,7,,0,2,4,2,B01
202100020981,1,7,,0,2,1,2,A01
202100020982,2,7,,0,2,4,1,C01
202100020982,2,7,,0,2,4,1,E01
202100020982,2,7,,0,2,4,1,D01
202100020982,2,7,,0,2,4,1,B01
202100020982,2,7,,0,2,1,1,A01
202100020983,1,7,,14,0,2,26,A01
202100020984,2,7,,0,2,4,1,B01
202100020984,2,7,,0,2,1,2,A01
202100020985,2,7,,0,2,4,2,B01
202100020985,2,10,,0,2,1,1,A01
202100020986,2,33,,0,2,3,3,B01
202100020986,2,7,,0,2,7,12,A01
202100020987,2,7,,0,1,1,1,A01
202100020988,3,7,,0,2,2,19,A01
202100020988,3,7,,0,2,1,1,B01
202100020989,2,7,,0,1,1,1,A01
202100020990,3,7,,0,1,2,26,A01
202100020991,0,33,,0,2,6,15,B01
202100020991,0,2,,0,2,7,1,A01
202100020992,2,7,,0,1,2,1,A01
202100020993,3,7,,0,2,1,15,A01
202100020993,0,1,,0,2,1,16,B01
202100020994,1,43,,0,2,7,1,B01
202100020994,1,7,,0,2,8,1,C01
202100020994,1,7,,0,2,8,11,A01
202100020995,0,2,,0,2,0,0,B01
202100020995,0,7,,0,2,1,1,A01
202100020996,2,7,,0,2,8,1,B01
202100020996,1,7,,0,2,1,1,A01
202100020997,3,7,,0,2,4,2,B01
202100020997,3,30,,0,2,1,2,A01
202100020998,2,32,,0,2,8,1,B01
202100020998,1,7,,0,2,1,15,A01
202100020999,0,50,,0,2,1,1,B01
202100020999,1,1,,0,2,1,1,DA01
202100021000,0,1,,9,1,0,1,A01
202100021001,3,7,,0,2,7,16,B01
202100021001,3,7,,0,2,8,2,A01
202100021002,1,2,,0,2,1,17,A01
202100021002,1,7,,0,2,6,20,B01
202100021003,2,7,,0,1,1,1,A01
202100021004,1,2,,0,2,1,1,B01
202100021004,2,7,,0,2,2,15,A01
202100021005,2,7,,0,1,8,24,A01
202100021005,2,1,,1,0,1,1,B01
202100021006,3,7,,0,9,8,9,A01
202100021006,0,1,,0,2,1,0,B01
202100021007,3,7,,0,2,1,26,A01
202100021007,3,7,,0,2,3,26,B01
202100021008,1,7,,0,2,7,10,A01
202100021008,1,7,,0,2,3,1,B01
202100021009,2,10,,14,0,2,14,A01
202100021009,2,14,,0,2,8,23,B01
202100021009,2,7,,5,2,7,23,C01
202100021010,1,32,,0,2,1,1,B01
202100021010,1,7,,0,2,7,15,A01
202100021011,0,7,,0,2,1,1,A01
202100021011,0,1,,0,2,4,1,B01
202100021012,2,7,,9,2,2,14,A01
202100021013,1,7,,0,1,3,1,A01
202100021014,2,7,,0,2,1,13,A01
202100021014,1,30,,0,2,1,1,B01
202100021015,-1,33,,0,0,0,2,B01
202100021015,-1,33,,0,9,0,2,A01
202100021016,1,33,,1,5,1,1,A01
202100021017,1,7,,0,1,1,2,A01
202100021018,3,7,,0,2,1,1,A01
202100021018,3,1,,0,2,1,1,B01
202100021019,3,7,,0,2,0,1,A01
202100021019,3,1,,0,2,0,1,B01
202100021020,3,7,,0,1,1,1,A01
202100021021,2,10,,0,2,8,16,A01
202100021021,1,7,,0,2,2,1,B01
202100021022,1,7,,0,2,1,15,A01
202100021022,2,7,,0,2,1,1,B01
202100021023,1,7,,0,2,3,9,A01
202100021023,1,7,,0,2,2,1,B01
202100021024,2,7,,0,2,4,2,C01
202100021024,2,7,,0,2,6,1,B01
202100021024,2,7,,0,2,2,17,A01
202100021025,1,3,,0,2,2,15,B01
202100021025,2,30,,0,2,1,18,A01
202100021026,1,7,,0,2,6,22,A01
202100021026,1,1,,1,0,1,1,B01
202100021027,1,7,,14,0,1,1,A01
202100021028,3,2,,0,0,0,1,A01
202100021029,2,30,,0,2,8,1,B01
202100021029,2,7,,0,2,2,12,A01
202100021030,1,7,,0,2,4,1,B01
202100021030,1,7,,0,2,1,1,A01
202100021031,3,7,,0,2,2,9,A01
202100021031,3,7,,0,2,3,9,B01
202100021032,1,3,,0,2,3,15,A01
202100021032,1,50,,0,2,0,2,B01
202100021033,1,33,,0,2,2,15,B01
202100021033,1,15,,0,2,3,15,A01
202100021034,2,1,,0,2,1,1,B01
202100021034,1,7,,0,2,5,15,A01
202100021035,1,7,,0,2,6,1,B01
202100021035,1,33,,0,2,2,2,A01
202100021036,2,7,,0,2,3,1,B01
202100021036,1,7,,0,2,1,15,A01
202100021037,2,7,,0,2,1,15,A01
202100021037,1,33,,0,2,2,1,B01
202100021038,1,1,,0,2,1,2,A01
202100021038,1,7,,0,2,4,1,B01
202100021039,3,7,,0,2,1,1,B01
202100021039,0,7,,0,2,1,21,A01
202100021040,3,7,,1,1,2,1,A01
202100021040,3,7,,0,2,8,24,B01
202100021040,3,7,,0,2,4,24,D01
202100021041,1,37,1.0,0,9,7,26,B01
202100021041,1,50,,0,9,1,5,A01
202100021042,1,7,,0,1,1,26,A01
202100021043,1,10,,0,1,1,26,A01
202100021044,1,7,,0,2,4,2,B01
202100021044,1,7,,0,2,1,2,A01
202100021045,1,7,,0,2,1,26,B01
202100021045,1,7,,0,2,3,26,A01
202100021046,1,1,,9,0,4,1,B01
202100021046,1,7,,9,2,2,2,A01
202100021047,0,2,,0,0,0,1,B01
202100021047,0,7,,0,2,1,9,A01
202100021048,1,7,,0,2,1,2,B01
202100021048,1,7,,0,2,1,1,C01
202100021048,1,7,,0,2,2,2,A01
202100021049,1,7,,0,2,5,1,A01
202100021049,1,1,,0,2,1,9,B01
202100021050,1,7,,0,2,1,1,A01
202100021050,2,7,,0,2,3,1,B01
202100021051,2,7,,14,0,1,1,A01
202100021052,3,7,,0,2,2,9,B01
202100021052,3,1,,0,2,1,25,A01
202100021053,1,31,,0,2,1,2,A01
202100021053,1,7,,0,2,4,1,B01
202100021054,1,7,,0,2,2,1,B01
202100021054,2,30,,0,2,1,1,A01
202100021055,2,1,,0,2,1,1,B01
202100021055,1,1,,0,2,1,1,A01
202100021056,2,30,,0,2,1,0,A01
202100021056,1,7,,0,2,2,19,B01
202100021057,1,50,,8,0,1,25,A01
202100021058,2,7,,6,0,7,14,A01
202100021059,1,99,,0,2,3,1,B01
202100021059,2,7,,0,2,3,13,A01
202100021060,0,7,,0,2,8,10,A01
202100021060,0,33,,0,2,0,1,B01
202100021061,2,7,,13,0,2,1,A01
202100021062,1,7,,0,2,7,12,A01
202100021062,1,14,,0,2,0,1,B01
202100021063,3,7,,1,0,0,0,C01
202100021063,3,7,,1,2,0,0,A01
202100021064,0,1,,0,-1,-1,1,B01
202100021064,0,7,,0,2,7,1,A01
202100021065,1,7,,0,2,3,1,A01
202100021065,1,33,,0,2,4,23,B01
202100021066,2,13,,0,2,7,1,B01
202100021066,2,80,,0,2,8,1,A01
202100021067,2,7,,0,2,7,15,A01
202100021067,1,7,,0,2,2,1,B01
202100021068,1,30,,0,2,1,0,B01
202100021068,1,7,,0,2,5,1,A01
202100021069,1,33,,0,2,1,1,B01
202100021069,1,7,,0,2,2,9,A01
202100021070,1,7,,0,1,0,1,A01
202100021071,1,7,,0,2,1,15,A01
202100021071,1,7,,0,2,3,1,B01
202100021072,3,7,,0,2,0,16,B01
202100021072,3,80,,0,2,4,16,A01
202100021073,1,13,,0,2,5,20,B01
202100021073,1,30,,0,2,1,1,A01
202100021074,2,7,,0,2,1,15,A01
202100021074,1,32,,0,2,1,1,B01
202100021074,1,32,,0,2,1,1,C01
202100021075,3,7,,8,0,1,1,A01
202100021076,1,33,,0,2,8,1,B01
202100021076,2,7,,0,2,2,19,A01
202100021077,1,7,,0,2,0,2,A01
202100021077,1,7,,0,2,0,2,B01
202100021078,2,7,,0,2,8,1,B01
202100021078,1,7,,15,2,1,1,A01
202100021079,3,7,,0,2,8,11,B01
202100021079,3,30,,0,2,1,11,A01
202100021080,3,7,,0,2,6,15,A01
202100021080,3,33,,0,2,1,2,B01
202100021081,1,33,,0,2,4,23,B01
202100021081,1,32,,0,2,1,2,A01
202100021082,1,10,,0,2,0,9,B01
202100021082,1,32,,0,2,7,1,A01
202100021083,1,7,,0,2,7,16,A01
202100021083,1,30,,0,2,1,7,B01
202100021084,1,33,,0,2,8,1,B01
202100021084,2,7,,0,2,1,15,A01
202100021085,1,7,,0,2,4,23,B01
202100021085,1,1,,0,2,1,2,A01
202100021086,2,7,,0,2,8,15,B01
202100021086,2,30,,0,2,2,17,A01
202100021087,1,1,,0,2,2,1,B01
202100021087,1,7,,0,2,3,22,A01
202100021088,1,30,,0,2,1,17,A01
202100021088,1,7,,0,2,3,15,B01
202100021089,3,3,,0,2,3,15,B01
202100021089,3,33,,0,2,1,1,A01
202100021090,1,1,,0,2,1,1,B01
202100021090,2,10,,0,2,1,16,A01
202100021091,3,1,,0,1,1,16,A01
202100021092,1,7,,0,2,8,22,Z01
202100021092,1,1,,0,2,7,1,A01
202100021093,2,32,,0,2,1,17,B01
202100021093,2,50,,0,2,8,15,A01
202100021094,2,32,,0,1,1,16,A01
202100021095,1,1,,0,2,5,1,A01
202100021095,2,7,,0,2,2,7,B01
202100021096,1,1,,0,1,1,7,A01
202100021097,1,7,,0,1,3,1,A01
202100021098,2,80,,0,2,1,1,B01
202100021098,2,7,,0,2,7,22,A01
202100021099,2,31,,0,2,8,2,C01
202100021099,1,7,,0,2,2,10,A01
202100021099,2,10,,0,2,8,2,B01
202100021100,1,7,,0,2,0,15,A01
202100021100,1,1,,0,2,0,1,B01
202100021101,1,7,,0,1,8,15,A01
202100021102,1,1,,0,2,8,1,B01
202100021102,1,7,,0,9,1,1,A01
202100021103,2,50,,0,2,1,1,B01
202100021103,2,7,,0,2,2,16,A01
202100021104,2,7,,0,9,2,1,A01
202100021104,1,60,,0,2,1,1,B01
202100021105,1,10,,0,1,1,1,A01
202100021106,2,7,,0,1,2,9,A01
202100021107,1,50,,0,2,1,2,B01
202100021107,1,37,1.0,0,2,2,1,A01
202100021108,3,7,,1,2,1,1,A01
202100021108,3,30,,1,2,1,5,B01
202100021109,3,7,,0,2,2,0,A01
202100021109,3,33,,0,2,1,0,B01
202100021110,1,40,,0,1,2,1,A01
202100021111,1,7,,0,2,8,1,B01
202100021111,2,10,,0,2,8,15,A01
202100021112,1,33,,0,2,7,2,B01
202100021112,0,7,,0,2,1,0,A01
202100021113,1,7,,0,2,4,2,A01
202100021113,1,10,,0,2,1,2,B01
202100021113,1,7,,0,2,1,2,C01
202100021114,1,31,,0,2,8,1,B01
202100021114,1,10,,0,2,2,9,A01
202100021115,2,7,,0,2,7,15,B01
202100021115,1,32,,0,2,1,1,A01
202100021116,3,50,,0,2,1,19,B01
202100021116,3,7,,0,2,8,1,A01
202100021117,2,32,,0,1,1,1,A01
202100021118,2,32,,0,2,1,17,A01
202100021118,2,10,,0,2,8,15,B01
202100021119,2,37,1.0,1,0,2,1,A01
202100021120,1,7,,8,0,1,1,A01
202100021121,1,1,,0,2,1,1,A01
202100021121,1,7,,0,2,5,26,Z01
202100021122,1,7,,0,2,1,1,A01
202100021122,1,7,,0,2,4,0,B01
202100021123,3,7,,0,1,2,9,A01
202100021124,1,7,,0,2,3,1,B01
202100021124,1,7,,0,2,5,12,A01
202100021125,1,10,,16,0,9,1,A01
202100021126,2,33,,0,2,8,15,B01
202100021126,1,7,,0,2,7,19,A01
202100021127,1,7,,4,0,3,13,A01
202100021128,1,7,,0,2,1,1,B01
202100021128,1,7,,0,2,3,15,A01
202100021129,1,7,,0,2,2,1,B01
202100021129,3,1,,0,2,8,19,A01
202100021130,1,10,,15,0,1,14,A01
202100021131,2,7,,0,0,2,1,A01
202100021132,3,7,,0,2,1,1,B01
202100021132,3,7,,0,2,1,15,A01
202100021133,1,20,,0,0,4,1,B01
202100021133,1,7,,0,2,1,1,A01
202100021134,3,7,,0,2,6,1,A01
202100021134,3,37,3.0,0,2,3,1,B01
202100021135,1,33,,0,2,1,0,A01
202100021135,2,7,,0,2,1,1,B01
202100021136,2,2,,12,0,1,1,A01
202100021137,3,7,,13,0,1,13,A01
202100021138,1,10,,13,2,2,13,A01