Num_Acc,senc,catv,occutc,obs,obsm,choc,manv,num_veh
202100021138,2,7,,13,2,1,1,B01
202100021139,1,30,,3,0,0,1,A01
202100021140,2,33,,0,2,7,17,A01
202100021140,2,21,,0,2,8,15,B01
202100021141,1,33,,0,2,3,1,B01
202100021141,3,7,,0,2,1,19,A01
202100021142,2,31,,0,0,0,1,A01
202100021143,1,7,,2,0,2,1,A01
202100021144,0,7,,0,0,0,0,A01
202100021145,2,7,,0,2,1,5,A01
202100021145,1,7,,0,2,1,1,B01
202100021146,2,7,,3,0,1,1,A01
202100021147,2,7,,0,2,1,1,B01
202100021147,1,33,,0,2,1,1,A01
202100021148,2,21,,0,2,3,1,B01
202100021148,1,33,,0,2,4,1,A01
202100021149,1,7,,0,2,1,1,B01
202100021149,2,7,,9,2,8,1,A01
202100021150,1,7,,13,0,1,1,A01
202100021151,1,33,,0,2,4,1,C01
202100021151,1,34,,0,2,8,15,B01
202100021151,1,33,,0,2,1,17,A01
202100021152,2,7,,0,1,3,1,A01
202100021153,1,7,,0,2,1,13,A01
202100021153,2,10,,0,2,2,1,B01
202100021154,0,7,,0,2,7,15,B01
202100021154,0,2,,0,2,1,1,A01
202100021155,3,7,,13,0,3,1,A01
202100021156,3,3,,6,0,1,25,A01
202100021157,1,33,,1,0,7,13,A01
202100021157,1,17,,0,0,4,24,B01
202100021158,2,33,,0,2,1,2,B01
202100021158,2,7,,0,0,6,2,A01
202100021159,3,7,,0,0,5,16,B01
202100021159,3,2,,0,2,1,1,A01
202100021160,3,2,,2,0,1,14,A01
202100021161,1,7,,3,2,2,1,A01
202100021161,1,14,,0,0,6,1,B01
202100021162,2,7,,0,2,3,1,B01
202100021162,1,2,,0,2,1,13,A01
202100021163,2,7,,4,0,5,0,A01
202100021163,2,7,,4,2,3,2,B01
202100021164,2,7,,3,0,4,2,A01
202100021164,2,15,,0,2,1,2,B01
202100021165,2,7,,0,2,1,1,B01
202100021165,1,7,,0,2,1,1,A01
202100021166,3,7,,0,2,3,1,A01
202100021166,3,30,,0,2,1,5,B01
202100021167,1,7,,8,0,8,15,A01
202100021168,3,2,,0,0,0,1,A01
202100021169,1,2,,0,2,1,2,B01
202100021169,1,7,,0,2,5,23,A01
202100021170,2,7,,2,0,1,21,A01
202100021171,1,33,,13,0,9,2,A01
202100021172,2,32,,3,0,8,1,A01
202100021173,3,7,,0,2,7,23,C01
202100021173,1,10,,0,2,7,19,B01
202100021173,1,7,,0,2,1,19,A01
202100021174,1,7,,0,2,8,9,A01
202100021174,1,33,,0,2,1,1,B01
202100021175,1,7,,7,2,5,15,A01
202100021175,1,7,,0,2,8,1,C01
202100021175,1,7,,0,2,3,1,B01
202100021176,2,7,,0,2,1,0,A01
202100021176,2,15,,0,2,4,1,B01
202100021177,2,33,,4,0,1,1,A01
202100021178,1,7,,6,0,1,15,A01
202100021179,1,2,,0,2,1,11,A01
202100021179,1,7,,0,2,5,11,B01
202100021180,0,10,,0,2,2,0,A01
202100021180,0,7,,0,0,3,0,B01
202100021181,2,43,,13,0,9,17,A01
202100021181,2,10,,0,0,-1,2,B01
202100021182,0,7,,2,0,7,1,A01
202100021183,1,80,,10,0,3,16,A01
202100021184,3,7,,0,2,2,1,B01
202100021184,3,10,,0,2,2,3,A01
202100021185,1,7,,0,0,3,15,A01
202100021185,1,2,,0,2,1,17,B01
202100021186,3,7,,0,0,3,15,B01
202100021186,3,7,,15,0,1,1,A01
202100021187,2,7,,0,0,8,19,A01
202100021187,2,32,,0,2,1,1,B01
202100021188,0,31,,8,0,7,14,A01
202100021189,1,33,,0,2,1,2,A01
202100021189,1,7,,0,2,4,2,B01
202100021190,1,33,,0,2,1,2,A01
202100021190,1,10,,0,0,6,2,B01
202100021191,1,7,,0,2,1,2,E01
202100021191,1,7,,0,2,1,0,D01
202100021191,1,7,,0,2,1,2,C01
202100021191,1,7,,0,2,4,1,A01
202100021191,1,7,,0,2,1,2,B01
202100021192,2,7,,0,2,4,1,A01
202100021192,2,13,,0,2,1,2,B01
202100021193,1,7,,0,2,8,1,B01
202100021193,1,7,,0,2,2,12,A01
202100021194,1,7,,0,2,1,18,A01
202100021194,1,31,,0,2,4,1,B01
202100021195,1,33,,0,2,1,3,A01
202100021195,1,7,,0,2,4,12,B01
202100021196,1,7,,0,2,4,2,D01
202100021196,1,7,,0,2,4,2,C01
202100021196,1,14,,0,2,1,2,A01
202100021196,1,7,,0,2,4,1,B01
202100021197,2,33,,0,0,0,26,A01
202100021198,2,7,,0,2,1,1,A01
202100021198,2,7,,0,2,4,1,B01
202100021199,2,7,,0,2,1,2,A01
202100021199,2,7,,0,2,4,2,B01
202100021200,1,7,,0,0,1,14,A01
202100021201,1,33,,0,2,1,21,A01
202100021201,1,7,,0,2,4,2,B01
202100021202,2,7,,0,2,6,2,B01
202100021202,2,7,,0,2,2,2,A01
202100021203,1,7,,4,0,2,13,A01
202100021204,1,7,,0,2,4,2,B01
202100021204,1,7,,0,2,1,2,A01
202100021205,2,7,,0,9,7,2,C01
202100021205,2,43,,0,9,1,2,B01
202100021205,2,10,,0,9,0,26,A01
202100021206,1,7,,4,0,3,1,A01
202100021207,2,7,,0,2,5,1,B01
202100021207,2,7,,0,2,2,1,A01
202100021208,3,7,,0,1,1,2,A01
202100021209,0,1,,1,0,1,1,B01
202100021209,0,7,,0,2,8,22,A01
202100021210,3,7,,0,1,1,1,A01
202100021211,2,13,,0,2,1,15,A01
202100021211,1,7,,0,0,3,1,B01
202100021212,1,7,,0,1,1,1,A01
202100021213,3,7,,0,1,8,15,A01
202100021214,1,7,,0,2,3,1,B01
202100021214,2,33,,0,2,3,1,A01
202100021215,1,7,,13,0,3,1,A01
202100021216,0,10,,0,1,1,1,A01
202100021217,1,7,,0,2,1,1,B01
202100021217,1,2,,0,2,7,9,A01
202100021218,1,32,,0,2,3,9,A01
202100021218,2,50,,0,2,1,1,B01
202100021219,2,7,,0,2,4,9,A01
202100021219,2,10,,0,2,1,9,B01
202100021220,0,7,,0,2,2,15,B01
202100021220,0,33,,0,2,1,1,A01
202100021221,1,7,,0,2,2,1,B01
202100021221,1,7,,0,2,6,23,A01
202100021222,1,50,,0,2,1,25,B01
202100021222,1,7,,0,9,2,15,A01
202100021223,1,1,,0,0,0,1,A01
202100021224,1,2,,0,0,0,1,A01
202100021225,1,7,,0,2,1,1,A01
202100021225,1,7,,0,2,4,23,C01
202100021225,1,7,,0,2,4,1,B01
202100021226,2,7,,1,0,2,14,A01
202100021227,2,7,,12,0,9,1,A01
202100021228,1,7,,0,2,4,23,A01
202100021228,1,7,,0,0,1,2,Z01
202100021229,2,7,,0,2,4,2,B01
202100021229,1,7,,0,2,1,2,A01
202100021230,0,15,,0,1,7,4,A01
202100021231,3,33,,0,2,1,1,B01
202100021231,3,7,,0,2,1,1,A01
202100021232,1,7,,0,2,0,0,C01
202100021232,2,10,,0,2,3,1,B01
202100021232,2,7,,0,2,3,17,A01
202100021233,1,7,,0,2,1,26,A01
202100021233,1,7,,0,2,4,2,B01
202100021234,0,7,,0,2,3,16,A01
202100021234,0,7,,0,2,2,1,B01
202100021235,1,10,,0,2,2,16,A01
202100021236,3,30,,16,0,8,2,A01
202100021237,1,2,,0,2,1,17,A01
202100021237,1,7,,0,2,6,1,B01
202100021238,1,40,,0,0,0,26,A01
202100021239,1,10,,0,2,1,19,B01
202100021239,1,30,,0,2,1,26,A01
202100021240,1,1,,0,2,6,2,B01
202100021240,2,7,,0,2,2,2,A01
202100021241,3,10,,0,9,1,9,A01
202100021241,3,1,,0,2,3,19,B01
202100021242,2,1,,0,2,1,1,B01
202100021242,2,7,,0,2,1,16,A01
202100021243,1,7,,8,2,7,1,A01
202100021243,1,7,,0,2,1,1,B01
202100021244,1,7,,0,1,7,1,A01
202100021245,1,1,,0,0,0,1,A01
202100021246,2,30,,0,2,3,17,A01
202100021246,1,7,,0,2,8,23,B01
202100021247,2,7,,0,2,8,1,B01
202100021247,1,7,,0,2,1,1,A01
202100021248,1,7,,12,0,2,0,A01
202100021249,3,1,,0,2,1,1,B01
202100021249,3,7,,0,9,8,1,A01
202100021250,0,7,,0,1,2,1,A01
202100021251,0,50,,0,2,0,0,B01
202100021251,0,15,,0,0,0,0,A01
202100021252,1,2,,0,2,2,14,A01
202100021252,1,7,,0,2,3,1,FB01
202100021253,1,7,,0,2,3,2,A01
202100021253,1,33,,0,2,4,2,B01
202100021254,2,7,,0,2,3,15,B01
202100021254,2,7,,8,2,2,17,A01
202100021255,1,7,,0,2,6,26,A01
202100021255,1,32,,0,2,1,1,B01
202100021256,1,7,,0,2,1,17,Z01
202100021256,1,7,,0,2,4,1,A01
202100021257,1,7,,14,0,2,15,A01
202100021258,1,7,,0,2,3,15,A01
202100021258,1,2,,0,2,1,1,B01
202100021259,1,2,,0,2,8,8,A01
202100021259,2,37,1.0,0,2,3,1,B01
202100021260,1,7,,0,1,7,1,A01
202100021261,1,1,,0,2,2,9,B01
202100021261,2,7,,0,2,3,9,A01
202100021262,2,7,,0,2,1,5,A01
202100021262,1,7,,0,2,1,1,B01
202100021262,1,7,,0,2,8,1,C01
202100021263,0,33,,0,2,4,23,A01
202100021263,0,7,,0,2,1,1,B01
202100021264,1,7,,0,2,2,15,B01
202100021264,1,33,,0,2,2,1,A01
202100021265,1,7,,0,2,2,13,A01
202100021265,2,2,,0,2,2,1,B01
202100021266,3,7,,0,2,3,15,A01
202100021266,3,2,,0,2,1,1,B01
202100021267,3,7,,0,2,1,0,A01
202100021267,3,33,,0,2,1,2,B01
202100021268,2,7,,0,2,1,2,A01
202100021268,2,7,,0,2,4,2,B01
202100021269,1,7,,0,1,2,1,A01
202100021270,2,37,1.0,0,1,1,1,A01
202100021271,1,7,,8,0,1,1,A01
202100021272,1,33,,0,2,1,17,A01
202100021272,2,7,,0,2,1,1,B01
202100021272,0,7,,0,2,8,1,C01
202100021273,1,7,,0,2,3,1,A01
202100021273,1,32,,0,0,0,0,B01
202100021274,2,7,,0,1,3,15,A01
202100021275,1,7,,14,0,2,14,A01
202100021276,3,7,,0,2,3,1,B01
202100021276,3,7,,0,2,1,9,A01
202100021277,2,1,,0,2,8,19,A01
202100021277,2,7,,0,2,1,1,B01
202100021278,1,33,,0,2,8,1,B01
202100021278,1,7,,0,2,8,16,A01
202100021279,3,7,,0,1,2,1,A01
202100021280,1,1,,0,2,1,1,B01
202100021280,2,1,,0,2,1,1,A01
202100021281,3,13,,0,9,1,26,A01
202100021281,3,31,,14,0,4,23,B01
202100021282,1,7,,0,2,1,2,A01
202100021282,1,7,,0,2,4,2,B01
202100021283,2,7,,0,2,4,2,C01
202100021283,2,7,,0,2,4,2,B01
202100021283,2,7,,0,2,1,2,A01
202100021284,1,32,,0,2,8,11,B01
202100021284,1,7,,0,2,2,5,A01
202100021285,3,34,,14,0,8,13,A01
202100021286,1,50,,0,1,3,1,A01
202100021287,1,10,,0,1,2,1,A01
202100021288,3,37,1.0,0,2,8,16,B01
202100021288,3,7,,0,2,2,1,A01
202100021289,1,7,,0,2,3,15,A01
202100021289,1,33,,0,2,7,1,B01
202100021290,1,32,,0,2,2,5,B01
202100021290,1,7,,0,2,8,15,A01
202100021291,1,34,,0,2,1,2,A01
202100021291,1,7,,0,2,5,16,Z01
202100021292,2,7,,0,2,3,22,A01
202100021292,2,80,,0,2,1,7,B01
202100021293,1,50,,0,2,7,1,A01
202100021293,1,7,,0,2,1,16,Z01
202100021294,1,7,,0,2,1,1,B01
202100021294,2,30,,0,2,1,17,A01
202100021295,2,1,,0,2,6,1,B01
202100021295,1,7,,0,2,3,15,A01
202100021296,2,7,,0,2,3,16,B01
202100021296,3,50,,0,2,1,7,A01
202100021297,1,7,,0,2,8,9,B01
202100021297,1,50,,0,2,8,25,A01
202100021298,2,31,,0,2,1,1,B01
202100021298,1,1,,0,2,7,15,A01
202100021299,1,7,,0,2,8,22,A01
202100021299,1,1,,0,2,1,17,B01
202100021300,1,30,,0,1,2,1,A01
202100021301,3,80,,0,0,0,1,A01
202100021302,2,50,,0,2,0,0,B01
202100021302,2,7,,0,2,7,1,A01
202100021303,1,7,,0,1,1,1,A01
202100021304,2,60,,0,2,1,1,B01
202100021304,2,7,,0,9,2,16,A01
202100021305,2,14,,0,2,2,1,A01
202100021305,1,7,,0,2,8,2,B01
202100021306,2,10,,0,2,1,19,A01
202100021306,1,10,,0,2,8,2,B01
202100021307,0,34,,0,2,1,26,A01
202100021307,0,7,,0,2,1,26,B01
202100021308,3,7,,0,2,6,1,B01
202100021308,3,10,,0,2,2,15,A01
202100021309,1,7,,0,2,4,1,B01
202100021309,1,7,,0,2,3,1,A01
202100021310,1,50,,0,0,1,26,A01
202100021310,2,41,,0,0,0,0,B01
202100021311,1,7,,0,2,1,2,B01
202100021311,2,3,,0,2,1,2,A01
202100021312,1,10,,0,1,3,26,A01
202100021313,3,7,,0,1,1,1,A01
202100021314,1,7,,0,2,2,14,B01
202100021314,1,7,,0,2,6,2,A01
202100021315,3,50,,0,2,3,0,B01
202100021315,3,10,,0,2,6,16,A01
202100021316,2,7,,1,0,1,14,A01
202100021317,1,7,,0,2,3,15,B01
202100021317,1,32,,0,2,7,1,A01
202100021318,3,30,,0,2,2,1,B01
202100021318,3,7,,0,2,3,15,A01
202100021319,2,7,,0,1,7,1,A01
202100021320,1,1,,0,2,8,1,B01
202100021320,1,7,,0,2,7,14,A01
202100021321,2,7,,0,2,4,23,B01
202100021321,2,2,,0,2,1,2,A01
202100021322,2,10,,0,2,3,1,B01
202100021322,1,2,,0,2,1,17,A01
202100021323,3,33,,0,2,1,1,A01
202100021323,0,7,,0,2,8,19,B01
202100021324,1,7,,0,2,7,1,A01
202100021324,1,33,,0,2,1,1,B01
202100021325,2,15,,0,0,3,2,B01
202100021325,1,7,,0,0,3,5,A01
202100021326,3,31,,12,0,0,1,A01
202100021327,1,7,,13,0,2,1,A01
202100021328,2,7,,0,1,1,1,A01
202100021329,2,33,,0,2,1,17,B01
202100021329,2,7,,0,2,3,15,A01
202100021330,0,7,,0,2,1,19,A01
202100021330,2,10,,0,2,2,1,B01
202100021331,2,1,,0,2,1,19,A01
202100021331,2,7,,0,9,2,1,B01
202100021332,1,7,,0,2,3,1,B01
202100021332,1,7,,0,0,2,15,A01
202100021333,2,7,,3,2,1,17,A01
202100021333,2,7,,0,0,4,1,B01
202100021334,2,15,,0,2,7,15,A01
202100021334,2,33,,0,2,1,1,B01
202100021335,1,33,,17,0,8,1,A01
202100021336,1,7,,0,2,7,17,A01
202100021336,1,33,,0,2,3,1,B01
202100021337,1,7,,0,2,3,19,A01
202100021337,2,7,,0,0,1,1,B01
202100021338,2,7,,0,0,8,11,A01
202100021338,2,10,,2,2,2,13,B01
202100021339,1,7,,0,2,6,19,A01
202100021339,2,7,,0,2,3,1,B01
202100021340,2,7,,0,2,3,2,B01
202100021340,2,1,,0,2,8,2,A01
202100021341,2,2,,0,2,1,1,B01
202100021341,1,7,,0,2,5,6,A01
202100021342,3,50,,0,2,6,1,A01
202100021342,3,7,,0,2,2,1,B01
202100021343,2,7,,13,0,0,1,A01
202100021344,2,33,,16,0,0,1,A01
202100021345,1,7,,0,2,3,2,A01
202100021345,1,7,,0,2,5,15,B01
202100021346,3,7,,0,2,3,15,B01
202100021346,3,1,,0,2,1,1,A01
202100021347,2,2,,0,0,6,9,A01
202100021347,2,7,,0,0,2,1,B01
202100021348,1,33,,0,2,1,17,B01
202100021348,1,7,,0,2,6,10,A01
202100021349,2,7,,7,0,1,0,A01
202100021350,2,10,,0,9,2,1,B01
202100021350,2,1,,0,0,4,1,A01
202100021351,3,7,,0,0,4,23,B01
202100021351,3,2,,0,2,1,2,A01
202100021352,1,33,,0,0,0,1,A01
202100021353,1,7,,2,0,1,14,A01
202100021354,1,7,,0,2,3,1,A01
202100021354,3,21,,0,2,2,1,B01
202100021355,2,7,,0,6,7,21,A01
202100021356,1,99,,0,0,4,2,B01
202100021356,1,7,,0,5,1,2,A01
202100021357,1,10,,0,1,5,2,A01
202100021358,3,7,,0,2,1,9,A01
202100021359,3,7,,0,2,1,15,B01
202100021359,2,7,,0,2,1,1,A01
202100021360,3,7,,0,2,4,23,C01
202100021360,3,7,,0,2,4,23,B01
202100021360,3,7,,14,0,1,1,A01
202100021361,2,33,,0,2,1,1,A01
202100021361,1,7,,0,2,2,1,B01
202100021362,2,7,,3,2,3,1,B01
202100021362,1,7,,3,2,1,13,A01
202100021363,2,7,,6,0,1,14,A01
202100021364,3,1,,0,2,0,1,B01
202100021364,3,7,,0,2,3,9,A01
202100021365,1,2,,0,2,1,1,B01
202100021365,2,10,,0,2,3,15,A01
202100021366,1,7,,0,0,2,2,A01
202100021366,1,1,,0,2,3,1,B01
202100021367,1,7,,0,2,2,15,A01
202100021367,2,33,,0,2,1,1,B01
202100021368,2,7,,0,2,3,1,B01
202100021368,1,33,,0,2,1,13,A01
202100021369,2,10,,0,2,3,1,A01
202100021369,1,7,,0,2,3,13,B01
202100021370,1,2,,0,2,3,23,A01
202100021370,1,7,,0,2,3,15,B01
202100021371,2,7,,4,0,0,1,A01
202100021372,1,7,,11,0,9,1,A01
202100021373,1,7,,0,2,3,1,C01
202100021373,2,7,,0,2,1,1,B01
202100021373,0,2,,0,2,8,9,A01
202100021374,1,2,,0,2,1,2,B01
202100021374,1,7,,0,9,6,2,A01
202100021375,0,32,,0,2,1,2,A01
202100021375,0,7,,0,0,6,15,B01
202100021376,3,7,,0,0,4,23,A01
202100021376,3,7,,0,2,4,23,B01
202100021376,3,7,,0,2,4,23,C01
202100021376,3,7,,0,2,1,1,D01
202100021377,3,10,,0,0,0,25,B01
202100021377,3,33,,7,0,0,21,A01
202100021378,1,7,,0,9,2,2,A01
202100021378,1,1,,0,2,4,2,B01
202100021378,1,1,,0,0,0,2,C01
202100021379,1,7,,0,1,2,1,A01
202100021380,2,30,,0,2,8,10,A01
202100021380,2,15,,0,2,1,1,B01
202100021381,2,7,,1,0,2,14,A01
202100021382,2,7,,13,0,2,1,A01
202100021383,3,2,,0,2,7,5,B01
202100021383,3,7,,0,2,1,15,A01
202100021384,1,33,,0,2,1,1,A01
202100021384,2,33,,0,2,2,0,B01
202100021385,1,7,,0,2,2,1,B01
202100021385,1,7,,7,2,7,19,A01
202100021386,2,1,,0,0,3,1,B01
202100021386,1,7,,0,9,3,1,A01
202100021387,0,7,,0,2,3,1,A01
202100021387,0,33,,0,2,1,1,B01
202100021388,0,7,,0,0,5,2,B01
202100021388,0,10,,0,2,3,2,A01
202100021389,3,7,,0,2,2,15,A01
202100021389,3,33,,0,2,1,1,B01
202100021390,1,7,,0,2,4,1,B01
202100021390,1,7,,0,2,1,2,A01
202100021391,1,7,,0,1,1,1,A01
202100021392,2,33,,0,0,8,26,A01
202100021393,2,7,,0,0,9,1,A01
202100021394,2,7,,3,0,1,2,A01
202100021394,2,15,,0,2,7,2,B01
202100021395,2,7,,4,0,6,1,A01
202100021396,2,32,,0,2,2,3,A01
202100021396,2,7,,0,2,8,11,B01
202100021397,1,33,,0,2,1,1,A01
202100021397,1,7,,0,2,4,2,B01
202100021398,1,33,,0,2,1,3,A01
202100021398,1,7,,0,2,6,1,B01
202100021399,1,33,,4,0,1,26,A01
202100021400,2,33,,0,2,1,3,A01
202100021400,2,7,,0,2,7,14,B01
202100021401,1,7,,0,2,1,1,A01
202100021401,1,7,,0,2,4,2,B01
202100021402,1,10,,14,0,1,2,A01
202100021403,1,7,,0,2,4,0,A01
202100021403,1,7,,0,2,4,0,B01
202100021403,1,10,,0,2,1,0,C01
202100021404,1,7,,0,2,5,2,B01
202100021404,1,33,,0,2,3,3,A01
202100021405,1,33,,0,2,1,26,B01
202100021405,1,21,,0,0,6,26,A01
202100021406,0,10,,1,1,1,16,A01
202100021407,2,7,,0,1,2,1,A01
202100021408,1,32,,0,1,1,1,A01
202100021409,1,7,,0,1,1,1,A01
202100021410,0,7,,14,1,1,1,A01
202100021411,1,13,,0,1,4,26,A01
202100021412,1,7,,0,2,8,0,B01
202100021412,1,7,,0,2,7,1,A01
202100021413,1,10,,1,2,7,1,A01
202100021413,1,1,,0,2,1,9,B01
202100021414,1,7,,0,2,2,9,A01
202100021414,2,7,,0,2,3,1,B01
202100021415,1,7,,0,1,4,20,A01
202100021416,1,50,,0,1,1,1,A01
202100021417,1,34,,0,2,7,9,A01
202100021417,1,7,,0,2,3,1,B01
202100021418,3,7,,8,0,2,1,A01
202100021419,2,7,,0,1,3,16,A01
202100021420,3,7,,1,0,4,2,B01
202100021420,3,32,,0,2,1,26,A01
202100021421,1,50,,0,2,1,1,B01
202100021421,1,7,,0,2,7,16,A01
202100021422,1,7,,0,2,8,15,B01
202100021422,1,80,,0,2,1,1,A01
202100021423,1,7,,4,0,1,0,A01
202100021424,1,10,,0,2,1,2,B01
202100021424,1,10,,0,2,4,2,A01
202100021425,1,7,,0,2,1,13,A01
202100021425,2,7,,0,2,1,1,B01
202100021426,2,10,,0,2,4,23,B01
202100021426,2,7,,0,2,4,23,C01
202100021426,2,7,,0,2,1,1,A01
202100021427,1,33,,0,2,1,1,B01
202100021427,1,7,,0,2,3,15,A01
202100021428,3,33,,0,2,2,1,B01
202100021428,3,7,,0,2,1,26,A01
202100021429,1,7,,0,2,5,0,A01
202100021429,2,2,,0,2,1,1,B01
202100021430,1,7,,0,1,1,15,A01
202100021431,3,10,,0,2,4,2,B01
202100021431,3,1,,0,2,1,2,A01
202100021432,3,7,,15,0,1,1,A01
202100021433,1,7,,0,2,1,16,A01
202100021433,1,1,,0,2,8,1,V01
202100021434,3,7,,0,1,1,1,A01
202100021435,1,1,,0,1,1,25,Z01
202100021436,2,7,,0,2,1,1,Z01
202100021436,1,50,,0,2,8,19,A01
202100021437,2,7,,0,2,4,15,B01
202100021437,2,7,,0,2,1,1,A01
202100021437,1,7,,0,2,1,1,D01
202100021437,1,7,,0,2,1,1,C01
202100021438,1,80,,0,2,8,1,B01
202100021438,1,7,,0,2,2,1,A01
202100021439,1,33,,0,2,8,1,B01
202100021439,2,7,,0,2,3,15,A01
202100021440,3,33,,0,2,1,9,A01
202100021440,3,1,,0,2,8,1,B01
202100021441,1,30,,0,1,1,17,A01
202100021442,1,30,,1,0,1,2,A01
202100021443,2,1,,0,1,1,26,BA01
202100021444,3,7,,0,9,1,1,A01
202100021444,3,1,,0,2,8,0,B01
202100021445,1,7,,1,2,3,9,A01
202100021445,2,2,,0,2,2,0,B01
202100021446,1,3,,0,1,1,1,A01
202100021447,1,1,,0,2,4,15,B01
202100021447,1,7,,0,2,1,17,A01
202100021448,2,7,,0,2,4,1,C01
202100021448,2,7,,0,2,4,2,B01
202100021448,2,7,,0,2,1,2,A01
202100021449,2,7,,0,6,1,1,A01
202100021450,1,34,,0,2,7,1,B01
202100021450,2,7,,0,2,1,9,A01
202100021451,0,7,,0,1,2,1,A01
202100021452,2,7,,0,2,1,1,A01
202100021452,2,3,,0,2,4,1,B01
202100021453,2,50,,0,2,3,10,B01
202100021453,2,7,,0,2,2,1,A01
202100021454,0,1,,0,0,0,0,B01
202100021454,0,7,,0,2,8,26,A01
202100021455,1,7,,0,2,7,15,A01
202100021455,2,33,,0,2,1,1,B01
202100021456,3,7,,0,2,1,1,B01
202100021456,3,7,,6,2,7,1,A01
202100021457,3,1,,0,2,0,2,B01
202100021457,3,7,,0,2,0,0,A01
202100021458,2,7,,0,2,1,18,A01
202100021458,2,7,,0,2,4,1,B01
202100021458,2,7,,0,2,4,1,C01
202100021459,3,7,,0,2,1,1,A01
202100021459,0,1,,0,2,8,1,B01
202100021460,0,32,,0,0,0,0,B01
202100021460,1,7,,0,2,1,15,A01
202100021461,0,80,,0,2,0,0,B01
202100021461,0,7,,0,2,0,9,A01
202100021462,2,30,,0,2,7,1,B01
202100021462,1,7,,0,2,7,20,A01
202100021463,3,7,,0,2,3,9,B01
202100021463,3,1,,0,2,0,0,A01
202100021464,1,7,,0,1,2,1,A01
202100021465,2,43,,0,1,2,1,A01
202100021466,1,33,,0,2,1,1,A01
202100021466,2,7,,0,0,7,15,B01
202100021467,1,7,,0,1,1,1,A01
202100021468,0,14,,0,2,1,11,A01
202100021468,0,37,3.0,0,2,6,20,B01
202100021469,1,7,,0,2,3,0,A01
202100021469,1,2,,0,2,1,0,B01
202100021470,3,37,1.0,0,2,2,1,B01
202100021470,3,7,,0,2,9,9,A01
202100021471,1,7,,0,2,0,9,A01
202100021471,1,1,,0,2,0,1,B01
202100021472,1,7,,0,2,2,1,B01
202100021472,2,7,,0,2,8,10,A01
202100021473,1,1,,0,2,8,1,B01
202100021473,1,7,,0,2,2,15,A01
202100021474,1,7,,1,0,0,4,A01
202100021474,0,7,,1,0,7,24,B01
202100021475,1,33,,0,2,2,1,B01
202100021475,2,10,,0,2,3,15,A01
202100021476,1,10,,0,2,2,10,A01
202100021476,2,33,,0,2,8,1,B01
202100021477,1,10,,0,2,5,15,B01
202100021477,2,1,,0,2,1,1,A01
202100021478,2,30,,0,2,1,1,A01
202100021478,1,7,,0,2,7,15,Z01
202100021479,2,1,,0,2,8,17,A01
202100021479,1,80,,0,2,8,1,B01
202100021480,1,10,,0,1,3,1,A01
202100021481,1,1,,0,0,1,1,A01
202100021482,1,7,,0,2,8,22,A01
202100021482,1,50,,0,2,2,1,B01
202100021483,1,30,,0,2,3,15,A01
202100021483,1,34,,0,2,1,2,B01
202100021484,2,30,,0,2,3,19,A01
202100021484,1,33,,1,2,3,1,B01
202100021485,1,7,,0,2,2,1,A01
202100021485,1,30,,0,2,1,1,B01
202100021486,2,80,,0,2,2,1,B01
202100021486,2,7,,0,2,3,9,A01
202100021487,1,30,,0,2,1,1,A01
202100021487,1,14,,0,2,3,16,B01
202100021488,2,50,,0,2,3,1,B01
202100021488,1,7,,0,2,2,15,A01
202100021489,1,7,,0,0,0,0,C01
202100021489,1,7,,0,2,1,26,B01
202100021489,2,7,,0,2,2,15,A01
202100021490,2,31,,0,2,1,1,B01
202100021490,1,7,,0,2,7,13,A01
202100021491,2,10,,1,0,1,1,A01
202100021491,2,7,,1,0,4,23,B01
202100021491,2,7,,1,0,4,23,C01
202100021492,2,1,,0,2,7,15,A01
202100021492,1,7,,0,2,2,1,B01
202100021493,0,7,,0,2,1,26,A01
202100021493,0,7,,0,2,4,2,B01
202100021493,0,10,,0,2,1,2,C01
202100021494,3,32,,0,2,4,1,B01
202100021494,3,3,,0,2,1,13,A01
202100021495,2,7,,0,2,3,23,A01
202100021495,2,1,,1,2,1,2,B01
202100021496,3,10,,0,2,7,6,A01
202100021496,1,43,,0,2,1,0,B01
202100021497,1,7,,0,2,2,16,A01
202100021497,1,32,,12,2,8,18,B01
202100021498,0,33,,0,2,0,15,A01
202100021498,0,34,,0,2,0,1,B01
202100021499,3,7,,0,2,6,26,A01
202100021499,3,2,,0,2,1,26,B01
202100021500,1,13,,0,2,3,1,B01
202100021500,1,7,,0,2,2,17,A01
202100021501,1,33,,1,0,2,14,A01
202100021502,0,1,,0,1,1,9,A01
202100021503,1,80,,0,1,0,1,A01
202100021504,1,80,,1,0,7,26,A01
202100021505,2,32,,1,0,1,13,A01
202100021506,2,33,,0,0,2,2,A01
202100021507,1,1,,0,2,4,1,B01
202100021507,1,7,,0,2,2,17,A01
202100021508,1,2,,9,0,1,26,A01
202100021509,1,7,,2,0,1,1,A01
202100021510,0,7,,0,2,1,1,B01
202100021510,0,33,,0,2,1,5,A01
202100021511,1,7,,2,0,1,0,A01
202100021512,2,7,,0,2,2,1,C01
202100021512,2,7,,0,2,3,1,B01
202100021512,1,7,,0,2,3,13,A01
202100021513,2,7,,2,0,1,14,A01
202100021514,1,10,,0,2,3,1,B01
202100021514,2,10,,0,2,3,5,A01