Num_Acc,senc,catv,occutc,obs,obsm,choc,manv,num_veh
202100021515,1,10,,0,0,8,1,B01
202100021515,2,2,,0,2,1,9,A01
202100021516,3,10,,0,2,3,1,B01
202100021516,3,7,,0,2,7,1,A01
202100021517,2,80,,0,2,7,1,B01
202100021517,2,7,,0,9,3,9,A01
202100021518,2,33,,0,2,2,17,A01
202100021518,1,7,,0,2,2,19,B01
202100021519,2,33,,0,2,1,1,B01
202100021519,1,10,,0,2,1,1,A01
202100021520,3,7,,2,0,3,0,A01
202100021521,2,32,,0,0,1,14,A01
202100021522,2,1,,0,2,1,1,B01
202100021522,1,7,,0,0,2,15,A01
202100021523,1,7,,2,0,1,1,A01
202100021524,1,7,,0,2,2,1,B01
202100021524,0,1,,0,2,2,19,A01
202100021525,2,33,,16,0,9,1,A01
202100021526,1,7,,4,0,1,10,A01
202100021527,1,21,,0,0,6,15,B01
202100021527,1,33,,0,0,7,21,A01
202100021528,1,2,,0,2,1,17,A01
202100021528,1,7,,0,2,3,11,B01
202100021529,2,7,,16,0,0,1,A01
202100021530,1,7,,0,1,1,23,A01
202100021531,2,10,,0,2,6,1,C01
202100021531,1,7,,0,2,3,1,B01
202100021531,2,31,,0,2,0,17,A01
202100021532,1,7,,13,2,3,13,A01
202100021532,2,14,,3,2,3,1,B01
202100021533,2,7,,13,2,6,17,A01
202100021533,2,15,,0,2,2,17,B01
202100021534,2,7,,13,0,1,1,A01
202100021535,1,7,,0,2,3,13,A01
202100021535,2,15,,0,2,3,1,B01
202100021535,2,7,,0,2,1,1,C01
202100021536,1,7,,6,0,1,15,A01
202100021537,2,17,,0,2,6,1,C01
202100021537,2,17,,0,2,2,1,B01
202100021537,1,7,,0,2,1,5,A01
202100021538,2,7,,0,2,1,5,A01
202100021538,0,33,,0,2,1,21,B01
202100021539,1,7,,3,2,3,13,A01
202100021539,1,15,,0,0,5,1,B01
202100021540,1,7,,1,0,1,1,A01
202100021541,1,7,,0,2,3,1,B01
202100021541,1,7,,0,2,5,23,A01
202100021542,1,7,,0,2,8,1,A01
202100021542,2,15,,0,0,6,1,B01
202100021543,2,7,,0,2,7,15,A01
202100021543,2,2,,0,2,1,15,B01
202100021544,1,31,,8,0,1,1,A01
202100021545,1,7,,0,2,1,13,A01
202100021545,2,7,,0,2,1,1,B01
202100021546,2,33,,0,9,1,1,A01
202100021547,0,7,,0,0,2,26,B01
202100021547,0,32,,0,2,1,25,A01
202100021548,0,7,,0,1,7,0,A01
202100021549,2,7,,13,0,9,14,A01
202100021550,1,31,,0,0,3,1,A01
202100021551,1,31,,0,0,7,1,A01
202100021552,1,2,,0,2,1,5,B01
202100021552,2,7,,0,2,1,1,A01
202100021553,1,15,,7,0,1,26,A01
202100021554,2,33,,0,2,8,1,A01
202100021554,2,7,,0,2,7,12,B01
202100021555,2,15,,0,2,1,2,A01
202100021555,2,10,,0,2,4,2,B01
202100021556,2,10,,0,2,4,2,B01
202100021556,2,7,,0,2,4,2,C01
202100021556,2,7,,0,2,1,2,A01
202100021557,1,17,,0,0,0,1,C01
202100021558,2,33,,0,2,1,3,A01
202100021558,2,7,,0,2,4,11,B01
202100021559,2,33,,0,0,5,1,A01
202100021560,1,7,,0,2,8,1,A01
202100021560,1,13,,0,2,7,9,Z01
202100021561,2,7,,0,2,1,2,A01
202100021561,2,10,,0,2,5,2,B01
202100021562,1,15,,1,2,4,24,A01
202100021562,1,33,,1,0,1,2,B01
202100021563,1,10,,4,2,5,1,B01
202100021563,1,32,,4,2,1,3,A01
202100021564,1,7,,0,2,4,23,A01
202100021564,1,7,,0,2,0,0,B01
202100021564,1,7,,0,2,0,26,C01
202100021565,2,31,,0,2,0,2,B01
202100021565,2,7,,0,2,5,2,A01
202100021566,1,7,,0,2,4,2,B01
202100021566,1,33,,0,2,1,2,A01
202100021567,2,7,,0,2,1,2,B01
202100021567,2,7,,0,2,4,2,A01
202100021568,1,10,,0,2,3,1,A01
202100021568,1,13,,0,2,2,14,B01
202100021569,2,7,,0,2,0,1,A01
202100021569,2,7,,0,2,5,1,B01
202100021570,1,3,,0,9,9,9,A01
202100021571,2,7,,0,2,2,12,A01
202100021571,2,33,,0,2,3,3,B01
202100021572,1,7,,0,2,3,1,B01
202100021572,2,1,,4,2,1,1,A01
202100021573,2,7,,0,2,2,9,A01
202100021573,1,1,,0,2,1,15,B01
202100021574,3,7,,1,0,2,20,A01
202100021575,1,7,,0,2,3,16,B01
202100021575,2,7,,8,2,1,19,A01
202100021576,1,7,,0,2,7,12,A01
202100021576,1,34,,0,2,1,2,B01
202100021577,1,7,,0,1,1,1,A01
202100021578,3,1,,0,2,8,19,B01
202100021578,3,30,,0,2,1,18,A01
202100021579,1,7,,0,2,2,16,A01
202100021579,2,50,,0,2,1,1,B01
202100021580,1,33,,0,2,7,1,B01
202100021580,2,7,,0,2,1,1,A01
202100021581,1,7,,9,0,2,21,A01
202100021582,1,33,,1,2,1,2,C01
202100021582,1,7,,1,2,1,2,B01
202100021582,1,7,,4,2,4,23,A01
202100021583,1,21,,0,0,8,0,A01
202100021584,1,34,,0,2,1,15,A01
202100021584,2,7,,0,2,2,1,B01
202100021585,1,38,1.0,0,2,2,19,A01
202100021585,2,31,,0,2,3,1,B01
202100021586,1,7,,0,2,1,1,B01
202100021586,2,7,,0,2,5,15,AA01
202100021587,3,33,,0,2,1,1,A01
202100021587,3,7,,0,2,3,10,B01
202100021588,1,2,,0,2,6,17,B01
202100021588,1,7,,0,0,6,26,A01
202100021589,2,10,,1,0,2,1,A01
202100021590,1,10,,0,9,3,15,A01
202100021590,2,1,,0,2,1,1,B01
202100021591,2,7,,0,2,6,13,B01
202100021591,2,33,,0,2,1,13,A01
202100021592,3,7,,0,9,3,1,B01
202100021592,3,50,,0,2,3,5,A01
202100021593,0,7,,0,2,1,1,B01
202100021593,0,7,,0,2,1,13,A01
202100021594,0,7,,1,0,1,1,A01
202100021595,1,7,,0,2,4,23,B01
202100021595,1,1,,0,2,1,2,A01
202100021596,3,1,,0,2,1,1,B01
202100021596,3,7,,0,9,2,15,A01
202100021597,3,7,,0,2,6,1,B01
202100021597,3,7,,1,2,2,13,A01
202100021598,1,7,,0,2,1,2,A01
202100021598,1,7,,0,2,4,2,B01
202100021599,1,7,,0,0,4,2,B01
202100021599,1,7,,0,2,1,2,A01
202100021600,0,7,,0,2,8,15,A01
202100021600,1,50,,0,2,1,1,B01
202100021601,2,7,,4,2,1,17,B01
202100021601,1,7,,0,2,1,5,A01
202100021602,2,7,,0,2,5,2,B01
202100021602,2,2,,1,2,1,2,A01
202100021603,2,33,,0,2,1,17,B01
202100021603,2,7,,0,2,6,15,A01
202100021604,2,7,,0,1,1,1,A01
202100021605,1,7,,1,0,9,1,A01
202100021606,2,7,,0,2,5,15,A01
202100021606,1,33,,0,2,1,2,B01
202100021607,3,7,,0,1,4,26,A01
202100021608,1,43,,0,0,0,1,A01
202100021609,1,10,,0,1,1,1,A01
202100021610,2,1,,0,2,4,1,B01
202100021610,2,7,,0,2,1,2,A01
202100021611,2,17,,0,2,1,17,B01
202100021611,2,7,,0,2,4,9,A01
202100021612,2,10,,0,2,1,15,A01
202100021612,1,1,,0,2,7,1,B01
202100021613,1,1,,0,0,7,26,A01
202100021614,1,7,,0,2,4,2,B01
202100021614,1,10,,0,2,1,2,A01
202100021615,3,7,,0,2,3,1,B01
202100021615,3,7,,0,2,1,13,A01
202100021616,1,33,,0,2,1,2,B01
202100021616,1,7,,0,2,3,15,A01
202100021617,1,7,,0,2,1,1,B01
202100021617,1,50,,0,2,7,19,A01
202100021618,3,7,,0,2,1,1,A01
202100021618,3,7,,0,2,7,1,B01
202100021619,3,7,,0,2,1,1,B01
202100021619,3,7,,0,2,4,1,A01
202100021619,3,7,,0,2,1,1,C01
202100021620,3,33,,0,2,1,1,B01
202100021620,3,10,,0,2,8,1,A01
202100021621,2,7,,0,2,2,16,A01
202100021621,2,50,,0,2,1,1,B01
202100021622,2,1,,0,2,8,15,B01
202100021622,2,7,,0,2,2,17,A01
202100021623,2,32,,0,2,1,15,A01
202100021623,1,7,,0,2,3,1,B01
202100021624,1,7,,6,1,1,19,A01
202100021624,1,7,,0,0,6,2,B01
202100021625,1,7,,0,2,4,2,D01
202100021625,1,7,,0,2,4,2,C01
202100021625,1,7,,0,2,4,2,B01
202100021625,1,10,,0,2,1,2,A01
202100021626,0,7,,-1,-1,-1,1,A01
202100021627,1,7,,0,2,4,2,B01
202100021627,1,7,,0,2,1,2,A01
202100021628,1,10,,0,2,1,2,A01
202100021628,1,7,,3,2,4,2,B01
202100021628,1,7,,0,2,4,2,C01
202100021628,1,7,,0,2,4,0,D01
202100021629,1,33,,0,2,1,1,B01
202100021629,1,7,,0,2,1,9,A01
202100021630,1,33,,0,0,8,21,A01
202100021631,1,7,,1,0,1,0,A01
202100021631,1,7,,12,0,6,0,B01
202100021632,2,32,,0,0,1,2,B01
202100021632,2,7,,0,0,3,10,A01
202100021633,0,32,,0,1,1,1,A01
202100021634,1,7,,0,2,7,1,Z01
202100021634,1,1,,0,2,8,0,B01
202100021635,2,33,,0,2,1,1,A01
202100021635,1,7,,0,2,5,15,B01
202100021636,2,7,,0,2,2,15,A01
202100021636,0,2,,0,2,1,1,B01
202100021637,3,1,,0,2,8,19,B01
202100021637,3,7,,0,2,1,17,A01
202100021638,0,7,,0,1,4,20,A01
202100021639,2,7,,0,1,2,1,A01
202100021640,1,7,,2,0,2,14,A01
202100021641,0,7,,0,1,3,1,A01
202100021642,1,32,,0,2,7,13,A01
202100021642,1,7,,0,2,8,9,B01
202100021643,2,33,,0,2,1,3,A01
202100021643,2,7,,12,2,3,15,B01
202100021644,2,7,,0,2,5,2,B01
202100021644,2,31,,0,2,3,2,A01
202100021645,1,7,,0,1,1,1,A01
202100021646,1,7,,0,2,3,1,A01
202100021646,2,30,,0,2,1,1,Z01
202100021647,2,30,,14,0,1,17,A01
202100021648,2,7,,0,2,4,23,A01
202100021648,2,7,,0,2,1,1,B01
202100021649,1,32,,0,1,1,1,A01
202100021650,2,30,,0,2,8,1,B01
202100021650,2,10,,0,2,1,1,A01
202100021651,1,50,,0,0,0,1,A01
202100021652,2,7,,0,2,1,16,A01
202100021652,2,50,,0,2,3,1,B01
202100021653,0,50,,0,2,1,1,A01
202100021653,2,7,,0,2,2,1,B01
202100021654,2,7,,0,2,1,14,Z01
202100021654,2,31,,0,2,4,16,A01
202100021655,2,50,,0,1,7,25,A01
202100021656,2,7,,0,1,3,15,A01
202100021657,2,32,,0,2,2,1,B01
202100021657,2,10,,0,2,3,10,A01
202100021658,0,30,,0,0,1,1,A01
202100021659,2,7,,0,2,4,2,B01
202100021659,2,7,,0,2,0,0,A01
202100021660,1,33,,0,2,1,1,B01
202100021660,1,10,,0,2,2,15,A01
202100021661,1,32,,0,2,4,23,B01
202100021661,1,7,,0,2,1,2,A01
202100021662,0,7,,0,2,1,26,A01
202100021662,0,7,,0,2,4,26,B01
202100021663,0,99,,0,2,3,9,A01
202100021663,0,2,,0,2,1,26,B01
202100021664,2,50,,15,0,1,25,A01
202100021665,1,7,,0,1,1,15,A01
202100021666,2,7,,0,2,1,21,A01
202100021666,3,7,,0,2,8,9,B01
202100021667,2,7,,0,2,1,15,B01
202100021667,1,7,,2,2,6,1,A01
202100021668,1,7,,0,1,8,0,A01
202100021669,1,7,,1,2,3,13,A01
202100021669,2,37,1.0,0,2,3,1,B01
202100021670,1,1,,0,2,1,1,B01
202100021670,1,7,,0,2,5,15,A01
202100021671,1,7,,0,2,0,0,A01
202100021671,1,1,,0,2,1,1,B01
202100021672,1,7,,0,1,3,15,A01
202100021673,2,7,,0,2,7,17,A01
202100021673,2,2,,0,2,8,15,B01
202100021674,2,33,,0,2,1,1,B01
202100021674,2,7,,0,2,3,19,A01
202100021675,3,7,,0,2,3,26,A01
202100021675,3,7,,0,2,2,1,B01
202100021676,1,17,,0,0,9,1,A01
202100021677,3,32,,0,1,0,26,A01
202100021678,2,7,,0,2,1,1,B01
202100021678,1,7,,0,2,2,15,A01
202100021679,1,7,,7,0,1,1,A01
202100021680,2,7,,4,2,3,1,B01
202100021680,1,7,,0,2,1,1,A01
202100021681,1,7,,0,2,1,2,A01
202100021681,1,15,,0,0,4,2,B01
202100021682,1,7,,0,2,1,0,A01
202100021682,1,33,,0,2,5,9,B01
202100021683,1,10,,0,0,8,15,B01
202100021683,1,33,,0,2,1,17,A01
202100021684,1,7,,0,2,6,13,A01
202100021684,1,33,,0,2,3,21,B01
202100021684,2,7,,0,2,1,26,C01
202100021685,3,1,,0,0,0,0,A01
202100021686,1,7,,3,0,8,1,A01
202100021687,0,33,,4,0,1,1,A01
202100021688,2,7,,3,0,9,14,A01
202100021689,2,7,,0,2,3,16,B01
202100021689,1,7,,0,2,2,1,A01
202100021690,1,33,,0,2,1,1,B01
202100021690,2,7,,0,2,3,13,A01
202100021691,3,7,,0,2,1,1,A01
202100021691,3,7,,0,2,3,13,B01
202100021692,3,33,,16,0,1,1,A01
202100021693,2,7,,0,2,8,1,B01
202100021693,1,33,,0,2,3,13,A01
202100021694,1,7,,0,2,1,5,A01
202100021694,2,7,,0,2,1,1,B01
202100021695,2,15,,0,0,7,15,B01
202100021695,1,2,,0,2,1,1,A01
202100021696,2,10,,2,0,1,1,A01
202100021697,2,33,,0,0,8,1,A01
202100021698,2,7,,0,2,2,17,B01
202100021698,2,7,,0,0,6,1,A01
202100021699,1,7,,13,0,1,0,A01
202100021700,2,33,,0,2,1,1,B01
202100021700,0,7,,0,2,8,9,A01
202100021701,1,21,,3,0,8,2,A01
202100021702,1,33,,0,0,1,1,A01
202100021703,2,32,,12,0,1,17,A01
202100021704,2,7,,13,0,1,14,A01
202100021705,0,7,,0,1,1,1,A01
202100021706,2,7,,0,2,1,1,B01
202100021706,1,7,,0,2,1,3,A01
202100021707,2,7,,0,2,1,1,B01
202100021707,1,7,,0,2,3,13,A01
202100021708,3,2,,0,0,8,16,A01
202100021708,3,7,,0,2,2,1,B01
202100021709,2,7,,0,2,7,19,A01
202100021709,1,7,,0,2,1,15,B01
202100021710,1,33,,0,2,1,1,B01
202100021710,1,7,,0,0,2,15,A01
202100021711,2,33,,15,0,1,1,A01
202100021712,1,33,,16,0,7,16,A01
202100021713,1,33,,0,2,1,1,E01
202100021713,2,10,,5,2,3,13,A01
202100021713,1,33,,3,2,3,1,B01
202100021713,1,33,,0,2,1,1,C01
202100021713,1,33,,0,2,2,1,D01
202100021714,1,7,,0,9,3,1,B01
202100021714,2,17,,6,0,3,6,A01
202100021715,1,2,,6,0,7,1,A01
202100021716,1,7,,0,2,3,17,A01
202100021716,2,31,,0,2,1,1,B01
202100021717,2,17,,0,0,4,2,B01
202100021717,2,10,,0,2,1,2,A01
202100021718,0,7,,0,1,3,15,A01
202100021719,1,7,,0,2,2,15,B01
202100021719,2,33,,0,0,7,21,A01
202100021720,2,33,,0,2,1,1,B01
202100021720,2,7,,0,9,8,15,A01
202100021721,2,33,,9,0,1,0,A01
202100021722,1,33,,6,0,1,1,A01
202100021723,2,33,,14,0,1,2,A01
202100021724,3,80,,0,2,1,19,B01
202100021724,3,7,,0,9,2,19,A01
202100021725,1,7,,0,2,3,1,C01
202100021725,2,7,,0,2,4,15,B01
202100021725,2,10,,0,2,1,1,A01
202100021726,2,10,,0,0,8,15,A01
202100021726,2,33,,1,2,7,17,B01
202100021727,1,7,,0,0,5,1,A01
202100021727,1,33,,0,2,1,1,B01
202100021728,2,7,,0,2,3,1,A01
202100021728,1,7,,13,2,2,1,B01
202100021729,1,10,,0,2,3,13,A01
202100021729,2,33,,0,2,1,1,C01
202100021729,2,33,,0,2,1,1,B01
202100021730,0,7,,2,0,3,0,A01
202100021731,2,7,,0,2,2,19,A01
202100021731,2,50,,0,2,1,1,B01
202100021732,0,33,,0,2,3,0,B01
202100021732,1,7,,0,2,4,2,A01
202100021733,1,7,,0,2,6,1,A01
202100021733,1,7,,0,2,2,12,B01
202100021734,1,32,,0,9,7,2,A01
202100021735,2,43,,0,2,2,1,C01
202100021735,2,7,,0,2,6,1,A01
202100021735,2,7,,0,2,6,1,B01
202100021736,1,10,,0,2,1,2,Z01
202100021736,1,7,,0,2,4,2,B01
202100021736,1,7,,0,2,3,26,A01
202100021737,2,7,,3,2,1,2,A01
202100021737,2,7,,3,2,4,1,B01
202100021737,2,17,,0,2,8,1,C01
202100021738,2,14,,0,2,3,13,A01
202100021738,2,7,,0,2,2,1,B01
202100021739,1,14,,0,2,3,2,A01
202100021739,1,7,,0,2,1,2,B01
202100021739,1,15,,1,2,4,2,C01
202100021740,2,33,,0,2,1,3,A01
202100021740,2,7,,0,2,4,1,B01
202100021741,2,7,,0,2,5,1,B01
202100021741,2,33,,0,2,5,3,A01
202100021742,2,7,,0,2,1,1,A01
202100021742,2,7,,0,2,4,2,B01
202100021743,1,10,,0,2,4,1,B01
202100021743,1,7,,0,2,1,1,A01
202100021744,2,7,,0,2,2,1,A01
202100021744,2,13,,0,2,0,14,B01
202100021744,2,0,,0,2,0,12,Z01
202100021745,1,7,,0,2,8,1,B01
202100021745,1,31,,0,2,1,3,A01
202100021746,2,7,,0,0,1,12,A01
202100021747,1,7,,0,2,4,0,B01
202100021747,1,7,,0,2,1,0,A01
202100021748,1,31,,0,2,1,3,A01
202100021748,1,7,,0,2,5,1,B01
202100021749,2,33,,0,1,0,1,A01
202100021750,2,7,,0,1,1,1,A01
202100021751,1,7,,0,1,1,1,A01
202100021752,2,7,,0,1,2,19,A01
202100021753,1,30,,0,2,1,1,A01
202100021753,1,7,,0,2,5,1,B01
202100021754,1,7,,0,2,4,2,B01
202100021754,1,7,,0,0,1,2,A01
202100021755,1,7,,0,2,8,15,B01
202100021755,3,7,,0,2,1,1,A01
202100021756,2,1,,0,2,1,1,A01
202100021756,2,7,,1,0,4,23,B01
202100021757,1,7,,0,2,1,1,C01
202100021757,1,7,,0,2,1,2,B01
202100021757,1,10,,0,2,1,2,A01
202100021758,1,17,,0,0,8,1,C01
202100021758,1,7,,0,0,3,13,A01
202100021759,2,3,,0,2,1,2,A01
202100021759,2,7,,0,2,4,1,B01
202100021760,2,7,,0,2,1,13,A01
202100021760,1,7,,0,2,1,1,B01
202100021761,1,7,,0,1,1,1,A01
202100021762,1,30,,0,2,1,2,A01
202100021762,3,7,,16,0,2,2,B01
202100021763,2,7,,0,2,1,1,A01
202100021763,2,7,,0,9,4,1,B01
202100021764,2,33,,0,2,1,3,B01
202100021764,1,7,,0,2,2,15,GA01
202100021765,-1,7,,0,2,3,16,A01
202100021765,2,7,,0,2,3,26,B01
202100021766,1,7,,0,1,3,1,A01
202100021767,2,7,,0,2,1,15,A01
202100021767,0,50,,0,2,1,1,B01
202100021768,2,7,,9,0,8,1,A01
202100021769,1,10,,0,2,8,15,B01
202100021769,1,2,,0,2,7,17,A01
202100021770,1,7,,0,1,1,1,A01
202100021771,1,30,,0,2,1,1,A01
202100021771,3,7,,0,2,3,1,B01
202100021772,2,7,,0,9,2,15,A01
202100021772,2,7,,0,2,0,23,T01
202100021772,1,1,,0,2,1,1,B01
202100021773,2,13,,0,2,1,17,A01
202100021773,2,50,,0,2,4,15,B01
202100021774,2,7,,0,2,4,1,E01
202100021774,2,7,,0,2,4,2,D01
202100021774,2,7,,0,2,4,2,C01
202100021774,2,7,,0,2,4,2,B01
202100021774,2,10,,0,2,1,2,A01
202100021775,2,7,,6,0,2,14,A01
202100021776,3,7,,0,1,1,26,A01
202100021777,2,7,,0,2,8,15,B01
202100021777,2,7,,0,2,1,5,A01
202100021778,1,7,,0,2,7,1,A01
202100021778,1,60,,0,2,8,1,B01
202100021779,0,7,,0,2,3,1,B01
202100021779,0,7,,1,2,1,1,A01
202100021780,2,7,,0,2,7,9,A01
202100021780,2,17,,0,2,3,9,B01
202100021781,2,33,,0,0,7,1,A01
202100021782,1,50,,0,0,1,26,A01
202100021783,1,10,,0,1,1,19,A01
202100021784,2,7,,0,2,4,23,A01
202100021784,2,7,,0,2,1,2,B01
202100021785,3,7,,0,2,6,19,A01
202100021785,1,10,,0,2,1,1,B01
202100021786,3,7,,0,2,7,9,A01
202100021786,3,31,,0,2,1,1,B01
202100021787,2,7,,0,2,1,1,A01
202100021787,2,7,,0,2,4,1,B01
202100021788,2,10,,1,0,2,1,B01
202100021788,2,7,,0,2,8,22,A01
202100021789,0,7,,0,2,4,1,B01
202100021789,0,31,,0,2,1,1,A01
202100021790,1,31,,0,2,1,17,B01
202100021790,2,7,,0,2,8,15,A01
202100021791,1,33,,6,0,0,26,A01
202100021792,0,7,,4,0,1,1,A01
202100021793,3,7,,0,1,4,26,A01
202100021794,3,7,,0,2,1,1,A01
202100021794,3,10,,0,2,8,1,B01
202100021795,3,7,,0,2,2,2,A01
202100021795,3,7,,0,2,6,2,B01
202100021795,3,7,,0,2,4,2,C01
202100021796,1,10,,0,2,1,2,A01
202100021796,1,10,,0,2,1,2,B01
202100021796,1,10,,0,2,1,2,C01
202100021797,1,60,,0,2,1,19,B01
202100021797,1,7,,0,2,3,1,A01
202100021798,1,7,,0,2,1,12,A01
202100021798,1,7,,0,2,4,1,B01
202100021798,1,7,,0,2,4,1,C01
202100021798,1,7,,0,2,4,1,D01
202100021799,2,7,,0,2,4,2,A01
202100021799,2,10,,0,2,1,2,Z01
202100021800,2,30,,0,2,4,1,C01
202100021800,1,7,,0,2,2,15,B01
202100021800,2,7,,0,2,3,1,A01
202100021801,2,1,,0,2,1,1,B01
202100021801,2,7,,0,2,8,22,A01
202100021802,0,10,,0,2,1,1,A01
202100021802,0,7,,0,2,4,1,B01
202100021803,0,7,,0,1,3,15,A01
202100021804,1,50,,0,2,8,1,B01
202100021804,2,7,,0,2,8,16,A01
202100021805,3,34,,0,2,7,17,B01
202100021805,3,7,,0,2,0,1,A01
202100021806,2,7,,1,0,3,14,A01
202100021807,1,50,,0,2,1,13,Z01
202100021807,2,50,,0,2,1,1,A01
202100021808,1,7,,0,2,5,1,B01
202100021808,1,7,,0,2,3,13,A01
202100021809,1,7,,0,2,8,5,A01
202100021809,1,7,,0,2,1,1,B01
202100021810,2,7,,0,2,3,1,B01
202100021810,1,50,,0,2,2,1,A01
202100021811,1,37,1.0,0,1,7,1,Z01
202100021812,1,7,,1,1,2,17,A01
202100021813,0,32,,0,2,7,26,B01
202100021813,0,7,,14,2,7,5,A01
202100021814,3,1,,8,0,1,1,A01
202100021815,1,7,,0,2,6,15,B01
202100021815,1,32,,0,2,1,13,A01
202100021816,2,33,,1,0,1,1,A01
202100021817,1,7,,12,0,1,16,A01
202100021818,0,7,,0,2,1,9,A01
202100021818,0,7,,0,2,3,19,B01
202100021819,1,7,,9,0,9,0,A01
202100021820,1,7,,0,0,8,15,B01
202100021820,1,50,,0,2,1,1,A01
202100021821,2,7,,1,0,2,9,A01
202100021821,1,31,,0,2,7,1,B01
202100021822,1,33,,1,0,7,2,B01
202100021822,1,7,,16,0,3,26,A01
202100021823,1,1,,0,0,1,1,Y01
202100021824,2,7,,0,2,5,15,B01
202100021824,1,34,,0,2,1,1,A01
202100021825,3,30,,0,0,8,26,A01
202100021826,1,7,,0,1,1,1,A01
202100021827,1,7,,0,2,1,0,B01
202100021827,1,7,,0,2,1,1,A01
202100021828,2,7,,9,2,0,11,Z01
202100021828,1,2,,0,2,0,21,B01
202100021829,2,80,,0,0,3,0,A01
202100021830,2,7,,0,2,2,17,B01
202100021830,2,7,,16,2,6,1,A01
202100021831,3,7,,13,0,1,1,A01
202100021832,1,7,,4,0,1,0,A01
202100021833,2,7,,0,2,7,17,B01
202100021833,2,7,,0,2,8,13,A01
202100021834,1,2,,0,2,1,18,A01
202100021834,1,7,,0,2,2,16,B01
202100021835,2,2,,0,2,1,1,B01
202100021835,2,7,,0,0,3,15,A01
202100021836,2,7,,0,2,8,15,A01
202100021836,1,30,,0,2,8,0,B01
202100021837,0,33,,0,2,1,1,B01
202100021837,0,7,,0,2,2,19,A01
202100021838,2,7,,3,2,1,2,B01
202100021838,2,7,,3,0,4,12,A01
202100021839,1,2,,0,6,2,2,A01
202100021840,2,7,,13,0,2,0,A01
202100021841,0,7,,0,2,2,19,B01
202100021841,2,33,,0,2,1,1,A01
202100021842,1,7,,8,0,6,1,A01
202100021843,2,10,,0,2,2,15,A01
202100021843,1,99,,0,0,8,1,B01
202100021844,1,7,,13,0,2,14,A01
202100021845,1,7,,0,2,1,13,A01
202100021845,2,7,,0,2,1,1,B01
202100021846,1,33,,0,2,2,17,A01
202100021846,1,7,,0,0,3,15,B01
202100021847,3,33,,0,0,2,1,A01
202100021848,3,7,,0,2,3,1,B01
202100021848,3,33,,0,2,3,1,A01
202100021849,0,7,,0,2,1,1,B01
202100021849,0,7,,0,2,7,15,A01
202100021850,2,7,,2,0,8,13,A01
202100021851,1,33,,0,2,6,15,B01
202100021851,1,7,,0,2,2,2,A01
202100021852,2,33,,13,0,0,1,A01
202100021853,1,33,,0,2,1,1,B01
202100021853,2,7,,0,2,1,15,A01
202100021854,2,7,,13,0,1,13,A01
202100021855,1,7,,13,0,1,1,A01
202100021856,3,10,,0,1,5,0,A01
202100021857,1,33,,9,0,9,2,A01
202100021858,1,10,,0,0,6,2,A01
202100021858,1,33,,0,0,1,2,B01
202100021859,1,7,,0,2,1,1,B01
202100021859,2,7,,0,2,7,13,A01
202100021860,2,33,,0,0,0,1,A01
202100021861,2,7,,3,2,3,5,A01
202100021861,1,15,,0,2,3,21,B01
202100021862,3,7,,0,1,4,20,A01
202100021863,3,36,,0,2,3,1,A01
202100021863,3,21,,0,2,1,1,B01
202100021864,2,10,,0,0,4,11,B01
202100021864,2,33,,0,2,1,2,A01
202100021865,1,7,,15,0,1,0,A01
202100021866,1,7,,0,2,2,17,B01
202100021866,1,1,,0,2,1,15,A01
202100021867,3,7,,0,2,8,9,A01
202100021867,2,33,,0,2,1,1,B01
202100021868,2,7,,0,2,3,26,A01
202100021868,2,7,,0,2,6,1,B01
202100021869,0,7,,0,2,1,19,A01
202100021869,2,7,,0,2,8,1,B01
202100021870,2,7,,0,2,3,9,A01
202100021870,2,33,,0,2,5,1,B01
202100021871,1,7,,6,0,1,1,A01
202100021872,2,7,,0,0,1,1,A01
202100021873,2,7,,0,0,6,15,B01
202100021873,1,7,,0,0,2,1,C01
202100021873,2,33,,0,2,1,13,A01
202100021874,1,7,,0,2,3,13,A01
202100021874,2,7,,0,2,3,1,B01
202100021875,2,7,,13,0,2,2,A01
202100021876,1,1,,0,0,3,2,B01
202100021876,1,31,,0,9,2,17,A01
202100021877,3,7,,0,0,1,15,A01
202100021877,3,33,,0,2,1,1,B01
202100021878,3,7,,0,2,3,1,A01
202100021878,3,30,,0,2,1,1,B01
202100021879,2,7,,13,0,1,1,A01
202100021880,2,7,,0,1,2,1,A01
202100021881,1,7,,0,1,2,1,A01
202100021882,1,32,,0,2,1,26,B01
202100021882,1,7,,0,2,7,15,A01
202100021883,2,2,,12,0,8,11,A01
202100021884,2,7,,13,0,1,19,A01
202100021885,2,33,,0,5,1,1,A01
202100021886,1,7,,0,2,7,15,B01
202100021886,2,7,,0,2,1,10,A01
202100021887,1,7,,0,2,1,0,B01
202100021887,1,33,,0,2,7,2,A01
202100021888,1,7,,0,2,3,1,B01
202100021888,2,7,,0,2,3,0,A01
202100021889,2,80,,0,2,1,13,A01
202100021889,1,99,,0,9,6,1,B01
202100021890,1,31,,12,0,7,1,A01
202100021891,1,7,,0,2,8,1,B01
202100021891,2,7,,3,2,0,14,A01
202100021892,1,7,,0,2,4,2,A01
202100021892,1,7,,0,2,4,2,B01
202100021892,1,7,,0,2,1,2,C01