Num_Acc,senc,catv,occutc,obs,obsm,choc,manv,num_veh
202100021893,2,7,,0,-1,4,0,A01
202100021893,2,7,,0,2,4,0,C01
202100021893,2,10,,0,2,4,0,B01
202100021894,1,7,,2,0,9,14,A01
202100021895,2,15,,0,2,0,0,Z01
202100021895,2,33,,0,2,7,1,A01
202100021896,2,15,,0,2,1,2,A01
202100021896,2,15,,0,2,4,2,B01
202100021897,2,7,,0,2,4,2,C01
202100021897,2,7,,0,2,4,2,B01
202100021897,2,7,,0,2,1,2,A01
202100021898,2,7,,0,2,1,5,A01
202100021898,1,7,,0,2,2,1,B01
202100021898,1,7,,0,2,0,1,C01
202100021899,2,7,,0,1,1,1,A01
202100021900,2,33,,0,2,1,21,B01
202100021900,2,7,,0,2,6,1,A01
202100021901,2,7,,0,2,4,0,B01
202100021901,2,7,,0,2,2,2,A01
202100021902,2,7,,0,2,1,1,A01
202100021902,2,43,,0,2,4,3,B01
202100021902,2,7,,0,2,3,1,C01
202100021903,2,33,,0,2,1,3,A01
202100021903,2,7,,0,2,4,2,B01
202100021904,2,34,,0,2,1,2,B01
202100021904,2,7,,0,2,4,2,A01
202100021905,1,7,,0,2,4,2,B01
202100021905,1,7,,0,2,1,2,A01
202100021906,1,7,,13,0,9,0,A01
202100021907,1,7,,0,2,2,12,A01
202100021907,2,7,,0,2,8,1,B01
202100021908,2,7,,16,2,1,3,A01
202100021909,2,1,,0,2,0,1,B01
202100021909,2,15,,0,2,7,17,A01
202100021910,1,31,,1,0,1,26,A01
202100021911,3,34,,1,2,7,1,B01
202100021911,3,7,,1,2,2,15,A01
202100021912,1,7,,0,2,2,1,B01
202100021912,2,30,,0,2,1,5,A01
202100021913,1,7,,0,2,2,12,A01
202100021913,1,7,,0,2,9,1,B01
202100021914,3,7,,0,1,1,1,A01
202100021915,2,30,,0,2,1,3,B01
202100021915,2,7,,0,2,6,1,A01
202100021916,3,7,,6,0,1,26,A01
202100021917,2,7,,0,1,1,26,A01
202100021918,2,7,,0,2,1,1,B01
202100021918,3,7,,0,2,3,15,A01
202100021919,2,2,,0,2,8,2,B01
202100021919,2,10,,0,2,3,5,A01
202100021920,3,50,,0,2,1,1,B01
202100021920,3,37,1.0,0,2,3,15,A01
202100021921,1,10,,0,2,1,17,A01
202100021921,1,1,,0,2,4,1,B01
202100021922,2,1,,0,0,0,1,A01
202100021923,2,7,,0,2,1,11,A01
202100021923,1,1,,0,2,1,15,B01
202100021924,1,7,,0,2,3,15,A01
202100021924,2,7,,0,2,3,19,B01
202100021925,3,1,,0,2,1,0,B01
202100021925,3,7,,0,2,1,15,A01
202100021926,2,30,,0,9,1,1,A01
202100021926,1,1,,0,2,1,14,B01
202100021927,3,32,,0,2,1,1,B01
202100021927,3,7,,0,2,8,15,A01
202100021928,3,7,,0,2,1,2,A01
202100021928,3,7,,0,2,1,2,B01
202100021928,3,7,,0,2,5,1,C01
202100021929,3,7,,0,1,2,16,A01
202100021930,2,2,,0,0,8,1,A01
202100021931,1,7,,1,0,1,2,A01
202100021932,2,7,,0,1,1,26,A01
202100021933,1,7,,13,0,2,1,A01
202100021934,3,7,,2,0,1,1,A01
202100021935,1,1,,0,2,1,1,B01
202100021935,1,7,,0,2,8,1,A01
202100021936,1,7,,13,0,0,0,A01
202100021937,1,7,,0,2,3,13,A01
202100021937,2,7,,0,2,6,1,B01
202100021938,0,7,,0,1,4,20,A01
202100021939,1,31,,0,2,8,9,A01
202100021939,1,7,,0,2,7,0,B01
202100021940,1,7,,0,2,1,13,A01
202100021940,2,7,,0,2,1,1,B01
202100021941,2,2,,0,2,7,0,B01
202100021941,2,7,,0,2,8,9,A01
202100021942,2,7,,0,2,2,1,B01
202100021942,2,7,,0,2,8,10,A01
202100021943,3,7,,0,2,1,15,A01
202100021943,3,31,,0,2,0,0,B01
202100021944,3,7,,0,0,3,0,B01
202100021944,3,7,,0,0,3,11,A01
202100021945,1,7,,0,2,4,2,C01
202100021945,1,7,,0,2,4,2,B01
202100021945,1,7,,4,2,1,13,A01
202100021946,2,7,,0,2,6,10,A01
202100021946,2,33,,0,2,1,1,B01
202100021947,1,30,,11,0,6,13,A01
202100021948,2,32,,1,1,1,5,A01
202100021949,2,43,,0,2,7,1,B01
202100021949,2,30,,0,2,2,1,A01
202100021950,1,30,,0,2,1,13,A01
202100021950,2,7,,0,2,1,1,B01
202100021951,2,32,,0,1,1,1,A01
202100021952,2,50,,0,1,1,1,A01
202100021953,2,7,,0,1,5,20,A01
202100021954,2,30,,0,2,4,11,A01
202100021954,2,7,,0,2,2,1,Z01
202100021955,1,50,,14,0,3,11,A01
202100021956,1,30,,8,0,1,9,A01
202100021957,1,7,,0,2,1,2,A01
202100021957,1,7,,0,2,4,1,B01
202100021958,1,7,,15,2,3,16,B01
202100021958,1,7,,0,2,2,2,A01
202100021959,1,32,,0,2,4,1,B01
202100021959,1,7,,0,2,1,13,A01
202100021960,3,10,,0,1,4,26,A01
202100021961,1,7,,0,2,2,15,A01
202100021961,1,2,,0,2,3,1,B01
202100021962,3,7,,4,0,4,11,B01
202100021962,0,7,,4,2,1,13,A01
202100021963,1,7,,1,0,3,13,A01
202100021964,2,1,,0,2,3,13,A01
202100021964,1,7,,0,2,3,1,B01
202100021965,1,7,,0,2,3,1,B01
202100021965,2,7,,0,2,3,13,A01
202100021966,2,7,,2,0,9,14,A01
202100021967,1,33,,0,2,8,1,A01
202100021967,1,10,,0,2,4,17,B01
202100021968,3,7,,13,0,9,14,A01
202100021969,1,10,,0,2,1,1,B01
202100021969,2,7,,0,2,3,5,A01
202100021970,2,1,,0,2,1,1,B01
202100021970,2,7,,0,9,8,15,A01
202100021971,2,2,,0,2,3,15,A01
202100021971,2,7,,0,2,2,17,B01
202100021972,1,7,,0,9,1,1,C01
202100021972,2,7,,0,2,3,2,B01
202100021972,2,7,,0,2,7,19,A01
202100021973,2,7,,0,2,3,1,B01
202100021973,1,33,,0,2,3,14,A01
202100021974,2,7,,0,2,2,15,A01
202100021974,1,2,,0,2,1,1,B01
202100021975,2,7,,2,0,1,1,A01
202100021976,1,10,,2,0,1,6,A01
202100021977,1,7,,13,0,2,0,A01
202100021978,1,33,,12,0,3,15,A01
202100021979,1,36,,0,0,0,1,A01
202100021980,0,1,,0,0,0,1,A01
202100021981,0,2,,0,2,1,5,A01
202100021981,0,7,,0,2,3,1,B01
202100021982,1,33,,0,2,1,17,B01
202100021982,1,33,,0,2,1,17,C01
202100021982,1,7,,0,2,3,19,A01
202100021983,1,7,,0,2,2,1,A01
202100021983,1,30,,0,0,4,2,B01
202100021984,2,99,,0,2,8,1,C01
202100021984,1,7,,0,2,8,13,A01
202100021985,2,33,,13,0,0,1,A01
202100021986,1,3,,0,9,1,9,A01
202100021986,1,80,,0,2,7,1,B01
202100021987,3,7,,16,0,0,14,A01
202100021988,2,7,,0,1,1,0,A01
202100021989,1,31,,13,0,0,21,A01
202100021990,1,3,,13,0,9,0,A01
202100021991,1,7,,13,0,3,16,A01
202100021992,3,2,,2,0,0,1,A01
202100021993,2,7,,16,0,1,1,A01
202100021994,1,33,,0,2,1,17,A01
202100021994,2,33,,0,2,1,1,B01
202100021995,2,15,,0,2,2,1,B01
202100021995,1,7,,0,2,2,13,A01
202100021996,2,33,,0,0,2,1,A01
202100021997,1,1,,0,0,0,0,A01
202100021998,3,7,,0,9,2,11,A01
202100021998,0,80,,0,2,7,19,B01
202100021999,1,7,,0,2,1,1,A01
202100021999,1,10,,0,0,4,26,B01
202100022000,0,7,,0,2,3,15,A01
202100022000,0,15,,0,2,3,1,B01
202100022001,1,7,,0,2,7,15,A01
202100022001,2,33,,0,2,1,1,B01
202100022002,2,1,,0,0,4,1,B01
202100022002,2,0,,0,9,2,0,A01
202100022003,3,2,,0,2,1,0,B01
202100022003,3,7,,0,2,3,0,A01
202100022004,1,2,,0,0,0,0,A01
202100022005,1,33,,0,2,1,1,B01
202100022005,2,7,,0,0,5,15,A01
202100022006,1,7,,0,2,3,1,B01
202100022006,2,7,,0,2,3,17,A01
202100022007,1,7,,0,2,8,19,A01
202100022007,2,10,,0,2,3,1,C01
202100022007,1,7,,0,2,1,1,B01
202100022008,2,15,,7,0,7,14,A01
202100022009,1,7,,4,0,3,13,A01
202100022010,2,33,,6,0,1,13,A01
202100022011,3,1,,0,2,1,1,B01
202100022011,3,7,,0,2,1,15,A01
202100022012,1,7,,0,2,4,11,A01
202100022012,1,7,,0,2,2,14,B01
202100022012,1,7,,0,2,6,11,C01
202100022013,1,7,,0,2,4,23,A01
202100022013,1,7,,0,2,1,0,B01
202100022013,1,7,,0,2,1,0,C01
202100022013,1,7,,0,2,1,0,D01
202100022013,1,7,,1,2,1,0,E01
202100022014,2,33,,0,2,1,17,A01
202100022014,1,7,,0,2,6,15,B01
202100022015,2,7,,0,9,2,13,A01
202100022015,1,1,,0,2,1,14,B01
202100022016,1,33,,4,0,2,1,A01
202100022017,2,33,,0,2,1,21,B01
202100022017,1,10,,0,0,5,15,A01
202100022018,1,7,,0,0,4,1,B01
202100022018,1,7,,0,2,1,1,A01
202100022019,1,2,,0,2,4,1,B01
202100022019,2,7,,0,2,4,11,A01
202100022020,3,2,,0,2,8,10,B01
202100022020,3,2,,0,2,1,1,A01
202100022021,2,7,,0,0,1,0,A01
202100022022,1,31,,0,2,1,17,A01
202100022022,2,7,,0,2,3,1,B01
202100022023,2,7,,0,2,3,1,C01
202100022023,2,7,,0,2,0,1,D01
202100022023,1,7,,0,2,6,11,A01
202100022023,1,33,,0,2,2,17,B01
202100022024,1,7,,0,2,1,1,A01
202100022024,1,7,,6,2,2,15,B01
202100022025,1,1,,0,2,4,1,B01
202100022025,1,7,,0,2,1,2,A01
202100022026,2,7,,13,0,2,1,A01
202100022027,1,33,,0,0,0,21,A01
202100022028,1,33,,7,0,2,17,A01
202100022029,1,7,,0,2,3,21,B01
202100022029,2,7,,0,2,3,13,A01
202100022030,1,7,,0,2,1,2,B01
202100022030,1,7,,0,0,4,2,A01
202100022031,2,7,,0,2,1,2,A01
202100022031,2,7,,0,0,4,2,B01
202100022032,1,7,,3,0,2,0,A01
202100022033,2,7,,0,2,8,11,A01
202100022033,2,33,,0,2,7,3,B01
202100022034,1,10,,4,2,3,1,A01
202100022034,1,7,,0,2,8,0,B01
202100022035,1,7,,0,2,4,1,A01
202100022035,1,7,,0,2,1,1,B01
202100022036,2,7,,0,2,8,1,B01
202100022036,2,7,,0,2,4,1,C01
202100022036,2,7,,0,2,1,1,A01
202100022037,2,7,,4,2,1,2,A01
202100022037,2,7,,4,2,4,2,B01
202100022038,2,7,,3,2,1,2,A01
202100022038,2,7,,3,2,6,11,B01
202100022039,1,7,,0,2,1,2,A01
202100022039,1,7,,0,2,4,2,B01
202100022040,2,7,,0,2,1,2,A01
202100022040,2,7,,0,2,4,2,B01
202100022041,1,7,,3,0,3,13,A01
202100022042,2,7,,0,1,1,1,B01
202100022043,2,7,,0,2,4,0,B01
202100022043,2,7,,0,2,2,14,A01
202100022044,1,7,,0,2,2,13,A01
202100022044,2,7,,0,2,6,1,B01
202100022045,1,7,,6,2,3,14,A01
202100022045,1,7,,6,2,6,1,B01
202100022046,2,7,,0,2,2,1,B01
202100022046,2,7,,0,2,1,1,C01
202100022046,2,7,,4,2,6,11,A01
202100022047,2,7,,0,2,1,9,A01
202100022047,2,7,,0,2,7,1,B01
202100022048,1,7,,0,1,3,10,A01
202100022049,2,7,,0,1,1,1,A01
202100022050,1,32,,0,2,0,0,B01
202100022050,2,10,,0,2,5,15,A01
202100022051,3,30,,0,2,1,26,B01
202100022051,2,7,,0,2,3,9,A01
202100022052,1,7,,13,0,0,1,A01
202100022053,3,7,,0,9,8,2,B01
202100022053,3,1,,0,2,0,0,A01
202100022054,3,30,,0,2,1,1,B01
202100022054,3,30,,0,2,1,13,A01
202100022055,3,7,,0,2,1,0,A01
202100022055,2,7,,0,2,2,0,B01
202100022056,1,10,,0,2,1,21,A01
202100022056,1,7,,0,2,4,26,B01
202100022057,1,14,,0,2,6,1,C01
202100022057,1,10,,0,2,3,1,B01
202100022057,1,7,,0,2,1,14,A01
202100022058,2,2,,0,2,1,1,B01
202100022058,1,7,,0,2,1,15,A01
202100022059,1,7,,0,2,2,15,A01
202100022059,2,32,,0,2,7,0,VB01
202100022060,2,33,,0,2,3,1,B01
202100022060,2,7,,0,2,1,15,A01
202100022061,1,7,,1,0,0,0,B01
202100022061,1,7,,1,0,3,0,A01
202100022062,3,43,,0,2,5,2,B01
202100022062,3,7,,0,2,3,4,A01
202100022063,3,7,,1,2,3,15,A01
202100022063,3,2,,0,2,1,1,B01
202100022064,2,7,,0,1,3,1,A01
202100022065,1,33,,0,0,7,1,A01
202100022066,2,7,,0,2,1,5,A01
202100022066,2,7,,0,2,1,1,B01
202100022067,2,7,,0,2,1,26,B01
202100022067,2,2,,0,2,1,16,A01
202100022068,3,7,,0,2,3,13,A01
202100022068,3,7,,0,2,3,1,B01
202100022069,3,33,,0,2,0,1,B01
202100022069,3,7,,0,9,1,15,A01
202100022070,1,7,,0,2,3,15,B01
202100022070,2,30,,0,2,2,17,A01
202100022071,3,7,,0,9,3,1,A01
202100022071,3,1,,0,2,2,19,B01
202100022072,3,7,,0,1,3,1,A01
202100022073,2,7,,0,2,2,1,A01
202100022073,1,7,,0,2,3,26,B01
202100022074,1,7,,0,1,1,1,A01
202100022075,3,7,,0,2,4,2,B01
202100022075,3,7,,0,2,1,2,A01
202100022076,1,7,,0,2,1,2,A01
202100022076,1,7,,0,2,1,2,B01
202100022076,1,7,,0,2,4,2,C01
202100022076,1,7,,0,2,4,0,D01
202100022077,1,1,,0,2,7,1,B01
202100022077,3,7,,0,2,3,9,A01
202100022078,3,7,,0,2,4,23,B01
202100022078,3,7,,0,2,1,1,A01
202100022079,1,7,,0,2,4,1,B01
202100022079,1,7,,0,2,2,17,A01
202100022080,2,7,,0,2,2,1,A01
202100022080,1,32,,0,2,1,1,B01
202100022081,1,7,,0,2,3,13,A01
202100022081,1,99,,0,2,8,19,B01
202100022081,1,7,,0,0,0,0,C01
202100022082,3,7,,0,2,1,1,A01
202100022082,3,32,,0,2,2,1,B01
202100022083,1,31,,0,2,1,1,A01
202100022083,2,7,,0,2,3,1,B01
202100022084,1,7,,0,2,1,1,A01
202100022084,1,7,,0,2,4,20,B01
202100022085,1,7,,0,1,1,15,A01
202100022086,0,99,,0,2,8,26,A01
202100022087,1,1,,1,2,1,1,B01
202100022087,2,7,,0,2,8,20,A01
202100022088,1,7,,8,0,9,21,A01
202100022089,1,10,,0,2,7,15,A01
202100022089,3,2,,0,2,1,12,B01
202100022090,2,33,,9,0,2,14,A01
202100022091,3,7,,0,2,3,1,B01
202100022091,3,7,,0,2,3,1,A01
202100022092,3,7,,0,0,4,0,D01
202100022092,0,7,,0,2,4,0,C01
202100022092,1,7,,0,2,4,0,B01
202100022092,1,10,,0,2,1,0,A01
202100022093,3,7,,0,2,3,16,A01
202100022093,0,1,,0,0,0,0,B01
202100022094,2,30,,0,2,1,17,A01
202100022094,2,7,,0,2,3,1,B01
202100022095,0,7,,0,1,2,0,A01
202100022096,1,34,,0,0,1,5,A01
202100022096,1,7,,0,0,7,1,B01
202100022097,1,7,,8,0,1,13,A01
202100022098,3,7,,0,1,3,1,A01
202100022099,2,7,,0,2,1,1,A01
202100022099,2,7,,0,2,4,23,B01
202100022099,2,7,,0,2,4,23,C01
202100022100,1,10,,0,2,1,1,B01
202100022100,1,7,,14,0,4,2,A01
202100022101,3,33,,0,2,1,1,B01
202100022101,3,7,,0,9,3,15,A01
202100022102,1,7,,0,2,3,9,A01
202100022102,1,32,,0,2,1,17,B01
202100022103,2,32,,3,0,1,14,A01
202100022104,1,7,,0,2,6,12,B01
202100022104,1,33,,0,2,1,3,A01
202100022105,1,7,,0,2,5,12,B01
202100022105,1,33,,0,2,1,3,A01
202100022106,0,1,,0,2,0,1,B01
202100022106,1,7,,0,2,1,16,A01
202100022107,3,30,,1,0,1,1,A01
202100022108,2,7,,2,0,1,13,Z01
202100022109,1,33,,0,1,1,1,A01
202100022110,1,30,,0,2,2,17,B01
202100022110,1,7,,0,2,3,15,A01
202100022111,2,30,,0,1,1,1,A01
202100022112,1,7,,0,2,0,14,Z01
202100022112,1,30,,0,2,3,1,A01
202100022113,2,50,,0,1,1,1,A01
202100022114,1,7,,0,2,3,15,A01
202100022114,2,32,,0,2,8,1,B01
202100022115,1,7,,1,0,2,14,A01
202100022116,1,7,,0,2,2,15,A01
202100022116,2,30,,0,2,3,16,B01
202100022117,1,50,,0,0,0,1,A01
202100022118,1,7,,0,2,8,22,Z01
202100022118,1,50,,0,2,1,1,A01
202100022119,2,30,,0,0,7,0,A01
202100022120,3,7,,0,2,1,1,A01
202100022120,3,7,,0,2,4,23,B01
202100022121,2,7,,1,0,3,1,A01
202100022122,1,7,,0,2,1,9,B01
202100022122,1,7,,0,0,4,9,A01
202100022123,1,10,,0,1,8,1,A01
202100022124,1,30,,0,1,0,0,A01
202100022125,2,99,,0,2,1,26,B01
202100022125,2,30,,0,2,4,23,A01
202100022126,1,7,,0,1,5,20,A01
202100022127,1,2,,0,2,3,18,A01
202100022127,1,7,,0,2,7,1,B01
202100022128,2,1,,0,0,6,1,A01
202100022129,1,34,,0,2,0,1,B01
202100022129,1,7,,0,2,0,1,A01
202100022130,1,7,,0,0,0,1,A01
202100022130,2,30,,0,0,0,1,B01
202100022131,1,7,,0,2,2,16,B01
202100022131,2,1,,0,2,1,5,A01
202100022132,3,31,,8,0,1,13,A01
202100022133,2,7,,0,2,3,15,A01
202100022133,2,33,,0,2,1,1,B01
202100022134,1,7,,2,0,2,1,A01
202100022135,1,7,,2,0,2,13,A01
202100022136,2,7,,3,0,2,14,A01
202100022137,1,33,,13,0,2,1,A01
202100022138,1,7,,2,0,9,1,A01
202100022139,2,43,,7,0,1,0,A01
202100022140,1,21,,0,1,5,14,A01
202100022141,3,7,,14,2,1,16,A01
202100022141,3,7,,0,0,8,23,B01
202100022142,2,7,,0,2,2,12,A01
202100022142,2,17,,0,0,6,1,B01
202100022143,2,33,,0,0,1,1,B01
202100022143,1,7,,0,0,2,19,A01
202100022144,1,7,,0,2,6,19,A01
202100022144,1,2,,0,2,1,1,B01
202100022145,1,32,,0,2,1,1,B01
202100022145,2,7,,0,2,3,13,A01
202100022146,1,7,,0,2,6,19,A01
202100022146,2,7,,0,2,3,15,B01
202100022147,3,2,,0,0,8,1,A01
202100022148,3,7,,13,0,3,1,A01
202100022149,3,7,,0,0,3,1,A01
202100022149,3,7,,0,0,2,1,B01
202100022150,2,10,,16,0,9,1,A01
202100022151,3,99,,13,0,9,10,A01
202100022152,1,7,,0,5,0,1,A01
202100022153,1,2,,0,0,1,0,A01
202100022154,3,2,,0,0,8,1,A01
202100022155,0,7,,2,0,1,14,A01
202100022156,1,7,,0,2,2,13,A01
202100022156,1,1,,0,2,8,1,B01
202100022157,3,7,,13,0,2,1,A01
202100022158,1,7,,0,0,4,15,B01
202100022158,1,7,,0,2,1,17,A01
202100022159,1,7,,0,2,8,9,A01
202100022159,2,7,,0,2,2,1,B01
202100022160,3,7,,0,1,2,1,A01
202100022161,2,7,,0,2,2,1,B01
202100022161,1,33,,0,6,1,0,A01
202100022162,1,7,,0,2,3,15,B01
202100022162,3,7,,0,2,1,1,A01
202100022163,3,7,,0,1,1,1,A01
202100022164,2,36,,6,0,1,0,A01
202100022165,3,7,,0,9,2,1,A01
202100022165,3,1,,0,2,1,15,B01
202100022166,2,7,,0,0,3,1,A01
202100022167,3,7,,15,0,7,1,A01
202100022168,2,7,,0,2,1,1,B01
202100022168,1,7,,0,2,7,1,A01
202100022169,3,2,,0,0,0,1,A01
202100022170,3,33,,0,2,1,17,A01
202100022170,3,7,,0,2,8,19,B01
202100022171,1,31,,0,0,8,15,B01
202100022171,1,7,,0,2,2,17,A01
202100022172,2,33,,15,2,1,1,B01
202100022172,2,7,,0,2,3,10,A01
202100022173,3,32,,0,2,1,17,A01
202100022173,3,7,,0,2,3,15,B01
202100022174,0,7,,0,2,1,1,B01
202100022174,0,7,,0,2,1,1,A01
202100022175,1,2,,0,2,1,17,A01
202100022175,1,7,,0,0,8,15,B01
202100022176,2,33,,0,2,1,1,B01
202100022176,3,10,,0,2,5,19,A01
202100022177,1,7,,0,0,1,13,A01
202100022178,2,7,,7,0,7,14,A01
202100022179,1,10,,16,0,9,13,A01
202100022180,1,7,,0,1,1,1,A01
202100022181,1,2,,6,0,0,0,A01
202100022182,1,33,,0,2,1,21,D01
202100022182,1,7,,0,2,3,21,C01
202100022182,1,7,,0,2,1,21,B01
202100022182,2,7,,0,2,1,13,A01
202100022183,1,7,,6,0,1,21,A01
202100022184,1,7,,0,1,2,1,A01
202100022185,0,33,,0,0,0,1,A01
202100022186,3,33,,6,0,9,0,A01
202100022187,1,33,,3,0,3,2,A01
202100022188,2,7,,0,0,4,1,B01
202100022188,2,33,,0,2,1,2,A01
202100022189,1,7,,6,0,3,1,A01
202100022190,1,33,,0,2,1,5,A01
202100022190,2,7,,0,2,2,1,B01
202100022191,1,1,,0,2,3,19,B01
202100022191,2,7,,0,9,1,15,A01
202100022192,1,7,,2,0,7,14,A01
202100022193,1,7,,2,0,0,1,A01
202100022194,3,2,,0,2,1,1,A01
202100022194,3,2,,0,0,1,17,B01
202100022195,3,7,,0,0,1,1,A01
202100022195,3,1,,7,0,8,1,B01
202100022196,0,7,,13,0,1,1,A01
202100022197,0,1,,0,0,3,1,B01
202100022197,0,7,,0,9,5,17,A01
202100022198,2,7,,16,0,3,21,A01
202100022199,3,7,,0,1,8,1,A01
202100022200,1,7,,6,0,8,1,A01
202100022201,1,7,,0,2,1,2,B01
202100022201,1,7,,0,2,4,1,A01
202100022202,1,7,,0,2,2,1,A01
202100022202,1,17,,0,2,6,1,B01
202100022203,2,7,,3,2,7,1,B01
202100022203,2,10,,3,2,1,17,A01
202100022204,1,7,,13,0,1,0,A01
202100022205,2,7,,0,2,4,1,B01
202100022205,2,7,,0,2,4,1,C01
202100022205,2,7,,0,2,7,1,D01
202100022205,2,7,,0,2,6,1,E01
202100022205,2,7,,0,2,1,1,A01
202100022206,2,33,,4,0,0,1,A01
202100022207,1,10,,0,2,1,1,A01
202100022207,1,10,,0,2,4,2,B01
202100022208,2,7,,0,2,4,26,B01
202100022208,2,7,,0,2,4,2,A01
202100022209,2,7,,0,1,1,26,A01
202100022210,0,7,,0,1,4,26,A01
202100022211,1,7,,0,1,2,1,A01
202100022212,2,7,,14,2,4,23,C01
202100022212,2,7,,0,2,5,1,A01
202100022212,2,7,,0,2,1,1,B01
202100022213,2,7,,0,2,8,15,A01
202100022213,2,37,2.0,0,2,2,1,B01
202100022214,3,32,,0,2,3,1,A01
202100022215,2,10,,13,0,7,1,A01
202100022216,3,7,,0,2,1,1,B01
202100022216,3,7,,0,2,1,13,A01
202100022217,2,1,,0,2,7,15,B01
202100022217,1,7,,0,2,3,1,A01
202100022218,1,7,,12,2,8,1,A01
202100022218,2,3,,0,2,3,13,B01
202100022219,3,7,,0,2,3,15,B01
202100022219,3,43,,0,2,1,1,A01
202100022220,2,7,,6,1,1,21,A01
202100022220,1,7,,0,2,1,10,B01
202100022221,1,7,,0,2,0,0,A01
202100022221,2,16,,0,2,0,0,Z01
202100022222,2,36,,6,0,1,26,A01
202100022223,2,7,,0,2,5,15,A01
202100022223,2,33,,0,2,1,1,B01
202100022224,2,7,,0,2,6,2,B01
202100022224,2,33,,0,2,1,2,A01
202100022225,2,7,,0,2,4,2,B01
202100022225,2,7,,0,2,1,2,A01
202100022226,2,33,,0,2,1,1,B01
202100022226,1,7,,0,2,1,15,A01
202100022227,3,7,,15,0,1,1,A01
202100022228,3,2,,8,0,0,10,A01
202100022229,2,2,,0,2,1,0,B01
202100022229,2,7,,0,2,8,0,A01
202100022230,2,7,,2,2,0,1,B01
202100022230,3,7,,0,2,1,26,A01
202100022231,3,37,2.0,0,4,2,1,A01
202100022231,0,40,,0,2,8,1,B01
202100022232,1,7,,0,2,1,1,B01
202100022232,1,7,,0,2,1,15,A01
202100022233,1,7,,0,2,3,15,A01
202100022233,2,1,,0,2,0,1,B01
202100022234,1,7,,0,2,3,9,A01
202100022234,1,33,,0,2,7,1,B01
202100022235,2,2,,0,2,8,2,B01
202100022235,2,7,,0,2,1,2,A01
202100022236,1,13,,0,2,1,2,A01
202100022236,1,7,,0,2,4,1,B01
202100022236,1,7,,0,2,4,1,C01
202100022236,1,7,,0,2,4,1,D01
202100022236,1,10,,0,2,4,1,E01
202100022237,1,7,,0,2,4,2,B01
202100022237,1,7,,0,2,1,2,A01
202100022238,2,30,,0,0,1,1,A01
202100022239,1,33,,14,0,1,13,A01
202100022240,1,31,,0,2,1,0,B01
202100022240,1,7,,0,2,5,0,A01
202100022241,2,7,,0,2,1,1,B01
202100022241,1,7,,1,2,1,19,A01
202100022242,3,7,,0,2,0,16,Z01
202100022242,3,1,,0,2,6,2,A01
202100022243,3,7,,14,0,1,26,A01
202100022243,3,7,,0,2,1,23,B01
202100022244,2,99,,12,0,0,2,A01
202100022245,3,7,,0,1,2,15,A01
202100022246,2,7,,15,0,1,26,A01
202100022247,1,7,,0,2,7,15,A01
202100022247,2,33,,0,2,1,1,B01
202100022248,3,7,,0,2,3,1,A01
202100022248,1,7,,0,2,5,1,B01
202100022249,1,7,,0,2,2,1,B01
202100022249,1,7,,0,2,5,1,C01
202100022249,1,7,,0,2,3,1,A01
202100022250,3,7,,0,4,7,17,A01
202100022250,3,40,,0,2,8,1,B01
202100022251,1,7,,0,9,2,16,A01
202100022251,1,1,,0,2,8,1,B01
202100022252,1,33,,0,2,1,1,B01
202100022252,1,7,,0,2,6,20,A01
202100022253,2,1,,0,2,7,19,A01
202100022253,2,7,,0,2,1,16,B01
202100022254,0,7,,0,2,2,1,A01
202100022254,0,7,,0,2,6,1,B01
202100022255,3,7,,0,2,5,17,A01
202100022255,3,1,,0,2,1,1,B01
202100022256,1,2,,0,2,8,26,B01
202100022256,1,7,,0,2,2,15,A01
202100022257,1,33,,0,2,1,26,B01
202100022257,1,7,,0,2,3,26,A01
202100022258,1,7,,0,2,4,26,B01
202100022258,1,7,,0,2,1,26,A01
202100022259,1,7,,0,2,1,1,B01
202100022259,1,7,,0,2,2,15,A01
202100022260,3,7,,0,2,1,2,A01
202100022260,3,7,,0,2,0,23,B01
202100022261,1,7,,0,2,3,1,B01
202100022261,2,7,,0,2,1,1,A01
202100022262,2,7,,0,1,2,15,A01
202100022263,2,1,,0,2,2,1,A01
202100022263,2,7,,0,2,1,1,B01
202100022264,1,7,,0,2,1,2,A01
202100022264,1,7,,0,2,4,1,B01
202100022265,1,7,,0,2,6,15,B01
202100022265,2,7,,0,2,2,8,A01
202100022266,1,7,,0,2,6,23,B01
202100022266,1,7,,0,2,1,1,A01
202100022266,1,7,,7,2,1,23,C01
202100022267,2,7,,0,2,1,15,A01
202100022267,1,2,,0,2,1,9,B01
202100022268,3,7,,0,2,3,15,A01
202100022268,3,33,,0,2,8,1,B01
202100022269,3,33,,0,2,2,1,A01
202100022269,3,7,,0,2,3,11,B01
202100022270,0,7,,0,2,1,1,A01
202100022270,0,1,,0,2,8,1,B01
202100022271,1,7,,0,0,4,23,B01
202100022271,1,7,,0,2,2,1,A01
202100022272,1,7,,0,2,2,1,A01
202100022272,3,7,,0,2,3,1,B01
202100022273,1,33,,0,2,3,0,B01
202100022273,2,7,,0,2,1,1,A01
202100022274,2,7,,0,2,8,0,C01
202100022274,2,7,,0,2,1,0,B01
202100022274,1,7,,0,2,1,13,A01
202100022275,3,7,,0,1,8,1,A01
202100022276,1,10,,0,2,1,17,A01
202100022276,2,10,,0,2,3,1,B01