Num_Acc,senc,catv,occutc,obs,obsm,choc,manv,num_veh
202100022276,1,7,,0,2,1,2,C01
202100022277,3,10,,0,2,1,15,A01
202100022277,1,31,,0,2,1,16,B01
202100022278,1,7,,0,2,3,26,A01
202100022278,2,10,,0,2,3,15,B01
202100022278,1,7,,0,2,3,11,C01
202100022279,1,32,,0,2,1,1,B01
202100022279,1,7,,0,2,6,10,A01
202100022280,2,7,,0,1,3,1,B01
202100022280,1,7,,0,1,1,1,A01
202100022281,2,7,,0,2,1,1,B01
202100022281,2,7,,0,2,1,13,A01
202100022282,3,7,,0,2,0,0,B01
202100022282,3,33,,0,2,0,0,A01
202100022283,0,10,,0,2,3,1,A01
202100022283,0,7,,0,2,3,5,B01
202100022284,0,7,,0,2,3,0,B01
202100022284,0,32,,0,2,0,0,A01
202100022285,3,41,,0,2,8,1,B01
202100022285,3,7,,0,2,7,17,A01
202100022286,1,7,,0,2,8,15,A01
202100022286,1,33,,0,2,1,1,B01
202100022287,2,1,,0,0,1,1,A01
202100022288,3,33,,0,1,1,1,A01
202100022289,3,32,,0,2,1,2,B01
202100022289,3,7,,14,2,8,9,A01
202100022290,3,7,,0,2,4,1,B01
202100022290,3,7,,0,2,1,1,A01
202100022291,2,30,,0,2,1,2,A01
202100022291,2,7,,0,2,5,23,B01
202100022292,2,10,,0,2,2,12,A01
202100022292,2,7,,3,2,6,7,B01
202100022293,1,7,,0,2,3,16,A01
202100022293,0,50,,0,2,8,1,C01
202100022294,1,7,,0,2,3,20,A01
202100022294,1,30,,0,0,1,1,Z01
202100022295,2,7,,0,1,1,1,A01
202100022296,2,10,,0,1,6,20,A01
202100022297,0,30,,0,2,3,2,A01
202100022297,0,10,,0,0,5,23,Y01
202100022298,2,33,,0,2,1,1,B01
202100022298,2,7,,0,2,3,10,A01
202100022299,1,1,,0,2,1,1,B01
202100022299,1,7,,0,2,7,22,A01
202100022300,1,7,,0,1,1,1,A01
202100022301,1,10,,0,1,8,1,A01
202100022302,1,50,,8,0,1,25,A01
202100022303,1,1,,0,9,8,1,A01
202100022303,2,1,,0,2,8,5,Z01
202100022304,2,14,,0,2,1,2,B01
202100022304,2,7,,0,2,4,23,A01
202100022305,2,34,,0,2,3,1,B01
202100022305,1,7,,0,2,2,10,A01
202100022306,1,7,,0,2,3,1,B01
202100022306,3,1,,0,2,1,15,A01
202100022307,1,50,,0,0,0,25,A01
202100022308,2,33,,0,2,4,1,B01
202100022308,2,7,,0,2,1,1,A01
202100022309,1,7,,0,1,8,1,A01
202100022310,0,7,,0,2,8,15,B01
202100022310,1,99,,0,2,1,1,A01
202100022311,1,7,,0,2,2,1,A01
202100022311,1,30,,0,2,8,15,B01
202100022312,1,7,,0,2,1,15,A01
202100022312,2,33,,0,2,1,1,B01
202100022313,1,20,,0,0,0,19,A01
202100022314,1,37,4.0,0,2,3,1,B01
202100022314,2,7,,0,2,1,13,A01
202100022315,1,1,,0,2,8,15,B01
202100022315,1,34,,0,2,1,26,A01
202100022316,3,33,,0,2,1,3,A01
202100022316,3,7,,0,2,4,1,B01
202100022317,2,7,,0,2,1,1,A01
202100022317,1,1,,0,2,8,19,B01
202100022318,1,7,,8,0,1,13,A01
202100022319,0,7,,0,2,8,22,A01
202100022319,0,2,,1,0,0,1,B01
202100022320,1,33,,0,2,7,1,B01
202100022320,2,7,,0,2,5,15,A01
202100022321,1,7,,0,2,1,17,A01
202100022321,1,1,,0,2,8,13,B01
202100022322,1,7,,13,0,3,16,A01
202100022323,3,1,,0,0,2,26,B01
202100022323,2,7,,0,0,3,9,A01
202100022324,2,7,,0,2,1,2,A01
202100022324,2,33,,0,2,3,10,B01
202100022325,2,33,,8,2,3,1,B01
202100022325,1,7,,0,2,3,15,A01
202100022326,1,7,,5,9,2,26,A01
202100022327,2,7,,13,0,7,13,A01
202100022328,1,33,,13,0,0,15,A01
202100022329,0,7,,0,0,1,13,A01
202100022330,2,1,,0,2,8,1,B01
202100022330,2,7,,0,2,7,2,A01
202100022331,1,7,,0,2,8,1,C01
202100022331,1,7,,5,2,3,0,B01
202100022331,2,7,,0,2,3,0,A01
202100022332,1,10,,0,1,2,1,A01
202100022333,2,7,,13,0,3,1,A01
202100022334,2,7,,0,9,1,9,A01
202100022334,2,1,,0,0,7,2,B01
202100022335,2,7,,2,0,2,1,A01
202100022336,2,7,,2,0,9,14,A01
202100022337,1,7,,0,2,3,13,B01
202100022337,2,7,,0,2,1,2,A01
202100022338,2,2,,8,0,1,1,A01
202100022339,1,33,,2,0,0,1,A01
202100022340,1,7,,0,1,3,1,A01
202100022341,1,7,,0,0,0,1,A01
202100022342,1,7,,0,2,1,1,A01
202100022342,1,7,,0,2,1,0,B01
202100022343,2,7,,6,0,0,0,A01
202100022344,2,33,,12,0,1,1,A01
202100022345,2,7,,3,0,8,26,A01
202100022346,3,34,,0,0,0,1,A01
202100022347,2,7,,0,2,3,1,B01
202100022347,1,7,,0,2,3,1,A01
202100022348,1,7,,14,0,3,1,A01
202100022349,2,10,,0,2,1,19,A01
202100022349,2,33,,0,0,7,1,B01
202100022350,2,7,,0,2,1,17,A01
202100022350,1,1,,0,2,1,1,B01
202100022351,0,7,,0,0,1,1,A01
202100022352,2,33,,13,0,1,1,A01
202100022353,2,32,,7,0,1,2,A01
202100022354,3,7,,0,0,0,1,A01
202100022355,1,7,,0,2,1,1,A01
202100022355,2,7,,0,2,1,13,B01
202100022356,1,17,,0,2,2,17,A01
202100022356,1,17,,0,2,6,1,B01
202100022356,2,7,,0,2,8,1,C01
202100022356,1,7,,0,2,2,1,D01
202100022356,2,7,,0,0,0,1,E01
202100022357,1,7,,13,0,1,1,A01
202100022358,0,7,,0,1,1,1,A01
202100022359,3,7,,15,0,1,0,A01
202100022360,1,33,,0,0,7,1,A01
202100022361,1,21,,0,0,0,1,A01
202100022362,3,7,,0,2,1,15,A01
202100022362,1,33,,10,2,7,21,B01
202100022363,3,2,,0,2,1,13,B01
202100022363,3,7,,0,0,5,1,A01
202100022364,2,7,,0,2,2,1,B01
202100022364,2,7,,0,2,8,1,C01
202100022364,1,7,,0,2,1,13,A01
202100022365,1,7,,2,0,7,0,A01
202100022366,2,33,,0,0,8,1,B01
202100022366,2,7,,0,2,5,14,A01
202100022367,1,33,,4,0,3,1,A01
202100022368,1,38,3.0,0,2,3,1,B01
202100022368,2,7,,0,2,3,13,A01
202100022369,1,7,,8,0,1,13,A01
202100022370,2,33,,0,1,1,1,A01
202100022371,2,1,,0,0,4,2,C01
202100022371,2,10,,0,0,2,1,A01
202100022371,2,1,,0,0,4,2,B01
202100022372,1,32,,0,2,1,18,B01
202100022372,1,7,,0,2,2,16,A01
202100022373,1,7,,0,2,1,0,B01
202100022373,1,2,,0,2,0,0,A01
202100022374,1,7,,0,0,4,23,A01
202100022374,1,7,,14,2,1,1,B01
202100022375,1,33,,0,0,7,1,A01
202100022376,2,7,,0,2,1,2,B01
202100022376,0,7,,0,2,8,2,A01
202100022377,2,33,,16,0,0,1,A01
202100022378,3,33,,13,0,1,0,A01
202100022379,1,7,,0,2,1,1,B01
202100022379,2,2,,0,2,1,17,A01
202100022380,2,33,,0,2,1,1,B01
202100022380,3,7,,0,2,8,19,A01
202100022381,1,7,,0,0,2,1,B01
202100022381,1,2,,0,2,1,19,A01
202100022382,1,32,,0,2,1,2,A01
202100022382,1,7,,0,0,4,2,B01
202100022383,2,33,,0,2,1,1,B01
202100022383,1,7,,0,2,2,15,A01
202100022384,1,7,,0,0,3,1,B01
202100022384,2,7,,0,0,1,11,A01
202100022385,2,7,,0,0,0,26,A01
202100022386,1,7,,13,0,9,1,A01
202100022387,1,7,,3,0,7,1,A01
202100022388,1,7,,0,1,2,16,A01
202100022389,1,7,,0,2,4,0,B01
202100022389,1,7,,0,2,1,2,A01
202100022390,3,7,,14,0,9,26,A01
202100022391,2,7,,0,2,1,2,A01
202100022391,2,7,,0,2,4,2,B01
202100022392,2,7,,0,2,1,26,A01
202100022392,2,7,,0,2,4,26,B01
202100022393,2,33,,3,0,0,1,A01
202100022394,1,13,,0,2,1,1,A01
202100022394,1,7,,0,2,7,1,B01
202100022394,1,14,,0,2,4,1,C01
202100022395,1,7,,0,2,7,1,C01
202100022395,1,7,,0,2,1,3,B01
202100022395,1,31,,0,2,1,3,A01
202100022396,1,10,,0,2,1,1,A01
202100022396,1,10,,0,2,4,1,B01
202100022397,2,7,,0,2,3,15,B01
202100022397,2,1,,0,2,2,17,A01
202100022398,1,7,,0,2,3,1,A01
202100022398,1,30,,0,2,1,17,B01
202100022399,1,7,,0,2,3,0,B01
202100022399,2,30,,0,2,-1,19,A01
202100022400,2,7,,0,2,3,15,A01
202100022400,2,33,,0,2,1,1,B01
202100022401,1,10,,0,2,2,16,A01
202100022401,1,33,,0,2,3,1,B01
202100022402,1,7,,1,2,4,0,B01
202100022402,1,7,,1,2,1,14,A01
202100022403,2,7,,0,2,3,11,A01
202100022403,2,7,,0,2,5,23,B01
202100022404,3,7,,0,2,3,15,A01
202100022404,3,33,,0,2,9,1,B01
202100022405,3,7,,0,2,1,1,B01
202100022405,3,7,,0,2,7,15,A01
202100022406,3,7,,14,0,3,14,A01
202100022407,1,30,,1,0,1,1,A01
202100022407,1,7,,0,2,4,23,B01
202100022408,3,33,,0,2,1,1,B01
202100022408,3,7,,0,2,3,19,A01
202100022409,2,7,,0,1,1,15,A01
202100022410,0,30,,8,0,0,1,A01
202100022411,0,7,,0,2,8,1,B01
202100022411,0,7,,0,2,8,1,C01
202100022411,0,7,,0,2,1,1,A01
202100022412,2,7,,0,2,4,1,B01
202100022412,2,7,,0,2,1,2,A01
202100022413,0,7,,0,2,2,15,A01
202100022413,0,33,,0,2,1,1,B01
202100022414,0,7,,0,2,8,0,B01
202100022414,0,7,,0,2,1,1,A01
202100022415,1,7,,0,2,3,0,B01
202100022415,0,10,,0,2,4,1,A01
202100022416,1,10,,0,2,2,26,A01
202100022416,2,1,,0,2,0,1,B01
202100022417,1,7,,0,2,4,23,A01
202100022417,1,7,,0,2,1,2,B01
202100022418,2,7,,0,2,2,16,B01
202100022418,1,50,,0,2,1,25,A01
202100022419,2,7,,14,2,7,16,B01
202100022419,2,7,,1,2,1,1,A01
202100022420,2,1,,0,2,7,1,B01
202100022420,1,7,,0,2,1,15,A01
202100022421,2,10,,15,0,1,14,A01
202100022422,1,31,,0,0,0,26,A01
202100022423,1,7,,0,2,8,15,B01
202100022423,1,30,,0,2,1,17,A01
202100022424,2,7,,0,2,4,23,C01
202100022424,2,7,,0,2,4,23,B01
202100022424,2,7,,0,2,1,1,A01
202100022425,2,60,,0,2,1,1,A01
202100022425,3,7,,0,2,1,19,B01
202100022426,1,33,,0,2,1,1,B01
202100022426,1,7,,0,2,3,19,A01
202100022427,1,31,,0,2,1,2,B01
202100022427,1,7,,0,2,4,23,A01
202100022428,1,7,,0,1,1,16,A01
202100022429,1,33,,0,5,1,1,A01
202100022430,1,7,,0,2,3,1,A01
202100022430,2,7,,0,2,3,19,B01
202100022431,1,30,,0,2,3,1,B01
202100022431,1,7,,0,2,2,16,A01
202100022432,2,7,,0,2,2,14,B01
202100022432,1,30,,0,2,6,9,A01
202100022433,3,7,,0,9,2,9,B01
202100022433,3,50,,0,2,1,5,A01
202100022434,1,7,,0,1,2,26,A01
202100022435,1,2,,0,0,7,26,A01
202100022436,2,7,,0,1,5,26,A01
202100022437,2,7,,0,2,4,2,C01
202100022437,2,7,,0,2,4,2,B01
202100022437,2,7,,0,2,1,2,A01
202100022438,2,7,,0,2,4,2,C01
202100022438,2,7,,0,2,4,2,B01
202100022438,2,15,,0,2,1,2,A01
202100022439,1,7,,0,2,2,0,Z01
202100022439,1,1,,0,2,4,1,B01
202100022440,3,7,,2,0,8,13,A01
202100022441,1,7,,0,2,8,24,A01
202100022441,1,1,,1,0,1,1,B01
202100022442,1,7,,0,2,1,2,A01
202100022442,1,7,,0,2,4,1,B01
202100022443,0,7,,0,2,5,16,A01
202100022443,3,7,,4,2,1,12,B01
202100022444,0,7,,0,0,0,0,Z01
202100022444,2,31,,0,2,2,0,B01
202100022445,1,30,,0,2,1,1,B01
202100022445,2,7,,0,2,0,15,Z01
202100022446,2,7,,0,2,1,1,B01
202100022446,1,33,,0,2,1,1,A01
202100022447,3,38,1.0,6,0,1,1,A01
202100022448,2,32,,0,2,8,1,B01
202100022448,2,7,,0,2,4,15,A01
202100022449,1,33,,0,1,1,1,A01
202100022450,1,7,,3,0,0,16,A01
202100022451,3,7,,0,2,1,26,Z01
202100022451,3,1,,0,2,0,0,A01
202100022452,1,33,,0,0,0,0,B01
202100022452,1,99,,0,2,3,26,A01
202100022453,1,43,,0,2,1,1,B01
202100022453,1,7,,0,2,5,15,A01
202100022454,2,7,,9,0,7,14,AA01
202100022455,3,50,,0,2,1,1,B01
202100022455,3,7,,0,2,5,16,A01
202100022456,2,30,,0,0,0,1,A01
202100022457,2,7,,0,2,0,11,Z01
202100022457,2,31,,0,2,2,2,B01
202100022458,0,7,,0,0,0,0,B01
202100022458,1,32,,0,1,1,21,A01
202100022459,3,7,,0,9,1,9,A01
202100022459,2,1,,0,0,0,0,B01
202100022460,3,7,,0,2,1,19,A01
202100022460,1,10,,0,2,5,19,B01
202100022461,3,37,1.0,0,2,7,19,B01
202100022461,2,32,,0,2,1,1,A01
202100022462,1,10,,0,1,1,1,A01
202100022463,1,7,,0,2,1,1,C01
202100022463,1,7,,0,2,1,1,B01
202100022463,1,7,,0,5,4,1,A01
202100022464,1,7,,0,2,4,2,B01
202100022464,1,7,,0,2,1,2,A01
202100022465,2,33,,2,2,1,17,B01
202100022465,2,1,,0,2,8,15,A01
202100022466,2,7,,0,2,8,26,B01
202100022466,2,7,,0,2,7,26,A01
202100022467,2,7,,0,2,5,12,B01
202100022467,2,43,,0,2,1,3,A01
202100022468,1,7,,0,2,2,12,A01
202100022468,1,31,,5,2,6,1,B01
202100022469,2,10,,0,2,3,2,A01
202100022469,2,32,,0,2,1,2,C01
202100022469,2,7,,0,2,5,2,B01
202100022470,2,7,,0,2,4,2,B01
202100022470,2,7,,0,2,1,2,A01
202100022471,2,31,,0,2,5,1,B01
202100022471,1,43,,0,2,1,1,A01
202100022472,1,50,,14,0,1,13,A01
202100022473,2,1,,0,1,3,1,A01
202100022474,2,33,,0,2,2,1,B01
202100022474,2,7,,0,2,6,15,A01
202100022475,1,30,,0,0,8,26,A01
202100022476,1,1,,0,2,1,1,B01
202100022476,1,15,,0,2,7,16,A01
202100022477,1,7,,0,2,2,11,A01
202100022477,2,10,,0,2,1,1,B01
202100022478,2,7,,0,2,0,1,C01
202100022478,2,7,,0,2,1,1,B01
202100022478,1,30,,0,2,8,3,A01
202100022479,3,7,,8,0,1,0,A01
202100022480,1,2,,0,2,4,2,A01
202100022480,1,10,,0,2,1,2,Z01
202100022481,1,7,,1,0,0,0,A01
202100022481,1,1,,1,0,0,0,B01
202100022482,3,13,,0,2,0,0,B01
202100022482,3,7,,1,2,0,9,A01
202100022483,2,33,,0,2,1,15,A01
202100022483,0,7,,0,2,3,15,B01
202100022484,3,10,,1,0,1,1,A01
202100022485,1,7,,0,2,1,15,A01
202100022485,1,30,,0,2,1,1,B01
202100022486,2,1,,0,2,8,1,B01
202100022486,2,10,,0,2,2,17,A01
202100022487,2,15,,0,2,2,1,B01
202100022487,2,7,,0,2,6,11,A01
202100022488,2,7,,8,2,1,17,A01
202100022488,2,3,,0,2,3,15,B01
202100022489,3,31,,8,0,7,1,A01
202100022490,1,7,,5,2,6,1,A01
202100022490,1,7,,0,2,2,1,B01
202100022491,1,7,,4,0,1,1,A01
202100022492,1,33,,0,2,1,17,B01
202100022492,1,7,,0,2,6,15,A01
202100022493,1,7,,5,0,1,14,A01
202100022494,2,7,,0,2,7,15,A01
202100022494,1,33,,0,2,1,1,B01
202100022495,1,7,,0,0,6,26,B01
202100022495,1,7,,0,2,2,13,A01
202100022496,2,7,,0,2,3,15,A01
202100022496,2,33,,0,2,2,17,B01
202100022497,1,7,,0,9,2,26,C01
202100022497,1,1,,0,2,3,1,B01
202100022497,1,7,,0,2,2,15,A01
202100022498,1,7,,0,2,3,15,B01
202100022498,1,33,,0,2,1,17,A01
202100022499,1,7,,13,0,1,1,A01
202100022500,3,2,,0,2,1,1,B01
202100022500,3,7,,0,2,3,1,A01
202100022501,2,7,,2,0,3,0,A01
202100022502,1,7,,4,0,2,1,C01
202100022502,2,7,,0,2,3,1,B01
202100022502,1,33,,0,2,1,17,A01
202100022503,0,7,,0,2,3,15,B01
202100022503,1,33,,0,2,1,1,A01
202100022504,1,33,,0,0,0,1,A01
202100022505,3,7,,0,1,1,15,A01
202100022506,1,10,,0,2,3,1,B01
202100022506,2,15,,0,2,6,1,C01
202100022506,2,7,,0,2,1,17,A01
202100022507,1,7,,9,0,9,1,A01
202100022508,1,7,,0,2,8,9,A01
202100022508,2,15,,0,2,1,1,B01
202100022509,2,7,,0,2,3,1,A01
202100022509,1,33,,0,2,1,13,B01
202100022510,3,2,,0,2,1,13,A01
202100022510,3,7,,0,2,2,1,B01
202100022511,2,33,,0,2,2,1,B01
202100022511,1,10,,0,2,1,9,A01
202100022512,2,2,,12,0,0,14,A01
202100022513,3,36,,12,0,1,1,A01
202100022514,2,2,,8,0,7,0,A01
202100022515,1,33,,0,0,8,1,A01
202100022515,2,7,,0,2,1,1,B01
202100022516,0,7,,0,2,4,2,B01
202100022516,0,7,,0,2,1,2,A01
202100022517,1,1,,0,0,4,2,A01
202100022517,1,1,,0,2,1,2,B01
202100022518,2,33,,0,2,1,1,A01
202100022518,2,7,,0,2,2,15,B01
202100022519,2,33,,0,2,1,1,B01
202100022519,1,7,,0,2,7,15,A01
202100022520,2,7,,0,1,2,1,A01
202100022520,1,80,,0,2,1,24,B01
202100022521,3,3,,6,0,1,0,A01
202100022522,1,7,,0,2,7,19,B01
202100022522,2,33,,0,2,1,1,A01
202100022523,1,7,,0,2,1,26,B01
202100022523,2,7,,0,0,2,1,A01
202100022524,2,1,,0,2,3,1,B01
202100022524,2,13,,0,2,5,17,A01
202100022525,2,33,,13,0,1,1,A01
202100022526,1,30,,13,0,7,1,A01
202100022527,3,14,,0,2,3,1,A01
202100022527,3,1,,0,2,8,15,B01
202100022528,2,1,,0,2,1,1,C01
202100022528,2,50,,0,2,1,1,B01
202100022528,1,2,,0,2,1,1,A01
202100022529,1,2,,0,2,7,15,A01
202100022529,2,7,,0,2,2,1,B01
202100022530,0,33,,0,6,1,1,A01
202100022531,2,33,,0,2,1,1,B01
202100022531,1,7,,0,2,2,15,A01
202100022532,2,1,,0,2,3,13,A01
202100022532,1,99,,0,2,6,1,B01
202100022533,1,10,,8,0,1,14,A01
202100022534,1,7,,15,0,1,2,A01
202100022535,3,10,,0,2,2,1,B01
202100022535,3,1,,0,2,1,19,A01
202100022536,1,33,,0,2,1,1,B01
202100022536,1,7,,0,0,4,9,A01
202100022537,1,33,,13,0,1,1,A01
202100022538,1,7,,0,2,1,1,B01
202100022538,2,7,,0,2,1,13,A01
202100022539,2,17,,4,0,3,1,A01
202100022540,2,7,,0,2,1,2,B01
202100022540,2,7,,0,0,4,2,A01
202100022540,2,7,,0,2,1,2,C01
202100022540,2,7,,0,2,1,2,D01
202100022541,3,7,,0,2,2,12,B01
202100022541,3,33,,0,2,6,11,A01
202100022542,1,7,,4,9,1,6,A01
202100022543,3,7,,0,2,2,1,A01
202100022543,3,10,,0,2,5,15,B01
202100022544,2,7,,0,1,3,1,A01
202100022545,0,7,,0,2,3,15,B01
202100022545,1,7,,0,2,1,16,A01
202100022546,0,2,,0,0,8,0,A01
202100022547,2,7,,0,2,1,1,D01
202100022547,1,1,,0,2,1,5,C01
202100022547,1,1,,0,2,1,13,A01
202100022547,1,1,,0,2,1,13,B01
202100022548,2,1,,0,2,1,9,B01
202100022548,1,7,,0,9,8,9,A01
202100022549,0,7,,0,2,3,19,B01
202100022549,0,7,,0,9,2,21,A01
202100022550,1,7,,0,2,3,15,A01
202100022550,1,7,,0,2,2,1,B01
202100022551,2,33,,0,2,2,17,B01
202100022551,2,7,,0,0,6,15,A01
202100022552,1,7,,0,2,1,10,A01
202100022552,2,33,,15,2,1,1,B01
202100022553,0,7,,6,0,1,0,A01
202100022554,2,7,,0,1,8,1,A01
202100022555,2,7,,0,2,3,0,B01
202100022555,1,33,,0,2,1,5,A01
202100022556,3,1,,0,0,0,0,A01
202100022557,1,7,,2,0,1,1,A01
202100022558,1,7,,0,2,2,1,A01
202100022558,1,33,,0,2,1,19,B01
202100022559,2,7,,0,2,2,15,A01
202100022559,1,1,,0,2,0,2,B01
202100022560,2,33,,0,2,3,1,B01
202100022560,1,10,,0,2,3,15,A01
202100022561,1,33,,0,0,7,1,A01
202100022562,1,7,,0,0,2,1,B01
202100022562,2,7,,0,2,2,19,A01
202100022563,2,7,,0,2,1,1,B01
202100022563,2,10,,0,2,8,21,C01
202100022563,1,10,,0,2,1,13,A01
202100022564,2,33,,0,2,1,12,B01
202100022564,2,7,,0,2,6,1,A01
202100022565,2,7,,14,0,0,1,D01
202100022565,2,7,,14,0,1,1,E01
202100022565,2,7,,0,2,1,1,C01
202100022565,2,7,,0,2,1,1,B01
202100022565,2,30,,0,2,9,0,A01
202100022566,2,7,,0,2,6,11,A01
202100022566,2,33,,0,0,5,1,B01
202100022567,1,10,,0,2,1,2,A01
202100022567,1,10,,0,2,4,2,B01
202100022568,2,7,,0,2,1,1,A01
202100022568,2,10,,0,2,5,1,B01
202100022569,2,7,,0,2,7,12,A01
202100022569,2,7,,0,2,1,3,B01
202100022570,2,7,,0,0,4,2,C01
202100022570,2,7,,0,2,1,2,B01
202100022570,2,7,,0,2,1,2,A01
202100022571,1,33,,0,2,2,12,A01
202100022571,1,7,,0,2,6,1,B01
202100022572,1,14,,0,2,1,0,D01
202100022572,1,14,,0,2,1,0,C01
202100022572,1,7,,1,0,3,9,A01
202100022572,1,99,,0,2,4,0,B01
202100022572,1,20,,0,2,0,0,Z01
202100022573,2,7,,4,0,1,1,A01
202100022574,1,7,,0,2,8,11,Z01
202100022574,1,33,,0,2,7,1,A01
202100022575,2,14,,0,2,2,12,A01
202100022575,2,7,,0,2,8,1,B01
202100022576,2,33,,3,0,8,1,A01
202100022577,1,7,,0,2,8,1,B01
202100022577,1,7,,0,2,6,1,D01
202100022577,1,33,,0,2,1,3,A01
202100022577,1,7,,0,2,7,1,C01
202100022578,1,7,,0,2,6,1,B01
202100022578,1,17,,0,2,2,12,A01
202100022579,1,7,,0,2,4,2,B01
202100022579,1,7,,0,2,1,2,A01
202100022580,1,33,,0,2,8,3,A01
202100022580,1,7,,0,2,7,12,B01
202100022581,2,7,,0,0,0,1,A01
202100022582,1,7,,4,0,1,17,A01
202100022583,1,33,,0,2,1,20,A01
202100022584,3,7,,0,2,0,0,B01
202100022584,1,33,,0,2,2,1,A01
202100022585,2,32,,0,2,3,1,B01
202100022585,1,33,,0,2,2,15,A01
202100022586,1,7,,0,2,7,13,A01
202100022586,1,7,,0,2,3,0,B01
202100022587,2,7,,0,2,1,15,A01
202100022587,1,2,,0,2,1,1,B01
202100022588,3,7,,1,2,4,0,D01
202100022588,1,7,,0,2,1,18,A01
202100022588,1,7,,0,2,3,9,B01
202100022588,3,7,,1,2,4,0,C01
202100022589,2,7,,0,2,2,2,A01
202100022589,1,50,,0,2,0,11,B01
202100022590,2,50,,0,1,1,1,A01
202100022591,0,7,,0,2,1,1,A01
202100022591,0,10,,0,2,7,0,B01
202100022592,1,80,,0,2,7,23,C01
202100022592,2,7,,0,2,4,1,B01
202100022592,1,10,,0,2,3,1,A01
202100022593,1,7,,0,2,2,3,B01
202100022593,1,33,,0,2,6,1,A01
202100022594,0,7,,0,2,0,0,B01
202100022594,0,7,,0,2,1,0,A01
202100022595,1,7,,0,2,1,1,C01
202100022595,1,7,,0,2,6,1,A01
202100022595,1,7,,0,2,1,21,B01
202100022596,2,33,,0,2,1,0,B01
202100022596,1,7,,0,2,5,15,A01
202100022597,2,7,,0,2,1,1,B01
202100022597,2,7,,0,2,3,1,A01
202100022598,2,10,,0,1,5,4,A01
202100022599,1,7,,0,2,3,9,A01
202100022599,1,33,,0,2,1,1,B01
202100022600,1,7,,0,1,1,15,A01
202100022601,1,7,,0,2,1,5,D01
202100022601,1,30,,0,2,1,1,A01
202100022602,2,0,,0,2,8,13,B01
202100022602,1,30,,0,2,8,1,A01
202100022603,1,7,,0,2,6,15,B01
202100022603,1,33,,0,2,1,5,A01
202100022604,0,7,,0,2,3,1,B01
202100022604,3,7,,0,2,3,13,A01
202100022605,0,1,,0,2,2,1,B01
202100022605,0,7,,0,0,0,0,A01
202100022606,2,7,,0,2,4,1,B01
202100022606,2,10,,0,2,1,2,A01
202100022607,1,0,,0,1,1,9,A01
202100022608,2,7,,0,2,2,20,B01
202100022608,1,7,,0,2,2,1,A01
202100022609,1,7,,0,1,1,1,A01
202100022610,1,7,,0,1,1,1,A01
202100022611,2,1,,0,2,7,1,A01
202100022611,2,10,,0,2,1,9,B01
202100022612,1,7,,0,2,3,1,Z01
202100022612,1,2,,0,2,8,1,B01
202100022613,2,32,,0,0,8,1,A01
202100022614,3,7,,0,2,0,21,C01
202100022614,3,7,,0,2,1,21,B01
202100022614,3,7,,8,2,1,13,A01
202100022615,1,33,,0,0,1,19,A01
202100022616,2,7,,0,2,1,1,B01
202100022616,0,7,,0,2,1,1,A01
202100022617,2,7,,0,2,1,1,A01
202100022617,2,2,,0,2,4,1,B01
202100022618,1,7,,0,2,5,16,B01
202100022618,1,7,,0,2,4,21,A01
202100022619,3,7,,0,2,3,5,A01
202100022619,3,7,,0,2,3,5,B01
202100022620,1,7,,0,2,4,2,B01
202100022620,1,7,,0,2,1,2,A01
202100022621,1,10,,0,2,1,1,A01
202100022621,1,7,,0,2,6,1,B01
202100022622,1,10,,0,1,1,15,A01
202100022623,1,33,,0,2,4,2,B01
202100022623,1,7,,0,2,2,2,A01
202100022624,1,50,,0,9,1,26,A01
202100022625,1,7,,0,2,4,1,B01
202100022625,1,7,,0,2,1,2,A01
202100022626,0,7,,0,2,7,26,A01
202100022626,0,7,,0,2,7,0,B01
202100022627,3,3,,0,2,1,13,B01
202100022627,3,7,,0,2,1,1,A01
202100022628,1,31,,13,0,1,1,A01
202100022629,3,34,,0,1,1,1,Z01
202100022630,3,1,,0,0,8,15,A01
202100022631,3,10,,0,1,4,4,A01
202100022632,2,7,,0,2,5,15,A01
202100022632,1,2,,0,2,1,1,B01
202100022633,0,10,,0,2,1,2,A01
202100022633,0,7,,0,2,4,1,B01
202100022634,1,33,,0,2,3,1,B01
202100022634,1,7,,0,2,2,15,A01
202100022635,2,7,,7,2,1,1,A01
202100022635,1,7,,0,2,7,15,B01
202100022636,1,7,,2,0,1,1,A01
202100022637,2,7,,0,2,2,1,B01
202100022637,2,20,,0,2,3,1,A01
202100022638,2,30,,0,2,1,1,A01
202100022638,2,7,,0,2,7,1,B01
202100022639,3,33,,0,1,0,1,A01
202100022640,1,30,,0,0,0,1,A01
202100022641,1,7,,6,0,1,1,A01
202100022642,3,7,,0,2,2,1,B01
202100022642,3,10,,0,2,7,17,A01
202100022643,0,7,,9,2,1,11,Z01
202100022643,0,7,,0,2,5,23,A01
202100022644,1,7,,0,2,5,26,B01
202100022644,1,7,,0,2,1,9,A01
202100022645,2,7,,0,2,3,1,Z01
202100022645,1,10,,0,2,6,15,A01
202100022646,1,7,,0,2,1,1,B01
202100022646,2,7,,0,2,4,16,A01
202100022647,0,7,,13,0,2,0,A01
202100022648,3,7,,0,1,1,1,A01
202100022649,1,7,,0,9,1,26,B01
202100022649,3,1,,0,2,7,19,A01