Num_Acc,senc,catv,occutc,obs,obsm,choc,manv,num_veh
202100022650,1,7,,3,0,1,1,A01
202100022651,1,7,,0,2,4,20,A01
202100022651,1,2,,0,2,1,1,B01
202100022652,3,7,,0,2,2,23,C01
202100022652,3,7,,0,2,6,23,B01
202100022652,3,30,,14,0,1,26,A01
202100022653,1,7,,0,2,1,2,A01
202100022653,1,7,,0,2,4,2,B01
202100022653,1,7,,0,2,4,2,C01
202100022654,1,7,,0,2,1,1,B01
202100022654,1,7,,0,2,8,1,A01
202100022655,2,7,,1,0,3,14,A01
202100022656,1,7,,0,2,2,15,A01
202100022656,1,33,,0,2,0,1,B01
202100022657,1,10,,7,0,1,14,A01
202100022658,3,10,,0,0,3,16,B01
202100022658,3,50,,0,2,1,9,A01
202100022659,1,50,,0,2,1,5,A01
202100022659,1,1,,0,2,1,1,B01
202100022660,2,13,,0,2,0,23,B01
202100022660,2,7,,0,2,2,1,A01
202100022661,2,30,,0,0,0,21,A01
202100022662,2,37,5.0,0,2,3,1,B01
202100022662,2,7,,0,2,5,15,A01
202100022663,2,1,,0,1,1,25,Z01
202100022664,3,7,,0,2,1,2,A01
202100022664,3,7,,0,2,0,23,B01
202100022665,1,10,,0,2,3,9,A01
202100022665,1,33,,0,2,2,1,B01
202100022666,1,7,,1,0,4,1,C01
202100022666,1,7,,0,2,4,2,B01
202100022666,1,7,,0,2,1,2,A01
202100022667,2,32,,0,0,0,9,A01
202100022668,1,38,1.0,0,2,1,1,A01
202100022668,1,38,1.0,0,2,1,5,B01
202100022669,1,7,,0,2,2,16,A01
202100022669,1,33,,0,0,3,16,B01
202100022670,2,32,,0,2,1,1,B01
202100022670,3,7,,0,2,1,9,A01
202100022671,2,7,,0,2,3,20,A01
202100022671,2,31,,0,2,1,1,B01
202100022672,2,7,,0,2,1,9,A01
202100022672,2,37,1.0,0,2,7,2,B01
202100022673,1,10,,0,1,0,0,A01
202100022674,1,3,,1,0,2,1,A01
202100022674,0,3,,0,2,6,24,B01
202100022675,3,7,,0,2,3,16,A01
202100022675,3,7,,0,2,2,1,B01
202100022676,3,7,,0,2,2,12,A01
202100022676,3,7,,0,2,3,0,B01
202100022677,2,50,,0,2,8,1,B01
202100022677,2,37,1.0,0,2,2,1,A01
202100022678,1,10,,0,2,0,2,A01
202100022678,1,7,,0,9,1,2,B01
202100022678,1,33,,0,9,8,2,C01
202100022678,1,33,,0,2,1,2,D01
202100022679,1,10,,0,2,2,2,A01
202100022679,1,7,,0,2,4,2,B01
202100022680,2,7,,0,2,1,1,A01
202100022680,2,7,,0,2,4,1,B01
202100022680,2,7,,0,2,4,1,C01
202100022680,2,7,,0,2,4,1,D01
202100022681,2,15,,0,2,7,14,A01
202100022681,2,10,,3,2,6,1,B01
202100022682,1,7,,0,0,2,1,A01
202100022683,2,7,,0,2,7,1,C01
202100022683,2,7,,0,2,9,1,B01
202100022683,2,17,,0,2,2,12,A01
202100022684,2,7,,0,2,7,12,B01
202100022684,2,34,,0,2,8,9,A01
202100022685,1,34,,0,1,1,1,A01
202100022686,3,32,,0,1,1,2,A01
202100022686,3,60,,0,2,0,19,Y01
202100022687,2,7,,0,2,4,2,B01
202100022687,2,7,,0,2,1,2,A01
202100022687,2,10,,0,2,4,2,C01
202100022688,3,7,,0,2,1,26,A01
202100022688,3,7,,0,2,4,15,B01
202100022689,1,1,,0,2,8,0,B01
202100022689,1,7,,0,2,3,15,A01
202100022690,1,10,,0,2,1,19,A01
202100022690,2,10,,0,2,3,15,B01
202100022691,2,7,,0,0,1,1,A01
202100022692,3,7,,0,2,1,5,A01
202100022692,3,10,,0,2,1,0,B01
202100022692,3,33,,3,2,1,5,C01
202100022692,3,33,,4,2,1,5,D01
202100022693,2,32,,0,0,8,1,A01
202100022694,2,1,,12,0,1,1,A01
202100022695,1,7,,0,2,2,1,D01
202100022695,1,7,,0,2,8,1,C01
202100022695,1,2,,0,2,1,3,B01
202100022695,1,7,,0,2,1,1,A01
202100022696,1,7,,0,2,0,2,B01
202100022696,1,7,,0,2,1,2,A01
202100022697,3,14,,0,2,4,4,A01
202100022697,3,2,,0,2,9,1,B01
202100022698,3,7,,0,1,1,1,A01
202100022699,1,33,,0,2,3,26,B01
202100022699,2,33,,0,1,1,13,A01
202100022700,2,7,,0,2,1,1,A01
202100022700,1,7,,0,2,1,2,B01
202100022701,0,7,,0,2,1,1,A01
202100022701,0,1,,0,2,8,1,B01
202100022702,2,7,,0,2,3,1,B01
202100022702,2,7,,0,2,1,1,C01
202100022702,1,7,,0,2,1,13,A01
202100022703,2,7,,0,1,1,15,A01
202100022704,0,7,,0,2,2,1,A01
202100022704,0,50,,0,2,1,15,B01
202100022705,1,7,,0,2,6,9,B01
202100022705,1,30,,0,2,1,26,A01
202100022706,3,1,,0,2,1,19,A01
202100022706,1,7,,0,2,1,1,B01
202100022707,3,10,,0,2,7,16,A01
202100022707,3,34,,0,2,8,16,B01
202100022708,2,3,,0,2,1,19,A01
202100022708,2,7,,0,2,1,19,B01
202100022709,3,7,,0,2,1,1,A01
202100022709,3,1,,0,2,7,19,B01
202100022710,2,50,,0,2,8,1,B01
202100022710,1,7,,0,2,3,15,A01
202100022711,1,7,,1,0,1,26,A01
202100022712,2,1,,0,2,7,1,B01
202100022712,2,7,,0,2,8,22,A01
202100022713,1,7,,4,0,3,1,A01
202100022714,1,7,,0,2,6,2,B01
202100022714,1,7,,0,2,2,17,A01
202100022715,1,7,,0,2,4,1,B01
202100022715,1,7,,0,2,1,2,A01
202100022716,1,33,,0,2,1,16,A01
202100022716,1,7,,0,2,3,16,B01
202100022717,1,10,,0,2,1,2,A01
202100022717,1,7,,0,2,6,1,B01
202100022718,1,7,,4,0,3,13,A01
202100022719,3,1,,0,2,7,19,B01
202100022719,1,7,,0,2,1,1,A01
202100022720,3,7,,0,1,1,9,A01
202100022721,1,2,,0,2,1,13,A01
202100022721,1,7,,0,2,3,1,B01
202100022722,1,1,,0,2,1,1,B01
202100022722,2,30,,0,2,1,1,A01
202100022723,2,60,,0,2,1,1,A01
202100022723,1,7,,0,0,7,0,B01
202100022724,1,7,,0,1,1,26,A01
202100022725,1,33,,0,2,2,17,A01
202100022725,1,7,,0,2,3,15,B01
202100022726,1,33,,0,2,3,1,A01
202100022726,2,7,,0,2,3,15,B01
202100022727,1,7,,0,2,6,1,B01
202100022727,1,7,,0,2,3,1,A01
202100022728,3,33,,0,2,9,1,B01
202100022728,3,7,,0,2,6,15,A01
202100022729,1,7,,0,1,0,15,A01
202100022730,3,1,,0,2,4,25,A01
202100022730,3,7,,0,2,1,1,B01
202100022731,1,2,,0,2,0,0,B01
202100022731,1,7,,0,2,6,16,A01
202100022732,0,40,,0,1,2,1,A01
202100022733,3,32,,0,2,1,13,A01
202100022733,3,7,,0,2,0,0,B01
202100022734,2,7,,0,2,3,1,B01
202100022734,1,7,,0,2,3,13,A01
202100022735,2,7,,0,2,3,13,A01
202100022735,1,7,,0,2,3,1,B01
202100022736,3,7,,0,2,3,1,B01
202100022736,2,7,,0,2,2,1,A01
202100022737,3,30,,0,2,8,15,A01
202100022737,3,30,,0,2,1,13,B01
202100022738,3,7,,0,2,3,16,A01
202100022738,3,7,,0,2,4,0,B01
202100022739,1,7,,0,2,1,26,A01
202100022739,2,7,,0,2,2,26,B01
202100022740,1,7,,13,0,1,19,A01
202100022741,2,31,,0,2,1,2,A01
202100022741,2,7,,0,2,5,23,B01
202100022741,2,7,,0,2,6,23,C01
202100022742,1,7,,6,0,2,14,A01
202100022743,2,32,,0,0,0,3,A01
202100022744,2,7,,4,0,2,14,Z01
202100022745,3,7,,0,2,3,1,A01
202100022745,3,30,,0,2,7,1,B01
202100022746,2,43,,0,2,3,1,A01
202100022746,3,80,,0,2,1,19,B01
202100022747,2,7,,0,2,0,18,Z01
202100022747,2,30,,0,2,0,1,A01
202100022748,1,30,,0,2,3,15,Z01
202100022748,2,30,,0,0,8,1,A01
202100022749,1,1,,0,2,1,1,B01
202100022749,1,10,,0,2,6,4,A01
202100022750,2,7,,0,2,3,22,A01
202100022750,2,50,,0,2,1,1,B01
202100022751,2,10,,0,2,3,13,A01
202100022751,2,1,,0,2,2,17,B01
202100022752,2,31,,0,2,4,2,A01
202100022752,2,33,,0,2,4,15,B01
202100022753,1,32,,0,2,2,1,B01
202100022753,1,7,,0,2,3,11,A01
202100022754,3,99,,0,0,0,1,A01
202100022755,2,7,,0,1,2,1,A01
202100022756,0,10,,0,2,1,0,A01
202100022756,0,7,,0,2,1,0,B01
202100022757,1,7,,0,1,1,19,A01
202100022758,2,10,,0,2,1,17,A01
202100022758,2,7,,0,2,8,15,B01
202100022759,2,7,,0,2,3,2,A01
202100022759,1,30,,0,2,6,1,B01
202100022760,2,1,,0,2,1,2,B01
202100022760,2,7,,0,2,5,20,A01
202100022761,2,7,,0,9,2,16,A01
202100022761,2,50,,0,2,0,0,B01
202100022762,2,3,,0,2,3,20,A01
202100022762,2,2,,0,2,1,17,B01
202100022763,2,33,,0,2,1,1,D01
202100022763,2,7,,0,2,1,1,C01
202100022763,2,7,,0,2,4,1,B01
202100022763,2,7,,0,2,4,1,A01
202100022764,1,7,,0,2,6,2,A01
202100022764,1,7,,0,2,2,2,B01
202100022765,2,7,,4,0,9,26,A01
202100022766,1,7,,4,0,1,1,A01
202100022766,1,10,,0,2,2,23,B01
202100022767,1,10,,1,0,2,14,A01
202100022768,2,7,,3,0,5,0,B01
202100022768,2,7,,0,2,1,1,Z01
202100022768,1,7,,3,0,3,1,C01
202100022769,1,7,,2,0,1,26,A01
202100022770,1,33,,4,2,1,9,A01
202100022771,1,7,,0,2,7,12,A01
202100022771,1,31,,0,2,6,11,B01
202100022772,1,7,,0,2,4,1,B01
202100022772,1,7,,0,2,1,9,A01
202100022773,1,7,,0,2,4,1,A01
202100022773,1,10,,0,2,1,1,B01
202100022774,2,7,,0,2,3,2,A01
202100022774,0,7,,0,2,5,2,B01
202100022775,2,7,,3,0,3,1,A01
202100022776,1,33,,0,0,7,15,A01
202100022777,1,7,,0,1,1,1,A01
202100022778,2,7,,0,2,1,12,X01
202100022778,2,43,,0,2,3,9,A01
202100022779,3,30,,0,2,1,21,B01
202100022779,3,32,,0,2,8,17,A01
202100022780,1,7,,0,0,1,14,A01
202100022781,2,43,,0,2,2,17,A01
202100022781,2,7,,0,2,8,15,B01
202100022782,0,7,,0,2,1,1,A01
202100022782,1,2,,0,2,4,1,B01
202100022783,1,7,,0,2,1,26,A01
202100022783,1,2,,0,2,0,0,B01
202100022784,1,7,,0,2,2,1,A01
202100022784,2,32,,0,2,1,13,B01
202100022785,1,7,,0,1,5,20,A01
202100022786,0,30,,8,0,1,1,A01
202100022787,2,17,,2,0,2,14,A01
202100022788,0,41,,0,0,0,26,A01
202100022789,1,7,,3,0,2,9,A01
202100022790,2,7,,0,2,8,10,A01
202100022790,3,33,,0,2,2,17,B01
202100022791,1,7,,0,2,6,15,B01
202100022791,1,32,,0,2,2,17,A01
202100022792,1,33,,0,2,1,1,B01
202100022792,1,7,,0,2,6,10,A01
202100022793,0,1,,0,2,1,1,A01
202100022793,0,7,,0,2,5,26,B01
202100022794,2,10,,0,1,4,4,A01
202100022795,1,7,,0,1,3,1,A01
202100022796,2,7,,0,2,1,1,B01
202100022796,1,7,,0,2,0,15,A01
202100022797,1,7,,0,2,0,20,Z01
202100022797,1,30,,0,2,0,1,B01
202100022798,2,1,,0,2,5,19,B01
202100022798,1,30,,0,2,1,18,A01
202100022799,1,10,,6,2,6,1,B01
202100022799,2,7,,6,2,3,19,A01
202100022800,2,2,,0,2,1,19,B01
202100022800,2,7,,0,2,2,15,A01
202100022801,1,3,,0,0,9,26,A01
202100022802,1,30,,0,2,1,1,B01
202100022802,1,7,,0,2,2,1,A01
202100022803,1,7,,2,0,1,14,A01
202100022804,2,7,,0,2,1,1,B01
202100022804,1,7,,0,2,1,13,A01
202100022805,2,7,,12,0,0,13,A01
202100022806,1,33,,0,0,1,26,A01
202100022807,3,30,,0,2,1,18,A01
202100022807,3,7,,0,0,7,16,B01
202100022808,1,7,,1,2,1,26,A01
202100022808,0,30,,0,0,0,0,B01
202100022809,3,33,,0,0,0,1,A01
202100022810,1,7,,0,2,7,15,A01
202100022810,2,2,,0,2,1,1,B01
202100022811,3,7,,0,2,8,26,A01
202100022811,3,33,,0,2,7,1,B01
202100022812,1,7,,0,1,1,26,A01
202100022813,0,7,,13,0,1,0,A01
202100022814,1,32,,0,2,1,1,B01
202100022814,1,7,,0,2,5,10,A01
202100022815,2,7,,0,2,2,15,A01
202100022815,1,33,,0,2,3,1,B01
202100022816,2,7,,0,2,1,1,A01
202100022816,1,10,,0,2,3,1,B01
202100022817,1,32,,0,1,1,1,A01
202100022818,3,50,,0,2,0,0,B01
202100022818,3,7,,0,2,1,26,A01
202100022819,2,7,,0,9,8,1,B01
202100022819,1,50,,0,2,3,13,A01
202100022820,1,30,,0,2,4,1,A01
202100022820,1,7,,0,2,1,14,Z01
202100022821,1,7,,4,0,1,14,A01
202100022822,1,7,,4,0,1,12,A01
202100022823,2,1,,0,1,1,1,Z01
202100022824,1,7,,0,2,5,2,B01
202100022824,1,33,,0,2,1,2,A01
202100022825,2,7,,14,0,1,13,A01
202100022826,1,2,,0,2,2,19,A01
202100022826,1,7,,0,2,3,15,B01
202100022827,3,7,,9,0,1,21,A01
202100022828,0,7,,0,2,7,11,B01
202100022828,0,10,,0,2,1,1,A01
202100022829,1,7,,1,0,0,0,B01
202100022829,0,7,,1,2,4,24,A01
202100022830,0,7,,0,2,1,1,A01
202100022830,1,30,,0,2,1,1,B01
202100022831,2,30,,2,0,0,21,A01
202100022832,0,30,,0,2,1,1,B01
202100022832,1,7,,0,2,1,1,A01
202100022833,1,14,,0,1,4,20,A01
202100022834,3,2,,0,0,7,1,A01
202100022835,3,33,,1,2,3,1,A01
202100022835,3,7,,0,2,3,15,B01
202100022835,0,7,,0,9,3,23,C01
202100022836,2,7,,3,2,2,17,A01
202100022836,2,7,,3,2,6,1,B01
202100022837,2,7,,0,2,1,1,B01
202100022837,2,7,,13,2,2,14,A01
202100022838,1,7,,0,2,3,1,A01
202100022838,2,7,,0,2,3,1,B01
202100022839,2,15,,0,1,2,26,A01
202100022840,2,33,,5,0,8,1,A01
202100022841,1,7,,0,2,3,1,B01
202100022841,2,7,,0,2,5,16,A01
202100022842,0,33,,3,0,8,0,A01
202100022843,1,7,,13,0,1,1,A01
202100022844,2,33,,6,0,1,15,A01
202100022845,1,33,,2,0,1,13,A01
202100022846,1,36,,0,6,2,1,A01
202100022847,1,7,,6,0,3,13,A01
202100022848,2,7,,2,0,3,17,A01
202100022849,1,33,,0,2,3,13,A01
202100022849,2,7,,0,9,3,13,B01
202100022850,1,7,,0,2,6,1,A01
202100022850,2,33,,0,2,8,13,B01
202100022851,2,7,,0,2,2,1,A01
202100022851,2,1,,0,0,4,1,B01
202100022852,1,7,,0,2,4,23,B01
202100022852,1,3,,0,2,1,2,A01
202100022853,1,33,,0,0,8,1,A01
202100022854,1,7,,13,0,3,15,A01
202100022854,1,7,,15,0,2,2,B01
202100022855,1,7,,2,0,2,1,A01
202100022856,1,33,,0,2,1,1,A01
202100022856,2,99,,0,2,3,19,B01
202100022857,1,1,,6,0,1,2,A01
202100022858,1,14,,0,2,3,21,A01
202100022858,2,14,,0,2,3,13,B01
202100022859,1,7,,0,0,3,15,A01
202100022859,1,33,,0,2,1,17,B01
202100022860,2,7,,0,2,9,11,B01
202100022860,2,7,,0,2,1,2,A01
202100022861,1,14,,6,0,1,13,A01
202100022862,2,15,,3,2,2,13,A01
202100022862,2,7,,0,2,7,2,B01
202100022863,3,7,,0,1,2,26,A01
202100022864,1,7,,0,1,2,21,A01
202100022865,3,0,,0,1,0,0,A01
202100022866,1,1,,0,2,6,1,A01
202100022866,2,7,,0,9,1,15,B01
202100022867,2,33,,0,2,1,17,A01
202100022867,2,7,,0,2,8,15,B01
202100022868,1,10,,0,2,3,5,A01
202100022868,2,14,,0,2,3,1,B01
202100022869,2,10,,8,0,3,14,A01
202100022870,1,7,,0,2,6,1,B01
202100022870,1,7,,0,2,2,1,A01
202100022871,1,2,,0,2,8,1,B01
202100022871,2,7,,0,2,3,15,A01
202100022872,1,31,,0,0,7,1,A01
202100022873,3,7,,6,0,1,17,A01
202100022874,2,1,,0,2,1,0,A01
202100022874,1,13,,0,9,3,13,B01
202100022875,3,7,,2,0,3,1,A01
202100022876,1,15,,0,2,1,1,B01
202100022876,2,7,,0,2,1,13,A01
202100022877,1,10,,0,1,1,1,A01
202100022878,3,7,,0,0,9,1,A01
202100022879,3,7,,0,2,3,1,B01
202100022879,3,1,,0,2,3,5,A01
202100022880,3,2,,0,0,7,0,A01
202100022881,2,7,,0,2,8,1,A01
202100022882,2,32,,0,2,1,12,B01
202100022882,2,7,,0,2,6,1,A01
202100022883,2,99,,0,2,0,1,B01
202100022883,2,10,,0,2,8,1,A01
202100022884,1,7,,13,5,1,1,A01
202100022885,2,34,,0,0,0,1,A01
202100022886,1,7,,0,2,4,2,B01
202100022886,1,7,,0,2,1,2,A01
202100022887,2,7,,0,2,2,1,B01
202100022887,2,7,,4,2,3,1,A01
202100022888,1,7,,0,2,3,1,B01
202100022888,1,14,,0,2,2,14,A01
202100022889,1,43,,0,2,8,3,A01
202100022889,2,7,,0,2,7,1,B01
202100022890,1,7,,0,2,4,2,B01
202100022890,1,7,,0,2,1,1,A01
202100022891,3,7,,0,2,1,9,A01
202100022891,3,32,,0,2,7,1,B01
202100022892,3,1,,0,2,8,1,B01
202100022892,3,7,,0,2,1,15,A01
202100022893,1,7,,0,1,3,1,A01
202100022894,1,7,,0,2,8,24,B01
202100022894,2,7,,1,0,1,1,A01
202100022895,2,0,,0,1,1,25,Z01
202100022896,1,2,,1,0,4,1,A01
202100022897,1,7,,2,0,1,1,A01
202100022898,2,7,,0,2,3,1,B01
202100022898,1,7,,0,2,2,1,A01
202100022899,1,7,,8,9,1,26,A01
202100022900,1,7,,0,1,3,1,A01
202100022901,1,7,,0,2,5,1,B01
202100022901,1,33,,0,2,1,1,A01
202100022902,3,1,,0,2,7,1,B01
202100022902,3,7,,0,2,3,1,A01
202100022903,1,7,,0,2,6,15,A01
202100022903,1,2,,0,2,1,2,B01
202100022904,1,99,,0,9,7,17,Z01
202100022905,0,7,,9,0,1,1,A01
202100022906,1,7,,0,2,6,15,B01
202100022906,1,2,,0,2,1,17,A01
202100022907,2,33,,0,2,1,1,B01
202100022907,1,7,,0,2,2,9,A01
202100022908,1,10,,0,9,4,1,A01
202100022908,2,1,,0,2,1,1,B01
202100022909,2,7,,0,2,3,13,A01
202100022909,1,1,,0,2,1,1,B01
202100022909,1,1,,0,2,1,1,C01
202100022910,1,80,,0,2,1,1,B01
202100022910,2,7,,0,2,3,15,A01
202100022911,1,31,,0,2,8,18,A01
202100022911,1,7,,0,2,2,1,B01
202100022912,2,30,,0,2,1,18,A01
202100022912,2,7,,0,2,2,16,B01
202100022913,3,7,,0,1,2,26,B01
202100022914,2,7,,8,1,1,15,A01
202100022915,1,1,,0,2,0,2,A01
202100022915,1,1,,0,2,0,1,B01
202100022916,3,7,,0,1,1,1,A01
202100022917,1,31,,0,1,2,26,A01
202100022918,2,7,,1,0,5,26,A01
202100022918,1,7,,0,2,2,0,B01
202100022919,2,7,,0,2,0,13,A01
202100022919,1,31,,0,2,8,1,B01
202100022920,3,33,,0,1,1,17,A01
202100022921,3,10,,0,1,4,26,A01
202100022922,1,7,,0,2,1,2,D01
202100022922,1,10,,0,2,1,2,C01
202100022922,1,7,,0,2,4,2,B01
202100022922,1,7,,0,2,1,2,A01
202100022923,2,32,,0,2,1,1,B01
202100022923,1,7,,0,2,2,15,A01
202100022924,0,7,,0,1,8,1,A01
202100022925,2,7,,0,1,2,4,A01
202100022926,3,32,,0,2,1,5,Z01
202100022926,1,7,,0,2,8,1,A01
202100022927,2,7,,0,2,2,15,A01
202100022927,1,7,,0,2,3,9,B01
202100022928,2,7,,0,2,2,11,A01
202100022928,2,1,,0,2,1,1,B01
202100022929,2,7,,0,0,5,10,A01
202100022929,1,33,,0,2,1,1,B01
202100022930,3,7,,0,2,3,19,A01
202100022930,3,7,,0,2,3,15,B01
202100022931,3,10,,0,0,8,26,A01
202100022932,3,30,,0,2,4,1,B01
202100022932,3,30,,0,2,2,0,A01
202100022933,2,30,,9,2,1,1,A01
202100022933,2,7,,0,2,1,16,B01
202100022934,1,7,,0,1,1,25,A01
202100022935,1,10,,13,2,3,13,A01
202100022935,2,7,,0,2,8,1,B01
202100022936,2,1,,0,0,4,0,B01
202100022936,2,10,,0,9,1,2,A01
202100022937,2,33,,13,2,3,1,A01
202100022937,1,7,,0,2,3,0,B01
202100022938,2,7,,0,2,1,19,A01
202100022938,2,31,,0,2,8,1,B01
202100022939,3,7,,0,2,1,1,B01
202100022939,3,7,,0,2,1,13,A01
202100022940,3,33,,0,2,1,1,A01
202100022940,3,7,,0,0,7,26,B01
202100022941,1,7,,0,0,3,1,B01
202100022941,2,7,,12,0,2,1,A01
202100022942,1,33,,0,0,0,1,A01
202100022943,2,33,,0,0,8,1,A01
202100022944,1,7,,0,0,1,1,A01
202100022945,3,33,,12,2,0,1,A01
202100022945,3,7,,0,2,3,13,B01
202100022946,1,7,,0,0,0,0,B01
202100022946,2,31,,0,9,0,1,A01
202100022947,2,2,,3,0,0,0,A01
202100022948,3,7,,8,0,1,14,A01
202100022949,2,33,,0,2,2,1,A01
202100022949,2,7,,0,2,8,19,B01
202100022950,2,31,,0,2,8,11,B01
202100022950,1,7,,0,2,1,1,A01
202100022951,1,7,,0,2,3,13,A01
202100022951,2,7,,0,2,8,1,B01
202100022952,0,30,,16,0,0,0,A01
202100022953,2,7,,2,0,2,1,A01
202100022954,1,7,,0,2,3,13,B01
202100022954,1,37,1.0,0,2,2,1,A01
202100022955,1,2,,0,2,6,15,B01
202100022955,1,7,,0,2,2,1,A01
202100022956,2,10,,0,2,1,13,B01
202100022956,1,7,,0,2,1,5,A01
202100022957,2,1,,0,9,1,1,A01
202100022958,1,7,,13,0,1,13,A01
202100022959,2,7,,13,0,0,0,A01
202100022960,1,1,,0,2,7,17,A01
202100022960,1,7,,0,2,3,2,B01
202100022961,1,33,,8,0,0,1,A01
202100022962,1,7,,0,2,1,2,A01
202100022962,1,7,,0,0,4,1,B01
202100022963,0,7,,0,2,3,2,A01
202100022963,0,80,,0,2,4,2,B01
202100022964,3,7,,14,0,1,1,A01
202100022965,2,33,,0,2,1,17,B01
202100022965,2,21,,0,2,3,15,A01
202100022966,1,7,,13,0,1,14,A01
202100022967,1,33,,0,2,8,1,B01
202100022967,2,33,,0,2,8,17,A01
202100022968,3,36,,0,0,7,15,A01
202100022969,0,7,,6,9,1,26,A01
202100022970,3,7,,0,2,1,19,A01
202100022970,2,7,,7,2,8,1,B01
202100022971,2,99,,0,2,3,1,B01
202100022971,1,7,,0,2,3,13,A01
202100022972,1,39,,0,4,2,1,B01
202100022972,1,7,,13,4,0,0,A01
202100022973,2,7,,16,0,0,1,A01
202100022974,3,7,,0,1,1,1,A01
202100022975,2,7,,15,2,7,1,A01
202100022975,2,7,,15,0,8,1,B01
202100022976,1,15,,0,2,6,1,A01
202100022976,1,10,,0,2,1,2,B01
202100022977,2,7,,4,0,1,2,A01
202100022978,1,34,,0,2,1,1,B01
202100022978,1,7,,0,2,2,9,A01
202100022979,1,7,,0,9,1,1,D01
202100022979,1,7,,0,2,1,1,C01
202100022979,1,7,,0,2,3,17,B01
202100022979,1,15,,6,2,3,1,A01
202100022980,1,7,,0,2,3,13,A01
202100022980,1,7,,0,2,6,1,B01
202100022981,1,7,,0,1,3,1,A01
202100022982,2,7,,0,2,3,19,A01
202100022982,1,33,,0,2,1,1,B01
202100022983,2,7,,0,2,2,13,A01
202100022983,1,7,,0,2,1,1,B01
202100022984,-1,39,,0,2,2,1,B01
202100022984,2,7,,0,4,3,1,A01
202100022985,2,7,,7,0,6,0,A01
202100022986,2,7,,0,1,0,1,A01
202100022987,1,7,,2,0,6,1,A01
202100022987,1,15,,0,2,2,17,B01
202100022988,1,1,,0,0,4,1,B01
202100022988,1,1,,0,2,1,2,A01
202100022989,1,33,,12,2,7,1,A01
202100022989,3,7,,0,2,3,9,B01
202100022990,2,7,,0,1,2,14,A01
202100022991,1,7,,1,0,1,0,A01
202100022992,1,7,,0,2,6,23,B01
202100022992,2,43,,6,0,3,0,A01
202100022993,2,7,,4,2,5,17,B01
202100022993,2,10,,0,2,1,3,A01
202100022994,1,7,,0,0,1,12,A01
202100022995,1,2,,0,2,2,12,B01
202100022995,1,99,,0,2,6,1,A01
202100022996,2,7,,0,2,5,12,A01
202100022996,2,7,,0,2,3,1,B01
202100022997,1,7,,3,2,1,1,A01
202100022998,1,7,,1,0,1,1,C01
202100022998,1,33,,0,2,4,1,B01
202100022998,1,7,,0,2,1,1,A01
202100022999,1,7,,0,2,1,9,A01
202100022999,1,7,,0,2,7,1,B01
202100023000,2,1,,0,2,0,1,B01
202100023000,2,7,,0,2,7,22,A01
202100023001,3,50,,0,2,1,9,A01
202100023001,3,7,,0,2,3,9,B01
202100023002,2,33,,0,2,1,1,B01
202100023002,1,13,,0,2,6,9,A01
202100023003,1,7,,0,2,8,19,A01
202100023003,1,7,,0,2,1,1,B01
202100023004,2,7,,0,2,5,15,A01
202100023004,1,80,,0,2,0,1,B01
202100023005,1,7,,0,2,1,21,A01
202100023005,2,7,,0,2,1,13,B01
202100023006,1,7,,0,2,4,20,A01
202100023006,1,1,,0,2,1,21,B01
202100023007,2,30,,0,2,1,21,A01
202100023007,2,7,,0,2,6,0,B01
202100023008,2,7,,0,2,-1,2,C01
202100023008,2,30,,15,2,8,16,A01
202100023009,1,10,,0,1,1,1,A01
202100023010,2,10,,0,2,8,1,B01
202100023010,1,7,,0,2,1,15,A01
202100023011,1,7,,0,0,0,12,A01
202100023011,1,33,,0,2,7,18,B01
202100023012,2,7,,0,2,6,1,B01
202100023012,2,7,,4,2,2,17,A01
202100023013,2,31,,14,0,1,3,A01
202100023013,2,7,,0,2,6,23,B01
202100023014,2,7,,0,1,2,1,A01
202100023015,0,37,1.0,0,1,8,15,A01
202100023016,1,7,,0,0,1,0,A01
202100023017,1,7,,0,0,2,1,A01
202100023018,1,7,,0,2,1,1,A01
202100023018,2,7,,0,2,0,0,B01
202100023019,2,10,,0,2,7,15,B01
202100023019,1,80,,0,0,1,1,A01
202100023020,2,30,,0,2,1,1,B01
202100023020,1,7,,0,2,3,15,A01
202100023021,1,30,,12,0,1,26,A01
202100023022,2,7,,0,2,7,20,A01
202100023022,2,2,,0,2,1,18,B01
202100023023,1,7,,0,2,1,1,B01
202100023023,2,7,,0,2,3,1,A01
202100023024,2,7,,0,2,6,0,B01
202100023024,2,7,,0,2,2,0,A01
202100023025,2,7,,0,1,1,9,A01
202100023026,1,7,,0,2,1,9,A01
202100023026,1,7,,0,2,7,9,B01
202100023027,1,7,,0,2,4,2,C01
202100023027,2,7,,0,2,1,2,A01
202100023027,1,7,,0,2,4,2,B01
202100023028,1,7,,0,2,8,9,A01
202100023028,2,33,,0,2,1,1,B01
202100023029,1,1,,0,2,1,1,B01
202100023029,1,7,,0,2,3,15,A01
202100023030,1,2,,0,2,0,1,A01
202100023030,2,7,,0,2,0,15,B01
202100023031,1,7,,0,2,1,1,B01
202100023031,1,7,,0,2,1,17,Z01
202100023032,1,7,,1,0,1,26,A01
202100023032,2,7,,0,0,4,23,B01
202100023033,2,1,,0,2,1,13,B01
202100023033,1,7,,0,9,1,1,A01
202100023034,0,7,,0,2,1,9,A01
202100023034,0,7,,0,2,2,1,B01