Num_Acc,senc,catv,occutc,obs,obsm,choc,manv,num_veh
202100023035,0,7,,14,0,1,1,A01
202100023036,0,7,,0,1,3,15,A01
202100023037,0,50,,0,2,1,19,B01
202100023037,1,7,,0,2,2,1,A01
202100023038,0,33,,12,0,1,16,A01
202100023039,1,30,,0,2,1,9,A01
202100023039,1,7,,0,2,7,15,B01
202100023040,0,50,,0,2,1,1,B01
202100023040,0,10,,0,2,8,1,A01
202100023041,2,7,,0,1,3,1,A01
202100023042,3,1,,0,2,1,2,B01
202100023042,1,10,,0,0,8,1,A01
202100023043,1,7,,0,2,4,1,B01
202100023043,1,7,,0,2,4,1,C01
202100023043,1,10,,0,2,1,1,A01
202100023044,1,30,,14,0,1,13,A01
202100023045,1,7,,0,2,5,15,A01
202100023045,2,50,,0,2,1,8,B01
202100023046,1,7,,0,2,1,1,Z01
202100023046,1,50,,0,2,1,19,A01
202100023047,1,7,,0,2,5,2,B01
202100023047,1,7,,0,2,2,2,A01
202100023048,2,7,,0,2,3,15,A01
202100023048,2,2,,0,2,1,2,B01
202100023049,2,7,,0,2,5,15,B01
202100023049,1,1,,0,2,1,1,A01
202100023050,1,7,,0,2,1,2,A01
202100023050,1,7,,0,2,4,23,B01
202100023051,1,7,,0,0,7,1,B01
202100023051,2,7,,0,0,1,19,A01
202100023052,2,7,,0,2,0,21,A01
202100023052,1,1,,0,2,4,0,B01
202100023053,2,33,,0,2,9,1,A01
202100023053,1,7,,0,2,8,1,B01
202100023054,0,50,,0,2,2,1,A01
202100023054,0,7,,0,2,2,1,B01
202100023055,3,7,,0,2,1,1,A01
202100023055,3,7,,0,2,8,9,B01
202100023056,1,30,,0,0,7,1,A01
202100023057,1,1,,12,0,2,14,A01
202100023058,1,1,,0,2,1,13,A01
202100023058,2,7,,0,2,6,1,B01
202100023059,1,7,,0,2,4,0,C01
202100023059,1,7,,0,2,1,2,A01
202100023059,1,7,,0,2,4,2,B01
202100023060,1,50,,0,2,3,1,B01
202100023060,1,30,,0,2,1,12,A01
202100023061,0,7,,0,1,3,1,A01
202100023062,1,10,,0,1,8,1,A01
202100023063,1,7,,0,2,8,0,C01
202100023063,3,7,,0,2,7,1,B01
202100023063,1,7,,0,2,1,1,A01
202100023064,2,7,,1,0,2,1,A01
202100023065,1,7,,0,2,1,1,A01
202100023065,3,7,,0,2,6,15,B01
202100023066,1,7,,0,2,2,15,A01
202100023066,2,33,,0,2,1,1,B01
202100023067,1,7,,6,2,2,1,A01
202100023067,1,7,,6,2,1,1,B01
202100023068,1,7,,0,1,3,1,A01
202100023069,1,33,,13,0,0,1,A01
202100023070,2,7,,14,0,1,1,A01
202100023071,0,7,,0,2,8,1,B01
202100023071,0,80,,0,2,0,5,A01
202100023072,1,99,,0,1,3,15,A01
202100023073,3,7,,14,0,1,9,A01
202100023074,3,10,,0,2,5,0,B01
202100023074,3,31,,0,2,2,18,A01
202100023075,1,2,,16,0,8,1,A01
202100023076,1,7,,0,0,8,10,B01
202100023076,1,33,,0,2,1,26,A01
202100023077,0,10,,12,2,1,2,A01
202100023077,3,7,,0,2,4,2,B01
202100023077,1,7,,0,2,1,23,C01
202100023078,2,7,,0,2,3,23,C01
202100023078,1,7,,0,2,1,1,B01
202100023078,2,7,,0,2,9,13,A01
202100023079,3,1,,0,2,8,19,A01
202100023079,3,7,,0,2,1,0,B01
202100023080,0,7,,0,2,1,1,A01
202100023080,0,7,,0,2,4,1,B01
202100023081,0,7,,0,1,1,26,A01
202100023082,0,30,,0,2,0,19,A01
202100023082,0,31,,0,2,0,1,B01
202100023083,0,7,,0,2,1,0,A01
202100023083,0,7,,0,2,1,0,B01
202100023084,0,30,,0,2,0,9,A01
202100023084,1,7,,0,2,2,1,B01
202100023085,1,14,,0,2,1,1,B01
202100023085,1,7,,0,2,8,0,A01
202100023086,1,7,,0,2,1,2,B01
202100023086,1,10,,0,2,1,2,A01
202100023086,0,7,,0,2,4,2,C01
202100023087,1,33,,0,2,2,1,A01
202100023087,1,7,,0,2,8,15,B01
202100023088,0,32,,1,0,2,1,B01
202100023089,1,7,,0,2,4,1,B01
202100023089,1,7,,0,2,1,2,A01
202100023090,0,33,,0,0,7,1,A01
202100023091,2,30,,0,2,8,1,B01
202100023091,1,99,,0,2,1,5,A01
202100023092,0,1,,0,0,0,0,B01
202100023093,2,7,,0,2,2,2,A01
202100023093,2,31,,0,2,4,23,B01
202100023094,2,33,,0,0,9,26,A01
202100023095,2,7,,0,2,5,1,B01
202100023095,2,7,,0,2,1,1,A01
202100023096,3,7,,16,0,9,1,A01
202100023097,2,33,,0,2,1,17,A01
202100023097,2,7,,0,0,3,15,B01
202100023098,1,7,,12,0,1,16,A01
202100023099,2,10,,16,0,6,15,A01
202100023099,2,32,,0,2,1,2,B01
202100023100,2,7,,0,2,6,1,B01
202100023100,1,33,,0,2,1,1,A01
202100023101,3,10,,0,2,3,15,B01
202100023101,3,7,,0,2,1,17,A01
202100023102,2,7,,0,2,1,1,B01
202100023102,1,7,,0,2,1,21,A01
202100023103,0,7,,0,1,0,1,A01
202100023104,2,33,,0,2,2,2,A01
202100023104,2,7,,0,2,6,2,B01
202100023105,3,7,,6,1,1,1,A01
202100023106,3,50,,0,0,9,1,A01
202100023107,1,7,,0,2,1,3,A01
202100023107,1,1,,0,2,4,1,B01
202100023108,0,7,,0,2,7,1,B01
202100023108,0,7,,0,2,1,1,A01
202100023109,2,7,,0,2,3,1,C01
202100023109,1,7,,0,2,3,1,B01
202100023109,2,33,,0,2,1,17,A01
202100023110,1,7,,0,2,1,19,B01
202100023110,1,7,,0,2,6,19,A01
202100023111,2,7,,0,2,1,15,A01
202100023111,2,33,,0,2,1,1,B01
202100023112,1,21,,0,2,5,1,A01
202100023112,1,21,,0,2,3,1,B01
202100023113,2,7,,0,2,3,15,A01
202100023113,2,33,,0,2,2,1,B01
202100023114,1,33,,0,2,1,26,B01
202100023114,1,7,,0,2,4,15,A01
202100023115,3,30,,6,0,0,0,A01
202100023116,2,7,,12,1,2,1,A01
202100023117,1,7,,0,2,3,1,B01
202100023117,1,30,,0,2,7,16,A01
202100023118,1,7,,9,0,1,1,A01
202100023119,1,7,,0,1,1,1,B01
202100023120,2,30,,12,0,1,15,A01
202100023121,1,7,,0,2,2,15,A01
202100023121,2,1,,0,2,1,0,B01
202100023122,0,7,,0,2,3,1,B01
202100023122,0,7,,0,2,2,14,A01
202100023123,1,30,,0,0,8,1,A01
202100023124,2,10,,0,2,1,2,A01
202100023124,2,7,,0,2,4,23,B01
202100023125,1,33,,0,2,1,24,A01
202100023125,1,7,,0,9,4,1,B01
202100023126,1,7,,0,1,3,1,A01
202100023127,1,7,,0,2,7,1,B01
202100023127,2,7,,0,2,1,19,A01
202100023128,1,14,,1,0,5,23,B01
202100023128,3,30,,1,0,1,2,A01
202100023129,3,30,,0,2,2,5,A01
202100023129,3,7,,0,2,3,1,B01
202100023130,3,7,,0,1,1,1,Z01
202100023131,1,7,,0,2,0,1,A01
202100023131,2,30,,0,2,2,15,B01
202100023132,1,30,,0,0,8,15,A01
202100023133,1,43,,0,1,7,17,A01
202100023134,1,7,,0,2,3,9,B01
202100023134,1,30,,0,2,7,17,A01
202100023135,2,33,,0,2,3,1,A01
202100023135,2,7,,0,2,0,1,B01
202100023136,1,50,,0,0,0,1,A01
202100023137,1,50,,0,2,1,19,A01
202100023137,1,7,,0,2,2,1,B01
202100023138,1,7,,0,2,5,22,A01
202100023138,1,50,,0,2,5,18,B01
202100023139,1,7,,0,2,5,9,A01
202100023139,1,2,,0,2,5,0,B01
202100023140,2,7,,0,2,0,0,B01
202100023140,2,7,,0,2,1,2,A01
202100023141,1,7,,0,2,1,15,A01
202100023141,2,7,,0,2,8,1,B01
202100023142,1,50,,0,2,1,1,B01
202100023142,2,7,,0,2,5,15,A01
202100023143,1,33,,0,2,1,1,B01
202100023143,1,7,,0,2,4,1,A01
202100023144,2,7,,0,2,2,0,B01
202100023144,1,7,,0,2,1,0,A01
202100023145,1,1,,0,1,1,1,A01
202100023146,2,7,,8,0,2,14,A01
202100023147,3,7,,0,2,1,1,A01
202100023148,3,7,,0,1,2,16,A01
202100023149,1,2,,0,2,4,15,B01
202100023149,1,7,,0,2,1,2,A01
202100023150,2,10,,0,1,1,1,A01
202100023151,3,10,,0,2,2,26,B01
202100023151,0,50,,0,2,3,25,A01
202100023152,1,7,,11,0,1,1,A01
202100023153,2,7,,6,2,2,19,A01
202100023153,2,7,,0,2,3,21,B01
202100023154,2,33,,0,2,1,13,A01
202100023154,1,7,,0,2,1,1,B01
202100023155,3,7,,0,0,2,0,B01
202100023155,0,7,,0,0,2,1,A01
202100023156,2,34,,4,0,1,1,A01
202100023157,2,7,,0,2,1,2,A01
202100023157,2,7,,0,0,4,2,B01
202100023158,2,7,,0,2,7,15,A01
202100023158,1,2,,0,2,1,1,B01
202100023159,1,1,,14,0,0,1,A01
202100023160,2,1,,0,2,1,1,D01
202100023160,2,1,,0,2,1,1,C01
202100023160,2,1,,0,2,1,1,E01
202100023160,2,1,,0,2,1,1,B01
202100023160,1,7,,0,2,8,13,A01
202100023161,1,1,,0,0,1,0,A01
202100023162,2,1,,0,2,1,15,A01
202100023162,1,7,,0,2,3,1,B01
202100023163,3,2,,0,0,0,1,A01
202100023164,1,7,,0,2,8,10,A01
202100023164,1,33,,0,2,1,17,B01
202100023165,1,7,,0,2,3,15,A01
202100023165,2,7,,0,2,3,1,B01
202100023166,1,2,,0,2,1,16,A01
202100023166,2,7,,0,2,3,1,B01
202100023167,1,7,,6,0,3,16,A01
202100023168,1,7,,0,0,1,1,A01
202100023169,2,7,,0,0,0,1,A01
202100023170,2,7,,0,2,2,21,B01
202100023170,1,7,,0,2,2,17,A01
202100023171,2,7,,12,2,7,1,B01
202100023171,0,7,,0,2,1,26,A01
202100023172,3,7,,8,0,2,1,A01
202100023173,3,7,,0,2,8,19,A01
202100023173,1,31,,0,2,1,1,B01
202100023174,1,7,,0,2,2,2,A01
202100023174,1,7,,0,2,6,2,B01
202100023175,1,7,,0,2,1,5,A01
202100023175,2,7,,0,2,1,1,B01
202100023175,2,7,,0,2,8,1,C01
202100023176,2,7,,0,9,2,26,A01
202100023176,2,1,,0,2,3,15,B01
202100023177,2,33,,8,0,0,1,A01
202100023178,1,7,,0,2,7,16,A01
202100023178,1,32,,0,2,3,21,B01
202100023179,1,33,,14,0,0,1,A01
202100023180,2,34,,0,2,1,1,B01
202100023180,1,7,,0,2,8,15,A01
202100023181,2,7,,0,2,3,13,B01
202100023181,1,7,,0,2,3,1,A01
202100023182,2,7,,13,0,1,1,A01
202100023183,2,7,,0,2,2,5,B01
202100023183,1,7,,0,2,2,5,A01
202100023184,1,33,,0,2,1,1,B01
202100023184,3,7,,0,2,3,15,A01
202100023185,2,7,,17,0,2,14,A01
202100023186,1,33,,0,2,1,1,A01
202100023186,2,7,,0,2,2,1,B01
202100023187,0,2,,0,2,1,1,B01
202100023187,0,7,,0,2,2,15,A01
202100023188,1,7,,13,2,3,21,B01
202100023188,2,7,,0,2,1,13,A01
202100023189,1,33,,0,2,1,17,A01
202100023189,1,7,,0,2,6,15,B01
202100023190,3,7,,8,0,8,1,A01
202100023191,1,31,,0,2,1,17,A01
202100023191,1,7,,0,2,1,1,B01
202100023192,2,7,,2,0,0,0,A01
202100023193,3,7,,2,0,2,1,A01
202100023194,2,7,,4,0,2,1,A01
202100023195,2,7,,0,2,3,15,B01
202100023195,2,33,,0,2,1,17,A01
202100023196,1,7,,2,0,1,0,A01
202100023197,1,7,,0,2,3,1,B01
202100023197,2,20,,0,2,1,13,A01
202100023198,3,10,,0,2,2,2,B01
202100023198,3,2,,0,2,7,17,A01
202100023199,1,33,,0,2,2,17,A01
202100023199,1,7,,0,2,3,15,B01
202100023200,1,7,,0,1,2,17,A01
202100023201,1,7,,0,2,3,15,A01
202100023201,2,33,,0,2,1,1,B01
202100023202,3,36,,0,0,0,26,A01
202100023203,2,7,,0,2,3,1,B01
202100023203,1,31,,0,2,1,5,A01
202100023204,0,7,,0,1,6,4,A01
202100023205,2,32,,0,2,7,1,B01
202100023205,0,7,,0,2,1,19,A01
202100023206,1,7,,1,0,1,1,A01
202100023207,2,33,,0,0,1,1,A01
202100023208,1,7,,0,2,8,15,B01
202100023208,1,2,,0,2,1,17,A01
202100023209,3,2,,0,2,7,21,B01
202100023209,3,10,,0,2,2,21,A01
202100023210,2,31,,0,2,1,13,B01
202100023210,1,7,,0,2,1,1,A01
202100023211,2,7,,13,2,3,1,B01
202100023211,3,7,,13,2,2,19,A01
202100023212,2,15,,0,2,3,1,B01
202100023212,1,7,,0,2,2,0,A01
202100023213,1,7,,3,0,2,1,A01
202100023214,1,7,,0,2,3,11,B01
202100023214,1,33,,0,2,1,1,A01
202100023215,3,2,,0,0,0,1,A01
202100023216,2,7,,6,0,1,1,A01
202100023217,2,7,,0,2,3,1,C01
202100023217,2,7,,0,2,3,1,B01
202100023217,1,7,,0,2,3,1,A01
202100023218,1,33,,0,2,1,1,A01
202100023218,2,7,,0,2,3,9,B01
202100023219,1,7,,0,2,2,13,A01
202100023219,2,7,,0,2,3,1,B01
202100023220,1,7,,0,2,2,1,B01
202100023220,2,33,,10,2,1,13,A01
202100023221,2,7,,0,2,1,1,B01
202100023221,1,7,,0,2,1,13,A01
202100023222,2,30,,0,2,3,13,A01
202100023222,1,7,,0,2,8,1,B01
202100023223,1,7,,0,2,6,1,C01
202100023223,1,7,,0,2,8,1,B01
202100023223,2,7,,0,2,3,13,A01
202100023224,3,31,,12,0,0,25,A01
202100023225,2,7,,0,2,3,13,A01
202100023225,1,7,,0,2,3,1,B01
202100023226,1,33,,13,0,1,1,A01
202100023227,2,7,,0,2,1,1,C01
202100023227,2,7,,0,2,3,10,A01
202100023228,1,7,,0,0,4,2,B01
202100023228,1,7,,0,2,1,2,A01
202100023229,3,32,,12,0,1,1,A01
202100023230,2,34,,0,2,1,0,B01
202100023230,2,7,,0,2,3,11,A01
202100023231,1,15,,0,0,1,2,A01
202100023231,-1,7,,-1,-1,-1,-1,B01
202100023231,-1,7,,-1,-1,-1,-1,C01
202100023232,1,10,,0,0,7,2,A01
202100023233,1,33,,16,0,7,1,A01
202100023234,1,7,,0,2,4,1,B01
202100023234,1,17,,0,2,0,12,A01
202100023235,2,10,,0,2,3,1,B01
202100023235,2,7,,4,0,2,12,A01
202100023236,1,7,,14,0,1,1,A01
202100023237,2,7,,0,5,1,1,A01
202100023238,2,7,,0,9,1,1,C01
202100023238,2,33,,0,9,1,1,B01
202100023238,2,15,,0,9,6,1,A01
202100023239,0,7,,0,1,2,16,A01
202100023240,2,7,,0,1,1,1,A01
202100023241,1,1,,0,1,1,1,A01
202100023242,1,1,,0,2,7,1,A01
202100023242,1,7,,0,2,8,15,B01
202100023243,1,33,,0,2,6,1,B01
202100023243,2,7,,0,2,1,19,A01
202100023244,1,7,,0,2,2,15,B01
202100023244,2,32,,0,2,1,21,A01
202100023245,2,33,,0,2,7,2,B01
202100023245,2,10,,0,2,1,16,A01
202100023246,1,7,,0,2,0,16,A01
202100023246,1,50,,0,2,0,16,B01
202100023247,1,7,,0,9,1,19,A01
202100023247,1,2,,0,2,8,1,B01
202100023248,1,7,,0,2,2,2,C01
202100023248,2,7,,0,0,4,2,B01
202100023248,1,34,,0,2,1,2,A01
202100023249,2,7,,0,2,1,15,A01
202100023249,1,2,,0,2,1,1,B01
202100023250,1,7,,0,2,1,26,A01
202100023250,1,7,,0,2,4,26,C01
202100023250,1,7,,0,2,4,26,B01
202100023251,1,1,,0,2,8,19,B01
202100023251,1,7,,0,2,0,1,A01
202100023252,2,7,,0,2,8,1,B01
202100023252,1,7,,0,2,2,15,A01
202100023253,1,80,,0,2,8,1,A01
202100023253,3,7,,0,2,1,1,B01
202100023254,1,33,,0,2,1,1,B01
202100023254,1,7,,0,2,8,1,A01
202100023255,3,7,,0,2,6,15,B01
202100023255,3,31,,0,2,9,1,A01
202100023256,3,7,,0,1,7,1,A01
202100023257,2,10,,0,1,4,4,A01
202100023258,0,7,,0,1,0,1,A01
202100023259,2,7,,0,1,1,1,A01
202100023260,3,2,,0,2,0,0,B01
202100023260,3,7,,0,2,0,0,A01
202100023261,1,80,,0,2,8,13,B01
202100023261,0,7,,0,9,7,17,A01
202100023262,1,30,,0,2,1,26,A01
202100023262,1,7,,0,2,6,2,B01
202100023263,1,1,,0,2,4,1,B01
202100023263,1,10,,0,2,3,1,A01
202100023264,2,50,,0,2,1,1,B01
202100023264,1,7,,0,2,7,1,A01
202100023265,1,34,,8,0,2,17,A01
202100023266,1,7,,0,2,3,13,A01
202100023266,2,7,,0,2,3,1,B01
202100023267,1,3,,0,2,1,15,A01
202100023267,2,43,,0,2,3,1,B01
202100023268,1,7,,0,1,5,17,A01
202100023269,2,7,,0,2,3,2,B01
202100023269,2,33,,0,2,2,17,A01
202100023270,1,1,,0,0,7,1,A01
202100023271,1,7,,0,2,1,15,A01
202100023271,1,80,,0,2,1,19,B01
202100023272,3,7,,0,2,0,0,B01
202100023272,3,3,,0,2,2,0,A01
202100023273,2,7,,0,2,2,1,B01
202100023273,1,7,,0,2,7,15,A01
202100023274,1,30,,0,2,4,1,B01
202100023274,1,7,,0,9,1,1,A01
202100023275,3,7,,0,2,2,1,B01
202100023275,3,10,,0,2,2,13,A01
202100023276,1,7,,0,9,3,1,A01
202100023276,1,1,,0,2,4,15,B01
202100023277,1,1,,0,2,2,2,B01
202100023277,1,14,,0,2,3,26,A01
202100023278,1,7,,0,0,3,13,A01
202100023279,3,1,,0,2,1,15,B01
202100023279,0,7,,0,2,3,15,A01
202100023280,0,7,,0,1,1,26,A01
202100023281,1,30,,0,2,4,13,B01
202100023281,1,7,,0,2,1,17,A01
202100023282,1,33,,12,0,1,17,A01
202100023283,2,7,,0,2,2,15,A01
202100023283,1,1,,0,2,3,2,B01
202100023284,1,50,,0,0,1,1,A01
202100023285,1,7,,0,2,6,10,A01
202100023285,1,32,,0,2,1,1,B01
202100023286,3,33,,0,2,4,1,B01
202100023286,3,7,,0,2,1,1,Z01
202100023287,1,7,,0,2,2,1,A01
202100023287,2,30,,0,2,1,15,B01
202100023288,1,80,,0,2,8,1,B01
202100023288,1,7,,0,2,7,17,A01
202100023289,0,80,,0,2,1,1,A01
202100023289,3,7,,0,2,8,1,B01
202100023290,1,7,,0,2,1,1,A01
202100023290,1,10,,0,2,4,1,B01
202100023291,3,7,,0,2,1,1,TA01
202100023291,3,7,,0,2,7,1,B01
202100023292,3,2,,0,2,1,1,B01
202100023292,3,7,,0,2,1,9,SA01
202100023293,3,31,,0,2,3,0,B01
202100023293,3,7,,0,2,3,15,A01
202100023294,3,30,,0,0,2,15,A01
202100023295,1,2,,12,0,0,9,A01
202100023296,3,7,,0,1,1,1,A01
202100023297,3,7,,0,2,2,2,A01
202100023297,3,1,,0,2,4,13,B01
202100023298,3,34,,0,2,2,17,B01
202100023298,3,1,,0,2,4,15,A01
202100023299,1,2,,0,2,1,2,A01
202100023299,2,7,,0,2,1,11,B01
202100023300,0,7,,15,0,1,19,A01
202100023301,0,7,,0,2,3,15,A01
202100023301,0,33,,1,2,1,1,B01
202100023302,3,7,,0,2,3,1,A01
202100023302,3,7,,0,2,3,17,Z01
202100023303,3,7,,0,2,2,1,Z01
202100023303,3,7,,0,2,3,1,A01
202100023304,1,1,,0,2,7,26,A01
202100023304,2,7,,0,2,3,15,B01
202100023305,3,7,,0,2,2,15,A01
202100023305,0,30,,0,2,1,1,B01
202100023306,1,7,,0,2,3,1,A01
202100023306,2,7,,0,2,3,1,B01
202100023307,1,2,,0,2,1,19,A01
202100023307,1,7,,0,2,1,1,B01
202100023308,1,31,,0,2,1,3,B01
202100023308,2,7,,0,2,2,10,A01
202100023309,3,99,,0,2,1,1,B01
202100023309,3,1,,0,2,1,16,A01
202100023310,3,50,,0,1,1,1,A01
202100023311,1,7,,0,2,1,1,A01
202100023311,1,30,,0,2,7,1,Z01
202100023312,1,80,,0,2,0,1,B01
202100023312,1,7,,0,2,3,15,A01
202100023313,1,7,,0,2,1,2,A01
202100023313,1,7,,0,2,4,23,C01
202100023313,1,7,,0,2,4,23,B01
202100023314,2,7,,0,2,7,14,A01
202100023314,2,7,,0,2,8,24,B01
202100023315,2,30,,12,0,1,14,A01
202100023316,1,30,,0,2,6,13,B01
202100023316,1,7,,0,2,2,1,A01
202100023317,2,1,,0,2,3,15,B01
202100023317,2,30,,0,2,1,2,A01
202100023318,1,10,,12,1,7,14,A01
202100023319,2,7,,0,2,1,15,A01
202100023319,1,7,,0,2,3,1,B01
202100023320,1,31,,0,2,1,1,A01
202100023320,1,7,,0,2,8,10,B01
202100023321,1,7,,12,0,2,0,A01
202100023322,1,7,,0,2,1,2,A01
202100023322,1,7,,0,2,6,23,B01
202100023323,1,7,,0,2,2,1,B01
202100023323,1,30,,0,2,1,1,A01
202100023324,1,37,1.0,0,0,0,0,A01
202100023324,2,1,,0,2,1,1,B01
202100023325,0,7,,0,2,4,23,D01
202100023325,0,7,,0,2,1,1,A01
202100023325,0,7,,0,2,1,23,B01
202100023325,0,7,,0,2,1,23,C01
202100023326,2,7,,0,1,7,1,A01
202100023327,1,7,,0,2,3,17,A01
202100023327,3,7,,0,2,3,1,B01
202100023328,3,1,,0,2,8,0,B01
202100023328,0,34,,0,2,2,0,A01
202100023329,2,7,,0,2,2,1,B01
202100023329,1,2,,9,2,1,10,A01
202100023330,1,7,,0,2,3,13,A01
202100023330,2,14,,0,2,3,1,B01
202100023331,1,7,,0,0,4,0,A01
202100023331,1,7,,1,0,1,0,B01
202100023332,2,7,,2,0,0,1,A01
202100023333,3,7,,0,2,2,20,A01
202100023333,3,50,,0,2,8,1,B01
202100023334,0,7,,0,1,3,1,A01
202100023335,2,7,,2,0,1,1,A01
202100023336,2,7,,0,0,5,1,B01
202100023336,2,7,,8,2,1,14,A01
202100023337,3,7,,0,2,3,1,B01
202100023337,3,7,,0,2,2,13,A01
202100023338,1,7,,1,0,1,1,A01
202100023339,2,7,,0,2,1,1,B01
202100023339,2,7,,0,2,1,13,A01
202100023340,1,7,,0,2,3,19,C01
202100023340,2,7,,0,2,2,19,A01
202100023340,2,7,,0,2,3,1,B01
202100023341,1,7,,0,2,1,1,B01
202100023341,2,7,,0,2,1,1,A01
202100023342,2,7,,0,0,3,21,A01
202100023343,1,31,,0,0,0,0,A01
202100023344,1,7,,13,0,0,1,A01
202100023345,0,33,,0,0,0,0,A01
202100023346,2,33,,0,2,1,1,A01
202100023346,1,7,,0,0,1,1,B01
202100023347,2,31,,0,0,0,1,A01
202100023348,0,1,,0,0,7,1,B01
202100023348,0,7,,0,0,1,1,A01
202100023349,2,2,,0,2,1,1,B01
202100023349,2,7,,0,2,2,15,A01
202100023349,1,1,,0,2,1,1,C01
202100023350,1,7,,0,0,9,1,A01
202100023351,2,7,,0,2,3,13,A01
202100023351,1,33,,0,2,1,1,B01
202100023352,1,7,,2,0,3,0,A01
202100023353,0,7,,0,2,1,5,A01
202100023353,0,7,,0,2,1,1,B01
202100023354,2,7,,0,0,5,23,B01
202100023354,2,33,,0,2,1,2,A01
202100023355,1,7,,2,0,7,1,A01
202100023356,2,2,,0,0,0,0,A01
202100023357,2,33,,0,2,1,1,B01
202100023357,3,7,,0,2,7,15,A01
202100023358,1,31,,12,0,1,1,A01
202100023359,0,10,,2,0,3,1,A01
202100023360,3,7,,0,2,3,1,B01
202100023360,3,7,,0,2,3,16,A01
202100023361,1,1,,0,0,4,2,B01
202100023361,1,7,,0,9,2,2,A01
202100023362,3,33,,0,0,1,1,A01
202100023363,2,7,,0,1,2,1,A01
202100023364,1,7,,0,9,1,1,A01
202100023364,2,1,,0,2,8,5,B01
202100023365,1,7,,2,0,1,1,A01
202100023366,2,7,,0,0,4,2,A01
202100023366,2,7,,0,0,1,2,B01
202100023367,3,31,,0,0,8,1,A01
202100023367,3,7,,0,0,-1,1,B01
202100023368,2,7,,0,1,3,1,A01
202100023369,3,2,,0,2,1,1,B01
202100023369,3,7,,0,2,1,1,A01
202100023370,3,31,,6,0,1,0,A01
202100023371,3,7,,2,0,1,1,A01
202100023372,2,7,,0,2,1,1,B01
202100023372,2,7,,0,2,1,9,A01
202100023373,1,10,,0,2,3,15,A01
202100023373,2,32,,0,2,1,1,B01
202100023374,1,33,,3,0,7,1,A01
202100023375,2,7,,0,2,1,1,A01
202100023375,2,7,,0,0,4,21,B01
202100023376,1,7,,0,2,1,1,B01
202100023376,2,7,,0,2,8,19,A01
202100023377,1,33,,0,2,3,1,A01
202100023377,2,10,,0,2,2,19,B01
202100023378,2,33,,0,0,0,1,A01
202100023379,3,1,,0,2,1,2,D01
202100023379,3,1,,0,2,1,2,C01
202100023379,3,1,,0,2,1,2,B01
202100023379,3,1,,0,0,4,15,A01
202100023380,1,33,,0,2,1,1,B01
202100023380,3,7,,0,2,8,15,A01
202100023381,2,7,,0,2,1,1,B01
202100023381,1,7,,0,2,8,19,A01
202100023382,1,10,,0,2,1,13,B01
202100023382,2,7,,0,2,1,1,A01
202100023383,1,33,,12,0,8,0,A01
202100023384,2,7,,16,0,0,1,A01
202100023385,2,7,,0,2,3,1,B01
202100023385,1,7,,0,2,2,15,A01
202100023386,2,1,,0,2,1,5,A01
202100023386,1,7,,0,2,3,21,B01
202100023387,2,7,,0,2,4,2,B01
202100023387,2,7,,0,2,1,2,A01
202100023388,2,7,,0,2,4,1,B01
202100023388,2,7,,0,2,1,1,A01
202100023389,2,34,,0,2,8,11,A01
202100023389,2,33,,0,2,8,3,B01
202100023390,1,7,,3,0,1,13,A01
202100023391,1,7,,0,2,1,1,B01
202100023391,1,10,,0,2,4,2,A01
202100023392,1,7,,0,2,8,11,Z01
202100023392,1,99,,0,2,6,1,B01
202100023392,1,33,,0,2,7,3,A01
202100023393,1,33,,0,2,4,1,B01
202100023393,1,7,,0,2,2,12,A01
202100023394,2,7,,4,0,1,26,A01
202100023395,1,10,,0,2,4,1,C01
202100023395,1,33,,0,2,2,3,A01
202100023395,1,7,,0,2,5,12,B01
202100023396,2,33,,0,9,8,1,A01
202100023397,1,7,,0,1,1,1,A01
202100023398,2,30,,1,0,0,0,B01
202100023398,2,15,,0,2,5,24,A01
202100023399,1,17,,0,2,4,4,A01
202100023399,1,7,,0,2,1,2,B01
202100023400,2,30,,1,0,2,2,A01
202100023400,2,32,,1,0,2,2,B01
202100023400,1,7,,1,2,2,20,C01
202100023401,1,7,,0,2,2,1,Z01
202100023401,2,2,,0,0,0,0,B01
202100023402,0,10,,0,2,2,0,Z01
202100023402,3,2,,0,2,8,26,B01
202100023403,3,2,,0,2,1,1,B01
202100023403,1,7,,0,2,2,12,A01
202100023404,2,7,,0,2,5,1,B01
202100023404,2,30,,0,2,1,1,A01
202100023405,2,7,,0,2,3,15,A01
202100023405,1,7,,6,2,1,1,B01
202100023406,2,7,,0,1,2,1,A01
202100023407,3,10,,0,2,2,15,A01
202100023407,3,10,,0,2,1,1,B01
202100023408,2,33,,0,0,0,15,A01
202100023409,0,7,,0,2,2,1,B01
202100023409,0,7,,0,2,0,9,A01
202100023410,2,7,,0,1,7,16,A01
202100023411,1,7,,0,1,1,20,A01
202100023412,0,34,,0,0,0,0,A01
202100023413,1,7,,0,1,5,1,A01
202100023414,1,7,,8,0,2,14,A01
202100023415,1,7,,0,2,8,1,B01
202100023415,2,1,,0,2,1,19,A01
202100023416,3,2,,0,2,1,1,B01
202100023416,3,7,,0,2,3,15,A01
202100023417,2,2,,0,2,3,2,B01
202100023417,2,7,,0,2,2,16,A01
202100023418,1,7,,0,1,2,1,A01
202100023419,1,2,,0,0,1,26,A01