Num_Acc,senc,catv,occutc,obs,obsm,choc,manv,num_veh
202100023420,0,50,,0,2,1,19,B01
202100023420,2,7,,0,2,2,1,A01
202100023421,2,7,,0,2,1,1,B01
202100023421,1,7,,0,2,1,1,A01
202100023422,2,7,,0,2,8,1,B01
202100023422,1,7,,0,2,8,13,A01
202100023423,1,7,,0,9,4,23,B01
202100023423,1,2,,0,2,1,26,A01
202100023424,1,33,,0,2,2,1,B01
202100023424,3,7,,0,2,3,15,A01
202100023425,2,2,,0,2,1,1,B01
202100023425,1,7,,0,2,2,15,A01
202100023426,2,10,,0,1,1,2,Z01
202100023427,3,7,,12,0,1,13,A01
202100023428,1,7,,0,2,2,16,B01
202100023428,2,1,,0,2,1,5,A01
202100023429,1,50,,0,2,1,1,B01
202100023429,1,7,,0,2,6,15,A01
202100023430,2,7,,4,0,0,2,A01
202100023431,2,7,,0,2,2,15,A01
202100023431,1,32,,0,2,1,1,B01
202100023432,2,33,,0,2,1,2,A01
202100023432,2,7,,0,2,4,2,B01
202100023433,2,10,,0,2,4,16,B01
202100023433,2,34,,0,2,1,1,A01
202100023434,1,7,,0,2,3,9,A01
202100023434,3,1,,0,2,7,1,B01
202100023435,1,7,,0,0,9,1,A01
202100023436,0,7,,0,1,1,9,A01
202100023437,1,32,,0,2,5,15,B01
202100023437,1,7,,0,2,3,9,A01
202100023438,1,7,,8,0,2,1,A01
202100023439,2,1,,0,2,7,15,B01
202100023439,2,7,,0,2,7,16,A01
202100023440,1,30,,0,2,1,1,A01
202100023440,2,7,,0,2,2,1,B01
202100023441,2,7,,0,2,4,23,B01
202100023441,2,7,,1,0,1,2,A01
202100023442,0,7,,0,2,0,0,B01
202100023442,0,7,,0,2,0,17,A01
202100023443,3,10,,0,1,3,15,A01
202100023444,0,7,,0,2,2,1,A01
202100023444,3,33,,0,2,1,1,B01
202100023445,3,7,,0,1,1,1,A01
202100023446,2,32,,0,1,1,1,A01
202100023447,2,7,,0,2,0,0,Z01
202100023447,1,2,,0,2,1,0,B01
202100023448,1,3,,0,1,1,1,A01
202100023449,2,7,,0,2,1,2,A01
202100023449,1,7,,0,2,4,2,B01
202100023450,1,10,,0,1,8,15,A01
202100023451,1,14,,0,2,2,16,A01
202100023451,1,80,,0,2,8,1,B01
202100023452,1,1,,0,2,0,15,A01
202100023452,1,30,,0,2,1,1,B01
202100023453,2,37,3.0,0,1,2,1,A01
202100023454,1,7,,0,2,2,23,B01
202100023454,1,30,,0,2,3,13,A01
202100023455,2,32,,1,2,9,1,B01
202100023455,1,7,,0,2,0,10,A01
202100023456,2,7,,0,2,2,16,A01
202100023456,2,33,,0,2,3,18,B01
202100023457,2,33,,0,0,1,1,A01
202100023458,1,7,,0,1,3,1,A01
202100023459,1,30,,0,2,1,7,Z01
202100023459,1,30,,0,2,4,7,A01
202100023459,1,32,,0,2,4,7,B01
202100023460,2,1,,0,2,0,13,B01
202100023460,1,1,,0,2,1,1,A01
202100023461,0,32,,14,0,1,1,A01
202100023462,2,33,,0,2,1,1,B01
202100023462,2,7,,0,2,6,15,A01
202100023463,2,7,,0,2,7,1,B01
202100023463,1,2,,0,2,1,2,A01
202100023464,3,7,,9,0,0,0,A01
202100023464,3,10,,9,2,1,26,Z01
202100023465,3,7,,0,2,3,1,A01
202100023465,3,30,,0,2,1,7,B01
202100023466,-1,7,,0,2,2,0,B01
202100023466,-1,7,,0,2,4,0,A01
202100023467,0,7,,0,2,3,1,B01
202100023467,0,2,,0,2,2,2,A01
202100023468,2,13,,0,0,0,9,A01
202100023468,2,31,,0,1,0,17,B01
202100023469,3,7,,0,2,2,15,A01
202100023469,3,33,,0,2,7,0,B01
202100023470,2,10,,0,2,7,1,B01
202100023470,1,30,,0,2,1,1,A01
202100023471,2,30,,0,0,7,21,A01
202100023472,1,14,,0,1,8,16,A01
202100023473,2,7,,0,1,2,1,A01
202100023474,1,33,,0,0,3,1,A01
202100023475,1,1,,0,2,1,1,A01
202100023475,2,10,,0,2,2,1,B01
202100023476,2,33,,0,1,3,1,A01
202100023477,2,33,,0,0,4,2,C01
202100023477,2,33,,0,0,4,2,B01
202100023477,2,7,,0,2,1,2,A01
202100023478,2,13,,0,2,1,1,B01
202100023478,1,7,,0,2,1,1,A01
202100023479,0,31,,0,0,5,1,A01
202100023479,0,10,,0,2,2,15,B01
202100023480,2,33,,13,0,1,13,A01
202100023481,2,1,,0,0,0,2,A01
202100023482,1,7,,13,2,3,1,B01
202100023482,2,33,,0,2,1,13,A01
202100023483,1,7,,13,0,2,2,A01
202100023484,2,7,,0,1,1,1,A01
202100023485,1,7,,0,2,3,9,B01
202100023485,2,7,,13,2,2,1,A01
202100023486,1,10,,0,1,1,1,A01
202100023487,1,10,,0,2,3,1,B01
202100023487,2,33,,0,2,1,17,A01
202100023488,1,33,,0,2,1,1,A01
202100023488,2,7,,0,2,5,15,B01
202100023489,2,7,,0,1,3,1,A01
202100023490,2,33,,0,1,1,17,A01
202100023491,1,7,,16,0,2,13,A01
202100023492,1,13,,0,2,8,1,B01
202100023492,1,36,,0,2,2,17,A01
202100023493,3,1,,0,2,8,15,A01
202100023493,1,7,,0,2,1,1,B01
202100023494,1,7,,0,2,3,13,B01
202100023494,2,7,,0,2,3,1,A01
202100023495,2,30,,0,2,7,1,A01
202100023495,2,7,,0,2,1,15,B01
202100023496,1,33,,3,0,1,13,A01
202100023497,1,2,,0,0,0,1,A01
202100023498,1,7,,0,2,4,2,B01
202100023498,1,30,,0,2,1,2,A01
202100023499,1,33,,3,0,8,0,A01
202100023500,2,7,,0,2,2,1,A01
202100023500,1,1,,0,2,7,15,B01
202100023501,2,7,,13,0,9,1,A01
202100023502,2,33,,13,0,0,1,A01
202100023503,2,7,,0,2,1,2,C01
202100023503,2,7,,3,2,1,1,B01
202100023503,1,33,,0,6,1,21,A01
202100023504,1,33,,0,2,1,2,B01
202100023504,1,7,,0,0,5,15,A01
202100023505,0,7,,8,0,1,15,A01
202100023506,0,33,,0,0,2,0,B01
202100023506,0,33,,0,0,6,0,A01
202100023507,1,7,,0,2,2,1,B01
202100023507,1,7,,0,2,1,1,A01
202100023508,3,43,,13,0,1,1,A01
202100023509,2,33,,0,6,1,1,A01
202100023510,1,7,,3,0,1,14,A01
202100023511,1,7,,6,0,1,1,A01
202100023512,3,31,,0,0,1,1,B01
202100023512,3,7,,0,0,7,10,A01
202100023513,1,33,,0,0,8,21,A01
202100023514,2,10,,0,2,2,2,A01
202100023514,2,1,,0,2,6,2,B01
202100023515,1,7,,13,0,3,1,A01
202100023516,1,1,,0,2,1,0,B01
202100023516,1,10,,0,2,2,17,A01
202100023517,1,33,,0,2,1,17,A01
202100023517,1,7,,0,0,3,15,B01
202100023518,2,7,,0,2,1,1,B01
202100023518,1,7,,0,2,1,15,A01
202100023519,1,7,,0,2,8,1,A01
202100023519,3,1,,0,2,2,19,B01
202100023520,1,7,,0,0,5,15,B01
202100023520,1,7,,0,2,3,2,A01
202100023521,2,31,,0,2,1,0,B01
202100023521,1,7,,0,2,3,15,A01
202100023522,0,99,,6,0,1,13,A01
202100023523,1,7,,3,2,8,1,A01
202100023523,1,15,,0,0,6,1,B01
202100023524,3,30,,0,2,1,13,B01
202100023524,3,7,,0,2,2,5,A01
202100023525,3,10,,16,0,9,14,A01
202100023526,3,10,,0,1,2,0,A01
202100023527,3,7,,6,0,3,1,A01
202100023528,1,99,,0,1,0,0,B01
202100023529,3,7,,0,2,3,26,A01
202100023529,3,33,,0,2,1,19,B01
202100023530,2,33,,0,2,0,0,A01
202100023531,3,7,,0,1,1,1,A01
202100023532,1,7,,2,0,2,6,A01
202100023533,1,15,,0,2,1,1,B01
202100023533,1,7,,0,2,7,19,A01
202100023534,2,43,,0,2,2,1,B01
202100023534,2,7,,0,2,3,16,A01
202100023535,2,7,,0,2,3,5,A01
202100023535,1,33,,0,2,1,1,B01
202100023536,2,33,,3,0,0,17,A01
202100023537,1,7,,0,2,1,13,A01
202100023537,2,7,,0,2,3,1,B01
202100023537,2,33,,0,2,1,1,C01
202100023538,0,7,,0,2,1,17,A01
202100023538,0,7,,0,2,1,1,B01
202100023539,2,33,,0,2,1,21,B01
202100023539,0,7,,0,2,3,19,A01
202100023540,2,10,,16,2,1,1,A01
202100023540,1,7,,0,2,1,1,B01
202100023541,3,10,,0,1,2,1,A01
202100023542,3,7,,5,0,3,0,A01
202100023543,2,7,,12,0,3,1,A01
202100023544,1,7,,0,2,1,13,A01
202100023544,2,7,,0,2,1,1,B01
202100023545,3,2,,0,2,2,1,B01
202100023545,3,7,,0,2,3,19,A01
202100023546,3,7,,0,2,3,13,B01
202100023546,3,7,,0,2,3,1,A01
202100023547,2,7,,0,0,8,15,A01
202100023547,2,7,,0,2,2,17,B01
202100023548,2,15,,0,0,6,15,B01
202100023548,2,33,,0,2,1,17,A01
202100023549,1,7,,4,0,2,0,A01
202100023550,1,7,,0,2,6,9,A01
202100023550,1,7,,0,2,2,1,B01
202100023551,1,33,,16,0,0,1,A01
202100023552,2,33,,12,0,0,0,A01
202100023553,1,7,,0,2,1,2,A01
202100023553,1,7,,0,2,4,2,B01
202100023554,1,7,,0,2,4,12,A01
202100023554,1,14,,0,2,1,2,B01
202100023555,1,7,,0,2,4,1,B01
202100023555,1,7,,0,2,1,1,A01
202100023556,1,17,,0,2,2,2,B01
202100023556,1,7,,0,2,4,1,A01
202100023557,1,33,,0,2,1,1,A01
202100023557,1,7,,0,2,3,23,B01
202100023558,1,50,,0,2,1,15,B01
202100023558,2,7,,0,2,3,9,A01
202100023559,1,43,,0,0,4,0,B01
202100023559,1,7,,0,0,3,26,A01
202100023560,2,14,,0,1,8,1,A01
202100023561,1,7,,0,2,4,23,B01
202100023561,1,2,,0,2,1,0,A01
202100023562,2,7,,0,2,8,2,B01
202100023562,2,33,,0,2,8,2,A01
202100023563,2,7,,0,2,6,15,B01
202100023563,2,7,,0,2,1,17,A01
202100023564,3,1,,0,2,5,15,B01
202100023564,3,7,,0,2,3,1,A01
202100023565,2,7,,0,2,1,1,A01
202100023565,2,7,,0,2,4,23,B01
202100023566,1,7,,0,2,3,15,B01
202100023566,1,7,,0,2,2,17,A01
202100023567,3,2,,0,2,8,1,B01
202100023567,3,1,,0,2,7,15,A01
202100023568,3,30,,0,0,7,26,A01
202100023569,1,31,,0,2,4,23,A01
202100023570,0,7,,0,2,8,1,F01
202100023570,1,10,,0,2,0,1,E01
202100023570,1,7,,0,2,0,1,D01
202100023570,1,7,,0,2,7,1,C01
202100023570,1,7,,0,2,1,1,B01
202100023570,2,7,,0,2,3,5,A01
202100023571,1,7,,15,0,2,26,A01
202100023572,0,7,,1,0,9,0,A01
202100023573,1,30,,5,0,1,0,A01
202100023574,3,99,,1,0,1,26,A01
202100023575,1,7,,0,2,4,1,B01
202100023575,1,3,,0,2,4,1,C01
202100023575,1,7,,0,2,1,1,A01
202100023576,3,30,,0,0,8,1,A01
202100023577,1,33,,0,2,1,1,B01
202100023577,2,7,,0,2,6,15,A01
202100023578,2,7,,0,2,2,2,A01
202100023578,2,7,,0,2,6,2,B01
202100023579,3,7,,0,2,7,1,A01
202100023579,3,7,,0,2,1,1,B01
202100023580,1,7,,0,2,1,2,A01
202100023580,1,7,,0,2,4,2,B01
202100023581,3,33,,0,2,8,1,B01
202100023581,3,7,,0,2,3,26,A01
202100023582,0,34,,1,0,1,2,A01
202100023583,1,7,,0,2,6,6,B01
202100023583,1,33,,0,2,1,1,A01
202100023584,2,7,,1,2,3,9,B01
202100023584,2,33,,0,2,1,3,A01
202100023585,1,3,,0,2,1,1,A01
202100023585,2,7,,0,2,7,15,B01
202100023586,1,7,,0,2,3,1,B01
202100023586,3,1,,0,2,1,19,A01
202100023587,1,7,,0,2,1,16,A01
202100023587,2,14,,0,2,2,1,B01
202100023588,3,99,,0,0,7,15,A01
202100023589,2,10,,13,0,0,0,A01
202100023590,2,7,,9,0,8,13,A01
202100023591,3,7,,0,2,3,26,A01
202100023591,2,1,,0,2,1,1,B01
202100023592,1,7,,0,2,2,1,A01
202100023592,1,33,,0,2,5,10,B01
202100023593,2,7,,0,2,1,1,B01
202100023593,1,7,,0,2,1,15,A01
202100023594,1,33,,0,2,1,1,B01
202100023594,2,10,,0,2,2,15,A01
202100023595,2,7,,6,0,1,21,A01
202100023596,2,7,,0,2,1,1,B01
202100023596,2,7,,0,2,1,1,A01
202100023596,1,7,,0,2,1,1,C01
202100023596,2,7,,0,2,1,1,D01
202100023597,3,7,,0,1,7,1,Z01
202100023598,3,7,,0,2,1,1,A01
202100023598,3,7,,8,2,7,1,B01
202100023599,2,99,,0,2,1,5,B01
202100023599,1,7,,0,9,2,12,A01
202100023600,1,30,,0,0,0,1,A01
202100023601,1,7,,0,2,3,1,A01
202100023602,1,7,,0,2,1,1,A01
202100023602,1,7,,0,2,4,23,B01
202100023603,2,7,,0,2,3,15,A01
202100023603,1,32,,0,2,1,1,B01
202100023604,3,7,,0,2,6,24,B01
202100023604,2,7,,1,0,2,14,A01
202100023605,2,7,,0,2,0,0,A01
202100023605,2,37,2.0,0,2,3,1,B01
202100023606,1,7,,0,1,3,1,A01
202100023607,3,7,,0,2,4,1,B01
202100023607,3,1,,0,2,1,1,A01
202100023608,3,7,,1,0,1,14,A01
202100023608,0,7,,0,0,6,24,B01
202100023609,3,1,,0,2,8,19,B01
202100023609,3,7,,0,2,1,1,A01
202100023610,2,7,,0,2,2,1,A01
202100023610,2,33,,0,2,8,1,B01
202100023611,2,7,,0,2,8,1,C01
202100023611,2,10,,0,2,2,1,B01
202100023611,2,7,,0,2,3,11,A01
202100023611,2,7,,0,2,5,1,I01
202100023611,2,7,,0,2,2,1,H01
202100023611,2,7,,0,2,5,1,G01
202100023611,2,10,,0,2,6,1,K01
202100023611,2,7,,0,2,6,1,E01
202100023611,2,7,,0,2,6,1,F01
202100023611,2,7,,0,2,6,1,J01
202100023611,2,7,,0,2,5,1,D01
202100023612,1,1,,0,2,0,1,B01
202100023612,1,10,,0,2,2,16,A01
202100023613,1,1,,0,2,2,9,A01
202100023613,1,1,,0,2,1,1,B01
202100023614,1,1,,0,2,7,1,B01
202100023614,1,7,,0,2,8,22,A01
202100023615,1,7,,0,2,8,22,A01
202100023615,1,1,,0,2,1,1,B01
202100023616,2,30,,0,1,7,1,A01
202100023617,2,7,,0,2,2,15,A01
202100023617,1,32,,0,2,1,1,B01
202100023618,1,7,,0,2,0,0,B01
202100023618,1,7,,0,2,1,1,A01
202100023619,2,7,,1,0,2,14,A01
202100023620,2,7,,0,2,2,26,A01
202100023620,2,1,,0,2,3,26,B01
202100023621,0,7,,0,2,4,10,A01
202100023621,0,33,,0,2,1,1,B01
202100023622,3,7,,0,2,3,1,A01
202100023622,3,33,,0,2,4,1,B01
202100023623,1,7,,0,2,3,9,A01
202100023623,1,32,,0,2,1,1,B01
202100023624,2,33,,0,2,1,1,B01
202100023624,1,7,,0,2,5,15,A01
202100023625,2,7,,0,2,3,15,A01
202100023625,2,14,,0,2,3,1,B01
202100023626,3,7,,0,1,1,2,A01
202100023627,1,7,,0,2,1,16,B01
202100023627,1,1,,0,2,7,19,A01
202100023628,2,33,,0,2,6,1,B01
202100023628,1,7,,0,2,3,15,A01
202100023629,1,7,,0,2,1,5,A01
202100023629,2,15,,0,2,1,1,B01
202100023630,2,10,,4,0,1,1,A01
202100023631,2,7,,8,0,1,0,A01
202100023632,1,36,,0,0,7,0,A01
202100023633,1,7,,0,0,3,2,A01
202100023634,1,1,,0,2,0,5,A01
202100023634,2,14,,0,2,1,1,B01
202100023635,0,36,,2,0,1,14,A01
202100023636,3,7,,2,9,1,0,A01
202100023637,2,33,,0,0,3,21,A01
202100023638,3,1,,0,2,1,1,A01
202100023638,3,21,,0,2,1,1,B01
202100023639,1,15,,0,2,3,1,B01
202100023639,2,33,,0,2,3,17,A01
202100023640,2,7,,0,0,6,1,B01
202100023640,1,7,,8,2,3,1,A01
202100023641,1,7,,0,0,9,1,A01
202100023642,2,31,,0,2,7,3,A01
202100023642,2,7,,0,2,8,15,B01
202100023643,1,7,,0,0,1,1,A01
202100023643,2,7,,0,0,1,11,B01
202100023644,0,7,,0,2,8,19,A01
202100023644,0,7,,0,2,1,1,B01
202100023645,1,7,,0,2,3,13,A01
202100023645,2,33,,0,2,8,1,B01
202100023646,1,33,,12,0,1,2,A01
202100023647,2,7,,0,1,1,1,A01
202100023648,2,7,,0,2,1,2,C01
202100023648,2,2,,0,0,1,1,B01
202100023648,1,7,,0,2,1,15,A01
202100023649,1,33,,0,2,8,1,B01
202100023649,2,7,,0,2,3,13,A01
202100023650,1,7,,0,2,2,13,A01
202100023650,2,15,,0,2,1,1,B01
202100023651,1,10,,1,1,1,2,A01
202100023652,2,7,,0,2,4,1,B01
202100023652,2,13,,0,2,1,2,A01
202100023653,2,33,,0,2,1,1,B01
202100023653,1,14,,0,0,7,26,A01
202100023654,2,7,,0,0,1,19,A01
202100023655,3,7,,0,2,6,15,B01
202100023655,3,33,,0,2,1,1,A01
202100023656,2,7,,14,0,1,1,A01
202100023657,1,7,,0,2,3,1,B01
202100023657,2,2,,0,2,1,13,A01
202100023658,2,10,,0,1,3,1,A01
202100023659,2,7,,0,1,1,1,A01
202100023660,2,60,,0,0,0,1,A01
202100023661,2,2,,0,2,1,1,B01
202100023661,2,7,,0,2,8,15,A01
202100023662,3,7,,0,2,4,4,A01
202100023662,3,50,,0,2,1,1,B01
202100023663,1,2,,0,2,1,17,B01
202100023663,1,99,,0,0,8,15,A01
202100023664,1,7,,0,2,2,17,A01
202100023664,1,7,,0,2,8,11,B01
202100023664,1,7,,0,2,6,1,C01
202100023665,1,7,,0,2,3,1,A01
202100023665,2,7,,0,2,3,1,B01
202100023666,1,7,,0,2,2,3,B01
202100023666,1,7,,3,2,6,1,A01
202100023666,1,7,,0,9,1,1,C01
202100023667,2,7,,6,0,1,1,A01
202100023668,2,7,,0,2,0,0,A01
202100023668,2,7,,0,2,4,2,B01
202100023669,2,10,,0,2,4,2,B01
202100023669,2,7,,0,2,1,2,A01
202100023670,1,7,,0,0,0,0,B01
202100023670,1,32,,0,2,1,2,C01
202100023670,1,7,,0,2,1,2,A01
202100023671,2,10,,4,0,6,21,A01
202100023672,1,7,,1,0,4,23,A01
202100023672,1,7,,1,0,9,2,B01
202100023672,1,7,,14,2,9,1,C01
202100023672,1,32,,14,2,9,2,D01
202100023673,3,32,,0,2,1,1,B01
202100023673,3,7,,0,2,1,1,A01
202100023674,1,2,,0,2,7,1,B01
202100023674,1,10,,0,2,1,1,A01
202100023675,1,7,,0,1,1,2,A01
202100023676,2,7,,2,2,1,21,A01
202100023676,2,7,,0,2,4,1,B01
202100023677,3,33,,0,0,7,1,A01
202100023678,1,7,,0,2,3,0,A01
202100023678,1,7,,0,2,1,0,B01
202100023679,2,33,,0,2,0,1,A01
202100023680,1,7,,8,0,1,1,A01
202100023681,3,7,,0,2,7,16,A01
202100023681,3,80,,0,2,1,2,B01
202100023682,3,7,,0,1,2,1,A01
202100023683,1,7,,7,0,7,14,A01
202100023684,2,7,,0,2,1,15,A01
202100023684,1,30,,0,2,0,1,B01
202100023685,1,7,,0,2,2,0,B01
202100023685,1,7,,0,2,1,1,A01
202100023686,3,7,,0,2,4,2,B01
202100023686,3,30,,0,2,1,2,A01
202100023687,0,7,,0,2,4,23,C01
202100023687,0,7,,0,2,4,23,B01
202100023687,0,7,,0,2,1,2,A01
202100023688,3,7,,0,2,1,1,B01
202100023688,3,1,,0,2,8,19,A01
202100023689,3,10,,0,1,1,1,A01
202100023690,3,7,,0,2,6,1,C01
202100023690,3,36,,0,2,2,1,B01
202100023690,3,1,,0,2,8,9,A01
202100023691,2,7,,2,0,2,14,A01
202100023692,1,1,,0,2,7,16,B01
202100023692,1,7,,0,2,3,9,A01
202100023693,2,80,,0,2,3,11,A01
202100023693,2,7,,0,2,2,13,Z01
202100023694,1,33,,0,2,3,18,A01
202100023694,1,7,,0,2,2,16,B01
202100023695,2,7,,0,2,4,2,B01
202100023695,2,7,,0,2,1,2,A01
202100023696,2,7,,1,0,2,14,A01
202100023697,2,10,,0,2,1,15,A01
202100023697,1,30,,0,2,1,1,B01
202100023698,2,0,,0,1,0,0,Z01
202100023699,2,7,,0,2,1,9,A01
202100023699,2,80,,0,2,7,1,B01
202100023700,3,1,,0,2,3,9,B01
202100023700,3,7,,0,9,3,26,A01
202100023701,3,7,,0,9,1,1,A01
202100023701,3,1,,0,2,0,0,B01
202100023702,2,7,,0,2,3,15,B01
202100023702,2,2,,0,2,7,1,A01
202100023703,2,2,,0,2,0,2,A01
202100023703,2,2,,0,2,0,2,B01
202100023704,3,7,,0,9,2,1,B01
202100023704,3,1,,0,2,1,1,A01
202100023705,1,7,,0,9,4,2,B01
202100023705,1,1,,0,2,1,2,A01
202100023706,1,2,,0,2,1,1,A01
202100023706,1,7,,0,9,8,15,B01
202100023707,3,7,,0,2,5,2,B01
202100023707,3,7,,0,2,1,2,A01
202100023708,2,7,,0,2,8,26,A01
202100023708,1,7,,0,2,2,1,B01
202100023709,1,7,,0,1,1,1,A01
202100023710,3,2,,0,0,1,9,A01
202100023711,3,7,,0,2,1,2,A01
202100023711,3,7,,0,2,4,2,B01
202100023712,2,7,,0,2,4,23,B01
202100023712,2,7,,14,0,1,1,A01
202100023713,2,7,,2,0,6,1,A01
202100023714,2,1,,0,2,1,7,B01
202100023714,2,7,,0,2,3,22,A01
202100023715,2,7,,0,2,1,1,B01
202100023715,1,7,,0,2,3,15,A01
202100023716,2,30,,0,0,0,1,A01
202100023717,1,10,,0,2,2,0,A01
202100023717,2,33,,0,2,7,0,B01
202100023718,3,1,,1,0,1,1,B01
202100023718,3,7,,0,2,8,24,A01
202100023719,1,7,,0,2,2,1,A01
202100023719,3,7,,0,2,3,15,B01
202100023720,3,7,,0,2,7,1,A01
202100023720,2,7,,12,2,7,19,B01
202100023721,2,7,,0,2,3,20,A01
202100023721,2,1,,0,2,1,1,B01
202100023722,1,7,,0,0,4,23,B01
202100023722,1,10,,0,2,1,1,A01
202100023723,3,7,,1,0,1,20,A01
202100023724,1,7,,0,2,1,1,B01
202100023724,1,7,,0,2,3,13,A01
202100023725,1,7,,0,2,2,1,A01
202100023725,1,1,,0,2,8,19,B01
202100023726,3,7,,0,1,0,0,Z01
202100023727,0,31,,12,2,0,21,B01
202100023727,0,7,,0,2,0,9,A01
202100023728,1,10,,0,2,6,13,B01
202100023728,2,32,,0,2,1,1,A01
202100023729,0,43,,11,0,8,26,A01
202100023730,3,7,,0,1,1,26,A01
202100023731,1,7,,0,2,3,15,A01
202100023731,2,7,,0,2,1,1,B01
202100023732,3,33,,0,0,8,15,A01
202100023733,3,30,,6,0,1,26,A01
202100023734,1,7,,0,2,1,5,A01
202100023734,2,7,,0,2,0,0,B01
202100023734,2,7,,0,2,1,2,C01
202100023735,2,7,,0,2,2,1,B01
202100023735,2,10,,0,2,6,11,A01
202100023736,1,7,,4,0,2,14,A01
202100023737,0,32,,11,0,1,13,A01
202100023738,2,10,,0,2,1,2,A01
202100023738,2,10,,0,2,4,2,B01
202100023738,2,10,,0,2,4,2,C01
202100023739,1,34,,0,2,2,1,B01
202100023739,1,7,,0,2,8,22,A01
202100023740,1,7,,0,2,3,1,B01
202100023740,1,7,,0,2,1,1,A01
202100023741,1,7,,0,2,6,2,A01
202100023741,1,7,,0,2,4,23,B01
202100023741,1,7,,0,2,1,2,Z01
202100023742,1,7,,0,2,1,13,A01
202100023742,2,7,,0,2,1,1,B01
202100023743,2,33,,0,2,1,1,B01
202100023743,2,7,,0,2,5,1,A01
202100023744,0,50,,12,0,0,13,A01
202100023745,2,33,,0,2,7,1,A01
202100023745,2,10,,0,2,1,1,B01
202100023746,2,1,,0,2,2,1,B01
202100023746,1,7,,0,2,1,1,A01
202100023747,3,7,,4,0,1,1,A01
202100023748,2,7,,0,2,6,1,B01
202100023748,1,7,,0,2,3,15,A01
202100023749,2,7,,1,2,1,9,A01
202100023749,2,7,,1,2,8,20,B01
202100023750,1,7,,0,9,7,24,A01
202100023750,1,99,,1,0,0,0,B01
202100023751,2,10,,0,2,2,16,B01
202100023751,2,37,2.0,0,2,3,2,A01
202100023752,3,50,,0,2,7,1,A01
202100023752,3,3,,0,2,1,1,B01
202100023753,3,7,,0,0,6,2,B01
202100023753,3,7,,9,2,0,17,A01
202100023754,3,7,,0,1,0,26,A01
202100023755,3,50,,0,2,7,19,A01
202100023755,2,7,,0,2,3,1,B01
202100023756,3,7,,0,2,2,1,B01
202100023756,3,10,,14,2,6,13,A01
202100023757,2,1,,0,0,0,1,A01
202100023758,1,7,,0,2,3,2,A01
202100023758,2,7,,0,2,3,2,B01
202100023759,1,7,,16,0,1,1,A01
202100023760,1,7,,0,2,3,17,A01
202100023760,2,1,,0,2,1,1,B01
202100023760,2,1,,0,2,1,1,C01
202100023761,1,7,,0,2,3,9,B01
202100023761,1,1,,0,2,7,1,A01
202100023762,2,14,,0,0,8,13,A01
202100023763,2,7,,0,2,3,1,B01
202100023763,1,7,,0,2,3,13,A01
202100023764,1,1,,0,9,1,5,A01
202100023764,2,1,,0,9,1,1,B01
202100023765,1,7,,17,0,1,1,A01
202100023766,1,7,,0,0,6,15,A01
202100023766,1,33,,0,2,1,13,B01
202100023767,3,7,,0,2,5,1,C01
202100023767,3,7,,0,2,2,13,B01
202100023767,3,7,,0,2,6,1,A01
202100023768,1,33,,6,0,8,1,A01
202100023769,2,33,,13,0,1,14,A01
202100023770,1,1,,0,0,2,16,A01
202100023771,0,7,,8,0,1,6,A01
202100023772,1,7,,0,2,2,2,A01
202100023772,1,1,,0,2,4,2,B01
202100023773,2,2,,0,2,1,15,B01
202100023773,2,2,,0,0,8,10,A01
202100023774,2,10,,2,0,8,1,A01
202100023775,3,2,,0,0,8,1,A01
202100023776,2,33,,0,0,0,1,A01
202100023777,1,7,,0,2,2,1,B01
202100023777,0,1,,0,0,9,9,A01
202100023778,3,99,,12,0,0,0,A01
202100023779,2,7,,13,0,1,1,A01
202100023780,1,7,,13,0,0,1,A01
202100023781,2,2,,0,0,8,2,A01
202100023782,1,7,,15,2,5,15,A01
202100023782,2,7,,0,2,8,1,B01
202100023783,1,10,,0,2,3,1,A01
202100023783,2,10,,0,2,3,1,B01
202100023784,2,7,,0,1,1,1,A01
202100023785,2,17,,0,0,0,26,B01
202100023785,2,1,,6,0,3,2,A01
202100023786,3,7,,0,2,1,1,A01
202100023786,3,50,,0,2,8,19,B01
202100023787,2,7,,0,2,1,1,B01
202100023787,1,10,,0,2,1,13,A01
202100023788,2,7,,2,0,3,0,A01
202100023789,2,14,,13,0,7,1,A01
202100023790,1,7,,7,0,2,1,A01
202100023791,2,7,,0,2,2,9,A01
202100023791,2,1,,0,2,3,1,B01
202100023792,1,38,1.0,0,0,0,1,A01
202100023792,1,1,,0,0,0,17,B01
202100023793,2,21,,0,0,4,2,A01
202100023793,2,7,,0,2,1,2,C01
202100023794,1,33,,9,2,3,2,A01
202100023794,1,15,,0,2,2,16,B01
202100023795,0,33,,0,2,1,0,B01
202100023795,0,7,,0,2,5,0,A01
202100023796,1,33,,0,2,1,16,A01
202100023796,2,7,,0,2,1,15,B01
202100023797,2,1,,0,2,8,19,C01
202100023797,1,7,,0,2,1,1,B01
202100023797,1,7,,0,9,4,23,A01
202100023798,1,33,,0,0,0,1,A01
202100023799,2,10,,0,0,4,1,B01
202100023799,2,10,,0,2,1,0,A01
202100023800,2,7,,0,2,1,13,A01
202100023800,1,15,,0,2,1,1,B01
202100023801,0,33,,0,2,1,1,B01
202100023801,0,7,,0,2,1,15,A01
202100023802,2,7,,0,2,0,0,A01
202100023802,2,7,,3,0,5,1,B01