Num_Acc,senc,catv,occutc,obs,obsm,choc,manv,num_veh
202100023802,2,7,,0,0,6,1,C01
202100023803,2,7,,4,0,3,0,A01
202100023804,1,2,,0,0,1,0,A01
202100023805,3,7,,0,2,2,15,A01
202100023805,3,33,,0,2,1,1,B01
202100023806,3,14,,0,0,0,1,A01
202100023807,3,2,,0,0,0,1,A01
202100023808,2,33,,0,2,2,17,B01
202100023808,2,10,,0,2,8,10,A01
202100023809,2,7,,0,0,4,26,B01
202100023809,2,7,,0,2,1,2,A01
202100023810,3,1,,0,2,1,0,B01
202100023810,3,7,,0,9,2,1,A01
202100023811,0,7,,2,0,2,1,A01
202100023812,2,2,,8,2,1,17,B01
202100023812,2,10,,0,2,3,15,A01
202100023813,2,7,,0,2,5,15,A01
202100023813,1,33,,0,2,1,1,B01
202100023814,2,7,,0,1,3,1,A01
202100023815,2,33,,0,0,0,1,A01
202100023816,3,7,,2,0,7,1,A01
202100023817,1,7,,6,0,3,1,A01
202100023818,3,2,,0,0,0,15,A01
202100023819,2,7,,0,2,1,1,A01
202100023819,2,1,,0,0,4,1,B01
202100023820,0,33,,0,0,2,2,A01
202100023821,3,1,,0,2,8,26,B01
202100023821,3,10,,0,2,7,17,A01
202100023822,1,7,,0,2,1,1,B01
202100023822,1,7,,0,2,4,1,A01
202100023823,1,7,,0,2,4,1,A01
202100023823,1,7,,0,2,1,1,B01
202100023824,1,7,,4,0,2,1,A01
202100023825,1,7,,4,0,9,14,A01
202100023826,2,7,,0,2,4,2,A01
202100023826,2,7,,0,2,1,2,B01
202100023827,1,33,,0,0,8,0,A01
202100023828,1,10,,0,2,4,1,B01
202100023828,2,7,,0,2,1,2,A01
202100023829,2,7,,15,0,1,14,A01
202100023830,1,33,,0,2,8,11,A01
202100023830,1,7,,0,2,2,0,B01
202100023831,1,7,,0,2,4,2,B01
202100023831,1,10,,0,2,1,2,A01
202100023832,2,43,,0,2,1,2,A01
202100023832,2,30,,0,2,4,2,B01
202100023833,1,7,,4,2,3,1,B01
202100023833,1,13,,0,2,2,12,A01
202100023834,1,7,,0,2,9,1,A01
202100023834,1,17,,0,2,6,12,B01
202100023835,2,33,,4,0,1,26,A01
202100023836,2,7,,0,2,4,1,C01
202100023836,2,7,,0,2,4,1,B01
202100023836,2,10,,0,2,1,1,A01
202100023837,1,7,,0,0,9,2,A01
202100023838,2,50,,1,1,7,3,A01
202100023839,2,7,,0,2,1,26,Z01
202100023839,2,7,,0,2,4,1,B01
202100023840,0,7,,1,1,1,1,A01
202100023841,1,33,,0,2,4,1,B01
202100023841,1,7,,0,2,1,1,A01
202100023842,3,7,,0,2,4,23,B01
202100023842,3,30,,0,2,1,23,A01
202100023843,1,7,,0,2,3,1,A01
202100023843,1,2,,0,2,8,1,B01
202100023844,1,33,,0,0,7,9,A01
202100023845,1,7,,0,2,2,16,B01
202100023845,1,2,,12,2,3,18,A01
202100023846,1,7,,0,2,2,16,A01
202100023846,1,1,,0,2,3,1,B01
202100023847,3,7,,0,2,0,0,A01
202100023847,3,50,,0,2,3,0,B01
202100023848,1,50,,0,2,0,19,B01
202100023848,2,7,,0,2,2,15,A01
202100023849,1,7,,0,2,3,13,A01
202100023849,1,43,,12,2,4,15,B01
202100023850,3,32,,1,0,1,13,A01
202100023851,3,7,,1,0,2,14,A01
202100023851,3,10,,1,0,4,0,B01
202100023852,1,7,,0,2,1,1,B01
202100023852,3,7,,0,2,8,1,A01
202100023853,3,7,,0,1,1,1,A01
202100023854,3,30,,8,0,7,21,A01
202100023855,2,10,,0,2,2,5,A01
202100023855,2,7,,0,2,1,1,B01
202100023856,2,7,,0,1,3,1,A01
202100023857,2,7,,0,2,5,1,B01
202100023857,2,30,,0,2,8,11,A01
202100023858,3,7,,0,2,1,1,A01
202100023858,3,7,,0,2,8,1,B01
202100023858,3,7,,0,2,8,1,C01
202100023859,3,7,,0,2,1,15,Z01
202100023859,3,7,,0,2,1,1,B01
202100023860,3,7,,0,2,3,19,B01
202100023860,1,10,,0,2,1,1,A01
202100023861,2,7,,0,2,-1,17,C01
202100023861,1,7,,9,0,1,14,A01
202100023862,1,31,,0,2,7,1,B01
202100023862,2,7,,0,2,1,15,A01
202100023863,0,7,,0,2,8,1,B01
202100023863,0,7,,0,2,1,1,A01
202100023864,2,7,,0,1,3,15,A01
202100023865,2,7,,0,2,1,1,B01
202100023865,2,7,,0,2,1,1,C01
202100023865,1,7,,0,2,4,1,D01
202100023865,1,7,,16,2,1,13,A01
202100023866,1,30,,0,0,0,1,A01
202100023867,2,30,,0,2,0,0,B01
202100023867,2,7,,0,2,1,1,A01
202100023868,2,1,,0,2,0,1,B01
202100023868,3,7,,0,2,3,15,A01
202100023869,3,50,,0,2,1,25,B01
202100023869,3,7,,0,2,2,9,A01
202100023870,1,30,,0,1,1,25,Z01
202100023871,1,30,,1,0,3,13,A01
202100023872,1,31,,8,0,3,14,A01
202100023873,1,7,,0,2,2,22,A01
202100023873,1,1,,0,2,1,1,B01
202100023874,1,7,,2,0,1,13,A01
202100023875,2,7,,0,1,2,1,A01
202100023876,2,10,,0,2,3,13,A01
202100023876,2,33,,0,2,8,1,B01
202100023877,1,10,,0,2,1,16,A01
202100023877,2,1,,0,2,7,1,B01
202100023878,2,7,,2,0,7,1,A01
202100023879,3,7,,6,0,1,1,A01
202100023880,3,99,,0,1,2,26,Z01
202100023881,2,7,,0,0,0,11,Z01
202100023881,1,30,,0,0,0,21,A01
202100023882,2,7,,0,1,1,1,A01
202100023883,1,7,,0,1,4,4,A01
202100023884,1,7,,0,0,4,2,B01
202100023884,1,7,,0,2,1,2,A01
202100023885,1,30,,0,0,8,26,A01
202100023886,2,7,,2,0,1,1,A01
202100023887,1,7,,0,2,6,2,B01
202100023887,1,1,,0,2,1,2,A01
202100023888,2,7,,0,0,9,1,A01
202100023889,2,7,,0,2,3,15,B01
202100023889,1,7,,0,2,1,1,A01
202100023890,1,7,,0,2,3,1,B01
202100023890,0,80,,0,2,3,19,A01
202100023891,0,2,,0,2,8,19,A01
202100023891,0,10,,0,2,3,1,B01
202100023892,3,50,,0,2,3,19,B01
202100023892,1,10,,0,9,1,1,A01
202100023893,2,7,,0,1,8,1,Z01
202100023894,3,7,,0,2,8,26,B01
202100023894,3,7,,0,2,1,0,A01
202100023895,0,7,,0,2,3,1,B01
202100023895,3,7,,0,2,3,13,A01
202100023896,2,7,,0,2,1,1,B01
202100023896,1,7,,0,2,1,5,A01
202100023897,3,30,,0,0,0,26,A01
202100023898,1,7,,13,0,2,14,A01
202100023899,3,7,,0,2,5,20,B01
202100023899,1,7,,1,0,8,24,A01
202100023900,2,7,,0,2,1,1,Z01
202100023900,2,33,,0,2,7,16,B01
202100023901,1,80,,0,2,4,19,B01
202100023901,1,7,,0,2,3,9,A01
202100023902,3,7,,0,1,4,4,A01
202100023903,1,7,,0,2,2,2,B01
202100023903,1,7,,0,2,1,16,A01
202100023904,3,7,,0,2,1,1,B01
202100023904,3,7,,0,2,3,26,A01
202100023905,1,33,,0,2,0,17,B01
202100023905,1,7,,0,2,1,15,A01
202100023906,1,7,,0,2,3,1,B01
202100023906,2,7,,0,2,3,13,A01
202100023907,1,7,,0,2,1,2,A01
202100023907,1,7,,0,2,4,2,B01
202100023908,2,7,,0,2,3,13,A01
202100023908,2,33,,0,2,5,3,B01
202100023909,1,7,,0,2,6,1,A01
202100023909,1,7,,0,2,3,1,B01
202100023910,1,7,,1,0,1,13,A01
202100023911,1,33,,0,2,3,1,B01
202100023911,2,50,,0,2,3,13,A01
202100023912,2,30,,0,2,3,1,B01
202100023912,2,10,,0,2,7,16,A01
202100023913,1,30,,0,2,3,18,B01
202100023913,1,7,,0,2,1,16,A01
202100023914,1,7,,8,0,2,1,A01
202100023915,1,7,,0,2,5,26,A01
202100023915,1,2,,0,2,1,1,B01
202100023916,2,41,,0,2,7,25,B01
202100023916,1,7,,0,2,1,20,A01
202100023917,2,30,,0,2,1,16,A01
202100023917,2,7,,0,2,5,1,B01
202100023918,3,7,,0,2,2,9,B01
202100023918,3,7,,0,2,7,1,A01
202100023919,2,7,,0,2,1,1,Z01
202100023919,1,99,,0,2,1,5,A01
202100023920,1,7,,0,1,2,19,A01
202100023921,3,1,,0,1,1,1,A01
202100023922,3,7,,0,2,0,23,B01
202100023922,3,30,,0,2,1,23,A01
202100023923,1,7,,0,2,2,16,A01
202100023923,1,30,,0,2,1,0,SB01
202100023924,0,30,,0,2,1,17,B01
202100023924,0,7,,0,2,3,15,A01
202100023925,2,7,,0,2,7,21,A01
202100023925,2,2,,0,2,4,1,B01
202100023926,1,7,,0,2,4,23,B01
202100023926,1,7,,0,2,1,2,A01
202100023927,1,50,,0,1,1,1,A01
202100023928,1,7,,0,2,3,0,B01
202100023928,2,7,,0,2,3,13,A01
202100023929,1,7,,0,0,4,2,A01
202100023929,1,33,,0,2,1,2,B01
202100023930,1,15,,0,2,3,1,A01
202100023930,2,7,,0,0,3,0,B01
202100023931,3,14,,0,2,3,1,B01
202100023931,3,7,,4,2,2,1,A01
202100023932,1,7,,0,2,3,26,A01
202100023932,2,7,,0,2,6,1,B01
202100023933,1,7,,13,0,1,2,A01
202100023934,1,33,,0,2,1,13,A01
202100023934,2,14,,0,2,3,1,B01
202100023935,2,2,,8,0,1,1,B01
202100023935,3,7,,0,0,0,15,A01
202100023936,1,7,,2,0,0,1,A01
202100023937,1,7,,6,0,1,1,A01
202100023938,2,7,,0,2,1,13,A01
202100023938,1,7,,0,2,3,1,B01
202100023938,1,7,,0,2,8,1,C01
202100023939,2,43,,13,0,2,1,A01
202100023940,2,10,,0,2,3,13,A01
202100023940,1,15,,0,2,1,1,C01
202100023940,1,10,,0,2,3,1,B01
202100023941,2,10,,13,0,1,1,A01
202100023942,2,7,,0,2,2,1,B01
202100023942,3,7,,6,2,7,19,A01
202100023943,1,33,,0,0,1,9,A01
202100023944,0,7,,0,9,6,1,B01
202100023944,0,1,,0,2,3,13,A01
202100023945,1,7,,0,0,9,1,A01
202100023946,3,7,,0,2,1,1,B01
202100023946,3,7,,0,2,1,5,A01
202100023947,3,1,,0,2,7,17,B01
202100023947,3,1,,0,2,8,13,A01
202100023948,1,7,,0,2,1,1,B01
202100023948,2,7,,0,2,2,17,A01
202100023949,2,1,,12,0,0,1,A01
202100023949,2,38,1.0,0,0,0,17,B01
202100023950,2,10,,0,9,4,1,C01
202100023950,1,1,,6,2,1,0,A01
202100023951,0,2,,0,2,1,5,A01
202100023951,0,7,,0,2,3,1,B01
202100023952,2,7,,0,2,3,10,A01
202100023952,2,33,,0,2,1,1,B01
202100023953,3,7,,0,2,3,19,B01
202100023953,2,7,,0,2,1,1,A01
202100023954,2,32,,10,0,3,17,A01
202100023955,2,7,,0,0,2,1,A01
202100023956,2,7,,6,0,2,1,A01
202100023957,3,80,,0,2,8,1,B01
202100023957,3,7,,0,2,7,17,A01
202100023958,2,7,,0,2,8,15,B01
202100023958,2,7,,0,2,1,1,A01
202100023959,1,2,,0,2,8,24,B01
202100023959,1,10,,1,0,1,1,A01
202100023960,1,7,,0,0,0,14,A01
202100023961,1,10,,3,0,2,0,A01
202100023962,3,7,,14,9,0,1,A01
202100023963,2,7,,3,0,2,1,C01
202100023963,2,7,,3,2,6,1,B01
202100023963,2,7,,3,2,2,17,A01
202100023964,2,7,,0,1,3,0,A01
202100023965,2,7,,0,0,0,1,A01
202100023966,3,7,,0,1,3,15,A01
202100023967,0,7,,0,1,2,21,A01
202100023968,1,7,,0,2,3,13,A01
202100023968,2,33,,0,2,1,21,B01
202100023969,2,7,,0,1,7,1,A01
202100023970,3,7,,6,0,2,1,A01
202100023971,2,34,,0,0,0,0,A01
202100023972,2,33,,13,2,9,0,B01
202100023972,1,13,,0,9,6,17,A01
202100023973,1,7,,0,2,8,2,B01
202100023973,1,1,,0,2,7,1,A01
202100023974,1,7,,0,2,1,1,C01
202100023974,2,7,,0,2,4,23,B01
202100023974,2,7,,0,0,4,23,A01
202100023975,2,7,,2,0,1,14,A01
202100023976,1,7,,0,0,4,1,B01
202100023976,1,7,,0,2,1,9,A01
202100023977,2,10,,0,2,1,2,A01
202100023977,2,30,,0,2,4,2,B01
202100023978,2,7,,0,2,4,1,C01
202100023978,2,7,,0,2,4,2,B01
202100023978,2,10,,0,2,1,1,A01
202100023979,1,7,,0,2,4,1,B01
202100023979,1,7,,0,2,1,1,A01
202100023980,2,7,,0,2,4,1,C01
202100023980,2,7,,0,2,4,1,B01
202100023980,2,7,,0,2,1,11,A01
202100023981,1,33,,0,0,0,1,A01
202100023982,2,7,,3,2,1,1,A01
202100023983,0,7,,0,1,1,2,A01
202100023984,1,7,,0,2,3,1,B01
202100023984,1,30,,0,2,1,17,A01
202100023985,1,7,,0,9,0,0,Z01
202100023985,1,2,,0,2,4,1,A01
202100023986,3,2,,0,2,3,1,B01
202100023986,3,10,,0,2,3,1,A01
202100023987,2,7,,0,1,1,15,A01
202100023988,2,7,,0,0,2,14,A01
202100023989,1,31,,0,0,3,2,A01
202100023990,1,7,,3,0,1,13,A01
202100023991,3,30,,0,0,0,1,A01
202100023992,1,33,,12,2,3,1,B01
202100023992,1,7,,0,2,5,13,A01
202100023993,3,7,,0,2,3,15,B01
202100023993,3,7,,0,2,2,12,A01
202100023994,2,10,,0,2,6,1,B01
202100023994,2,30,,0,2,1,12,A01
202100023995,1,37,1.0,0,1,3,1,A01
202100023996,1,32,,0,2,1,1,B01
202100023996,3,7,,0,2,2,15,A01
202100023997,1,7,,0,2,2,15,A01
202100023997,2,2,,0,2,1,1,B01
202100023998,1,7,,0,2,1,1,A01
202100023998,1,1,,0,2,4,13,B01
202100023999,1,33,,0,1,1,21,A01
202100024000,2,1,,0,2,1,16,B01
202100024000,1,7,,0,2,2,15,A01
202100024001,3,7,,0,1,2,19,A01
202100024002,2,10,,0,2,8,26,A01
202100024002,1,33,,0,2,8,0,B01
202100024003,3,7,,0,2,3,9,C01
202100024003,3,1,,0,2,1,26,B01
202100024004,1,7,,0,2,2,1,B01
202100024004,1,3,,0,2,3,16,A01
202100024005,2,7,,0,1,1,1,A01
202100024006,1,7,,0,2,3,1,B01
202100024006,1,80,,0,2,1,19,A01
202100024007,1,7,,2,0,1,0,A01
202100024008,2,3,,15,0,1,15,A01
202100024009,2,7,,1,2,2,9,B01
202100024009,1,2,,0,2,7,1,A01
202100024010,1,7,,0,1,7,1,A01
202100024011,3,30,,0,0,1,16,A01
202100024012,2,7,,0,2,1,1,A01
202100024012,2,7,,0,2,5,23,B01
202100024013,0,30,,0,2,1,1,A01
202100024013,0,7,,0,2,4,23,B01
202100024014,3,7,,8,0,2,1,A01
202100024015,1,7,,0,1,1,1,A01
202100024016,1,7,,15,0,1,1,A01
202100024017,1,7,,2,0,3,14,A01
202100024018,3,32,,0,0,0,19,A01
202100024019,3,7,,0,2,8,1,B01
202100024019,3,7,,0,2,1,15,A01
202100024020,1,43,,9,0,1,26,A01
202100024021,1,7,,0,9,7,1,A01
202100024021,1,1,,0,2,6,1,B01
202100024022,1,7,,0,2,5,14,A01
202100024022,1,7,,0,2,4,2,B01
202100024022,1,7,,0,2,1,2,C01
202100024023,1,7,,11,0,3,13,A01
202100024024,2,7,,0,2,3,15,A01
202100024024,1,1,,0,2,1,1,B01
202100024025,2,7,,0,2,2,15,A01
202100024025,1,1,,0,2,1,5,B01
202100024026,1,7,,0,1,2,15,A01
202100024027,1,7,,0,1,2,16,A01
202100024028,1,7,,6,2,5,1,A01
202100024028,1,7,,0,2,1,1,B01
202100024029,1,7,,0,2,1,1,A01
202100024029,1,7,,0,2,5,1,B01
202100024030,1,7,,0,2,3,2,A01
202100024030,1,7,,0,2,4,2,B01
202100024030,1,7,,0,2,4,23,C01
202100024031,2,7,,0,2,5,15,A01
202100024031,1,30,,0,2,1,1,B01
202100024032,2,1,,0,2,1,1,A01
202100024032,1,7,,0,2,7,1,B01
202100024033,1,7,,0,1,0,1,A01
202100024034,2,7,,0,2,1,15,A01
202100024034,2,1,,0,2,8,19,B01
202100024035,1,1,,1,0,1,1,B01
202100024036,2,7,,0,2,2,15,B01
202100024036,1,32,,0,2,1,1,A01
202100024037,1,50,,0,2,7,5,B01
202100024037,1,7,,0,2,1,1,A01
202100024038,0,43,,8,0,1,0,A01
202100024039,2,1,,0,0,0,1,A01
202100024040,2,32,,0,9,1,1,A01
202100024040,2,7,,0,0,0,1,B01
202100024041,1,1,,0,0,8,1,B01
202100024041,2,7,,0,9,1,15,A01
202100024042,1,7,,0,2,3,0,A01
202100024042,1,1,,0,2,1,0,B01
202100024043,1,7,,0,2,1,1,B01
202100024043,2,2,,0,2,1,5,A01
202100024044,2,7,,0,2,2,1,A01
202100024044,2,1,,0,2,4,1,B01
202100024045,2,31,,0,0,2,17,A01
202100024045,2,21,,0,2,8,15,B01
202100024046,1,7,,8,0,1,1,A01
202100024047,2,10,,0,9,4,26,A01
202100024047,2,2,,0,2,1,23,B01
202100024048,3,7,,0,2,6,15,B01
202100024048,1,33,,0,2,1,1,A01
202100024049,1,7,,17,0,3,13,A01
202100024050,2,7,,0,2,3,13,B01
202100024050,1,10,,0,2,3,13,A01
202100024051,0,33,,0,6,1,1,A01
202100024052,1,7,,0,0,2,1,B01
202100024052,2,10,,0,0,3,13,A01
202100024053,2,7,,16,0,0,13,A01
202100024054,2,1,,0,5,2,1,A01
202100024055,3,31,,0,2,1,1,A01
202100024056,2,10,,0,2,2,15,A01
202100024056,1,7,,7,2,3,1,B01
202100024057,1,21,,13,0,0,1,A01
202100024058,2,7,,0,0,6,1,B01
202100024058,2,7,,3,2,2,14,A01
202100024059,2,15,,0,0,9,1,A01
202100024060,1,7,,0,2,1,1,A01
202100024060,2,7,,0,2,8,19,B01
202100024061,1,50,,0,0,0,1,A01
202100024062,1,33,,0,2,8,1,B01
202100024062,1,7,,0,2,2,19,A01
202100024063,2,7,,0,2,6,15,B01
202100024063,2,7,,0,2,1,17,A01
202100024064,2,33,,2,0,3,1,A01
202100024065,3,2,,0,0,0,21,A01
202100024066,3,7,,0,2,6,10,A01
202100024066,3,33,,0,2,1,1,B01
202100024067,3,7,,2,0,1,1,A01
202100024068,1,7,,0,0,9,1,A01
202100024069,2,36,,6,0,2,1,A01
202100024070,3,2,,14,0,1,1,A01
202100024071,1,33,,13,0,1,13,A01
202100024072,2,7,,0,0,9,0,A01
202100024073,1,33,,13,0,0,1,A01
202100024074,1,10,,4,0,1,16,A01
202100024075,1,7,,0,2,4,23,A01
202100024075,1,15,,0,2,1,2,B01
202100024075,1,10,,0,2,1,26,C01
202100024076,1,7,,4,0,3,0,A01
202100024077,1,2,,0,2,3,18,B01
202100024077,1,7,,0,2,2,16,A01
202100024078,2,7,,0,0,8,1,A01
202100024079,1,31,,0,2,8,13,B01
202100024079,1,7,,0,9,2,11,A01
202100024080,2,2,,0,2,3,19,A01
202100024080,1,7,,0,2,2,1,B01
202100024081,3,7,,0,1,2,2,A01
202100024082,1,7,,4,0,2,0,A01
202100024083,1,7,,0,2,3,1,A01
202100024083,2,7,,0,2,6,1,B01
202100024084,1,7,,0,0,6,15,B01
202100024084,1,32,,6,2,2,17,A01
202100024085,1,33,,0,0,0,1,A01
202100024086,1,33,,0,0,3,15,A01
202100024087,3,7,,0,1,2,20,A01
202100024088,2,7,,0,2,2,1,A01
202100024088,3,1,,0,2,0,26,B01
202100024089,2,7,,0,2,2,1,B01
202100024089,1,2,,0,2,1,1,A01
202100024090,1,1,,0,2,1,2,A01
202100024090,1,7,,0,2,4,1,B01
202100024091,1,33,,8,0,1,1,A01
202100024092,0,33,,0,2,3,0,C01
202100024092,1,7,,0,2,1,1,A01
202100024093,2,7,,0,0,1,1,A01
202100024094,2,33,,0,2,1,1,B01
202100024094,2,7,,0,2,3,15,A01
202100024095,3,7,,0,2,1,5,A01
202100024095,3,7,,0,2,1,2,B01
202100024096,2,7,,0,1,1,0,A01
202100024097,1,7,,0,2,6,1,A01
202100024097,1,33,,0,2,5,17,B01
202100024098,1,7,,4,0,0,1,A01
202100024099,1,7,,0,2,6,23,B01
202100024099,1,7,,0,1,2,14,A01
202100024100,2,7,,0,2,4,12,B01
202100024100,2,15,,0,2,2,1,A01
202100024101,1,7,,0,2,4,23,A01
202100024101,1,7,,0,2,4,23,B01
202100024101,2,10,,0,2,1,2,C01
202100024102,2,33,,0,2,1,2,C01
202100024102,2,7,,0,2,3,2,B01
202100024102,2,7,,4,2,1,2,A01
202100024103,1,7,,0,2,4,1,D01
202100024103,1,7,,0,2,4,1,C01
202100024103,1,7,,0,2,4,1,B01
202100024103,1,7,,0,2,1,1,A01
202100024104,2,7,,0,0,9,26,A01
202100024105,1,33,,3,0,7,3,A01
202100024106,1,33,,4,2,1,1,A01
202100024106,1,7,,0,2,6,0,B01
202100024107,1,10,,0,1,3,1,A01
202100024108,1,7,,0,1,3,15,A01
202100024109,3,7,,0,2,5,0,B01
202100024109,3,7,,12,2,3,17,A01
202100024110,2,7,,0,0,3,1,A01
202100024111,0,99,,0,2,1,1,A01
202100024111,0,7,,0,0,4,23,B01
202100024112,2,7,,8,2,1,1,B01
202100024112,1,7,,8,2,5,1,A01
202100024113,1,2,,0,2,0,3,B01
202100024113,1,7,,0,2,0,9,A01
202100024114,1,7,,0,1,1,1,A01
202100024115,2,99,,0,0,0,26,A01
202100024116,1,7,,3,2,1,1,A01
202100024116,1,7,,0,2,4,2,B01
202100024117,2,7,,0,0,0,0,A01
202100024118,2,7,,9,2,1,1,B01
202100024118,2,7,,9,2,3,19,A01
202100024119,1,7,,0,9,3,1,B01
202100024119,2,7,,0,9,2,15,A01
202100024120,3,30,,11,0,3,13,A01
202100024121,0,7,,0,2,1,15,A01
202100024121,0,2,,0,2,3,1,B01
202100024122,0,7,,0,2,3,1,B01
202100024122,0,7,,0,2,8,1,A01
202100024123,1,10,,0,2,2,10,A01
202100024123,2,2,,0,2,1,1,B01
202100024124,0,7,,0,2,0,0,B01
202100024124,0,7,,0,2,0,0,A01
202100024124,0,7,,0,2,0,0,C01
202100024125,2,7,,0,2,1,1,B01
202100024125,2,7,,0,2,8,10,A01
202100024126,2,33,,0,2,1,21,A01
202100024126,2,7,,0,2,3,15,B01
202100024127,3,80,,0,2,4,19,A01
202100024127,3,7,,0,2,0,19,B01
202100024128,1,7,,0,2,6,1,B01
202100024128,1,33,,0,2,7,21,A01
202100024129,0,7,,0,2,1,26,A01
202100024129,0,1,,0,0,0,0,B01
202100024130,2,7,,0,2,1,2,A01
202100024130,1,7,,4,2,4,1,B01
202100024131,2,7,,14,0,9,21,A01
202100024132,1,7,,0,2,1,1,A01
202100024132,1,7,,0,2,4,1,B01
202100024133,2,7,,0,2,3,13,A01
202100024133,1,7,,0,0,0,0,B01
202100024134,2,33,,0,2,1,1,B01
202100024134,1,7,,0,2,1,15,A01
202100024135,1,7,,2,0,5,2,A01
202100024136,3,7,,0,2,0,0,B01
202100024136,3,7,,0,2,1,26,A01
202100024137,1,10,,1,0,2,1,A01
202100024137,1,7,,0,2,4,23,B01
202100024138,1,7,,14,0,3,1,A01
202100024139,1,7,,0,2,4,23,B01
202100024139,1,7,,14,0,1,1,Z01
202100024140,1,7,,0,2,8,15,A01
202100024140,1,30,,0,2,1,17,B01
202100024141,2,7,,0,2,3,13,A01
202100024141,1,7,,0,2,3,1,B01
202100024142,1,7,,0,2,1,9,A01
202100024142,2,7,,0,2,1,1,B01
202100024143,2,50,,0,2,1,1,A01
202100024143,2,7,,0,2,3,1,B01
202100024144,2,31,,6,0,1,2,A01
202100024145,1,10,,0,2,1,2,A01
202100024145,1,7,,0,2,4,23,B01
202100024145,1,7,,0,2,4,23,C01
202100024146,2,50,,0,2,1,1,A01
202100024146,1,7,,0,2,7,1,B01
202100024147,2,7,,0,1,3,13,Z01
202100024148,1,7,,0,1,2,1,A01
202100024149,2,7,,0,2,4,2,A01
202100024149,2,30,,0,2,6,2,B01
202100024150,2,1,,0,2,2,1,A01
202100024150,1,7,,0,2,3,1,Z01
202100024151,2,7,,0,2,3,1,A01
202100024151,1,33,,0,2,2,1,B01
202100024152,1,37,8.0,0,2,3,9,B01
202100024152,1,10,,0,2,2,1,A01
202100024153,2,7,,0,2,3,15,A01
202100024153,1,7,,0,2,3,15,B01
202100024154,1,1,,0,0,1,16,A01
202100024155,1,30,,0,0,2,17,B01
202100024155,1,7,,0,2,3,15,A01
202100024156,3,33,,0,0,0,13,A01
202100024157,1,7,,0,0,1,14,A01
202100024158,1,2,,12,0,0,1,A01
202100024159,2,33,,8,0,8,21,A01
202100024160,2,33,,6,0,2,13,B01
202100024160,2,7,,0,0,3,15,A01
202100024161,1,7,,0,2,3,15,A01
202100024161,2,7,,0,2,2,1,B01
202100024162,2,33,,0,2,1,13,A01
202100024162,1,7,,0,2,3,1,B01
202100024163,1,7,,15,0,1,13,A01
202100024164,1,7,,0,2,3,0,A01
202100024164,1,7,,0,2,3,15,B01
202100024165,1,7,,0,2,3,1,B01
202100024165,3,7,,0,2,3,9,A01
202100024166,2,7,,0,0,9,1,C01
202100024166,2,17,,0,0,8,1,B01
202100024166,1,7,,0,2,1,13,A01
202100024167,0,2,,6,0,1,1,A01
202100024168,2,2,,6,0,1,13,A01
202100024169,2,7,,2,0,1,14,A01
202100024170,2,7,,17,0,2,1,A01
202100024171,2,7,,0,2,3,1,B01
202100024171,1,7,,0,2,3,13,A01
202100024172,2,7,,6,0,3,1,A01
202100024173,0,7,,0,0,0,1,A01
202100024173,0,7,,0,0,0,1,B01
202100024174,1,7,,0,2,3,1,B01
202100024174,2,7,,0,2,3,5,A01
202100024175,1,30,,0,0,0,0,A01
202100024176,2,33,,0,0,7,1,A01
202100024177,3,1,,0,2,1,1,B01
202100024177,3,7,,0,2,3,15,A01
202100024178,1,36,,0,2,2,19,B01
202100024178,1,7,,0,2,3,1,A01
202100024179,1,2,,5,0,7,1,A01
202100024180,2,33,,0,6,1,0,A01
202100024181,2,7,,2,0,1,15,A01
202100024182,3,7,,0,2,3,1,B01
202100024182,3,7,,0,2,2,1,A01
202100024183,1,7,,0,1,4,4,A01
202100024184,1,7,,0,0,8,15,B01
202100024184,1,33,,0,2,0,1,A01
202100024185,3,7,,0,1,1,2,A01
202100024186,2,7,,1,2,3,13,A01
202100024186,1,7,,0,2,3,21,B01
202100024187,3,7,,1,0,2,1,A01
202100024188,3,7,,8,0,8,1,A01
202100024189,2,10,,6,0,2,1,A01
202100024190,2,7,,0,2,3,1,B01
202100024190,2,33,,0,2,1,1,A01
202100024191,1,33,,2,0,7,1,A01
202100024192,2,33,,0,6,1,1,A01
202100024193,0,33,,0,2,1,1,B01
202100024193,3,7,,0,2,8,9,A01
202100024194,2,7,,4,0,1,9,A01
202100024195,1,7,,4,0,8,2,A01
202100024196,2,33,,0,5,1,1,A01
202100024197,1,7,,0,2,1,12,A01
202100024197,1,7,,3,0,6,1,B01
202100024198,1,7,,0,9,1,2,A01
202100024199,0,10,,0,2,1,5,A01
202100024199,0,7,,0,2,1,1,B01
202100024200,2,7,,8,0,1,14,A01
202100024201,0,1,,7,2,8,19,B01
202100024201,0,7,,0,9,2,1,A01
202100024202,3,31,,14,0,1,2,A01
202100024203,3,7,,15,0,9,1,A01
202100024204,1,7,,0,2,0,17,A01
202100024204,1,7,,2,0,6,1,B01
202100024205,2,7,,2,0,1,1,A01
202100024206,1,34,,0,2,1,2,A01
202100024206,1,7,,0,2,4,15,B01
202100024207,1,7,,0,2,3,1,B01
202100024207,1,33,,0,2,2,9,A01
202100024208,2,7,,13,0,1,1,A01
202100024209,1,10,,0,2,7,15,A01
202100024209,2,33,,0,2,1,1,B01
202100024210,2,33,,7,0,3,1,A01
202100024211,2,7,,0,9,1,13,A01