Num_Acc,senc,catv,occutc,obs,obsm,choc,manv,num_veh
202100024211,1,1,,0,2,1,1,B01
202100024212,3,7,,0,2,1,13,A01
202100024212,3,7,,0,2,3,1,B01
202100024212,3,7,,0,2,1,1,C01
202100024213,2,7,,10,0,2,1,A01
202100024214,2,7,,0,0,3,1,B01
202100024214,1,7,,0,2,2,1,A01
202100024214,2,7,,0,2,3,1,C01
202100024215,3,7,,2,0,3,14,A01
202100024216,2,7,,13,0,2,17,A01
202100024216,2,21,,0,0,0,15,B01
202100024217,2,7,,0,2,7,1,B01
202100024217,2,1,,0,2,1,1,A01
202100024218,2,7,,0,2,3,1,B01
202100024218,1,7,,0,2,1,13,A01
202100024219,2,10,,0,2,1,1,A01
202100024219,2,33,,0,0,4,1,B01
202100024220,2,7,,0,2,4,1,A01
202100024220,2,7,,0,2,4,1,B01
202100024220,2,7,,0,2,1,1,C01
202100024221,1,33,,0,0,0,1,A01
202100024222,1,7,,0,2,1,26,A01
202100024222,1,7,,0,2,4,0,B01
202100024222,1,7,,0,2,4,0,C01
202100024222,1,7,,0,2,4,0,D01
202100024222,1,33,,0,2,1,0,E01
202100024223,2,7,,3,0,1,12,A01
202100024224,2,7,,0,2,8,3,A01
202100024224,2,33,,0,2,7,1,B01
202100024225,1,7,,4,2,7,14,A01
202100024226,3,7,,0,1,1,0,A01
202100024227,1,7,,0,2,4,23,C01
202100024227,1,7,,0,2,4,23,B01
202100024227,3,7,,0,2,3,2,A01
202100024228,1,7,,0,2,6,1,B01
202100024228,1,7,,0,2,2,14,A01
202100024229,2,7,,0,2,1,9,A01
202100024229,1,2,,0,2,7,0,B01
202100024230,3,30,,0,2,6,1,A01
202100024230,3,7,,0,2,8,1,B01
202100024231,1,7,,0,2,4,23,B01
202100024231,1,7,,0,2,1,1,A01
202100024232,1,7,,0,2,1,2,A01
202100024232,1,7,,0,2,4,2,B01
202100024233,1,30,,0,2,1,1,B01
202100024233,1,7,,0,2,4,9,A01
202100024234,2,2,,0,2,1,1,B01
202100024234,1,7,,0,2,3,15,A01
202100024235,1,7,,0,2,0,0,B01
202100024235,3,7,,0,2,1,26,A01
202100024236,0,7,,0,0,9,0,A01
202100024237,2,7,,0,2,3,15,A01
202100024237,1,32,,0,2,1,1,B01
202100024238,1,1,,0,0,0,26,A01
202100024239,3,7,,0,2,8,19,A01
202100024239,3,7,,0,2,1,19,B01
202100024240,2,7,,9,0,1,6,A01
202100024241,1,30,,0,2,7,1,A01
202100024241,1,7,,0,2,8,11,B01
202100024242,0,7,,0,2,1,1,A01
202100024242,0,7,,0,2,8,1,B01
202100024243,2,1,,0,0,8,1,A01
202100024244,1,7,,0,2,4,1,C01
202100024244,1,7,,0,2,6,1,B01
202100024244,1,3,,0,2,2,1,A01
202100024245,1,7,,0,2,3,15,A01
202100024245,2,31,,0,2,2,12,B01
202100024246,1,2,,0,2,1,13,A01
202100024246,2,7,,0,2,3,23,B01
202100024247,2,7,,0,0,0,0,B01
202100024247,1,33,,9,2,3,17,A01
202100024248,0,7,,12,0,9,15,A01
202100024249,0,7,,0,1,1,1,A01
202100024250,2,7,,0,1,1,1,A01
202100024251,3,37,1.0,0,1,2,26,A01
202100024252,1,7,,0,1,1,1,A01
202100024253,3,7,,0,2,3,1,A01
202100024253,3,7,,0,2,5,15,B01
202100024254,1,7,,0,2,3,20,A01
202100024254,1,33,,0,2,7,1,B01
202100024255,2,32,,0,0,7,26,A01
202100024256,2,50,,0,2,0,1,B01
202100024256,1,7,,0,2,2,15,A01
202100024257,1,31,,0,2,8,1,A01
202100024257,1,1,,0,2,0,11,B01
202100024258,1,32,,0,2,4,1,B01
202100024258,1,7,,0,2,1,1,A01
202100024259,2,10,,0,2,3,1,B01
202100024259,2,7,,0,2,1,1,C01
202100024259,1,7,,0,2,1,1,A01
202100024260,3,7,,0,1,7,1,A01
202100024261,1,7,,0,2,6,1,B01
202100024261,1,30,,0,2,1,1,A01
202100024262,1,30,,0,0,0,26,A01
202100024263,3,7,,0,2,8,15,B01
202100024263,3,30,,0,2,3,17,A01
202100024264,2,7,,0,2,1,19,A01
202100024264,3,2,,0,2,7,1,B01
202100024265,3,1,,0,2,1,18,B01
202100024265,3,21,,0,2,6,23,A01
202100024266,1,7,,0,1,1,15,A01
202100024267,1,7,,0,2,2,1,B01
202100024267,1,7,,0,2,3,1,A01
202100024268,3,7,,0,1,4,26,A01
202100024269,3,7,,0,2,1,1,A01
202100024269,1,7,,0,2,4,1,B01
202100024270,0,7,,0,1,1,15,A01
202100024271,2,7,,0,2,1,15,A01
202100024271,1,33,,0,2,1,2,B01
202100024272,1,50,,0,0,0,0,B01
202100024272,0,7,,0,2,1,15,A01
202100024273,2,2,,0,0,1,1,A01
202100024274,0,7,,0,0,0,0,B01
202100024274,0,10,,0,2,1,26,A01
202100024275,1,7,,0,1,3,1,A01
202100024276,2,80,,0,0,0,1,A01
202100024277,1,50,,0,2,8,2,B01
202100024277,2,7,,0,2,1,15,A01
202100024278,1,32,,0,2,0,1,B01
202100024278,1,7,,0,2,0,1,A01
202100024279,2,1,,0,2,1,1,A01
202100024279,3,10,,0,2,3,15,B01
202100024280,3,33,,0,2,0,1,A01
202100024280,3,15,,0,2,0,1,B01
202100024281,1,80,,0,2,1,1,B01
202100024281,1,7,,0,2,3,1,A01
202100024282,1,7,,0,2,2,10,A01
202100024282,1,33,,0,2,0,1,B01
202100024283,0,7,,1,0,0,1,A01
202100024284,1,7,,0,2,3,15,A01
202100024284,1,7,,7,2,2,1,B01
202100024285,1,7,,3,0,1,1,A01
202100024286,1,7,,0,2,1,13,B01
202100024286,2,7,,0,2,1,15,A01
202100024287,2,33,,0,2,3,2,A01
202100024287,2,7,,0,2,4,2,B01
202100024288,3,1,,0,2,8,19,Z01
202100024288,3,7,,0,9,3,0,A01
202100024289,3,7,,0,2,1,16,A01
202100024289,3,1,,0,2,3,1,B01
202100024290,1,7,,3,0,1,14,A01
202100024291,3,7,,0,2,7,15,B01
202100024291,3,7,,0,2,1,9,A01
202100024292,0,7,,0,2,8,1,B01
202100024292,0,7,,0,2,1,26,A01
202100024293,1,7,,0,1,3,2,Z01
202100024294,2,7,,0,2,2,5,B01
202100024294,1,7,,0,2,3,15,A01
202100024295,1,7,,0,2,3,1,B01
202100024295,2,7,,0,2,1,5,A01
202100024296,2,7,,2,0,1,1,A01
202100024297,3,7,,0,2,1,16,A01
202100024297,3,1,,0,2,7,25,B01
202100024298,3,7,,0,1,3,1,A01
202100024299,2,31,,16,1,1,15,A01
202100024300,1,7,,0,2,3,1,B01
202100024300,2,7,,0,2,3,1,C01
202100024300,2,7,,0,2,1,1,D01
202100024300,1,7,,0,2,1,17,A01
202100024301,3,7,,4,0,1,2,A01
202100024302,3,7,,0,2,4,0,C01
202100024302,3,7,,0,2,4,0,B01
202100024302,3,7,,0,2,1,26,A01
202100024303,1,33,,0,2,1,1,B01
202100024303,1,7,,0,2,7,15,A01
202100024304,2,7,,0,2,3,15,A01
202100024304,3,10,,0,2,3,1,B01
202100024305,2,7,,0,2,6,11,A01
202100024305,2,33,,0,2,2,1,B01
202100024306,2,7,,0,2,1,2,E01
202100024306,2,7,,0,2,1,2,D01
202100024306,2,7,,0,2,2,2,C01
202100024306,1,14,,0,2,3,11,A01
202100024306,2,7,,0,2,5,1,B01
202100024307,1,33,,0,2,1,18,A01
202100024307,1,7,,0,2,2,20,B01
202100024308,3,31,,4,0,0,14,A01
202100024309,1,1,,1,0,1,1,A01
202100024310,1,33,,0,2,1,1,B01
202100024310,1,7,,0,2,0,1,A01
202100024311,1,33,,0,2,1,1,B01
202100024311,3,7,,0,2,7,15,A01
202100024312,1,7,,0,1,1,1,A01
202100024313,1,30,,0,2,1,13,A01
202100024313,2,7,,0,2,3,1,B01
202100024314,1,7,,0,2,4,2,A01
202100024314,1,7,,0,2,1,2,B01
202100024315,2,32,,0,0,7,1,A01
202100024316,2,7,,0,2,7,22,A01
202100024316,2,50,,0,2,1,18,B01
202100024317,1,10,,0,2,4,1,B01
202100024317,3,33,,0,2,1,2,A01
202100024318,1,1,,0,1,1,1,A01
202100024319,3,30,,0,0,8,16,A01
202100024320,1,7,,0,2,7,1,Z01
202100024320,1,50,,0,2,8,1,A01
202100024321,2,10,,1,0,2,1,A01
202100024322,1,7,,0,2,1,1,A01
202100024322,2,43,,0,2,4,24,B01
202100024323,2,7,,8,0,1,1,A01
202100024324,0,7,,0,2,3,1,B01
202100024324,0,7,,0,2,5,9,A01
202100024325,3,7,,12,2,5,1,A01
202100024325,3,7,,0,2,3,1,B01
202100024326,3,1,,0,2,1,1,B01
202100024326,3,37,1.0,1,0,8,15,A01
202100024327,3,7,,14,0,1,1,B01
202100024327,0,7,,0,1,1,9,A01
202100024328,0,1,,4,0,1,1,Y01
202100024329,2,50,,0,2,7,5,A01
202100024329,1,7,,0,2,3,16,B01
202100024330,1,7,,0,2,2,2,B01
202100024330,2,30,,0,2,3,0,A01
202100024331,3,30,,0,0,0,1,A01
202100024332,2,7,,4,0,3,1,A01
202100024333,1,7,,0,2,8,1,B01
202100024333,2,33,,0,2,1,1,A01
202100024334,2,33,,0,2,0,2,A01
202100024334,1,7,,0,2,3,1,B01
202100024334,1,7,,0,2,6,1,C01
202100024335,2,7,,0,2,2,0,B01
202100024335,1,7,,0,2,1,0,A01
202100024336,2,2,,0,0,7,1,A01
202100024337,2,10,,2,0,1,13,A01
202100024338,3,7,,0,1,2,20,A01
202100024339,2,7,,0,2,3,1,B01
202100024339,2,33,,0,2,1,1,A01
202100024340,2,7,,0,0,1,1,A01
202100024341,2,33,,15,1,0,26,A01
202100024342,1,7,,15,0,1,1,A01
202100024343,1,7,,4,0,3,1,A01
202100024344,3,33,,8,0,1,1,A01
202100024345,3,33,,0,0,8,1,A01
202100024346,3,16,,0,0,3,1,A01
202100024347,2,33,,7,0,1,14,A01
202100024348,2,43,,0,0,4,0,A01
202100024348,2,7,,0,2,1,2,B01
202100024349,2,7,,0,9,3,21,B01
202100024349,2,1,,0,2,8,10,A01
202100024350,1,7,,8,5,3,13,A01
202100024351,1,7,,0,9,2,1,A01
202100024351,2,60,,0,2,2,19,B01
202100024352,1,7,,8,0,3,19,A01
202100024353,1,7,,2,0,3,1,A01
202100024354,1,7,,0,2,1,0,A01
202100024354,2,7,,0,2,1,1,B01
202100024355,2,31,,0,0,0,14,A01
202100024356,1,7,,0,2,2,1,A01
202100024356,3,99,,0,2,3,1,B01
202100024357,1,7,,0,2,3,13,B01
202100024357,2,7,,0,2,3,1,A01
202100024358,2,7,,0,2,1,9,A01
202100024358,2,7,,0,2,7,15,B01
202100024359,2,7,,0,0,3,18,A01
202100024359,2,1,,0,0,2,15,B01
202100024360,2,7,,0,2,3,13,B01
202100024360,1,7,,0,2,3,1,A01
202100024361,1,31,,7,0,7,14,A01
202100024362,2,7,,0,2,3,1,B01
202100024362,1,7,,0,2,1,13,A01
202100024363,1,7,,0,0,9,13,A01
202100024363,1,7,,0,0,0,1,B01
202100024364,1,7,,5,2,3,1,A01
202100024364,1,7,,0,2,2,1,B01
202100024365,3,1,,0,2,8,1,A01
202100024365,3,7,,0,9,3,13,B01
202100024366,0,7,,0,1,3,15,A01
202100024367,3,7,,0,1,1,1,A01
202100024368,2,10,,13,0,2,14,A01
202100024369,3,1,,0,0,0,0,A01
202100024370,1,7,,3,0,7,1,A01
202100024371,1,33,,0,0,7,16,A01
202100024372,1,7,,0,2,1,15,A01
202100024372,2,33,,0,2,1,1,B01
202100024373,1,7,,0,0,1,14,A01
202100024374,2,10,,0,2,8,1,B01
202100024374,1,7,,3,2,3,13,A01
202100024375,2,7,,0,2,1,1,B01
202100024375,3,7,,0,2,7,19,A01
202100024376,1,7,,0,0,5,2,A01
202100024376,1,33,,0,2,1,2,B01
202100024377,2,2,,12,0,0,0,A01
202100024378,2,7,,0,2,1,15,A01
202100024378,3,7,,0,2,8,9,B01
202100024379,2,7,,0,0,1,14,A01
202100024380,1,7,,0,2,2,13,A01
202100024380,3,30,,0,2,1,15,B01
202100024381,1,7,,0,2,4,1,B01
202100024381,1,7,,0,2,1,1,A01
202100024382,3,2,,6,0,0,1,A01
202100024383,1,7,,13,0,2,1,A01
202100024384,1,2,,0,0,7,1,A01
202100024385,2,7,,8,2,3,1,C01
202100024385,1,2,,0,2,1,1,B01
202100024385,2,7,,0,2,3,17,A01
202100024386,1,80,,0,2,1,9,A01
202100024386,2,10,,0,2,7,1,B01
202100024387,1,21,,0,2,1,15,A01
202100024387,2,30,,0,2,8,1,B01
202100024388,3,7,,0,2,1,1,B01
202100024388,3,7,,0,2,1,1,A01
202100024389,2,7,,6,0,1,13,A01
202100024390,1,43,,11,0,0,1,A01
202100024391,1,21,,0,2,3,15,B01
202100024391,1,7,,0,2,2,17,A01
202100024392,1,33,,14,0,1,1,A01
202100024393,2,7,,0,2,7,2,A01
202100024393,2,33,,0,2,8,2,B01
202100024394,1,7,,13,0,1,1,A01
202100024395,1,33,,0,0,9,26,A01
202100024396,2,33,,3,0,1,1,A01
202100024397,1,33,,0,2,7,17,B01
202100024397,1,33,,0,2,8,15,A01
202100024398,3,1,,0,2,1,1,B01
202100024398,3,7,,0,9,2,1,A01
202100024399,1,7,,0,2,3,13,A01
202100024399,2,7,,0,2,6,1,B01
202100024400,2,7,,0,2,1,1,B01
202100024400,1,7,,0,2,1,11,A01
202100024401,2,7,,0,2,2,9,A01
202100024401,2,1,,0,2,8,15,B01
202100024402,1,33,,13,0,1,16,A01
202100024403,3,10,,0,2,1,9,A01
202100024403,2,1,,0,2,7,1,B01
202100024404,1,7,,0,2,8,16,A01
202100024404,1,7,,0,2,1,1,B01
202100024405,1,3,,0,2,1,1,A01
202100024405,1,7,,0,2,7,1,B01
202100024406,1,7,,0,2,2,15,A01
202100024406,2,2,,0,2,1,1,B01
202100024407,2,21,,0,0,6,6,B01
202100024407,1,33,,0,2,1,1,A01
202100024408,2,15,,3,0,2,1,A01
202100024409,3,7,,0,0,7,16,A01
202100024409,3,21,,0,2,1,0,B01
202100024410,1,7,,2,0,2,2,A01
202100024411,2,33,,0,0,0,1,A01
202100024412,1,7,,0,2,1,1,B01
202100024412,2,2,,0,2,1,1,A01
202100024413,1,7,,0,2,6,1,B01
202100024413,1,7,,0,2,1,1,C01
202100024413,2,7,,0,2,3,13,A01
202100024414,1,7,,0,2,3,1,C01
202100024414,2,7,,0,2,6,1,B01
202100024414,2,33,,0,2,1,17,A01
202100024415,1,7,,13,0,3,1,A01
202100024416,1,33,,0,2,1,1,B01
202100024416,2,7,,0,2,3,15,A01
202100024417,3,7,,0,2,3,1,A01
202100024417,3,33,,0,2,8,1,B01
202100024418,2,2,,7,0,1,0,A01
202100024419,1,33,,11,0,1,1,A01
202100024420,1,2,,6,0,2,1,A01
202100024421,1,7,,0,2,3,19,A01
202100024421,2,7,,0,2,2,1,B01
202100024422,1,7,,6,0,4,1,A01
202100024422,1,7,,0,9,1,1,B01
202100024423,2,7,,0,2,2,1,A01
202100024423,2,1,,0,0,4,1,B01
202100024424,1,33,,0,0,9,1,A01
202100024425,1,7,,0,2,7,15,A01
202100024425,2,33,,0,2,1,1,B01
202100024426,2,10,,0,2,1,2,A01
202100024426,2,15,,0,0,4,2,B01
202100024427,1,31,,0,2,4,23,B01
202100024427,1,7,,0,2,3,1,A01
202100024428,1,7,,0,2,2,1,B01
202100024428,3,7,,0,2,3,9,A01
202100024429,1,7,,15,2,1,1,B01
202100024429,2,7,,0,2,1,15,A01
202100024430,2,7,,0,2,3,1,B01
202100024430,1,7,,0,2,3,1,A01
202100024431,2,33,,0,2,1,2,A01
202100024431,2,10,,0,2,6,1,B01
202100024432,2,14,,0,0,4,1,B01
202100024432,2,7,,0,2,1,1,A01
202100024433,1,7,,0,2,1,1,A01
202100024433,1,7,,0,2,4,1,B01
202100024434,0,7,,0,2,8,15,B01
202100024434,0,33,,6,2,1,26,A01
202100024435,1,15,,0,2,6,1,B01
202100024435,1,10,,3,2,2,17,A01
202100024436,2,7,,0,1,2,1,A01
202100024437,2,7,,0,2,3,15,A01
202100024437,1,2,,0,2,1,17,B01
202100024438,1,7,,2,0,1,1,A01
202100024439,1,10,,0,2,7,15,B01
202100024439,2,33,,0,2,1,1,A01
202100024440,2,80,,0,0,4,1,B01
202100024440,2,7,,0,2,3,16,A01
202100024441,2,7,,2,0,1,26,A01
202100024442,1,2,,9,0,7,1,A01
202100024443,2,33,,0,2,1,2,A01
202100024443,2,7,,0,0,4,2,B01
202100024444,1,10,,0,2,1,2,D01
202100024444,1,7,,0,0,4,2,C01
202100024444,1,7,,0,2,1,2,B01
202100024444,1,7,,0,0,4,1,A01
202100024445,3,7,,0,2,8,15,A01
202100024445,1,32,,0,2,1,1,B01
202100024446,1,7,,0,0,4,0,A01
202100024446,1,33,,0,2,1,2,B01
202100024447,2,7,,0,2,1,1,C01
202100024447,1,7,,0,2,1,17,B01
202100024447,1,7,,0,0,3,1,A01
202100024448,1,2,,1,0,1,1,A01
202100024449,1,7,,13,0,1,1,A01
202100024450,2,7,,0,2,3,1,B01
202100024450,1,7,,1,2,6,1,A01
202100024451,1,33,,14,0,8,1,A01
202100024452,3,10,,0,2,7,15,A01
202100024452,2,33,,0,2,1,1,B01
202100024453,2,7,,0,0,6,1,C01
202100024453,2,7,,0,2,1,1,B01
202100024453,0,7,,0,2,1,17,A01
202100024454,1,1,,0,0,0,1,A01
202100024455,3,7,,0,2,3,15,B01
202100024455,1,1,,0,2,2,1,A01
202100024456,2,1,,0,2,2,1,A01
202100024456,2,1,,0,2,4,1,B01
202100024457,0,50,,0,0,1,0,B01
202100024457,0,7,,0,0,3,26,A01
202100024458,1,7,,0,2,1,13,A01
202100024458,2,7,,0,2,1,1,B01
202100024459,0,7,,15,0,9,26,A01
202100024460,1,33,,0,2,6,1,B01
202100024460,2,33,,0,2,2,1,A01
202100024461,2,7,,0,0,3,1,A01
202100024461,1,7,,0,0,3,13,B01
202100024462,1,7,,0,2,4,15,A01
202100024462,1,7,,0,2,1,2,B01
202100024463,1,7,,0,2,3,13,A01
202100024463,2,7,,0,2,3,1,B01
202100024464,2,1,,0,2,8,13,B01
202100024464,2,7,,0,0,7,17,A01
202100024465,2,7,,0,2,1,5,A01
202100024465,1,7,,0,2,1,17,B01
202100024465,1,7,,0,0,1,26,C01
202100024466,1,33,,0,2,8,1,B01
202100024466,2,7,,0,2,3,15,A01
202100024467,2,33,,0,6,1,1,A01
202100024468,0,7,,0,0,2,1,A01
202100024469,3,80,,0,0,1,1,A01
202100024470,0,10,,0,0,3,13,A01
202100024471,1,7,,0,2,2,15,A01
202100024471,2,33,,0,2,1,1,B01
202100024472,3,33,,0,0,7,1,A01
202100024473,2,7,,0,0,4,23,B01
202100024473,2,7,,0,0,4,23,A01
202100024473,2,10,,0,2,1,2,C01
202100024474,0,7,,1,0,2,1,A01
202100024475,1,10,,0,2,4,1,D01
202100024475,1,7,,0,2,4,1,C01
202100024475,1,7,,0,2,4,1,B01
202100024475,1,7,,0,2,6,1,A01
202100024475,1,37,1.0,0,2,1,1,E01
202100024476,2,7,,0,2,4,1,B01
202100024476,2,7,,0,2,1,2,A01
202100024477,2,7,,0,2,4,0,B01
202100024477,2,7,,0,2,1,21,A01
202100024478,2,7,,0,2,0,9,A01
202100024478,2,17,,0,2,2,1,B01
202100024479,1,33,,0,2,1,1,A01
202100024479,1,33,,0,2,0,1,C01
202100024479,1,33,,0,2,0,1,B01
202100024480,2,7,,0,2,0,0,A01
202100024480,2,17,,0,2,4,1,B01
202100024481,1,7,,1,2,1,2,A01
202100024481,1,17,,1,2,0,0,B01
202100024482,1,7,,0,2,1,1,Z01
202100024482,-1,99,,0,2,4,0,C01
202100024482,1,7,,7,0,6,26,B01
202100024483,1,7,,0,2,4,26,A01
202100024483,1,7,,1,2,1,2,Z01
202100024484,1,17,,0,2,7,12,A01
202100024484,1,7,,0,2,0,1,B01
202100024485,1,7,,0,2,8,0,B01
202100024485,1,7,,0,2,9,1,A01
202100024486,1,7,,0,0,0,2,A01
202100024487,3,7,,0,2,3,19,A01
202100024487,3,99,,0,2,1,1,B01
202100024488,1,33,,0,2,1,1,A01
202100024488,1,10,,0,0,4,1,B01
202100024489,1,7,,0,2,4,23,B01
202100024489,1,30,,0,2,1,17,A01
202100024490,3,7,,0,2,6,15,B01
202100024490,3,30,,0,2,1,1,A01
202100024491,1,31,,6,0,1,26,A01
202100024492,0,0,,0,1,4,20,A01
202100024493,0,7,,15,0,0,15,A01
202100024493,1,7,,0,2,0,0,B01
202100024494,3,30,,0,2,7,1,A01
202100024494,3,7,,0,2,1,1,B01
202100024495,1,1,,0,2,7,0,B01
202100024495,1,7,,0,2,1,9,A01
202100024496,1,7,,1,0,1,26,D01
202100024496,1,10,,1,0,4,1,C01
202100024496,1,10,,1,0,1,0,B01
202100024496,1,7,,0,2,1,26,A01
202100024497,2,31,,0,2,1,26,A01
202100024497,1,10,,0,2,5,15,B01
202100024498,1,7,,15,1,2,25,A01
202100024499,2,7,,0,2,3,13,A01
202100024499,1,7,,0,2,8,26,B01
202100024500,2,34,,0,2,7,17,A01
202100024500,2,7,,0,2,7,11,B01
202100024501,0,2,,0,2,1,1,A01
202100024501,0,7,,0,2,4,1,B01
202100024502,3,7,,0,2,6,1,B01
202100024502,3,7,,0,2,7,14,A01
202100024503,1,33,,0,2,1,2,A01
202100024503,1,10,,0,2,4,2,B01
202100024504,3,7,,1,0,2,14,A01
202100024505,2,30,,0,2,1,0,B01
202100024505,1,7,,0,2,2,0,A01
202100024506,0,7,,0,2,2,1,B01
202100024506,0,1,,0,2,1,5,A01
202100024507,1,33,,0,2,1,7,A01
202100024507,1,10,,0,2,4,15,B01
202100024508,1,33,,0,2,7,1,B01
202100024508,2,7,,0,2,2,15,A01
202100024509,2,2,,0,-1,0,21,A01
202100024510,1,7,,0,2,7,1,B01
202100024510,2,7,,0,2,1,17,Z01
202100024511,1,33,,0,2,3,1,B01
202100024511,2,21,,0,2,1,19,A01
202100024512,1,7,,0,2,8,17,A01
202100024512,1,32,,0,2,0,0,B01
202100024513,1,7,,0,2,2,15,A01
202100024513,1,7,,0,2,3,1,B01
202100024514,1,2,,0,2,1,1,B01
202100024514,1,7,,0,2,1,15,A01
202100024515,1,0,,0,1,2,26,Z01
202100024516,1,10,,0,2,1,13,A01
202100024516,2,7,,0,2,1,1,B01
202100024517,2,7,,0,2,4,1,A01
202100024517,2,7,,0,2,1,2,B01
202100024518,1,7,,0,2,1,1,B01
202100024518,1,7,,0,2,8,10,A01
202100024519,1,50,,0,2,4,2,B01
202100024519,1,7,,0,9,3,2,A01
202100024520,0,33,,0,0,0,1,A01
202100024521,3,7,,0,2,5,16,B01
202100024521,3,30,,0,2,1,1,A01
202100024522,1,7,,0,2,7,15,A01
202100024522,2,10,,0,2,1,1,B01
202100024523,3,33,,0,2,1,1,A01
202100024523,3,3,,0,2,5,16,B01
202100024524,3,40,,0,2,3,1,B01
202100024524,3,7,,0,4,2,1,A01
202100024525,-1,7,,0,1,4,20,A01
202100024526,2,7,,0,1,1,1,A01
202100024527,2,7,,14,0,1,19,A01
202100024528,1,7,,0,1,2,1,A01
202100024529,2,33,,0,0,1,1,A01
202100024530,1,7,,0,2,3,26,A01
202100024530,2,50,,0,2,1,21,B01
202100024531,1,32,,7,0,1,1,A01
202100024532,2,33,,0,2,1,1,B01
202100024532,1,7,,0,2,1,15,A01
202100024533,3,7,,0,2,7,1,B01
202100024533,3,7,,0,2,1,26,A01
202100024534,2,7,,0,2,1,2,A01
202100024534,2,33,,0,2,4,2,B01
202100024535,2,99,,0,2,7,1,B01
202100024535,1,7,,0,2,1,15,A01
202100024536,1,33,,0,2,1,1,B01
202100024536,1,7,,0,2,3,15,A01
202100024537,1,33,,14,0,1,26,A01
202100024538,2,32,,14,0,1,1,A01
202100024539,2,2,,0,2,7,21,B01
202100024539,1,10,,0,2,1,13,A01
202100024540,1,33,,0,2,1,1,B01
202100024540,2,7,,0,2,2,15,A01
202100024541,1,7,,0,0,6,15,B01
202100024541,1,32,,0,2,1,3,A01
202100024542,1,37,1.0,0,1,1,20,A01
202100024543,2,10,,0,2,5,2,B01
202100024543,2,7,,0,2,1,2,A01
202100024544,1,2,,0,0,7,1,A01
202100024545,2,60,,0,2,3,19,A01
202100024545,2,7,,0,2,3,1,B01
202100024546,2,7,,0,2,5,12,B01
202100024546,2,31,,0,2,3,3,A01
202100024547,2,14,,0,2,1,1,A01
202100024547,2,7,,0,2,8,1,B01
202100024548,2,7,,0,2,8,1,B01
202100024548,2,43,,0,2,2,3,A01
202100024549,2,10,,0,2,5,2,B01
202100024549,2,33,,0,2,3,2,A01
202100024550,1,32,,0,2,2,2,A01
202100024550,1,7,,0,2,6,2,B01
202100024551,1,7,,0,2,3,11,Z01
202100024551,1,7,,0,2,2,1,A01
202100024552,3,1,,0,2,1,2,B01
202100024552,3,1,,0,2,4,2,A01
202100024553,1,50,,0,2,1,13,A01
202100024553,1,1,,0,2,1,1,B01
202100024554,1,33,,0,2,1,2,A01
202100024554,1,33,,0,2,4,23,B01
202100024555,3,50,,0,2,7,19,A01
202100024555,1,7,,0,2,4,4,Z01
202100024556,1,7,,0,2,2,12,A01
202100024556,2,7,,0,2,6,1,B01
202100024557,1,13,,0,1,7,2,A01
202100024558,2,7,,0,2,3,23,B01
202100024558,2,30,,0,2,1,1,A01
202100024559,1,7,,0,2,3,1,B01
202100024559,1,7,,9,2,5,6,Z01
202100024560,3,33,,0,0,0,2,A01
202100024561,0,1,,0,2,1,19,B01
202100024561,3,10,,0,9,0,0,A01
202100024562,1,3,,0,2,1,0,B01
202100024562,1,10,,0,2,4,10,A01
202100024563,1,33,,0,2,1,1,A01
202100024563,1,10,,0,2,3,15,B01
202100024564,1,30,,0,2,4,0,B01
202100024564,1,7,,0,2,1,0,A01
202100024565,1,7,,0,1,2,1,A01
202100024566,2,10,,0,0,2,0,A01
202100024566,2,7,,0,0,1,1,B01
202100024567,3,7,,0,1,4,26,A01
202100024568,3,7,,1,0,3,23,A01
202100024568,3,1,,1,2,2,0,B01
202100024569,1,30,,0,1,1,0,A01
202100024570,2,7,,0,2,0,15,A01
202100024570,1,2,,0,2,1,1,B01
202100024571,1,1,,0,2,8,15,B01
202100024571,1,10,,0,2,1,16,A01
202100024572,3,7,,0,2,1,1,B01
202100024572,3,7,,0,2,1,10,A01
202100024573,1,7,,0,2,2,1,A01
202100024573,1,7,,0,2,1,0,Z01
202100024574,1,10,,0,2,4,23,A01
202100024574,1,7,,0,2,4,23,B01
202100024574,1,7,,0,2,1,2,C01
202100024575,1,7,,0,2,1,2,C01
202100024575,1,7,,0,2,4,2,B01
202100024575,1,7,,0,2,4,1,A01
202100024576,1,15,,0,2,3,1,B01
202100024576,1,7,,0,2,0,11,A01
202100024577,1,7,,4,0,9,2,A01
202100024578,2,33,,0,2,7,3,B01
202100024578,2,7,,0,2,3,11,A01
202100024579,2,7,,0,0,0,0,B01
202100024579,2,7,,0,0,0,26,A01
202100024580,2,10,,0,2,5,1,B01
202100024580,1,31,,0,2,1,2,A01
202100024581,1,7,,0,9,1,21,A01
202100024582,1,7,,0,2,2,12,B01
202100024582,1,33,,0,2,8,1,A01
202100024583,2,7,,0,2,1,16,B01
202100024583,1,7,,0,2,9,13,A01
202100024584,1,7,,3,0,1,2,A01
202100024585,2,7,,0,2,4,2,B01
202100024585,2,2,,0,2,1,2,A01
202100024586,2,32,,0,2,1,5,Z01
202100024586,1,2,,0,2,1,1,A01
202100024587,1,34,,0,2,1,1,B01
202100024587,1,1,,0,2,1,9,C01
202100024588,1,7,,0,2,1,1,A01
202100024588,1,31,,0,2,4,1,B01
202100024589,1,7,,0,2,1,1,A01