Num_Acc,senc,catv,occutc,obs,obsm,choc,manv,num_veh
202100024589,1,30,,0,2,7,19,B01
202100024590,3,7,,0,2,0,1,B01
202100024590,1,7,,0,2,1,1,A01
202100024591,2,60,,0,0,1,1,A01
202100024592,1,80,,0,0,8,1,A01
202100024593,1,7,,0,2,1,9,A01
202100024593,1,10,,0,2,2,9,B01
202100024594,3,7,,0,1,1,16,A01
202100024595,3,50,,0,2,1,0,A01
202100024595,3,7,,0,2,0,0,B01
202100024596,2,7,,0,2,4,26,A01
202100024596,2,15,,0,2,1,26,Z01
202100024597,2,31,,0,2,2,15,A01
202100024597,2,7,,0,2,1,2,B01
202100024597,2,7,,0,2,3,23,C01
202100024598,1,7,,1,0,2,14,A01
202100024599,1,1,,0,1,1,17,A01
202100024600,3,10,,0,2,1,15,A01
202100024600,3,50,,0,2,1,1,B01
202100024601,0,7,,0,2,1,1,B01
202100024601,1,7,,0,2,8,1,A01
202100024602,1,1,,0,2,7,1,B01
202100024602,1,7,,0,9,3,15,A01
202100024603,3,50,,0,2,1,26,A01
202100024603,3,7,,0,2,2,9,B01
202100024604,2,7,,12,2,8,1,B01
202100024604,2,7,,0,2,2,9,A01
202100024605,3,33,,3,0,0,16,A01
202100024606,0,7,,0,2,1,10,A01
202100024606,0,7,,0,2,1,21,B01
202100024607,1,7,,0,2,2,1,B01
202100024607,2,7,,0,2,2,26,A01
202100024608,2,7,,0,2,3,15,A01
202100024608,1,1,,0,2,7,0,B01
202100024609,0,32,,0,1,1,17,A01
202100024610,1,7,,0,1,4,20,A01
202100024611,1,7,,1,0,2,1,A01
202100024612,3,7,,0,1,2,1,A01
202100024613,2,7,,0,2,8,15,B01
202100024613,1,7,,0,2,1,19,A01
202100024614,2,7,,0,1,3,1,A01
202100024615,1,7,,0,2,0,17,A01
202100024616,3,7,,8,0,1,16,A01
202100024617,3,10,,0,2,4,1,B01
202100024617,3,10,,0,2,1,2,A01
202100024618,3,2,,12,0,1,18,A01
202100024619,2,50,,0,2,8,2,B01
202100024619,2,7,,0,2,1,17,Z01
202100024620,2,7,,0,2,6,15,B01
202100024620,2,32,,0,2,2,1,A01
202100024621,3,7,,0,2,3,15,A01
202100024621,3,31,,0,2,1,1,B01
202100024622,1,7,,0,2,3,1,B01
202100024622,2,7,,0,2,2,15,A01
202100024623,1,1,,0,0,0,13,A01
202100024624,2,7,,0,1,1,1,A01
202100024625,1,7,,0,2,1,9,A01
202100024625,1,7,,0,2,4,23,B01
202100024626,2,2,,0,2,3,18,A01
202100024626,2,7,,0,2,2,23,B01
202100024627,2,30,,0,2,1,15,A01
202100024627,1,7,,0,2,1,1,B01
202100024628,2,7,,0,2,5,15,A01
202100024628,1,1,,0,2,1,1,B01
202100024629,1,7,,0,2,0,16,A01
202100024629,3,50,,0,2,0,1,B01
202100024630,1,1,,0,2,8,13,B01
202100024630,1,37,1.0,0,2,2,17,A01
202100024631,1,7,,0,1,0,1,A01
202100024632,2,7,,8,2,6,1,B01
202100024632,2,7,,12,2,3,13,A01
202100024633,2,7,,0,2,1,1,A01
202100024633,1,34,,0,2,1,1,B01
202100024634,1,7,,0,1,0,1,A01
202100024635,1,7,,0,1,1,15,A01
202100024636,1,7,,10,0,2,21,A01
202100024637,2,34,,0,2,8,1,A01
202100024637,1,7,,0,2,1,1,B01
202100024638,3,7,,2,0,1,14,A01
202100024639,3,7,,8,0,1,26,A01
202100024640,3,7,,0,2,3,1,B01
202100024640,3,30,,0,2,5,17,A01
202100024641,2,7,,0,1,2,1,A01
202100024642,2,37,1.0,0,2,1,1,B01
202100024642,2,7,,0,2,7,1,A01
202100024643,0,50,,0,2,1,26,A01
202100024643,0,60,,0,2,0,0,B01
202100024644,2,30,,0,2,1,9,A01
202100024644,2,7,,0,2,3,15,B01
202100024645,1,31,,0,2,2,17,B01
202100024645,1,7,,0,2,3,15,A01
202100024646,2,7,,0,2,8,1,C01
202100024646,2,10,,0,2,1,17,A01
202100024646,1,10,,0,2,8,1,D01
202100024646,1,10,,0,2,1,1,B01
202100024647,1,14,,0,2,2,16,A01
202100024647,1,1,,0,2,1,1,B01
202100024648,1,33,,0,2,1,1,B01
202100024648,1,7,,0,2,4,2,A01
202100024649,1,2,,0,2,1,19,A01
202100024649,1,14,,0,2,3,1,B01
202100024650,2,7,,0,2,7,15,A01
202100024650,1,33,,0,2,1,1,B01
202100024651,0,33,,0,0,2,17,B01
202100024651,3,7,,0,2,6,13,A01
202100024652,1,33,,1,0,1,25,A01
202100024652,2,7,,0,0,5,24,B01
202100024653,1,33,,3,2,1,1,A01
202100024653,2,10,,0,9,1,1,B01
202100024654,1,7,,8,0,3,14,A01
202100024655,2,2,,0,2,1,2,B01
202100024655,2,7,,0,2,4,1,A01
202100024656,2,7,,3,2,3,1,C01
202100024656,2,7,,0,2,3,1,B01
202100024656,2,7,,3,0,1,1,A01
202100024657,1,17,,0,2,3,1,C01
202100024657,1,7,,0,2,3,3,B01
202100024657,2,7,,0,2,3,1,A01
202100024658,1,7,,0,0,6,23,A01
202100024658,1,1,,1,0,1,1,B01
202100024659,2,7,,12,0,2,0,A01
202100024660,2,2,,0,2,7,17,A01
202100024660,2,20,,0,2,3,10,B01
202100024661,2,33,,0,2,2,2,A01
202100024661,2,7,,0,2,6,2,B01
202100024662,2,30,,0,2,7,1,B01
202100024662,1,7,,0,2,1,19,A01
202100024663,1,36,,12,0,3,1,A01
202100024664,1,7,,0,2,7,15,A01
202100024664,2,7,,0,2,3,1,B01
202100024665,1,7,,0,0,1,1,A01
202100024665,2,7,,0,0,8,15,B01
202100024666,2,1,,0,2,1,0,B01
202100024666,1,7,,0,9,1,16,A01
202100024667,3,7,,0,1,4,4,A01
202100024668,1,1,,0,2,4,1,A01
202100024668,1,7,,0,9,1,2,B01
202100024669,0,7,,0,2,3,1,B01
202100024669,0,7,,0,2,3,1,A01
202100024670,2,7,,0,2,3,15,A01
202100024670,1,7,,0,2,1,1,B01
202100024671,1,33,,0,2,1,13,A01
202100024671,1,7,,0,2,8,10,B01
202100024672,1,7,,6,0,7,0,A01
202100024673,1,10,,0,2,2,15,A01
202100024673,3,7,,0,2,3,1,B01
202100024674,1,10,,0,2,4,2,E01
202100024674,1,7,,0,2,4,2,C01
202100024674,1,13,,0,2,1,2,A01
202100024674,1,7,,0,2,4,2,G01
202100024674,1,7,,0,2,4,2,F01
202100024674,1,7,,0,2,4,2,D01
202100024674,1,7,,0,2,4,2,B01
202100024675,2,7,,3,0,1,2,A01
202100024675,2,7,,14,1,1,2,B01
202100024676,3,7,,0,2,2,1,B01
202100024676,3,7,,0,0,8,19,A01
202100024677,0,7,,0,0,9,1,A01
202100024678,0,7,,8,0,7,13,A01
202100024679,2,7,,0,0,9,1,A01
202100024680,1,17,,0,2,2,1,B01
202100024680,2,7,,0,2,2,13,A01
202100024681,3,2,,0,2,2,17,A01
202100024681,3,2,,0,2,3,1,B01
202100024682,1,7,,13,0,0,14,A01
202100024683,2,2,,0,2,2,17,B01
202100024683,2,10,,0,2,6,15,A01
202100024684,2,7,,0,0,5,1,B01
202100024684,2,2,,0,0,1,1,A01
202100024685,1,1,,12,0,4,2,A01
202100024685,1,1,,12,0,4,2,B01
202100024685,1,7,,0,2,2,17,C01
202100024686,2,7,,3,2,0,0,A01
202100024686,2,7,,0,2,1,0,B01
202100024687,2,7,,0,2,3,13,A01
202100024687,1,33,,12,2,1,1,B01
202100024688,2,7,,0,2,1,1,B01
202100024688,1,7,,0,2,1,13,A01
202100024689,2,33,,13,0,8,1,A01
202100024690,1,3,,2,0,1,1,A01
202100024691,1,2,,0,9,0,2,A01
202100024691,1,2,,0,9,0,1,B01
202100024692,1,33,,1,0,1,0,A01
202100024693,2,7,,6,2,8,15,A01
202100024693,2,33,,0,2,1,17,B01
202100024694,3,1,,0,2,1,1,B01
202100024694,1,7,,0,2,2,1,A01
202100024695,0,13,,0,2,0,0,B01
202100024695,0,7,,4,2,0,2,A01
202100024696,1,7,,0,0,0,0,Z01
202100024696,1,7,,0,2,4,26,A01
202100024697,2,7,,3,0,2,1,A01
202100024698,2,7,,0,2,1,2,A01
202100024698,2,10,,0,2,4,2,B01
202100024698,2,7,,0,2,4,2,C01
202100024698,2,10,,0,2,2,2,D01
202100024699,2,7,,0,0,0,26,A01
202100024699,1,7,,0,0,0,0,B01
202100024699,1,7,,0,0,0,0,C01
202100024700,1,7,,0,2,1,1,A01
202100024700,1,7,,0,2,4,2,B01
202100024701,1,7,,0,2,1,2,A01
202100024701,1,13,,0,0,6,1,B01
202100024702,2,33,,0,2,0,17,A01
202100024703,3,7,,0,1,1,16,A01
202100024704,3,32,,0,1,1,21,A01
202100024705,3,7,,0,1,5,4,A01
202100024706,0,7,,0,1,1,1,A01
202100024707,1,31,,0,2,5,11,A01
202100024707,1,7,,8,2,8,15,B01
202100024708,2,7,,1,2,8,10,A01
202100024708,2,7,,0,2,2,17,B01
202100024708,2,7,,0,2,4,23,C01
202100024709,1,7,,0,0,1,26,A01
202100024710,3,33,,0,2,1,17,A01
202100024710,3,7,,0,2,3,15,B01
202100024711,0,1,,0,2,1,15,B01
202100024711,3,7,,0,2,1,15,Z01
202100024712,3,30,,0,0,3,26,A01
202100024713,2,32,,0,2,1,19,A01
202100024713,1,7,,0,2,3,1,B01
202100024714,2,7,,0,1,2,1,A01
202100024715,2,7,,0,1,1,1,A01
202100024716,3,7,,0,2,3,9,B01
202100024716,3,7,,0,2,3,15,A01
202100024717,3,7,,0,2,6,11,A01
202100024717,3,7,,0,2,2,1,B01
202100024718,1,7,,4,0,3,5,A01
202100024719,1,7,,0,2,1,23,B01
202100024719,3,7,,0,2,1,26,A01
202100024720,1,7,,0,2,4,2,B01
202100024720,1,43,,0,2,1,2,A01
202100024721,2,7,,0,1,1,1,Z01
202100024722,1,7,,0,2,1,1,B01
202100024722,1,7,,0,2,1,15,A01
202100024723,1,7,,0,2,3,15,B01
202100024723,2,33,,0,2,1,3,A01
202100024724,3,7,,0,2,2,16,A01
202100024724,1,50,,0,2,1,1,B01
202100024725,1,7,,0,2,3,10,A01
202100024725,2,30,,0,2,1,1,B01
202100024726,2,7,,0,2,3,1,B01
202100024726,1,50,,0,2,2,19,A01
202100024727,1,30,,0,2,4,1,C01
202100024727,1,33,,0,2,4,1,B01
202100024727,1,7,,0,2,1,1,A01
202100024728,1,7,,0,1,3,15,A01
202100024729,1,1,,0,2,7,26,B01
202100024729,2,7,,0,2,1,9,A01
202100024730,2,30,,0,2,1,17,A01
202100024730,1,7,,0,2,1,15,B01
202100024731,1,33,,16,0,7,1,A01
202100024732,3,7,,0,1,4,4,A01
202100024733,1,7,,0,2,1,1,B01
202100024733,2,7,,0,2,3,16,A01
202100024734,1,10,,0,2,3,9,A01
202100024734,1,7,,0,2,2,1,B01
202100024735,2,7,,0,9,7,2,Z01
202100024735,2,50,,0,2,8,2,B01
202100024736,3,3,,0,0,8,15,A01
202100024737,1,7,,1,0,1,26,A01
202100024738,1,36,,8,0,7,26,A01
202100024739,2,7,,0,2,0,0,B01
202100024739,2,33,,0,2,1,2,A01
202100024740,1,1,,0,2,2,26,A01
202100024740,1,7,,0,2,3,26,B01
202100024741,1,60,,0,2,8,26,B01
202100024741,1,7,,0,9,2,26,A01
202100024742,1,32,,0,2,4,2,A01
202100024742,1,10,,0,9,4,2,B01
202100024743,2,15,,0,1,2,1,A01
202100024744,1,7,,13,0,8,21,A01
202100024745,2,37,1.0,0,9,2,1,B01
202100024745,1,30,,0,2,2,15,A01
202100024746,3,1,,0,1,1,5,A01
202100024747,2,33,,4,0,1,14,A01
202100024748,1,33,,0,2,1,1,B01
202100024748,2,7,,0,2,5,9,A01
202100024749,2,7,,0,2,7,1,B01
202100024749,1,7,,0,2,1,19,A01
202100024750,1,32,,0,2,9,1,B01
202100024750,2,7,,0,2,5,15,A01
202100024751,3,7,,14,0,1,1,A01
202100024751,0,7,,0,2,4,23,B01
202100024752,0,1,,12,0,0,12,A01
202100024753,2,7,,4,0,9,1,A01
202100024754,1,7,,0,2,6,10,A01
202100024754,1,33,,0,2,1,2,B01
202100024755,2,7,,0,2,1,1,B01
202100024755,1,7,,0,2,1,5,A01
202100024756,3,10,,0,2,0,1,B01
202100024756,3,7,,0,2,1,1,A01
202100024757,1,10,,8,2,1,1,B01
202100024757,1,7,,8,2,1,1,A01
202100024758,2,7,,2,0,3,0,A01
202100024759,3,1,,0,2,0,26,A01
202100024759,3,0,,0,2,3,13,B01
202100024760,2,7,,0,0,2,14,A01
202100024761,1,7,,0,2,1,15,A01
202100024761,2,34,,0,2,1,1,B01
202100024762,2,32,,0,2,3,13,A01
202100024762,2,33,,0,2,2,1,B01
202100024763,1,7,,0,1,4,20,Z01
202100024764,1,7,,0,1,2,1,Z01
202100024765,2,2,,0,2,4,2,A01
202100024765,2,7,,0,2,1,2,Z01
202100024766,2,7,,0,2,3,15,A01
202100024766,2,30,,0,2,2,1,B01
202100024767,1,7,,1,0,3,13,A01
202100024768,2,7,,0,1,2,1,A01
202100024769,2,34,,0,2,7,2,A01
202100024769,2,37,1.0,0,2,6,23,B01
202100024770,1,7,,0,2,2,2,A01
202100024770,1,33,,0,2,4,23,B01
202100024771,1,7,,0,2,2,1,B01
202100024771,1,7,,0,2,2,10,A01
202100024772,1,1,,0,2,7,14,A01
202100024772,2,50,,0,2,7,1,B01
202100024773,2,60,,0,2,7,0,B01
202100024773,2,7,,0,0,1,26,A01
202100024774,1,7,,0,2,3,9,B01
202100024774,1,50,,0,2,1,2,A01
202100024775,1,7,,0,2,7,16,A01
202100024775,1,30,,0,2,8,2,B01
202100024776,1,7,,0,1,2,1,A01
202100024777,3,33,,1,2,1,2,B01
202100024777,3,7,,1,0,3,20,A01
202100024778,3,7,,0,1,2,1,A01
202100024779,3,7,,0,2,1,1,A01
202100024779,3,7,,0,2,7,15,B01
202100024780,3,10,,0,0,4,4,B01
202100024780,3,33,,0,2,1,2,A01
202100024781,1,30,,0,1,2,25,A01
202100024782,1,2,,0,2,1,1,A01
202100024782,2,7,,0,2,5,1,B01
202100024783,1,37,3.0,0,2,1,1,A01
202100024783,2,50,,0,2,8,19,B01
202100024784,1,7,,0,2,3,1,A01
202100024784,2,7,,0,2,3,13,B01
202100024785,1,7,,6,0,1,14,A01
202100024786,1,7,,16,0,9,1,A01
202100024787,1,7,,0,2,3,19,A01
202100024787,1,7,,0,2,1,1,B01
202100024788,1,7,,0,2,8,1,A01
202100024788,2,7,,0,2,1,1,C01
202100024788,1,10,,0,2,1,1,B01
202100024789,1,7,,15,0,1,21,B01
202100024789,1,10,,0,0,0,26,A01
202100024790,1,7,,2,0,1,0,A01
202100024791,2,7,,2,0,1,13,A01
202100024792,1,7,,5,0,3,13,A01
202100024793,3,32,,8,0,0,17,A01
202100024794,1,7,,0,2,3,15,A01
202100024794,2,1,,0,2,8,1,B01
202100024795,1,33,,0,0,8,1,A01
202100024796,1,43,,2,0,1,0,A01
202100024797,2,7,,0,2,2,19,A01
202100024797,1,2,,0,2,1,1,B01
202100024798,3,2,,0,0,7,1,A01
202100024799,1,7,,2,0,6,0,A01
202100024800,3,15,,1,1,3,23,A01
202100024801,2,10,,0,2,8,1,B01
202100024801,1,31,,0,2,1,13,A01
202100024802,2,2,,12,0,2,21,A01
202100024803,1,10,,13,0,2,1,A01
202100024804,2,1,,0,2,8,2,B01
202100024804,2,21,,0,2,5,2,A01
202100024805,1,7,,12,1,2,14,A01
202100024806,3,36,,0,0,3,13,A01
202100024807,2,21,,0,2,3,15,A01
202100024807,2,32,,0,2,1,17,B01
202100024808,1,7,,13,0,3,1,A01
202100024809,2,33,,13,0,7,1,A01
202100024810,2,17,,0,2,8,1,B01
202100024810,0,33,,0,2,1,1,A01
202100024811,1,7,,0,2,3,15,A01
202100024811,1,1,,13,2,1,17,B01
202100024812,3,10,,13,0,8,13,A01
202100024813,1,30,,0,2,1,0,A01
202100024814,1,7,,0,2,1,1,A01
202100024814,1,2,,0,2,7,9,B01
202100024815,2,7,,0,2,2,15,B01
202100024815,2,2,,0,2,1,3,A01
202100024816,2,7,,2,0,8,1,A01
202100024817,3,7,,0,2,1,2,A01
202100024817,3,10,,0,0,4,15,B01
202100024818,2,1,,0,0,1,1,A01
202100024819,1,7,,0,2,2,11,A01
202100024819,1,21,,0,2,2,12,B01
202100024820,2,7,,0,2,8,1,B01
202100024820,1,33,,12,2,9,1,A01
202100024821,3,33,,10,0,1,26,A01
202100024822,1,1,,0,2,1,1,B01
202100024822,1,7,,0,0,7,16,A01
202100024823,0,7,,0,2,1,17,A01
202100024823,3,7,,0,2,3,1,D01
202100024823,3,10,,0,2,1,2,C01
202100024823,3,7,,3,2,1,1,B01
202100024824,3,7,,2,0,1,21,A01
202100024825,1,7,,0,1,3,1,A01
202100024826,1,80,,0,0,0,11,A01
202100024827,3,2,,0,2,7,9,B01
202100024827,1,14,,0,2,1,1,A01
202100024828,1,10,,0,2,1,2,Z01
202100024828,1,7,,0,2,4,2,A01
202100024829,2,7,,0,0,0,0,Z01
202100024829,2,7,,3,2,4,2,B01
202100024829,2,7,,3,2,4,2,A01
202100024830,1,7,,0,2,2,17,A01
202100024830,2,7,,0,2,6,1,B01
202100024831,1,10,,0,2,6,2,B01
202100024831,1,10,,0,2,3,2,A01
202100024832,1,43,,0,2,3,1,B01
202100024832,1,7,,0,2,2,12,A01
202100024833,1,7,,0,2,1,2,A01
202100024833,1,7,,0,2,4,2,B01
202100024834,2,7,,0,2,9,2,A01
202100024835,2,10,,0,0,1,1,A01
202100024836,1,10,,4,0,1,1,A01
202100024837,2,7,,0,2,1,2,A01
202100024837,2,10,,0,2,4,2,B01
202100024838,1,7,,4,0,1,1,A01
202100024839,2,7,,4,0,1,21,A01
202100024840,2,43,,3,0,1,2,A01
202100024841,2,7,,4,0,6,1,A01
202100024842,1,10,,4,0,5,2,A01
202100024842,1,7,,4,2,3,1,Z01
202100024843,2,7,,0,2,4,1,A01
202100024843,2,43,,0,2,1,12,B01
202100024844,1,7,,0,2,1,26,A01
202100024844,1,7,,0,2,2,1,B01
202100024844,1,7,,14,0,5,1,C01
202100024845,1,30,,0,1,1,3,A01
202100024846,1,1,,0,1,1,1,A01
202100024847,3,3,,0,0,1,0,A01
202100024848,1,7,,0,2,3,20,A01
202100024848,2,30,,0,2,1,21,AB01
202100024849,3,1,,0,2,8,0,B01
202100024849,3,7,,0,9,1,1,A01
202100024850,3,33,,0,2,0,15,B01
202100024850,3,7,,0,2,8,15,A01
202100024851,1,7,,0,1,2,1,A01
202100024852,1,7,,0,2,1,13,A01
202100024852,2,7,,0,2,3,1,B01
202100024853,1,7,,0,2,6,15,A01
202100024853,1,33,,0,2,1,17,B01
202100024854,1,7,,0,2,1,1,A01
202100024854,1,10,,0,2,7,1,B01
202100024855,3,7,,0,2,4,23,C01
202100024855,3,7,,0,2,4,23,B01
202100024855,3,10,,0,2,1,2,A01
202100024856,1,7,,8,0,1,1,A01
202100024857,0,31,,0,2,1,1,B01
202100024857,0,7,,0,2,1,13,A01
202100024858,3,7,,0,1,8,19,A01
202100024859,1,33,,0,2,1,20,B01
202100024859,2,14,,0,2,4,4,A01
202100024860,3,31,,0,2,9,1,B01
202100024860,3,7,,0,2,3,5,A01
202100024861,0,7,,0,2,0,1,A01
202100024861,0,7,,0,2,1,1,B01
202100024862,2,7,,0,2,5,13,A01
202100024862,2,7,,0,2,3,1,B01
202100024863,3,7,,0,2,4,15,B01
202100024863,3,7,,0,2,1,2,A01
202100024864,1,7,,2,0,0,14,A01
202100024865,1,30,,0,2,2,14,B01
202100024865,1,7,,0,2,8,23,A01
202100024866,1,7,,0,1,2,1,A01
202100024867,1,7,,0,1,1,1,Z01
202100024868,1,7,,0,2,1,2,A01
202100024868,1,7,,0,2,4,2,B01
202100024869,2,30,,0,2,5,1,A01
202100024870,2,33,,0,0,3,0,A01
202100024871,3,7,,0,2,1,9,A01
202100024871,3,31,,0,2,4,9,B01
202100024872,2,3,,6,2,5,15,A01
202100024872,1,3,,0,2,3,1,B01
202100024873,3,7,,0,2,1,0,B01
202100024873,1,7,,0,0,0,0,A01
202100024874,1,7,,1,0,1,14,A01
202100024875,1,7,,8,0,1,1,A01
202100024876,1,7,,0,2,7,17,A01
202100024876,1,1,,0,2,8,1,B01
202100024877,1,7,,0,2,1,2,A01
202100024877,1,7,,0,2,4,2,B01
202100024878,1,7,,0,0,2,17,A01
202100024878,1,7,,0,2,6,1,B01
202100024879,1,7,,0,2,3,26,A01
202100024879,2,1,,0,2,8,25,B01
202100024880,0,33,,0,2,1,15,A01
202100024880,1,7,,0,2,7,1,B01
202100024881,1,7,,0,2,1,0,A01
202100024881,1,7,,0,2,6,0,B01
202100024882,-1,1,,0,2,7,19,A01
202100024882,1,7,,0,2,3,16,B01
202100024883,1,13,,0,2,1,1,A01
202100024883,1,7,,0,2,1,1,C01
202100024883,1,7,,0,2,1,1,B01
202100024883,1,7,,0,2,4,1,D01
202100024884,1,33,,0,2,1,0,B01
202100024884,3,7,,0,2,3,15,A01
202100024885,1,21,,0,2,7,26,A01
202100024885,2,33,,0,2,1,1,B01
202100024886,1,7,,0,0,9,26,A01
202100024887,1,7,,0,2,4,2,A01
202100024887,1,7,,0,2,4,2,B01
202100024887,1,10,,0,2,1,2,C01
202100024888,2,7,,0,2,0,13,A01
202100024888,0,7,,0,2,8,1,B01
202100024889,3,7,,0,2,0,0,A01
202100024889,3,1,,0,2,0,0,B01
202100024890,3,7,,0,1,1,16,A01
202100024891,3,30,,0,0,0,26,A01
202100024892,1,10,,0,1,2,1,A01
202100024893,2,1,,0,1,1,1,A01
202100024894,2,7,,0,1,4,20,A01
202100024895,1,10,,0,2,1,1,A01
202100024895,1,7,,0,2,4,23,B01
202100024896,2,33,,0,2,6,1,A01
202100024896,2,14,,0,2,6,1,B01
202100024896,2,7,,0,2,0,1,C01
202100024896,2,7,,0,2,2,1,Z01
202100024897,1,7,,0,2,1,15,A01
202100024897,1,1,,0,2,0,19,B01
202100024898,3,1,,0,1,1,1,A01
202100024899,1,1,,0,0,0,1,A01
202100024900,2,50,,0,1,1,21,A01
202100024901,1,1,,0,2,1,1,A01
202100024901,0,50,,0,2,1,11,B01
202100024902,1,7,,15,2,2,26,A01
202100024903,3,7,,0,2,4,4,B01
202100024903,3,7,,0,2,1,2,A01
202100024904,3,0,,0,1,4,26,Z01
202100024905,3,14,,0,2,2,1,C01
202100024905,3,7,,0,2,5,1,B01
202100024905,1,7,,0,2,3,1,Z01
202100024906,3,7,,0,2,8,19,B01
202100024906,3,7,,0,2,1,19,A01
202100024907,2,43,,0,2,2,1,B01
202100024907,2,7,,0,2,3,26,A01
202100024908,1,32,,0,0,0,0,B01
202100024908,1,7,,1,2,3,17,A01
202100024909,1,32,,0,2,8,18,B01
202100024909,1,7,,0,2,7,12,A01
202100024910,1,32,,14,2,8,26,B01
202100024911,1,7,,0,1,1,17,A01
202100024912,1,7,,0,2,1,9,A01
202100024912,1,7,,0,2,4,26,B01
202100024913,3,10,,0,2,3,24,A01
202100024913,3,99,,1,2,1,0,B01
202100024914,1,7,,0,2,2,16,A01
202100024914,1,50,,0,2,1,1,B01
202100024915,1,7,,0,2,8,15,B01
202100024915,1,7,,0,2,1,1,A01
202100024916,2,7,,0,1,1,1,A01
202100024917,2,32,,0,2,3,16,A01
202100024917,2,34,,0,2,1,1,B01
202100024918,1,7,,0,2,3,15,B01
202100024918,1,33,,0,0,1,17,A01
202100024919,1,7,,0,2,7,19,A01
202100024919,2,33,,0,2,1,1,B01
202100024920,1,7,,13,0,2,1,A01
202100024921,1,10,,0,0,1,0,A01
202100024922,3,10,,12,2,1,1,A01
202100024922,2,30,,0,2,4,15,B01
202100024923,3,7,,0,1,3,1,A01
202100024924,2,1,,0,0,0,1,A01
202100024924,2,1,,0,0,0,1,B01
202100024925,0,7,,0,0,3,1,B01
202100024925,0,7,,9,0,3,1,A01
202100024926,1,33,,0,6,1,0,A01
202100024927,2,7,,0,2,8,15,B01
202100024927,2,33,,0,2,1,17,A01
202100024928,2,7,,0,2,5,21,C01
202100024928,1,7,,0,2,6,21,B01
202100024928,2,7,,0,2,3,13,A01
202100024929,1,7,,0,2,1,1,B01
202100024929,2,7,,0,2,8,9,A01
202100024930,1,7,,6,0,9,1,A01
202100024931,1,7,,0,2,7,1,A01
202100024931,3,1,,0,2,1,15,B01
202100024932,2,7,,17,0,1,14,A01
202100024933,2,31,,0,0,0,0,A01
202100024934,2,7,,0,2,3,13,A01
202100024934,1,7,,0,0,3,23,B01
202100024935,1,7,,0,2,7,19,A01
202100024935,2,7,,0,0,8,0,B01
202100024936,2,2,,13,2,7,1,B01
202100024936,1,7,,0,2,2,15,A01
202100024937,0,7,,0,2,1,1,B01
202100024937,0,33,,0,2,1,13,A01
202100024938,1,2,,13,0,9,1,A01
202100024939,1,7,,0,0,2,1,B01
202100024939,3,1,,0,2,1,16,A01
202100024940,1,1,,0,0,0,1,A01
202100024941,0,80,,0,0,0,0,A01
202100024942,3,1,,0,2,1,15,B01
202100024942,3,7,,0,9,5,16,A01
202100024943,2,33,,0,2,1,17,A01
202100024943,1,7,,0,2,2,1,B01
202100024943,2,0,,0,0,0,0,C01
202100024944,1,2,,0,2,1,17,B01
202100024944,1,7,,0,2,6,15,A01
202100024945,1,33,,0,2,1,17,A01
202100024945,1,7,,0,2,8,15,B01
202100024946,1,7,,0,2,6,13,B01
202100024946,2,7,,0,2,3,1,A01
202100024947,1,7,,0,2,1,14,A01
202100024947,3,7,,0,2,8,23,B01
202100024948,1,7,,0,0,4,2,B01
202100024948,1,33,,0,2,1,2,A01
202100024949,1,7,,0,1,2,1,A01
202100024950,2,34,,13,0,1,2,A01
202100024951,2,7,,13,0,1,0,A01
202100024952,1,7,,13,0,9,14,A01
202100024953,2,1,,0,0,0,16,A01
202100024954,1,10,,0,2,1,2,A01
202100024954,1,20,,0,0,4,2,B01
202100024955,0,36,,0,0,0,1,A01
202100024956,2,7,,0,2,1,1,A01
202100024956,2,7,,0,2,6,23,B01
202100024956,2,7,,0,0,5,23,C01
202100024956,1,7,,0,2,9,1,D01
202100024957,1,7,,0,0,2,15,A01
202100024957,2,1,,0,2,1,1,B01
202100024958,2,33,,13,0,1,1,B01
202100024958,2,33,,13,0,1,1,A01
202100024959,3,10,,0,2,3,13,A01
202100024959,3,7,,0,2,3,1,B01
202100024960,2,2,,0,2,1,1,B01
202100024960,1,7,,0,2,3,1,A01
202100024961,2,7,,0,0,4,15,B01
202100024961,1,33,,0,2,1,1,A01
202100024962,2,10,,0,2,3,1,B01
202100024962,1,7,,0,2,3,1,A01
202100024963,1,15,,0,9,6,1,A01
202100024963,1,1,,0,2,0,25,B01
202100024964,2,7,,0,2,3,1,A01
202100024964,2,34,,0,2,1,1,B01
202100024965,2,1,,0,0,4,1,B01
202100024965,1,7,,0,2,1,1,A01
202100024966,0,7,,10,0,1,9,A01
202100024967,2,7,,0,2,3,1,B01
202100024967,1,7,,0,2,1,13,A01
202100024968,2,33,,0,0,4,1,B01
202100024968,2,7,,0,2,1,2,A01
202100024969,1,7,,0,2,3,15,B01
202100024969,1,33,,0,2,5,17,A01
202100024970,2,15,,0,0,4,2,B01
202100024970,2,7,,0,2,1,2,A01
202100024971,2,7,,0,1,8,1,A01
202100024972,3,2,,0,0,0,1,A01
202100024973,1,7,,0,2,4,0,A01
202100024973,1,7,,0,2,1,0,B01
202100024974,1,14,,0,2,2,2,A01
202100024974,1,7,,0,2,6,1,B01
202100024975,2,7,,0,2,4,2,C01
202100024975,2,7,,0,2,1,1,A01
202100024975,2,7,,3,2,9,2,B01