Num_Acc,senc,catv,occutc,obs,obsm,choc,manv,num_veh
202100024976,2,7,,0,2,1,2,A01
202100024976,2,7,,0,2,4,2,B01
202100024976,2,7,,0,2,4,2,C01
202100024977,1,33,,0,2,8,3,B01
202100024977,1,7,,0,2,7,11,A01
202100024978,2,43,,0,0,0,1,A01
202100024979,2,0,,0,1,0,19,Z01
202100024980,1,7,,0,2,7,2,C01
202100024980,1,7,,0,2,7,0,B01
202100024980,1,7,,0,2,4,2,A01
202100024981,1,33,,16,0,9,1,A01
202100024982,2,33,,0,2,1,1,B01
202100024982,2,10,,0,2,1,1,C01
202100024982,2,7,,0,0,6,1,A01
202100024983,1,7,,0,2,4,1,B01
202100024983,1,10,,0,2,1,1,A01
202100024983,1,7,,0,2,4,1,C01
202100024984,1,7,,3,0,1,9,A01
202100024985,3,2,,0,2,1,1,A01
202100024985,2,7,,0,2,8,1,B01
202100024986,3,37,1.0,0,1,2,16,A01
202100024987,0,2,,13,0,7,1,A01
202100024988,3,7,,0,2,4,23,B01
202100024988,3,7,,0,2,1,1,A01
202100024989,2,7,,8,2,8,7,A01
202100024989,2,7,,0,2,1,1,B01
202100024990,2,7,,1,1,3,1,A01
202100024991,1,7,,1,0,1,14,A01
202100024992,1,7,,0,2,3,9,B01
202100024992,1,10,,0,2,3,9,A01
202100024993,1,7,,0,2,3,1,A01
202100024993,1,32,,0,2,0,1,B01
202100024994,1,7,,0,2,1,19,A01
202100024994,1,37,1.0,0,2,2,19,B01
202100024995,2,7,,0,2,1,1,B01
202100024995,2,7,,11,2,8,21,A01
202100024996,1,34,,2,2,1,21,A01
202100024996,1,7,,0,2,5,1,B01
202100024997,2,7,,0,2,4,2,B01
202100024997,2,2,,0,2,1,2,A01
202100024998,3,32,,0,2,8,2,B01
202100024998,3,10,,0,2,1,1,A01
202100024999,2,7,,0,2,1,17,A01
202100024999,2,7,,0,2,9,17,B01
202100024999,2,7,,0,2,8,1,C01
202100025000,1,7,,0,2,6,9,A01
202100025000,1,7,,0,2,1,1,B01
202100025001,3,7,,0,1,1,1,A01
202100025002,3,34,,0,2,1,0,B01
202100025002,0,7,,0,2,1,15,A01
202100025003,3,99,,1,0,1,0,Z01
202100025004,1,37,3.0,0,2,1,1,B01
202100025004,2,7,,0,2,1,15,A01
202100025005,2,7,,0,2,1,13,A01
202100025005,1,1,,0,2,1,1,B01
202100025006,2,7,,0,2,1,2,B01
202100025006,2,10,,0,2,1,2,C01
202100025006,2,7,,0,2,4,2,D01
202100025006,2,7,,0,2,1,2,A01
202100025007,2,20,,0,2,1,26,A01
202100025008,1,10,,0,2,2,17,A01
202100025008,1,7,,3,2,6,2,B01
202100025008,1,7,,4,2,2,2,C01
202100025009,3,33,,0,2,1,13,B01
202100025009,3,34,,0,2,3,13,A01
202100025010,3,43,,0,2,1,1,B01
202100025010,3,7,,0,2,2,15,Z01
202100025011,1,7,,0,2,6,20,B01
202100025011,1,13,,0,2,2,2,Z01
202100025012,0,33,,0,2,8,1,B01
202100025012,3,7,,0,2,3,15,A01
202100025013,2,1,,0,1,1,17,A01
202100025014,2,7,,4,0,3,13,A01
202100025015,1,7,,0,2,2,16,A01
202100025015,1,1,,0,2,1,7,B01
202100025016,1,7,,0,1,4,4,Z01
202100025017,2,1,,0,2,0,1,B01
202100025017,2,50,,0,2,2,5,A01
202100025018,1,7,,1,1,1,20,A01
202100025019,1,31,,0,2,8,1,A01
202100025019,1,7,,0,2,0,9,B01
202100025020,1,7,,0,2,2,23,B01
202100025020,1,30,,0,2,8,14,A01
202100025021,2,7,,0,2,1,15,A01
202100025021,1,32,,0,2,3,1,B01
202100025022,1,2,,6,0,2,16,A01
202100025023,3,14,,0,1,4,4,A01
202100025024,1,7,,0,1,5,26,A01
202100025025,2,7,,0,1,1,1,A01
202100025025,1,7,,0,2,3,23,B01
202100025026,3,1,,0,2,1,19,A01
202100025026,1,17,,0,2,7,1,B01
202100025027,2,7,,0,2,1,2,A01
202100025027,2,7,,0,2,4,2,B01
202100025028,3,7,,17,0,2,14,A01
202100025029,1,15,,14,0,3,13,A01
202100025030,2,7,,13,0,1,1,A01
202100025031,1,10,,0,2,3,19,A01
202100025031,2,7,,0,2,2,1,B01
202100025032,1,10,,0,2,4,23,A01
202100025032,1,7,,1,0,1,1,B01
202100025033,2,31,,0,0,2,1,A01
202100025033,2,14,,0,2,6,1,B01
202100025034,2,7,,0,1,2,1,A01
202100025035,2,7,,4,9,2,1,A01
202100025036,1,7,,0,2,3,1,B01
202100025036,3,60,,0,2,1,19,A01
202100025037,1,1,,0,2,1,1,B01
202100025037,2,7,,0,2,3,1,A01
202100025038,1,30,,0,2,7,1,B01
202100025038,3,7,,0,2,4,4,A01
202100025039,1,33,,0,2,1,1,A01
202100025039,1,33,,0,0,4,16,B01
202100025040,1,7,,2,0,1,14,A01
202100025041,2,10,,0,2,1,15,A01
202100025041,1,7,,8,2,3,9,B01
202100025042,1,31,,0,2,1,13,A01
202100025042,2,33,,0,2,1,1,B01
202100025043,1,33,,0,0,1,1,A01
202100025044,1,31,,3,0,1,1,A01
202100025045,1,7,,0,2,3,13,A01
202100025045,2,7,,0,2,2,1,B01
202100025046,2,1,,0,2,1,1,B01
202100025046,1,10,,0,0,7,1,A01
202100025047,2,31,,0,2,1,13,A01
202100025047,1,7,,0,2,3,1,B01
202100025048,3,3,,2,0,2,1,A01
202100025049,1,7,,0,0,7,15,A01
202100025049,2,33,,0,2,2,1,B01
202100025050,1,33,,3,0,0,1,A01
202100025051,3,7,,2,0,1,0,A01
202100025052,1,33,,0,2,1,16,A01
202100025052,1,7,,0,2,3,1,B01
202100025053,3,7,,2,0,1,13,A01
202100025054,1,1,,0,5,2,0,A01
202100025055,1,1,,0,2,0,1,C01
202100025055,1,1,,0,2,8,1,B01
202100025055,1,21,,0,2,5,17,A01
202100025056,2,3,,0,2,2,1,A01
202100025056,1,7,,0,2,2,1,B01
202100025057,1,36,,2,0,1,13,A01
202100025058,2,7,,0,1,1,1,A01
202100025059,3,7,,0,2,3,19,A01
202100025059,3,1,,0,0,3,1,B01
202100025060,2,7,,0,2,1,2,B01
202100025060,2,7,,3,0,4,1,A01
202100025061,1,7,,0,2,3,13,B01
202100025061,2,2,,0,2,0,13,A01
202100025062,2,7,,0,0,2,17,A01
202100025062,2,10,,0,0,6,1,B01
202100025063,3,7,,0,2,3,13,B01
202100025063,3,7,,0,2,3,1,A01
202100025064,1,15,,0,2,5,2,B01
202100025064,1,7,,0,2,1,2,A01
202100025065,1,7,,0,2,1,1,B01
202100025065,2,7,,0,2,1,1,A01
202100025066,1,7,,0,1,1,12,A01
202100025067,1,7,,17,0,2,14,A01
202100025068,2,7,,0,0,3,1,B01
202100025068,1,7,,0,0,3,13,A01
202100025069,1,7,,6,0,1,21,A01
202100025069,2,7,,0,0,0,13,B01
202100025070,0,2,,0,2,8,9,B01
202100025070,2,7,,0,2,1,1,A01
202100025071,2,7,,0,2,7,15,B01
202100025071,1,31,,0,2,1,2,A01
202100025072,1,7,,13,0,1,0,A01
202100025073,1,7,,0,2,6,1,B01
202100025073,2,7,,0,2,3,13,A01
202100025074,1,33,,0,2,1,21,B01
202100025074,2,33,,0,2,1,17,A01
202100025075,1,33,,0,2,1,13,A01
202100025075,2,7,,0,2,1,1,B01
202100025076,0,31,,0,0,8,15,A01
202100025077,1,7,,0,2,4,2,B01
202100025077,1,7,,0,0,4,2,C01
202100025077,1,7,,0,2,1,2,A01
202100025078,2,7,,0,0,0,13,A01
202100025079,1,33,,0,2,1,1,B01
202100025079,1,7,,0,2,3,19,A01
202100025080,1,2,,4,0,1,1,A01
202100025081,0,7,,0,2,6,10,A01
202100025081,0,31,,0,2,1,2,B01
202100025082,0,7,,0,2,7,1,B01
202100025082,0,2,,0,2,1,16,A01
202100025083,3,1,,0,2,5,1,A01
202100025083,0,7,,0,9,7,1,B01
202100025084,2,33,,0,0,7,0,A01
202100025085,1,7,,4,0,2,2,A01
202100025086,1,7,,4,0,7,15,A01
202100025087,1,7,,0,2,1,2,B01
202100025087,1,7,,0,2,4,1,A01
202100025088,1,7,,0,2,9,1,B01
202100025088,1,7,,0,2,9,1,A01
202100025089,2,7,,0,0,6,1,B01
202100025089,2,10,,0,2,2,1,A01
202100025090,2,10,,0,2,4,1,B01
202100025090,2,7,,0,2,1,2,A01
202100025091,2,7,,0,2,2,1,C01
202100025091,2,15,,0,2,2,0,B01
202100025091,2,7,,0,2,6,0,A01
202100025092,2,7,,0,2,1,1,A01
202100025092,2,7,,0,2,4,2,B01
202100025092,2,7,,0,2,6,2,C01
202100025093,2,7,,0,2,8,1,B01
202100025093,2,7,,0,2,1,1,A01
202100025094,1,7,,3,6,3,21,A01
202100025095,2,7,,4,0,1,14,A01
202100025096,1,7,,0,2,1,2,B01
202100025096,1,7,,0,2,4,23,A01
202100025097,1,7,,3,2,4,2,B01
202100025097,1,10,,3,2,1,2,A01
202100025098,1,7,,0,2,1,2,B01
202100025098,1,7,,0,2,4,23,A01
202100025099,1,7,,0,2,4,23,C01
202100025099,1,7,,0,2,4,23,B01
202100025099,1,7,,0,2,1,2,A01
202100025100,2,30,,0,2,1,17,A01
202100025100,1,30,,0,2,1,17,B01
202100025101,2,34,,12,0,1,1,A01
202100025102,3,31,,0,2,2,1,A01
202100025102,3,7,,0,2,7,1,B01
202100025103,3,7,,0,1,0,16,A01
202100025104,1,7,,0,2,4,23,YA01
202100025104,1,30,,0,2,1,2,B01
202100025105,1,7,,0,2,4,23,B01
202100025105,1,7,,0,2,1,2,A01
202100025106,1,7,,0,2,2,1,A01
202100025106,1,7,,0,2,8,10,B01
202100025107,2,7,,1,9,2,24,C01
202100025107,1,7,,1,2,4,24,B01
202100025107,1,7,,15,2,3,13,A01
202100025108,2,7,,1,0,1,14,A01
202100025109,1,7,,0,2,6,2,C01
202100025109,1,7,,0,2,8,10,B01
202100025109,1,7,,0,2,1,17,A01
202100025110,2,2,,0,0,0,26,A01
202100025111,1,7,,0,1,1,1,B01
202100025112,1,7,,0,0,1,14,A01
202100025113,2,32,,0,0,8,5,A01
202100025114,3,34,,0,0,8,1,A01
202100025115,2,7,,0,2,3,1,B01
202100025115,1,7,,0,2,3,1,A01
202100025116,1,7,,0,2,6,1,B01
202100025116,2,7,,0,2,1,1,A01
202100025117,2,7,,0,2,4,2,B01
202100025117,2,30,,0,2,1,2,A01
202100025118,2,7,,0,2,1,24,B01
202100025118,2,7,,1,0,1,1,A01
202100025119,1,3,,0,2,1,26,A01
202100025119,1,30,,0,2,7,0,B01
202100025120,1,2,,0,0,7,13,A01
202100025121,2,7,,0,2,1,17,A01
202100025121,2,7,,6,2,1,15,B01
202100025122,3,99,,6,0,1,16,A01
202100025123,1,2,,0,2,2,1,B01
202100025123,1,7,,0,2,2,9,A01
202100025124,1,50,,12,0,1,0,A01
202100025125,3,7,,0,2,4,24,B01
202100025125,3,7,,1,0,1,1,A01
202100025126,3,1,,1,0,1,16,A01
202100025127,3,7,,0,2,6,2,A01
202100025127,3,7,,0,2,2,2,B01
202100025128,3,7,,15,2,5,0,B01
202100025128,2,7,,0,0,1,0,A01
202100025129,1,33,,0,0,8,1,A01
202100025130,1,7,,0,2,2,7,A01
202100025130,1,7,,0,2,7,16,B01
202100025131,1,7,,0,2,4,1,B01
202100025131,1,7,,0,2,1,1,A01
202100025132,0,7,,0,1,0,26,A01
202100025133,0,7,,8,0,9,13,A01
202100025134,1,37,3.0,0,2,1,26,A01
202100025134,1,7,,0,2,4,2,B01
202100025135,1,33,,0,2,3,2,B01
202100025135,2,7,,0,2,3,15,A01
202100025136,2,33,,0,2,8,1,B01
202100025136,1,7,,0,2,1,15,A01
202100025137,2,31,,0,2,1,17,B01
202100025137,2,7,,0,2,6,15,A01
202100025138,3,33,,0,2,8,15,A01
202100025138,2,7,,0,2,1,1,B01
202100025139,2,2,,0,2,1,0,B01
202100025139,3,7,,0,2,1,0,A01
202100025140,2,33,,0,2,1,11,A01
202100025140,2,10,,0,2,5,1,B01
202100025141,2,1,,0,2,7,1,B01
202100025141,0,30,,0,2,1,1,A01
202100025142,2,7,,0,2,8,15,A01
202100025142,2,30,,0,2,2,17,B01
202100025143,1,1,,0,1,1,1,A01
202100025144,2,10,,0,1,1,1,A01
202100025145,0,7,,0,2,2,1,A01
202100025145,0,7,,0,2,3,1,Z01
202100025146,1,30,,0,2,1,1,B01
202100025146,1,7,,0,2,7,15,A01
202100025147,1,34,,0,2,1,1,B01
202100025147,3,50,,0,2,2,19,A01
202100025148,3,7,,0,2,4,23,B01
202100025148,3,33,,0,2,1,1,A01
202100025149,3,7,,0,2,1,1,A01
202100025149,3,7,,0,2,4,23,B01
202100025150,2,30,,12,2,3,21,A01
202100025150,2,7,,0,2,2,14,Z01
202100025151,2,10,,0,2,1,9,A01
202100025151,2,33,,0,2,5,1,B01
202100025152,1,7,,0,2,1,1,A01
202100025152,1,7,,0,2,3,1,B01
202100025153,1,10,,0,1,1,23,B01
202100025153,1,7,,0,2,1,1,A01
202100025154,3,1,,0,2,3,1,B01
202100025154,3,1,,0,2,5,14,A01
202100025155,1,7,,0,2,3,9,A01
202100025155,2,34,,0,2,1,9,B01
202100025156,3,32,,1,2,1,1,A01
202100025156,3,7,,1,2,8,15,B01
202100025157,0,7,,4,2,2,18,A01
202100025157,0,7,,0,2,5,0,B01
202100025158,1,30,,0,2,1,17,B01
202100025158,1,7,,0,2,1,15,A01
202100025159,1,10,,2,0,1,13,A01
202100025160,1,7,,0,0,8,1,A01
202100025160,3,7,,0,2,1,19,B01
202100025161,3,7,,0,2,1,19,A01
202100025161,1,10,,0,2,3,1,B01
202100025162,0,7,,0,1,1,2,B01
202100025162,0,7,,0,1,8,23,A01
202100025163,3,7,,0,1,1,1,A01
202100025164,2,7,,13,0,2,14,A01
202100025165,1,7,,0,0,5,13,A01
202100025165,2,31,,0,0,1,1,B01
202100025166,1,33,,0,2,8,1,A01
202100025166,2,1,,0,2,8,1,B01
202100025167,1,7,,0,2,3,15,A01
202100025167,2,33,,0,2,1,17,B01
202100025168,2,7,,13,0,9,17,A01
202100025169,1,7,,0,2,1,2,A01
202100025169,1,7,,0,0,4,23,C01
202100025169,1,7,,0,2,4,23,B01
202100025170,1,37,1.0,15,0,1,14,A01
202100025171,3,31,,13,0,2,1,A01
202100025172,2,7,,0,2,8,1,B01
202100025172,1,33,,0,2,8,13,A01
202100025173,2,2,,8,0,2,0,A01
202100025174,3,7,,0,0,3,1,A01
202100025175,3,99,,0,2,8,19,A01
202100025175,1,7,,0,2,1,1,B01
202100025176,1,33,,13,0,1,1,A01
202100025177,1,2,,14,0,9,14,A01
202100025178,2,7,,0,2,3,15,A01
202100025178,1,7,,0,2,2,1,B01
202100025179,1,7,,0,2,3,1,B01
202100025179,2,7,,0,2,2,13,A01
202100025180,1,7,,0,2,2,1,B01
202100025180,2,7,,0,2,7,19,A01
202100025181,1,31,,0,0,0,1,A01
202100025182,1,7,,0,1,2,21,A01
202100025183,1,7,,3,0,3,0,A01
202100025184,2,2,,8,0,1,1,A01
202100025185,1,1,,0,2,1,1,B01
202100025185,2,7,,0,2,2,1,A01
202100025186,2,33,,0,0,7,13,A01
202100025187,1,7,,0,2,2,17,A01
202100025187,1,7,,0,2,6,2,B01
202100025188,3,7,,0,2,3,1,A01
202100025188,3,1,,0,0,0,1,C01
202100025188,3,1,,0,2,1,17,B01
202100025189,2,2,,0,2,1,5,B01
202100025189,1,7,,0,2,3,1,A01
202100025190,1,7,,2,0,2,1,A01
202100025191,2,33,,13,0,0,0,A01
202100025192,2,7,,0,0,0,1,A01
202100025193,3,7,,0,2,3,1,B01
202100025193,1,33,,0,2,8,1,A01
202100025194,1,7,,0,2,8,19,B01
202100025194,2,7,,0,2,1,1,A01
202100025195,1,2,,0,0,0,1,A01
202100025196,2,7,,0,9,2,9,A01
202100025196,2,1,,0,2,1,1,B01
202100025197,0,1,,0,2,4,1,B01
202100025197,0,7,,0,9,1,1,A01
202100025198,1,7,,13,2,2,13,A01
202100025198,2,7,,0,2,2,1,B01
202100025199,2,7,,13,0,1,14,A01
202100025200,1,33,,13,0,1,13,A01
202100025201,2,7,,0,2,3,15,B01
202100025201,2,2,,0,2,7,1,A01
202100025202,1,7,,0,0,1,14,A01
202100025203,3,7,,0,2,3,1,B01
202100025203,3,7,,0,2,3,13,A01
202100025204,2,7,,0,2,1,2,C01
202100025204,2,7,,0,9,2,2,B01
202100025204,2,1,,0,2,4,2,A01
202100025205,3,33,,16,0,0,1,A01
202100025206,1,7,,0,2,1,1,C01
202100025206,2,7,,0,2,1,1,B01
202100025206,1,2,,0,2,8,16,A01
202100025207,3,2,,13,0,7,1,A01
202100025207,3,7,,0,0,1,1,B01
202100025208,1,10,,13,0,3,0,A01
202100025209,2,7,,3,0,9,14,A01
202100025210,1,33,,12,0,0,1,A01
202100025211,2,7,,0,2,1,1,B01
202100025211,1,2,,0,2,1,13,A01
202100025212,2,7,,3,0,9,0,A01
202100025212,2,7,,14,0,1,0,B01
202100025212,2,7,,14,0,1,0,C01
202100025212,2,7,,14,0,9,0,D01
202100025213,1,7,,0,2,6,2,B01
202100025213,1,7,,0,2,2,2,A01
202100025214,2,7,,4,0,3,1,A01
202100025215,1,7,,2,0,1,1,A01
202100025216,2,7,,6,0,3,1,A01
202100025217,1,32,,15,0,2,1,A01
202100025218,0,1,,0,2,1,1,B01
202100025218,0,7,,0,2,5,15,A01
202100025219,0,60,,0,2,4,23,B01
202100025219,0,7,,0,2,4,4,A01
202100025220,2,1,,12,2,4,1,A01
202100025220,2,7,,0,2,2,0,B01
202100025221,3,7,,2,0,1,0,A01
202100025222,1,7,,0,0,5,15,A01
202100025222,1,7,,13,2,1,17,B01
202100025223,3,10,,0,2,3,15,A01
202100025223,3,31,,0,2,1,1,B01
202100025224,1,7,,0,2,3,11,A01
202100025224,1,7,,3,2,7,17,Z01
202100025225,2,7,,3,0,9,1,A01
202100025226,2,33,,0,2,7,1,A01
202100025226,2,7,,0,2,7,1,B01
202100025226,2,7,,0,2,0,11,Z01
202100025227,2,7,,0,2,3,2,B01
202100025227,2,7,,0,2,6,1,A01
202100025228,2,33,,3,0,1,13,A01
202100025229,1,7,,0,2,1,2,B01
202100025229,1,7,,14,2,4,1,A01
202100025230,1,7,,4,0,9,13,A01
202100025231,2,7,,0,2,1,11,A01
202100025231,2,7,,0,2,4,23,B01
202100025231,2,7,,0,2,4,23,C01
202100025232,2,17,,0,2,4,2,B01
202100025232,2,7,,0,2,1,1,A01
202100025233,1,7,,0,0,9,1,A01
202100025234,2,7,,0,2,8,1,B01
202100025234,2,7,,0,2,8,13,A01
202100025235,1,7,,0,2,1,2,A01
202100025235,1,7,,0,2,4,2,B01
202100025236,1,0,,0,2,0,0,A01
202100025236,1,33,,0,2,0,0,B01
202100025236,1,10,,0,2,0,26,C01
202100025236,1,7,,0,2,0,26,D01
202100025237,1,10,,0,2,4,0,B01
202100025237,1,7,,0,2,0,9,A01
202100025238,1,7,,0,2,1,26,A01
202100025238,1,10,,0,2,4,2,B01
202100025239,1,10,,4,0,2,14,A01
202100025240,1,7,,0,2,4,0,Z01
202100025240,1,33,,0,2,1,1,A01
202100025241,1,7,,0,2,6,9,A01
202100025241,1,15,,0,2,2,1,B01
202100025241,1,7,,0,2,1,1,C01
202100025242,2,7,,0,2,9,1,B01
202100025242,2,7,,0,2,8,1,A01
202100025243,1,7,,0,2,1,11,A01
202100025243,1,7,,0,2,8,1,B01
202100025243,1,7,,0,2,4,1,C01
202100025244,3,10,,0,2,1,1,B01
202100025244,3,10,,0,2,2,15,A01
202100025245,3,7,,6,0,1,15,A01
202100025246,2,2,,12,0,1,1,A01
202100025247,1,7,,0,2,6,2,B01
202100025247,1,30,,0,2,1,0,A01
202100025248,1,31,,4,0,0,0,A01
202100025249,3,7,,0,1,3,26,A01
202100025250,2,7,,0,2,1,1,B01
202100025250,2,1,,0,2,1,19,A01
202100025251,1,7,,0,2,3,26,A01
202100025251,1,33,,0,2,1,0,B01
202100025252,1,7,,0,1,7,1,A01
202100025253,1,7,,0,1,2,9,A01
202100025254,1,10,,5,2,5,13,A01
202100025254,1,14,,3,2,1,1,B01
202100025255,1,7,,0,2,6,9,A01
202100025255,2,2,,0,2,1,1,B01
202100025256,3,7,,0,2,1,26,Z01
202100025256,3,1,,0,2,8,1,B01
202100025257,1,7,,0,2,6,24,D01
202100025257,2,10,,0,2,1,23,C01
202100025257,2,10,,0,2,3,23,B01
202100025257,1,7,,0,2,1,5,A01
202100025258,2,10,,2,0,3,13,A01
202100025259,1,7,,0,2,1,12,A01
202100025259,1,7,,0,2,4,12,B01
202100025260,3,1,,0,2,1,1,B01
202100025260,3,10,,0,2,6,16,A01
202100025261,2,7,,1,0,2,2,B01
202100025262,0,33,,0,2,2,0,B01
202100025262,0,10,,0,2,1,0,A01
202100025263,0,33,,0,2,1,2,A01
202100025263,0,7,,0,2,4,23,B01
202100025264,2,7,,0,2,6,16,A01
202100025264,2,7,,0,2,1,1,B01
202100025265,1,7,,0,2,4,15,A01
202100025265,1,2,,0,2,9,1,B01
202100025266,1,33,,12,0,1,1,A01
202100025267,1,7,,0,2,4,2,B01
202100025267,1,7,,0,2,4,2,C01
202100025267,1,7,,0,2,1,2,A01
202100025268,2,33,,0,2,7,1,B01
202100025268,3,7,,0,2,3,9,A01
202100025269,3,1,,0,2,0,1,B01
202100025269,1,7,,0,2,1,1,A01
202100025270,3,40,,0,1,3,1,A01
202100025271,1,7,,0,2,1,1,A01
202100025271,1,10,,0,2,2,1,B01
202100025272,1,33,,0,0,7,1,A01
202100025273,3,7,,0,2,3,9,A01
202100025273,1,7,,0,2,2,1,B01
202100025273,1,7,,0,2,1,1,C01
202100025274,1,30,,0,2,1,2,A01
202100025274,1,7,,0,2,4,2,B01
202100025275,2,10,,0,2,6,1,B01
202100025275,2,10,,0,2,2,1,A01
202100025276,3,10,,0,2,2,15,B01
202100025276,3,33,,0,2,0,1,A01
202100025277,0,33,,0,9,7,21,A01
202100025278,2,7,,6,0,1,1,A01
202100025279,1,7,,0,9,8,1,B01
202100025279,1,50,,0,2,1,1,A01
202100025280,1,7,,0,1,2,1,A01
202100025281,2,10,,0,2,3,13,A01
202100025281,2,7,,0,2,3,1,B01
202100025282,1,1,,0,0,1,26,A01
202100025283,1,30,,0,0,0,26,A01
202100025284,1,7,,4,0,1,26,A01
202100025285,1,7,,16,0,1,26,A01
202100025286,1,7,,8,0,1,26,A01
202100025287,0,7,,0,2,1,2,B01
202100025287,0,7,,0,2,4,2,A01
202100025288,0,10,,0,1,1,26,A01
202100025289,2,30,,0,0,2,1,A01
202100025290,1,10,,0,2,1,1,A01
202100025290,1,7,,0,2,4,1,B01
202100025291,1,7,,0,2,1,26,A01
202100025291,3,7,,0,2,3,26,B01
202100025292,3,7,,6,0,8,7,A01
202100025293,1,7,,0,2,4,2,B01
202100025293,1,7,,0,2,1,2,A01
202100025294,3,30,,0,0,8,1,A01
202100025295,2,33,,0,0,0,13,A01
202100025296,2,7,,0,2,4,23,B01
202100025296,2,33,,14,0,1,2,A01
202100025297,1,7,,0,1,2,15,A01
202100025298,1,33,,0,2,0,0,A01
202100025298,2,31,,0,2,0,0,Z01
202100025299,1,1,,0,2,8,1,B01
202100025299,1,1,,0,2,8,1,C01
202100025299,1,7,,0,2,7,17,A01
202100025300,3,1,,0,2,1,26,B01
202100025300,0,30,,0,2,1,26,Z01
202100025301,1,7,,0,2,1,1,A01
202100025301,1,7,,0,2,2,1,B01
202100025302,1,7,,0,2,7,15,A01
202100025302,2,33,,0,2,1,1,B01
202100025303,0,7,,0,1,1,1,A01
202100025304,2,7,,0,2,1,9,A01
202100025304,1,7,,0,2,7,1,B01
202100025305,2,33,,0,2,2,16,B01
202100025305,2,33,,0,2,3,7,A01
202100025306,0,7,,3,2,1,1,A01
202100025306,0,7,,-1,-1,-1,1,B01
202100025307,1,7,,0,0,6,1,B01
202100025307,1,1,,0,2,1,19,A01
202100025308,1,7,,0,2,4,1,B01
202100025308,1,7,,0,2,1,1,C01
202100025308,1,7,,0,2,4,16,A01
202100025309,1,7,,0,2,1,16,Z01
202100025309,1,30,,0,2,4,16,A01
202100025310,1,32,,0,1,5,1,A01
202100025311,3,7,,0,2,3,1,B01
202100025311,3,7,,0,2,1,15,A01
202100025312,1,7,,0,2,7,15,B01
202100025312,1,7,,0,2,1,1,A01
202100025313,1,33,,0,2,1,1,B01
202100025313,2,7,,0,2,6,6,A01
202100025314,3,7,,0,1,1,26,A01
202100025315,1,34,,0,2,1,1,B01
202100025315,1,7,,0,2,6,26,A01
202100025316,3,7,,0,2,4,1,B01
202100025316,3,7,,0,2,1,2,A01
202100025317,1,7,,0,2,3,1,B01
202100025317,2,7,,5,2,2,14,A01
202100025318,2,7,,0,2,7,13,A01
202100025318,1,15,,0,2,3,1,B01
202100025319,1,1,,0,2,1,1,A01
202100025319,2,33,,0,9,1,1,B01
202100025320,3,10,,0,1,2,1,A01
202100025321,2,7,,0,2,8,16,A01
202100025321,3,1,,0,2,1,19,Y01
202100025322,2,10,,0,2,6,15,B01
202100025322,2,31,,0,2,2,1,A01
202100025323,1,7,,0,2,1,1,B01
202100025323,1,13,,0,2,7,12,A01
202100025324,2,7,,0,2,4,2,B01
202100025324,2,7,,0,2,1,2,A01
202100025325,2,7,,0,2,1,2,A01
202100025325,2,7,,0,2,4,2,B01
202100025325,2,7,,0,2,4,2,Z01
202100025326,1,10,,0,2,8,11,A01
202100025326,1,33,,0,2,7,1,B01
202100025327,1,80,,0,2,0,1,A01
202100025327,1,7,,0,2,6,22,B01
202100025328,2,10,,0,2,3,18,A01
202100025328,2,30,,0,2,8,1,B01
202100025329,3,30,,0,2,3,17,A01
202100025329,3,7,,0,2,2,15,B01
202100025330,2,7,,0,2,3,1,B01
202100025330,1,30,,0,2,1,5,A01
202100025331,2,1,,0,2,1,1,B01
202100025331,2,7,,0,2,6,1,A01
202100025332,2,7,,0,2,4,2,B01
202100025332,2,7,,0,2,1,2,A01
202100025333,1,7,,0,2,3,13,A01
202100025333,2,7,,0,2,8,2,B01
202100025333,2,7,,0,2,3,2,C01
202100025334,2,7,,4,0,1,13,A01
202100025335,2,7,,0,2,2,16,A01
202100025335,2,1,,0,2,1,1,B01
202100025336,3,7,,0,2,2,15,A01
202100025336,3,33,,0,2,8,1,B01
202100025337,0,7,,9,0,1,14,A01
202100025338,2,1,,0,1,1,21,A01
202100025339,2,10,,0,2,0,0,Z01
202100025339,2,33,,0,2,7,1,B01
202100025340,1,37,2.0,12,0,0,26,Z01
202100025341,3,7,,0,2,6,23,B01
202100025341,3,10,,0,2,2,12,A01
202100025342,2,7,,0,1,5,1,A01
202100025343,1,7,,0,2,3,1,B01
202100025343,2,10,,0,2,1,19,A01
202100025344,1,33,,0,0,7,1,A01
202100025344,1,10,,0,0,1,9,B01
202100025345,2,7,,0,2,1,1,A01
202100025345,2,30,,0,2,7,1,B01
202100025346,2,7,,0,2,1,1,B01
202100025346,2,50,,0,2,8,15,A01
202100025347,1,7,,3,1,1,5,A01
202100025348,2,16,,13,0,7,1,A01
202100025349,1,2,,0,2,8,1,B01
202100025349,1,7,,0,2,2,19,A01
202100025350,0,33,,0,2,1,1,A01
202100025350,0,7,,0,0,3,20,B01
202100025351,2,7,,0,2,2,1,B01
202100025351,1,7,,0,2,1,13,A01
202100025352,2,7,,0,2,2,1,B01
202100025352,2,7,,0,2,7,11,A01
202100025353,1,10,,3,0,9,1,A01
202100025354,2,33,,13,0,1,0,A01
202100025355,3,36,,2,0,1,1,A01
202100025356,3,7,,0,2,2,16,A01
202100025356,3,7,,0,2,3,1,B01
202100025357,3,7,,13,0,1,0,A01