Num_Acc,senc,catv,occutc,obs,obsm,choc,manv,num_veh
202100025358,1,33,,13,0,9,1,A01
202100025359,1,7,,7,0,9,0,A01
202100025360,1,7,,0,2,3,2,C01
202100025360,1,7,,0,2,3,1,B01
202100025360,2,7,,0,2,3,13,A01
202100025361,1,1,,0,2,4,1,B01
202100025361,1,1,,0,2,1,2,A01
202100025362,0,36,,2,0,0,2,A01
202100025363,3,2,,1,2,6,24,B01
202100025363,3,2,,1,2,3,20,A01
202100025364,1,7,,0,2,3,13,A01
202100025364,2,33,,0,2,8,1,B01
202100025365,1,10,,8,0,1,1,A01
202100025366,2,33,,13,0,0,1,A01
202100025367,2,7,,0,6,9,21,A01
202100025368,1,21,,0,0,3,15,B01
202100025368,1,43,,0,2,7,17,A01
202100025369,3,7,,0,1,3,1,A01
202100025370,1,10,,0,2,3,1,B01
202100025370,2,10,,8,0,6,15,A01
202100025371,3,7,,0,2,3,9,A01
202100025371,1,7,,0,2,1,1,B01
202100025372,2,7,,2,0,8,1,A01
202100025373,2,10,,0,2,1,13,A01
202100025373,1,7,,0,2,1,15,B01
202100025373,1,7,,0,2,1,1,C01
202100025374,1,10,,0,2,2,1,B01
202100025374,2,7,,0,2,8,19,A01
202100025375,1,7,,2,0,1,13,A01
202100025376,2,15,,0,2,6,1,B01
202100025376,2,7,,14,0,1,1,C01
202100025376,2,10,,0,2,8,1,D01
202100025376,2,7,,0,2,2,2,A01
202100025377,2,7,,6,0,1,0,A01
202100025378,2,3,,13,0,1,1,A01
202100025379,2,7,,0,2,1,2,D01
202100025379,2,15,,0,2,1,2,C01
202100025379,2,7,,0,2,1,1,B01
202100025379,2,15,,0,0,4,1,A01
202100025380,1,7,,0,2,8,15,A01
202100025380,1,33,,0,2,7,15,B01
202100025381,1,33,,0,0,0,13,A01
202100025382,2,7,,13,0,1,1,A01
202100025383,1,14,,0,0,0,0,A01
202100025384,3,7,,0,0,1,5,A01
202100025384,3,33,,0,0,1,1,B01
202100025385,1,17,,0,2,3,2,A01
202100025385,1,7,,0,0,5,2,B01
202100025386,2,7,,0,2,3,1,B01
202100025386,1,7,,0,2,3,1,A01
202100025387,3,21,,0,2,6,1,B01
202100025387,3,33,,0,2,1,1,A01
202100025388,2,33,,13,0,1,2,A01
202100025389,2,31,,0,2,1,1,A01
202100025389,1,10,,0,2,5,15,B01
202100025390,2,33,,7,0,1,1,A01
202100025391,3,7,,0,2,3,9,A01
202100025391,3,1,,0,2,0,1,B01
202100025392,3,7,,0,2,1,1,B01
202100025392,1,7,,7,2,7,1,A01
202100025393,2,7,,13,0,4,2,A01
202100025393,2,7,,9,2,1,2,B01
202100025394,2,33,,6,0,1,1,A01
202100025395,2,7,,0,2,4,2,A01
202100025395,2,7,,0,2,1,2,B01
202100025396,2,7,,0,2,1,1,A01
202100025396,1,7,,0,2,5,5,B01
202100025397,2,31,,0,2,6,1,B01
202100025397,2,7,,0,2,2,17,A01
202100025398,2,10,,0,0,0,20,A01
202100025399,3,33,,4,0,1,1,A01
202100025400,1,7,,3,9,0,0,A01
202100025400,1,15,,0,2,1,2,B01
202100025400,1,7,,0,2,8,2,C01
202100025401,2,7,,0,2,6,4,B01
202100025401,2,10,,0,2,2,1,A01
202100025402,2,7,,13,9,1,9,A01
202100025403,2,7,,0,2,5,2,A01
202100025403,2,33,,0,2,1,2,B01
202100025404,3,33,,3,0,2,26,A01
202100025405,1,7,,0,0,3,1,A01
202100025406,3,1,,0,0,0,26,A01
202100025407,1,30,,0,1,1,26,A01
202100025408,1,7,,0,1,1,1,A01
202100025409,3,7,,0,9,0,0,A01
202100025409,3,1,,0,2,8,1,B01
202100025410,2,7,,0,2,2,16,A01
202100025410,2,33,,0,2,4,23,B01
202100025411,1,10,,0,1,2,1,A01
202100025412,3,7,,0,1,2,1,A01
202100025413,1,7,,0,2,3,1,B01
202100025413,2,30,,0,2,3,17,A01
202100025414,1,10,,0,2,2,9,A01
202100025414,1,2,,0,2,6,9,B01
202100025415,0,7,,0,2,3,15,A01
202100025415,1,2,,0,2,3,26,B01
202100025416,3,10,,0,2,5,19,B01
202100025416,3,7,,0,2,1,26,A01
202100025417,1,0,,0,1,0,0,A01
202100025418,1,7,,0,2,8,15,A01
202100025418,1,32,,0,2,1,1,B01
202100025419,1,7,,0,1,2,16,A01
202100025420,3,30,,0,2,3,26,A01
202100025420,1,34,,0,2,1,1,B01
202100025421,2,2,,0,2,1,1,B01
202100025421,1,7,,0,2,3,15,A01
202100025422,3,7,,0,1,3,1,A01
202100025423,1,7,,13,0,9,13,A01
202100025424,1,7,,8,0,1,13,A01
202100025425,2,32,,0,0,1,13,A01
202100025426,3,7,,0,2,3,19,A01
202100025426,0,60,,0,2,1,0,B01
202100025427,2,7,,0,1,3,26,A01
202100025428,1,17,,0,2,5,1,B01
202100025428,3,7,,0,2,3,26,A01
202100025429,-1,7,,0,0,1,19,A01
202100025430,3,7,,0,1,1,19,A01
202100025431,0,2,,0,0,0,1,A01
202100025432,2,7,,8,0,1,14,A01
202100025433,1,7,,0,2,7,12,A01
202100025433,1,7,,0,2,8,16,B01
202100025434,1,7,,0,2,4,1,B01
202100025434,1,7,,0,2,1,1,A01
202100025435,1,7,,0,2,4,1,B01
202100025435,1,7,,0,2,1,1,A01
202100025436,2,1,,0,1,0,26,B01
202100025437,3,10,,0,2,3,15,A01
202100025437,1,31,,0,2,1,1,B01
202100025438,2,7,,0,2,1,1,C01
202100025438,1,10,,0,2,6,2,B01
202100025438,1,33,,0,2,7,17,A01
202100025439,1,7,,0,1,1,26,A01
202100025440,2,7,,0,1,6,21,A01
202100025441,0,7,,0,2,3,15,A01
202100025441,0,2,,0,2,0,17,B01
202100025442,2,7,,6,0,1,15,A01
202100025443,1,7,,0,2,1,1,B01
202100025443,2,7,,0,2,1,13,A01
202100025444,1,1,,0,2,1,1,A01
202100025444,2,1,,0,2,1,13,B01
202100025445,2,7,,0,1,1,12,A01
202100025446,2,7,,0,1,3,1,A01
202100025447,2,30,,0,2,1,1,B01
202100025447,2,7,,0,2,5,1,A01
202100025448,0,7,,0,1,1,0,A01
202100025449,0,31,,0,2,3,18,A01
202100025449,0,7,,1,2,3,26,B01
202100025450,1,32,,0,0,7,1,A01
202100025451,1,7,,0,2,1,2,A01
202100025451,1,31,,0,0,4,1,B01
202100025452,1,7,,0,2,8,9,B01
202100025452,1,2,,0,2,2,18,A01
202100025453,1,7,,0,2,4,23,B01
202100025453,1,7,,0,2,1,1,A01
202100025454,1,10,,0,2,1,26,A01
202100025454,1,7,,0,9,4,0,B01
202100025455,1,7,,0,2,1,16,B01
202100025455,1,7,,0,2,2,1,A01
202100025456,3,33,,7,0,1,1,A01
202100025457,1,7,,0,2,1,1,A01
202100025457,1,7,,0,2,1,1,B01
202100025458,1,7,,0,2,4,23,A01
202100025458,1,2,,0,2,1,2,B01
202100025459,1,7,,0,2,2,2,B01
202100025459,1,33,,0,2,3,2,A01
202100025460,2,7,,0,1,1,1,A01
202100025461,1,7,,0,0,4,2,B01
202100025461,1,7,,0,2,1,2,A01
202100025462,1,32,,0,2,5,15,A01
202100025462,1,10,,0,2,1,16,B01
202100025463,1,7,,0,2,1,2,A01
202100025463,3,7,,0,2,4,2,B01
202100025463,1,7,,0,0,4,2,C01
202100025464,3,7,,0,2,3,15,B01
202100025464,3,33,,0,2,1,17,A01
202100025465,3,7,,13,0,1,5,A01
202100025466,1,50,,0,2,1,1,B01
202100025466,2,7,,0,9,1,1,Z01
202100025467,0,7,,0,1,1,1,Z01
202100025468,3,7,,0,1,1,1,A01
202100025469,0,7,,0,2,3,15,A01
202100025469,0,50,,0,2,1,0,B01
202100025470,1,33,,0,0,8,1,A01
202100025471,1,7,,6,2,2,13,A01
202100025471,2,10,,0,2,2,1,B01
202100025472,3,1,,0,2,8,5,B01
202100025472,3,7,,0,2,0,1,A01
202100025473,1,3,,1,0,2,14,A01
202100025474,1,10,,0,2,7,1,A01
202100025474,1,2,,0,2,1,19,B01
202100025475,3,7,,0,2,2,14,A01
202100025475,3,1,,0,2,4,1,B01
202100025476,2,7,,0,1,4,2,A01
202100025476,2,7,,0,2,1,2,B01
202100025477,1,10,,0,2,5,17,Z01
202100025477,1,30,,0,2,8,3,A01
202100025478,1,34,,0,2,1,1,B01
202100025478,2,10,,0,2,2,1,A01
202100025479,2,10,,0,2,5,12,A01
202100025479,2,2,,0,2,1,1,B01
202100025480,1,10,,0,2,5,1,A01
202100025480,1,33,,0,2,5,23,B01
202100025481,2,50,,0,1,1,1,Z01
202100025482,1,7,,0,2,5,14,A01
202100025482,1,30,,0,2,6,1,B01
202100025483,2,37,3.0,0,2,2,7,A01
202100025483,2,10,,0,2,3,15,Z01
202100025484,1,1,,0,2,8,1,B01
202100025484,3,10,,0,2,8,22,A01
202100025485,1,30,,0,0,0,21,A01
202100025486,2,7,,0,2,1,1,A01
202100025486,2,7,,0,2,4,23,B01
202100025486,2,31,,0,2,4,23,C01
202100025487,1,7,,0,2,2,15,A01
202100025487,2,32,,0,2,1,1,B01
202100025488,2,7,,0,2,1,1,B01
202100025488,2,10,,0,2,2,15,A01
202100025489,2,32,,0,2,8,1,B01
202100025489,2,7,,0,2,2,16,A01
202100025490,1,10,,0,2,4,23,B01
202100025490,1,7,,0,2,1,2,A01
202100025491,1,50,,0,2,8,15,B01
202100025491,2,37,2.0,0,2,3,1,A01
202100025492,1,7,,0,1,3,1,A01
202100025493,2,10,,0,2,2,16,B01
202100025493,2,34,,0,2,3,1,A01
202100025494,1,7,,0,2,2,1,B01
202100025494,1,7,,0,2,3,17,A01
202100025495,2,30,,14,2,2,17,B01
202100025495,1,7,,14,2,8,10,A01
202100025496,3,10,,0,2,1,1,B01
202100025496,3,7,,0,2,8,10,A01
202100025497,0,7,,0,2,3,15,B01
202100025497,0,33,,0,2,1,2,A01
202100025498,1,7,,0,2,5,15,A01
202100025498,2,43,,0,2,3,1,B01
202100025499,2,10,,0,2,1,1,A01
202100025499,2,7,,0,2,3,1,B01
202100025500,1,50,,0,2,6,2,B01
202100025500,1,7,,0,9,2,2,A01
202100025501,0,14,,0,1,7,16,A01
202100025502,2,7,,1,0,2,14,A01
202100025503,1,7,,0,1,2,1,Z01
202100025504,1,7,,6,0,7,26,A01
202100025505,3,7,,13,0,8,1,B01
202100025505,3,10,,13,2,1,19,A01
202100025506,0,1,,0,0,0,1,A01
202100025507,0,7,,0,2,1,19,A01
202100025507,0,2,,0,2,3,1,B01
202100025508,0,33,,0,0,7,2,A01
202100025509,1,7,,0,2,7,1,A01
202100025509,1,17,,0,2,6,1,B01
202100025510,1,7,,2,0,2,14,A01
202100025511,1,7,,15,9,2,1,A01
202100025512,2,7,,10,0,2,2,A01
202100025513,1,7,,0,2,1,1,B01
202100025513,1,7,,0,0,4,1,A01
202100025514,3,7,,1,0,2,17,A01
202100025514,3,10,,0,0,6,23,B01
202100025515,1,7,,0,2,1,13,B01
202100025515,2,17,,0,2,3,1,A01
202100025516,2,2,,0,1,1,17,A01
202100025517,3,7,,0,2,2,1,B01
202100025517,3,7,,0,2,3,9,A01
202100025518,1,7,,2,0,1,1,A01
202100025519,1,33,,0,2,1,1,A01
202100025519,1,7,,0,2,2,19,B01
202100025520,1,2,,0,2,3,1,A01
202100025520,2,21,,0,2,3,1,B01
202100025521,1,7,,0,2,0,17,A01
202100025521,1,33,,0,0,9,17,B01
202100025522,2,7,,0,2,8,2,C01
202100025522,1,7,,0,2,8,1,B01
202100025522,2,7,,0,2,7,15,A01
202100025523,1,7,,15,0,9,1,A01
202100025524,1,7,,0,2,2,1,A01
202100025524,2,10,,3,2,3,1,B01
202100025525,2,16,,0,2,8,15,B01
202100025525,2,10,,0,2,1,17,A01
202100025526,1,7,,0,2,0,1,B01
202100025526,1,7,,0,2,3,13,A01
202100025527,1,7,,0,2,3,24,B01
202100025527,1,33,,1,0,1,1,A01
202100025528,3,7,,0,9,1,1,B01
202100025528,3,80,,0,2,2,1,A01
202100025529,1,32,,0,0,7,16,A01
202100025530,1,33,,0,0,1,0,A01
202100025531,2,7,,13,0,1,21,A01
202100025532,2,1,,0,0,0,1,A01
202100025533,1,33,,15,0,2,1,A01
202100025534,2,7,,13,0,1,1,A01
202100025535,2,14,,6,0,1,21,A01
202100025536,1,7,,0,0,7,13,A01
202100025536,2,7,,0,2,2,1,B01
202100025537,1,7,,7,2,1,1,B01
202100025537,1,10,,0,2,7,9,A01
202100025538,2,2,,0,2,1,1,B01
202100025538,2,7,,0,2,8,9,A01
202100025539,0,1,,8,0,4,19,B01
202100025539,1,7,,0,9,2,0,A01
202100025540,1,10,,0,2,1,2,A01
202100025540,1,7,,3,0,4,2,B01
202100025541,2,33,,3,0,7,1,A01
202100025542,2,7,,0,2,2,12,A01
202100025542,2,7,,0,2,6,1,B01
202100025543,1,17,,2,0,1,1,A01
202100025544,1,7,,0,2,3,13,A01
202100025544,2,14,,0,2,3,14,B01
202100025545,3,7,,0,2,1,1,B01
202100025545,3,7,,0,2,1,13,A01
202100025546,2,10,,0,9,2,15,A01
202100025546,1,1,,0,2,1,0,B01
202100025546,1,1,,0,2,1,1,C01
202100025547,1,33,,0,0,0,0,A01
202100025548,1,32,,0,0,8,1,A01
202100025549,1,7,,0,2,3,15,A01
202100025549,2,33,,0,2,8,1,B01
202100025550,1,7,,0,1,2,17,A01
202100025551,2,1,,0,0,0,17,A01
202100025552,2,7,,9,0,1,21,A01
202100025553,2,7,,6,0,3,14,A01
202100025554,2,33,,0,2,1,1,A01
202100025554,3,7,,0,2,1,15,B01
202100025555,2,7,,0,2,2,15,B01
202100025555,1,33,,0,2,1,16,A01
202100025556,1,33,,0,0,7,17,B01
202100025556,1,7,,0,0,3,15,A01
202100025557,0,2,,0,0,0,0,A01
202100025558,2,1,,0,0,1,19,B01
202100025558,1,7,,0,0,8,1,A01
202100025559,2,33,,0,2,0,21,B01
202100025559,2,7,,0,2,5,1,A01
202100025560,2,7,,4,0,3,14,A01
202100025561,2,7,,0,2,4,1,A01
202100025561,2,7,,0,2,1,2,B01
202100025562,1,7,,0,2,4,21,A01
202100025562,1,7,,0,2,4,1,B01
202100025563,1,17,,0,2,9,2,B01
202100025563,1,7,,0,2,5,2,C01
202100025563,1,7,,0,2,6,13,A01
202100025564,2,33,,0,2,3,3,B01
202100025564,2,7,,0,2,5,12,A01
202100025565,1,7,,0,2,4,2,A01
202100025565,1,33,,0,2,1,2,B01
202100025566,1,14,,0,2,4,2,C01
202100025566,1,14,,0,2,3,2,A01
202100025566,1,7,,0,2,2,2,B01
202100025567,1,7,,0,2,0,0,A01
202100025567,1,7,,0,2,0,0,B01
202100025568,1,7,,0,2,9,1,A01
202100025569,3,7,,0,1,3,1,A01
202100025570,1,1,,0,2,4,1,A01
202100025570,1,7,,0,2,1,2,Z01
202100025571,1,7,,0,1,2,1,A01
202100025572,1,7,,0,1,2,14,A01
202100025573,2,7,,0,2,3,13,A01
202100025573,1,7,,8,2,3,1,B01
202100025574,3,2,,0,2,8,3,B01
202100025574,3,7,,0,2,6,1,A01
202100025575,2,7,,0,2,8,9,A01
202100025575,1,7,,0,2,3,1,B01
202100025576,1,7,,0,1,1,19,A01
202100025577,1,7,,0,2,8,1,B01
202100025577,1,14,,0,2,2,14,A01
202100025578,1,7,,0,2,8,1,B01
202100025578,1,15,,0,2,5,12,A01
202100025579,0,7,,0,1,2,1,A01
202100025580,2,7,,0,1,1,15,A01
202100025581,3,7,,3,0,1,26,A01
202100025582,2,7,,8,0,1,1,A01
202100025583,2,7,,0,2,7,1,B01
202100025583,1,30,,0,2,8,13,A01
202100025584,3,34,,6,0,1,0,A01
202100025585,1,7,,0,2,8,9,A01
202100025585,1,33,,0,2,1,3,B01
202100025586,1,32,,0,1,1,9,A01
202100025587,2,7,,0,2,8,2,A01
202100025588,1,7,,4,0,1,1,A01
202100025589,2,7,,0,2,1,1,B01
202100025589,2,33,,0,2,8,16,A01
202100025590,2,1,,0,0,7,1,A01
202100025591,2,7,,0,2,1,23,C01
202100025591,2,7,,0,2,2,15,A01
202100025591,1,7,,0,2,1,1,B01
202100025592,0,7,,0,2,3,1,B01
202100025592,0,7,,0,2,3,1,A01
202100025593,2,7,,2,0,1,14,A01
202100025594,1,7,,0,1,1,9,A01
202100025595,1,43,,3,0,2,14,A01
202100025596,1,7,,9,0,0,14,A01
202100025597,2,1,,0,2,3,1,B01
202100025597,1,7,,0,2,1,15,A01
202100025598,1,7,,0,1,2,1,A01
202100025599,2,30,,0,2,1,1,B01
202100025599,1,7,,0,2,2,15,A01
202100025600,2,10,,8,0,1,1,A01
202100025601,1,33,,16,0,0,15,A01
202100025602,3,7,,0,2,2,19,A01
202100025602,3,30,,0,2,1,18,B01
202100025603,3,2,,0,2,3,1,B01
202100025603,3,7,,0,2,7,16,A01
202100025604,0,7,,8,0,1,1,A01
202100025605,2,3,,1,0,1,13,A01
202100025606,3,7,,0,2,1,15,A01
202100025606,3,1,,0,2,8,19,B01
202100025607,1,30,,12,0,8,13,A01
202100025608,3,7,,12,0,1,15,A01
202100025609,1,32,,0,2,5,18,A01
202100025609,1,7,,0,2,5,1,B01
202100025610,2,7,,0,2,0,15,Z01
202100025610,1,30,,0,2,0,1,B01
202100025611,3,2,,0,2,3,1,A01
202100025611,3,7,,0,2,2,16,B01
202100025612,2,7,,0,0,0,26,A01
202100025612,2,2,,14,0,0,1,B01
202100025613,3,7,,1,0,1,1,A01
202100025613,3,7,,0,2,6,24,B01
202100025614,2,7,,0,2,3,22,A01
202100025614,2,1,,1,0,7,1,B01
202100025615,3,7,,0,0,9,26,A01
202100025616,3,15,,0,2,4,2,B01
202100025616,3,10,,0,2,1,2,A01
202100025617,1,2,,0,2,1,0,B01
202100025617,1,7,,0,2,4,16,A01
202100025618,2,30,,0,2,1,1,A01
202100025618,2,7,,0,2,6,0,B01
202100025619,1,7,,0,2,2,19,B01
202100025619,1,7,,0,2,1,1,A01
202100025620,1,7,,0,2,8,15,B01
202100025620,2,10,,0,2,1,1,A01
202100025621,3,7,,0,1,2,11,A01
202100025622,3,7,,0,1,8,1,A01
202100025623,2,2,,0,2,8,1,B01
202100025623,2,7,,0,2,7,16,A01
202100025624,1,7,,15,0,1,21,A01
202100025625,3,10,,0,2,8,1,A01
202100025625,3,33,,0,2,7,15,B01
202100025626,1,32,,0,2,7,12,A01
202100025626,1,33,,0,2,8,3,B01
202100025627,1,33,,0,0,7,14,A01
202100025628,1,10,,0,2,6,23,B01
202100025628,1,7,,1,2,2,1,A01
202100025629,1,7,,0,2,2,1,B01
202100025629,1,30,,0,2,6,3,A01
202100025630,1,7,,0,1,2,1,A01
202100025631,1,10,,0,2,1,2,A01
202100025631,1,10,,0,9,4,1,B01
202100025632,1,30,,0,2,1,17,A01
202100025632,1,7,,0,2,6,15,B01
202100025633,2,7,,0,1,1,1,Z01
202100025634,1,34,,0,2,0,0,B01
202100025634,1,7,,0,2,7,19,A01
202100025635,2,33,,0,2,1,1,B01
202100025635,0,7,,0,2,6,19,A01
202100025636,2,7,,0,9,6,23,B01
202100025636,2,33,,0,2,1,7,A01
202100025637,2,7,,0,2,6,15,A01
202100025637,2,31,,0,2,1,1,B01
202100025638,2,40,,0,2,1,1,B01
202100025638,2,7,,0,4,7,15,A01
202100025639,2,7,,0,2,0,0,A01
202100025639,2,2,,0,2,1,1,B01
202100025640,0,7,,0,1,1,11,A01
202100025641,1,7,,0,2,7,15,A01
202100025641,2,33,,0,2,1,2,B01
202100025642,1,30,,0,2,1,1,A01
202100025642,1,30,,0,2,1,1,B01
202100025643,1,7,,0,2,3,1,B01
202100025643,2,7,,0,2,1,15,A01
202100025644,1,3,,0,2,1,9,A01
202100025644,1,50,,0,2,2,2,B01
202100025645,1,2,,1,2,4,1,B01
202100025645,1,7,,0,2,1,1,A01
202100025646,2,10,,0,2,2,15,A01
202100025646,1,32,,0,2,1,1,B01
202100025647,2,2,,6,0,1,0,A01
202100025648,1,10,,0,2,3,1,B01
202100025648,2,7,,0,2,3,1,A01
202100025649,1,7,,0,2,3,1,B01
202100025649,2,7,,0,2,1,1,A01
202100025649,1,7,,0,2,1,1,C01
202100025650,1,7,,0,2,1,13,B01
202100025650,2,7,,0,2,1,1,A01
202100025651,1,7,,0,2,3,13,A01
202100025651,2,33,,0,2,1,1,B01
202100025652,1,7,,0,2,3,10,A01
202100025652,1,33,,0,2,1,17,B01
202100025653,2,7,,4,0,0,0,A01
202100025654,2,10,,0,2,1,2,A01
202100025654,2,7,,0,2,4,2,B01
202100025654,2,7,,0,0,4,2,C01
202100025655,1,7,,0,2,3,1,B01
202100025655,1,7,,0,2,1,15,A01
202100025656,1,7,,0,0,0,16,D01
202100025656,1,7,,0,2,6,2,C01
202100025656,2,7,,0,2,3,5,B01
202100025656,1,33,,0,2,1,2,A01
202100025657,1,7,,0,2,3,15,A01
202100025657,1,30,,0,2,1,1,B01
202100025658,2,1,,0,0,0,1,A01
202100025659,1,1,,0,2,0,1,A01
202100025659,1,7,,0,2,0,18,B01
202100025660,1,7,,0,2,8,16,B01
202100025660,2,7,,0,2,3,13,A01
202100025661,0,7,,0,2,1,15,B01
202100025661,2,7,,0,2,1,1,A01
202100025662,2,7,,2,0,2,1,A01
202100025663,1,7,,0,2,1,1,B01
202100025663,1,7,,0,2,3,19,A01
202100025664,1,33,,15,0,8,13,A01
202100025665,3,33,,3,0,3,1,A01
202100025666,2,1,,0,2,7,1,B01
202100025666,1,10,,0,2,8,15,A01
202100025667,1,15,,0,2,3,15,A01
202100025667,2,7,,0,2,2,1,B01
202100025668,1,7,,2,0,2,1,A01
202100025669,1,7,,0,2,1,17,A01
202100025669,1,7,,0,0,6,15,B01
202100025670,2,7,,0,2,1,1,B01
202100025670,1,7,,0,2,1,13,A01
202100025671,2,7,,0,0,7,15,B01
202100025671,1,7,,0,2,1,1,A01
202100025672,1,10,,2,0,3,16,A01
202100025673,0,0,,0,0,2,2,B01
202100025673,0,2,,0,2,4,2,A01
202100025674,3,33,,0,0,7,1,A01
202100025675,1,7,,0,1,2,1,A01
202100025676,2,7,,0,1,2,2,A01
202100025677,2,7,,10,0,1,1,A01
202100025678,3,33,,15,0,1,17,A01
202100025679,2,43,,4,0,3,13,A01
202100025680,2,10,,3,0,7,1,A01
202100025681,2,7,,0,2,5,0,A01
202100025681,2,7,,0,2,1,0,B01
202100025682,1,10,,2,0,1,1,A01
202100025683,1,10,,0,0,0,15,B01
202100025683,2,1,,0,0,0,1,A01
202100025684,1,7,,0,2,1,1,B01
202100025684,1,7,,3,2,7,13,A01
202100025685,1,10,,2,0,2,1,A01
202100025686,1,17,,0,0,4,23,B01
202100025686,1,17,,0,0,1,2,A01
202100025687,1,7,,0,4,3,15,A01
202100025687,1,39,,0,2,2,1,B01
202100025688,1,7,,2,0,1,1,A01
202100025689,2,33,,12,2,0,9,B01
202100025689,1,7,,0,2,3,9,A01
202100025690,1,2,,0,2,2,1,B01
202100025690,3,7,,0,2,3,9,A01
202100025691,2,7,,13,0,1,6,A01
202100025692,1,7,,0,2,3,1,B01
202100025692,1,7,,0,2,1,1,A01
202100025693,3,2,,9,0,3,14,A01
202100025694,2,7,,13,0,1,1,A01
202100025695,2,7,,0,2,6,1,C01
202100025695,2,34,,0,2,4,3,B01
202100025695,2,7,,0,2,1,14,A01
202100025696,1,7,,0,2,1,3,A01
202100025696,1,7,,0,0,4,1,B01
202100025697,1,7,,0,2,4,2,B01
202100025697,1,17,,0,2,4,2,C01
202100025697,1,7,,0,2,1,1,A01
202100025698,1,10,,0,2,8,1,B01
202100025698,1,14,,0,2,7,12,A01
202100025699,1,7,,3,0,3,1,A01
202100025700,2,33,,0,0,7,16,A01
202100025701,3,7,,3,0,2,26,A01
202100025702,1,15,,0,2,4,1,B01
202100025702,1,7,,0,2,1,1,A01
202100025703,2,7,,0,2,3,1,B01
202100025703,1,10,,0,2,3,16,A01
202100025704,1,37,3.0,0,2,3,1,A01
202100025704,3,7,,0,2,1,0,B01
202100025705,3,10,,0,2,7,17,B01
202100025705,3,33,,0,2,6,17,A01
202100025706,0,2,,0,1,1,1,A01
202100025707,2,7,,0,2,7,15,A01
202100025707,1,7,,0,2,1,1,B01
202100025708,3,7,,0,2,3,15,A01
202100025708,3,31,,0,2,8,1,B01
202100025709,3,7,,0,2,1,1,B01
202100025709,3,7,,0,2,4,10,A01
202100025710,1,7,,0,2,4,2,A01
202100025710,1,7,,0,2,1,1,B01
202100025711,3,30,,0,0,7,26,A01
202100025712,3,2,,0,2,1,2,B01
202100025712,3,7,,0,2,4,2,A01
202100025713,2,7,,0,2,6,15,A01
202100025713,1,10,,0,2,6,15,B01
202100025714,1,7,,0,2,4,2,B01
202100025714,1,7,,0,2,1,2,A01
202100025715,2,31,,0,1,1,1,Z01
202100025716,1,31,,1,0,1,2,A01
202100025716,1,7,,1,0,4,23,B01
202100025717,1,7,,0,0,1,1,A01
202100025718,2,33,,0,2,1,17,B01
202100025718,1,7,,0,2,1,15,A01
202100025719,1,7,,0,1,3,16,A01
202100025720,0,7,,1,0,2,1,A01
202100025721,2,33,,0,2,1,1,B01
202100025721,3,7,,0,2,6,19,A01
202100025722,3,7,,0,2,1,0,B01
202100025722,3,7,,0,2,1,13,A01
202100025723,1,10,,0,2,7,15,A01
202100025723,2,1,,0,2,1,1,B01
202100025724,1,7,,0,1,3,1,A01
202100025724,2,7,,0,1,3,1,B01
202100025725,1,40,,0,1,2,1,A01
202100025726,1,7,,0,2,4,1,B01
202100025726,1,10,,0,2,5,1,C01
202100025726,1,7,,0,2,1,1,A01
202100025727,2,10,,0,2,2,1,B01
202100025727,1,7,,0,2,3,9,A01
202100025728,1,7,,0,2,1,1,B01
202100025728,2,7,,0,2,1,13,A01
202100025728,1,10,,0,2,1,1,C01
202100025729,1,7,,0,2,1,1,B01
202100025729,1,10,,0,2,1,11,A01
202100025730,1,7,,0,2,4,1,A01
202100025730,1,7,,0,2,1,2,B01
202100025731,1,33,,3,0,2,14,A01
202100025732,1,7,,0,2,8,9,A01
202100025732,2,33,,0,2,1,1,B01
202100025733,3,7,,0,1,1,1,A01
202100025734,3,7,,8,2,8,15,A01
202100025734,3,7,,14,2,0,0,B01
202100025735,0,7,,0,2,1,2,A01
202100025735,1,7,,0,2,2,15,B01
202100025736,1,7,,0,2,1,26,A01
202100025736,1,7,,0,2,4,26,B01
202100025737,0,7,,15,0,1,14,A01
202100025738,2,7,,0,2,0,0,T01
202100025738,2,7,,4,2,7,1,A01
202100025739,1,7,,13,0,2,16,A01
202100025739,1,33,,0,2,1,21,B01
202100025740,0,7,,0,1,1,15,A01
202100025741,1,7,,0,2,2,1,B01
202100025741,2,7,,0,2,3,19,A01
202100025742,1,7,,0,2,1,2,A01
202100025742,1,7,,0,2,4,2,B01
202100025743,0,80,,0,2,1,1,B01
202100025743,0,7,,0,2,0,9,A01
202100025744,2,7,,0,2,2,9,A01
202100025744,1,33,,0,2,1,17,B01
202100025745,1,7,,0,2,3,1,A01
202100025745,2,34,,0,2,1,16,B01
202100025746,1,10,,0,2,5,0,B01
202100025746,1,15,,0,2,3,0,A01
202100025747,1,7,,0,2,1,1,A01
202100025747,1,7,,1,2,7,1,B01
202100025748,2,33,,14,0,1,7,A01
202100025749,1,7,,0,1,2,14,Z01
202100025750,1,7,,0,2,2,17,A01
202100025750,2,7,,0,2,2,1,B01
202100025751,1,7,,0,2,8,1,C01
202100025751,2,34,,0,2,1,1,B01
202100025751,1,7,,0,2,5,15,A01
202100025752,3,7,,0,1,1,1,A01
202100025753,3,7,,0,1,1,1,A01
202100025754,3,7,,0,2,3,1,C01
202100025754,3,7,,0,2,1,1,B01