Num_Acc,senc,catv,occutc,obs,obsm,choc,manv,num_veh
202100025754,3,33,,0,2,1,17,A01
202100025755,3,40,,0,1,3,1,A01
202100025756,1,31,,0,2,3,0,B01
202100025756,2,7,,0,2,3,15,A01
202100025757,1,7,,0,2,0,9,A01
202100025757,1,7,,0,2,6,1,B01
202100025758,0,7,,0,2,1,15,B01
202100025758,2,2,,0,2,2,1,A01
202100025759,1,7,,2,0,2,1,A01
202100025760,3,99,,15,0,0,0,A01
202100025761,1,33,,0,2,1,2,A01
202100025761,1,7,,0,2,5,2,B01
202100025762,0,7,,0,1,1,15,A01
202100025763,3,32,,0,0,2,9,A01
202100025764,0,1,,0,2,1,1,A01
202100025764,0,7,,0,2,2,16,B01
202100025765,2,7,,0,2,4,23,B01
202100025765,2,1,,0,2,1,2,A01
202100025766,1,7,,0,2,6,2,B01
202100025766,1,17,,0,2,2,12,A01
202100025767,2,30,,0,2,1,1,B01
202100025767,1,7,,0,2,2,15,A01
202100025768,3,7,,0,1,7,1,A01
202100025769,1,7,,0,2,1,15,A01
202100025769,1,2,,0,2,2,1,B01
202100025770,2,10,,0,2,3,22,A01
202100025770,2,1,,0,2,1,1,B01
202100025771,2,7,,1,0,1,13,A01
202100025772,2,50,,15,0,1,14,A01
202100025773,3,7,,0,2,3,22,B01
202100025773,3,1,,0,2,2,1,A01
202100025774,1,7,,0,1,2,1,A01
202100025775,1,7,,0,2,7,2,A01
202100025775,1,33,,0,2,8,2,B01
202100025776,2,3,,0,0,9,16,A01
202100025777,2,1,,1,0,7,1,B01
202100025777,2,7,,0,9,3,22,A01
202100025778,1,7,,9,0,1,2,A01
202100025779,2,7,,0,2,3,1,A01
202100025779,2,7,,0,2,7,16,B01
202100025780,1,7,,0,2,1,1,B01
202100025780,1,7,,0,2,4,1,A01
202100025781,3,7,,0,1,3,1,A01
202100025782,3,7,,12,2,3,16,A01
202100025782,3,7,,8,9,1,9,B01
202100025783,2,7,,0,1,2,1,A01
202100025784,1,7,,1,2,2,21,A01
202100025785,1,33,,0,2,1,1,B01
202100025785,1,7,,0,2,2,10,A01
202100025786,1,7,,0,9,6,26,B01
202100025786,1,2,,0,2,4,26,A01
202100025787,3,99,,1,0,2,26,A01
202100025788,1,10,,0,1,7,1,A01
202100025789,1,33,,0,2,3,1,B01
202100025789,1,7,,0,2,2,16,A01
202100025790,2,7,,0,2,6,11,A01
202100025790,1,32,,0,2,1,1,B01
202100025791,3,7,,0,1,1,1,A01
202100025792,2,7,,10,0,1,1,A01
202100025793,0,7,,0,1,1,16,A01
202100025794,3,10,,0,2,3,9,A01
202100025794,0,33,,0,2,7,0,B01
202100025795,2,13,,0,0,6,1,B01
202100025795,2,7,,0,2,2,14,A01
202100025796,2,7,,13,0,1,1,A01
202100025797,0,7,,0,2,6,13,A01
202100025797,0,33,,0,2,2,17,B01
202100025798,2,7,,0,2,1,1,A01
202100025798,1,7,,0,2,1,15,B01
202100025799,2,33,,0,2,1,17,A01
202100025799,2,7,,0,2,3,15,B01
202100025800,2,7,,0,2,1,13,A01
202100025800,1,15,,0,2,1,1,B01
202100025801,1,7,,2,0,2,1,A01
202100025802,1,7,,0,2,2,1,A01
202100025802,1,33,,0,0,4,2,B01
202100025803,0,7,,0,2,3,15,B01
202100025803,0,31,,0,2,1,17,A01
202100025804,2,2,,0,0,0,17,A01
202100025805,1,7,,0,2,1,1,B01
202100025805,3,7,,0,2,8,15,A01
202100025806,2,2,,8,0,2,14,A01
202100025807,0,30,,0,2,8,9,B01
202100025807,2,7,,0,2,1,1,A01
202100025808,2,7,,0,2,6,1,B01
202100025808,1,7,,8,2,3,1,A01
202100025809,1,10,,0,9,2,1,A01
202100025809,2,1,,0,2,3,15,B01
202100025810,2,7,,0,2,7,13,A01
202100025810,1,7,,0,2,1,26,B01
202100025811,1,33,,8,0,1,2,A01
202100025812,1,32,,12,0,2,0,A01
202100025813,1,7,,15,0,3,1,A01
202100025814,2,3,,0,2,4,2,B01
202100025814,2,7,,0,2,1,2,A01
202100025815,2,33,,0,2,1,1,B01
202100025815,1,7,,0,2,7,15,A01
202100025816,2,10,,0,2,4,4,A01
202100025816,2,33,,0,2,1,23,B01
202100025817,1,2,,0,2,1,2,A01
202100025817,1,10,,0,0,6,1,B01
202100025818,2,15,,0,2,3,1,B01
202100025818,1,15,,0,2,3,13,A01
202100025819,2,7,,0,2,1,2,C01
202100025819,2,7,,0,2,1,2,B01
202100025819,2,7,,0,2,4,1,A01
202100025820,1,7,,0,0,5,2,B01
202100025820,1,33,,0,2,1,2,A01
202100025821,1,7,,0,2,1,1,A01
202100025821,2,17,,3,2,1,6,B01
202100025821,1,7,,16,0,0,1,C01
202100025822,1,7,,3,0,1,0,A01
202100025823,2,50,,0,2,1,0,B01
202100025823,2,7,,0,9,6,0,A01
202100025824,2,7,,3,0,3,0,A01
202100025825,1,31,,0,2,1,0,A01
202100025825,2,7,,0,2,1,15,B01
202100025826,1,7,,0,2,1,1,B01
202100025826,2,7,,0,2,1,13,A01
202100025827,1,7,,4,0,1,1,A01
202100025828,3,7,,2,0,1,1,A01
202100025829,0,7,,15,0,3,1,A01
202100025830,1,33,,0,0,0,1,A01
202100025831,1,7,,0,2,7,13,A01
202100025831,2,10,,0,2,8,1,B01
202100025832,2,10,,0,2,3,1,B01
202100025832,1,7,,0,2,8,15,A01
202100025833,2,7,,0,2,2,15,A01
202100025833,1,2,,0,2,8,1,B01
202100025834,1,7,,0,0,6,24,B01
202100025834,1,2,,1,0,1,1,A01
202100025835,1,7,,0,2,4,9,A01
202100025835,1,80,,0,2,2,19,B01
202100025836,2,14,,0,2,1,1,A01
202100025836,1,14,,0,2,1,1,E01
202100025836,2,7,,0,2,4,23,D01
202100025836,2,7,,0,2,4,23,C01
202100025836,2,7,,0,2,4,15,B01
202100025837,1,7,,2,0,3,1,A01
202100025838,1,7,,0,2,1,2,B01
202100025838,2,7,,0,2,1,13,A01
202100025839,2,7,,0,2,4,2,A01
202100025839,2,10,,0,2,1,2,B01
202100025840,0,7,,0,2,1,2,C01
202100025840,2,7,,0,2,4,2,B01
202100025840,2,7,,0,2,4,2,A01
202100025841,2,7,,0,2,6,1,A01
202100025841,0,10,,0,2,2,11,B01
202100025842,2,7,,2,0,1,14,A01
202100025843,1,7,,0,2,8,1,B01
202100025843,1,7,,0,2,2,14,A01
202100025844,2,7,,0,2,8,1,B01
202100025844,2,17,,0,2,2,12,A01
202100025845,2,7,,0,2,1,2,Z01
202100025845,2,7,,0,2,5,2,B01
202100025846,1,15,,0,2,1,2,B01
202100025846,1,7,,0,2,6,2,A01
202100025847,1,17,,0,2,2,0,B01
202100025847,1,7,,0,2,3,0,A01
202100025848,1,15,,0,0,0,26,A01
202100025849,2,43,,0,2,1,0,B01
202100025849,2,7,,0,2,0,0,Z01
202100025850,2,7,,14,0,2,1,B01
202100025850,2,7,,0,0,1,26,A01
202100025851,1,7,,4,0,1,1,A01
202100025852,2,10,,4,0,7,1,A01
202100025853,2,7,,0,2,2,2,A01
202100025853,2,7,,0,2,6,2,B01
202100025854,1,10,,0,2,4,2,D01
202100025854,1,7,,0,2,4,2,E01
202100025854,1,7,,0,2,4,2,F01
202100025854,1,38,1.0,0,2,1,2,A01
202100025854,1,7,,0,2,4,2,B01
202100025854,1,7,,0,2,4,2,C01
202100025855,1,7,,0,1,2,1,A01
202100025856,3,36,,0,0,0,0,A01
202100025857,2,33,,0,0,4,23,B01
202100025857,2,7,,0,2,1,1,A01
202100025858,2,7,,0,0,9,16,A01
202100025859,2,7,,0,1,3,0,A01
202100025860,2,7,,0,2,3,1,C01
202100025860,2,7,,0,2,2,1,B01
202100025860,1,7,,0,2,9,19,A01
202100025861,1,7,,0,2,2,1,A01
202100025861,3,1,,0,2,0,26,B01
202100025862,2,2,,0,2,7,5,A01
202100025862,1,7,,0,2,2,1,B01
202100025863,3,7,,13,0,1,0,A01
202100025864,2,7,,13,0,1,1,A01
202100025865,1,39,,0,1,3,1,A01
202100025866,3,1,,0,2,1,19,A01
202100025866,3,7,,0,9,8,1,B01
202100025867,1,10,,0,1,5,26,A01
202100025868,1,30,,0,2,1,15,B01
202100025868,2,7,,0,2,3,15,A01
202100025869,1,7,,0,1,2,1,A01
202100025870,3,50,,0,2,1,15,A01
202100025870,2,7,,0,2,8,1,B01
202100025871,2,7,,0,2,3,15,A01
202100025871,1,33,,0,2,8,1,B01
202100025872,2,33,,0,2,4,23,B01
202100025872,2,7,,0,2,1,2,A01
202100025873,2,7,,0,2,1,2,A01
202100025873,2,7,,0,2,5,23,B01
202100025874,2,7,,0,2,3,9,A01
202100025874,2,13,,0,2,7,16,B01
202100025875,1,7,,0,2,7,15,A01
202100025875,2,1,,0,2,1,1,B01
202100025876,1,7,,0,1,2,16,A01
202100025877,2,7,,0,2,1,1,A01
202100025877,1,7,,0,2,6,15,B01
202100025878,0,33,,0,0,0,0,B01
202100025878,0,3,,0,0,0,0,A01
202100025879,1,43,,0,2,1,17,A01
202100025879,1,37,1.0,0,0,8,15,B01
202100025880,3,7,,14,0,1,1,C01
202100025880,3,7,,0,2,1,23,B01
202100025880,3,7,,0,2,4,23,A01
202100025881,3,7,,0,2,2,15,A01
202100025881,0,7,,0,2,3,2,B01
202100025882,2,38,2.0,1,0,1,1,A01
202100025883,3,7,,0,2,1,1,A01
202100025883,-1,1,,0,2,8,19,B01
202100025884,1,37,1.0,0,2,1,1,B01
202100025884,1,7,,0,2,7,1,A01
202100025885,1,7,,0,1,1,9,A01
202100025886,2,7,,0,2,1,1,B01
202100025886,1,7,,1,2,2,13,A01
202100025887,2,7,,0,2,8,22,A01
202100025887,2,50,,1,0,1,1,B01
202100025888,1,7,,8,0,1,13,A01
202100025889,3,31,,13,0,1,1,A01
202100025890,2,2,,0,0,7,1,A01
202100025891,2,2,,6,0,2,2,A01
202100025892,1,7,,0,2,1,1,C01
202100025892,2,7,,0,2,4,2,B01
202100025892,1,10,,0,0,4,2,A01
202100025893,3,7,,0,0,1,21,A01
202100025894,0,7,,0,1,2,1,A01
202100025895,2,7,,6,2,3,5,B01
202100025895,1,7,,6,2,3,5,A01
202100025896,3,7,,0,1,4,4,A01
202100025897,2,21,,0,0,6,2,B01
202100025897,2,7,,0,2,1,2,A01
202100025898,2,2,,13,0,7,0,A01
202100025899,3,10,,13,0,1,26,A01
202100025900,2,7,,0,1,1,1,A01
202100025901,2,7,,0,0,7,15,B01
202100025901,1,7,,0,2,1,1,A01
202100025902,1,80,,0,2,8,15,B01
202100025902,1,7,,0,2,2,2,A01
202100025903,3,7,,2,0,1,21,A01
202100025904,1,2,,8,2,1,5,B01
202100025904,2,7,,0,0,2,15,A01
202100025905,1,7,,13,0,2,1,A01
202100025906,2,7,,0,2,2,1,B01
202100025906,2,2,,0,0,4,1,A01
202100025907,1,2,,0,2,1,1,C01
202100025907,1,2,,0,2,1,1,B01
202100025907,2,7,,0,2,1,5,A01
202100025908,1,7,,0,2,8,1,A01
202100025908,1,33,,0,2,8,17,B01
202100025909,3,7,,0,2,1,1,A01
202100025909,0,36,,0,2,8,9,B01
202100025910,1,7,,13,0,1,0,A01
202100025911,1,7,,13,2,2,15,A01
202100025911,2,7,,0,2,1,1,B01
202100025912,2,7,,0,2,1,17,A01
202100025912,1,7,,0,2,8,15,B01
202100025913,2,7,,0,2,1,1,C01
202100025913,1,15,,0,2,3,1,B01
202100025913,2,7,,0,2,3,13,A01
202100025914,1,10,,0,2,1,1,A01
202100025914,1,1,,0,0,5,0,B01
202100025915,1,33,,13,0,9,17,A01
202100025916,2,10,,0,2,4,1,B01
202100025916,1,7,,0,2,3,1,A01
202100025916,2,7,,0,2,8,1,D01
202100025917,1,10,,0,2,1,1,B01
202100025917,2,7,,0,2,1,1,A01
202100025918,1,33,,0,0,0,1,A01
202100025919,1,7,,13,0,2,1,A01
202100025920,1,7,,0,2,1,1,B01
202100025920,2,33,,0,2,7,1,A01
202100025921,1,7,,0,1,0,2,A01
202100025922,1,37,1.0,0,0,4,23,A01
202100025922,1,33,,1,0,1,12,B01
202100025923,1,7,,4,0,3,1,A01
202100025923,1,7,,4,2,7,1,B01
202100025923,1,7,,0,2,2,1,C01
202100025924,3,7,,6,0,9,0,A01
202100025925,1,7,,0,2,2,2,C01
202100025925,1,7,,0,0,4,23,A01
202100025925,1,7,,0,0,9,23,B01
202100025926,2,33,,3,0,1,0,A01
202100025927,2,7,,3,0,4,1,A01
202100025927,2,10,,0,2,1,2,B01
202100025928,2,37,7.0,0,0,3,1,B01
202100025928,1,7,,0,2,2,15,A01
202100025929,2,7,,4,9,6,1,B01
202100025929,2,7,,1,9,2,1,A01
202100025930,2,7,,0,2,2,17,A01
202100025930,3,7,,0,2,3,15,B01
202100025931,3,7,,0,2,7,9,A01
202100025931,2,7,,0,2,1,1,B01
202100025932,2,7,,2,0,1,1,A01
202100025933,0,7,,1,1,2,1,A01
202100025934,1,7,,13,0,2,1,A01
202100025935,1,7,,0,2,4,13,B01
202100025935,1,2,,0,2,1,1,A01
202100025936,0,2,,0,0,4,23,B01
202100025936,0,2,,0,2,1,1,A01
202100025937,2,7,,0,2,2,15,B01
202100025937,1,32,,0,2,1,17,A01
202100025938,2,33,,0,2,2,1,A01
202100025938,2,33,,0,2,4,10,B01
202100025939,3,7,,0,1,2,1,A01
202100025940,3,1,,12,0,0,1,A01
202100025941,0,7,,0,1,5,4,A01
202100025942,2,1,,0,2,8,9,B01
202100025942,1,7,,0,2,1,9,A01
202100025943,1,7,,0,2,5,15,A01
202100025943,1,33,,0,2,1,1,B01
202100025944,2,7,,0,2,4,19,A01
202100025944,1,17,,0,2,1,14,B01
202100025945,2,21,,0,0,5,15,B01
202100025945,2,7,,0,2,3,17,A01
202100025946,0,7,,0,2,0,0,B01
202100025946,2,10,,0,2,4,26,A01
202100025947,2,7,,0,2,4,0,A01
202100025947,2,10,,0,2,1,0,C01
202100025947,2,7,,0,2,4,0,B01
202100025948,1,7,,0,2,4,2,A01
202100025948,1,7,,0,2,1,2,Z01
202100025949,1,7,,0,2,1,2,A01
202100025949,1,10,,0,2,4,1,B01
202100025950,0,31,,0,0,0,26,A01
202100025951,2,7,,0,2,7,14,A01
202100025951,2,33,,0,2,8,26,B01
202100025952,2,15,,0,2,6,1,B01
202100025952,2,7,,0,2,2,0,A01
202100025953,2,7,,0,0,9,1,A01
202100025954,3,10,,3,0,8,1,A01
202100025955,2,7,,0,2,0,0,Z01
202100025955,2,7,,0,0,0,23,A01
202100025956,2,7,,0,2,1,1,A01
202100025956,2,7,,0,2,4,1,B01
202100025956,2,7,,0,2,4,1,C01
202100025957,2,7,,0,2,4,1,C01
202100025957,2,43,,0,2,1,3,A01
202100025957,2,7,,0,2,8,11,B01
202100025958,0,33,,0,0,9,26,A01
202100025959,3,33,,0,2,1,17,A01
202100025959,3,1,,0,2,0,0,B01
202100025960,2,10,,0,2,1,1,A01
202100025960,2,7,,0,2,4,23,B01
202100025961,2,7,,0,2,4,1,B01
202100025961,1,30,,0,2,1,21,A01
202100025962,1,30,,3,0,1,9,A01
202100025963,2,7,,0,2,4,1,C01
202100025963,2,7,,0,2,4,1,B01
202100025963,2,7,,0,2,1,1,A01
202100025964,3,2,,0,2,8,1,B01
202100025964,3,7,,0,2,3,1,A01
202100025965,1,33,,0,2,7,16,B01
202100025965,2,7,,0,2,3,15,A01
202100025966,3,7,,0,2,3,1,A01
202100025966,3,33,,0,2,8,1,B01
202100025967,3,7,,0,0,1,26,A01
202100025968,3,7,,0,1,3,25,Z01
202100025969,2,33,,0,1,0,1,A01
202100025970,2,7,,0,2,1,5,A01
202100025970,2,33,,0,2,1,1,B01
202100025971,0,1,,0,0,0,0,A01
202100025972,1,7,,0,2,4,23,C01
202100025972,1,7,,0,2,4,23,B01
202100025972,1,7,,0,2,1,1,A01
202100025973,-1,7,,13,0,1,9,KA01
202100025974,2,7,,0,2,3,17,A01
202100025974,1,7,,0,2,3,1,B01
202100025975,2,7,,0,2,0,0,Z01
202100025975,2,7,,6,2,3,1,A01
202100025976,2,7,,8,0,1,13,A01
202100025977,3,7,,0,9,2,15,A01
202100025977,3,1,,0,2,0,0,B01
202100025978,1,33,,0,2,1,1,B01
202100025978,1,7,,0,2,7,19,A01
202100025979,2,7,,1,0,6,26,A01
202100025980,2,7,,0,2,1,1,A01
202100025980,1,7,,0,2,1,15,B01
202100025981,1,7,,0,2,4,1,B01
202100025981,1,7,,0,2,2,17,A01
202100025982,2,1,,0,2,1,1,B01
202100025982,1,7,,0,2,1,15,A01
202100025983,1,33,,6,0,1,14,A01
202100025984,3,7,,0,2,4,23,D01
202100025984,3,7,,0,2,4,2,C01
202100025984,3,7,,0,2,4,2,B01
202100025984,3,7,,0,2,1,2,A01
202100025985,0,7,,8,0,1,1,A01
202100025986,3,7,,0,2,0,5,Z01
202100025986,1,7,,0,2,5,1,B01
202100025987,0,7,,0,2,3,15,A01
202100025987,1,32,,0,2,3,1,B01
202100025988,1,33,,0,2,8,1,B01
202100025988,1,7,,0,2,2,16,A01
202100025989,1,7,,0,9,2,16,B01
202100025989,2,1,,0,2,1,19,A01
202100025990,1,7,,0,2,1,2,B01
202100025990,1,2,,0,2,4,26,A01
202100025991,2,2,,0,0,0,26,A01
202100025992,3,33,,0,2,7,1,B01
202100025992,3,7,,0,2,3,9,A01
202100025993,1,7,,8,0,3,15,A01
202100025994,2,30,,0,1,1,26,A01
202100025995,1,7,,0,2,4,2,B01
202100025995,1,7,,0,2,1,2,A01
202100025996,0,7,,15,0,1,25,A01
202100025997,1,7,,0,2,1,1,B01
202100025997,1,2,,0,0,8,16,C01
202100025997,2,7,,0,2,2,15,A01
202100025998,1,7,,0,2,2,13,A01
202100025998,1,30,,0,2,8,0,B01
202100025999,1,30,,0,2,3,1,B01
202100025999,1,7,,0,2,2,16,A01
202100026000,2,30,,0,1,1,1,Z01
202100026001,3,7,,6,0,1,1,A01
202100026002,3,7,,0,2,3,15,A01
202100026002,3,34,,0,2,1,1,B01
202100026003,1,7,,0,9,5,16,A01
202100026003,1,1,,0,2,1,1,B01
202100026004,1,7,,0,2,2,9,A01
202100026004,1,7,,0,2,3,1,B01
202100026005,2,32,,0,2,3,3,B01
202100026005,2,7,,0,2,4,1,C01
202100026005,2,7,,0,2,7,14,A01
202100026006,1,7,,0,2,5,23,B01
202100026006,1,7,,0,2,3,13,A01
202100026007,2,50,,1,0,1,13,A01
202100026008,3,33,,0,2,1,15,A01
202100026008,2,7,,0,2,8,1,B01
202100026009,1,34,,0,2,4,1,B01
202100026009,1,7,,8,2,1,1,A01
202100026010,0,1,,15,0,1,1,A01
202100026011,1,7,,0,2,1,1,Z01
202100026011,1,1,,0,2,1,1,A01
202100026012,2,32,,0,2,2,5,A01
202100026012,2,32,,0,2,1,1,B01
202100026013,3,31,,0,1,2,1,A01
202100026014,1,7,,0,2,0,0,A01
202100026014,1,34,,0,2,0,0,B01
202100026015,3,7,,0,2,2,19,A01
202100026015,0,0,,0,0,7,0,B01
202100026016,1,7,,0,2,4,2,B01
202100026016,2,43,,0,2,1,1,A01
202100026017,2,7,,0,2,7,1,A01
202100026017,2,7,,0,2,1,1,B01
202100026018,2,33,,0,2,8,18,B01
202100026018,2,36,,0,2,2,16,A01
202100026019,1,33,,12,0,1,3,A01
202100026020,0,33,,0,0,0,0,A01
202100026020,3,7,,0,9,3,0,B01
202100026021,2,1,,0,2,1,1,A01
202100026021,2,7,,0,0,4,1,B01
202100026022,1,33,,0,2,1,1,A01
202100026022,2,7,,0,2,7,19,B01
202100026023,1,7,,12,0,3,1,A01
202100026024,2,33,,0,0,1,26,A01
202100026025,3,1,,12,0,1,26,A01
202100026026,2,7,,7,0,9,1,A01
202100026027,2,7,,0,2,6,15,A01
202100026027,2,32,,0,2,2,17,B01
202100026028,1,36,,8,0,1,1,A01
202100026029,1,7,,4,0,4,1,A01
202100026030,1,7,,2,0,3,1,A01
202100026031,2,7,,0,2,3,0,A01
202100026031,1,7,,0,2,3,1,B01
202100026031,2,7,,0,2,3,1,C01
202100026032,0,13,,0,2,1,1,B01
202100026032,0,7,,0,2,1,13,A01
202100026033,1,13,,0,2,3,1,B01
202100026033,2,7,,0,2,3,13,A01
202100026034,2,33,,0,2,3,13,A01
202100026034,1,7,,0,2,8,1,B01
202100026035,1,7,,11,0,1,1,A01
202100026036,1,15,,0,2,6,1,B01
202100026036,1,10,,0,2,2,17,A01
202100026037,3,2,,8,0,7,21,A01
202100026038,1,33,,0,0,8,1,A01
202100026039,3,2,,0,2,2,1,A01
202100026039,3,7,,0,2,2,1,B01
202100026040,1,21,,0,0,4,2,B01
202100026040,1,7,,0,2,1,2,A01
202100026041,1,7,,0,2,3,13,A01
202100026041,2,7,,0,2,3,16,B01
202100026042,2,7,,0,2,8,15,A01
202100026042,1,33,,0,2,1,1,B01
202100026043,1,7,,0,0,1,1,A01
202100026044,2,7,,0,2,3,1,A01
202100026044,1,7,,0,2,3,1,B01
202100026045,1,33,,0,0,7,1,A01
202100026046,2,2,,0,2,8,15,B01
202100026046,2,7,,0,2,1,1,A01
202100026047,0,7,,13,0,1,1,A01
202100026048,2,7,,2,0,3,13,A01
202100026049,3,7,,0,2,1,1,B01
202100026049,3,7,,0,2,1,1,A01
202100026050,3,7,,0,2,6,1,B01
202100026050,3,33,,0,2,1,1,A01
202100026051,2,7,,0,2,3,1,B01
202100026051,1,7,,0,2,1,1,A01
202100026052,3,2,,9,0,1,1,A01
202100026053,1,7,,0,2,1,1,A01
202100026053,2,7,,0,2,3,15,B01
202100026054,1,7,,14,2,1,6,A01
202100026054,2,7,,0,2,1,1,B01
202100026055,1,7,,0,2,4,1,B01
202100026055,1,7,,0,2,1,1,A01
202100026056,1,33,,11,0,1,17,A01
202100026057,0,7,,0,2,3,15,A01
202100026057,0,7,,0,2,3,14,B01
202100026058,1,7,,17,0,1,13,A01
202100026059,1,7,,0,2,1,1,A01
202100026059,2,7,,0,2,1,5,B01
202100026060,2,7,,12,0,9,14,A01
202100026061,3,7,,13,0,1,1,A01
202100026062,2,7,,13,0,3,21,B01
202100026062,1,7,,0,0,0,19,A01
202100026063,2,7,,2,0,1,15,A01
202100026064,0,7,,0,9,3,16,B01
202100026064,2,1,,0,2,7,1,A01
202100026065,1,7,,2,0,1,13,A01
202100026066,1,7,,0,2,3,13,A01
202100026066,2,1,,0,2,1,1,B01
202100026067,1,7,,0,1,3,1,A01
202100026068,1,7,,0,2,1,1,B01
202100026068,2,7,,0,2,7,17,A01
202100026069,1,7,,0,2,1,17,B01
202100026069,1,7,,0,0,8,15,A01
202100026070,1,7,,0,0,1,0,A01
202100026071,2,7,,0,2,3,1,B01
202100026071,0,7,,0,2,3,15,A01
202100026072,1,38,14.0,0,0,1,1,A01
202100026073,1,7,,0,2,1,1,D01
202100026073,1,7,,0,2,3,1,C01
202100026073,2,7,,0,2,3,13,A01
202100026073,2,7,,13,2,1,2,B01
202100026074,1,10,,0,2,1,13,A01
202100026074,2,38,6.0,0,2,3,1,B01
202100026075,3,7,,2,0,1,26,A01
202100026076,1,7,,0,2,8,10,B01
202100026076,1,31,,0,2,1,1,A01
202100026077,0,2,,12,0,1,0,A01
202100026078,1,7,,13,0,2,1,A01
202100026079,1,33,,0,0,0,21,A01
202100026080,1,14,,0,2,1,1,A01
202100026080,1,7,,0,2,1,19,B01
202100026081,1,7,,0,0,9,13,A01
202100026082,1,7,,0,0,0,1,A01
202100026083,1,33,,3,0,0,1,A01
202100026084,1,10,,0,2,8,2,A01
202100026084,1,33,,0,2,1,2,B01
202100026085,3,1,,0,0,0,1,A01
202100026086,1,7,,0,2,1,13,B01
202100026086,2,7,,0,2,3,13,A01
202100026087,3,7,,0,2,2,15,A01
202100026087,2,33,,0,0,1,1,B01
202100026088,1,7,,0,2,3,1,B01
202100026088,3,1,,0,2,1,19,A01
202100026089,3,50,,0,0,8,19,A01
202100026089,3,43,,0,2,1,1,B01
202100026090,0,38,1.0,0,9,2,1,A01
202100026090,0,1,,0,2,1,5,B01
202100026091,1,7,,0,0,1,17,A01
202100026092,2,7,,4,0,3,1,A01
202100026093,1,7,,4,0,2,14,A01
202100026094,1,7,,3,0,1,1,A01
202100026095,1,7,,4,0,2,14,A01
202100026096,1,7,,0,2,1,2,A01
202100026096,1,7,,0,2,1,2,B01
202100026096,1,7,,0,2,4,2,C01
202100026097,2,7,,4,2,8,2,A01
202100026097,2,7,,4,2,2,14,B01
202100026098,2,7,,0,2,4,23,B01
202100026098,2,32,,1,0,1,2,A01
202100026099,1,7,,0,0,3,2,A01
202100026100,2,7,,6,0,1,26,A01
202100026101,2,33,,4,0,8,21,A01
202100026102,1,7,,0,2,5,23,A01
202100026102,1,7,,1,0,8,21,B01
202100026103,1,0,,0,2,0,0,Z01
202100026103,1,32,,0,2,7,1,A01
202100026104,1,50,,0,1,0,25,A01
202100026105,1,7,,0,1,2,1,A01
202100026106,2,37,1.0,0,2,1,1,A01
202100026106,2,7,,0,2,4,16,B01
202100026107,1,99,,0,2,1,1,B01
202100026107,1,30,,0,2,1,1,A01
202100026108,2,7,,0,2,1,0,B01
202100026108,1,7,,0,2,1,13,A01
202100026109,2,37,1.0,0,1,2,2,A01
202100026110,2,32,,4,0,8,1,A01
202100026111,2,7,,0,1,2,11,A01
202100026112,1,7,,0,2,2,1,C01
202100026112,1,7,,0,2,6,1,B01
202100026112,1,34,,0,2,1,1,A01
202100026113,3,7,,0,2,7,1,B01
202100026113,3,7,,0,2,1,1,A01
202100026114,3,42,,1,2,1,5,A01
202100026114,3,10,,0,2,1,9,B01
202100026115,1,7,,0,2,2,15,A01
202100026115,2,33,,0,2,8,1,B01
202100026116,3,34,,11,0,7,26,A01
202100026117,1,7,,0,2,2,19,A01
202100026117,1,7,,0,2,2,1,B01
202100026118,1,10,,0,2,3,20,A01
202100026118,1,30,,0,2,2,1,B01
202100026119,1,30,,0,2,1,1,A01
202100026119,1,37,1.0,0,2,4,1,B01
202100026120,1,7,,0,2,4,15,B01
202100026120,1,7,,0,2,1,1,A01
202100026121,2,7,,0,0,1,14,A01
202100026122,3,7,,0,2,8,15,A01
202100026122,3,2,,0,2,0,0,B01
202100026123,0,7,,0,2,7,15,A01
202100026123,0,7,,0,2,1,21,B01
202100026124,2,30,,0,2,5,26,A01
202100026124,2,7,,0,2,3,26,B01
202100026125,1,7,,0,2,1,15,A01
202100026125,2,7,,0,2,8,1,B01
202100026126,1,7,,0,2,1,1,A01
202100026126,1,7,,0,2,4,23,B01
202100026127,1,1,,0,2,1,0,B01
202100026127,1,7,,0,2,6,16,A01
202100026128,3,33,,0,2,7,19,A01
202100026128,3,7,,0,2,1,1,B01
202100026129,1,7,,0,2,1,1,B01
202100026129,2,7,,0,2,1,15,A01
202100026130,3,30,,9,0,1,26,A01
202100026131,1,37,1.0,0,2,8,1,B01
202100026131,1,7,,0,2,7,12,A01
202100026132,2,7,,0,2,5,14,A01
202100026132,1,1,,0,2,3,0,B01
202100026133,1,33,,0,2,7,26,B01
202100026133,1,1,,0,2,8,26,A01
202100026134,1,7,,1,0,1,13,A01
202100026135,2,10,,0,2,1,14,A01
202100026136,1,7,,0,2,3,1,B01
202100026136,1,7,,0,2,1,13,A01
202100026137,1,7,,0,2,7,1,B01
202100026137,1,7,,0,2,1,19,A01
202100026138,0,7,,0,2,1,16,A01
202100026138,1,1,,0,2,2,2,B01
202100026139,3,30,,0,2,5,1,B01
202100026139,3,7,,0,2,3,1,A01
202100026140,2,30,,0,0,0,1,A01
202100026141,2,7,,2,0,1,14,A01
202100026142,3,7,,0,1,2,1,A01
202100026143,1,7,,0,2,1,1,A01
202100026143,2,7,,0,2,8,1,B01
202100026144,1,7,,0,2,1,1,B01