Num_Acc,senc,catv,occutc,obs,obsm,choc,manv,num_veh
202100026144,1,7,,0,2,3,26,A01
202100026145,2,30,,0,0,7,1,A01
202100026146,2,7,,0,2,1,1,A01
202100026146,2,7,,0,2,4,1,C01
202100026146,2,7,,0,2,4,1,B01
202100026147,1,7,,0,2,7,1,A01
202100026147,3,7,,0,2,3,16,B01
202100026148,1,7,,0,2,8,1,B01
202100026148,1,30,,0,2,1,9,A01
202100026149,1,43,,0,2,1,12,A01
202100026149,1,7,,0,2,5,1,Z01
202100026150,1,33,,4,0,1,13,A01
202100026151,3,30,,0,2,4,16,A01
202100026151,3,7,,0,2,1,1,Z01
202100026152,1,1,,0,2,4,17,B01
202100026152,1,7,,0,2,3,13,A01
202100026153,3,33,,0,2,1,2,A01
202100026153,3,7,,0,2,6,23,B01
202100026154,2,7,,0,2,7,1,A01
202100026154,2,7,,0,2,1,1,B01
202100026155,1,30,,0,2,8,2,A01
202100026155,1,32,,0,2,8,2,B01
202100026156,1,50,,0,1,1,1,A01
202100026157,2,1,,1,0,3,1,B01
202100026157,2,7,,0,2,2,22,A01
202100026158,3,7,,0,2,2,1,A01
202100026159,1,7,,0,2,3,2,Z01
202100026159,1,7,,0,2,4,23,A01
202100026160,1,7,,0,1,3,1,Z01
202100026161,2,50,,0,0,0,1,A01
202100026162,0,50,,12,0,1,21,A01
202100026163,1,13,,1,2,2,22,B01
202100026163,1,80,,12,2,7,26,A01
202100026164,3,7,,8,0,1,1,A01
202100026165,3,10,,0,2,1,1,A01
202100026165,3,7,,0,2,9,1,B01
202100026166,2,30,,0,1,1,17,Z01
202100026167,2,7,,0,2,6,20,B01
202100026167,2,7,,0,2,1,1,A01
202100026168,2,43,,0,1,1,1,A01
202100026169,1,34,,0,2,3,1,B01
202100026169,2,7,,0,2,1,10,A01
202100026170,2,7,,0,2,1,1,C01
202100026170,1,7,,0,2,1,2,A01
202100026170,1,7,,0,0,4,1,B01
202100026171,1,33,,0,2,9,15,B01
202100026171,2,21,,0,2,6,16,A01
202100026172,1,7,,0,2,1,1,A01
202100026172,1,2,,0,2,8,19,B01
202100026173,1,7,,3,2,5,12,A01
202100026173,1,7,,3,2,3,1,B01
202100026174,1,7,,0,0,4,24,B01
202100026174,1,7,,1,0,1,1,A01
202100026175,1,33,,13,0,0,17,A01
202100026176,1,33,,0,2,3,2,B01
202100026176,1,7,,0,0,5,23,A01
202100026177,2,7,,0,2,1,1,B01
202100026177,1,7,,0,2,7,19,A01
202100026178,1,7,,2,0,1,0,A01
202100026179,1,7,,14,0,3,1,C01
202100026179,1,7,,0,0,8,23,B01
202100026179,1,7,,3,0,7,1,A01
202100026180,1,7,,0,2,3,13,A01
202100026180,2,33,,0,2,1,1,B01
202100026181,2,38,1.0,0,2,3,1,B01
202100026181,1,7,,0,2,1,13,A01
202100026182,1,1,,0,9,1,1,A01
202100026183,3,7,,1,2,2,1,A01
202100026183,3,7,,0,0,7,0,B01
202100026184,2,7,,13,0,1,16,A01
202100026185,3,7,,0,0,9,15,A01
202100026186,2,7,,2,0,1,1,A01
202100026187,1,7,,8,0,8,15,B01
202100026187,2,99,,0,2,3,1,A01
202100026188,2,7,,0,2,7,1,B01
202100026188,1,7,,0,2,1,1,A01
202100026189,0,10,,0,2,3,1,A01
202100026189,0,1,,0,2,2,1,B01
202100026190,3,7,,0,2,3,1,B01
202100026190,3,33,,0,2,1,13,A01
202100026191,1,7,,14,0,3,5,A01
202100026192,2,7,,0,0,9,1,A01
202100026193,2,1,,8,0,1,1,A01
202100026194,3,7,,13,0,2,1,A01
202100026195,2,21,,0,0,6,15,B01
202100026195,2,7,,0,2,2,17,A01
202100026196,3,7,,0,9,3,1,A01
202100026196,3,1,,0,2,2,19,B01
202100026197,1,7,,2,0,0,0,A01
202100026198,1,7,,13,0,2,14,A01
202100026199,2,7,,0,2,2,1,A01
202100026199,2,30,,0,2,1,9,B01
202100026200,2,7,,0,2,1,5,A01
202100026200,1,7,,0,2,1,1,B01
202100026200,1,7,,0,2,1,1,C01
202100026201,1,7,,13,0,3,1,A01
202100026202,2,1,,0,0,0,26,A01
202100026203,1,31,,0,2,3,16,A01
202100026203,2,7,,0,2,3,15,B01
202100026204,1,7,,15,0,0,0,A01
202100026205,1,7,,0,0,4,1,A01
202100026205,2,7,,0,2,1,2,B01
202100026206,3,33,,0,2,1,1,A01
202100026206,0,7,,0,2,3,15,B01
202100026207,2,7,,0,2,1,1,B01
202100026207,1,7,,0,2,1,13,A01
202100026208,2,1,,0,2,0,2,B01
202100026208,2,7,,0,2,5,2,A01
202100026209,2,7,,13,0,1,1,A01
202100026210,0,2,,0,0,3,0,A01
202100026211,2,2,,7,0,1,1,A01
202100026212,0,7,,2,0,1,1,A01
202100026213,1,7,,2,0,9,17,A01
202100026214,2,7,,17,0,1,1,A01
202100026215,1,7,,6,0,3,1,A01
202100026216,1,7,,13,0,1,1,A01
202100026217,2,7,,0,2,0,2,B01
202100026217,2,7,,3,0,0,13,A01
202100026218,1,31,,0,0,8,1,A01
202100026219,2,7,,0,2,3,1,B01
202100026219,2,7,,0,2,5,26,A01
202100026220,3,7,,0,9,1,1,A01
202100026220,3,50,,0,2,8,1,B01
202100026221,2,7,,1,2,3,1,B01
202100026221,2,7,,0,2,3,13,A01
202100026222,3,7,,0,2,6,1,E01
202100026222,3,7,,0,2,1,1,D01
202100026222,3,7,,13,2,1,1,C01
202100026222,3,33,,13,2,1,13,B01
202100026222,3,33,,0,2,1,13,A01
202100026223,1,33,,15,0,9,17,A01
202100026224,2,7,,6,0,1,1,A01
202100026225,2,7,,0,2,1,2,A01
202100026225,2,30,,0,0,4,2,B01
202100026226,1,10,,0,2,3,1,B01
202100026226,2,10,,0,2,3,5,A01
202100026227,1,33,,0,0,0,1,A01
202100026228,3,33,,0,2,1,1,B01
202100026228,3,10,,0,2,3,1,A01
202100026229,0,1,,0,2,3,13,A01
202100026229,0,10,,0,2,3,21,B01
202100026230,2,7,,0,2,2,5,B01
202100026230,1,3,,3,0,6,1,A01
202100026231,1,7,,2,0,1,14,A01
202100026232,1,7,,0,0,1,10,B01
202100026232,1,33,,0,0,7,1,A01
202100026233,2,7,,0,0,-1,19,B01
202100026233,1,33,,0,0,9,1,A01
202100026234,3,33,,0,0,9,1,A01
202100026235,1,7,,0,2,8,13,B01
202100026235,2,7,,0,2,3,1,A01
202100026236,1,7,,0,2,3,11,A01
202100026236,1,7,,0,2,2,1,B01
202100026237,1,10,,0,1,3,0,A01
202100026237,1,7,,0,1,1,0,B01
202100026238,2,7,,0,0,1,1,A01
202100026239,2,7,,0,2,1,1,B01
202100026239,1,7,,0,2,1,0,A01
202100026240,1,7,,0,2,2,2,B01
202100026240,1,7,,0,1,1,1,A01
202100026241,2,7,,0,2,4,1,A01
202100026241,2,10,,0,2,1,2,C01
202100026241,2,7,,0,2,1,2,B01
202100026242,1,15,,0,2,3,2,A01
202100026242,1,7,,0,2,1,2,B01
202100026243,1,10,,3,0,1,1,A01
202100026244,2,7,,0,2,2,14,B01
202100026244,2,7,,0,2,6,1,A01
202100026245,1,7,,0,2,4,23,A01
202100026245,1,7,,0,2,1,23,B01
202100026245,1,7,,0,2,1,2,C01
202100026246,1,7,,0,0,9,13,A01
202100026247,2,7,,0,2,4,2,D01
202100026247,2,7,,0,2,4,2,C01
202100026247,2,10,,0,2,4,2,E01
202100026247,2,7,,0,2,4,2,B01
202100026247,2,7,,0,2,1,2,A01
202100026248,1,7,,4,0,3,21,A01
202100026249,1,7,,4,2,7,1,A01
202100026250,1,34,,0,2,1,1,B01
202100026250,1,10,,0,2,8,13,A01
202100026251,1,33,,0,2,0,3,B01
202100026251,1,33,,0,2,0,3,A01
202100026252,1,37,1.0,0,2,7,1,B01
202100026252,1,7,,0,1,1,26,A01
202100026253,1,32,,0,1,1,2,Z01
202100026254,1,7,,0,1,5,4,A01
202100026255,1,7,,4,0,2,1,A01
202100026256,3,7,,0,1,1,15,A01
202100026257,3,7,,1,0,2,1,A01
202100026258,1,7,,0,1,2,16,A01
202100026259,1,1,,0,2,4,1,B01
202100026259,1,7,,0,2,1,1,A01
202100026260,2,7,,0,1,3,15,A01
202100026261,3,31,,0,2,4,23,A01
202100026261,3,7,,0,2,1,26,B01
202100026262,1,7,,0,2,2,15,A01
202100026262,2,33,,0,2,1,1,B01
202100026263,1,7,,0,2,1,17,A01
202100026263,1,7,,0,2,1,1,B01
202100026264,1,7,,0,2,5,2,B01
202100026264,1,30,,0,2,1,21,A01
202100026265,1,1,,0,2,6,1,B01
202100026265,1,7,,0,2,2,12,A01
202100026266,2,7,,0,2,5,4,A01
202100026266,2,7,,0,2,1,1,B01
202100026267,0,30,,0,0,0,0,A01
202100026268,1,7,,1,0,4,1,A01
202100026269,3,7,,0,2,2,14,A01
202100026269,3,7,,0,2,3,1,B01
202100026270,3,30,,0,2,8,16,A01
202100026270,2,7,,0,2,3,1,B01
202100026271,3,16,,0,2,2,15,B01
202100026271,-1,7,,8,2,1,1,A01
202100026272,1,1,,0,2,1,2,B01
202100026272,1,15,,8,0,1,16,A01
202100026273,1,7,,0,2,7,1,B01
202100026273,1,7,,0,2,1,1,C01
202100026273,2,7,,0,2,8,15,A01
202100026274,2,10,,0,2,1,26,A01
202100026274,2,7,,0,2,4,23,B01
202100026275,1,7,,0,2,7,16,A01
202100026275,1,80,,0,2,8,1,B01
202100026276,0,33,,0,2,1,17,A01
202100026276,0,7,,0,2,8,0,B01
202100026277,1,7,,0,2,5,26,A01
202100026277,2,33,,0,2,1,15,B01
202100026278,1,33,,0,2,8,21,A01
202100026279,1,7,,0,2,5,1,A01
202100026279,1,1,,0,2,1,1,B01
202100026280,1,7,,0,2,9,2,B01
202100026280,1,7,,0,2,1,2,A01
202100026280,1,7,,0,2,4,2,C01
202100026281,2,7,,0,2,1,2,A01
202100026281,2,7,,0,2,4,2,B01
202100026281,2,7,,0,2,4,1,C01
202100026281,1,7,,0,2,1,1,D01
202100026281,1,7,,0,2,1,1,E01
202100026282,1,32,,0,0,0,1,A01
202100026283,2,7,,0,2,7,0,B01
202100026283,2,30,,0,2,8,18,A01
202100026284,2,80,,0,0,0,16,A01
202100026285,3,30,,0,2,3,1,B01
202100026285,3,7,,0,2,2,19,A01
202100026286,1,33,,0,0,0,1,A01
202100026287,2,7,,0,2,3,15,A01
202100026287,1,33,,0,2,8,1,B01
202100026288,2,7,,0,2,3,9,A01
202100026288,2,7,,0,2,1,1,B01
202100026289,3,7,,0,2,1,26,A01
202100026289,3,33,,0,2,8,1,B01
202100026290,1,7,,0,1,2,1,A01
202100026291,1,30,,12,0,8,1,A01
202100026292,1,7,,0,2,8,15,A01
202100026292,1,7,,0,2,2,1,B01
202100026293,0,40,,0,1,1,1,A01
202100026294,1,50,,0,0,4,0,B01
202100026294,1,7,,0,2,0,26,A01
202100026295,2,30,,0,1,1,1,A01
202100026296,1,7,,0,2,1,26,A01
202100026296,1,1,,0,2,8,26,B01
202100026297,1,50,,0,0,0,26,A01
202100026298,1,10,,0,1,3,26,A01
202100026299,0,41,,0,9,1,1,A01
202100026300,3,7,,1,0,2,26,A01
202100026301,0,32,,0,4,1,6,A01
202100026301,0,40,,0,2,3,1,B01
202100026302,1,31,,0,9,1,17,A01
202100026302,2,7,,0,2,3,16,B01
202100026303,1,10,,0,2,1,2,A01
202100026303,1,7,,0,2,4,23,B01
202100026303,1,7,,0,2,4,23,C01
202100026304,2,7,,0,0,9,1,A01
202100026305,3,7,,0,2,4,1,B01
202100026305,3,7,,0,2,1,1,A01
202100026306,3,7,,0,2,6,15,A01
202100026306,3,7,,0,2,2,16,B01
202100026307,3,33,,0,2,8,1,B01
202100026307,3,7,,0,2,2,15,A01
202100026308,1,1,,0,2,3,1,B01
202100026308,1,7,,0,2,2,16,A01
202100026309,2,7,,0,2,1,1,B01
202100026309,1,7,,0,2,1,13,A01
202100026310,1,14,,0,2,8,15,A01
202100026310,1,1,,0,2,1,1,B01
202100026311,1,7,,0,2,3,9,B01
202100026311,2,33,,0,2,1,3,A01
202100026312,1,7,,1,0,2,26,A01
202100026312,1,10,,0,2,6,24,B01
202100026313,1,7,,1,2,7,1,B01
202100026313,1,7,,1,2,2,1,A01
202100026314,2,7,,0,9,3,9,A01
202100026314,2,1,,0,2,1,26,B01
202100026315,2,7,,15,2,1,1,A01
202100026315,1,7,,0,2,3,1,B01
202100026316,3,7,,0,1,3,15,A01
202100026317,1,2,,0,2,1,1,B01
202100026317,2,7,,0,2,2,20,A01
202100026318,3,7,,1,0,1,16,A01
202100026319,2,31,,0,2,1,1,B01
202100026319,1,7,,0,2,8,10,A01
202100026320,2,10,,0,1,3,9,A01
202100026321,2,7,,13,0,1,14,A01
202100026322,0,7,,0,2,3,9,A01
202100026322,0,1,,0,2,2,1,B01
202100026323,1,7,,0,2,8,19,B01
202100026323,1,7,,0,2,1,7,A01
202100026324,3,13,,0,2,2,17,A01
202100026324,0,7,,0,2,3,16,B01
202100026325,3,10,,0,1,1,15,A01
202100026326,3,30,,0,2,1,17,A01
202100026326,3,7,,0,2,8,10,B01
202100026327,3,10,,0,1,1,1,A01
202100026328,2,80,,0,0,1,1,A01
202100026329,1,50,,0,0,1,1,A01
202100026330,2,50,,0,2,1,1,B01
202100026330,2,7,,0,2,3,22,A01
202100026331,2,10,,0,2,8,22,A01
202100026331,2,1,,0,2,1,1,B01
202100026332,2,32,,0,1,8,17,A01
202100026333,1,7,,0,2,8,10,A01
202100026333,1,32,,0,2,1,15,B01
202100026334,2,10,,0,2,0,22,Z01
202100026334,2,1,,0,2,0,1,A01
202100026335,2,33,,8,0,1,13,A01
202100026336,2,33,,0,2,1,1,B01
202100026336,2,7,,0,2,3,4,A01
202100026337,3,7,,0,1,8,15,A01
202100026338,1,2,,0,2,6,1,B01
202100026338,2,7,,0,2,2,1,A01
202100026339,1,37,1.0,0,2,2,1,B01
202100026339,1,7,,0,2,3,15,A01
202100026340,1,33,,0,2,4,0,B01
202100026340,1,10,,0,2,1,1,A01
202100026341,1,7,,0,2,7,1,A01
202100026341,3,7,,0,2,3,0,B01
202100026342,2,7,,0,2,3,15,A01
202100026342,1,33,,0,2,1,1,B01
202100026343,1,7,,0,1,1,26,A01
202100026344,1,7,,0,2,2,21,A01
202100026345,1,7,,0,2,1,9,A01
202100026345,1,7,,0,2,7,1,B01
202100026346,1,10,,0,1,4,4,A01
202100026347,1,7,,0,2,4,26,B01
202100026347,2,30,,0,2,1,26,A01
202100026348,3,15,,0,0,0,0,B01
202100026348,3,33,,0,2,0,0,A01
202100026349,1,33,,0,1,2,0,A01
202100026350,1,7,,0,2,4,23,B01
202100026350,1,10,,0,2,1,1,A01
202100026351,3,10,,0,2,1,1,A01
202100026351,3,33,,0,2,8,1,B01
202100026352,1,7,,0,2,3,1,A01
202100026352,1,2,,0,2,2,19,B01
202100026353,1,7,,0,1,1,1,A01
202100026354,1,7,,0,2,8,24,B01
202100026354,1,50,,1,0,1,26,A01
202100026355,2,1,,1,0,0,0,B01
202100026355,2,7,,0,2,3,24,A01
202100026356,2,7,,0,2,3,1,B01
202100026356,1,7,,0,2,2,19,A01
202100026357,2,2,,13,0,1,14,A01
202100026358,2,7,,0,2,3,1,B01
202100026358,1,3,,0,2,3,1,A01
202100026359,2,17,,0,0,0,17,A01
202100026359,2,1,,0,0,2,21,B01
202100026360,1,2,,0,2,1,1,B01
202100026360,2,7,,0,2,2,15,A01
202100026361,1,33,,0,0,4,16,B01
202100026361,1,7,,0,2,2,2,A01
202100026362,2,10,,0,0,1,1,B01
202100026362,1,7,,0,0,1,5,A01
202100026363,2,7,,16,0,9,1,A01
202100026364,2,7,,0,2,1,15,A01
202100026364,1,7,,0,2,1,1,B01
202100026365,1,10,,0,2,3,1,B01
202100026365,2,31,,0,2,1,5,A01
202100026366,2,7,,0,1,5,4,A01
202100026367,3,7,,0,2,6,17,A01
202100026367,3,33,,0,2,1,17,B01
202100026368,3,7,,6,0,1,15,A01
202100026369,1,7,,2,9,7,14,A01
202100026369,1,7,,2,9,2,14,B01
202100026370,3,7,,0,2,3,15,A01
202100026370,1,33,,0,2,1,1,B01
202100026371,3,2,,0,0,2,16,A01
202100026372,1,10,,9,1,1,15,A01
202100026373,1,7,,0,2,1,1,A01
202100026373,2,7,,0,2,1,1,B01
202100026374,1,7,,0,2,2,1,A01
202100026374,1,1,,0,2,5,1,B01
202100026375,2,30,,0,2,1,1,A01
202100026375,1,7,,0,0,4,1,B01
202100026376,1,7,,0,2,2,21,C01
202100026376,1,7,,0,2,6,21,B01
202100026376,2,7,,0,0,0,14,A01
202100026377,1,7,,0,2,6,19,A01
202100026377,1,7,,0,2,2,1,B01
202100026378,1,33,,0,0,8,0,A01
202100026379,1,7,,2,0,1,1,A01
202100026380,1,31,,0,2,1,13,A01
202100026380,2,7,,0,2,3,1,B01
202100026381,1,7,,13,0,2,1,A01
202100026382,1,7,,0,2,1,1,B01
202100026382,1,1,,0,2,8,9,A01
202100026383,1,1,,0,2,4,1,B01
202100026383,2,7,,0,2,2,1,A01
202100026384,2,7,,0,2,3,1,B01
202100026384,1,7,,0,2,3,13,A01
202100026385,2,10,,1,0,2,14,A01
202100026385,2,7,,4,2,6,23,B01
202100026385,2,7,,0,0,6,1,C01
202100026386,1,7,,0,2,3,15,A01
202100026386,2,33,,0,2,8,0,B01
202100026387,1,7,,2,0,2,0,A01
202100026388,2,7,,2,0,1,1,A01
202100026389,3,14,,0,2,6,1,B01
202100026389,3,33,,0,2,9,0,A01
202100026390,2,10,,0,2,1,1,A01
202100026390,2,7,,0,2,4,1,D01
202100026390,2,7,,0,2,4,1,C01
202100026390,2,7,,0,2,4,1,B01
202100026391,1,33,,0,2,1,1,B01
202100026391,2,7,,0,2,1,15,A01
202100026392,1,7,,2,0,3,0,A01
202100026393,1,33,,0,0,2,0,A01
202100026394,1,33,,0,2,6,1,B01
202100026394,2,7,,0,2,2,15,A01
202100026395,2,7,,0,9,7,2,B01
202100026395,2,1,,0,0,8,1,A01
202100026396,2,21,,0,2,6,15,B01
202100026396,2,33,,0,2,1,17,A01
202100026397,1,80,,0,0,7,1,A01
202100026398,1,7,,0,2,1,13,A01
202100026398,2,7,,0,2,1,1,B01
202100026399,1,7,,0,2,1,1,A01
202100026399,1,7,,0,0,4,9,B01
202100026400,2,7,,0,2,3,15,B01
202100026400,2,7,,0,2,1,17,A01
202100026401,2,7,,0,2,1,13,A01
202100026401,1,7,,0,2,1,1,B01
202100026402,0,7,,0,1,1,1,A01
202100026403,1,7,,0,2,4,1,A01
202100026403,1,7,,0,2,1,2,B01
202100026404,1,7,,0,2,1,2,A01
202100026404,1,31,,0,2,0,2,B01
202100026405,2,7,,0,2,4,1,A01
202100026405,2,7,,0,2,1,2,B01
202100026406,2,10,,0,0,9,16,A01
202100026407,2,10,,0,2,6,23,B01
202100026407,2,7,,1,1,2,2,A01
202100026408,1,7,,3,0,2,2,A01
202100026409,1,13,,0,2,3,1,B01
202100026409,1,7,,0,2,3,18,A01
202100026410,2,10,,4,0,2,1,A01
202100026411,1,7,,0,2,7,0,A01
202100026411,1,33,,0,2,0,0,B01
202100026412,2,31,,0,2,7,3,A01
202100026412,2,7,,0,2,8,1,B01
202100026413,3,30,,0,1,7,21,A01
202100026414,3,40,,0,2,0,0,A01
202100026414,0,1,,0,4,1,26,B01
202100026415,0,7,,0,1,1,15,A01
202100026416,1,7,,0,1,1,1,A01
202100026417,3,43,,0,9,3,21,A01
202100026418,1,7,,0,2,4,1,A01
202100026418,1,7,,0,0,4,1,B01
202100026419,1,10,,4,0,0,11,A01
202100026420,1,7,,0,2,3,1,B01
202100026420,1,7,,0,2,2,15,A01
202100026421,2,7,,0,9,6,16,A01
202100026421,3,50,,0,2,2,1,B01
202100026422,2,10,,0,2,2,1,B01
202100026422,2,50,,0,2,2,11,A01
202100026423,3,2,,0,0,0,26,A01
202100026424,1,7,,0,2,4,2,C01
202100026424,1,7,,3,2,4,2,B01
202100026424,1,7,,0,2,1,9,A01
202100026425,1,7,,0,4,4,2,A01
202100026425,1,7,,14,2,1,1,B01
202100026426,2,33,,3,0,1,14,A01
202100026427,1,7,,0,2,1,1,B01
202100026427,3,50,,0,2,8,19,A01
202100026428,1,7,,0,0,8,1,B01
202100026428,2,7,,0,2,2,1,A01
202100026429,1,7,,1,0,1,14,A01
202100026430,1,7,,0,2,3,15,B01
202100026430,1,2,,0,2,2,21,A01
202100026431,1,1,,1,0,1,1,B01
202100026431,1,7,,0,9,7,24,A01
202100026432,3,30,,0,0,7,1,A01
202100026433,2,1,,0,2,1,26,B01
202100026433,2,7,,0,2,6,9,A01
202100026434,1,7,,0,0,0,0,A01
202100026434,2,7,,0,2,1,2,B01
202100026435,1,2,,1,2,1,1,B01
202100026435,2,10,,0,2,2,10,A01
202100026436,2,33,,0,2,1,12,A01
202100026437,0,50,,0,2,1,1,B01
202100026437,0,1,,0,2,1,1,A01
202100026438,1,7,,0,2,0,1,B01
202100026438,1,30,,0,2,2,11,A01
202100026439,2,7,,2,0,1,14,A01
202100026440,1,10,,0,1,1,1,A01
202100026441,2,7,,0,2,1,9,A01
202100026441,2,1,,0,2,7,1,B01
202100026442,1,7,,0,2,3,20,A01
202100026442,1,1,,0,2,1,1,B01
202100026443,2,30,,0,2,1,1,B01
202100026443,1,7,,0,2,2,1,A01
202100026444,1,1,,0,2,1,1,B01
202100026444,2,7,,0,2,5,23,A01
202100026445,2,60,,0,2,7,19,B01
202100026445,1,7,,0,2,1,1,A01
202100026446,1,3,,0,2,1,15,A01
202100026446,2,32,,0,2,3,1,B01
202100026447,2,2,,0,1,1,26,A01
202100026448,2,30,,0,2,5,9,A01
202100026448,2,7,,0,2,0,0,B01
202100026449,2,7,,0,2,3,9,A01
202100026449,2,32,,0,2,1,1,B01
202100026450,3,2,,0,0,0,26,A01
202100026451,3,31,,0,0,0,26,A01
202100026452,3,7,,0,2,1,1,A01
202100026452,3,7,,0,2,6,24,B01
202100026453,3,7,,0,9,1,0,B01
202100026453,3,30,,0,2,3,19,A01
202100026454,3,2,,0,1,1,26,Z01
202100026455,1,1,,16,0,0,1,A01
202100026456,1,1,,0,2,1,1,B01
202100026456,1,7,,0,9,6,24,A01
202100026457,3,33,,0,2,1,2,A01
202100026457,3,7,,0,2,4,2,B01
202100026458,1,7,,0,1,1,26,A01
202100026459,1,7,,0,2,1,2,C01
202100026459,1,7,,0,2,4,2,B01
202100026459,1,7,,0,2,6,26,A01
202100026460,2,7,,17,0,9,13,A01
202100026461,3,7,,0,2,3,5,A01
202100026461,3,7,,0,2,3,1,B01
202100026462,1,7,,1,0,1,16,A01
202100026463,1,7,,0,2,0,0,C01
202100026463,1,7,,0,2,0,0,B01
202100026463,1,7,,0,2,0,0,A01
202100026464,2,7,,0,0,1,13,A01
202100026465,2,7,,0,2,1,1,B01
202100026465,1,7,,0,2,1,13,A01
202100026466,3,50,,0,2,3,1,B01
202100026466,1,7,,0,9,8,15,A01
202100026467,3,33,,0,2,7,17,A01
202100026467,3,7,,0,2,8,1,B01
202100026468,0,7,,0,0,0,0,B01
202100026468,2,30,,0,2,0,0,A01
202100026469,1,10,,0,1,2,1,A01
202100026470,2,7,,0,2,3,1,B01
202100026470,2,30,,0,2,1,19,A01
202100026471,0,1,,0,2,2,1,B01
202100026471,0,10,,0,2,3,9,A01
202100026472,2,7,,0,2,7,16,B01
202100026472,2,30,,0,2,8,1,A01
202100026473,2,7,,0,2,7,1,A01
202100026473,2,7,,0,2,3,1,B01
202100026474,2,7,,2,0,1,13,A01
202100026475,2,7,,0,2,5,1,B01
202100026475,2,30,,0,2,1,14,A01
202100026476,1,7,,0,9,2,15,A01
202100026476,1,33,,0,2,8,16,B01
202100026477,3,7,,0,0,3,16,B01
202100026477,3,1,,0,2,2,1,A01
202100026478,1,1,,0,2,1,26,B01
202100026478,1,7,,0,2,3,9,A01
202100026479,3,7,,0,2,7,15,A01
202100026479,3,31,,0,2,1,1,B01
202100026480,1,7,,0,1,7,1,A01
202100026481,1,7,,0,2,3,15,A01
202100026481,1,7,,0,2,2,1,B01
202100026482,1,33,,0,1,1,17,Z01
202100026483,3,7,,3,0,1,0,A01
202100026484,2,7,,0,0,2,15,B01
202100026484,2,33,,0,2,7,1,A01
202100026485,3,7,,0,2,1,9,Z01
202100026485,1,7,,0,2,7,1,B01
202100026486,3,1,,12,0,0,26,A01
202100026487,3,7,,0,2,2,1,A01
202100026487,3,2,,0,2,4,1,B01
202100026488,2,2,,0,2,2,1,B01
202100026488,3,7,,0,2,3,19,A01
202100026489,1,7,,0,1,1,21,B01
202100026490,1,10,,0,2,4,2,B01
202100026490,1,33,,0,2,1,2,A01
202100026491,1,14,,0,1,3,1,A01
202100026492,1,30,,0,1,1,1,Z01
202100026493,2,32,,0,2,1,1,B01
202100026493,1,50,,0,2,1,12,A01
202100026494,2,14,,0,2,2,17,A01
202100026494,2,7,,0,2,6,22,B01
202100026495,1,7,,0,2,1,2,A01
202100026495,1,30,,0,2,4,2,B01
202100026496,1,10,,0,1,2,16,A01
202100026497,2,30,,0,2,7,5,A01
202100026497,2,7,,0,2,2,15,B01
202100026498,2,50,,0,1,2,25,A01
202100026499,1,32,,0,2,1,2,A01
202100026499,1,7,,0,2,6,23,B01
202100026500,2,50,,0,2,5,1,Z01
202100026500,2,43,,0,2,2,1,A01
202100026501,2,7,,0,2,6,1,B01
202100026501,2,32,,0,2,5,18,A01
202100026502,2,10,,0,2,2,1,A01
202100026502,2,1,,0,2,3,13,B01
202100026503,2,7,,0,2,8,22,A01
202100026503,2,1,,0,2,1,1,B01
202100026504,2,43,,0,2,8,18,A01
202100026504,2,7,,0,2,2,16,B01
202100026505,1,2,,0,2,3,1,A01
202100026505,2,2,,0,2,8,15,B01
202100026506,1,32,,0,2,1,1,A01
202100026506,2,7,,0,2,6,15,B01
202100026507,2,7,,0,1,3,1,A01
202100026508,2,32,,0,0,0,16,A01
202100026509,1,34,,4,0,3,17,A01
202100026510,3,50,,12,2,2,1,B01
202100026510,3,30,,0,9,1,0,Z01
202100026511,1,7,,16,2,3,9,A01
202100026511,1,13,,16,0,0,0,Z01
202100026512,1,7,,0,2,4,2,B01
202100026512,1,7,,0,2,1,2,Z01
202100026513,0,7,,0,2,2,15,A01
202100026513,0,33,,0,2,1,1,B01
202100026514,0,14,,0,2,4,16,A01
202100026514,0,7,,0,2,8,16,B01
202100026515,1,7,,0,1,2,1,A01
202100026516,1,10,,0,2,7,15,A01
202100026516,2,2,,0,2,1,1,B01
202100026517,1,32,,0,2,0,0,B01
202100026517,1,7,,0,2,7,15,A01
202100026518,2,33,,0,2,1,1,B01
202100026518,1,7,,0,2,0,15,A01
202100026519,1,1,,0,2,1,17,B01
202100026519,1,7,,0,2,3,22,A01
202100026520,1,7,,0,2,0,0,C01
202100026520,2,7,,0,2,0,5,B01
202100026520,1,7,,0,2,0,2,A01
202100026521,1,13,,0,2,0,0,B01
202100026521,1,7,,0,0,0,1,A01
202100026522,1,7,,0,9,1,1,A01
202100026522,2,1,,0,2,2,15,B01
202100026523,1,7,,14,0,0,1,C01
202100026523,1,17,,0,0,5,1,B01
202100026523,1,7,,4,2,1,14,A01
202100026524,0,7,,0,1,1,16,A01
202100026525,1,7,,13,0,2,1,A01
202100026526,1,7,,0,2,1,2,A01
202100026526,1,7,,4,0,4,1,B01
202100026527,1,7,,0,2,1,15,A01
202100026527,2,33,,0,2,1,17,B01
202100026528,1,7,,0,0,4,23,A01
202100026528,1,7,,0,2,4,23,B01
202100026528,1,17,,0,2,4,2,C01
202100026528,1,17,,0,2,1,2,D01
202100026529,2,7,,0,2,7,1,A01