Num_Acc,senc,catv,occutc,obs,obsm,choc,manv,num_veh
202100026529,2,7,,0,2,1,1,B01
202100026530,2,7,,0,0,1,26,B01
202100026530,1,3,,0,0,1,26,A01
202100026531,0,7,,0,2,8,15,A01
202100026531,1,33,,0,2,1,1,B01
202100026532,1,14,,0,0,6,1,B01
202100026532,1,7,,0,2,2,17,A01
202100026533,1,1,,0,2,4,2,C01
202100026533,1,7,,0,9,1,2,A01
202100026533,1,1,,0,2,4,2,B01
202100026534,2,7,,0,2,3,2,A01
202100026534,2,33,,0,2,1,2,B01
202100026535,2,1,,0,2,6,16,B01
202100026535,1,7,,0,2,2,9,A01
202100026536,3,7,,2,0,1,0,A01
202100026537,2,33,,0,6,6,1,A01
202100026538,3,7,,0,0,8,1,A01
202100026538,1,7,,0,2,1,1,B01
202100026539,1,7,,7,0,1,1,A01
202100026540,1,33,,16,2,8,26,A01
202100026540,1,21,,0,2,7,15,B01
202100026541,0,7,,0,2,1,1,A01
202100026541,0,50,,0,2,4,26,B01
202100026542,1,10,,7,2,3,13,A01
202100026542,2,10,,0,2,3,13,B01
202100026543,2,7,,13,0,1,13,A01
202100026544,2,33,,0,5,1,1,A01
202100026545,1,7,,16,0,0,2,A01
202100026546,2,7,,2,0,1,16,A01
202100026547,1,2,,0,2,1,1,B01
202100026547,2,7,,0,2,2,15,A01
202100026547,3,7,,0,9,1,23,C01
202100026548,1,10,,0,1,1,1,A01
202100026549,1,1,,13,0,1,0,A01
202100026550,1,1,,0,2,3,1,A01
202100026550,1,14,,0,2,5,17,B01
202100026551,2,10,,0,1,2,1,A01
202100026552,1,7,,0,2,1,1,A01
202100026552,1,14,,0,2,7,1,B01
202100026553,1,7,,16,0,9,14,A01
202100026554,1,7,,0,2,3,1,B01
202100026554,1,21,,0,2,1,16,C01
202100026554,2,7,,0,2,3,13,A01
202100026555,1,33,,0,2,1,1,B01
202100026555,2,7,,0,2,3,9,A01
202100026556,3,7,,0,2,3,19,B01
202100026556,2,7,,0,2,2,1,A01
202100026557,3,33,,0,0,0,1,B01
202100026557,0,7,,0,0,0,9,A01
202100026558,1,7,,0,2,3,1,A01
202100026558,2,2,,0,2,1,1,B01
202100026559,1,7,,0,0,0,21,A01
202100026560,2,33,,0,2,1,1,B01
202100026560,2,7,,0,0,6,10,A01
202100026561,0,7,,2,0,3,2,A01
202100026562,2,7,,2,0,1,1,A01
202100026563,2,7,,16,0,1,26,A01
202100026564,2,7,,0,2,4,1,B01
202100026564,2,7,,0,2,1,17,A01
202100026565,2,7,,0,2,1,13,A01
202100026565,1,7,,0,2,3,1,B01
202100026566,1,7,,0,2,2,1,B01
202100026566,2,17,,0,2,3,1,C01
202100026566,2,7,,2,2,1,17,A01
202100026567,3,33,,14,0,8,1,A01
202100026568,2,7,,2,0,1,1,A01
202100026569,1,0,,0,1,1,1,A01
202100026570,1,7,,0,2,2,19,A01
202100026570,2,7,,0,2,1,1,B01
202100026571,1,31,,0,1,1,1,A01
202100026572,3,33,,0,0,7,1,A01
202100026573,2,31,,0,2,1,1,A01
202100026573,2,7,,7,2,2,1,B01
202100026574,3,7,,0,2,2,1,B01
202100026574,3,33,,0,2,1,0,A01
202100026575,1,7,,13,0,1,14,A01
202100026576,2,7,,15,0,2,0,A01
202100026577,1,2,,13,0,1,1,A01
202100026578,2,2,,0,2,1,1,B01
202100026578,1,7,,0,2,3,15,A01
202100026579,0,1,,0,2,3,1,B01
202100026579,0,31,,0,9,3,17,A01
202100026580,1,33,,16,0,1,1,A01
202100026581,2,7,,2,0,1,1,A01
202100026582,3,7,,0,2,1,16,A01
202100026582,1,31,,0,2,7,1,B01
202100026583,3,31,,0,0,0,1,A01
202100026583,3,7,,0,0,0,1,B01
202100026583,3,7,,0,0,0,11,C01
202100026584,2,7,,0,2,6,1,B01
202100026584,1,2,,0,2,1,15,A01
202100026585,1,34,,0,2,1,1,A01
202100026585,0,7,,0,2,1,0,B01
202100026586,3,7,,0,2,3,15,A01
202100026586,3,33,,0,2,1,1,B01
202100026587,2,7,,7,0,2,1,A01
202100026588,3,1,,0,2,1,5,A01
202100026588,3,1,,0,2,1,16,B01
202100026589,0,7,,0,0,8,15,B01
202100026589,0,7,,0,2,1,1,A01
202100026590,2,21,,0,2,6,19,B01
202100026590,1,7,,0,2,1,0,A01
202100026591,3,33,,0,0,0,26,A01
202100026592,1,7,,0,2,4,1,A01
202100026592,1,10,,0,2,2,2,B01
202100026593,2,7,,0,2,1,12,A01
202100026593,2,7,,0,2,4,2,B01
202100026593,2,33,,0,2,4,1,C01
202100026594,1,7,,0,2,4,2,B01
202100026594,1,7,,0,2,1,2,A01
202100026595,1,7,,2,0,1,0,A01
202100026596,1,7,,0,2,1,0,A01
202100026596,1,7,,0,2,6,0,B01
202100026597,2,10,,0,0,0,26,A01
202100026598,2,33,,0,2,7,0,B01
202100026598,2,7,,0,2,6,2,A01
202100026599,0,34,,0,0,0,0,B01
202100026599,0,7,,0,0,0,26,A01
202100026600,2,34,,0,2,8,9,B01
202100026600,1,7,,0,2,2,14,A01
202100026601,2,7,,3,0,1,16,A01
202100026602,1,7,,0,2,4,12,B01
202100026602,1,33,,0,2,1,3,A01
202100026603,1,7,,4,0,3,1,A01
202100026604,2,7,,0,1,3,1,A01
202100026605,1,33,,0,2,1,3,A01
202100026605,1,7,,0,2,6,1,B01
202100026606,2,7,,0,2,4,2,B01
202100026606,2,10,,0,2,1,1,A01
202100026607,3,7,,0,1,2,1,A01
202100026608,2,7,,0,0,8,1,B01
202100026608,1,33,,0,0,8,1,A01
202100026609,2,33,,0,2,2,17,A01
202100026609,2,33,,0,2,2,17,B01
202100026610,1,7,,0,2,2,1,A01
202100026610,1,7,,8,2,1,1,B01
202100026611,1,7,,4,0,6,17,A01
202100026612,1,7,,0,2,6,21,A01
202100026612,1,7,,0,2,6,1,B01
202100026613,1,33,,8,0,1,0,A01
202100026614,1,1,,0,2,1,2,B01
202100026614,2,1,,0,2,1,2,A01
202100026615,2,7,,0,2,2,1,B01
202100026615,2,7,,0,2,2,7,A01
202100026615,2,10,,0,2,4,23,C01
202100026616,3,7,,0,2,3,13,A01
202100026616,3,7,,12,2,1,1,B01
202100026617,3,7,,0,1,5,20,A01
202100026618,1,7,,0,2,1,2,A01
202100026618,1,7,,0,2,4,2,B01
202100026619,1,10,,0,2,3,9,A01
202100026619,1,33,,0,2,7,3,B01
202100026620,1,7,,4,0,1,17,A01
202100026621,0,7,,0,2,3,1,B01
202100026621,0,30,,0,2,1,1,A01
202100026622,2,7,,0,2,5,16,Z01
202100026622,1,2,,0,2,3,1,B01
202100026623,3,7,,0,1,1,14,A01
202100026624,1,7,,0,1,2,1,A01
202100026625,2,33,,0,2,3,15,A01
202100026625,2,7,,0,2,5,12,B01
202100026626,0,37,2.0,14,0,8,1,A01
202100026627,2,7,,0,1,2,17,A01
202100026628,0,1,,0,2,2,1,B01
202100026628,0,7,,0,2,1,11,A01
202100026629,2,7,,0,2,6,11,B01
202100026629,2,7,,0,2,2,1,A01
202100026630,1,7,,0,1,1,1,A01
202100026631,1,2,,0,9,1,1,A01
202100026631,3,1,,0,2,0,19,B01
202100026632,2,7,,0,2,1,2,C01
202100026632,2,7,,0,2,4,2,B01
202100026632,2,7,,0,2,4,23,A01
202100026633,1,30,,0,0,0,26,A01
202100026634,1,7,,0,2,7,1,B01
202100026634,0,10,,0,2,1,9,A01
202100026635,3,7,,0,2,4,0,C01
202100026635,3,7,,0,2,1,1,B01
202100026635,3,7,,0,2,3,0,A01
202100026636,1,7,,0,2,3,11,A01
202100026636,2,10,,0,2,7,1,B01
202100026637,1,7,,0,2,1,1,A01
202100026637,1,7,,0,2,4,1,B01
202100026638,1,7,,0,2,7,1,B01
202100026638,1,7,,0,2,1,1,Z01
202100026639,1,7,,0,2,4,0,C01
202100026639,1,7,,0,2,4,0,B01
202100026639,1,7,,0,2,1,0,A01
202100026640,1,10,,0,2,1,19,A01
202100026640,1,7,,0,2,7,19,B01
202100026641,3,7,,12,0,1,19,A01
202100026642,2,33,,0,2,1,1,B01
202100026642,2,7,,0,2,7,9,A01
202100026643,1,7,,1,0,1,17,A01
202100026644,1,7,,0,2,1,9,A01
202100026644,1,3,,0,2,5,1,B01
202100026645,1,33,,16,0,7,1,A01
202100026646,2,7,,16,0,2,1,A01
202100026647,2,7,,0,2,2,17,A01
202100026647,2,7,,0,2,0,0,B01
202100026648,1,7,,0,2,3,26,B01
202100026648,1,1,,0,2,2,26,A01
202100026649,3,1,,0,2,4,19,A01
202100026649,2,7,,0,2,2,9,B01
202100026650,1,7,,0,2,2,26,C01
202100026650,1,7,,0,2,2,26,B01
202100026650,1,7,,0,2,3,9,A01
202100026651,1,7,,0,2,4,2,B01
202100026651,1,7,,0,2,1,26,A01
202100026652,1,50,,0,0,0,26,A01
202100026653,3,7,,0,2,0,5,A01
202100026653,3,7,,0,2,2,23,B01
202100026654,3,7,,0,2,5,23,B01
202100026654,3,7,,8,2,1,1,A01
202100026655,3,7,,0,2,4,23,B01
202100026655,1,7,,0,2,1,2,A01
202100026656,0,1,,0,2,1,1,B01
202100026656,0,7,,0,2,1,1,A01
202100026657,3,7,,0,1,3,1,A01
202100026658,3,7,,6,0,1,1,A01
202100026659,2,7,,2,0,0,1,A01
202100026660,1,7,,12,0,1,26,A01
202100026661,2,7,,0,2,3,19,B01
202100026661,1,31,,0,2,1,1,A01
202100026662,3,7,,0,2,6,15,B01
202100026662,3,7,,0,2,3,1,A01
202100026663,0,7,,0,2,8,2,B01
202100026663,0,7,,0,2,1,15,A01
202100026664,1,33,,0,2,1,2,B01
202100026664,1,2,,0,2,4,1,A01
202100026665,1,7,,9,0,1,1,A01
202100026666,2,30,,0,1,1,0,A01
202100026667,3,7,,0,2,4,2,B01
202100026667,3,7,,0,2,1,2,A01
202100026668,1,7,,0,2,4,1,A01
202100026668,1,10,,0,2,1,1,B01
202100026669,1,7,,0,2,4,23,B01
202100026669,1,7,,0,2,1,1,A01
202100026670,3,7,,1,2,1,26,A01
202100026670,3,33,,1,2,8,2,B01
202100026671,2,31,,0,2,1,1,A01
202100026671,2,7,,0,2,4,1,B01
202100026672,1,80,,0,2,4,1,B01
202100026672,1,7,,0,2,1,19,A01
202100026673,3,37,1.0,0,1,2,20,A01
202100026674,3,7,,0,1,2,1,A01
202100026675,2,14,,0,2,1,2,A01
202100026675,2,10,,0,2,4,2,B01
202100026675,2,7,,0,2,4,2,C01
202100026675,2,10,,0,2,4,2,D01
202100026676,1,7,,0,2,8,1,B01
202100026676,1,7,,0,2,7,12,A01
202100026677,2,33,,0,1,1,1,A01
202100026678,2,7,,0,2,3,9,B01
202100026678,2,2,,0,2,2,1,A01
202100026679,2,50,,0,0,0,16,A01
202100026680,2,10,,0,2,3,13,A01
202100026680,1,32,,0,2,1,16,B01
202100026681,1,7,,0,1,1,15,A01
202100026682,1,31,,0,2,2,9,A01
202100026682,2,7,,0,2,3,1,B01
202100026683,2,50,,0,1,1,1,A01
202100026684,2,10,,0,2,7,15,A01
202100026684,1,1,,0,2,1,1,B01
202100026685,1,10,,0,2,3,22,A01
202100026685,1,1,,0,2,1,1,B01
202100026686,2,1,,0,1,1,1,A01
202100026687,1,7,,0,1,3,15,A01
202100026688,1,32,,4,0,2,16,A01
202100026689,2,31,,0,2,8,21,A01
202100026690,3,7,,0,2,2,9,A01
202100026690,3,1,,0,2,1,1,B01
202100026691,3,32,,0,0,3,13,A01
202100026692,2,17,,6,0,1,2,A01
202100026693,2,10,,0,2,1,26,A01
202100026693,2,50,,0,2,8,25,B01
202100026694,1,1,,0,2,2,1,B01
202100026694,1,32,,0,2,2,1,A01
202100026695,1,33,,12,0,0,2,A01
202100026696,2,7,,0,2,1,1,B01
202100026696,1,33,,0,2,1,1,A01
202100026697,0,7,,0,2,1,10,A01
202100026697,0,7,,0,2,3,2,B01
202100026698,2,7,,0,2,2,16,A01
202100026698,2,43,,0,2,3,1,B01
202100026699,1,1,,1,0,8,1,B01
202100026699,1,15,,0,2,0,22,A01
202100026700,1,7,,0,2,1,15,A01
202100026700,2,32,,0,2,8,1,B01
202100026701,2,7,,0,2,3,1,B01
202100026701,1,7,,0,2,1,5,A01
202100026702,1,7,,0,0,3,20,A01
202100026702,1,36,,0,2,7,17,B01
202100026703,1,33,,13,0,1,1,A01
202100026704,2,33,,13,0,1,1,A01
202100026705,1,10,,15,0,3,1,A01
202100026706,2,10,,0,0,0,1,A01
202100026706,1,33,,0,9,1,1,B01
202100026707,1,7,,13,0,1,1,A01
202100026708,2,7,,7,0,2,0,A01
202100026709,2,33,,0,6,0,2,A01
202100026710,1,2,,0,2,1,1,B01
202100026710,2,7,,0,2,3,15,A01
202100026711,1,33,,0,2,8,1,B01
202100026711,1,33,,0,2,7,2,A01
202100026712,3,7,,0,2,3,16,B01
202100026712,1,7,,0,2,2,1,A01
202100026713,1,33,,13,0,1,21,A01
202100026714,1,7,,13,9,2,0,A01
202100026715,2,33,,13,0,8,1,A01
202100026716,1,7,,0,1,8,17,A01
202100026717,1,33,,13,0,0,2,A01
202100026718,1,7,,0,2,3,15,A01
202100026718,2,33,,0,2,1,1,B01
202100026719,3,2,,0,2,8,19,A01
202100026719,1,7,,0,2,1,1,B01
202100026720,1,7,,17,0,1,13,A01
202100026721,1,7,,0,2,1,13,A01
202100026721,2,10,,0,2,1,1,B01
202100026722,1,7,,0,0,1,2,A01
202100026722,1,33,,0,0,4,2,B01
202100026723,2,7,,0,2,2,21,A01
202100026723,2,1,,0,2,8,19,B01
202100026724,2,80,,0,0,0,1,A01
202100026725,1,7,,0,2,2,19,A01
202100026725,1,43,,0,2,1,1,B01
202100026726,2,7,,0,2,1,1,B01
202100026726,1,7,,0,2,1,13,A01
202100026727,1,7,,3,0,3,13,A01
202100026728,2,7,,6,0,2,21,A01
202100026729,1,33,,13,0,0,1,A01
202100026730,3,7,,2,0,1,13,A01
202100026731,1,7,,0,0,8,15,B01
202100026731,1,33,,0,2,1,17,A01
202100026732,2,7,,7,0,1,1,A01
202100026733,1,7,,0,2,8,19,A01
202100026733,2,33,,0,2,1,1,B01
202100026734,1,7,,0,2,7,17,B01
202100026734,2,33,,0,2,9,1,A01
202100026735,1,7,,0,2,2,17,A01
202100026735,1,32,,0,2,3,15,B01
202100026736,2,33,,16,0,7,1,A01
202100026737,1,7,,0,2,1,17,A01
202100026737,1,21,,0,2,6,1,B01
202100026738,2,7,,3,2,3,2,A01
202100026738,2,7,,3,0,6,2,B01
202100026739,1,7,,4,0,3,1,A01
202100026740,1,33,,0,2,1,1,B01
202100026740,1,7,,14,2,3,9,A01
202100026741,1,7,,4,0,6,1,A01
202100026741,1,14,,0,2,2,12,B01
202100026742,2,2,,13,0,1,1,A01
202100026743,1,17,,0,2,2,1,B01
202100026743,2,10,,0,2,2,5,A01
202100026744,1,14,,1,0,2,2,A01
202100026745,1,10,,0,0,1,1,A01
202100026746,1,2,,0,2,1,1,A01
202100026746,2,7,,0,2,7,15,B01
202100026747,1,7,,13,0,7,1,A01
202100026748,1,30,,0,2,1,1,B01
202100026748,2,7,,0,2,7,15,A01
202100026749,1,7,,2,0,7,17,A01
202100026750,2,7,,0,0,3,15,B01
202100026750,1,7,,0,2,1,1,A01
202100026751,2,1,,0,2,1,1,B01
202100026751,2,7,,0,2,3,9,A01
202100026752,1,7,,0,2,8,13,A01
202100026752,1,33,,0,2,7,17,B01
202100026753,1,1,,0,2,1,1,B01
202100026753,2,1,,0,2,2,0,A01
202100026754,1,7,,0,1,1,2,A01
202100026755,1,17,,0,2,1,1,C01
202100026755,1,7,,0,2,8,1,B01
202100026755,2,7,,0,2,1,13,A01
202100026756,1,7,,0,0,3,26,A01
202100026756,2,2,,0,0,1,1,B01
202100026757,2,7,,13,0,2,1,A01
202100026758,1,31,,0,2,7,1,B01
202100026758,1,7,,3,2,8,11,A01
202100026759,2,14,,0,2,1,26,B01
202100026759,2,7,,0,2,3,26,A01
202100026760,1,15,,0,2,2,12,A01
202100026760,1,7,,0,0,6,1,B01
202100026761,2,7,,0,2,4,2,A01
202100026761,2,7,,0,2,1,2,B01
202100026762,1,10,,0,2,1,2,A01
202100026762,1,7,,0,2,4,2,B01
202100026763,2,7,,0,2,1,2,A01
202100026763,2,7,,0,2,4,2,B01
202100026764,2,10,,0,2,4,2,C01
202100026764,2,7,,0,2,4,2,B01
202100026764,2,7,,0,2,1,2,A01
202100026765,1,43,,15,0,8,1,A01
202100026766,1,7,,4,0,1,14,A01
202100026767,2,7,,0,2,1,1,A01
202100026767,2,7,,1,1,5,15,B01
202100026768,2,10,,0,1,1,1,A01
202100026769,2,40,,0,1,1,1,A01
202100026770,2,7,,0,2,1,13,B01
202100026770,1,7,,0,2,1,1,A01
202100026771,1,10,,13,0,1,16,A01
202100026772,3,7,,0,0,0,0,B01
202100026772,3,30,,0,2,0,1,A01
202100026773,1,7,,0,2,2,15,A01
202100026773,2,7,,0,2,1,1,B01
202100026774,2,7,,5,0,3,1,A01
202100026775,0,7,,0,2,2,16,A01
202100026776,1,7,,0,2,1,19,A01
202100026776,2,1,,0,2,6,1,B01
202100026777,2,7,,0,2,4,23,C01
202100026777,2,7,,0,2,1,1,A01
202100026777,2,7,,0,2,4,23,B01
202100026778,2,30,,0,2,1,1,A01
202100026778,1,7,,0,2,5,15,B01
202100026779,2,7,,1,0,1,1,A01
202100026780,2,41,,0,2,1,2,A01
202100026780,2,7,,0,2,4,2,B01
202100026781,2,7,,0,2,3,1,B01
202100026781,1,7,,0,2,3,13,A01
202100026782,2,7,,1,0,4,4,A01
202100026783,1,7,,1,0,1,14,A01
202100026784,3,7,,0,2,4,1,B01
202100026784,3,31,,0,2,1,18,A01
202100026785,3,7,,0,1,1,1,A01
202100026786,1,15,,0,1,2,1,A01
202100026787,0,7,,0,2,3,15,A01
202100026787,0,60,,0,2,2,0,B01
202100026788,1,7,,0,2,1,26,A01
202100026788,2,1,,0,2,5,26,Y01
202100026789,0,7,,0,2,3,1,B01
202100026789,0,7,,1,2,1,17,A01
202100026790,1,7,,1,0,3,1,A01
202100026791,2,7,,0,2,3,15,A01
202100026791,2,33,,0,2,8,16,C01
202100026792,1,7,,8,0,1,1,A01
202100026793,1,7,,8,0,2,26,A01
202100026794,1,7,,0,2,4,2,B01
202100026794,1,1,,0,0,1,2,A01
202100026795,2,32,,0,9,1,10,A01
202100026795,1,1,,0,2,3,1,B01
202100026796,1,7,,9,0,1,9,A01
202100026797,1,30,,0,2,1,5,A01
202100026797,1,7,,0,2,1,2,B01
202100026798,1,10,,0,1,0,15,Z01
202100026799,1,1,,0,1,2,1,A01
202100026800,1,7,,0,2,2,1,A01
202100026800,2,50,,0,2,1,5,B01
202100026801,3,30,,8,0,1,0,A01
202100026802,3,30,,5,0,4,0,A01
202100026803,1,7,,0,2,5,9,B01
202100026803,1,31,,0,2,3,9,A01
202100026804,2,2,,0,2,1,17,A01
202100026804,2,2,,0,2,4,1,B01
202100026805,1,17,,0,2,4,23,B01
202100026805,1,7,,0,2,1,2,A01
202100026806,1,34,,0,2,1,1,B01
202100026806,2,7,,0,2,8,15,A01
202100026807,1,7,,0,2,2,17,B01
202100026807,1,7,,0,2,3,15,A01
202100026808,0,7,,0,2,4,1,B01
202100026808,0,7,,0,2,4,1,D01
202100026808,0,7,,0,2,1,1,A01
202100026808,0,7,,0,2,4,1,C01
202100026809,2,7,,0,2,1,13,A01
202100026809,1,7,,0,2,1,1,B01
202100026810,2,99,,0,2,0,1,B01
202100026810,2,99,,0,2,0,9,A01
202100026811,3,7,,0,2,3,9,A01
202100026811,3,60,,0,2,1,1,B01
202100026812,2,7,,0,1,3,1,A01
202100026813,1,33,,0,2,1,2,B01
202100026813,1,7,,0,2,8,15,A01
202100026814,2,7,,0,0,8,1,B01
202100026814,2,2,,0,2,1,1,A01
202100026815,0,7,,0,2,3,9,A01
202100026815,2,1,,0,2,7,1,B01
202100026816,1,7,,0,2,3,1,B01
202100026816,2,3,,0,2,1,1,A01
202100026817,3,7,,8,2,3,16,A01
202100026817,3,7,,12,2,8,1,B01
202100026817,3,7,,12,2,8,23,C01
202100026818,2,80,,0,2,7,1,B01
202100026818,2,7,,0,2,3,15,A01
202100026819,3,31,,0,0,7,1,A01
202100026820,1,17,,0,2,4,26,A01
202100026820,1,1,,0,2,1,2,B01
202100026821,1,7,,14,0,1,16,A01
202100026822,3,7,,0,2,1,1,B01
202100026822,3,7,,0,2,5,15,A01
202100026823,3,7,,0,2,3,15,B01
202100026823,3,30,,0,2,1,1,A01
202100026824,3,7,,-1,2,3,17,A01
202100026824,3,7,,0,2,4,1,B01
202100026825,2,10,,0,2,7,1,A01
202100026825,1,32,,0,2,1,1,B01
202100026826,1,43,,14,0,8,0,C01
202100026826,1,31,,0,2,1,0,B01
202100026826,1,7,,0,2,0,16,Z01
202100026827,0,7,,0,2,0,1,B01
202100026827,0,7,,0,2,1,1,C01
202100026827,0,7,,0,2,3,1,A01
202100026828,2,7,,0,2,0,26,A01
202100026828,2,2,,0,2,0,0,B01
202100026829,1,37,1.0,0,1,2,1,A01
202100026830,0,7,,0,2,1,0,A01
202100026830,0,7,,0,2,1,1,B01
202100026831,1,7,,0,2,4,1,B01
202100026831,1,7,,0,2,1,1,A01
202100026832,1,7,,6,0,8,13,A01
202100026833,2,7,,0,1,1,15,A01
202100026834,0,50,,0,0,0,0,A01
202100026835,1,7,,0,2,2,14,B01
202100026835,1,1,,0,2,8,18,A01
202100026836,2,7,,0,2,1,1,B01
202100026836,2,7,,0,2,8,1,A01
202100026837,1,14,,3,0,7,13,A01
202100026838,2,33,,0,0,4,1,A01
202100026839,2,1,,0,0,0,0,B01
202100026839,1,2,,0,0,1,13,A01
202100026840,1,7,,9,0,1,26,A01
202100026841,3,7,,0,2,5,1,B01
202100026841,3,32,,0,2,1,1,A01
202100026842,1,7,,0,2,2,1,A01
202100026842,1,2,,0,2,5,1,B01
202100026843,1,7,,0,2,1,1,B01
202100026843,2,7,,0,2,1,15,A01
202100026844,1,7,,7,1,1,17,A01
202100026845,2,7,,0,2,3,7,A01
202100026845,3,60,,0,2,7,19,B01
202100026846,1,7,,0,2,3,1,B01
202100026846,1,34,,0,1,2,21,A01
202100026847,2,2,,0,2,1,17,A01
202100026847,2,7,,0,2,5,23,B01
202100026848,1,7,,0,2,6,1,B01
202100026848,1,50,,0,2,1,19,A01
202100026849,1,50,,0,0,0,21,A01
202100026850,2,10,,0,2,2,9,A01
202100026850,1,32,,0,2,1,1,B01
202100026851,2,30,,0,2,7,17,B01
202100026851,2,38,1.0,0,2,3,15,A01
202100026852,2,7,,7,0,3,13,A01
202100026853,1,7,,0,1,3,9,A01
202100026854,1,7,,0,9,7,10,Z01
202100026854,1,80,,0,2,8,1,A01
202100026855,2,80,,0,0,1,1,A01
202100026856,1,7,,0,2,0,9,C01
202100026856,1,32,,0,2,1,18,A01
202100026856,1,7,,0,2,4,23,B01
202100026857,2,7,,0,2,6,15,B01
202100026857,2,32,,0,2,1,1,A01
202100026858,1,1,,0,0,1,1,A01
202100026859,2,50,,0,0,2,1,A01
202100026860,1,30,,0,2,1,2,A01
202100026860,1,7,,0,2,5,2,B01
202100026861,2,1,,0,2,1,1,Y01
202100026861,2,7,,0,2,1,19,A01
202100026862,1,7,,1,0,1,21,A01
202100026863,2,7,,0,2,4,23,B01
202100026863,2,7,,0,2,1,2,A01
202100026863,2,7,,0,2,4,23,C01
202100026864,3,7,,0,2,4,23,B01
202100026864,3,7,,0,2,1,26,A01
202100026865,0,7,,12,2,2,21,A01
202100026865,0,7,,0,0,0,0,B01
202100026866,2,7,,12,0,1,1,A01
202100026866,1,7,,0,2,3,15,B01
202100026867,2,7,,0,2,1,0,B01
202100026867,2,7,,0,0,4,23,A01
202100026868,1,50,,1,0,1,2,A01
202100026868,1,7,,1,2,8,22,B01
202100026869,1,7,,0,1,1,0,A01
202100026870,1,7,,0,2,2,16,A01
202100026870,1,50,,0,2,1,1,B01
202100026871,1,33,,0,2,1,1,B01
202100026871,2,7,,0,2,5,15,A01
202100026872,3,7,,0,2,1,1,B01
202100026872,0,7,,0,2,7,1,A01
202100026873,1,10,,0,2,1,2,B01
202100026873,1,7,,7,2,4,1,A01
202100026874,1,10,,0,2,1,2,A01
202100026874,1,10,,0,2,4,2,B01
202100026874,1,10,,0,2,4,2,C01
202100026875,0,14,,0,2,6,1,A01
202100026875,1,1,,0,2,1,26,B01
202100026876,2,15,,0,0,3,1,B01
202100026876,1,7,,0,2,3,0,A01
202100026877,2,7,,0,2,1,16,B01
202100026877,1,7,,0,2,1,15,A01
202100026878,2,33,,0,2,1,1,A01
202100026878,1,7,,0,0,7,17,B01
202100026879,2,32,,0,2,1,2,B01
202100026879,1,7,,0,2,3,15,A01
202100026880,2,7,,15,2,1,1,B01
202100026880,1,7,,0,2,2,1,A01
202100026881,3,7,,0,2,1,19,A01
202100026881,2,10,,0,2,2,1,B01
202100026881,1,33,,0,2,1,5,C01
202100026882,1,7,,2,0,8,1,A01
202100026883,1,7,,3,0,3,14,A01
202100026884,2,7,,0,2,6,26,A01
202100026884,1,32,,0,2,1,1,B01
202100026885,1,10,,0,2,1,1,A01
202100026885,2,7,,0,2,1,13,B01
202100026886,2,2,,10,0,1,1,A01
202100026887,2,7,,0,2,5,15,A01
202100026887,1,33,,0,2,1,1,B01
202100026888,2,7,,0,2,2,1,H01
202100026888,2,7,,0,2,1,1,G01
202100026888,2,7,,0,2,1,1,F01
202100026888,2,10,,0,2,4,1,E01
202100026888,2,7,,0,2,4,23,D01
202100026888,1,7,,0,2,1,1,C01
202100026888,1,7,,0,2,9,1,B01
202100026888,1,7,,0,2,4,23,A01
202100026889,1,7,,0,2,1,1,A01
202100026889,1,7,,0,2,4,1,B01
202100026890,3,10,,0,1,4,26,A01
202100026891,3,2,,0,2,8,19,A01
202100026891,3,7,,0,2,8,1,B01
202100026892,1,7,,13,0,2,2,A01
202100026893,3,10,,0,2,2,0,A01
202100026893,0,7,,0,2,3,2,B01
202100026894,2,33,,0,2,1,1,B01
202100026894,1,7,,0,2,1,15,A01
202100026895,2,7,,8,0,2,1,A01
202100026896,1,7,,0,2,6,17,B01
202100026896,1,33,,0,2,1,17,A01
202100026897,2,7,,13,0,2,1,A01
202100026898,1,33,,13,0,1,1,A01
202100026899,1,7,,2,0,2,1,A01
202100026900,2,7,,13,0,1,1,A01
202100026901,2,7,,0,2,3,1,B01
202100026901,1,7,,5,2,3,13,A01
202100026902,0,3,,6,0,1,20,A01
202100026903,3,1,,2,0,1,1,A01
202100026904,2,33,,0,2,1,13,A01
202100026904,1,7,,0,2,3,1,B01
202100026904,1,10,,0,2,8,1,C01
202100026905,1,33,,0,0,0,1,A01
202100026906,1,17,,0,2,1,1,B01
202100026906,2,7,,0,2,1,5,A01
202100026907,1,7,,0,9,3,1,B01
202100026907,1,17,,0,0,0,1,A01
202100026908,1,7,,0,2,3,1,B01
202100026908,2,33,,0,2,1,13,A01
202100026909,1,7,,13,2,1,17,A01
202100026909,2,2,,0,2,1,1,B01
202100026910,2,15,,3,0,3,2,A01
202100026911,1,7,,12,0,1,1,A01
202100026912,3,30,,0,0,0,20,A01
202100026913,2,7,,2,0,2,15,A01
202100026914,1,32,,0,0,9,1,A01
202100026915,1,2,,0,1,1,17,A01
202100026916,3,7,,0,1,3,1,A01
202100026917,3,7,,0,9,4,4,A01
202100026917,3,1,,0,2,0,0,B01
202100026918,1,31,,0,2,1,1,B01
202100026918,2,7,,0,2,1,15,A01
202100026919,1,7,,0,2,1,0,B01
202100026919,1,7,,0,0,4,23,A01
202100026920,1,33,,0,2,1,1,A01