Num_Acc,senc,catv,occutc,obs,obsm,choc,manv,num_veh
202100026920,2,7,,0,2,6,10,B01
202100026921,2,7,,13,0,0,1,A01
202100026922,2,7,,0,2,0,13,B01
202100026922,1,7,,0,2,6,0,C01
202100026922,1,2,,0,2,8,21,A01
202100026923,3,7,,0,2,1,19,A01
202100026923,3,7,,0,2,8,1,B01
202100026924,1,7,,0,2,3,9,B01
202100026924,2,30,,0,2,5,1,A01
202100026925,1,7,,0,2,1,1,B01
202100026925,1,7,,0,0,4,1,A01
202100026926,1,7,,0,2,8,2,A01
202100026927,1,32,,0,2,1,2,B01
202100026927,1,7,,0,2,6,26,A01
202100026928,1,7,,0,2,4,1,A01
202100026928,1,7,,6,2,1,14,B01
202100026929,1,7,,14,2,8,21,B01
202100026929,1,37,1.0,16,0,5,0,A01
202100026929,1,15,,0,2,8,0,C01
202100026930,1,7,,0,2,3,2,B01
202100026930,1,7,,4,2,3,1,A01
202100026931,1,10,,0,2,1,2,A01
202100026931,1,7,,0,2,4,2,B01
202100026932,2,10,,0,2,4,2,B01
202100026932,2,7,,0,2,4,2,C01
202100026932,2,7,,0,2,1,2,A01
202100026933,2,7,,0,2,1,1,A01
202100026933,2,7,,0,2,4,1,B01
202100026934,2,31,,0,0,8,0,A01
202100026935,2,10,,1,1,2,21,A01
202100026936,2,7,,4,0,1,1,A01
202100026937,1,7,,4,0,1,1,A01
202100026938,1,7,,7,2,3,18,C01
202100026938,1,7,,0,2,4,1,B01
202100026938,1,7,,4,2,5,1,A01
202100026939,0,7,,13,0,4,1,A01
202100026940,3,7,,0,2,3,9,A01
202100026940,3,7,,0,2,1,1,B01
202100026941,2,1,,0,2,1,1,A01
202100026941,2,10,,0,2,4,23,B01
202100026942,1,7,,0,2,1,2,B01
202100026942,1,10,,0,0,4,23,A01
202100026943,3,7,,0,2,3,0,B01
202100026943,3,7,,0,0,1,1,A01
202100026944,2,7,,0,0,9,1,A01
202100026945,3,10,,0,2,1,2,A01
202100026945,3,30,,0,2,4,23,B01
202100026946,1,7,,0,0,5,23,B01
202100026946,1,30,,0,2,5,1,A01
202100026947,1,1,,0,2,8,15,B01
202100026947,1,31,,0,2,7,17,A01
202100026948,0,1,,0,2,1,5,Z01
202100026948,0,1,,0,2,1,15,A01
202100026949,1,10,,0,2,2,15,B01
202100026949,2,30,,0,2,1,1,A01
202100026950,1,10,,0,1,2,1,A01
202100026951,3,7,,0,2,4,2,B01
202100026951,3,7,,0,2,1,2,A01
202100026952,1,30,,0,2,1,2,A01
202100026952,1,7,,0,2,4,23,B01
202100026953,1,80,,0,2,1,1,B01
202100026953,2,50,,0,2,1,5,A01
202100026954,1,7,,0,2,8,15,A01
202100026954,2,32,,0,2,2,1,B01
202100026955,2,34,,0,2,6,13,A01
202100026955,2,7,,0,2,2,1,B01
202100026956,1,10,,8,0,4,24,B01
202100026956,2,10,,1,0,1,14,A01
202100026957,3,7,,4,0,2,1,A01
202100026958,3,10,,0,2,5,15,A01
202100026958,3,10,,0,2,2,1,B01
202100026959,2,7,,0,2,4,26,A01
202100026959,2,7,,0,2,1,0,B01
202100026960,0,32,,0,2,1,1,A01
202100026960,1,7,,0,2,1,1,B01
202100026961,0,7,,0,2,3,16,A01
202100026961,0,34,,0,2,1,1,B01
202100026962,1,30,,0,2,1,19,A01
202100026962,1,13,,0,2,8,16,B01
202100026963,1,7,,0,2,1,1,A01
202100026963,1,7,,0,2,1,11,B01
202100026964,2,7,,2,0,1,21,A01
202100026965,1,0,,0,2,7,1,A01
202100026965,1,7,,0,2,1,1,B01
202100026966,0,7,,0,2,8,1,B01
202100026966,0,7,,0,2,1,1,A01
202100026967,1,7,,0,1,1,26,A01
202100026968,1,34,,0,0,3,1,A01
202100026969,1,30,,1,0,7,19,A01
202100026970,1,7,,1,0,3,1,A01
202100026971,2,7,,13,0,9,1,A01
202100026972,1,33,,0,2,3,1,B01
202100026972,1,7,,0,2,3,13,A01
202100026973,1,7,,0,2,1,13,A01
202100026973,1,15,,0,2,3,1,B01
202100026973,2,10,,0,2,8,2,C01
202100026974,2,33,,8,0,1,0,A01
202100026975,2,33,,0,2,1,5,A01
202100026975,1,7,,0,2,1,1,B01
202100026976,3,1,,0,0,0,1,A01
202100026977,3,7,,15,0,1,0,A01
202100026978,1,2,,0,2,3,10,A01
202100026978,1,7,,0,2,7,17,B01
202100026979,1,7,,16,0,1,1,A01
202100026980,2,7,,0,2,7,19,A01
202100026980,2,7,,0,2,1,1,B01
202100026981,2,7,,1,0,1,1,A01
202100026982,3,7,,6,0,1,0,A01
202100026983,3,2,,0,2,1,1,A01
202100026983,0,7,,0,2,3,1,B01
202100026984,1,33,,0,2,1,2,A01
202100026984,1,7,,0,0,5,1,B01
202100026985,1,80,,0,2,6,1,B01
202100026985,2,7,,0,2,0,1,A01
202100026986,1,7,,17,0,1,1,A01
202100026987,1,7,,6,1,4,16,B01
202100026987,1,7,,0,2,1,1,A01
202100026988,2,7,,0,2,1,5,A01
202100026988,1,15,,0,2,3,1,B01
202100026989,2,7,,0,0,9,1,A01
202100026990,3,7,,0,2,1,26,B01
202100026990,3,7,,0,0,1,26,A01
202100026991,3,7,,0,2,1,1,B01
202100026991,3,2,,0,2,1,13,A01
202100026992,1,7,,0,2,5,1,B01
202100026992,1,2,,0,2,1,1,A01
202100026993,1,7,,0,2,1,1,B01
202100026993,2,7,,0,2,1,13,A01
202100026994,2,7,,0,2,2,15,A01
202100026994,1,33,,0,2,1,1,B01
202100026995,1,7,,8,0,1,1,A01
202100026996,3,7,,16,0,9,21,A01
202100026997,2,7,,8,0,0,21,A01
202100026998,3,7,,6,0,1,13,A01
202100026999,1,39,,0,4,1,1,B01
202100026999,3,21,,0,4,6,26,A01
202100027000,2,7,,4,2,3,1,B01
202100027000,1,7,,0,2,3,1,A01
202100027001,2,21,,13,0,2,14,A01
202100027002,2,7,,8,0,1,13,A01
202100027003,2,7,,0,1,5,1,A01
202100027004,0,1,,16,0,1,1,A01
202100027005,1,2,,9,0,0,1,A01
202100027006,2,15,,0,2,2,1,B01
202100027006,1,7,,0,2,1,13,A01
202100027007,3,7,,0,2,2,1,B01
202100027007,3,33,,0,2,2,13,A01
202100027008,1,33,,0,2,1,17,B01
202100027008,1,7,,0,2,6,13,A01
202100027009,1,10,,0,2,1,5,A01
202100027009,2,7,,0,2,1,2,B01
202100027010,3,80,,0,2,8,19,B01
202100027010,1,7,,0,2,1,1,A01
202100027011,2,10,,0,2,1,2,A01
202100027011,2,7,,0,0,4,2,B01
202100027012,2,7,,0,2,2,15,A01
202100027012,1,2,,0,2,1,1,B01
202100027013,2,7,,0,2,1,15,A01
202100027013,1,7,,0,2,1,1,B01
202100027014,2,7,,0,9,1,1,A01
202100027014,2,1,,0,2,4,1,B01
202100027015,0,0,,0,1,0,0,A01
202100027016,1,7,,2,0,7,0,A01
202100027017,1,7,,0,2,3,15,B01
202100027017,2,2,,16,2,1,0,A01
202100027018,1,7,,6,2,3,1,B01
202100027018,1,7,,6,2,8,1,C01
202100027018,2,7,,0,2,1,1,A01
202100027019,2,7,,0,0,4,23,B01
202100027019,2,7,,0,2,1,2,A01
202100027020,0,32,,0,2,7,1,B01
202100027020,0,7,,0,2,1,19,A01
202100027021,2,21,,0,0,4,2,A01
202100027021,2,10,,0,2,1,2,B01
202100027022,1,7,,0,1,3,9,A01
202100027023,1,1,,0,0,0,1,A01
202100027024,3,33,,0,2,1,13,B01
202100027024,3,7,,0,2,3,1,A01
202100027025,3,7,,8,2,6,21,A01
202100027025,3,7,,0,2,1,19,B01
202100027026,3,7,,0,2,8,26,B01
202100027026,3,2,,0,2,1,1,A01
202100027027,1,31,,14,0,1,2,A01
202100027028,2,33,,0,2,1,1,B01
202100027028,2,21,,0,0,8,9,A01
202100027029,1,13,,0,2,5,17,B01
202100027029,1,2,,3,2,8,0,A01
202100027030,2,7,,0,2,3,15,A01
202100027030,1,7,,0,2,1,1,B01
202100027031,3,7,,0,1,0,1,A01
202100027032,2,17,,0,2,1,1,A01
202100027032,1,7,,0,2,7,13,B01
202100027033,2,7,,0,2,2,19,B01
202100027033,2,14,,0,2,3,1,A01
202100027034,1,10,,0,2,4,2,B01
202100027034,1,33,,0,2,1,2,A01
202100027035,2,7,,3,0,9,2,A01
202100027036,1,7,,0,2,2,1,B01
202100027036,1,17,,0,2,3,26,A01
202100027037,2,10,,0,2,6,16,B01
202100027037,2,7,,0,2,3,0,C01
202100027037,2,33,,0,2,1,21,A01
202100027038,2,32,,0,0,0,3,A01
202100027039,1,7,,0,0,1,1,B01
202100027039,1,16,,0,2,4,1,A01
202100027040,1,7,,0,0,0,0,A01
202100027040,1,7,,14,2,1,25,B01
202100027041,2,7,,14,2,1,26,B01
202100027041,2,7,,0,9,1,26,A01
202100027042,1,7,,4,0,1,21,A01
202100027043,-1,38,1.0,12,1,2,26,A01
202100027044,1,1,,0,2,8,15,B01
202100027044,2,7,,0,9,5,16,A01
202100027045,2,32,,0,0,7,26,A01
202100027046,3,33,,0,2,7,15,B01
202100027046,2,7,,0,2,6,1,A01
202100027047,1,7,,0,2,5,1,B01
202100027047,1,7,,0,2,3,2,A01
202100027048,1,32,,0,1,1,1,A01
202100027049,0,7,,0,2,4,1,C01
202100027049,2,7,,0,2,4,1,B01
202100027049,2,7,,0,2,1,1,A01
202100027050,3,7,,6,0,1,19,A01
202100027051,1,7,,0,2,1,0,B01
202100027051,1,7,,0,2,7,1,A01
202100027052,1,33,,0,0,7,16,B01
202100027053,1,7,,0,2,6,2,A01
202100027053,1,37,1.0,0,2,1,1,B01
202100027054,1,7,,0,2,1,1,B01
202100027054,1,7,,0,2,4,1,A01
202100027055,2,7,,0,2,1,17,A01
202100027055,1,7,,0,2,6,1,B01
202100027055,2,37,1.0,0,2,3,1,C01
202100027056,2,31,,15,0,1,1,A01
202100027057,2,50,,0,2,8,1,B01
202100027057,2,7,,0,2,7,17,A01
202100027058,3,7,,0,1,0,26,A01
202100027059,1,7,,0,0,2,21,A01
202100027060,1,7,,0,2,8,22,A01
202100027060,1,1,,1,0,1,1,B01
202100027061,2,1,,0,2,1,1,A01
202100027061,3,7,,0,2,1,9,B01
202100027062,2,33,,0,0,8,1,A01
202100027063,1,7,,0,2,1,1,B01
202100027063,2,7,,0,2,7,1,A01
202100027064,2,7,,0,2,4,23,B01
202100027064,2,30,,0,2,1,2,A01
202100027065,1,10,,0,0,0,2,A01
202100027066,2,1,,12,0,0,1,A01
202100027067,1,7,,5,0,2,1,A01
202100027068,2,7,,0,2,3,9,A01
202100027068,0,1,,0,2,4,1,B01
202100027069,1,2,,0,2,1,23,B01
202100027069,1,7,,0,2,4,4,A01
202100027070,2,7,,4,0,1,21,A01
202100027071,0,7,,0,1,1,1,A01
202100027072,1,30,,0,2,1,17,A01
202100027072,1,7,,0,2,8,15,B01
202100027073,1,7,,14,0,1,1,A01
202100027074,1,33,,0,2,4,1,B01
202100027074,1,33,,0,2,8,1,A01
202100027075,1,31,,0,2,1,1,B01
202100027075,2,7,,0,2,3,15,A01
202100027076,1,7,,0,1,1,1,A01
202100027077,1,2,,0,2,1,3,A01
202100027077,1,7,,0,2,3,0,B01
202100027078,1,7,,0,2,2,1,B01
202100027078,3,7,,0,2,5,20,A01
202100027079,1,31,,0,2,2,1,B01
202100027079,3,7,,0,2,3,19,A01
202100027080,3,7,,0,2,1,1,B01
202100027080,3,33,,0,2,1,13,A01
202100027081,1,7,,0,2,4,2,B01
202100027081,1,7,,0,2,3,2,C01
202100027081,1,7,,0,2,2,2,A01
202100027082,1,7,,0,2,6,2,B01
202100027082,1,33,,0,2,1,2,A01
202100027083,1,10,,0,2,8,1,B01
202100027083,1,31,,0,2,7,3,A01
202100027084,2,33,,0,2,2,3,A01
202100027084,2,10,,0,2,6,1,B01
202100027085,1,30,,0,2,8,15,A01
202100027085,1,7,,0,2,7,1,B01
202100027086,2,30,,0,0,1,1,B01
202100027086,1,7,,0,0,3,10,A01
202100027087,2,7,,0,1,2,15,A01
202100027088,2,30,,0,2,2,17,B01
202100027088,2,7,,0,2,3,15,A01
202100027089,3,32,,0,2,4,23,C01
202100027089,3,33,,0,2,4,23,B01
202100027089,3,7,,0,2,1,2,A01
202100027090,1,1,,0,2,0,9,B01
202100027090,2,7,,0,2,0,15,A01
202100027091,2,1,,0,2,1,1,B01
202100027091,1,10,,0,2,3,15,A01
202100027092,1,7,,0,2,4,23,B01
202100027092,1,7,,0,2,4,23,A01
202100027092,1,7,,1,0,1,2,Z01
202100027093,0,7,,0,2,1,1,B01
202100027093,0,7,,0,2,4,23,A01
202100027094,2,7,,0,2,2,14,A01
202100027094,2,50,,0,2,3,18,B01
202100027095,1,33,,0,2,1,5,A01
202100027095,1,7,,0,2,6,15,B01
202100027096,1,7,,0,2,1,2,A01
202100027096,1,7,,0,2,4,23,B01
202100027097,2,17,,1,0,2,14,B01
202100027097,2,7,,3,0,6,23,A01
202100027098,2,7,,6,0,1,0,A01
202100027099,2,7,,0,2,9,1,C01
202100027099,1,7,,0,2,1,1,B01
202100027099,1,7,,0,2,3,19,A01
202100027100,2,10,,0,1,2,1,A01
202100027101,1,7,,3,2,1,0,A01
202100027101,1,17,,0,0,6,1,B01
202100027102,3,7,,0,0,3,1,A01
202100027102,3,7,,0,0,3,1,B01
202100027103,0,2,,0,0,0,0,A01
202100027104,1,17,,0,0,6,1,A01
202100027104,1,10,,0,2,2,12,B01
202100027105,1,7,,0,0,8,1,B01
202100027105,3,7,,0,2,1,1,A01
202100027106,1,7,,4,0,1,14,A01
202100027107,1,7,,0,0,2,12,A01
202100027108,1,7,,1,1,3,14,A01
202100027109,1,7,,0,2,5,19,A01
202100027109,2,7,,0,2,1,1,B01
202100027110,2,7,,6,0,2,1,A01
202100027111,2,7,,4,2,1,17,A01
202100027111,2,7,,0,2,6,1,B01
202100027112,0,7,,0,2,3,0,B01
202100027112,3,7,,0,2,3,0,A01
202100027113,0,7,,0,1,2,9,A01
202100027114,1,7,,0,2,1,15,A01
202100027114,1,33,,0,2,8,1,B01
202100027115,2,2,,0,2,7,0,B01
202100027115,1,7,,0,2,3,1,A01
202100027116,1,31,,0,0,7,16,A01
202100027117,3,7,,0,2,1,1,B01
202100027117,3,7,,0,2,1,5,A01
202100027118,1,7,,0,2,3,1,B01
202100027118,2,7,,0,2,3,1,A01
202100027119,2,7,,2,0,9,1,A01
202100027120,1,1,,0,0,1,1,A01
202100027121,3,36,,0,0,0,1,A01
202100027122,3,7,,0,2,3,19,A01
202100027122,1,10,,15,0,1,1,C01
202100027122,1,7,,0,2,2,1,B01
202100027123,0,7,,0,0,3,15,A01
202100027123,0,33,,0,2,1,1,B01
202100027124,2,1,,0,0,1,1,B01
202100027124,2,7,,0,9,0,9,A01
202100027125,1,7,,0,2,2,15,B01
202100027125,2,2,,0,2,1,1,A01
202100027126,0,14,,0,2,1,1,A01
202100027126,0,7,,0,0,0,23,L01
202100027126,0,7,,0,0,4,23,C01
202100027126,0,10,,0,0,4,23,K01
202100027126,0,7,,0,2,4,23,B01
202100027126,0,7,,0,0,4,23,J01
202100027126,0,7,,0,0,0,23,I01
202100027126,0,7,,0,0,4,23,F01
202100027126,0,7,,0,0,0,23,H01
202100027126,0,7,,0,0,4,23,G01
202100027126,0,10,,0,0,4,23,E01
202100027126,0,7,,0,0,4,23,D01
202100027127,2,7,,13,0,7,1,B01
202100027128,2,7,,0,2,1,1,A01
202100027128,1,7,,0,2,3,1,B01
202100027129,1,7,,0,2,1,1,B01
202100027129,2,13,,0,2,1,13,A01
202100027130,2,33,,0,0,8,16,A01
202100027131,1,33,,8,0,1,1,A01
202100027132,3,7,,0,1,3,1,A01
202100027133,0,7,,4,0,1,1,A01
202100027134,2,15,,0,2,3,1,B01
202100027134,1,7,,0,2,7,19,A01
202100027135,3,7,,15,0,1,2,A01
202100027136,1,7,,13,0,1,13,A01
202100027137,0,7,,0,2,2,2,A01
202100027137,0,1,,0,2,4,2,B01
202100027138,0,7,,0,1,3,16,A01
202100027139,1,7,,0,0,5,26,A01
202100027139,1,43,,0,2,1,1,B01
202100027140,0,7,,0,2,1,1,B01
202100027140,0,3,,0,2,1,1,A01
202100027141,2,7,,0,0,9,1,A01
202100027142,2,7,,0,1,3,1,A01
202100027143,2,33,,0,0,7,1,A01
202100027144,2,10,,4,0,3,9,A01
202100027145,2,33,,0,2,4,2,B01
202100027145,2,33,,0,2,1,2,A01
202100027146,1,7,,14,0,3,1,A01
202100027147,1,7,,0,2,3,1,B01
202100027147,2,31,,0,2,1,0,A01
202100027148,3,10,,0,1,2,1,A01
202100027149,2,20,,2,0,9,1,A01
202100027150,1,33,,0,0,0,1,A01
202100027151,2,2,,0,0,1,1,A01
202100027152,1,7,,15,2,1,13,A01
202100027152,2,7,,0,2,1,1,B01
202100027153,1,7,,13,0,1,1,A01
202100027154,1,7,,2,0,1,1,A01
202100027155,2,7,,0,1,3,21,A01
202100027156,1,33,,0,2,2,2,B01
202100027156,1,7,,0,0,4,2,A01
202100027157,1,30,,0,2,8,19,A01
202100027157,1,10,,0,2,1,21,B01
202100027158,1,7,,2,0,1,1,A01
202100027159,2,7,,2,0,1,1,A01
202100027160,1,7,,0,1,6,1,A01
202100027161,3,7,,0,0,6,19,A01
202100027161,2,7,,0,2,1,1,B01
202100027162,3,33,,0,6,1,1,A01
202100027163,2,7,,0,0,4,1,C01
202100027163,2,7,,0,2,4,1,B01
202100027163,2,7,,0,2,1,1,A01
202100027164,2,7,,0,0,4,1,B01
202100027164,2,33,,0,2,1,17,A01
202100027165,1,10,,0,2,3,1,B01
202100027165,2,7,,0,2,3,13,A01
202100027166,1,7,,3,0,3,2,A01
202100027167,3,33,,0,2,2,3,B01
202100027167,3,7,,0,2,8,2,A01
202100027168,2,7,,0,2,4,0,C01
202100027168,2,7,,0,2,1,0,B01
202100027168,2,7,,0,2,4,0,A01
202100027168,2,7,,0,2,7,0,F01
202100027168,2,7,,0,2,4,0,E01
202100027168,2,7,,0,2,4,0,D01
202100027169,1,7,,0,2,1,2,C01
202100027169,1,7,,0,2,1,2,B01
202100027169,1,7,,0,2,4,23,A01
202100027170,2,7,,3,0,1,16,A01
202100027171,2,10,,0,2,1,2,A01
202100027171,2,7,,0,2,4,2,B01
202100027172,2,7,,0,2,2,2,A01
202100027172,2,7,,0,2,6,2,B01
202100027173,2,7,,6,0,1,2,A01
202100027174,1,10,,0,2,5,2,B01
202100027174,1,10,,0,2,8,13,A01
202100027175,1,7,,0,2,4,2,B01
202100027175,1,7,,4,2,4,2,C01
202100027175,1,7,,4,2,1,1,A01
202100027176,2,7,,3,0,1,13,A01
202100027177,1,7,,4,2,1,1,A01
202100027177,1,7,,4,2,4,1,B01
202100027178,2,43,,0,2,7,1,A01
202100027179,2,7,,4,0,2,14,A01
202100027180,1,7,,3,0,1,2,A01
202100027181,1,34,,0,2,3,3,A01
202100027181,1,7,,0,2,2,1,B01
202100027182,2,15,,13,0,7,14,A01
202100027183,0,7,,0,1,4,24,A01
202100027184,1,7,,0,1,1,15,A01
202100027185,2,50,,0,1,1,1,A01
202100027186,2,7,,0,0,1,16,A01
202100027186,1,33,,0,2,1,1,B01
202100027187,1,34,,0,2,1,1,B01
202100027187,1,7,,0,9,3,19,A01
202100027188,1,7,,0,2,4,2,A01
202100027188,1,2,,0,2,1,2,B01
202100027189,1,7,,0,2,4,2,B01
202100027189,1,7,,0,2,1,2,A01
202100027190,3,7,,0,2,2,19,A01
202100027190,3,7,,0,2,1,2,B01
202100027191,0,7,,0,2,1,1,B01
202100027191,0,7,,0,2,7,9,A01
202100027192,1,7,,0,2,7,1,A01
202100027192,3,7,,0,2,1,9,B01
202100027193,0,7,,1,0,2,1,A01
202100027193,3,7,,0,2,2,24,B01
202100027194,3,7,,9,0,1,26,A01
202100027195,3,33,,15,0,1,13,A01
202100027196,3,7,,0,1,2,1,A01
202100027197,3,7,,8,0,6,15,B01
202100027197,3,34,,0,2,0,17,A01
202100027198,3,1,,0,2,0,0,B01
202100027198,3,1,,0,2,1,26,A01
202100027199,3,31,,8,0,1,26,A01
202100027200,1,7,,1,2,2,21,A01
202100027200,1,7,,0,2,7,2,B01
202100027201,1,7,,6,0,1,26,A01
202100027202,1,7,,0,2,7,26,B01
202100027202,1,30,,0,2,7,11,A01
202100027203,2,7,,0,2,3,19,A01
202100027203,1,33,,0,2,1,21,B01
202100027204,3,7,,0,2,8,1,A01
202100027204,0,7,,0,2,6,1,B01
202100027204,3,2,,0,2,8,1,C01
202100027205,2,7,,0,2,1,1,B01
202100027205,1,7,,0,2,2,15,A01
202100027206,2,7,,0,2,5,15,A01
202100027206,1,1,,0,2,1,1,B01
202100027207,2,30,,0,0,2,1,A01
202100027208,2,7,,2,0,4,11,A01
202100027209,3,31,,0,2,6,16,B01
202100027209,3,7,,0,2,2,16,A01
202100027210,2,7,,9,0,1,1,A01
202100027211,1,7,,0,2,1,1,A01
202100027211,1,7,,0,2,2,15,B01
202100027212,3,1,,0,9,1,1,B01
202100027212,3,37,1.0,0,9,2,1,A01
202100027213,1,7,,13,0,1,19,A01
202100027214,0,30,,0,0,0,0,A01
202100027215,2,1,,0,2,1,1,B01
202100027215,2,7,,0,2,3,9,A01
202100027216,3,7,,0,1,4,20,A01
202100027217,1,30,,0,2,1,1,A01
202100027217,1,7,,0,2,3,1,B01
202100027218,1,3,,0,0,1,2,A01
202100027219,1,10,,0,1,1,15,A01
202100027220,2,7,,0,2,6,15,B01
202100027220,2,7,,0,2,2,17,A01
202100027221,3,7,,6,0,1,15,A01
202100027222,1,7,,0,2,2,15,A01
202100027222,1,32,,0,2,1,1,B01
202100027223,1,30,,8,0,3,14,A01
202100027224,1,33,,12,0,1,14,A01
202100027225,2,10,,14,0,3,15,A01
202100027226,2,32,,0,2,1,1,B01
202100027226,2,7,,0,2,8,15,A01
202100027227,1,50,,0,2,5,1,B01
202100027227,2,7,,0,2,7,5,A01
202100027228,0,7,,0,2,5,1,A01
202100027228,0,32,,0,2,1,1,B01
202100027229,1,50,,0,2,1,2,A01
202100027229,1,7,,0,2,4,2,B01
202100027230,1,7,,1,0,3,1,A01
202100027231,3,7,,0,2,1,1,A01
202100027231,3,7,,0,2,2,1,B01
202100027232,0,7,,0,2,7,24,B01
202100027232,0,7,,0,2,4,20,A01
202100027233,2,7,,0,2,1,1,A01
202100027233,2,33,,0,0,4,16,B01
202100027234,0,7,,0,2,0,1,B01
202100027234,0,60,,0,2,4,21,A01
202100027235,3,7,,0,2,3,5,A01
202100027235,3,7,,2,2,8,0,B01
202100027236,1,7,,0,2,2,1,B01
202100027236,1,7,,2,2,3,16,A01
202100027237,1,37,1.0,9,0,2,14,A01
202100027238,1,13,,0,2,1,26,B01
202100027238,1,99,,0,2,3,21,A01
202100027239,2,7,,12,0,2,14,A01
202100027240,1,10,,0,2,7,10,A01
202100027240,2,33,,0,2,1,1,B01
202100027241,1,60,,2,0,1,14,A01
202100027242,1,7,,0,2,2,1,B01
202100027242,1,10,,0,2,1,1,A01
202100027243,1,33,,0,1,3,9,A01
202100027244,2,1,,0,2,3,6,B01
202100027244,1,7,,0,9,2,1,A01
202100027245,1,7,,4,0,3,1,B01
202100027245,1,10,,3,2,2,1,A01
202100027246,1,7,,0,2,4,2,B01
202100027246,1,7,,0,0,4,2,A01
202100027246,1,7,,0,2,1,2,C01
202100027247,0,7,,0,2,3,9,A01
202100027247,0,7,,0,2,1,1,B01
202100027248,2,2,,15,0,7,1,A01
202100027249,1,1,,8,0,0,1,A01
202100027250,3,7,,0,2,6,19,A01
202100027250,1,7,,0,2,3,1,B01
202100027251,1,7,,15,0,1,1,A01
202100027252,0,7,,0,1,0,0,B01
202100027252,0,30,,0,0,0,0,A01
202100027253,1,33,,0,0,0,1,A01
202100027254,0,33,,0,0,1,1,A01
202100027255,2,7,,0,0,6,2,A01
202100027255,1,7,,0,2,1,1,B01
202100027255,2,7,,0,2,1,17,C01
202100027256,3,7,,6,0,1,13,A01
202100027257,1,7,,0,2,4,1,B01
202100027257,2,7,,0,2,1,1,C01
202100027257,1,7,,0,2,1,17,A01
202100027258,2,10,,2,2,1,1,B01
202100027258,1,7,,0,2,2,9,A01
202100027259,1,3,,8,0,2,0,A01
202100027260,2,7,,0,0,2,14,A01
202100027261,1,33,,15,0,4,1,A01
202100027262,3,7,,16,0,2,0,A01
202100027263,3,7,,16,0,0,0,A01
202100027264,3,33,,0,2,3,13,A01
202100027264,3,21,,0,2,8,1,B01
202100027265,1,15,,0,9,1,1,A01
202100027266,1,32,,16,0,5,10,A01
202100027267,2,7,,0,2,1,1,B01
202100027267,1,7,,0,2,1,13,A01
202100027268,2,7,,5,0,1,1,A01
202100027269,3,33,,0,1,0,1,B01
202100027269,3,7,,0,2,3,13,A01
202100027270,1,30,,0,2,1,2,B01
202100027270,1,7,,0,0,4,15,A01
202100027271,1,31,,0,2,7,13,A01
202100027271,2,10,,0,2,3,1,B01
202100027272,2,33,,14,0,0,1,A01
202100027273,1,33,,0,2,2,17,A01
202100027273,1,33,,5,9,7,26,C01
202100027273,1,7,,0,2,6,1,B01
202100027274,0,7,,0,2,3,1,B01
202100027274,0,7,,0,2,3,1,A01
202100027275,0,31,,2,0,0,0,A01
202100027276,3,36,,6,0,1,1,A01
202100027277,1,31,,8,0,1,17,A01
202100027278,2,7,,8,0,8,14,A01
202100027279,2,7,,8,0,1,21,A01
202100027280,2,7,,3,2,3,1,B01
202100027280,2,7,,0,2,3,13,A01
202100027281,3,33,,0,0,0,2,A01
202100027282,2,7,,13,0,7,14,A01
202100027283,3,33,,2,0,0,0,A01
202100027284,1,7,,0,2,1,17,B01
202100027284,1,7,,2,2,1,17,A01
202100027284,1,7,,0,2,1,1,C01
202100027285,3,35,,6,0,2,0,A01
202100027286,2,7,,0,0,8,15,A01
202100027286,2,33,,0,0,2,17,B01
202100027287,1,7,,3,0,1,1,A01
202100027288,2,14,,0,0,7,1,A01
202100027289,1,33,,0,0,8,1,A01
202100027290,2,7,,0,2,3,1,A01
202100027290,1,7,,0,2,1,1,B01
202100027291,1,7,,0,2,1,9,B01
202100027291,1,31,,0,0,4,23,A01
202100027292,2,7,,8,0,3,13,A01
202100027293,1,7,,0,2,1,1,A01
202100027293,0,7,,0,2,8,16,B01
202100027294,2,7,,0,2,3,13,A01
202100027294,1,7,,0,2,3,1,B01
202100027295,1,7,,8,0,3,0,A01
202100027296,2,7,,0,2,2,26,B01
202100027296,1,2,,0,0,8,9,A01
202100027297,1,7,,6,0,2,0,A01
202100027298,1,7,,13,0,3,1,A01
202100027299,2,7,,1,0,2,2,B01
202100027299,2,7,,0,0,4,23,A01
202100027300,2,7,,13,0,2,1,A01
202100027301,2,7,,6,0,2,14,A01
202100027302,3,1,,0,2,1,1,A01
202100027302,3,7,,0,9,3,1,B01
202100027303,1,33,,12,0,1,14,A01
202100027304,1,15,,0,2,1,1,B01
202100027304,2,7,,0,2,1,13,A01
202100027305,2,7,,0,2,4,2,A01
202100027305,2,7,,0,2,1,2,B01
202100027305,2,7,,0,2,1,2,C01
202100027305,2,7,,0,2,1,2,D01
202100027306,2,33,,0,0,7,1,A01
202100027307,1,7,,0,2,0,18,Z01
202100027307,1,7,,0,2,5,1,B01
202100027307,1,7,,0,2,7,1,A01
202100027308,2,7,,0,2,5,1,B01
202100027308,2,32,,0,2,1,9,A01
202100027309,2,7,,0,2,6,1,A01
202100027309,2,15,,0,2,2,12,B01
202100027309,2,7,,0,2,5,1,C01
202100027310,1,33,,3,0,4,0,A01
202100027311,2,7,,1,0,2,12,C01
202100027311,2,10,,0,2,4,23,B01
202100027311,2,10,,1,0,1,26,A01
202100027312,1,7,,0,2,4,2,B01