Num_Acc,senc,catv,occutc,obs,obsm,choc,manv,num_veh
202100027312,1,7,,0,2,1,1,A01
202100027313,1,7,,0,2,4,2,B01
202100027313,1,7,,0,2,1,1,A01
202100027314,1,37,1.0,0,2,6,23,B01
202100027314,1,7,,0,2,2,1,A01
202100027315,1,7,,0,2,7,1,C01
202100027315,1,7,,0,2,8,0,B01
202100027315,1,16,,0,2,1,11,A01
202100027316,1,7,,0,1,2,17,A01
202100027317,1,7,,0,2,2,15,A01
202100027317,2,33,,0,2,3,1,B01
202100027318,1,7,,0,2,4,1,C01
202100027318,1,7,,0,2,9,1,B01
202100027318,1,10,,0,2,1,1,A01
202100027319,1,7,,0,2,1,9,B01
202100027319,1,30,,0,2,7,1,A01
202100027320,2,37,1.0,0,2,3,1,B01
202100027320,1,7,,0,2,3,1,A01
202100027321,0,7,,0,2,1,1,B01
202100027321,0,50,,0,2,1,19,A01
202100027322,2,7,,0,2,1,1,B01
202100027322,1,7,,0,2,5,1,A01
202100027323,0,7,,0,2,8,19,A01
202100027323,2,10,,0,2,1,1,B01
202100027324,2,7,,15,0,2,14,A01
202100027325,3,7,,0,2,3,1,B01
202100027325,3,2,,0,2,1,0,A01
202100027326,1,32,,0,2,7,17,A01
202100027326,1,7,,0,0,8,0,B01
202100027327,1,7,,0,2,1,13,A01
202100027327,2,7,,0,2,3,1,B01
202100027327,2,7,,0,2,7,1,C01
202100027328,2,10,,0,2,3,1,B01
202100027328,1,32,,0,2,7,1,A01
202100027329,2,7,,6,0,1,14,A01
202100027330,3,3,,0,2,7,17,A01
202100027330,3,1,,0,2,8,2,B01
202100027331,2,7,,0,2,3,9,A01
202100027331,3,2,,0,2,1,15,B01
202100027332,1,7,,0,2,1,13,A01
202100027332,1,7,,0,2,1,1,B01
202100027333,0,7,,0,1,4,4,A01
202100027334,2,7,,8,0,1,21,A01
202100027335,1,10,,0,1,3,1,A01
202100027336,1,10,,0,2,1,0,C01
202100027336,1,7,,0,2,2,0,B01
202100027336,1,7,,0,2,4,1,A01
202100027337,2,7,,0,2,5,2,B01
202100027337,2,34,,0,2,1,2,A01
202100027338,1,7,,0,2,8,26,A01
202100027338,1,34,,0,2,7,16,B01
202100027339,2,10,,0,2,2,1,B01
202100027339,1,7,,0,2,2,13,A01
202100027340,2,7,,0,0,3,23,A01
202100027340,1,30,,0,2,3,0,B01
202100027341,1,7,,0,2,1,1,B01
202100027341,2,14,,3,2,1,13,A01
202100027342,2,31,,1,2,8,2,B01
202100027342,3,7,,0,2,2,15,A01
202100027343,2,32,,0,0,7,1,A01
202100027344,1,7,,1,0,1,1,A01
202100027345,0,7,,0,2,2,2,B01
202100027345,0,30,,0,2,1,2,A01
202100027346,0,30,,0,2,1,1,A01
202100027346,0,7,,0,2,4,0,B01
202100027347,2,32,,0,2,1,1,B01
202100027347,1,10,,0,2,3,15,A01
202100027348,2,7,,0,2,6,1,B01
202100027348,1,7,,0,2,1,1,A01
202100027349,1,33,,0,2,1,1,A01
202100027349,1,7,,0,2,8,9,B01
202100027350,0,99,,15,0,1,16,A01
202100027351,2,7,,0,2,7,1,A01
202100027351,2,50,,0,2,1,9,B01
202100027352,1,33,,16,0,0,0,A01
202100027353,1,7,,0,2,6,26,B01
202100027353,1,7,,0,2,1,26,A01
202100027354,1,7,,0,9,8,19,B01
202100027354,1,1,,0,2,7,19,A01
202100027355,1,7,,0,2,4,26,B01
202100027355,1,30,,0,2,2,26,A01
202100027356,1,7,,0,2,1,2,A01
202100027356,1,7,,0,2,4,2,B01
202100027357,1,7,,0,2,1,9,A01
202100027357,1,1,,0,2,5,26,B01
202100027358,3,7,,0,2,7,1,B01
202100027358,2,2,,0,2,1,1,A01
202100027359,0,30,,0,2,1,2,B01
202100027359,0,2,,0,2,4,2,A01
202100027360,1,10,,0,0,5,23,B01
202100027360,2,2,,0,2,1,1,A01
202100027361,2,7,,0,1,2,1,A01
202100027362,1,10,,3,0,1,17,A01
202100027363,3,7,,0,2,3,26,A01
202100027363,3,50,,0,2,1,1,B01
202100027364,1,7,,0,2,3,1,B01
202100027364,2,7,,0,2,1,15,A01
202100027365,3,2,,12,2,6,1,B01
202100027365,3,7,,0,2,1,1,A01
202100027366,1,7,,0,2,0,2,A01
202100027366,1,1,,0,2,4,15,B01
202100027367,3,1,,0,2,4,26,B01
202100027367,3,7,,0,2,1,1,A01
202100027368,1,7,,0,0,8,23,B01
202100027368,1,30,,1,0,2,21,A01
202100027369,2,7,,0,2,3,1,B01
202100027369,1,7,,0,2,2,15,A01
202100027370,1,7,,0,2,1,2,A01
202100027370,1,7,,0,2,4,23,B01
202100027370,1,7,,0,2,4,23,C01
202100027371,3,7,,0,1,1,15,A01
202100027372,3,7,,0,2,2,15,A01
202100027372,3,33,,0,2,1,1,B01
202100027373,1,32,,0,1,0,26,A01
202100027374,0,7,,0,2,4,16,C01
202100027374,0,7,,0,0,0,0,Z01
202100027374,0,7,,0,2,6,16,B01
202100027375,1,7,,1,0,3,1,A01
202100027376,1,7,,0,1,2,26,A01
202100027377,1,7,,0,2,3,1,A01
202100027377,2,10,,0,2,3,0,B01
202100027378,2,7,,0,2,2,9,A01
202100027378,2,33,,0,2,0,17,B01
202100027379,1,33,,0,2,1,3,A01
202100027379,1,7,,0,2,5,2,B01
202100027380,1,13,,0,2,7,12,A01
202100027380,1,7,,0,2,8,1,B01
202100027381,3,1,,0,2,1,1,B01
202100027381,3,1,,0,2,1,9,A01
202100027382,1,1,,0,2,3,1,B01
202100027382,2,7,,0,2,3,15,A01
202100027383,2,80,,0,1,3,1,A01
202100027384,1,43,,0,1,2,1,A01
202100027385,1,7,,0,2,6,23,C01
202100027385,1,33,,0,2,1,23,B01
202100027385,1,7,,0,2,3,2,A01
202100027386,2,7,,0,2,2,15,B01
202100027386,1,30,,0,2,1,7,A01
202100027387,3,7,,0,2,1,15,B01
202100027387,3,1,,0,2,7,1,A01
202100027388,1,7,,0,2,3,15,A01
202100027388,1,31,,0,2,7,17,B01
202100027389,1,1,,0,9,4,17,A01
202100027389,0,1,,0,0,0,13,Z01
202100027390,2,50,,0,2,0,1,A01
202100027390,2,7,,0,2,0,1,Z01
202100027391,1,30,,0,2,1,0,A01
202100027391,1,14,,0,0,6,16,B01
202100027392,1,10,,0,2,2,1,A01
202100027392,2,31,,0,2,8,1,B01
202100027393,3,32,,0,2,3,1,B01
202100027393,1,7,,0,2,2,1,A01
202100027394,1,7,,0,2,7,1,Z01
202100027394,1,7,,0,2,1,1,B01
202100027395,2,7,,0,2,7,1,B01
202100027395,2,2,,0,2,1,1,A01
202100027396,1,7,,0,2,1,19,A01
202100027396,1,7,,0,2,8,1,B01
202100027397,1,7,,0,2,1,1,A01
202100027397,2,7,,0,2,7,15,B01
202100027398,1,1,,0,2,3,19,B01
202100027398,1,33,,0,2,1,9,A01
202100027399,2,34,,0,2,1,16,B01
202100027399,1,7,,0,2,7,15,A01
202100027400,3,7,,12,0,1,1,A01
202100027401,0,7,,0,2,3,11,A01
202100027401,0,7,,0,2,3,1,B01
202100027402,3,7,,0,2,1,2,A01
202100027402,3,7,,4,2,4,1,B01
202100027403,1,7,,0,2,1,26,Z01
202100027403,2,33,,9,2,1,1,A01
202100027404,1,7,,0,1,1,15,A01
202100027405,3,7,,0,2,2,15,A01
202100027405,3,33,,0,2,1,1,B01
202100027406,2,10,,0,2,1,5,A01
202100027406,1,7,,0,2,1,26,B01
202100027407,1,10,,1,0,3,1,A01
202100027408,2,10,,0,2,8,22,A01
202100027408,2,1,,1,0,1,1,B01
202100027409,1,33,,0,0,7,2,A01
202100027410,3,21,,6,0,9,2,A01
202100027411,3,7,,16,0,0,26,A01
202100027412,0,7,,0,0,5,12,A01
202100027412,0,33,,0,0,3,1,B01
202100027413,2,33,,0,0,4,23,A01
202100027413,2,7,,3,2,2,17,B01
202100027413,2,7,,0,0,6,23,C01
202100027414,1,2,,0,2,0,15,A01
202100027414,1,7,,0,2,0,16,B01
202100027415,1,10,,0,2,1,9,A01
202100027415,1,7,,0,2,2,1,B01
202100027416,2,1,,0,2,1,1,B01
202100027416,1,7,,0,2,3,1,A01
202100027417,2,7,,8,0,3,1,A01
202100027418,2,7,,2,0,1,1,A01
202100027419,3,7,,0,1,6,4,A01
202100027420,1,7,,2,0,3,14,A01
202100027421,3,7,,1,1,3,1,A01
202100027422,1,10,,14,0,8,2,A01
202100027423,3,7,,0,2,1,13,A01
202100027423,3,2,,0,2,1,1,B01
202100027424,1,7,,0,2,1,23,B01
202100027424,2,7,,0,2,8,1,A01
202100027425,2,7,,0,1,3,1,A01
202100027426,2,7,,13,0,1,0,A01
202100027427,2,33,,0,0,3,9,A01
202100027428,2,10,,0,0,1,14,A01
202100027429,1,33,,0,2,1,1,B01
202100027429,1,7,,0,0,5,1,A01
202100027430,3,7,,0,2,3,1,B01
202100027430,3,7,,0,2,3,19,A01
202100027431,1,1,,0,2,1,1,B01
202100027431,2,7,,0,2,3,15,A01
202100027432,1,7,,2,0,1,1,A01
202100027433,1,7,,6,0,2,1,A01
202100027434,2,7,,2,0,1,1,A01
202100027435,1,33,,0,0,0,0,A01
202100027436,2,7,,0,0,7,15,A01
202100027436,1,33,,0,2,1,1,B01
202100027437,1,7,,13,0,2,16,A01
202100027438,1,7,,2,0,1,15,A01
202100027439,2,1,,0,2,1,13,A01
202100027439,1,7,,0,9,1,1,B01
202100027440,1,33,,0,2,1,1,B01
202100027440,2,7,,0,2,6,19,A01
202100027441,2,7,,2,0,1,1,A01
202100027442,1,7,,0,0,9,0,A01
202100027443,1,7,,8,0,3,1,A01
202100027444,1,7,,0,1,0,1,A01
202100027445,1,7,,0,2,3,1,A01
202100027445,2,7,,0,2,3,1,B01
202100027446,2,1,,0,0,1,1,A01
202100027447,2,7,,0,2,1,1,B01
202100027447,1,7,,6,2,7,15,A01
202100027448,2,2,,0,2,0,2,B01
202100027448,2,2,,0,2,0,2,A01
202100027449,3,7,,0,2,1,1,A01
202100027449,3,7,,0,2,5,19,B01
202100027450,2,7,,6,0,9,1,A01
202100027451,2,7,,0,2,1,15,B01
202100027451,1,7,,0,2,3,9,A01
202100027452,2,7,,0,2,1,1,B01
202100027452,1,10,,0,2,1,13,A01
202100027453,2,7,,2,0,1,1,A01
202100027454,1,33,,0,2,2,17,A01
202100027454,1,10,,0,2,3,15,B01
202100027455,1,7,,0,2,3,1,A01
202100027455,1,7,,0,2,3,9,B01
202100027456,1,7,,0,2,1,1,A01
202100027456,1,7,,0,0,4,1,B01
202100027457,1,7,,0,1,1,1,A01
202100027458,3,10,,16,0,9,26,A01
202100027459,3,7,,10,0,2,1,A01
202100027460,1,7,,0,2,3,1,A01
202100027460,2,7,,0,2,1,14,B01
202100027461,1,7,,0,0,0,13,B01
202100027461,2,33,,16,0,0,14,A01
202100027462,2,33,,13,0,7,1,B01
202100027462,2,33,,13,0,7,1,A01
202100027463,1,7,,0,2,3,1,A01
202100027463,1,2,,0,2,1,17,B01
202100027464,1,7,,0,1,3,1,A01
202100027465,2,2,,0,2,1,17,A01
202100027465,1,7,,0,2,3,1,B01
202100027466,2,33,,0,2,1,17,B01
202100027466,0,7,,0,2,3,15,A01
202100027467,1,7,,4,0,9,1,A01
202100027468,1,33,,0,0,1,1,A01
202100027469,2,7,,0,2,6,1,B01
202100027469,1,7,,0,2,3,1,A01
202100027470,3,33,,0,2,1,19,A01
202100027470,1,7,,0,2,8,26,B01
202100027471,1,7,,6,0,3,1,A01
202100027472,2,2,,0,2,8,13,B01
202100027472,2,7,,0,2,7,1,A01
202100027473,1,7,,0,2,3,15,B01
202100027473,1,33,,0,2,1,17,A01
202100027474,2,33,,0,2,2,17,A01
202100027474,2,7,,0,2,8,15,B01
202100027475,1,7,,0,9,8,1,C01
202100027475,2,7,,0,2,3,1,B01
202100027475,1,7,,0,2,3,17,A01
202100027476,2,2,,0,2,1,13,B01
202100027476,1,7,,0,2,3,1,A01
202100027477,1,7,,0,2,4,23,A01
202100027477,1,31,,0,2,1,2,B01
202100027478,2,7,,0,2,4,1,B01
202100027478,2,33,,0,2,1,2,A01
202100027479,1,7,,2,0,9,26,A01
202100027480,2,32,,16,0,4,26,A01
202100027481,1,7,,0,2,4,2,B01
202100027481,1,7,,0,2,4,2,C01
202100027481,1,7,,0,2,1,2,A01
202100027482,3,33,,0,2,4,2,A01
202100027482,3,7,,0,2,1,2,B01
202100027482,3,7,,0,2,4,2,C01
202100027483,1,7,,0,9,1,12,A01
202100027484,1,7,,0,2,1,2,A01
202100027484,1,7,,0,2,4,2,B01
202100027485,1,34,,0,2,3,3,A01
202100027485,1,7,,0,2,2,1,B01
202100027486,1,7,,4,0,1,2,A01
202100027487,1,33,,0,0,4,1,A01
202100027488,1,10,,0,2,2,14,Z01
202100027488,1,1,,0,2,2,1,A01
202100027489,2,7,,0,0,4,2,B01
202100027489,2,7,,0,2,1,2,A01
202100027490,3,7,,0,1,1,1,A01
202100027491,3,7,,0,2,0,15,B01
202100027491,3,2,,0,2,0,1,A01
202100027492,3,31,,0,2,7,1,B01
202100027492,3,7,,0,2,3,15,A01
202100027493,3,33,,0,0,0,0,A01
202100027494,2,34,,0,2,1,5,A01
202100027494,1,7,,0,2,2,1,B01
202100027495,3,50,,0,1,1,25,A01
202100027496,2,1,,0,1,1,5,A01
202100027497,3,7,,0,2,1,1,A01
202100027497,3,7,,0,2,4,1,B01
202100027497,3,7,,0,2,4,1,C01
202100027498,1,7,,0,2,3,1,B01
202100027498,1,7,,0,2,2,1,A01
202100027499,1,7,,0,1,2,1,A01
202100027500,1,7,,0,2,6,15,B01
202100027500,2,33,,0,2,1,1,A01
202100027501,1,7,,0,2,3,21,B01
202100027501,1,7,,0,2,2,13,A01
202100027502,2,31,,0,2,1,7,B01
202100027502,2,7,,0,2,2,16,A01
202100027503,2,1,,0,2,1,21,B01
202100027503,1,7,,0,2,2,15,A01
202100027504,2,30,,0,2,1,5,A01
202100027504,1,7,,0,2,3,1,B01
202100027505,2,7,,0,2,8,13,A01
202100027505,2,10,,0,2,8,1,B01
202100027505,2,7,,0,2,1,1,C01
202100027506,2,1,,0,0,7,1,A01
202100027507,2,33,,0,0,7,1,A01
202100027508,0,50,,0,2,7,15,A01
202100027508,0,7,,0,2,1,1,B01
202100027509,3,7,,0,2,1,1,A01
202100027509,3,99,,0,2,9,1,B01
202100027510,1,7,,15,2,8,16,A01
202100027510,3,7,,0,2,1,1,B01
202100027511,2,7,,0,2,4,2,A01
202100027511,2,31,,0,2,1,2,B01
202100027512,2,2,,0,2,4,14,B01
202100027512,2,7,,0,2,1,2,A01
202100027513,3,33,,0,2,1,1,B01
202100027513,3,7,,0,2,1,15,A01
202100027514,0,7,,0,1,1,1,A01
202100027515,1,7,,0,2,5,16,A01
202100027515,1,50,,0,2,1,1,B01
202100027516,1,7,,0,1,1,26,A01
202100027517,1,7,,0,2,4,15,C01
202100027517,1,7,,0,2,1,1,B01
202100027517,1,7,,0,2,1,1,A01
202100027518,2,33,,0,2,8,16,B01
202100027518,1,7,,0,2,1,15,A01
202100027519,1,1,,0,2,2,19,A01
202100027519,2,80,,0,2,1,1,Z01
202100027520,2,7,,0,2,0,0,Z01
202100027520,1,7,,0,2,1,1,A01
202100027521,1,31,,0,2,1,15,A01
202100027521,1,7,,0,2,3,9,B01
202100027522,1,43,,0,2,1,1,B01
202100027522,1,7,,0,2,6,10,A01
202100027523,2,30,,6,0,1,14,A01
202100027524,2,30,,0,0,8,9,A01
202100027525,1,7,,0,1,3,16,A01
202100027526,2,2,,0,1,1,26,A01
202100027527,2,38,1.0,0,1,3,15,A01
202100027528,2,30,,14,0,1,1,A01
202100027529,0,7,,0,2,1,26,B01
202100027529,0,2,,0,2,1,26,A01
202100027530,1,7,,0,2,2,15,A01
202100027530,2,7,,0,2,1,1,B01
202100027531,0,7,,0,2,1,9,A01
202100027531,0,2,,0,2,1,2,B01
202100027532,1,7,,1,2,1,0,B01
202100027532,1,7,,1,2,0,0,C01
202100027532,1,7,,0,2,1,9,A01
202100027533,1,10,,0,1,1,0,A01
202100027534,1,7,,0,2,3,18,A01
202100027534,1,1,,0,2,7,21,Y01
202100027535,0,32,,0,0,0,0,B01
202100027535,0,7,,0,2,2,9,A01
202100027536,0,7,,0,2,3,1,B01
202100027536,0,7,,0,2,7,15,A01
202100027537,1,7,,0,2,3,15,A01
202100027537,2,30,,0,2,1,2,B01
202100027538,0,99,,0,2,1,1,A01
202100027538,0,33,,0,2,2,1,B01
202100027539,2,7,,1,0,2,14,A01
202100027540,0,80,,1,0,0,0,B01
202100027540,0,7,,0,2,3,24,A01
202100027541,0,7,,0,2,1,2,B01
202100027541,3,7,,0,2,2,2,A01
202100027542,2,7,,1,0,1,1,A01
202100027543,3,7,,8,0,0,2,A01
202100027544,1,7,,0,2,1,1,A01
202100027544,3,2,,0,2,1,1,B01
202100027545,2,1,,0,0,0,1,A01
202100027546,3,7,,0,2,1,20,A01
202100027546,2,1,,0,2,7,1,B01
202100027547,2,17,,0,2,3,1,C01
202100027547,2,7,,0,2,4,1,B01
202100027547,2,7,,0,2,1,2,A01
202100027548,2,7,,0,2,4,1,B01
202100027548,2,7,,0,2,1,1,A01
202100027549,2,7,,0,2,1,15,B01
202100027549,2,7,,0,2,1,14,A01
202100027550,2,7,,0,1,3,1,A01
202100027551,1,7,,2,0,3,2,A01
202100027551,1,7,,0,2,5,12,B01
202100027552,2,50,,0,1,1,1,A01
202100027553,2,2,,0,2,1,1,B01
202100027553,1,7,,0,2,7,15,A01
202100027554,1,7,,0,1,1,1,A01
202100027555,3,7,,0,2,1,1,A01
202100027555,3,1,,0,2,0,0,B01
202100027556,2,7,,0,2,6,15,B01
202100027556,2,7,,0,2,2,1,A01
202100027557,2,2,,0,2,7,17,B01
202100027557,2,7,,0,2,3,15,A01
202100027558,2,7,,0,1,2,1,A01
202100027559,2,10,,0,2,6,1,B01
202100027559,2,33,,0,2,2,3,A01
202100027560,2,7,,0,2,2,12,A01
202100027560,2,7,,4,2,6,1,B01
202100027560,2,10,,0,2,1,1,C01
202100027561,1,32,,11,0,1,13,A01
202100027562,2,30,,0,2,2,17,A01
202100027562,2,10,,0,2,3,15,B01
202100027563,2,7,,0,1,3,1,A01
202100027564,2,50,,0,2,1,17,B01
202100027564,2,7,,0,2,3,15,A01
202100027565,2,1,,0,2,7,17,A01
202100027565,2,1,,0,2,8,13,B01
202100027566,1,7,,0,2,0,22,A01
202100027566,1,1,,0,2,0,1,B01
202100027567,1,1,,0,2,7,1,A01
202100027567,1,7,,0,2,3,15,B01
202100027568,1,7,,0,2,6,23,A01
202100027568,1,30,,0,2,4,1,B01
202100027569,1,32,,0,1,3,1,A01
202100027570,1,7,,0,2,4,23,A01
202100027570,3,10,,0,2,1,2,B01
202100027571,1,1,,0,2,3,1,B01
202100027571,1,10,,0,0,2,16,A01
202100027572,3,50,,0,2,3,19,A01
202100027572,1,7,,0,2,3,1,Z01
202100027573,1,7,,0,2,7,1,A01
202100027573,2,1,,0,2,7,19,B01
202100027574,2,1,,0,2,1,1,B01
202100027574,2,10,,0,2,6,22,A01
202100027575,2,1,,0,0,2,26,A01
202100027576,2,50,,1,0,1,1,A01
202100027577,1,7,,0,2,3,15,B01
202100027577,1,34,,0,2,1,17,A01
202100027578,2,31,,0,2,1,1,A01
202100027578,2,7,,0,2,5,23,B01
202100027579,2,34,,0,0,8,26,A01
202100027580,2,30,,12,0,7,1,A01
202100027581,1,7,,0,2,1,1,A01
202100027581,1,7,,0,2,4,23,B01
202100027582,2,30,,0,2,1,2,B01
202100027582,1,7,,1,2,3,13,A01
202100027583,2,7,,0,1,2,1,A01
202100027584,1,33,,0,2,3,18,B01
202100027584,1,10,,0,2,2,20,A01
202100027585,3,34,,0,2,1,0,B01
202100027585,3,37,1.0,0,2,3,9,A01
202100027586,1,10,,12,1,-1,14,A01
202100027587,0,1,,0,2,1,1,A01
202100027587,0,7,,0,2,2,1,B01
202100027588,0,10,,0,2,3,15,B01
202100027588,0,33,,0,2,1,1,A01
202100027589,2,34,,0,2,1,0,B01
202100027589,2,30,,0,2,2,5,A01
202100027590,0,30,,0,2,4,0,A01
202100027590,0,7,,0,2,3,2,B01
202100027591,0,99,,0,2,6,0,B01
202100027591,2,32,,0,2,1,0,A01
202100027592,1,1,,0,2,8,1,B01
202100027592,1,7,,0,2,3,15,A01
202100027593,2,7,,0,2,1,1,B01
202100027593,1,7,,0,2,7,15,A01
202100027594,2,33,,0,1,1,1,A01
202100027595,2,30,,0,2,1,1,B01
202100027595,1,7,,0,2,7,26,A01
202100027596,1,38,1.0,0,2,3,1,B01
202100027596,2,32,,0,2,1,17,A01
202100027597,1,33,,0,2,1,17,C01
202100027597,1,33,,0,2,1,17,B01
202100027597,1,17,,0,0,3,15,A01
202100027598,2,1,,0,2,4,15,B01
202100027598,2,15,,0,2,3,2,A01
202100027599,1,33,,0,2,1,1,B01
202100027599,1,7,,0,2,5,9,A01
202100027600,1,15,,0,2,8,1,C01
202100027600,1,15,,0,2,3,1,B01
202100027600,2,7,,0,2,3,13,A01
202100027601,1,17,,0,2,6,1,B01
202100027601,1,7,,0,2,2,1,A01
202100027602,1,1,,0,2,1,1,A01
202100027602,3,21,,0,2,3,15,B01
202100027603,1,2,,12,0,0,1,A01
202100027604,1,33,,3,0,8,1,A01
202100027605,2,15,,0,0,1,2,B01
202100027605,3,33,,0,2,8,9,A01
202100027606,3,99,,0,9,4,0,B01
202100027606,3,99,,0,9,1,0,A01
202100027607,2,7,,0,0,0,2,A01
202100027608,1,21,,2,0,1,1,A01
202100027609,1,2,,6,0,2,0,A01
202100027610,1,2,,15,0,0,1,A01
202100027611,1,7,,2,0,3,1,A01
202100027612,1,33,,0,0,0,2,A01
202100027613,1,7,,0,2,1,1,B01
202100027613,2,7,,0,0,1,5,A01
202100027614,1,7,,0,2,1,1,B01
202100027614,2,7,,0,2,2,15,A01
202100027615,2,7,,1,0,1,1,A01
202100027615,2,7,,0,2,4,1,C01
202100027615,2,7,,0,0,7,1,D01
202100027616,2,17,,2,2,1,13,A01
202100027616,1,7,,3,2,8,1,C01
202100027616,1,10,,13,2,1,1,B01
202100027617,2,10,,0,2,2,13,B01
202100027617,1,33,,0,2,1,1,A01
202100027618,1,7,,3,0,3,1,A01
202100027619,1,33,,0,9,1,1,B01
202100027619,2,21,,0,2,6,1,A01
202100027620,3,1,,0,2,1,13,B01
202100027620,3,10,,0,9,3,1,A01
202100027621,1,15,,0,2,2,17,A01
202100027621,1,2,,0,2,6,15,B01
202100027622,1,7,,0,2,1,1,C01
202100027622,1,7,,0,2,6,1,B01
202100027622,2,7,,0,2,1,17,A01
202100027623,2,36,,0,0,0,0,A01
202100027624,1,33,,0,0,7,1,A01
202100027625,3,7,,0,2,3,1,B01
202100027625,3,30,,0,2,1,1,A01
202100027626,1,7,,0,2,3,9,A01
202100027626,1,7,,0,2,1,1,B01
202100027627,2,1,,0,0,0,1,A01
202100027628,2,7,,0,2,1,17,A01
202100027628,2,10,,13,2,8,15,B01
202100027629,2,7,,0,2,1,17,A01
202100027629,2,2,,0,0,4,15,B01
202100027630,3,7,,0,1,4,4,A01
202100027631,2,7,,13,0,1,13,A01
202100027632,2,7,,0,2,8,13,A01
202100027632,1,38,1.0,0,2,8,21,B01
202100027632,1,7,,0,2,3,21,C01
202100027633,1,33,,0,2,1,21,B01
202100027633,2,7,,0,2,5,15,A01
202100027634,2,7,,8,0,0,1,A01
202100027635,1,2,,0,0,0,1,A01
202100027636,2,21,,0,2,5,11,A01
202100027636,1,31,,0,2,3,16,B01
202100027637,1,7,,0,2,7,19,B01
202100027637,2,7,,0,2,1,1,A01
202100027638,2,33,,0,2,2,17,B01
202100027638,2,13,,0,2,3,10,A01
202100027639,0,33,,0,2,1,1,B01
202100027639,1,7,,0,2,7,19,A01
202100027640,1,7,,0,2,2,1,C01
202100027640,1,7,,0,2,8,1,B01
202100027640,2,7,,0,2,3,5,A01
202100027641,1,33,,0,0,2,3,A01
202100027641,1,7,,0,0,3,15,B01
202100027642,2,32,,0,2,1,1,B01
202100027642,1,10,,0,2,3,15,A01
202100027643,1,2,,0,2,8,13,A01
202100027643,1,7,,0,2,2,1,B01
202100027644,2,33,,0,2,1,1,B01
202100027644,1,7,,0,2,2,15,A01
202100027645,1,33,,0,0,0,2,A01
202100027646,2,7,,15,0,1,1,A01
202100027647,3,33,,0,2,1,1,B01
202100027647,3,7,,0,2,3,16,A01
202100027648,2,10,,0,2,2,1,B01
202100027648,1,33,,0,2,1,13,A01
202100027649,1,7,,0,2,2,1,B01
202100027649,2,2,,0,2,7,15,A01
202100027650,2,33,,0,6,1,1,A01
202100027651,1,7,,0,2,3,0,B01
202100027651,1,1,,0,2,1,17,A01
202100027652,3,2,,0,0,1,1,B01
202100027652,3,7,,0,0,4,1,A01
202100027653,1,7,,13,0,1,13,A01
202100027654,3,7,,0,1,2,1,A01
202100027655,2,10,,0,9,2,9,A01
202100027655,2,1,,0,0,5,26,B01
202100027656,3,2,,15,0,1,1,A01
202100027657,3,7,,0,1,0,0,A01
202100027658,2,7,,0,2,7,14,B01
202100027658,2,1,,0,2,8,1,A01
202100027659,1,7,,0,2,1,9,A01
202100027659,1,7,,0,2,4,1,B01
202100027659,1,7,,0,2,4,1,C01
202100027660,1,7,,0,2,1,2,B01
202100027660,1,7,,0,2,4,2,A01
202100027661,2,7,,0,2,4,1,A01
202100027661,2,7,,0,2,1,2,Z01
202100027662,2,10,,0,2,7,1,B01
202100027662,2,33,,0,2,1,13,A01
202100027663,1,7,,4,0,0,12,A01
202100027664,1,13,,0,2,6,1,B01
202100027664,1,7,,0,2,7,17,A01
202100027665,1,33,,0,2,1,1,B01
202100027665,1,10,,0,2,4,12,A01
202100027666,2,7,,0,2,3,2,B01
202100027666,2,7,,0,2,1,2,A01
202100027667,1,7,,0,2,4,2,B01
202100027667,1,7,,0,2,1,2,A01
202100027668,1,7,,0,2,4,16,B01
202100027668,1,7,,0,2,1,2,A01
202100027669,2,14,,0,2,2,1,B01
202100027669,2,7,,0,2,3,9,A01
202100027670,2,13,,0,2,5,1,B01
202100027670,2,33,,0,2,8,11,A01
202100027671,2,7,,0,2,4,1,B01
202100027671,2,7,,0,2,1,1,A01
202100027672,1,33,,0,2,1,1,A01
202100027672,1,7,,0,2,5,2,B01
202100027673,2,7,,0,2,4,11,B01
202100027673,2,31,,0,2,1,3,A01
202100027674,1,13,,0,2,3,11,A01
202100027674,1,10,,0,2,1,2,C01
202100027674,1,7,,6,2,2,1,B01
202100027675,2,10,,0,2,4,1,D01
202100027675,2,7,,0,2,4,1,C01
202100027675,2,7,,0,2,4,1,B01
202100027675,2,7,,0,2,4,1,A01
202100027675,2,7,,0,2,1,1,E01
202100027676,1,14,,0,2,1,2,A01
202100027676,1,7,,0,2,4,2,B01
202100027676,1,15,,0,2,4,2,Z01
202100027677,1,15,,0,2,2,1,B01
202100027677,1,7,,0,2,6,11,A01
202100027678,3,7,,0,1,1,15,A01
202100027679,1,37,1.0,0,1,0,15,A01
202100027680,3,7,,0,2,1,1,B01
202100027680,0,7,,0,2,2,14,A01
202100027681,1,33,,0,1,1,9,A01
202100027682,2,30,,0,2,6,21,A01
202100027682,1,7,,0,2,3,1,B01
202100027683,1,7,,0,2,4,0,B01
202100027683,1,7,,0,2,1,1,A01
202100027684,0,7,,0,2,1,15,A01
202100027684,1,32,,0,2,7,17,B01
202100027685,2,10,,0,1,7,20,A01
202100027686,3,7,,0,1,0,0,B01
202100027687,0,50,,0,2,0,2,B01
202100027687,2,7,,0,2,3,2,A01
202100027688,0,7,,0,1,1,1,A01
202100027689,1,30,,0,2,7,1,A01