Num_Acc,senc,catv,occutc,obs,obsm,choc,manv,num_veh
202100027689,2,7,,0,2,2,1,B01
202100027690,2,7,,0,2,2,15,A01
202100027690,1,7,,0,2,1,1,B01
202100027691,2,7,,0,1,1,1,A01
202100027692,1,32,,1,0,1,26,A01
202100027692,1,31,,1,2,4,2,B01
202100027692,1,7,,0,2,4,23,C01
202100027693,2,7,,0,2,1,15,A01
202100027693,1,7,,0,2,3,2,B01
202100027694,1,31,,0,2,1,16,A01
202100027694,0,7,,0,2,5,16,B01
202100027695,0,7,,0,2,1,17,A01
202100027695,0,7,,0,2,1,1,B01
202100027696,2,32,,0,2,1,1,B01
202100027696,2,7,,0,2,2,10,A01
202100027697,1,7,,0,2,8,1,A01
202100027697,1,37,1.0,0,2,1,2,B01
202100027698,2,7,,0,1,1,1,A01
202100027699,1,7,,0,1,0,1,A01
202100027700,0,7,,0,2,3,10,A01
202100027700,0,2,,0,2,1,1,B01
202100027701,1,7,,0,2,5,1,B01
202100027701,1,33,,0,2,1,9,A01
202100027702,3,7,,0,2,1,9,A01
202100027702,1,33,,0,2,1,0,B01
202100027703,0,7,,0,2,1,1,Z01
202100027703,0,7,,0,2,3,1,B01
202100027704,2,17,,0,2,2,1,B01
202100027704,2,7,,0,2,6,9,A01
202100027705,1,7,,3,2,1,14,A01
202100027706,2,7,,0,1,1,26,A01
202100027707,3,7,,0,2,1,15,A01
202100027707,3,33,,0,2,1,0,B01
202100027708,2,10,,0,0,4,2,C01
202100027708,2,7,,0,2,6,2,B01
202100027708,2,10,,0,2,2,2,A01
202100027709,2,30,,0,2,1,21,A01
202100027709,1,7,,0,2,0,15,B01
202100027710,1,10,,0,2,1,5,B01
202100027710,2,7,,0,2,1,1,A01
202100027711,1,7,,8,0,2,14,A01
202100027712,0,7,,4,0,3,1,A01
202100027713,2,37,1.0,0,1,2,26,A01
202100027714,2,7,,2,0,1,14,A01
202100027715,1,7,,0,1,1,2,A01
202100027716,1,7,,0,2,1,1,A01
202100027716,2,7,,0,2,3,1,B01
202100027717,2,33,,0,2,1,1,B01
202100027717,1,10,,0,2,2,15,A01
202100027718,1,7,,0,2,2,16,A01
202100027718,1,7,,0,2,3,16,B01
202100027719,1,7,,0,1,2,1,A01
202100027719,1,7,,0,1,6,1,B01
202100027720,2,7,,0,1,1,16,A01
202100027721,1,7,,0,2,4,2,C01
202100027721,1,7,,0,2,4,2,B01
202100027721,1,7,,0,2,1,2,A01
202100027722,0,32,,0,0,0,21,A01
202100027723,2,7,,0,2,4,1,B01
202100027723,2,7,,0,2,1,1,A01
202100027724,3,7,,1,0,0,0,A01
202100027725,1,31,,0,0,0,0,A01
202100027725,1,1,,0,2,3,19,B01
202100027726,0,7,,0,2,2,1,B01
202100027726,0,80,,0,2,7,19,A01
202100027727,1,7,,0,2,2,9,A01
202100027727,1,1,,0,2,1,1,B01
202100027728,0,1,,0,2,1,16,A01
202100027728,0,7,,0,9,3,15,B01
202100027729,1,30,,0,1,1,1,Z01
202100027730,1,30,,0,1,7,14,Z01
202100027731,1,7,,0,1,1,1,A01
202100027732,1,30,,0,2,1,26,A01
202100027732,1,7,,0,2,8,1,B01
202100027733,1,2,,0,2,3,1,B01
202100027733,1,7,,0,2,2,12,A01
202100027734,3,7,,8,0,1,1,A01
202100027735,0,1,,0,2,4,16,A01
202100027735,3,7,,0,2,3,9,B01
202100027736,0,7,,0,2,3,2,B01
202100027736,0,30,,0,2,1,13,A01
202100027737,3,7,,0,2,3,9,A01
202100027737,3,1,,0,2,1,1,B01
202100027738,3,7,,0,2,3,17,A01
202100027738,3,80,,0,2,5,19,B01
202100027739,2,7,,0,2,4,2,B01
202100027739,2,7,,0,2,1,2,A01
202100027740,2,7,,0,2,6,2,B01
202100027740,2,7,,0,2,1,1,A01
202100027741,2,1,,8,0,1,1,A01
202100027742,3,33,,0,2,7,1,B01
202100027742,3,7,,0,2,8,15,A01
202100027743,1,7,,0,2,7,1,A01
202100027743,2,1,,0,2,3,1,B01
202100027744,3,7,,0,2,1,9,A01
202100027744,2,7,,0,2,7,1,B01
202100027745,2,7,,0,2,5,15,B01
202100027745,2,7,,0,2,3,2,A01
202100027746,1,7,,13,0,1,26,A01
202100027747,2,7,,0,2,1,0,C01
202100027747,2,7,,0,2,1,0,B01
202100027747,2,7,,0,2,4,0,D01
202100027747,2,7,,0,2,0,26,A01
202100027748,1,30,,8,0,3,1,A01
202100027749,1,33,,0,2,6,23,A01
202100027749,1,30,,14,0,1,0,Z01
202100027750,0,7,,0,2,3,2,B01
202100027750,0,31,,0,2,1,0,A01
202100027751,2,7,,0,2,4,1,B01
202100027751,2,7,,0,2,1,1,A01
202100027752,2,7,,0,2,3,15,A01
202100027752,2,2,,0,2,1,1,B01
202100027753,1,31,,0,2,1,13,A01
202100027753,2,7,,0,2,3,1,B01
202100027754,1,7,,9,0,1,16,A01
202100027755,2,7,,0,2,4,2,B01
202100027755,2,7,,0,2,1,2,A01
202100027756,1,33,,0,2,2,9,A01
202100027756,1,7,,0,2,6,1,B01
202100027757,2,7,,0,2,3,11,Z01
202100027757,2,43,,0,2,5,21,A01
202100027758,1,1,,4,0,1,13,A01
202100027759,1,32,,0,2,3,1,B01
202100027759,2,7,,0,2,2,16,A01
202100027760,1,7,,0,2,1,1,A01
202100027760,2,7,,0,2,3,1,B01
202100027761,2,80,,0,2,8,1,B01
202100027761,1,10,,0,2,1,15,A01
202100027762,1,1,,0,0,0,21,A01
202100027763,2,32,,0,2,5,1,B01
202100027763,2,7,,0,2,3,11,A01
202100027764,2,30,,0,1,1,1,Z01
202100027765,2,1,,0,2,0,7,B01
202100027765,2,7,,0,2,2,13,A01
202100027766,3,1,,0,2,8,1,A01
202100027766,1,43,,0,2,2,1,B01
202100027767,1,7,,0,2,1,1,A01
202100027767,1,7,,0,2,3,1,B01
202100027768,3,10,,2,0,1,14,A01
202100027769,2,32,,0,0,3,21,A01
202100027770,3,30,,14,0,7,16,A01
202100027771,2,1,,0,0,0,1,A01
202100027772,3,7,,0,1,1,1,A01
202100027773,2,33,,0,2,2,21,A01
202100027773,2,1,,0,2,1,0,B01
202100027774,1,7,,1,0,8,1,A01
202100027775,1,7,,0,2,0,10,A01
202100027775,2,2,,0,2,1,1,B01
202100027776,1,7,,0,1,1,26,Z01
202100027777,3,33,,10,2,1,1,B01
202100027777,3,10,,10,2,2,12,A01
202100027778,3,7,,9,0,1,1,A01
202100027779,3,33,,0,2,1,1,B01
202100027779,3,7,,0,2,6,11,A01
202100027780,1,37,1.0,0,1,3,19,A01
202100027781,1,7,,0,2,1,2,A01
202100027781,1,7,,0,2,4,2,B01
202100027782,3,7,,0,2,6,1,B01
202100027782,3,7,,0,2,1,19,A01
202100027783,1,7,,0,1,3,1,A01
202100027784,1,43,,9,2,8,15,A01
202100027785,1,2,,1,0,3,14,B01
202100027785,0,7,,0,2,3,24,A01
202100027786,2,1,,0,2,3,1,B01
202100027786,2,30,,0,2,1,19,A01
202100027787,1,7,,0,2,6,9,A01
202100027787,1,33,,0,2,1,1,B01
202100027788,1,7,,0,2,4,20,A01
202100027788,1,2,,0,2,1,1,B01
202100027789,2,14,,0,2,7,16,A01
202100027789,2,1,,0,2,1,1,B01
202100027790,1,10,,0,2,2,16,B01
202100027790,1,80,,0,2,1,1,A01
202100027791,2,7,,0,2,3,19,A01
202100027791,2,33,,0,2,1,1,B01
202100027792,1,7,,0,2,3,25,B01
202100027792,1,33,,0,2,1,2,A01
202100027793,2,7,,6,0,0,14,A01
202100027794,1,33,,3,2,3,0,B01
202100027794,1,7,,0,2,7,12,A01
202100027795,0,7,,3,0,7,1,A01
202100027796,2,33,,12,0,1,1,A01
202100027797,3,7,,0,2,1,1,A01
202100027797,3,21,,0,2,3,1,B01
202100027798,1,7,,4,0,7,1,A01
202100027798,1,7,,3,2,2,18,B01
202100027799,2,33,,13,0,2,2,A01
202100027800,1,7,,0,2,3,15,B01
202100027800,1,33,,0,2,2,17,A01
202100027801,2,7,,0,0,4,2,A01
202100027801,2,7,,0,0,1,2,B01
202100027802,2,33,,0,6,1,1,A01
202100027803,3,1,,0,0,0,1,A01
202100027804,2,7,,0,2,8,15,B01
202100027804,2,33,,0,2,7,17,A01
202100027805,2,7,,2,0,9,0,A01
202100027806,2,10,,13,0,2,14,A01
202100027807,2,33,,0,2,1,17,B01
202100027807,1,7,,0,2,3,19,A01
202100027808,1,33,,0,2,1,0,B01
202100027808,2,7,,0,2,3,0,A01
202100027809,2,7,,0,2,1,1,B01
202100027809,2,33,,7,2,7,1,A01
202100027810,2,7,,0,2,6,9,B01
202100027810,2,33,,0,2,1,1,A01
202100027811,2,33,,0,2,1,1,A01
202100027811,1,7,,0,0,5,19,B01
202100027812,1,1,,0,2,9,1,B01
202100027812,2,7,,0,2,2,15,A01
202100027813,1,34,,13,0,1,1,A01
202100027814,1,1,,0,6,6,1,A01
202100027815,3,7,,13,0,3,13,A01
202100027816,1,7,,0,2,3,1,A01
202100027816,1,7,,0,2,4,1,C01
202100027816,2,7,,0,2,3,15,B01
202100027816,1,21,,0,2,1,1,D01
202100027817,1,17,,3,2,3,1,B01
202100027817,2,7,,3,2,7,14,A01
202100027818,3,80,,0,0,0,1,A01
202100027819,2,1,,14,0,0,1,A01
202100027820,1,7,,0,2,4,1,B01
202100027820,1,10,,0,2,1,1,A01
202100027821,3,1,,0,0,0,1,A01
202100027822,3,2,,2,0,0,0,A01
202100027823,2,7,,0,2,1,1,B01
202100027823,1,7,,0,2,1,0,A01
202100027824,1,7,,0,2,3,1,B01
202100027824,2,33,,0,2,8,1,A01
202100027825,1,2,,0,2,1,2,A01
202100027825,1,7,,0,0,6,2,B01
202100027825,2,7,,0,0,3,1,C01
202100027826,2,33,,3,0,3,1,A01
202100027827,0,2,,13,0,1,1,A01
202100027828,3,15,,0,9,0,17,A01
202100027828,3,1,,0,0,0,0,B01
202100027829,2,7,,1,0,3,15,A01
202100027829,0,7,,0,0,5,24,B01
202100027830,2,7,,0,2,1,15,A01
202100027830,1,7,,0,2,1,1,B01
202100027831,1,33,,0,2,1,1,B01
202100027831,2,7,,0,2,1,15,A01
202100027832,1,7,,2,0,1,13,A01
202100027833,1,7,,2,0,1,1,A01
202100027834,2,32,,0,2,1,2,A01
202100027834,2,7,,0,0,4,1,B01
202100027835,1,7,,0,0,9,1,A01
202100027836,3,13,,0,2,6,16,B01
202100027836,1,7,,0,2,3,1,A01
202100027837,2,10,,0,2,2,15,B01
202100027837,1,7,,0,2,1,15,A01
202100027838,2,7,,0,0,4,23,B01
202100027838,2,32,,0,2,1,23,A01
202100027839,2,17,,0,0,2,1,A01
202100027840,2,7,,2,0,1,1,A01
202100027841,1,0,,0,1,1,1,A01
202100027842,1,2,,0,0,0,1,A01
202100027843,1,7,,0,2,3,15,B01
202100027843,2,32,,0,2,0,17,A01
202100027844,3,7,,0,0,4,1,A01
202100027844,3,2,,0,2,1,1,B01
202100027845,1,32,,0,2,8,5,A01
202100027845,2,7,,0,2,3,1,B01
202100027846,3,7,,0,1,1,2,A01
202100027847,2,7,,0,2,1,2,A01
202100027847,2,7,,0,2,4,2,B01
202100027848,2,10,,0,2,3,15,A01
202100027848,2,33,,1,2,5,17,B01
202100027849,2,33,,0,2,7,1,B01
202100027849,2,7,,0,2,1,26,A01
202100027850,1,7,,13,0,1,17,A01
202100027851,2,7,,0,2,3,0,B01
202100027851,1,33,,0,2,1,1,A01
202100027852,2,10,,0,1,2,1,A01
202100027853,1,7,,0,1,2,16,A01
202100027854,2,33,,1,0,1,1,A01
202100027855,2,33,,4,0,7,1,A01
202100027856,1,7,,2,0,7,14,A01
202100027857,1,7,,0,2,1,15,A01
202100027857,1,31,,0,2,1,1,B01
202100027858,1,33,,0,2,1,2,B01
202100027858,1,7,,0,2,4,1,A01
202100027859,2,7,,0,2,1,2,B01
202100027859,2,7,,0,2,4,1,A01
202100027860,2,7,,0,2,4,1,B01
202100027860,2,7,,0,2,4,1,A01
202100027860,2,7,,0,2,1,12,C01
202100027861,2,10,,0,2,1,2,D01
202100027861,2,10,,0,2,4,0,C01
202100027861,2,7,,0,2,4,1,B01
202100027861,2,7,,0,2,7,1,A01
202100027862,1,7,,0,2,4,1,B01
202100027862,1,7,,0,2,1,2,A01
202100027863,1,7,,0,2,1,1,A01
202100027863,1,17,,0,2,4,2,B01
202100027864,2,7,,0,2,1,2,D01
202100027864,2,7,,0,2,1,2,C01
202100027864,2,17,,0,2,2,2,B01
202100027864,2,7,,0,2,4,4,A01
202100027865,1,99,,0,2,4,2,B01
202100027865,1,7,,0,2,1,1,A01
202100027866,1,31,,0,2,1,2,A01
202100027867,2,7,,0,2,8,13,B01
202100027867,2,33,,0,2,2,3,A01
202100027868,2,7,,4,2,1,14,A01
202100027868,2,15,,0,2,4,2,B01
202100027869,3,7,,0,1,3,1,A01
202100027870,2,0,,13,2,0,5,B01
202100027870,1,7,,4,2,8,1,A01
202100027871,2,10,,0,2,2,15,B01
202100027871,1,31,,0,2,2,1,A01
202100027872,3,7,,1,0,5,0,B01
202100027872,3,33,,1,0,1,2,A01
202100027873,3,7,,0,2,4,1,B01
202100027873,3,7,,0,2,1,1,A01
202100027874,1,7,,0,1,3,15,A01
202100027875,2,7,,0,9,1,15,A01
202100027875,1,1,,0,2,3,21,B01
202100027876,1,7,,0,2,3,1,B01
202100027876,3,10,,0,2,1,1,A01
202100027877,3,7,,14,0,1,1,A01
202100027878,0,7,,0,2,2,19,B01
202100027878,0,7,,0,2,7,19,A01
202100027879,1,7,,0,2,4,1,C01
202100027879,1,7,,0,2,8,2,B01
202100027879,1,7,,0,2,2,12,A01
202100027880,1,10,,6,0,1,15,A01
202100027880,2,1,,0,2,7,0,B01
202100027881,1,32,,1,1,1,7,A01
202100027882,1,7,,0,2,8,15,A01
202100027882,2,7,,0,0,0,0,B01
202100027883,1,7,,0,2,2,1,A01
202100027883,1,1,,0,2,7,1,B01
202100027884,2,7,,0,0,6,23,B01
202100027884,2,7,,1,0,2,1,A01
202100027885,2,7,,0,1,4,1,B01
202100027885,2,7,,0,2,1,1,A01
202100027886,1,10,,0,2,1,9,A01
202100027886,1,10,,0,2,4,2,C01
202100027886,1,10,,0,2,4,1,B01
202100027887,2,7,,0,2,1,1,A01
202100027887,2,7,,0,2,4,12,B01
202100027887,1,7,,0,0,0,0,C01
202100027888,0,1,,0,1,1,25,A01
202100027889,0,2,,0,0,1,1,A01
202100027890,2,7,,0,2,7,1,B01
202100027890,2,7,,0,2,1,1,A01
202100027891,0,7,,0,2,5,15,A01
202100027891,0,2,,0,2,1,1,B01
202100027892,0,7,,0,9,1,1,B01
202100027892,0,50,,0,2,1,19,A01
202100027893,0,31,,0,0,1,15,A01
202100027894,0,31,,0,1,1,1,A01
202100027895,0,7,,0,2,1,1,C01
202100027895,3,33,,0,2,1,17,B01
202100027895,0,7,,0,2,1,13,A01
202100027896,2,7,,8,0,2,14,A01
202100027897,0,36,,0,0,7,10,A01
202100027898,0,33,,0,2,1,1,B01
202100027898,0,33,,0,2,8,10,A01
202100027899,2,31,,0,2,1,2,A01
202100027899,2,7,,0,2,4,2,B01
202100027900,1,7,,0,2,4,2,B01
202100027900,1,7,,0,2,2,2,A01
202100027901,3,1,,0,2,8,1,B01
202100027901,2,7,,0,2,2,16,A01
202100027902,2,7,,0,2,7,16,A01
202100027902,2,7,,0,2,8,16,B01
202100027902,1,7,,0,2,8,1,C01
202100027902,1,7,,0,2,3,1,D01
202100027902,1,7,,0,2,6,1,E01
202100027903,3,7,,0,2,2,15,A01
202100027904,1,7,,0,2,3,1,B01
202100027904,2,7,,0,2,3,15,A01
202100027905,2,1,,0,2,8,1,B01
202100027905,2,33,,0,2,5,16,A01
202100027906,1,30,,12,0,3,11,A01
202100027907,2,2,,12,0,7,1,A01
202100027908,1,7,,0,2,2,15,A01
202100027908,2,2,,0,2,1,8,B01
202100027909,2,33,,0,2,3,16,B01
202100027909,2,33,,0,2,1,1,A01
202100027910,2,7,,9,0,1,19,A01
202100027911,1,7,,0,1,1,1,A01
202100027912,1,2,,0,2,0,0,B01
202100027912,1,7,,0,2,7,16,A01
202100027913,1,7,,0,1,7,1,A01
202100027914,1,7,,0,2,4,2,B01
202100027914,1,7,,0,2,2,2,A01
202100027915,3,1,,0,9,3,9,A01
202100027915,3,80,,0,2,1,1,B01
202100027916,1,7,,0,2,1,19,A01
202100027916,1,1,,0,2,3,19,B01
202100027917,1,30,,0,0,1,26,A01
202100027918,1,7,,0,2,3,15,A01
202100027918,2,7,,0,0,5,1,B01
202100027918,2,7,,16,2,3,1,C01
202100027919,0,1,,0,2,1,17,A01
202100027919,0,1,,0,0,0,1,B01
202100027920,1,7,,0,2,3,15,A01
202100027920,1,33,,0,2,5,1,B01
202100027921,2,7,,15,0,8,26,A01
202100027922,3,30,,14,0,0,15,A01
202100027923,3,7,,0,2,2,16,A01
202100027923,3,1,,0,2,0,0,B01
202100027924,2,7,,0,2,8,1,B01
202100027924,1,7,,0,2,8,13,A01
202100027925,3,7,,0,2,4,2,B01
202100027925,3,7,,0,2,1,2,A01
202100027926,2,7,,0,2,3,15,A01
202100027926,1,1,,0,2,1,1,B01
202100027927,1,1,,0,0,0,1,A01
202100027928,0,7,,0,2,2,1,A01
202100027928,0,7,,0,2,1,0,B01
202100027929,1,1,,0,0,0,1,A01
202100027930,0,1,,0,0,0,1,A01
202100027931,0,7,,0,2,3,1,B01
202100027931,0,7,,0,2,2,1,A01
202100027932,2,7,,0,2,8,13,A01
202100027932,1,10,,0,2,3,1,B01
202100027933,1,7,,0,2,2,9,A01
202100027933,2,1,,0,2,7,1,B01
202100027934,2,7,,0,2,3,16,B01
202100027934,1,7,,0,2,3,1,A01
202100027935,1,33,,0,2,1,1,B01
202100027935,1,7,,0,2,2,15,A01
202100027936,2,31,,0,2,1,1,A01
202100027936,1,7,,0,2,1,15,B01
202100027937,1,50,,0,2,1,5,B01
202100027937,1,7,,0,2,1,1,A01
202100027938,2,7,,0,2,1,1,A01
202100027938,3,7,,0,2,1,15,B01
202100027939,1,7,,0,2,8,15,B01
202100027939,1,30,,0,2,1,3,A01
202100027940,2,50,,0,2,1,2,A01
202100027940,2,37,1.0,0,9,4,23,B01
202100027941,3,7,,0,2,1,1,Z01
202100027941,3,7,,0,2,1,15,A01
202100027942,1,7,,0,2,1,26,A01
202100027942,2,33,,0,2,8,0,B01
202100027943,0,2,,0,2,8,10,A01
202100027943,0,33,,0,2,1,1,C01
202100027943,0,7,,0,2,1,2,B01
202100027944,1,7,,0,2,1,15,B01
202100027944,1,32,,0,2,1,26,A01
202100027945,1,7,,0,2,2,1,B01
202100027945,2,31,,0,2,2,1,A01
202100027946,1,7,,0,2,1,10,B01
202100027946,1,7,,0,2,4,19,A01
202100027947,2,7,,0,1,2,3,A01
202100027948,1,7,,0,2,3,2,A01
202100027948,1,7,,0,2,5,2,B01
202100027949,3,41,,0,2,7,2,B01
202100027949,3,7,,0,2,3,9,A01
202100027950,1,7,,0,2,2,0,A01
202100027950,1,7,,0,2,1,2,Z01
202100027950,1,7,,0,2,4,2,B01
202100027951,2,33,,0,2,1,2,A01
202100027951,2,7,,0,2,5,2,B01
202100027952,1,50,,0,2,4,23,B01
202100027952,1,1,,0,2,1,2,A01
202100027953,1,7,,0,0,1,15,A01
202100027954,1,30,,0,2,3,9,B01
202100027954,1,7,,0,2,5,1,A01
202100027955,1,10,,0,1,2,1,A01
202100027956,1,1,,0,2,2,13,A01
202100027956,1,37,1.0,0,2,8,17,B01
202100027957,1,7,,0,2,8,22,B01
202100027957,1,7,,0,2,2,1,A01
202100027958,2,30,,0,2,1,2,A01
202100027958,2,7,,0,2,4,16,B01
202100027959,3,7,,4,0,1,14,A01
202100027960,1,7,,0,1,1,15,A01
202100027961,3,7,,0,2,3,15,A01
202100027961,1,33,,0,2,1,17,B01
202100027962,2,7,,1,0,1,13,A01
202100027963,2,10,,0,2,6,23,B01
202100027963,2,31,,0,2,2,2,A01
202100027964,2,7,,0,2,1,2,A01
202100027964,2,10,,0,2,4,2,B01
202100027965,2,10,,0,1,3,1,A01
202100027966,1,7,,0,2,4,2,X01
202100027966,1,7,,0,2,1,2,Z01
202100027966,1,1,,0,2,4,2,A01
202100027967,2,30,,0,1,1,7,A01
202100027968,1,10,,0,2,3,10,A01
202100027968,1,33,,0,2,1,1,B01
202100027969,1,1,,0,0,1,5,A01
202100027970,3,43,,0,1,2,1,A01
202100027971,1,7,,0,2,1,2,B01
202100027971,3,1,,0,2,4,2,A01
202100027972,1,1,,0,1,1,1,A01
202100027973,1,7,,0,2,3,1,B01
202100027973,1,7,,0,2,7,1,A01
202100027974,1,7,,0,2,1,1,A01
202100027974,1,7,,0,2,4,1,B01
202100027975,2,7,,0,1,1,16,A01
202100027976,1,7,,0,2,1,1,B01
202100027976,1,30,,0,2,1,19,A01
202100027977,2,7,,0,2,3,1,A01
202100027977,2,10,,0,0,2,1,B01
202100027978,1,30,,1,1,1,25,A01
202100027979,2,33,,0,9,7,26,A01
202100027979,1,50,,0,2,1,26,B01
202100027980,3,7,,0,2,2,14,A01
202100027981,1,7,,0,2,5,2,A01
202100027981,1,1,,0,2,3,1,B01
202100027982,2,60,,13,9,1,14,A01
202100027982,2,60,,13,9,1,12,B01
202100027983,1,7,,0,2,1,21,A01
202100027984,0,7,,0,2,1,1,A01
202100027984,0,32,,0,2,0,0,B01
202100027985,0,99,,0,2,1,24,B01
202100027985,0,7,,1,0,2,2,A01
202100027986,3,7,,0,2,3,26,A01
202100027986,3,30,,0,2,4,23,B01
202100027987,2,7,,0,1,6,4,A01
202100027988,2,7,,2,0,1,1,A01
202100027989,1,7,,0,2,1,2,C01
202100027989,1,7,,3,2,4,2,B01
202100027989,1,7,,0,0,4,2,A01
202100027990,1,32,,0,2,3,13,B01
202100027990,2,7,,0,2,3,13,A01
202100027991,0,7,,1,0,1,14,A01
202100027992,0,7,,0,0,0,0,A01
202100027993,1,31,,12,0,0,1,A01
202100027994,2,7,,0,2,1,1,B01
202100027994,1,7,,0,2,1,13,A01
202100027995,2,7,,0,2,8,1,A01
202100027995,1,7,,0,2,1,1,B01
202100027996,1,33,,0,2,1,17,A01
202100027996,1,7,,0,0,4,15,B01
202100027997,1,7,,13,0,9,13,A01
202100027998,3,7,,0,0,3,15,B01
202100027998,2,7,,1,2,1,1,A01
202100027999,2,1,,0,0,0,1,A01
202100028000,1,7,,0,2,8,1,A01
202100028000,1,7,,0,2,3,15,B01
202100028001,3,31,,0,9,1,1,A01
202100028001,3,1,,0,2,1,1,B01
202100028001,3,1,,0,2,1,1,C01
202100028001,3,1,,0,2,1,1,D01
202100028001,3,1,,0,2,1,1,E01
202100028002,0,33,,0,2,1,1,A01
202100028002,0,7,,0,2,6,9,B01
202100028003,3,10,,0,2,1,1,A01
202100028003,3,1,,0,2,1,1,B01
202100028004,0,33,,12,0,1,1,A01
202100028005,3,7,,2,0,3,1,A01
202100028006,2,7,,0,2,6,1,B01
202100028006,1,2,,0,2,1,1,A01
202100028007,2,33,,13,0,1,1,A01
202100028008,1,7,,4,0,2,2,A01
202100028009,3,21,,0,0,6,9,A01
202100028009,3,7,,0,2,1,1,B01
202100028010,1,2,,11,0,0,1,A01
202100028011,1,7,,16,0,1,1,A01
202100028012,3,2,,0,2,8,1,B01
202100028012,0,7,,0,2,7,19,A01
202100028013,3,7,,1,1,1,13,A01
202100028014,1,32,,0,0,8,1,A01
202100028015,0,7,,0,9,3,1,A01
202100028015,0,1,,0,2,1,1,B01
202100028016,2,33,,0,0,3,13,B01
202100028016,3,7,,0,2,2,15,A01
202100028017,2,31,,3,0,1,1,A01
202100028018,1,2,,12,0,1,1,A01
202100028019,2,7,,14,2,2,9,B01
202100028019,2,7,,0,0,2,1,A01
202100028020,1,33,,0,0,8,0,A01
202100028021,1,7,,2,0,2,13,A01
202100028022,2,33,,0,2,1,1,A01
202100028022,2,7,,0,2,8,1,B01
202100028023,1,7,,0,2,1,1,B01
202100028023,1,7,,0,2,3,19,A01
202100028024,2,10,,2,0,1,1,A01
202100028025,0,7,,2,0,0,0,A01
202100028026,0,7,,3,0,3,5,B01
202100028026,0,7,,0,0,3,1,A01
202100028027,1,7,,4,0,1,1,A01
202100028028,0,7,,0,2,1,1,B01
202100028028,0,7,,0,2,3,15,A01
202100028029,1,7,,13,0,9,13,A01
202100028030,1,7,,0,2,1,20,A01
202100028030,1,33,,0,2,7,21,B01
202100028031,2,2,,0,0,7,1,A01
202100028032,3,7,,0,2,1,1,B01
202100028032,3,33,,0,2,1,0,A01
202100028033,3,2,,13,0,1,1,A01
202100028034,0,7,,0,2,1,17,A01
202100028034,0,7,,0,2,4,15,B01
202100028035,3,7,,1,2,1,2,A01
202100028035,3,7,,0,2,4,2,B01
202100028035,3,7,,1,2,4,26,C01
202100028036,1,33,,0,6,1,1,A01
202100028037,2,7,,0,2,8,15,B01
202100028037,2,2,,0,2,2,17,A01
202100028038,1,7,,13,0,8,13,A01
202100028039,1,33,,1,0,7,1,A01
202100028039,2,-1,,0,0,8,0,B01
202100028040,2,31,,0,2,8,1,B01
202100028040,2,7,,0,2,2,17,A01
202100028041,3,7,,0,2,2,2,A01
202100028041,3,7,,0,2,1,1,B01
202100028042,1,34,,0,2,1,2,B01
202100028042,1,7,,0,2,2,15,A01
202100028043,3,13,,0,2,1,13,A01
202100028043,3,7,,0,2,1,26,B01
202100028043,3,7,,0,2,1,1,C01
202100028044,0,7,,0,0,3,0,A01
202100028045,2,7,,16,0,9,1,A01
202100028046,2,7,,0,2,9,21,C01
202100028046,2,7,,0,2,2,26,B01
202100028046,1,7,,0,2,2,26,A01
202100028047,1,10,,0,2,6,2,B01
202100028047,1,33,,0,2,1,2,A01
202100028048,1,7,,0,0,1,0,A01
202100028049,0,2,,0,2,7,19,B01
202100028049,0,13,,0,2,1,1,A01
202100028050,1,10,,2,2,3,1,A01
202100028050,2,33,,0,2,3,1,B01
202100028051,0,7,,0,1,2,5,A01
202100028052,2,7,,13,0,9,1,A01
202100028053,2,33,,0,2,8,17,B01
202100028053,2,7,,0,2,8,13,A01
202100028054,2,33,,0,2,1,17,B01
202100028054,1,10,,0,2,1,1,A01
202100028055,1,1,,0,2,3,1,B01
202100028055,2,33,,0,2,2,17,A01
202100028056,1,50,,14,0,1,14,A01
202100028057,1,7,,0,2,1,17,A01
202100028057,2,7,,0,2,1,21,B01
202100028058,2,7,,0,1,3,1,A01
202100028059,2,33,,0,2,1,17,B01
202100028059,2,7,,0,2,8,15,A01
202100028060,1,1,,0,2,2,5,A01
202100028060,1,7,,0,2,2,1,B01
202100028061,1,33,,0,2,1,1,B01
202100028061,2,13,,0,2,1,1,A01
202100028062,2,7,,2,0,1,1,A01
202100028063,2,7,,0,9,3,13,A01
202100028063,1,1,,0,2,1,1,B01
202100028064,0,7,,0,9,3,16,A01
202100028064,2,1,,0,2,8,15,B01
202100028065,1,7,,0,2,4,1,A01
202100028065,1,7,,0,2,1,1,B01
202100028065,1,7,,0,2,1,1,C01
202100028066,1,10,,0,2,0,0,B01
202100028066,1,10,,0,2,6,2,A01
202100028067,2,13,,0,2,1,1,A01
202100028067,2,7,,0,2,4,1,B01
202100028068,1,7,,0,0,4,1,A01
202100028068,1,7,,1,0,1,1,B01
202100028069,1,7,,0,2,4,0,A01
202100028069,1,7,,0,2,1,0,Z01
202100028070,1,10,,0,2,3,2,B01
202100028070,1,7,,0,2,5,1,A01
202100028071,1,7,,0,2,4,2,A01
202100028071,1,7,,0,2,1,2,Z01
202100028072,1,7,,0,2,4,24,B01
202100028072,1,17,,1,0,2,1,A01
202100028073,1,7,,3,0,1,13,A01
202100028074,2,7,,0,2,1,1,A01