Num_Acc,senc,catv,occutc,obs,obsm,choc,manv,num_veh
202100028074,2,7,,0,2,4,2,B01
202100028075,1,15,,0,2,2,1,A01
202100028075,1,7,,0,2,4,2,B01
202100028075,1,7,,0,2,4,2,C01
202100028075,1,10,,0,2,4,2,D01
202100028076,1,7,,0,2,5,14,A01
202100028076,1,33,,0,2,1,3,B01
202100028077,1,7,,0,2,7,14,A01
202100028077,1,15,,0,2,3,1,B01
202100028078,2,7,,3,0,0,21,A01
202100028079,1,7,,0,2,1,2,A01
202100028079,1,7,,0,2,4,2,B01
202100028080,2,10,,0,2,4,2,B01
202100028080,2,32,,0,2,1,2,A01
202100028081,1,7,,0,2,4,2,A01
202100028081,1,7,,0,2,4,2,B01
202100028081,1,7,,0,2,1,2,Z01
202100028082,1,7,,0,2,1,12,A01
202100028082,1,7,,0,2,4,1,B01
202100028083,1,7,,5,0,3,13,A01
202100028084,2,14,,0,2,4,1,B01
202100028084,2,33,,0,2,1,3,A01
202100028085,2,33,,4,2,1,3,B01
202100028085,2,7,,4,2,4,1,C01
202100028085,2,7,,4,2,8,11,A01
202100028086,1,7,,0,2,1,2,A01
202100028086,1,10,,0,2,5,11,B01
202100028087,1,7,,3,0,3,1,A01
202100028088,1,7,,0,2,0,2,B01
202100028088,1,7,,0,2,0,2,C01
202100028088,1,99,,0,2,3,11,A01
202100028089,2,7,,0,1,1,1,A01
202100028090,2,30,,0,2,2,17,A01
202100028090,1,1,,0,2,3,13,B01
202100028091,1,33,,0,1,7,14,A01
202100028092,2,7,,0,2,1,15,A01
202100028092,1,1,,0,2,8,1,B01
202100028093,1,33,,0,2,1,1,A01
202100028093,1,13,,0,2,2,16,B01
202100028094,1,1,,1,0,1,1,B01
202100028095,3,7,,0,2,7,15,A01
202100028095,3,33,,0,2,1,1,B01
202100028096,3,7,,0,2,1,1,A01
202100028096,0,7,,0,2,1,1,B01
202100028096,3,33,,0,2,1,17,C01
202100028097,1,7,,0,2,1,13,A01
202100028097,2,2,,0,2,1,0,B01
202100028098,3,7,,0,2,3,15,A01
202100028098,3,60,,0,2,1,1,B01
202100028099,2,7,,0,2,7,1,A01
202100028099,2,7,,0,2,8,11,B01
202100028100,3,7,,0,2,2,9,A01
202100028100,3,33,,0,2,3,9,B01
202100028101,2,33,,0,0,9,0,A01
202100028102,1,7,,4,0,8,14,A01
202100028103,1,7,,0,2,4,1,A01
202100028103,1,7,,0,2,4,23,B01
202100028104,1,7,,0,1,2,1,A01
202100028105,2,37,4.0,0,2,3,2,B01
202100028105,2,10,,0,2,2,9,A01
202100028106,3,7,,0,0,8,16,A01
202100028106,1,14,,0,2,1,1,B01
202100028107,1,17,,12,0,7,11,A01
202100028108,1,7,,0,1,1,1,A01
202100028109,2,7,,0,2,3,15,B01
202100028109,2,30,,0,2,1,1,A01
202100028110,1,7,,1,2,2,26,A01
202100028110,1,10,,0,2,8,1,C01
202100028111,1,7,,0,2,6,19,B01
202100028111,3,7,,0,2,1,19,A01
202100028112,0,1,,0,2,8,1,B01
202100028112,0,7,,0,2,8,15,A01
202100028113,1,7,,0,2,4,1,B01
202100028113,1,7,,0,2,1,1,A01
202100028114,3,7,,0,2,2,15,A01
202100028114,3,33,,0,2,8,1,B01
202100028115,2,33,,0,2,1,1,B01
202100028115,1,1,,0,2,1,15,A01
202100028116,2,7,,0,2,1,15,A01
202100028116,1,33,,0,2,1,1,B01
202100028117,1,34,,1,0,1,15,A01
202100028118,3,2,,0,2,0,15,B01
202100028118,3,33,,0,2,0,17,A01
202100028119,1,7,,0,1,1,1,A01
202100028120,3,1,,0,2,4,2,B01
202100028120,3,10,,0,2,0,2,A01
202100028121,2,7,,6,0,1,1,A01
202100028122,1,1,,16,0,0,1,A01
202100028123,1,30,,16,0,0,26,A01
202100028124,1,7,,0,2,1,2,A01
202100028124,1,7,,0,2,4,2,B01
202100028124,1,7,,0,2,4,2,C01
202100028125,2,7,,0,2,3,1,B01
202100028125,1,7,,0,2,1,13,A01
202100028126,2,50,,0,2,8,2,B01
202100028126,2,7,,0,2,2,14,A01
202100028127,2,10,,0,2,1,2,A01
202100028127,2,7,,0,2,4,2,B01
202100028128,2,7,,0,9,1,9,A01
202100028128,1,2,,0,2,7,15,B01
202100028129,2,7,,0,1,7,1,A01
202100028130,1,7,,9,1,1,1,A01
202100028131,2,1,,0,2,1,16,A01
202100028131,1,7,,0,2,3,15,B01
202100028132,3,2,,0,2,1,1,B01
202100028132,3,7,,0,2,5,5,A01
202100028133,1,50,,0,2,4,1,B01
202100028133,1,7,,0,2,2,26,A01
202100028134,2,40,,0,1,1,1,A01
202100028135,3,7,,0,2,7,2,B01
202100028135,3,7,,0,2,8,2,A01
202100028136,3,33,,0,2,1,1,B01
202100028136,0,7,,0,2,1,15,A01
202100028137,1,7,,0,2,1,1,A01
202100028137,1,7,,0,2,4,1,B01
202100028138,1,7,,0,2,1,1,B01
202100028138,2,7,,0,2,3,15,A01
202100028139,1,33,,0,2,1,21,A01
202100028139,1,14,,0,0,0,0,B01
202100028140,1,7,,11,2,1,1,A01
202100028140,3,7,,0,2,1,19,B01
202100028141,3,30,,0,0,1,0,A01
202100028142,1,7,,0,2,1,1,A01
202100028142,1,33,,0,2,6,15,B01
202100028143,3,43,,0,2,1,1,B01
202100028143,3,7,,0,2,3,19,A01
202100028144,2,33,,0,2,1,21,A01
202100028144,1,7,,0,2,6,11,B01
202100028145,1,99,,0,2,1,1,B01
202100028145,1,7,,0,1,2,1,A01
202100028146,1,7,,0,2,4,23,B01
202100028146,1,7,,0,2,4,23,C01
202100028146,1,7,,0,2,1,2,A01
202100028147,3,30,,0,1,4,23,A01
202100028147,3,7,,0,2,1,2,Z01
202100028148,1,7,,0,2,1,1,A01
202100028148,1,7,,0,2,4,1,B01
202100028149,0,7,,0,1,1,1,A01
202100028150,1,14,,0,2,3,15,A01
202100028150,2,33,,0,2,1,1,B01
202100028151,3,7,,0,2,3,15,A01
202100028151,3,33,,0,2,1,1,B01
202100028152,3,7,,0,2,1,1,A01
202100028152,3,7,,0,2,4,1,B01
202100028153,1,7,,0,2,1,2,B01
202100028153,1,7,,0,2,4,15,A01
202100028154,3,7,,0,2,1,1,B01
202100028154,0,7,,0,2,3,1,A01
202100028155,2,7,,0,2,4,23,C01
202100028155,2,7,,0,2,4,23,B01
202100028155,2,7,,0,2,1,1,A01
202100028156,1,7,,0,9,2,19,A01
202100028156,3,60,,0,2,1,19,B01
202100028157,1,7,,0,1,3,15,A01
202100028158,1,31,,0,2,3,3,A01
202100028158,1,7,,0,2,5,1,B01
202100028159,2,31,,0,2,1,2,C01
202100028159,2,7,,0,2,5,23,D01
202100028159,2,7,,0,2,4,23,B01
202100028159,2,33,,0,2,1,2,A01
202100028160,1,1,,0,2,1,17,A01
202100028160,1,1,,0,2,6,15,B01
202100028161,3,7,,0,2,2,16,A01
202100028161,3,1,,0,2,1,16,B01
202100028162,2,2,,0,1,2,1,Z01
202100028163,1,7,,0,2,0,16,A01
202100028163,1,50,,0,2,0,5,B01
202100028164,2,7,,0,2,3,9,A01
202100028164,2,2,,0,2,1,17,B01
202100028165,1,7,,0,2,1,9,B01
202100028165,2,80,,0,2,1,5,A01
202100028166,1,7,,0,2,1,1,B01
202100028166,2,7,,0,2,2,15,A01
202100028167,1,1,,0,2,8,19,B01
202100028167,1,7,,0,2,1,16,A01
202100028168,2,7,,0,2,4,2,A01
202100028168,1,7,,0,2,1,2,Z01
202100028169,2,30,,0,2,1,2,A01
202100028169,2,7,,0,2,4,2,B01
202100028170,3,33,,0,2,1,1,A01
202100028170,2,33,,0,2,8,1,B01
202100028171,1,7,,1,2,8,1,A01
202100028171,1,7,,6,2,1,1,B01
202100028172,2,2,,0,2,5,26,A01
202100028172,2,7,,0,2,5,19,B01
202100028173,2,7,,0,2,4,23,A01
202100028173,2,1,,0,2,1,17,Y01
202100028174,2,60,,0,2,1,19,Y01
202100028174,1,7,,0,2,5,1,B01
202100028175,3,7,,0,2,6,15,A01
202100028175,3,1,,0,2,1,2,B01
202100028176,2,20,,0,2,3,16,B01
202100028176,1,7,,0,2,2,2,A01
202100028177,1,30,,0,2,1,7,A01
202100028177,0,60,,0,2,0,19,B01
202100028178,1,7,,9,2,2,13,A01
202100028178,2,32,,12,2,3,5,B01
202100028179,1,37,4.0,0,2,3,19,A01
202100028179,1,7,,0,2,5,16,B01
202100028180,1,10,,0,2,4,4,A01
202100028180,1,7,,0,2,1,23,B01
202100028181,3,10,,0,1,4,24,A01
202100028182,1,32,,0,2,3,18,B01
202100028182,1,7,,0,2,2,1,A01
202100028183,3,7,,0,2,1,1,B01
202100028183,3,7,,0,0,4,2,A01
202100028184,1,7,,9,0,3,1,A01
202100028185,2,60,,0,2,1,19,B01
202100028185,2,7,,0,2,2,23,A01
202100028186,1,30,,0,2,1,1,B01
202100028186,1,7,,0,2,3,26,A01
202100028187,1,7,,0,2,2,15,A01
202100028187,1,34,,0,2,1,0,B01
202100028188,3,7,,0,2,3,13,A01
202100028188,1,2,,0,2,1,0,B01
202100028189,2,31,,0,2,6,1,A01
202100028189,3,7,,0,2,2,9,B01
202100028190,1,7,,0,2,4,15,B01
202100028190,1,30,,0,2,1,1,A01
202100028191,2,1,,0,0,6,2,B01
202100028191,2,10,,0,2,2,1,A01
202100028192,2,7,,0,0,5,2,B01
202100028192,2,33,,0,2,1,2,A01
202100028193,2,33,,3,2,4,1,A01
202100028193,2,7,,0,2,2,1,B01
202100028194,1,10,,0,2,6,2,C01
202100028194,2,7,,0,2,1,1,B01
202100028194,1,2,,0,2,1,17,A01
202100028195,2,15,,0,2,3,23,B01
202100028195,1,7,,0,2,1,17,A01
202100028196,3,10,,0,1,2,1,A01
202100028197,0,7,,0,0,0,14,A01
202100028198,2,7,,0,1,1,0,A01
202100028199,2,7,,0,0,4,2,C01
202100028199,2,7,,0,2,1,2,A01
202100028199,2,7,,0,2,4,2,B01
202100028200,1,2,,10,0,7,1,A01
202100028201,2,33,,0,2,8,1,B01
202100028201,1,7,,0,0,6,15,A01
202100028202,2,33,,13,0,8,1,A01
202100028203,2,33,,0,0,4,1,A01
202100028203,2,33,,0,2,1,2,B01
202100028204,2,2,,0,2,1,1,B01
202100028204,1,7,,0,0,5,15,A01
202100028205,2,7,,8,0,1,17,A01
202100028206,3,21,,16,0,3,15,A01
202100028207,2,7,,2,0,1,1,A01
202100028208,3,7,,2,0,5,1,A01
202100028209,2,33,,0,2,1,1,B01
202100028209,1,7,,0,2,3,15,A01
202100028210,0,7,,3,0,1,0,A01
202100028211,0,33,,0,2,7,1,B01
202100028211,0,7,,0,2,1,15,A01
202100028212,2,33,,0,2,1,1,B01
202100028212,1,7,,0,2,7,15,A01
202100028213,1,31,,12,0,2,1,A01
202100028214,2,10,,0,0,4,2,D01
202100028214,2,15,,0,0,4,2,A01
202100028214,2,7,,0,0,4,2,B01
202100028214,2,14,,0,0,4,2,C01
202100028214,2,15,,0,0,1,2,E01
202100028215,1,7,,0,2,2,1,A01
202100028215,3,1,,0,2,4,19,B01
202100028216,2,7,,2,0,1,1,A01
202100028217,1,21,,0,0,6,1,B01
202100028217,1,7,,0,2,2,17,A01
202100028218,1,36,,13,0,8,16,A01
202100028219,1,36,,8,0,2,1,A01
202100028220,1,7,,0,2,6,1,B01
202100028220,1,30,,0,2,2,17,A01
202100028221,1,3,,0,1,3,0,A01
202100028222,2,21,,0,2,3,1,B01
202100028222,1,7,,0,2,3,13,A01
202100028223,2,36,,6,0,2,15,A01
202100028224,3,33,,0,2,1,5,B01
202100028224,3,7,,0,2,3,9,A01
202100028225,3,1,,0,2,1,1,B01
202100028225,3,7,,0,9,3,15,A01
202100028226,2,33,,0,0,8,1,A01
202100028227,1,33,,0,0,1,1,A01
202100028228,3,33,,0,2,3,1,A01
202100028228,1,7,,0,0,7,1,B01
202100028229,2,7,,0,1,1,1,A01
202100028230,2,7,,0,2,1,17,A01
202100028230,1,10,,0,2,1,1,B01
202100028231,2,33,,0,0,3,13,A01
202100028232,3,14,,0,1,0,15,A01
202100028233,2,7,,0,2,5,17,A01
202100028233,2,7,,0,2,2,18,B01
202100028233,2,10,,3,2,2,17,C01
202100028234,1,7,,3,2,5,2,F01
202100028234,1,10,,0,2,2,17,E01
202100028234,1,10,,1,2,1,1,D01
202100028234,1,7,,0,2,8,14,B01
202100028234,1,10,,3,2,2,17,A01
202100028234,1,17,,0,2,4,23,C01
202100028235,1,7,,0,2,2,14,A01
202100028235,1,15,,0,2,6,1,B01
202100028236,2,17,,0,2,2,12,A01
202100028236,2,7,,0,2,6,1,B01
202100028237,2,7,,0,2,6,1,B01
202100028237,2,7,,0,2,2,17,A01
202100028238,1,7,,0,9,3,1,A01
202100028238,1,1,,0,2,4,1,B01
202100028239,3,7,,6,0,1,1,A01
202100028240,2,7,,0,1,1,1,A01
202100028241,1,33,,0,2,1,17,B01
202100028241,1,7,,0,0,8,15,A01
202100028242,1,32,,0,0,9,0,A01
202100028243,2,7,,6,0,7,1,A01
202100028244,1,7,,0,2,1,15,A01
202100028244,2,34,,0,2,1,1,B01
202100028245,2,7,,0,0,7,1,B01
202100028245,1,7,,0,2,2,19,A01
202100028246,1,7,,0,2,1,1,B01
202100028246,2,33,,0,2,1,17,A01
202100028247,2,33,,8,0,7,1,A01
202100028248,1,7,,0,2,3,10,A01
202100028248,1,32,,0,2,2,13,B01
202100028249,1,7,,0,2,7,1,B01
202100028249,3,14,,0,2,1,19,A01
202100028250,1,7,,0,2,3,1,B01
202100028250,2,2,,0,2,3,15,A01
202100028251,3,10,,0,2,2,12,A01
202100028251,3,33,,0,2,4,18,B01
202100028252,2,33,,0,2,2,17,B01
202100028252,2,7,,0,2,3,15,A01
202100028253,1,33,,0,6,1,1,A01
202100028254,1,7,,0,2,4,1,A01
202100028254,1,33,,0,2,1,1,B01
202100028255,2,7,,0,2,1,2,B01
202100028255,2,7,,0,2,4,1,A01
202100028256,1,7,,0,2,4,2,C01
202100028256,1,7,,0,2,4,2,B01
202100028256,1,7,,0,2,1,2,A01
202100028257,1,33,,16,9,0,21,A01
202100028258,1,7,,0,2,3,2,A01
202100028258,1,17,,0,2,5,12,B01
202100028259,1,33,,0,2,1,1,B01
202100028259,1,7,,0,2,4,11,A01
202100028260,2,10,,0,2,2,12,A01
202100028260,2,33,,0,2,3,1,B01
202100028261,1,10,,1,0,2,14,A01
202100028261,1,10,,0,2,6,26,B01
202100028262,1,15,,0,2,1,1,A01
202100028262,1,7,,0,2,4,23,B01
202100028263,2,7,,13,0,9,26,A01
202100028264,1,7,,0,0,0,9,A01
202100028264,1,36,,0,2,0,13,B01
202100028265,1,2,,0,1,2,1,A01
202100028266,2,7,,0,2,3,15,A01
202100028266,1,1,,0,0,8,1,B01
202100028267,1,30,,1,0,1,26,A01
202100028268,1,2,,0,2,4,26,A01
202100028269,1,7,,0,1,2,1,A01
202100028270,1,7,,4,0,1,1,A01
202100028271,2,7,,0,1,1,0,A01
202100028272,1,0,,0,2,8,2,B01
202100028272,1,2,,0,2,7,17,A01
202100028273,1,30,,0,2,1,1,A01
202100028273,1,7,,0,2,7,0,B01
202100028274,1,7,,0,2,7,1,A01
202100028274,1,2,,0,2,0,15,Z01
202100028275,1,1,,0,2,1,1,B01
202100028275,2,7,,0,2,0,16,A01
202100028276,1,7,,0,9,1,1,A01
202100028276,2,7,,0,0,0,1,B01
202100028277,3,7,,0,2,3,15,A01
202100028277,3,32,,0,2,4,17,B01
202100028278,1,7,,0,2,1,2,B01
202100028278,2,7,,0,2,1,15,A01
202100028279,3,1,,0,2,8,1,B01
202100028279,3,7,,0,2,2,26,A01
202100028280,2,7,,0,2,3,13,A01
202100028280,1,7,,0,2,6,2,B01
202100028281,1,7,,0,2,3,13,A01
202100028281,1,32,,0,2,7,1,B01
202100028282,2,7,,0,2,1,1,B01
202100028282,0,30,,0,2,1,19,A01
202100028283,1,7,,1,0,4,1,A01
202100028283,1,7,,0,2,1,2,B01
202100028284,3,7,,0,2,4,0,B01
202100028284,3,7,,0,2,1,0,A01
202100028285,1,31,,1,0,1,13,A01
202100028286,1,7,,0,2,3,1,A01
202100028286,1,50,,0,2,4,15,B01
202100028287,3,33,,14,0,0,26,A01
202100028288,1,7,,0,2,0,26,A01
202100028289,2,7,,0,1,2,25,A01
202100028290,3,7,,0,2,7,16,B01
202100028290,3,32,,0,2,3,18,A01
202100028291,2,7,,0,2,3,9,A01
202100028291,1,1,,0,2,4,1,B01
202100028292,1,7,,0,2,1,26,A01
202100028292,1,37,2.0,0,2,7,26,B01
202100028293,3,7,,0,2,3,15,A01
202100028293,3,33,,0,2,3,1,B01
202100028294,1,7,,1,0,3,13,A01
202100028295,1,30,,11,0,1,16,A01
202100028296,1,7,,8,0,3,13,A01
202100028297,1,7,,0,2,1,26,A01
202100028297,1,7,,0,2,4,26,B01
202100028298,1,7,,0,2,8,1,C01
202100028298,2,7,,0,2,4,1,B01
202100028298,2,7,,0,2,1,1,A01
202100028299,3,7,,0,2,0,2,A01
202100028299,3,80,,0,2,4,9,B01
202100028300,2,7,,0,2,2,1,B01
202100028300,3,2,,0,2,1,19,A01
202100028301,3,7,,0,2,1,13,B01
202100028301,3,7,,0,2,3,13,A01
202100028302,1,7,,0,2,1,13,A01
202100028302,2,14,,0,2,3,1,B01
202100028303,2,7,,0,2,3,9,A01
202100028303,2,7,,0,2,7,2,B01
202100028304,3,7,,0,2,1,0,B01
202100028304,3,7,,0,2,1,0,A01
202100028305,1,7,,0,2,1,1,A01
202100028305,1,7,,0,2,4,0,Z01
202100028306,1,7,,0,1,1,1,Z01
202100028307,2,7,,0,2,4,2,B01
202100028307,2,43,,0,2,1,2,A01
202100028308,0,7,,1,2,9,24,B01
202100028308,0,7,,0,2,7,26,A01
202100028309,1,7,,0,9,3,26,A01
202100028309,2,1,,0,2,1,26,B01
202100028310,1,32,,0,1,1,0,A01
202100028311,3,7,,1,2,8,1,B01
202100028311,3,7,,0,2,2,16,A01
202100028312,2,7,,0,2,1,5,A01
202100028312,2,7,,0,2,1,17,B01
202100028313,1,34,,0,2,1,16,B01
202100028313,1,1,,0,2,1,19,A01
202100028314,2,30,,0,2,4,1,A01
202100028315,1,33,,0,2,2,17,B01
202100028315,1,7,,0,2,3,15,A01
202100028316,1,7,,0,2,3,1,B01
202100028316,2,30,,0,2,2,1,A01
202100028317,1,30,,14,0,7,14,A01
202100028318,1,50,,0,0,0,1,A01
202100028319,1,37,2.0,0,2,3,1,A01
202100028319,2,7,,0,2,2,15,Z01
202100028320,2,7,,0,1,2,1,A01
202100028321,1,30,,0,2,2,1,A01
202100028321,1,7,,0,2,3,9,B01
202100028322,2,1,,0,2,1,5,A01
202100028322,1,7,,0,2,1,1,B01
202100028323,1,50,,0,2,1,13,A01
202100028323,2,33,,0,2,1,1,B01
202100028324,0,50,,8,0,0,25,A01
202100028325,3,7,,0,0,0,22,A01
202100028325,3,1,,0,0,0,0,B01
202100028326,2,7,,0,2,3,1,B01
202100028326,1,7,,0,2,1,1,A01
202100028327,2,50,,0,2,3,19,B01
202100028327,1,7,,0,2,2,1,A01
202100028328,1,7,,0,2,5,23,B01
202100028328,1,7,,0,2,3,2,A01
202100028329,0,7,,14,0,3,26,A01
202100028330,2,7,,0,1,1,1,A01
202100028331,3,7,,0,2,4,2,C01
202100028331,3,7,,0,2,9,2,B01
202100028331,3,7,,0,2,1,2,A01
202100028332,1,7,,0,2,0,10,A01
202100028332,1,30,,0,2,2,1,B01
202100028333,2,7,,0,1,4,20,A01
202100028334,0,31,,0,0,0,0,B01
202100028334,0,7,,0,2,3,15,A01
202100028335,3,7,,0,1,3,15,A01
202100028336,0,2,,0,2,4,1,A01
202100028336,0,7,,0,2,1,26,B01
202100028337,2,7,,13,0,7,21,A01
202100028338,2,33,,0,0,9,2,A01
202100028339,2,7,,0,1,2,1,A01
202100028340,0,2,,0,2,1,1,A01
202100028340,0,7,,0,2,3,1,B01
202100028341,3,7,,0,2,2,1,A01
202100028341,3,7,,0,2,3,1,B01
202100028342,1,33,,0,2,2,1,A01
202100028342,2,7,,0,2,3,9,B01
202100028343,2,33,,6,0,1,0,A01
202100028344,2,7,,2,0,1,1,A01
202100028345,1,36,,9,0,0,1,A01
202100028346,2,7,,8,0,7,1,A01
202100028347,1,7,,0,2,1,1,B01
202100028347,2,10,,0,2,1,17,A01
202100028348,1,7,,0,2,3,16,B01
202100028348,2,7,,0,2,8,15,A01
202100028349,0,31,,0,0,7,1,A01
202100028350,1,7,,4,0,3,1,A01
202100028351,1,1,,0,2,4,13,B01
202100028351,1,7,,0,2,2,17,A01
202100028352,2,7,,0,2,3,1,A01
202100028352,1,7,,0,2,3,1,B01
202100028353,1,7,,0,2,5,15,B01
202100028353,1,2,,0,2,1,1,A01
202100028354,1,7,,13,0,1,1,A01
202100028355,1,7,,0,2,1,2,A01
202100028355,1,7,,0,2,4,2,C01
202100028355,1,7,,0,2,4,2,B01
202100028356,2,3,,13,2,3,1,A01
202100028356,1,7,,0,2,3,1,B01
202100028357,2,33,,0,0,0,1,A01
202100028358,1,2,,8,0,1,1,A01
202100028359,1,32,,0,0,0,1,A01
202100028360,1,7,,0,0,1,19,A01
202100028360,2,7,,0,0,5,1,B01
202100028361,2,7,,2,2,3,13,A01
202100028361,1,7,,0,2,8,21,B01
202100028362,2,7,,0,0,0,2,B01
202100028362,2,2,,0,0,0,1,A01
202100028363,0,7,,13,0,0,0,A01
202100028364,1,7,,0,2,3,1,B01
202100028364,2,7,,0,2,3,13,A01
202100028365,2,10,,13,0,7,1,A01
202100028366,2,33,,13,0,8,1,A01
202100028367,1,2,,0,2,1,5,A01
202100028367,1,10,,0,2,2,1,B01
202100028368,2,35,,13,0,2,2,A01
202100028369,1,7,,6,0,3,1,A01
202100028370,1,7,,2,0,1,1,A01
202100028371,3,7,,0,2,3,13,A01
202100028371,3,7,,0,2,3,21,B01
202100028372,3,2,,0,2,0,1,A01
202100028372,3,7,,0,2,0,0,B01
202100028373,1,1,,12,0,7,13,A01
202100028374,3,10,,0,2,3,13,A01
202100028374,3,1,,0,0,6,15,B01
202100028375,1,33,,0,0,0,26,A01
202100028376,2,7,,0,0,0,1,A01
202100028377,3,7,,0,1,2,1,A01
202100028378,2,2,,16,0,0,1,A01
202100028379,2,31,,0,2,7,1,B01
202100028379,2,7,,0,2,3,9,A01
202100028380,2,33,,13,0,1,1,A01
202100028381,3,33,,0,0,0,1,A01
202100028382,1,33,,0,0,0,1,A01
202100028383,2,7,,2,0,1,1,A01
202100028384,2,7,,0,0,9,0,A01
202100028385,1,7,,2,0,1,1,A01
202100028386,1,17,,13,0,7,1,A01
202100028387,3,21,,0,2,3,1,A01
202100028387,3,30,,0,2,8,1,B01
202100028388,2,7,,0,2,2,0,A01
202100028388,2,7,,0,2,3,2,B01
202100028389,1,1,,0,0,2,19,A01
202100028389,1,17,,0,0,1,1,B01
202100028390,2,17,,0,1,3,16,A01
202100028391,1,7,,0,2,2,1,A01
202100028391,2,7,,0,0,6,1,B01
202100028392,2,30,,0,2,1,7,B01
202100028392,1,7,,0,2,5,1,A01
202100028393,2,7,,0,2,3,1,B01
202100028393,1,14,,0,2,3,13,A01
202100028394,1,1,,0,2,1,1,B01
202100028394,2,7,,0,9,3,9,A01
202100028395,1,7,,7,2,8,1,B01
202100028395,2,7,,0,2,3,17,A01
202100028396,1,7,,2,0,1,1,A01
202100028397,1,7,,0,2,1,1,A01
202100028397,1,7,,0,0,4,1,B01
202100028398,1,7,,0,2,1,2,A01
202100028398,1,7,,0,2,4,23,B01
202100028398,1,10,,0,0,4,23,C01
202100028399,2,33,,4,0,1,1,A01
202100028400,2,33,,4,0,1,1,A01
202100028401,1,10,,16,0,9,14,A01
202100028402,2,32,,0,2,6,1,B01
202100028402,3,34,,0,2,1,19,A01
202100028403,2,7,,0,1,1,26,A01
202100028404,1,33,,12,0,1,1,A01
202100028405,2,33,,0,0,0,1,A01
202100028406,1,7,,0,0,1,13,A01
202100028406,2,7,,0,0,1,1,B01
202100028406,2,33,,5,0,1,1,C01
202100028407,3,35,,0,2,1,0,B01
202100028407,3,7,,0,2,2,1,A01
202100028408,3,2,,0,2,1,5,B01
202100028408,3,7,,0,2,5,2,A01
202100028409,1,7,,3,0,2,0,A01
202100028410,1,7,,0,2,3,1,B01
202100028410,2,7,,0,2,3,13,A01
202100028411,1,10,,0,2,3,1,A01
202100028411,2,14,,0,2,8,1,B01
202100028412,2,7,,0,2,1,1,B01
202100028412,1,33,,0,2,1,13,A01
202100028413,1,33,,0,0,0,1,A01
202100028414,1,33,,14,0,1,1,A01
202100028415,1,7,,0,2,1,1,B01
202100028415,2,1,,0,2,1,0,A01
202100028416,1,7,,3,2,1,1,B01
202100028416,2,7,,0,2,3,5,A01
202100028417,1,33,,0,2,4,2,A01
202100028417,1,33,,0,2,1,2,B01
202100028418,1,14,,13,0,2,1,A01
202100028419,2,1,,0,2,1,1,C01
202100028419,2,1,,0,2,1,1,B01
202100028419,1,1,,0,2,0,19,A01
202100028420,1,33,,6,0,1,13,A01
202100028421,0,7,,0,2,1,1,B01
202100028421,0,1,,0,2,0,0,A01
202100028422,1,33,,8,0,1,1,A01
202100028423,1,7,,0,2,2,1,B01
202100028423,3,1,,0,2,3,9,A01
202100028424,0,31,,12,0,7,1,A01
202100028425,3,2,,0,1,1,1,A01
202100028426,1,7,,4,0,3,17,A01
202100028427,1,33,,0,2,1,1,A01
202100028427,1,7,,0,0,7,26,B01
202100028428,2,7,,0,2,6,24,A01
202100028428,2,33,,1,0,1,12,B01
202100028429,1,7,,0,2,4,1,A01
202100028429,1,7,,0,2,1,1,B01
202100028430,1,7,,0,2,2,1,B01
202100028430,1,10,,0,2,6,11,Z01
202100028431,1,7,,3,2,4,1,B01
202100028431,1,7,,0,2,1,2,A01
202100028432,2,7,,0,2,4,1,B01
202100028432,2,7,,0,2,3,0,A01
202100028433,1,7,,0,2,4,1,B01
202100028433,1,7,,0,2,4,1,A01
202100028434,2,33,,0,2,7,0,A01
202100028435,2,7,,0,2,0,0,B01
202100028435,2,10,,0,2,1,1,A01
202100028436,2,7,,4,2,1,2,A01
202100028436,2,7,,4,2,4,2,B01
202100028436,2,10,,4,2,4,2,C01
202100028437,2,7,,0,2,6,2,B01
202100028437,2,32,,0,2,1,2,A01
202100028438,1,7,,0,2,4,2,C01
202100028438,1,7,,0,2,1,2,B01
202100028438,1,7,,0,2,1,2,A01
202100028439,1,7,,0,2,3,17,A01
202100028439,1,7,,0,2,5,0,B01
202100028440,1,7,,0,2,1,1,A01
202100028440,1,31,,0,2,4,1,B01
202100028441,2,7,,14,2,6,1,B01
202100028441,2,7,,0,2,2,26,A01
202100028442,2,7,,3,0,1,9,A01
202100028443,1,7,,0,2,1,1,A01
202100028443,1,7,,0,2,4,1,B01
202100028444,2,7,,0,2,8,1,B01
202100028444,2,15,,0,2,2,12,A01
202100028445,2,7,,0,1,2,1,A01
202100028446,3,7,,0,1,2,1,A01
202100028447,1,33,,0,2,3,18,B01
202100028447,1,7,,0,2,5,16,A01
202100028448,1,7,,0,2,2,15,B01
202100028448,1,30,,0,2,5,1,A01
202100028449,2,7,,0,2,1,1,B01
202100028449,1,7,,0,2,3,16,A01
202100028450,1,7,,4,2,3,14,A01
202100028450,1,33,,0,2,4,1,B01
202100028451,1,30,,0,2,1,19,A01
202100028451,1,7,,0,2,5,1,B01
202100028452,2,7,,0,1,8,1,A01
202100028453,3,50,,0,2,4,1,A01
202100028453,2,7,,0,9,1,1,B01
202100028454,1,7,,0,2,4,23,B01
202100028454,1,7,,0,2,1,2,A01
202100028454,1,7,,0,2,4,23,C01