Num_Acc,senc,catv,occutc,obs,obsm,choc,manv,num_veh
202100028455,2,7,,16,0,9,15,A01
202100028456,1,7,,0,2,1,0,B01
202100028456,1,7,,8,2,5,26,A01
202100028457,1,7,,0,1,1,9,A01
202100028458,3,7,,0,1,2,14,A01
202100028459,2,10,,0,2,2,19,A01
202100028459,2,1,,0,2,8,1,B01
202100028460,2,33,,0,2,1,1,B01
202100028460,2,7,,0,2,3,20,A01
202100028461,1,33,,9,0,1,26,A01
202100028462,1,7,,0,2,4,2,B01
202100028462,1,7,,0,2,1,2,Z01
202100028463,3,40,,0,1,2,1,A01
202100028464,1,7,,0,1,2,15,A01
202100028465,2,33,,0,2,1,1,B01
202100028465,1,7,,0,2,2,0,A01
202100028466,0,7,,0,2,0,0,A01
202100028466,1,33,,0,2,1,19,B01
202100028467,1,7,,5,2,1,9,A01
202100028467,1,1,,0,2,3,26,B01
202100028468,3,7,,0,2,1,5,A01
202100028468,3,7,,0,2,1,1,B01
202100028469,3,7,,0,2,3,1,B01
202100028469,3,80,,0,2,4,1,A01
202100028470,1,7,,0,2,1,2,A01
202100028470,1,7,,0,2,4,1,B01
202100028470,1,7,,0,2,4,1,C01
202100028471,1,7,,0,1,1,1,A01
202100028472,0,7,,0,2,5,0,B01
202100028472,0,7,,0,2,1,12,A01
202100028473,2,30,,9,0,1,14,A01
202100028474,1,7,,0,1,4,4,A01
202100028475,2,7,,8,0,5,23,B01
202100028475,2,7,,0,2,3,13,A01
202100028476,1,7,,0,2,1,1,A01
202100028476,2,7,,0,2,7,1,B01
202100028477,1,7,,0,2,1,26,A01
202100028477,1,7,,0,2,1,2,B01
202100028477,1,7,,0,2,1,2,C01
202100028478,1,7,,0,2,7,1,B01
202100028478,3,10,,0,2,1,1,A01
202100028479,2,32,,0,2,1,1,B01
202100028479,2,7,,0,2,8,10,A01
202100028480,3,7,,0,2,1,1,A01
202100028481,0,33,,0,2,7,1,B01
202100028481,0,7,,0,2,0,15,A01
202100028482,3,7,,13,5,9,21,A01
202100028483,1,7,,10,0,1,19,A01
202100028484,1,7,,0,2,1,1,B01
202100028484,1,7,,0,2,9,13,A01
202100028485,3,7,,0,1,2,1,A01
202100028486,1,7,,8,0,1,1,A01
202100028487,3,7,,0,2,6,10,B01
202100028487,3,30,,0,2,1,17,A01
202100028488,2,7,,1,0,7,1,A01
202100028489,1,33,,0,2,1,1,B01
202100028489,1,10,,0,2,7,15,A01
202100028490,1,30,,0,2,1,17,B01
202100028490,1,7,,0,2,6,15,A01
202100028491,3,33,,0,2,1,13,A01
202100028491,3,7,,0,2,3,16,B01
202100028492,2,43,,0,2,3,11,A01
202100028492,2,7,,0,2,7,1,B01
202100028493,1,7,,0,2,4,2,B01
202100028493,1,7,,0,2,4,2,C01
202100028493,1,7,,0,2,1,2,A01
202100028494,3,30,,0,0,1,1,A01
202100028495,1,7,,0,2,1,1,A01
202100028495,0,60,,0,2,7,19,B01
202100028496,1,32,,0,2,4,2,A01
202100028496,3,7,,0,2,1,2,Z01
202100028497,3,1,,0,2,1,15,A01
202100028497,3,7,,0,2,3,1,B01
202100028498,3,34,,0,2,9,17,A01
202100028498,3,7,,0,2,6,2,B01
202100028498,3,10,,0,2,7,2,C01
202100028498,3,7,,0,2,6,2,D01
202100028499,1,7,,0,2,3,1,B01
202100028499,1,30,,0,2,2,5,A01
202100028500,1,7,,0,2,0,22,A01
202100028500,1,80,,0,2,0,1,B01
202100028501,3,7,,0,2,5,1,A01
202100028501,3,7,,0,2,1,1,B01
202100028502,1,7,,0,1,8,15,A01
202100028503,2,32,,0,1,0,0,A01
202100028504,1,7,,0,2,4,1,B01
202100028504,1,7,,0,2,1,2,A01
202100028505,2,30,,0,2,0,17,Z01
202100028505,2,30,,0,2,8,15,A01
202100028506,-1,7,,0,1,2,1,A01
202100028507,3,10,,0,2,3,1,A01
202100028507,3,7,,0,2,3,2,B01
202100028508,1,7,,0,2,1,1,A01
202100028508,2,7,,0,2,7,0,B01
202100028509,0,2,,0,2,0,2,B01
202100028509,0,7,,0,0,0,15,A01
202100028510,1,7,,0,2,2,9,A01
202100028510,1,31,,0,2,3,0,B01
202100028511,3,80,,0,0,0,0,A01
202100028512,2,7,,0,2,0,15,B01
202100028512,1,33,,0,2,3,21,A01
202100028513,1,30,,0,2,7,1,A01
202100028513,2,7,,0,2,1,1,B01
202100028514,2,7,,0,2,8,1,B01
202100028514,1,33,,0,2,1,13,A01
202100028515,1,33,,0,2,7,17,B01
202100028515,2,7,,0,2,8,1,A01
202100028516,1,7,,13,0,0,1,A01
202100028517,1,7,,7,0,1,19,A01
202100028518,2,33,,0,0,0,1,A01
202100028519,2,33,,0,0,1,1,A01
202100028520,2,7,,3,0,0,1,A01
202100028521,2,7,,13,0,1,1,A01
202100028522,1,7,,0,2,3,10,A01
202100028522,1,33,,0,0,7,21,B01
202100028523,3,7,,1,1,1,13,A01
202100028524,1,33,,0,2,0,1,B01
202100028524,1,7,,0,2,1,9,A01
202100028525,2,32,,15,0,2,1,A01
202100028526,1,7,,0,2,2,17,A01
202100028526,1,7,,0,0,3,15,B01
202100028527,1,7,,5,2,1,1,B01
202100028527,2,7,,0,2,3,13,A01
202100028528,1,33,,0,0,7,17,B01
202100028528,1,7,,0,2,3,15,A01
202100028529,1,2,,0,0,1,1,A01
202100028530,1,2,,0,0,8,1,A01
202100028531,1,33,,0,0,7,1,A01
202100028532,1,7,,0,2,2,9,A01
202100028532,1,7,,0,2,1,1,B01
202100028533,0,33,,0,2,3,26,A01
202100028533,0,10,,0,2,2,1,B01
202100028534,3,7,,0,2,3,15,B01
202100028534,3,2,,0,2,3,1,A01
202100028535,2,7,,13,0,9,14,A01
202100028536,2,17,,0,2,1,1,A01
202100028536,1,7,,0,2,1,13,B01
202100028537,1,1,,0,2,4,1,B01
202100028537,1,7,,0,2,2,1,A01
202100028538,2,7,,6,0,2,1,A01
202100028539,2,1,,0,2,1,13,A01
202100028539,1,7,,0,9,3,1,B01
202100028540,1,7,,0,2,3,1,A01
202100028540,2,7,,0,2,3,1,B01
202100028541,1,7,,2,0,9,14,A01
202100028542,3,7,,13,0,2,1,A01
202100028543,1,7,,0,2,1,13,A01
202100028543,2,7,,0,2,1,1,B01
202100028544,1,33,,1,0,3,26,A01
202100028544,1,7,,0,0,2,26,B01
202100028545,1,43,,0,2,1,6,A01
202100028545,2,10,,0,2,1,1,B01
202100028546,2,7,,0,2,1,0,A01
202100028546,1,7,,0,2,1,0,B01
202100028547,1,7,,13,6,2,21,A01
202100028548,1,7,,0,2,8,1,B01
202100028548,2,2,,0,2,8,17,A01
202100028549,3,2,,16,0,8,0,A01
202100028550,1,33,,11,0,1,17,A01
202100028550,1,7,,0,0,3,15,B01
202100028551,2,7,,6,0,3,1,A01
202100028552,1,7,,0,2,3,1,A01
202100028552,2,10,,0,2,2,15,B01
202100028553,1,7,,15,0,1,5,A01
202100028554,3,1,,0,2,8,1,B01
202100028554,3,7,,0,9,5,1,A01
202100028555,3,7,,2,0,3,2,A01
202100028556,2,7,,3,0,1,1,C01
202100028556,2,7,,0,2,1,2,B01
202100028556,2,7,,3,2,1,2,A01
202100028557,1,7,,0,9,1,1,A01
202100028557,0,1,,0,2,2,1,B01
202100028558,2,7,,4,0,1,1,A01
202100028559,3,2,,0,0,0,9,B01
202100028559,0,7,,0,0,0,1,A01
202100028560,2,7,,0,2,2,17,A01
202100028560,2,15,,0,2,8,15,B01
202100028561,1,7,,0,2,1,2,B01
202100028561,1,7,,3,0,4,2,A01
202100028562,2,33,,16,0,9,1,A01
202100028563,2,7,,0,2,7,17,B01
202100028563,2,2,,13,2,8,1,A01
202100028564,1,7,,6,0,1,1,A01
202100028565,1,7,,0,2,3,1,A01
202100028565,2,7,,0,2,8,1,B01
202100028566,3,2,,5,0,7,17,A01
202100028567,1,7,,0,0,4,2,B01
202100028567,1,7,,3,2,1,2,A01
202100028568,1,2,,13,0,0,1,A01
202100028569,1,7,,0,2,1,13,A01
202100028569,2,7,,0,2,1,21,B01
202100028570,1,33,,0,2,1,13,A01
202100028570,2,7,,0,2,3,1,B01
202100028571,2,1,,0,2,1,1,A01
202100028571,1,7,,0,2,3,1,B01
202100028572,0,7,,0,2,3,5,A01
202100028572,0,7,,0,2,3,1,B01
202100028572,0,7,,0,2,1,1,C01
202100028573,2,7,,2,0,1,1,A01
202100028574,2,7,,0,2,2,13,A01
202100028574,1,7,,0,2,2,1,B01
202100028575,3,7,,0,2,7,15,A01
202100028575,0,2,,0,2,1,1,B01
202100028576,2,1,,0,2,8,26,B01
202100028576,1,7,,0,9,1,1,A01
202100028577,0,36,,6,0,7,1,A01
202100028578,1,7,,0,2,1,15,A01
202100028578,2,7,,0,0,1,1,B01
202100028579,1,33,,0,2,1,1,B01
202100028579,1,7,,0,2,5,19,A01
202100028580,1,7,,0,2,4,23,A01
202100028580,1,7,,14,0,1,2,B01
202100028581,1,7,,0,2,2,15,B01
202100028581,2,34,,0,2,1,1,A01
202100028582,1,7,,8,2,2,2,A01
202100028582,1,7,,14,0,6,2,B01
202100028583,0,7,,6,0,1,0,A01
202100028584,2,31,,13,0,1,19,A01
202100028585,2,7,,7,0,8,19,A01
202100028585,1,17,,0,2,2,1,B01
202100028586,1,7,,0,2,8,23,A01
202100028586,1,7,,0,2,1,1,B01
202100028587,2,7,,0,2,4,2,C01
202100028587,2,10,,0,2,4,2,D01
202100028587,2,7,,0,2,1,1,A01
202100028587,2,7,,0,2,4,0,B01
202100028588,2,7,,1,0,4,23,B01
202100028588,2,7,,0,2,1,26,A01
202100028589,1,7,,4,0,3,2,A01
202100028590,1,7,,0,2,6,1,B01
202100028590,1,33,,0,2,2,1,A01
202100028591,2,33,,0,2,1,11,A01
202100028591,2,7,,0,2,4,1,B01
202100028592,1,7,,4,0,1,1,A01
202100028593,2,7,,0,2,8,13,A01
202100028593,2,7,,0,2,7,1,B01
202100028594,2,7,,0,2,7,1,B01
202100028594,2,7,,0,2,3,11,A01
202100028595,1,7,,4,0,4,21,A01
202100028595,1,7,,0,0,0,0,Z01
202100028596,2,7,,0,2,1,1,C01
202100028596,2,7,,0,2,1,1,A01
202100028596,2,7,,0,2,4,1,B01
202100028597,1,7,,0,2,1,1,A01
202100028597,1,7,,0,2,4,1,B01
202100028598,2,10,,0,9,3,1,B01
202100028598,2,1,,0,2,1,5,A01
202100028599,1,7,,0,1,1,1,A01
202100028600,1,7,,0,0,0,0,A01
202100028600,1,30,,0,0,0,0,B01
202100028601,3,7,,0,2,1,26,A01
202100028601,3,30,,0,2,7,1,B01
202100028602,3,7,,0,2,8,15,B01
202100028602,3,31,,0,2,1,17,A01
202100028603,1,7,,0,2,3,9,A01
202100028603,1,2,,0,2,1,1,B01
202100028604,1,7,,0,2,1,1,A01
202100028604,3,7,,0,2,7,1,B01
202100028605,2,7,,4,2,4,2,B01
202100028605,2,7,,0,2,2,2,A01
202100028606,2,7,,0,2,5,12,A01
202100028606,2,33,,0,2,1,1,B01
202100028607,2,7,,14,0,4,23,A01
202100028607,2,7,,0,2,1,2,B01
202100028607,1,10,,0,2,1,2,C01
202100028608,2,7,,0,1,1,17,A01
202100028609,1,99,,0,2,1,1,B01
202100028609,1,7,,0,2,3,16,A01
202100028610,1,30,,0,1,1,1,A01
202100028611,3,7,,0,2,3,1,A01
202100028611,3,30,,0,2,1,5,B01
202100028612,1,7,,0,2,3,15,B01
202100028612,1,10,,0,2,3,15,A01
202100028613,2,2,,0,1,1,1,A01
202100028614,1,7,,1,0,7,1,A01
202100028615,0,10,,0,2,1,1,A01
202100028615,0,50,,0,2,4,1,B01
202100028616,0,7,,0,2,1,1,B01
202100028616,0,7,,0,2,1,15,A01
202100028617,0,7,,0,2,6,15,B01
202100028617,0,7,,0,2,3,1,A01
202100028618,1,7,,0,2,2,15,A01
202100028618,2,7,,0,2,3,0,B01
202100028619,2,50,,0,2,2,2,B01
202100028620,1,10,,0,2,4,2,B01
202100028620,2,33,,0,2,1,2,A01
202100028621,1,31,,0,2,4,1,B01
202100028621,1,7,,0,2,1,1,A01
202100028622,1,7,,13,0,1,0,A01
202100028623,1,80,,0,2,1,1,B01
202100028623,1,7,,0,2,5,16,A01
202100028624,1,33,,14,0,1,14,A01
202100028625,2,10,,0,2,1,9,A01
202100028625,2,33,,0,2,5,1,B01
202100028626,3,1,,0,2,2,9,A01
202100028626,3,7,,0,2,6,9,B01
202100028627,1,7,,0,2,4,23,B01
202100028627,1,7,,0,2,1,2,A01
202100028628,2,7,,0,2,4,23,C01
202100028628,2,7,,0,2,4,23,B01
202100028628,2,7,,0,2,1,2,A01
202100028629,1,33,,0,2,6,1,B01
202100028629,1,7,,0,2,6,10,A01
202100028630,3,7,,0,2,1,1,B01
202100028630,3,31,,0,2,1,1,A01
202100028631,1,7,,0,2,1,1,A01
202100028631,1,1,,0,2,8,19,B01
202100028632,1,7,,0,2,3,16,B01
202100028632,1,1,,0,2,1,1,A01
202100028633,1,7,,1,0,2,14,A01
202100028634,1,7,,0,2,4,26,B01
202100028634,1,7,,0,2,2,26,A01
202100028635,2,10,,1,0,7,1,B01
202100028635,2,10,,0,2,8,24,A01
202100028636,1,10,,0,9,2,9,A01
202100028636,1,1,,0,2,2,9,B01
202100028637,0,7,,0,2,4,2,B01
202100028637,0,33,,0,2,1,2,A01
202100028638,2,30,,0,0,0,1,A01
202100028639,1,7,,0,0,1,9,A01
202100028640,1,60,,5,2,1,9,B01
202100028640,1,7,,12,2,3,9,A01
202100028641,1,7,,3,0,1,9,A01
202100028642,3,7,,0,2,3,15,A01
202100028642,3,7,,0,2,8,1,B01
202100028643,2,7,,1,2,2,1,B01
202100028643,1,7,,6,2,1,1,FA01
202100028644,3,7,,8,0,1,1,A01
202100028645,3,60,,0,2,8,19,B01
202100028645,3,7,,0,2,1,1,A01
202100028646,2,7,,0,2,1,15,A01
202100028646,1,7,,0,2,0,0,B01
202100028647,2,7,,0,2,3,1,B01
202100028647,2,10,,13,0,2,1,C01
202100028647,1,7,,0,2,3,13,A01
202100028648,1,1,,0,2,1,1,B01
202100028648,2,1,,0,2,1,1,A01
202100028649,1,7,,0,2,0,0,Z01
202100028649,1,33,,0,2,4,1,A01
202100028650,0,7,,0,2,1,12,A01
202100028650,3,1,,0,2,1,8,B01
202100028651,0,7,,0,2,3,1,B01
202100028651,1,7,,0,2,1,0,Z01
202100028652,2,7,,6,0,1,26,A01
202100028653,0,31,,0,2,1,1,B01
202100028653,1,7,,0,2,0,10,A01
202100028654,1,1,,0,1,1,25,A01
202100028655,1,7,,0,1,0,0,A01
202100028656,3,7,,1,0,4,4,A01
202100028657,3,7,,0,2,1,1,B01
202100028657,3,7,,0,2,1,5,A01
202100028658,0,7,,0,1,1,1,A01
202100028659,3,1,,0,2,5,1,B01
202100028659,3,7,,0,2,1,9,A01
202100028660,1,7,,4,0,2,1,A01
202100028661,1,30,,0,0,7,26,A01
202100028662,2,7,,0,2,1,2,A01
202100028662,2,7,,0,2,4,1,B01
202100028663,1,7,,0,2,4,2,C01
202100028663,1,7,,0,2,4,1,B01
202100028663,1,7,,0,2,1,2,A01
202100028664,1,32,,9,0,1,1,A01
202100028665,1,7,,0,0,3,0,C01
202100028665,1,7,,0,2,3,0,B01
202100028665,1,7,,0,2,3,0,A01
202100028666,2,32,,0,2,1,1,A01
202100028666,1,30,,0,2,3,9,B01
202100028667,2,7,,0,2,4,4,B01
202100028667,2,33,,0,2,1,26,A01
202100028668,2,7,,0,1,7,21,A01
202100028669,2,7,,0,2,8,13,A01
202100028669,2,33,,0,2,7,3,B01
202100028670,3,7,,8,0,3,15,A01
202100028671,2,2,,0,0,1,1,A01
202100028672,2,30,,0,0,3,13,A01
202100028673,2,15,,0,0,7,1,A01
202100028674,1,7,,0,2,8,13,A01
202100028674,1,7,,4,2,7,1,B01
202100028674,1,15,,0,2,4,1,C01
202100028675,1,34,,0,0,0,3,A01
202100028676,3,14,,0,1,5,1,A01
202100028677,1,1,,0,2,3,1,B01
202100028677,1,7,,0,2,2,15,A01
202100028678,1,30,,0,1,1,18,A01
202100028679,2,37,3.0,0,0,0,21,A01
202100028680,2,50,,0,1,1,1,A01
202100028681,2,10,,0,2,1,22,B01
202100028681,1,1,,0,2,1,1,A01
202100028682,2,50,,0,1,7,1,A01
202100028683,2,7,,0,2,1,1,A01
202100028683,2,1,,0,2,4,9,B01
202100028683,1,7,,0,2,1,1,C01
202100028684,2,7,,0,2,2,1,B01
202100028684,2,7,,0,2,1,1,A01
202100028685,2,31,,0,2,4,1,B01
202100028685,2,7,,0,2,7,1,A01
202100028686,3,50,,0,1,1,1,A01
202100028687,2,7,,0,2,1,13,A01
202100028687,1,7,,0,2,1,1,B01
202100028688,1,7,,0,2,5,2,B01
202100028688,1,33,,0,2,1,2,A01
202100028689,1,30,,0,2,1,2,A01
202100028689,1,7,,0,2,4,2,B01
202100028690,3,80,,0,2,7,1,B01
202100028690,3,7,,0,2,8,22,A01
202100028691,2,1,,0,2,5,2,A01
202100028691,2,7,,0,2,5,23,B01
202100028692,1,7,,0,2,6,15,A01
202100028692,1,7,,0,2,2,1,Z01
202100028693,3,7,,0,2,5,1,A01
202100028693,3,7,,0,2,2,1,B01
202100028694,1,7,,0,2,5,1,B01
202100028694,2,13,,0,2,1,1,A01
202100028695,2,7,,0,2,6,2,B01
202100028695,2,7,,14,0,2,2,A01
202100028696,1,7,,0,2,1,15,A01
202100028696,1,1,,0,2,1,5,Y01
202100028697,3,10,,0,0,8,1,B01
202100028697,3,7,,0,0,7,14,A01
202100028698,3,50,,14,0,1,25,A01
202100028699,3,33,,0,2,7,17,A01
202100028699,3,10,,0,2,8,1,B01
202100028700,0,34,,0,0,0,2,B01
202100028700,0,7,,0,0,1,2,A01
202100028701,3,3,,0,2,3,15,B01
202100028701,2,34,,0,2,1,2,A01
202100028702,1,7,,0,9,2,16,B01
202100028702,2,50,,0,2,2,25,A01
202100028703,2,7,,0,2,3,10,B01
202100028703,1,43,,0,2,3,21,A01
202100028704,3,7,,0,2,3,15,B01
202100028704,3,30,,0,2,1,17,A01
202100028705,1,30,,0,0,1,2,B01
202100028705,1,99,,0,0,8,19,A01
202100028706,0,7,,0,2,8,0,B01
202100028706,2,7,,0,2,1,9,A01
202100028707,3,7,,0,2,2,1,B01
202100028707,1,7,,0,2,8,9,A01
202100028708,3,50,,0,1,1,19,A01
202100028709,2,33,,0,2,1,17,A01
202100028709,2,7,,0,2,4,23,B01
202100028710,1,7,,0,2,3,15,A01
202100028710,2,32,,0,2,1,1,B01
202100028711,2,7,,0,2,1,2,A01
202100028711,2,30,,0,2,4,1,B01
202100028712,3,7,,8,0,1,1,A01
202100028713,1,10,,0,1,2,1,A01
202100028714,1,43,,0,2,2,17,A01
202100028714,1,7,,0,2,3,1,B01
202100028715,1,33,,0,0,7,13,A01
202100028716,1,2,,1,0,1,1,A01
202100028717,2,7,,14,0,8,1,A01
202100028718,2,32,,0,2,0,9,A01
202100028718,2,7,,0,0,5,2,B01
202100028719,1,7,,0,1,3,0,A01
202100028720,2,7,,2,0,7,14,A01
202100028721,1,7,,4,0,8,0,A01
202100028722,3,31,,0,2,1,19,B01
202100028722,3,7,,0,2,1,1,A01
202100028723,2,34,,0,1,1,17,A01
202100028724,3,7,,2,0,0,1,A01
202100028725,2,2,,0,0,2,1,A01
202100028726,2,7,,0,2,1,13,A01
202100028726,1,10,,0,2,1,1,B01
202100028727,1,2,,0,2,7,1,B01
202100028727,2,7,,0,2,1,9,A01
202100028728,1,7,,6,0,3,1,A01
202100028729,1,2,,0,0,0,0,A01
202100028730,3,7,,0,2,3,15,A01
202100028730,3,2,,0,2,8,0,B01
202100028731,1,31,,0,2,3,13,A01
202100028731,2,7,,0,2,8,1,B01
202100028732,1,7,,0,2,3,1,A01
202100028732,2,2,,0,2,1,13,B01
202100028733,1,7,,0,2,7,1,B01
202100028733,1,7,,0,2,1,19,A01
202100028734,1,7,,0,2,3,1,A01
202100028734,2,7,,0,0,8,1,B01
202100028735,1,33,,0,0,4,1,B01
202100028735,1,7,,0,2,1,1,A01
202100028736,2,2,,0,1,2,1,A01
202100028737,1,7,,0,2,3,9,A01
202100028737,1,33,,0,2,7,1,B01
202100028738,1,7,,0,2,3,1,B01
202100028738,2,7,,0,2,3,13,A01
202100028739,3,36,,13,0,1,0,A01
202100028740,1,7,,0,2,2,17,A01
202100028740,1,1,,0,2,6,2,B01
202100028741,1,7,,13,0,2,14,A01
202100028742,1,7,,8,2,1,13,A01
202100028742,2,2,,0,2,1,0,B01
202100028743,1,7,,2,0,5,14,A01
202100028744,1,33,,0,2,1,17,A01
202100028744,2,7,,0,2,6,1,B01
202100028745,3,1,,0,9,9,2,A01
202100028745,3,1,,0,9,8,2,B01
202100028745,3,1,,0,9,7,2,C01
202100028746,1,14,,0,0,4,2,B01
202100028746,1,7,,0,2,1,2,A01
202100028747,2,7,,0,2,3,1,B01
202100028747,1,7,,0,2,3,5,A01
202100028748,1,7,,0,1,2,16,A01
202100028749,1,7,,4,0,3,0,A01
202100028749,1,7,,14,0,0,1,C01
202100028749,1,7,,1,0,8,1,B01
202100028750,2,7,,3,0,3,2,A01
202100028750,2,7,,0,2,2,2,B01
202100028751,1,17,,0,2,4,1,B01
202100028751,1,7,,0,2,1,1,A01
202100028752,1,7,,0,0,6,9,B01
202100028752,1,7,,14,2,2,12,A01
202100028753,1,7,,0,2,4,1,D01
202100028753,1,15,,0,2,8,1,C01
202100028753,1,7,,0,2,1,1,B01
202100028753,1,7,,0,2,1,1,A01
202100028754,2,33,,0,2,7,2,A01
202100028754,2,7,,0,0,6,2,B01
202100028755,1,36,,3,0,9,12,A01
202100028756,2,7,,0,2,1,2,A01
202100028756,2,15,,0,0,0,2,B01
202100028757,1,17,,0,0,6,2,B01
202100028757,1,7,,0,2,2,12,A01
202100028758,2,7,,13,0,5,1,A01
202100028759,0,7,,0,1,3,2,A01
202100028760,0,33,,0,2,1,2,B01
202100028760,0,7,,0,2,2,15,A01
202100028761,1,7,,2,0,3,13,A01
202100028762,1,1,,0,0,1,16,B01
202100028762,2,7,,0,0,1,0,A01
202100028763,1,43,,0,2,8,1,A01
202100028763,2,7,,0,2,3,1,B01
202100028764,1,7,,2,0,2,26,A01
202100028765,1,33,,0,0,0,1,A01
202100028766,2,31,,0,0,7,1,A01
202100028767,3,10,,0,1,4,4,A01
202100028768,1,7,,16,2,1,17,A01
202100028768,1,7,,0,0,6,1,B01
202100028769,-1,10,,0,0,0,1,A01
202100028770,3,7,,0,2,1,1,B01
202100028770,1,1,,0,0,8,1,A01
202100028771,2,7,,15,0,9,6,A01
202100028772,2,33,,12,0,1,1,A01
202100028773,2,7,,0,2,2,2,A01
202100028773,2,1,,0,2,6,2,B01
202100028774,0,33,,0,0,8,0,A01
202100028775,0,2,,0,0,7,1,A01
202100028776,2,7,,0,2,1,1,B01
202100028776,2,7,,0,0,4,1,A01
202100028777,1,7,,0,2,4,2,A01
202100028777,1,7,,0,2,4,2,B01
202100028777,1,13,,0,2,1,2,C01
202100028778,1,7,,0,2,1,2,C01
202100028778,1,7,,0,2,4,2,B01
202100028778,1,7,,0,2,4,9,A01
202100028779,1,7,,0,2,1,2,C01
202100028779,1,10,,0,2,1,2,B01
202100028779,1,7,,0,2,1,2,A01
202100028780,2,7,,0,2,3,17,A01
202100028780,2,7,,4,0,1,1,B01
202100028781,2,33,,16,0,7,21,A01
202100028781,2,7,,0,2,1,2,C01
202100028781,2,10,,0,0,4,23,B01
202100028782,2,7,,0,2,3,11,A01
202100028782,2,33,,0,2,2,1,B01
202100028782,2,10,,0,2,5,1,C01
202100028783,2,7,,0,2,2,12,A01
202100028783,2,33,,0,2,8,3,B01
202100028784,1,7,,0,2,1,2,C01
202100028784,1,7,,0,2,4,2,B01
202100028784,1,7,,0,2,1,2,A01
202100028785,2,7,,0,2,3,5,A01
202100028785,2,32,,0,2,1,1,B01
202100028786,2,7,,0,2,1,26,A01
202100028786,2,7,,6,2,4,1,B01
202100028787,1,7,,0,2,4,23,B01
202100028787,1,15,,1,0,1,1,A01
202100028788,1,32,,0,2,8,3,A01
202100028788,1,7,,0,2,2,1,B01
202100028789,1,15,,0,2,0,0,B01
202100028789,1,7,,0,2,4,26,A01
202100028790,1,7,,0,1,1,16,A01
202100028791,2,7,,0,2,1,21,B01
202100028791,1,7,,0,2,1,13,A01
202100028792,3,10,,0,1,2,1,A01
202100028793,3,80,,0,2,1,1,B01
202100028793,1,7,,0,2,2,1,A01
202100028794,2,7,,0,2,0,9,A01
202100028794,2,7,,0,2,1,0,B01
202100028795,1,10,,0,0,4,26,A01
202100028796,2,10,,0,2,3,2,A01
202100028796,2,33,,0,2,6,2,B01
202100028797,1,7,,0,1,1,25,A01
202100028798,3,7,,1,0,5,26,A01
202100028799,0,2,,0,2,8,1,B01
202100028799,0,10,,0,2,1,1,A01
202100028800,1,30,,0,0,0,0,A01
202100028801,1,7,,0,2,8,1,A01
202100028801,1,10,,0,2,2,1,B01
202100028802,2,33,,0,0,7,21,A01
202100028803,0,3,,1,0,1,1,A01
202100028804,0,7,,0,2,4,1,B01
202100028804,0,7,,0,2,1,9,A01
202100028805,2,50,,0,2,7,1,B01
202100028805,2,7,,0,2,1,9,A01
202100028806,3,7,,2,0,1,13,A01
202100028807,2,7,,0,2,2,15,A01
202100028807,1,7,,0,2,1,1,B01
202100028808,1,33,,1,2,1,1,A01
202100028808,1,7,,0,2,8,1,C01
202100028809,3,7,,3,0,1,19,A01
202100028810,2,1,,12,0,0,1,A01
202100028811,2,7,,13,0,2,14,A01
202100028812,3,7,,0,2,4,1,A01
202100028812,3,0,,0,2,0,0,B01
202100028813,1,7,,0,2,3,0,B01
202100028813,1,7,,0,2,1,1,A01
202100028814,1,7,,0,2,4,1,B01
202100028814,1,10,,0,2,1,1,A01
202100028815,1,7,,0,2,1,15,B01
202100028815,2,30,,0,2,1,1,A01
202100028815,1,7,,0,2,1,1,C01
202100028816,1,1,,0,2,1,18,A01
202100028816,1,7,,0,2,7,2,B01
202100028817,2,7,,0,2,2,1,A01
202100028817,3,50,,0,2,8,19,B01
202100028818,3,30,,1,0,1,16,A01
202100028819,1,7,,0,2,1,9,A01
202100028819,1,7,,0,2,4,1,B01
202100028820,1,7,,2,0,1,14,A01
202100028821,1,7,,0,1,1,1,A01
202100028822,0,7,,0,2,1,15,A01
202100028822,0,7,,0,2,3,9,B01
202100028823,1,33,,0,2,4,23,A01
202100028823,1,99,,0,2,1,2,B01
202100028824,2,7,,0,2,8,15,B01
202100028824,2,2,,0,2,7,17,A01
202100028825,3,7,,11,2,8,13,A01
202100028825,0,7,,0,2,1,0,B01
202100028826,1,7,,8,0,1,1,A01
202100028827,2,7,,0,1,3,1,A01
202100028828,1,7,,0,2,1,1,A01
202100028828,3,7,,0,2,7,1,B01
202100028829,2,7,,1,0,1,26,A01
202100028830,1,1,,0,1,1,1,A01
202100028831,1,33,,0,2,1,1,A01
202100028831,1,10,,0,2,6,15,B01
202100028832,2,33,,2,0,8,0,A01
202100028833,2,33,,11,0,0,1,A01
202100028834,2,7,,0,2,1,17,A01
202100028834,2,7,,0,2,4,1,B01
202100028835,1,10,,0,2,8,15,B01
202100028835,1,30,,0,2,7,17,A01
202100028836,1,2,,3,0,7,1,A01
202100028837,3,7,,12,0,3,0,A01
202100028838,2,7,,0,2,3,1,B01
202100028838,1,7,,0,2,3,13,A01
202100028839,2,7,,0,2,4,1,B01
202100028839,2,7,,0,2,1,1,A01
202100028839,2,7,,0,2,4,1,C01
202100028840,3,7,,0,2,2,1,A01
202100028841,1,7,,0,2,1,5,Z01
202100028841,2,43,,0,2,6,2,B01
202100028842,1,33,,0,2,1,1,B01
202100028842,2,7,,0,2,3,20,A01