Num_Acc,senc,catv,occutc,obs,obsm,choc,manv,num_veh
202100028843,3,10,,0,2,0,0,B01
202100028843,3,7,,0,2,1,1,A01
202100028844,3,10,,0,2,5,4,A01
202100028844,2,50,,0,2,1,25,B01
202100028845,2,7,,0,2,3,1,C01
202100028845,1,7,,0,2,3,26,B01
202100028845,1,2,,0,2,1,18,A01
202100028846,1,7,,1,0,3,1,A01
202100028847,1,33,,0,1,7,21,A01
202100028848,1,7,,0,2,1,13,A01
202100028848,2,7,,0,2,1,1,B01
202100028849,2,7,,0,2,4,2,B01
202100028849,2,7,,0,2,1,2,A01
202100028850,2,43,,0,0,8,1,A01
202100028851,2,1,,0,2,3,19,B01
202100028851,1,33,,0,2,1,1,A01
202100028852,1,7,,0,2,3,15,Z01
202100028852,2,50,,0,2,1,1,A01
202100028853,2,33,,0,2,1,1,B01
202100028853,2,7,,0,2,7,15,A01
202100028854,1,50,,0,2,7,1,B01
202100028854,1,7,,0,2,8,15,A01
202100028855,3,30,,2,0,1,14,A01
202100028856,1,7,,0,2,2,16,A01
202100028856,1,1,,0,2,8,1,B01
202100028857,2,7,,1,2,7,1,A01
202100028857,1,7,,0,2,1,1,Z01
202100028858,2,80,,0,2,1,19,B01
202100028858,2,33,,0,2,2,1,A01
202100028859,1,80,,0,1,8,1,A01
202100028860,2,7,,0,2,3,1,B01
202100028860,2,80,,0,2,2,1,A01
202100028861,2,1,,0,2,1,5,A01
202100028861,1,30,,0,2,1,1,Z01
202100028862,1,30,,0,1,1,1,A01
202100028863,0,1,,0,2,2,1,A01
202100028863,1,7,,0,2,2,1,B01
202100028864,1,50,,0,0,1,1,A01
202100028865,1,7,,0,1,7,15,A01
202100028866,1,43,,0,2,1,1,B01
202100028866,3,7,,0,2,8,15,A01
202100028867,3,34,,0,9,1,1,A01
202100028867,3,1,,8,0,8,9,B01
202100028868,2,7,,3,0,1,2,A01
202100028869,2,7,,14,2,1,11,B01
202100028869,2,7,,0,2,4,23,A01
202100028870,3,7,,12,0,1,26,A01
202100028871,2,7,,0,1,0,0,A01
202100028872,2,1,,0,2,3,25,B01
202100028872,3,7,,0,2,2,26,A01
202100028873,1,60,,0,0,0,0,Y01
202100028873,1,7,,0,2,1,2,A01
202100028874,1,30,,0,2,1,11,A01
202100028875,3,1,,0,2,0,0,B01
202100028875,3,50,,0,2,1,26,A01
202100028876,1,1,,0,2,8,1,B01
202100028876,2,7,,0,2,7,1,A01
202100028877,0,30,,0,0,0,1,A01
202100028878,0,7,,0,2,3,1,A01
202100028878,0,30,,0,2,1,16,B01
202100028879,3,7,,0,2,7,1,B01
202100028879,3,7,,0,2,7,26,A01
202100028880,1,33,,0,1,1,19,A01
202100028881,2,33,,0,2,1,1,B01
202100028881,2,7,,0,2,6,1,A01
202100028882,2,2,,0,2,3,1,B01
202100028882,2,7,,0,2,2,26,A01
202100028883,1,10,,0,2,1,2,A01
202100028883,2,7,,0,2,4,2,B01
202100028883,1,7,,0,2,4,2,C01
202100028884,1,30,,0,0,0,1,A01
202100028885,1,7,,0,2,3,15,A01
202100028885,1,2,,9,2,1,17,B01
202100028886,1,7,,0,2,3,1,B01
202100028886,2,7,,0,2,1,13,A01
202100028887,1,7,,15,0,8,0,A01
202100028888,2,7,,6,0,1,1,A01
202100028889,2,99,,0,2,3,15,A01
202100028889,1,2,,0,2,3,1,B01
202100028890,0,7,,0,2,5,15,A01
202100028890,0,2,,0,2,1,1,B01
202100028891,1,14,,3,2,6,2,B01
202100028891,1,10,,3,2,2,2,A01
202100028892,3,7,,6,0,3,1,A01
202100028893,1,7,,0,0,2,1,A01
202100028894,1,7,,0,0,6,15,A01
202100028894,1,33,,0,0,1,17,B01
202100028895,1,33,,0,2,1,1,A01
202100028895,2,7,,0,2,1,1,B01
202100028896,2,7,,0,0,4,2,B01
202100028896,2,7,,0,2,1,2,A01
202100028897,3,33,,0,2,1,1,A01
202100028897,3,7,,0,2,8,15,B01
202100028898,3,7,,0,1,1,1,A01
202100028899,1,7,,2,0,2,1,A01
202100028900,1,7,,2,0,1,1,A01
202100028901,2,7,,15,0,1,1,A01
202100028902,2,7,,2,0,7,1,A01
202100028903,2,7,,0,2,3,1,B01
202100028903,2,7,,0,2,1,19,A01
202100028904,0,33,,13,0,0,16,A01
202100028905,2,33,,0,2,1,1,B01
202100028905,3,7,,0,0,8,19,A01
202100028906,2,31,,13,0,8,14,A01
202100028907,1,33,,0,0,0,1,A01
202100028908,1,7,,2,0,7,1,A01
202100028909,2,7,,17,0,1,17,A01
202100028910,2,2,,0,2,0,5,A01
202100028910,1,7,,0,2,3,1,B01
202100028911,2,7,,0,0,2,15,A01
202100028911,1,7,,0,2,1,1,B01
202100028912,2,7,,0,2,2,11,A01
202100028912,2,7,,0,2,6,1,B01
202100028913,2,33,,0,2,1,3,B01
202100028913,1,7,,0,2,3,15,A01
202100028914,2,7,,0,2,3,0,A01
202100028914,1,7,,0,2,3,0,B01
202100028915,0,1,,0,2,1,5,B01
202100028915,1,7,,0,9,3,1,A01
202100028916,2,15,,0,2,1,1,B01
202100028916,1,7,,0,2,1,13,A01
202100028917,1,7,,2,0,1,0,A01
202100028918,0,32,,14,0,1,1,A01
202100028919,2,7,,0,2,8,13,A01
202100028919,1,7,,0,2,1,1,B01
202100028920,1,7,,8,0,1,1,A01
202100028921,2,7,,15,0,3,0,A01
202100028922,3,21,,0,0,9,16,A01
202100028923,0,10,,16,2,1,2,B01
202100028923,0,7,,0,0,4,2,A01
202100028924,1,10,,2,0,1,1,A01
202100028925,1,7,,6,0,6,15,B01
202100028925,1,7,,0,2,1,5,A01
202100028926,2,33,,0,2,3,1,B01
202100028926,2,7,,0,2,7,12,A01
202100028927,3,7,,1,1,3,1,A01
202100028928,1,7,,0,2,8,10,B01
202100028928,2,7,,14,2,1,1,A01
202100028929,1,1,,0,2,1,13,A01
202100028929,2,7,,0,9,3,1,B01
202100028930,2,33,,13,0,9,1,A01
202100028931,1,1,,0,2,7,15,A01
202100028931,2,7,,0,2,2,1,B01
202100028932,1,7,,0,2,4,15,A01
202100028932,2,33,,0,2,1,1,B01
202100028933,1,7,,0,2,1,1,B01
202100028933,1,7,,0,2,8,15,A01
202100028934,3,7,,0,2,3,19,A01
202100028934,0,33,,6,2,2,21,B01
202100028935,2,7,,0,2,4,23,B01
202100028935,2,7,,0,2,4,23,D01
202100028935,2,7,,0,2,1,1,A01
202100028935,2,7,,0,2,6,23,C01
202100028936,1,34,,0,2,7,1,B01
202100028936,2,7,,0,2,3,9,A01
202100028937,2,7,,0,2,3,1,B01
202100028937,1,7,,0,0,8,19,A01
202100028938,1,33,,0,2,1,26,A01
202100028938,1,7,,0,2,6,15,B01
202100028939,0,36,,12,0,0,1,A01
202100028940,1,7,,9,0,1,1,A01
202100028941,1,7,,0,0,0,0,Z01
202100028941,1,7,,4,2,2,1,B01
202100028941,1,7,,0,2,7,1,A01
202100028942,1,7,,3,0,9,0,A01
202100028943,1,7,,0,2,4,23,C01
202100028943,1,7,,0,2,7,23,D01
202100028943,1,7,,0,2,7,1,A01
202100028943,1,7,,0,2,8,23,B01
202100028944,2,10,,0,2,1,2,A01
202100028944,2,7,,0,0,0,0,B01
202100028945,2,7,,0,2,4,1,A01
202100028945,2,7,,0,2,1,0,B01
202100028946,2,7,,0,2,1,26,A01
202100028947,2,7,,0,2,4,23,A01
202100028947,2,7,,14,0,1,26,Z01
202100028948,2,34,,0,2,1,2,A01
202100028948,2,7,,0,0,5,23,B01
202100028949,1,0,,3,2,1,26,A01
202100028949,1,33,,3,2,4,9,B01
202100028950,1,7,,4,2,4,2,C01
202100028950,1,14,,4,2,1,2,A01
202100028950,1,7,,4,2,4,2,B01
202100028951,2,7,,0,2,2,1,A01
202100028951,2,7,,0,2,4,1,B01
202100028952,1,10,,0,2,4,2,B01
202100028952,1,7,,0,2,1,1,A01
202100028953,2,7,,9,0,1,14,A01
202100028954,1,31,,0,0,0,1,A01
202100028955,2,7,,3,0,1,1,A01
202100028956,2,7,,0,2,6,11,B01
202100028956,2,33,,0,2,7,1,A01
202100028957,1,7,,0,2,1,26,A01
202100028957,1,7,,0,2,4,2,B01
202100028957,1,7,,0,0,4,11,C01
202100028958,2,10,,1,0,1,1,A01
202100028958,2,7,,0,2,4,23,B01
202100028959,1,7,,0,2,1,1,A01
202100028959,2,7,,0,2,8,1,B01
202100028960,2,7,,6,0,1,15,A01
202100028961,2,0,,0,0,0,1,A01
202100028962,1,33,,0,0,0,1,A01
202100028963,3,7,,0,2,3,26,B01
202100028963,1,50,,0,2,1,25,A01
202100028964,2,31,,8,2,4,15,A01
202100028964,2,31,,0,2,0,1,D01
202100028965,0,7,,2,0,7,1,A01
202100028966,2,7,,0,1,2,15,A01
202100028967,1,7,,0,2,3,9,A01
202100028967,1,31,,0,2,2,1,B01
202100028968,1,2,,12,0,2,26,A01
202100028969,1,7,,0,2,1,1,A01
202100028969,1,7,,8,0,7,1,B01
202100028970,1,37,1.0,0,1,1,15,A01
202100028971,2,7,,0,2,1,15,B01
202100028971,1,7,,0,2,2,1,A01
202100028972,2,80,,16,0,0,19,A01
202100028973,1,14,,0,2,4,1,B01
202100028973,1,13,,0,2,1,2,A01
202100028974,2,1,,0,0,0,0,B01
202100028974,2,7,,0,2,1,1,A01
202100028975,3,50,,0,2,1,26,A01
202100028975,3,7,,0,9,1,9,B01
202100028976,2,7,,0,2,2,2,B01
202100028976,2,30,,0,2,1,2,A01
202100028977,0,7,,0,2,0,0,B01
202100028977,0,2,,0,2,1,2,A01
202100028978,0,7,,0,2,3,13,A01
202100028978,0,7,,0,2,3,0,B01
202100028978,0,7,,0,2,3,0,C01
202100028978,0,7,,0,2,1,0,D01
202100028979,1,7,,0,2,1,1,B01
202100028979,0,7,,13,2,1,1,A01
202100028980,1,34,,14,0,1,17,A01
202100028980,1,37,1.0,0,0,3,2,B01
202100028981,1,7,,0,0,0,26,B01
202100028981,3,7,,15,0,2,17,A01
202100028982,2,2,,0,2,2,1,A01
202100028982,2,2,,0,2,4,1,B01
202100028983,2,7,,0,2,5,1,A01
202100028983,3,34,,0,2,1,1,B01
202100028984,1,34,,0,1,1,1,A01
202100028984,1,37,1.0,0,2,8,23,B01
202100028985,2,1,,0,2,1,1,B01
202100028985,2,7,,0,2,3,22,A01
202100028986,2,7,,0,1,1,12,A01
202100028987,2,43,,0,2,3,1,B01
202100028987,3,34,,0,2,1,1,A01
202100028988,2,30,,0,0,6,1,A01
202100028989,2,7,,0,1,2,7,A01
202100028990,2,1,,0,2,1,1,B01
202100028990,1,1,,0,2,1,15,A01
202100028991,1,32,,1,0,1,13,A01
202100028992,1,10,,0,0,2,19,B01
202100028992,1,7,,0,2,1,19,A01
202100028993,0,7,,0,1,1,1,A01
202100028994,0,7,,0,2,7,1,B01
202100028994,3,7,,0,2,1,1,A01
202100028995,2,7,,0,2,4,16,A01
202100028995,2,7,,0,2,1,1,B01
202100028996,2,7,,0,1,2,1,A01
202100028997,1,7,,12,0,2,0,A01
202100028998,1,7,,0,1,2,0,A01
202100028999,1,3,,0,2,2,19,A01
202100028999,2,31,,14,2,1,1,B01
202100029000,2,30,,0,0,0,1,A01
202100029001,1,7,,0,1,1,1,A01
202100029002,2,30,,0,1,0,1,A01
202100029003,2,43,,11,0,1,6,A01
202100029004,1,33,,1,0,1,1,A01
202100029005,3,2,,7,0,0,1,A01
202100029006,2,7,,14,0,3,0,A01
202100029007,2,7,,0,2,1,13,A01
202100029007,1,7,,0,2,1,1,B01
202100029008,1,7,,0,2,1,2,C01
202100029008,1,7,,0,2,4,2,B01
202100029008,1,7,,0,0,5,15,A01
202100029009,2,0,,0,2,0,0,B01
202100029009,2,1,,0,2,4,0,A01
202100029010,1,7,,0,2,3,1,B01
202100029010,2,2,,0,2,1,13,A01
202100029011,1,33,,0,2,1,18,A01
202100029011,1,7,,0,2,5,2,B01
202100029012,2,7,,0,2,3,17,B01
202100029012,1,33,,0,2,1,1,A01
202100029013,2,2,,0,2,1,2,A01
202100029013,2,7,,0,0,4,23,B01
202100029014,2,1,,0,2,1,1,B01
202100029014,1,10,,0,2,2,15,A01
202100029015,0,33,,0,0,6,1,A01
202100029016,2,7,,9,0,5,1,A01
202100029016,1,10,,0,2,1,0,B01
202100029017,1,7,,2,0,1,1,A01
202100029018,1,7,,0,2,1,1,B01
202100029018,1,7,,0,2,1,11,A01
202100029019,0,7,,0,0,0,23,A01
202100029020,1,7,,13,0,3,1,A01
202100029021,1,17,,0,2,3,21,A01
202100029021,1,17,,0,0,5,1,B01
202100029022,1,15,,0,2,1,1,A01
202100029022,1,7,,0,2,9,1,B01
202100029022,1,7,,0,0,4,15,C01
202100029023,2,7,,0,2,2,2,A01
202100029023,2,1,,0,2,9,2,B01
202100029024,1,1,,0,0,9,1,A01
202100029025,1,1,,0,2,1,2,A01
202100029025,1,21,,0,0,4,1,B01
202100029026,3,10,,0,2,8,1,A01
202100029026,3,1,,0,2,1,16,B01
202100029027,2,7,,2,0,1,14,A01
202100029028,3,1,,0,2,4,2,B01
202100029028,3,7,,0,2,0,2,A01
202100029029,1,10,,15,0,2,1,A01
202100029030,2,7,,0,2,2,0,C01
202100029030,2,7,,0,2,2,13,B01
202100029030,1,7,,0,2,3,13,A01
202100029031,1,7,,0,0,3,13,A01
202100029032,3,7,,0,1,6,20,A01
202100029033,2,7,,0,1,3,17,A01
202100029034,0,7,,13,2,0,19,B01
202100029034,0,7,,0,2,1,1,A01
202100029035,0,7,,8,0,2,0,A01
202100029036,1,7,,13,0,1,1,A01
202100029037,0,7,,0,2,3,13,A01
202100029037,0,10,,0,2,3,1,B01
202100029038,3,7,,0,2,1,19,B01
202100029038,3,1,,0,2,8,1,A01
202100029039,3,7,,2,0,7,1,A01
202100029040,1,7,,0,1,1,1,A01
202100029041,1,17,,0,1,0,1,A01
202100029042,0,33,,14,0,0,26,A01
202100029043,2,17,,1,0,1,14,A01
202100029043,2,7,,0,0,4,24,B01
202100029044,1,7,,3,0,1,1,A01
202100029045,0,14,,0,0,6,23,A01
202100029045,0,7,,0,2,1,2,B01
202100029046,1,7,,3,0,4,1,A01
202100029046,1,7,,0,2,3,2,B01
202100029047,1,33,,0,2,1,26,A01
202100029047,0,33,,0,0,0,26,B01
202100029048,1,32,,3,0,2,1,A01
202100029049,2,32,,10,0,1,2,A01
202100029050,1,7,,13,0,4,1,A01
202100029051,0,3,,13,0,2,1,A01
202100029052,1,7,,0,2,1,13,A01
202100029052,2,33,,0,2,1,1,B01
202100029053,2,7,,5,0,1,1,A01
202100029054,2,7,,0,2,1,9,A01
202100029054,2,33,,0,2,7,2,B01
202100029055,2,31,,0,2,1,1,B01
202100029055,1,10,,0,2,3,26,A01
202100029056,2,33,,9,0,1,1,A01
202100029057,1,33,,0,0,7,21,A01
202100029058,2,7,,0,2,1,1,A01
202100029058,2,7,,0,2,5,23,B01
202100029059,1,7,,4,0,1,0,A01
202100029060,2,7,,0,2,4,1,A01
202100029061,2,7,,4,0,4,26,A01
202100029062,2,33,,0,2,1,3,A01
202100029062,2,10,,0,2,2,1,B01
202100029063,1,7,,4,2,6,12,B01
202100029063,1,7,,4,2,2,2,A01
202100029064,1,7,,0,2,3,0,B01
202100029064,1,7,,0,0,9,0,A01
202100029065,2,7,,4,0,1,1,A01
202100029066,2,10,,0,2,0,0,Z01
202100029066,2,33,,0,2,8,1,A01
202100029067,1,7,,0,2,4,2,A01
202100029067,1,7,,0,2,1,1,B01
202100029068,2,7,,4,0,3,1,A01
202100029069,-1,1,,-1,0,0,1,A01
202100029070,1,7,,0,1,2,16,A01
202100029071,1,1,,0,1,4,25,Z01
202100029072,1,7,,0,2,2,1,A01
202100029072,1,1,,0,2,4,0,B01
202100029073,2,33,,0,2,7,1,B01
202100029073,2,10,,0,2,3,15,A01
202100029074,2,7,,0,2,6,26,B01
202100029074,2,7,,0,2,6,26,A01
202100029075,1,7,,0,2,1,2,A01
202100029075,1,30,,0,2,4,2,B01
202100029076,3,2,,0,2,0,15,A01
202100029076,3,7,,0,2,0,15,B01
202100029077,3,30,,0,2,1,1,B01
202100029077,2,10,,0,2,4,23,A01
202100029078,3,7,,0,1,4,20,A01
202100029079,1,7,,0,1,3,1,A01
202100029080,2,32,,0,2,8,1,B01
202100029080,2,7,,0,2,0,26,A01
202100029081,1,7,,0,2,2,9,A01
202100029081,2,1,,0,2,2,1,B01
202100029082,2,7,,0,2,8,10,A01
202100029082,2,7,,0,2,2,1,B01
202100029083,1,30,,0,2,8,1,A01
202100029084,1,7,,6,0,9,1,A01
202100029085,2,50,,1,0,3,1,B01
202100029085,2,7,,0,2,2,24,A01
202100029086,2,7,,0,2,6,1,B01
202100029086,2,30,,0,2,1,17,A01
202100029086,1,7,,0,2,3,1,C01
202100029087,0,2,,0,2,8,1,B01
202100029087,0,7,,0,2,1,15,A01
202100029088,1,2,,0,2,1,1,B01
202100029088,2,7,,0,2,2,15,A01
202100029089,2,33,,0,2,8,1,B01
202100029089,1,10,,0,2,1,15,A01
202100029089,3,7,,0,2,6,23,C01
202100029090,0,30,,0,2,3,1,A01
202100029090,0,7,,0,2,3,1,B01
202100029091,0,37,1.0,0,1,1,23,A01
202100029092,0,7,,0,2,3,1,B01
202100029092,0,2,,0,2,1,1,A01
202100029093,0,7,,6,0,3,1,A01
202100029094,0,7,,0,1,1,1,A01
202100029095,0,7,,1,2,1,1,A01
202100029095,0,7,,0,2,1,1,B01
202100029096,1,7,,0,1,1,1,A01
202100029097,2,7,,0,1,1,1,A01
202100029098,3,7,,0,2,1,14,A01
202100029098,3,7,,1,0,6,23,B01
202100029099,1,38,2.0,0,1,7,9,A01
202100029100,1,7,,1,0,1,1,A01
202100029101,2,7,,0,2,2,16,A01
202100029101,2,99,,0,2,8,1,B01
202100029102,1,1,,0,2,0,0,B01
202100029102,3,7,,0,9,3,16,A01
202100029103,2,7,,0,2,2,1,B01
202100029103,1,7,,0,2,1,16,A01
202100029104,1,7,,0,1,0,26,A01
202100029105,2,1,,0,2,2,19,B01
202100029105,1,7,,0,2,1,1,A01
202100029106,1,14,,0,0,0,2,B01
202100029106,1,10,,0,2,1,2,A01
202100029107,2,7,,0,2,1,9,A01
202100029107,2,7,,0,2,4,1,B01
202100029108,1,7,,0,2,3,15,A01
202100029108,1,2,,0,2,1,1,B01
202100029109,2,2,,0,2,1,1,B01
202100029109,1,7,,0,2,3,19,A01
202100029110,2,10,,0,2,4,1,B01
202100029110,2,7,,0,2,1,1,A01
202100029110,2,7,,0,2,4,1,C01
202100029111,1,33,,4,0,8,17,A01
202100029112,2,1,,0,9,1,1,C01
202100029112,2,1,,0,9,1,1,B01
202100029112,1,1,,0,9,1,1,A01
202100029113,1,7,,0,9,1,1,A01
202100029114,1,7,,16,0,1,1,A01
202100029115,2,7,,0,2,3,14,A01
202100029116,3,7,,0,1,4,4,A01
202100029117,1,50,,0,2,6,2,B01
202100029117,1,7,,0,2,2,2,A01
202100029118,3,10,,0,2,3,9,A01
202100029118,0,30,,0,2,7,1,B01
202100029119,2,10,,0,2,1,0,A01
202100029119,2,37,1.0,0,2,7,0,B01
202100029120,2,7,,0,1,1,15,A01
202100029121,1,7,,0,2,2,2,B01
202100029121,1,30,,0,2,1,0,A01
202100029122,1,7,,0,2,4,26,B01
202100029122,1,7,,5,2,1,9,A01
202100029123,3,7,,14,0,1,1,A01
202100029124,2,7,,0,1,2,21,A01
202100029125,0,7,,0,2,2,16,A01
202100029125,0,2,,0,2,1,1,B01
202100029126,2,7,,9,0,9,0,A01
202100029127,3,7,,0,2,1,1,B01
202100029127,3,7,,0,2,2,15,A01
202100029128,3,7,,0,2,8,19,A01
202100029128,3,7,,0,2,1,1,B01
202100029129,3,7,,2,0,1,1,A01
202100029130,1,33,,0,2,7,1,B01
202100029130,1,7,,0,2,1,1,A01
202100029131,3,10,,0,0,0,1,A01
202100029132,1,7,,0,2,1,1,B01
202100029132,2,7,,0,2,1,13,A01
202100029133,1,3,,0,2,3,1,A01
202100029133,1,1,,0,2,8,19,B01
202100029134,2,7,,0,2,2,20,A01
202100029134,2,30,,0,2,1,26,B01
202100029135,2,30,,0,2,1,1,A01
202100029135,2,7,,0,2,4,1,B01
202100029136,3,7,,0,2,3,13,A01
202100029136,3,14,,0,2,3,1,B01
202100029137,1,10,,0,2,2,16,B01
202100029137,1,30,,0,2,1,7,A01
202100029138,2,7,,0,2,1,9,Z01
202100029138,1,7,,0,2,1,1,B01
202100029139,1,7,,0,2,4,2,B01
202100029139,1,30,,0,2,1,2,A01
202100029140,1,7,,0,2,3,26,A01
202100029140,1,7,,0,0,4,26,B01
202100029141,1,7,,0,2,3,2,A01
202100029141,1,7,,0,2,4,2,B01
202100029141,2,7,,0,2,1,0,C01
202100029142,2,7,,1,0,2,14,A01
202100029143,1,7,,0,2,1,1,B01
202100029143,2,7,,0,2,3,15,A01
202100029144,0,7,,0,2,8,1,Z01
202100029144,0,33,,0,2,7,1,A01
202100029145,3,30,,0,2,0,0,A01
202100029145,0,7,,0,2,2,16,B01
202100029146,2,7,,0,0,1,13,A01
202100029147,2,7,,0,2,3,16,A01
202100029147,2,14,,0,2,3,15,B01
202100029148,1,7,,0,2,4,2,B01
202100029148,1,7,,0,2,1,2,A01
202100029149,0,7,,8,0,1,1,A01
202100029150,1,7,,0,2,7,12,B01
202100029150,1,33,,0,2,8,3,A01
202100029151,1,31,,3,2,8,1,A01
202100029151,1,7,,0,2,2,12,Z01
202100029152,1,7,,0,2,2,10,A01
202100029152,2,33,,0,2,1,1,B01
202100029153,1,14,,0,2,8,15,A01
202100029153,1,33,,0,2,2,1,B01
202100029154,1,33,,0,2,7,15,A01
202100029154,2,43,,0,2,1,7,B01
202100029155,2,7,,0,2,2,1,A01
202100029155,2,7,,0,2,3,15,B01
202100029156,0,7,,0,1,1,16,A01
202100029157,2,7,,0,2,5,16,B01
202100029157,2,31,,0,2,1,7,A01
202100029158,2,7,,0,2,3,15,A01
202100029158,2,30,,0,2,7,17,B01
202100029159,1,7,,0,2,3,2,A01
202100029159,1,7,,0,2,4,23,B01
202100029160,3,7,,9,1,1,13,Z01
202100029161,2,1,,0,1,1,1,A01
202100029162,1,43,,0,0,3,1,A01
202100029163,1,33,,0,2,2,1,B01
202100029163,1,10,,0,2,6,15,A01
202100029164,2,7,,0,2,2,1,A01
202100029164,2,7,,0,2,3,1,B01
202100029165,1,13,,0,2,0,0,Z01
202100029165,1,1,,0,0,0,0,A01
202100029166,2,7,,9,0,1,1,A01
202100029167,3,17,,0,2,3,15,B01
202100029167,3,7,,0,2,1,17,A01
202100029168,2,32,,0,0,0,26,A01
202100029169,2,7,,0,2,1,7,A01
202100029169,1,7,,0,2,3,16,B01
202100029170,2,7,,0,1,1,1,A01
202100029171,0,10,,0,1,2,25,A01
202100029172,3,7,,0,2,3,9,B01
202100029172,3,10,,0,2,2,1,A01
202100029173,1,7,,0,2,1,1,B01
202100029173,1,7,,0,2,4,23,A01
202100029174,0,7,,0,2,0,0,B01
202100029174,3,7,,0,2,7,15,A01
202100029175,3,7,,0,2,1,15,A01
202100029175,0,7,,0,2,1,1,B01
202100029176,3,60,,0,0,8,25,A01
202100029177,3,14,,1,2,4,23,A01
202100029177,3,14,,1,2,1,0,B01
202100029178,2,7,,0,1,6,15,A01
202100029179,1,7,,0,2,3,0,B01
202100029179,1,1,,0,2,3,15,A01
202100029180,1,7,,0,1,1,1,A01
202100029181,1,30,,0,0,2,1,A01
202100029182,1,30,,0,2,7,1,B01
202100029182,2,7,,0,2,2,10,A01
202100029183,2,10,,0,2,9,1,B01
202100029183,1,10,,0,2,3,1,C01
202100029183,2,7,,0,2,0,11,Z01
202100029184,2,7,,0,0,0,15,A01
202100029184,2,2,,0,0,8,17,B01
202100029185,2,7,,0,2,2,16,A01
202100029185,2,2,,0,2,1,16,B01
202100029186,2,7,,0,2,3,26,A01
202100029186,1,2,,0,2,1,17,B01
202100029187,1,31,,0,0,7,1,A01
202100029188,2,7,,0,2,2,17,A01
202100029188,2,33,,0,2,4,17,B01
202100029189,0,2,,12,0,0,1,A01
202100029190,1,7,,0,1,1,1,A01
202100029191,1,33,,3,0,2,0,A01
202100029192,1,10,,2,0,3,0,A01
202100029193,1,33,,0,2,8,2,A01
202100029193,1,7,,0,2,4,1,B01
202100029194,1,7,,0,2,5,1,B01
202100029194,3,7,,0,2,1,19,A01
202100029195,0,2,,6,0,1,0,A01
202100029196,1,2,,0,0,0,1,A01
202100029197,1,7,,0,2,3,1,B01
202100029197,2,7,,0,2,3,13,A01
202100029198,2,31,,0,2,1,13,A01
202100029198,1,7,,0,2,1,1,B01
202100029199,1,7,,0,2,1,1,B01
202100029199,2,7,,0,2,1,13,A01
202100029200,1,7,,2,0,2,14,A01
202100029201,1,7,,13,0,1,14,A01
202100029202,1,7,,0,2,1,1,B01
202100029202,2,7,,0,2,7,13,A01
202100029203,1,7,,10,2,2,17,A01
202100029203,2,7,,0,2,2,1,B01
202100029204,1,7,,16,0,9,0,A01
202100029205,1,7,,8,0,8,1,A01
202100029206,1,7,,12,0,0,1,A01
202100029207,1,7,,0,0,0,1,A01
202100029208,2,7,,0,2,1,14,A01
202100029208,2,7,,0,2,8,24,B01
202100029209,1,7,,0,0,4,1,B01
202100029209,1,7,,0,2,1,2,A01
202100029210,2,2,,0,2,8,2,A01
202100029210,2,7,,0,2,7,2,B01
202100029211,3,7,,2,0,1,1,A01
202100029212,2,10,,0,2,7,19,B01
202100029212,2,2,,0,2,1,1,A01
202100029213,3,7,,15,0,0,1,A01
202100029214,1,33,,1,0,1,2,A01
202100029214,1,21,,0,0,4,23,B01
202100029215,1,36,,16,0,2,1,A01
202100029216,1,7,,2,0,3,2,A01
202100029217,0,7,,0,0,0,21,A01
202100029218,1,33,,0,2,4,1,B01
202100029218,2,7,,0,2,2,17,A01
202100029219,1,7,,13,0,9,1,A01
202100029220,1,7,,13,0,2,1,A01
202100029221,1,7,,0,2,3,13,A01
202100029221,2,7,,8,2,3,13,B01
202100029222,2,7,,2,0,1,1,A01
202100029223,1,7,,0,0,2,1,A01
202100029223,1,7,,9,2,1,1,B01
202100029224,1,7,,0,1,2,2,A01
202100029225,2,2,,0,1,1,16,A01
202100029226,2,7,,0,2,2,2,E01
202100029226,2,7,,0,0,6,23,D01
202100029226,2,7,,0,2,4,23,B01
202100029226,2,7,,0,2,4,23,C01
202100029226,2,7,,0,0,4,23,A01
202100029227,1,7,,0,0,1,1,A01
202100029228,2,7,,0,2,1,1,B01
202100029228,1,7,,0,2,5,1,A01
202100029229,1,7,,0,2,2,1,B01
202100029229,2,7,,0,2,2,1,C01
202100029229,3,7,,0,2,3,15,A01
202100029230,2,7,,4,0,9,17,A01
202100029231,3,10,,0,2,3,1,B01
202100029231,3,2,,0,2,1,1,A01
202100029232,2,7,,13,0,2,1,A01
202100029233,3,2,,6,0,2,1,A01
202100029234,2,7,,0,2,3,1,B01
202100029234,1,7,,0,2,1,1,A01
202100029235,2,7,,2,0,1,1,A01
202100029236,2,7,,0,2,3,19,A01
202100029236,1,7,,0,2,1,1,B01
202100029237,2,7,,0,2,1,1,B01
202100029237,1,3,,0,2,1,13,A01
202100029238,2,7,,0,0,3,15,A01
202100029238,2,2,,0,2,1,17,B01
202100029239,3,7,,0,1,3,1,A01
202100029240,3,7,,0,2,3,1,B01
202100029240,3,30,,0,2,1,5,A01
202100029241,1,7,,0,2,4,1,A01
202100029241,1,7,,0,2,4,1,B01
202100029241,1,7,,0,2,1,1,C01
202100029242,1,7,,0,2,2,12,B01
202100029242,1,13,,0,2,6,1,A01
202100029243,1,7,,0,2,4,2,B01
202100029243,1,7,,0,2,1,2,A01