Num_Acc,senc,catv,occutc,obs,obsm,choc,manv,num_veh
202100029244,2,7,,0,2,4,2,B01
202100029244,2,14,,0,2,1,1,A01
202100029245,1,7,,4,0,2,14,A01
202100029246,1,7,,0,2,8,11,A01
202100029246,1,31,,0,2,7,3,B01
202100029247,2,7,,0,2,5,2,B01
202100029247,2,33,,0,2,3,2,A01
202100029248,2,7,,4,2,8,1,B01
202100029248,2,17,,0,2,2,12,A01
202100029249,1,14,,0,2,6,1,A01
202100029249,1,31,,0,2,2,3,C01
202100029249,1,7,,0,2,7,1,B01
202100029250,2,7,,0,0,6,24,B01
202100029250,2,7,,0,2,2,26,A01
202100029251,1,7,,0,2,2,1,A01
202100029251,1,7,,0,2,6,1,B01
202100029252,2,7,,0,2,4,1,B01
202100029252,2,10,,0,2,1,1,A01
202100029253,2,7,,0,0,9,1,A01
202100029254,2,7,,0,2,3,9,A01
202100029254,2,10,,0,2,1,1,B01
202100029254,2,7,,0,2,4,1,C01
202100029255,1,7,,3,0,1,1,A01
202100029256,2,10,,0,2,4,2,B01
202100029256,2,7,,0,2,1,2,A01
202100029257,2,10,,0,0,1,1,A01
202100029258,1,2,,0,1,2,1,A01
202100029259,1,7,,0,1,1,1,A01
202100029260,2,33,,3,0,8,1,A01
202100029261,1,10,,2,0,1,13,A01
202100029262,3,7,,0,1,3,24,A01
202100029263,3,7,,0,1,1,1,A01
202100029264,1,31,,0,9,1,3,A01
202100029264,2,0,,0,9,1,3,B01
202100029265,0,7,,0,2,1,1,A01
202100029265,0,7,,0,2,1,15,Z01
202100029266,1,2,,14,0,0,1,A01
202100029267,1,7,,0,2,7,1,A01
202100029268,1,37,1.0,0,1,6,1,A01
202100029269,2,3,,0,2,1,1,B01
202100029269,1,7,,0,2,3,13,A01
202100029270,1,7,,0,2,4,26,A01
202100029270,1,7,,0,2,1,26,B01
202100029270,1,7,,0,0,4,14,C01
202100029270,1,1,,0,2,1,26,D01
202100029271,3,34,,0,1,1,19,A01
202100029271,3,7,,0,2,6,2,B01
202100029272,3,30,,14,0,8,26,A01
202100029273,1,7,,0,2,8,11,A01
202100029273,1,7,,0,2,1,21,B01
202100029274,3,2,,0,2,1,1,B01
202100029274,3,7,,0,2,1,1,A01
202100029275,1,10,,6,0,2,4,A01
202100029275,1,7,,0,2,1,2,B01
202100029276,3,7,,0,1,5,20,A01
202100029277,3,7,,0,1,2,1,A01
202100029278,2,33,,0,1,1,1,A01
202100029279,2,7,,0,2,2,2,A01
202100029279,1,7,,0,2,5,15,B01
202100029280,3,7,,0,2,1,1,B01
202100029280,3,7,,0,2,3,13,A01
202100029281,2,7,,0,2,1,2,A01
202100029281,2,7,,0,2,4,2,B01
202100029282,3,30,,0,2,3,1,B01
202100029282,3,7,,0,2,3,15,A01
202100029283,2,7,,1,2,1,0,C01
202100029283,2,7,,0,0,4,15,A01
202100029284,1,7,,0,2,3,13,A01
202100029284,2,7,,0,2,8,1,B01
202100029284,2,7,,0,2,3,1,C01
202100029285,1,7,,0,2,1,2,A01
202100029285,1,7,,0,2,4,23,B01
202100029286,1,7,,1,0,7,14,A01
202100029287,2,7,,0,2,8,15,A01
202100029287,2,32,,0,2,1,17,B01
202100029288,3,1,,3,0,1,1,A01
202100029289,1,33,,8,0,2,26,A01
202100029290,3,2,,0,2,4,2,B01
202100029290,3,7,,0,2,1,2,A01
202100029291,1,33,,0,2,1,1,B01
202100029291,2,7,,0,2,8,19,A01
202100029292,2,10,,0,2,1,9,Z01
202100029292,1,30,,0,2,7,1,A01
202100029293,1,7,,0,2,3,1,B01
202100029293,1,7,,0,2,3,1,C01
202100029293,2,7,,3,2,1,1,A01
202100029294,1,7,,4,0,1,1,A01
202100029295,1,15,,0,2,3,1,B01
202100029295,2,7,,0,2,3,13,A01
202100029296,2,7,,6,0,1,14,A01
202100029297,1,7,,0,2,8,9,B01
202100029297,1,31,,3,0,7,18,A01
202100029298,1,7,,0,2,7,9,A01
202100029298,1,1,,0,2,0,0,B01
202100029299,1,7,,0,2,3,1,B01
202100029299,1,7,,0,2,1,13,A01
202100029300,2,2,,0,2,1,1,B01
202100029300,1,7,,0,2,2,20,A01
202100029301,1,7,,0,2,1,1,A01
202100029301,1,7,,0,2,8,1,B01
202100029302,2,7,,8,2,5,15,B01
202100029302,1,7,,0,2,1,1,A01
202100029303,0,7,,2,0,1,1,A01
202100029304,1,10,,12,0,1,16,A01
202100029305,1,33,,0,2,8,15,A01
202100029305,1,7,,0,2,3,17,B01
202100029306,1,7,,0,2,1,26,A01
202100029306,1,7,,0,2,4,2,B01
202100029306,1,10,,0,2,4,2,C01
202100029307,1,33,,0,2,8,2,A01
202100029307,1,15,,0,2,4,1,B01
202100029308,1,7,,0,1,1,16,A01
202100029309,3,1,,0,2,0,0,B01
202100029309,3,7,,0,2,0,0,A01
202100029310,1,7,,2,0,1,19,A01
202100029311,2,33,,0,2,2,2,B01
202100029311,2,7,,0,2,3,13,A01
202100029312,2,37,1.0,0,2,1,1,B01
202100029312,2,7,,0,2,8,15,A01
202100029313,3,2,,0,2,8,9,B01
202100029313,3,7,,0,2,7,16,A01
202100029314,2,7,,15,0,6,2,A01
202100029314,2,2,,15,2,1,2,B01
202100029315,1,32,,0,0,6,16,A01
202100029316,3,43,,0,1,1,17,A01
202100029317,2,32,,0,2,8,1,A01
202100029317,2,7,,0,2,2,12,Z01
202100029318,2,7,,0,2,4,2,B01
202100029318,2,7,,0,2,2,2,C01
202100029318,2,33,,0,2,1,3,A01
202100029319,1,80,,0,2,3,7,B01
202100029319,1,7,,0,2,2,22,A01
202100029320,1,30,,0,1,1,1,A01
202100029321,1,10,,0,2,8,11,A01
202100029321,1,30,,0,2,7,1,B01
202100029322,3,34,,0,2,1,15,B01
202100029322,3,43,,0,2,1,10,A01
202100029323,3,7,,0,2,4,2,B01
202100029323,3,7,,0,2,1,2,A01
202100029324,3,7,,0,2,1,2,Z01
202100029324,3,32,,0,2,5,23,A01
202100029325,2,32,,0,2,1,1,A01
202100029325,1,10,,0,2,7,15,Z01
202100029326,2,7,,0,2,2,11,A01
202100029326,2,7,,0,2,6,23,B01
202100029327,3,32,,0,0,8,17,A01
202100029328,2,1,,0,2,7,1,A01
202100029328,2,2,,0,2,1,5,Z01
202100029329,1,10,,0,2,3,15,A01
202100029329,1,7,,0,2,1,1,B01
202100029330,2,10,,0,2,1,2,A01
202100029330,2,7,,0,2,4,2,B01
202100029331,2,7,,0,2,1,2,A01
202100029331,2,32,,0,2,4,2,B01
202100029332,1,50,,1,0,1,25,A01
202100029333,1,1,,0,0,8,21,A01
202100029334,2,1,,12,0,1,11,A01
202100029335,1,50,,0,2,3,15,B01
202100029335,1,1,,0,2,2,17,A01
202100029336,1,7,,0,0,1,16,A01
202100029337,2,7,,0,2,7,15,A01
202100029337,1,33,,4,2,1,1,B01
202100029338,3,7,,0,2,2,1,A01
202100029338,3,7,,0,2,1,15,B01
202100029339,1,7,,0,0,8,16,A01
202100029340,2,7,,0,2,4,23,A01
202100029340,2,7,,0,2,1,1,B01
202100029341,1,37,1.0,9,1,2,26,A01
202100029342,1,7,,0,2,2,1,B01
202100029342,1,31,,0,2,3,20,A01
202100029343,1,7,,1,0,3,13,A01
202100029344,1,30,,0,1,1,1,A01
202100029345,1,43,,0,2,1,1,B01
202100029345,2,7,,0,2,1,15,A01
202100029346,1,32,,8,0,2,14,A01
202100029347,1,7,,0,0,4,1,B01
202100029347,1,10,,0,2,1,2,A01
202100029348,1,43,,0,0,0,1,A01
202100029349,1,7,,1,2,2,14,A01
202100029349,1,7,,0,2,1,1,B01
202100029350,1,7,,0,2,6,15,B01
202100029350,1,37,1.0,0,2,2,1,A01
202100029351,2,15,,0,2,1,1,B01
202100029351,1,7,,0,2,1,13,A01
202100029352,3,7,,0,1,0,1,A01
202100029353,2,7,,0,2,1,1,A01
202100029353,1,7,,0,2,3,1,B01
202100029354,1,7,,6,0,2,1,A01
202100029355,1,7,,3,0,6,1,A01
202100029356,1,7,,12,0,2,1,A01
202100029357,0,7,,8,0,1,0,A01
202100029358,1,7,,0,2,3,9,B01
202100029358,2,33,,0,2,1,1,A01
202100029359,2,7,,13,0,9,14,A01
202100029360,1,7,,0,0,1,1,A01
202100029361,1,33,,0,6,1,1,A01
202100029362,2,7,,13,0,1,13,A01
202100029363,3,50,,0,2,1,1,A01
202100029363,3,21,,0,2,1,19,B01
202100029364,2,10,,0,1,2,1,A01
202100029365,3,7,,13,0,3,1,A01
202100029366,1,7,,0,2,3,2,A01
202100029366,1,1,,0,0,4,2,B01
202100029367,2,7,,2,9,1,13,A01
202100029368,2,7,,0,2,8,13,A01
202100029368,1,7,,0,2,3,1,B01
202100029369,1,7,,2,0,3,1,A01
202100029370,2,7,,7,2,2,17,A01
202100029370,1,10,,7,2,3,1,B01
202100029371,0,33,,0,0,0,0,A01
202100029372,1,7,,0,2,1,17,B01
202100029372,2,7,,0,2,1,5,A01
202100029373,2,7,,6,0,3,13,A01
202100029374,1,7,,0,2,2,1,A01
202100029374,2,7,,0,2,2,1,B01
202100029375,2,7,,0,0,0,13,A01
202100029376,2,33,,0,2,1,1,B01
202100029376,1,7,,0,2,2,15,A01
202100029377,3,7,,0,2,3,1,B01
202100029377,3,2,,0,2,1,13,A01
202100029378,3,0,,0,0,0,0,A01
202100029379,1,7,,13,0,1,1,A01
202100029380,1,33,,0,2,2,17,A01
202100029380,1,3,,0,0,6,15,B01
202100029381,1,15,,0,0,2,15,B01
202100029381,1,30,,0,2,7,9,A01
202100029382,2,33,,15,0,1,1,A01
202100029383,2,14,,0,2,3,1,B01
202100029383,1,10,,0,2,1,13,A01
202100029384,1,15,,3,0,1,1,A01
202100029385,1,2,,0,2,1,1,C01
202100029385,1,2,,0,2,3,1,B01
202100029385,2,2,,0,2,1,19,A01
202100029386,2,7,,13,0,9,14,A01
202100029387,2,7,,0,0,7,14,A01
202100029388,2,7,,0,2,2,1,A01
202100029388,2,15,,0,0,6,1,B01
202100029389,3,10,,0,1,2,1,A01
202100029390,2,7,,0,2,3,1,B01
202100029390,1,7,,13,0,7,19,A01
202100029391,2,2,,0,0,0,1,A01
202100029392,3,7,,2,0,9,1,A01
202100029393,1,7,,0,2,1,19,B01
202100029393,2,33,,0,2,7,1,A01
202100029394,1,7,,10,0,1,16,A01
202100029395,2,33,,0,2,1,1,B01
202100029395,1,7,,0,2,1,1,A01
202100029396,2,7,,13,0,6,1,A01
202100029397,1,2,,16,0,1,1,A01
202100029398,1,7,,0,1,4,4,A01
202100029399,2,7,,0,2,3,15,A01
202100029399,2,33,,0,2,1,17,B01
202100029400,1,13,,0,9,3,1,B01
202100029400,2,13,,0,0,0,1,A01
202100029401,0,7,,0,2,1,2,A01
202100029401,0,7,,0,0,4,15,B01
202100029402,1,33,,16,0,7,1,A01
202100029403,2,7,,0,2,4,1,B01
202100029403,2,7,,0,2,1,1,A01
202100029404,2,33,,0,0,0,21,A01
202100029405,1,7,,4,0,3,13,A01
202100029406,2,14,,0,2,1,1,A01
202100029406,2,7,,0,2,4,1,B01
202100029407,2,7,,4,0,1,1,A01
202100029408,1,10,,0,2,1,2,D01
202100029408,1,7,,0,2,1,2,C01
202100029408,1,10,,0,2,1,2,A01
202100029408,1,10,,0,2,4,2,B01
202100029409,1,7,,4,0,8,13,A01
202100029410,2,32,,0,2,7,1,B01
202100029410,2,10,,0,2,8,11,A01
202100029411,2,7,,0,2,5,23,C01
202100029411,2,7,,1,0,1,1,B01
202100029411,2,7,,1,0,3,1,A01
202100029412,3,7,,0,1,2,1,A01
202100029413,2,30,,0,2,1,17,B01
202100029413,1,10,,0,2,3,15,A01
202100029414,2,30,,0,0,8,1,A01
202100029415,3,7,,10,0,1,16,A01
202100029416,1,7,,0,1,3,15,A01
202100029417,1,7,,0,0,3,1,A01
202100029418,2,7,,0,2,1,15,A01
202100029418,2,7,,0,2,3,1,B01
202100029419,2,32,,0,2,1,26,A01
202100029419,3,7,,0,2,5,26,B01
202100029420,2,31,,6,0,1,1,A01
202100029421,1,30,,0,1,1,17,A01
202100029422,2,33,,0,2,0,17,A01
202100029422,2,10,,0,2,0,15,B01
202100029423,1,7,,0,2,3,13,A01
202100029423,1,31,,0,2,3,1,B01
202100029424,1,7,,0,9,3,1,A01
202100029425,3,7,,0,2,8,1,B01
202100029425,3,7,,0,2,1,15,A01
202100029426,1,7,,0,2,2,1,B01
202100029426,1,7,,0,2,1,15,A01
202100029427,1,7,,0,1,1,9,A01
202100029428,2,7,,0,2,1,1,A01
202100029428,2,7,,0,2,2,1,B01
202100029429,2,7,,0,2,1,1,A01
202100029429,2,7,,0,2,4,1,B01
202100029430,1,1,,0,2,4,1,B01
202100029430,1,7,,0,2,1,2,C01
202100029431,3,7,,2,0,1,14,A01
202100029432,0,10,,0,1,0,1,A01
202100029433,1,32,,0,0,1,19,A01
202100029434,2,7,,0,2,2,15,Z01
202100029434,1,33,,0,2,1,1,A01
202100029435,1,33,,0,2,2,1,A01
202100029436,1,34,,0,1,1,2,Z01
202100029437,2,33,,3,0,1,2,A01
202100029438,1,32,,0,0,8,1,A01
202100029439,1,43,,0,2,2,3,A01
202100029439,1,7,,0,2,8,1,B01
202100029440,2,1,,0,1,1,1,A01
202100029441,1,7,,0,2,3,16,B01
202100029441,1,7,,0,2,2,1,A01
202100029442,1,7,,0,2,4,2,B01
202100029442,1,30,,0,2,1,1,A01
202100029443,1,32,,0,2,4,2,B01
202100029443,1,7,,0,2,2,2,A01
202100029444,1,7,,0,2,3,1,A01
202100029444,1,7,,0,2,1,1,Z01
202100029445,1,7,,0,2,2,1,A01
202100029445,1,7,,0,2,1,15,B01
202100029446,3,1,,0,2,0,1,B01
202100029446,3,7,,0,2,2,1,A01
202100029447,1,7,,0,2,3,18,A01
202100029447,1,33,,0,2,3,23,B01
202100029448,2,34,,0,2,8,1,B01
202100029448,2,7,,0,2,1,10,A01
202100029449,1,7,,10,0,1,1,A01
202100029450,3,7,,0,2,4,23,A01
202100029450,-1,7,,0,2,0,0,B01
202100029451,1,7,,14,0,0,9,A01
202100029452,1,7,,8,0,1,21,A01
202100029452,2,7,,0,0,0,0,B01
202100029453,2,30,,0,1,1,1,A01
202100029454,3,7,,0,2,2,15,A01
202100029454,3,50,,0,2,1,1,B01
202100029455,2,2,,0,2,0,1,B01
202100029455,1,2,,0,2,1,1,A01
202100029456,1,0,,0,1,3,9,A01
202100029457,3,7,,13,1,2,1,A01
202100029458,1,7,,16,0,9,1,A01
202100029459,3,7,,0,1,1,15,A01
202100029460,1,7,,0,2,1,2,C01
202100029460,1,7,,0,2,1,1,B01
202100029460,1,7,,0,2,1,5,A01
202100029461,1,7,,13,0,1,1,A01
202100029462,2,7,,0,2,2,12,A01
202100029462,2,7,,3,2,8,1,B01
202100029463,1,7,,0,5,2,1,A01
202100029464,3,7,,0,0,3,1,A01
202100029465,1,7,,0,2,1,13,A01
202100029465,2,7,,0,2,1,26,B01
202100029466,2,7,,2,0,1,14,A01
202100029467,1,7,,0,0,0,1,A01
202100029468,2,33,,0,2,2,2,A01
202100029468,2,33,,0,2,4,2,B01
202100029468,2,33,,0,2,1,2,C01
202100029469,3,2,,0,2,2,13,A01
202100029469,3,7,,0,2,2,21,B01
202100029470,2,10,,0,2,1,1,B01
202100029470,1,7,,0,2,7,13,A01
202100029471,3,10,,1,1,1,2,A01
202100029472,1,7,,0,2,3,13,A01
202100029472,2,7,,0,2,8,1,B01
202100029473,2,7,,7,2,1,9,A01
202100029473,2,7,,0,2,8,0,B01
202100029474,2,33,,0,2,8,1,B01
202100029474,1,33,,0,2,8,5,A01
202100029475,0,7,,6,0,1,1,A01
202100029476,1,7,,2,0,2,14,A01
202100029477,1,7,,2,0,1,1,A01
202100029478,1,33,,0,0,8,1,A01
202100029479,1,7,,4,0,3,1,A01
202100029480,3,7,,0,2,1,11,A01
202100029480,3,7,,0,2,1,1,B01
202100029481,0,1,,0,2,4,19,B01
202100029481,2,33,,0,0,7,0,A01
202100029482,1,7,,6,0,1,14,A01
202100029483,3,33,,4,0,1,14,A01
202100029484,2,7,,2,0,1,1,A01
202100029485,1,7,,0,0,7,1,B01
202100029485,1,7,,0,2,1,19,A01
202100029486,1,7,,0,2,1,9,A01
202100029486,2,2,,0,2,1,1,B01
202100029487,2,50,,0,0,0,1,A01
202100029488,3,33,,16,0,0,1,A01
202100029489,1,33,,0,2,1,1,A01
202100029489,1,33,,0,2,3,15,B01
202100029490,1,33,,13,2,1,17,A01
202100029490,2,33,,0,2,1,1,B01
202100029491,1,7,,0,2,1,13,A01
202100029491,2,10,,0,2,1,1,B01
202100029492,1,2,,0,0,0,0,A01
202100029493,3,2,,0,2,1,1,B01
202100029493,3,7,,0,2,3,15,A01
202100029494,1,99,,0,9,2,1,A01
202100029495,3,10,,2,0,3,13,A01
202100029496,1,7,,0,2,1,13,A01
202100029496,2,7,,0,2,3,1,B01
202100029497,2,1,,0,0,0,0,A01
202100029498,2,33,,0,2,1,1,B01
202100029498,1,7,,0,2,3,19,A01
202100029499,2,15,,5,2,3,1,B01
202100029499,1,7,,0,2,3,13,A01
202100029500,2,2,,0,2,1,1,A01
202100029500,1,21,,0,2,3,1,B01
202100029501,3,33,,0,0,1,16,A01
202100029502,3,33,,0,2,3,13,A01
202100029502,3,7,,0,2,3,1,B01
202100029503,3,31,,0,0,7,0,A01
202100029504,0,33,,13,0,2,1,A01
202100029505,1,7,,0,2,1,19,A01
202100029505,2,7,,0,2,8,1,B01
202100029506,0,36,,0,0,7,1,A01
202100029507,1,31,,0,2,3,1,B01
202100029507,2,1,,0,2,2,15,A01
202100029508,2,7,,1,0,1,1,A01
202100029509,1,7,,0,2,1,1,D01
202100029509,1,7,,0,2,1,1,C01
202100029509,2,7,,0,2,3,1,B01
202100029509,2,7,,13,2,3,13,A01
202100029510,3,7,,13,0,9,1,A01
202100029511,1,33,,0,0,8,21,A01
202100029512,2,7,,6,0,2,17,A01
202100029513,2,7,,0,0,3,0,A01
202100029514,1,7,,0,2,1,13,A01
202100029514,2,10,,0,2,3,1,B01
202100029515,1,7,,3,0,3,17,A01
202100029516,1,7,,0,0,4,23,A01
202100029516,1,7,,0,2,1,26,B01
202100029516,1,7,,0,2,1,1,D01
202100029516,1,7,,0,2,4,21,C01
202100029517,1,14,,0,2,3,13,A01
202100029517,2,10,,0,2,3,0,B01
202100029517,2,10,,0,2,1,0,C01
202100029517,2,7,,13,2,3,0,D01
202100029518,2,7,,3,2,1,1,A01
202100029518,2,7,,0,0,4,1,B01
202100029519,2,7,,0,2,0,0,A01
202100029519,2,7,,4,2,3,1,B01
202100029520,3,10,,8,0,3,1,A01
202100029521,2,33,,0,2,3,17,A01
202100029521,2,10,,0,0,4,15,B01
202100029522,1,7,,0,2,3,13,A01
202100029522,2,7,,0,0,3,1,B01
202100029523,0,30,,0,2,1,5,A01
202100029523,0,7,,0,2,2,1,B01
202100029524,1,32,,0,1,1,1,A01
202100029525,3,7,,14,0,1,13,A01
202100029526,1,7,,0,2,1,13,A01
202100029526,2,10,,0,2,1,1,B01
202100029527,0,36,,0,0,0,26,A01
202100029528,2,7,,0,2,1,2,B01
202100029528,2,7,,0,2,2,1,C01
202100029528,1,7,,14,0,3,1,D01
202100029528,2,7,,4,0,1,1,A01
202100029529,1,33,,0,2,2,16,B01
202100029529,1,7,,0,0,6,2,A01
202100029530,1,7,,13,0,7,0,A01
202100029531,1,7,,5,0,1,0,A01
202100029532,0,10,,0,1,5,26,A01
202100029533,2,7,,6,0,1,0,A01
202100029534,3,7,,0,1,1,0,A01
202100029535,0,7,,0,9,7,1,A01
202100029535,0,1,,0,2,8,2,B01
202100029536,2,7,,0,2,8,1,B01
202100029536,3,7,,0,2,1,15,A01
202100029537,1,7,,2,0,1,0,A01
202100029538,1,7,,0,9,0,2,A01
202100029538,1,1,,6,2,4,0,B01
202100029539,1,7,,2,0,1,13,A01
202100029540,1,7,,0,1,1,1,A01
202100029541,3,7,,0,2,6,15,B01
202100029541,1,31,,0,2,2,1,A01
202100029542,2,7,,2,0,1,13,A01
202100029543,1,7,,4,2,2,12,A01
202100029543,1,7,,0,2,3,18,B01
202100029544,1,7,,0,2,4,1,A01
202100029544,1,7,,0,2,1,2,B01
202100029545,1,7,,0,2,3,15,B01
202100029545,2,30,,0,2,1,26,A01
202100029546,2,7,,0,0,6,2,C01
202100029546,2,10,,0,2,2,2,B01
202100029546,2,10,,0,2,1,2,A01
202100029547,1,7,,4,0,0,26,A01
202100029548,1,7,,0,2,1,1,Z01
202100029548,1,7,,0,2,4,1,A01
202100029549,1,7,,0,2,4,2,B01
202100029549,1,7,,0,2,1,2,A01
202100029550,2,7,,6,0,2,1,A01
202100029551,2,7,,0,0,3,9,A01
202100029552,2,7,,0,0,4,2,B01
202100029552,2,7,,0,2,1,2,A01
202100029553,1,7,,4,0,1,1,A01
202100029554,1,7,,0,2,4,2,B01
202100029554,1,7,,0,2,1,1,A01
202100029555,2,7,,0,2,1,1,C01
202100029555,1,7,,0,2,1,21,A01
202100029555,2,7,,0,2,4,23,B01
202100029556,1,7,,0,2,2,2,A01
202100029556,1,10,,0,2,4,2,B01
202100029557,1,33,,0,2,3,3,A01
202100029557,1,7,,0,2,5,1,B01
202100029558,2,15,,0,2,4,2,B01
202100029558,2,13,,0,2,1,2,A01
202100029559,2,33,,1,0,9,18,A01
202100029559,2,7,,0,0,6,23,B01
202100029560,1,7,,0,2,4,2,A01
202100029560,1,33,,0,2,1,2,B01
202100029561,1,7,,0,1,1,1,A01
202100029562,2,33,,1,2,8,1,B01
202100029562,2,7,,1,2,1,15,A01
202100029563,3,7,,0,1,3,1,A01
202100029564,3,7,,0,2,7,1,B01
202100029564,3,7,,0,2,1,1,A01
202100029565,1,7,,0,2,4,1,B01
202100029565,1,32,,0,2,1,2,A01
202100029566,2,0,,0,2,8,15,B01
202100029566,1,7,,0,9,1,1,A01
202100029567,2,7,,0,2,1,15,A01
202100029567,2,7,,0,2,8,1,B01
202100029568,1,10,,0,1,1,1,A01
202100029569,2,7,,4,2,3,0,A01
202100029570,1,33,,0,2,1,1,A01
202100029570,1,37,1.0,0,2,3,15,B01
202100029571,2,7,,0,2,6,1,B01
202100029571,2,33,,0,2,1,1,A01
202100029572,1,7,,1,0,3,13,A01
202100029573,1,7,,0,2,4,23,B01
202100029573,1,7,,0,2,1,2,A01
202100029574,1,7,,0,2,3,13,A01
202100029574,2,7,,0,2,3,1,B01
202100029575,1,37,2.0,0,0,0,26,A01
202100029576,2,33,,0,2,1,2,A01
202100029576,2,7,,0,2,4,2,B01
202100029577,1,7,,9,1,1,14,A01
202100029578,2,1,,0,2,8,1,B01
202100029578,2,7,,0,2,2,17,A01
202100029579,2,7,,14,2,3,13,A01
202100029579,1,7,,0,2,6,1,B01
202100029579,1,7,,0,2,1,1,C01
202100029580,1,7,,1,1,2,1,A01
202100029581,3,7,,0,2,1,1,A01
202100029581,0,50,,0,2,0,0,B01
202100029582,2,50,,0,0,1,1,A01
202100029583,1,7,,0,2,6,1,B01
202100029583,1,7,,0,2,4,1,C01
202100029583,1,34,,0,2,1,17,A01
202100029584,1,7,,0,2,1,1,B01
202100029584,1,7,,0,2,3,26,A01
202100029585,2,3,,0,2,7,2,B01
202100029585,2,7,,0,2,1,9,A01
202100029586,1,7,,0,2,3,2,A01
202100029586,2,7,,0,2,1,15,B01
202100029587,1,7,,0,2,1,1,A01
202100029587,1,7,,0,2,4,1,B01
202100029588,1,10,,0,2,4,1,B01
202100029588,1,10,,0,2,1,1,A01
202100029589,1,30,,1,2,1,17,B01
202100029589,1,7,,0,2,6,15,A01
202100029590,3,1,,0,0,1,26,B01
202100029590,1,7,,0,2,7,1,A01
202100029591,1,7,,0,2,9,1,B01
202100029591,3,14,,0,2,7,14,A01
202100029592,1,33,,0,2,2,17,A01
202100029592,1,7,,0,9,2,5,B01
202100029593,1,7,,0,0,4,0,A01
202100029594,1,10,,0,2,7,22,B01
202100029594,1,50,,0,2,1,25,A01
202100029595,2,7,,0,2,1,2,A01
202100029595,2,7,,0,2,4,2,B01
202100029596,0,7,,0,2,4,2,B01
202100029596,0,7,,0,2,1,26,A01
202100029597,0,10,,0,1,1,2,A01
202100029598,1,7,,0,2,1,1,A01
202100029598,1,7,,0,2,6,1,B01
202100029599,2,7,,1,0,1,5,Z01
202100029600,1,7,,0,2,2,1,A01
202100029600,0,2,,0,2,1,1,B01
202100029601,1,7,,0,2,1,1,B01
202100029601,2,13,,0,2,3,15,A01
202100029602,1,7,,0,1,4,26,A01
202100029603,1,7,,2,2,1,5,A01
202100029603,1,7,,0,2,1,1,B01
202100029604,3,30,,12,0,1,9,A01
202100029605,2,7,,0,2,5,15,A01
202100029605,1,33,,0,2,1,1,B01
202100029606,1,7,,0,2,2,0,B01
202100029606,1,7,,0,2,1,26,A01
202100029607,2,7,,0,2,3,26,B01
202100029607,1,33,,0,2,2,2,A01
202100029608,0,7,,0,2,1,0,A01
202100029608,0,7,,0,2,1,13,Z01
202100029609,2,30,,5,0,1,1,A01
202100029610,1,33,,1,0,1,14,A01
202100029611,2,7,,0,2,1,1,A01
202100029611,2,7,,0,2,7,1,B01
202100029612,2,7,,0,2,3,1,B01
202100029612,2,7,,0,2,8,13,A01
202100029613,1,10,,0,2,3,4,B01
202100029613,1,2,,0,2,3,26,A01
202100029614,0,7,,8,1,1,14,A01
202100029615,1,10,,0,2,2,16,A01
202100029615,1,1,,0,2,8,1,B01
202100029616,2,32,,0,2,2,17,B01
202100029616,2,30,,0,2,3,13,A01
202100029617,2,32,,0,2,1,7,A01
202100029617,1,7,,0,2,1,15,B01
202100029618,1,7,,0,2,3,1,B01
202100029618,2,7,,0,2,3,13,A01
202100029619,2,30,,0,0,1,1,A01
202100029620,3,50,,8,0,1,25,A01
202100029621,1,7,,0,2,5,2,B01
202100029621,1,30,,0,2,1,2,A01
202100029622,2,30,,0,2,8,1,B01
202100029622,1,30,,0,2,1,15,A01
202100029623,2,30,,0,2,3,18,B01
202100029623,2,7,,0,2,7,22,A01
202100029624,2,7,,0,2,8,1,B01
202100029624,3,7,,0,2,1,1,A01
202100029625,1,1,,14,0,0,16,A01
202100029626,1,33,,0,2,1,7,B01
202100029626,2,33,,0,2,5,10,A01
202100029627,1,7,,0,2,1,1,B01
202100029627,1,7,,0,0,7,2,A01
202100029628,1,7,,2,0,1,26,A01
202100029629,2,1,,0,2,8,13,B01
202100029629,1,7,,0,2,2,1,A01
202100029630,3,7,,0,2,7,11,B01
202100029630,3,7,,0,2,1,0,A01
202100029631,1,7,,12,0,9,15,A01
202100029632,1,10,,0,2,1,17,A01
202100029632,1,7,,0,2,6,23,C01
202100029632,2,7,,0,2,1,1,B01
202100029633,2,7,,9,1,3,15,A01
202100029634,1,7,,0,2,3,1,B01
202100029634,2,10,,1,2,3,17,A01
202100029635,0,7,,0,9,2,18,A01
202100029635,0,1,,0,2,8,0,B01
202100029636,1,7,,0,1,1,16,A01
202100029637,2,30,,0,2,1,1,B01
202100029637,2,7,,0,2,6,15,A01
202100029638,2,7,,1,0,1,1,A01
202100029639,2,7,,0,2,5,23,B01
202100029639,2,10,,0,2,3,13,A01
202100029640,1,31,,0,1,1,26,A01
202100029641,1,2,,0,0,8,13,A01
202100029642,1,7,,0,2,1,9,A01
202100029642,1,7,,0,2,1,1,B01
202100029643,2,7,,13,0,3,1,A01
202100029644,1,7,,0,2,3,21,C01
202100029644,1,7,,0,2,3,21,B01
202100029644,2,7,,0,2,3,13,A01
202100029645,1,33,,0,0,4,0,B01
202100029645,1,7,,0,2,1,1,A01
202100029646,2,1,,0,0,8,1,C01
202100029646,2,1,,0,0,8,1,B01
202100029646,1,33,,6,2,7,1,A01