Num_Acc,senc,catv,occutc,obs,obsm,choc,manv,num_veh
202100029647,1,7,,3,0,1,1,A01
202100029648,1,7,,3,2,4,2,B01
202100029648,1,7,,0,2,1,2,A01
202100029649,1,33,,0,0,8,21,A01
202100029650,1,7,,0,0,6,1,A01
202100029650,1,7,,0,2,2,2,B01
202100029651,2,7,,12,0,1,0,A01
202100029652,1,7,,4,0,3,11,A01
202100029653,1,2,,12,0,2,1,A01
202100029654,1,7,,6,0,1,5,A01
202100029655,1,7,,0,2,7,13,A01
202100029655,2,7,,0,2,1,1,B01
202100029656,1,7,,0,9,2,17,A01
202100029656,1,60,,0,2,8,19,B01
202100029657,2,31,,0,2,1,17,A01
202100029657,1,7,,0,2,8,5,B01
202100029657,2,7,,0,2,6,2,C01
202100029658,2,7,,15,0,1,13,A01
202100029659,1,7,,2,0,8,13,A01
202100029660,2,33,,0,0,0,17,A01
202100029661,2,7,,0,2,1,1,B01
202100029661,1,7,,0,2,1,13,A01
202100029662,2,7,,0,2,3,9,A01
202100029662,1,7,,0,2,2,1,B01
202100029663,2,33,,0,0,8,2,A01
202100029664,2,33,,0,0,7,1,A01
202100029665,1,7,,0,0,0,17,A01
202100029666,1,7,,0,2,1,1,A01
202100029666,2,7,,0,0,5,1,B01
202100029667,2,31,,0,2,1,1,A01
202100029667,1,7,,0,2,3,9,B01
202100029668,1,33,,6,0,2,1,A01
202100029669,1,7,,13,0,2,1,A01
202100029670,2,7,,2,0,0,14,A01
202100029671,1,33,,0,2,6,3,B01
202100029671,1,7,,0,2,2,12,A01
202100029672,2,1,,0,1,1,1,A01
202100029673,2,7,,0,2,0,1,A01
202100029673,1,7,,0,9,1,1,B01
202100029674,1,7,,0,2,1,13,A01
202100029674,2,32,,0,2,1,1,B01
202100029675,1,2,,0,2,3,19,A01
202100029675,2,7,,0,2,2,13,B01
202100029676,2,7,,3,0,2,1,A01
202100029677,3,7,,0,2,3,1,A01
202100029677,3,7,,0,2,8,1,B01
202100029678,2,7,,0,0,1,1,A01
202100029679,0,33,,0,2,1,1,B01
202100029679,0,7,,0,2,1,5,A01
202100029680,1,7,,2,0,2,1,A01
202100029681,2,7,,0,0,0,11,B01
202100029681,1,1,,0,0,7,21,A01
202100029682,3,36,,2,0,1,13,A01
202100029683,1,7,,2,0,2,1,A01
202100029684,1,7,,3,2,2,1,B01
202100029684,2,7,,13,2,3,1,A01
202100029685,3,31,,0,0,1,1,A01
202100029686,2,2,,15,6,1,1,A01
202100029687,1,7,,2,0,7,1,A01
202100029688,2,7,,0,2,7,11,B01
202100029688,2,14,,0,2,8,13,A01
202100029689,1,7,,2,0,8,1,A01
202100029690,1,7,,3,0,4,0,B01
202100029690,1,10,,0,2,1,0,A01
202100029691,1,1,,0,2,3,2,B01
202100029691,1,7,,0,2,2,2,A01
202100029692,2,7,,0,2,2,1,B01
202100029692,1,7,,0,2,3,15,A01
202100029693,1,7,,3,2,4,0,A01
202100029693,1,10,,0,2,1,0,B01
202100029694,1,1,,0,9,0,13,B01
202100029694,1,33,,0,9,5,21,A01
202100029695,2,7,,0,2,1,1,B01
202100029695,1,31,,0,2,1,5,A01
202100029696,1,7,,13,0,1,14,A01
202100029697,2,7,,0,2,1,2,B01
202100029697,2,7,,3,0,1,2,A01
202100029698,2,7,,13,0,1,1,A01
202100029699,2,7,,0,1,2,0,A01
202100029700,2,7,,0,2,1,1,B01
202100029700,1,43,,0,2,2,19,A01
202100029701,2,7,,2,0,1,1,A01
202100029702,1,33,,0,2,8,26,C01
202100029702,1,33,,0,2,7,2,B01
202100029702,2,7,,0,2,8,5,A01
202100029703,1,7,,3,0,6,1,A01
202100029703,1,7,,0,2,1,17,B01
202100029703,1,7,,0,2,4,1,C01
202100029704,1,7,,0,2,3,15,A01
202100029704,1,33,,0,2,3,2,B01
202100029705,2,7,,0,2,3,1,B01
202100029705,1,33,,0,2,1,13,A01
202100029706,2,50,,0,2,1,1,A01
202100029706,1,10,,0,0,7,20,B01
202100029707,1,80,,0,2,4,15,B01
202100029707,1,7,,0,2,2,17,A01
202100029708,1,7,,2,0,0,17,A01
202100029709,2,7,,0,2,3,15,A01
202100029709,1,34,,0,2,2,1,B01
202100029710,1,33,,0,2,1,17,B01
202100029710,1,7,,0,2,8,15,A01
202100029711,1,7,,0,2,3,13,A01
202100029711,2,33,,0,2,1,1,B01
202100029712,3,7,,0,9,6,1,A01
202100029713,1,7,,13,0,1,5,A01
202100029714,2,7,,0,0,6,1,A01
202100029714,2,33,,0,2,2,1,B01
202100029715,3,7,,0,2,7,19,A01
202100029715,3,7,,0,2,1,1,B01
202100029716,1,7,,0,0,5,1,B01
202100029716,1,7,,0,2,3,11,A01
202100029717,3,43,,0,0,0,1,A01
202100029718,2,33,,0,2,0,1,A01
202100029718,2,14,,0,2,1,1,B01
202100029718,2,7,,0,2,0,0,Z01
202100029719,1,7,,0,2,4,2,A01
202100029719,1,33,,0,2,1,2,B01
202100029720,2,7,,0,2,4,2,A01
202100029720,2,31,,0,2,1,2,B01
202100029721,0,14,,0,2,8,1,B01
202100029721,2,33,,0,2,7,3,A01
202100029722,2,7,,3,0,3,1,A01
202100029723,1,31,,0,2,1,1,A01
202100029723,1,7,,0,2,4,0,B01
202100029724,2,7,,0,2,1,2,A01
202100029724,2,14,,0,2,4,2,B01
202100029725,2,10,,0,2,4,1,B01
202100029725,2,7,,0,2,1,14,A01
202100029726,1,7,,0,2,8,12,A01
202100029726,1,33,,0,2,8,0,B01
202100029727,1,7,,0,2,7,12,A01
202100029727,1,33,,0,2,0,1,B01
202100029728,1,7,,0,2,1,1,A01
202100029728,1,7,,0,2,4,1,B01
202100029729,2,7,,0,2,4,0,D01
202100029729,2,7,,0,2,4,0,C01
202100029729,2,7,,0,2,4,0,B01
202100029729,2,7,,0,2,1,2,A01
202100029730,2,7,,0,2,4,9,A01
202100029730,2,7,,0,2,4,1,B01
202100029731,2,7,,0,2,7,12,A01
202100029731,2,31,,0,2,8,1,B01
202100029732,1,7,,0,2,8,13,A01
202100029733,2,43,,0,2,1,1,B01
202100029733,1,2,,0,2,1,1,A01
202100029734,1,34,,0,1,1,1,A01
202100029735,2,7,,0,1,1,1,A01
202100029736,3,7,,0,2,2,16,A01
202100029736,3,32,,0,2,8,1,B01
202100029737,1,33,,0,9,1,3,A01
202100029737,1,2,,0,9,8,15,B01
202100029738,3,1,,0,2,7,19,A01
202100029738,2,7,,0,2,3,1,B01
202100029739,1,7,,4,2,4,2,A01
202100029739,1,7,,4,2,1,2,B01
202100029740,1,7,,0,1,4,26,A01
202100029741,2,33,,0,2,1,17,A01
202100029741,2,7,,0,2,8,15,B01
202100029742,2,7,,4,2,9,1,A01
202100029742,2,7,,0,2,2,0,B01
202100029743,1,7,,0,2,8,13,A01
202100029743,1,14,,0,2,7,1,B01
202100029744,1,10,,0,2,4,2,B01
202100029744,1,33,,0,2,1,2,A01
202100029745,2,10,,0,1,3,1,A01
202100029746,1,31,,15,0,1,1,A01
202100029747,3,1,,0,2,3,1,B01
202100029747,1,10,,0,2,2,1,A01
202100029748,2,7,,0,2,1,26,A01
202100029749,0,7,,0,2,3,15,A01
202100029749,0,31,,0,2,7,2,B01
202100029750,2,7,,0,1,1,1,A01
202100029751,1,30,,16,9,3,9,A01
202100029751,0,1,,0,2,7,1,B01
202100029752,3,1,,0,2,1,1,B01
202100029752,3,7,,0,2,5,20,A01
202100029753,2,33,,2,0,1,1,A01
202100029754,3,31,,6,0,1,0,A01
202100029755,0,7,,0,2,1,1,A01
202100029755,0,33,,0,2,1,1,B01
202100029756,1,7,,0,2,3,20,B01
202100029756,1,7,,1,0,1,14,A01
202100029757,1,7,,0,2,2,15,A01
202100029757,2,2,,0,2,8,0,B01
202100029758,1,33,,0,2,1,1,B01
202100029758,1,7,,0,2,8,15,A01
202100029759,1,7,,7,0,1,1,A01
202100029760,1,7,,0,2,1,1,A01
202100029760,2,7,,0,2,7,15,B01
202100029761,2,7,,0,1,2,1,A01
202100029762,1,7,,0,2,6,1,A01
202100029762,1,7,,0,2,0,17,B01
202100029763,2,7,,0,2,1,19,A01
202100029763,2,10,,0,2,7,1,B01
202100029764,2,40,,0,1,2,1,A01
202100029765,2,7,,0,2,4,2,B01
202100029765,2,33,,0,2,1,2,A01
202100029766,1,7,,0,2,7,12,A01
202100029766,1,7,,0,2,8,1,C01
202100029766,1,33,,0,2,8,3,B01
202100029767,1,7,,0,2,3,1,B01
202100029767,2,7,,0,2,2,19,A01
202100029768,1,30,,12,0,0,1,A01
202100029769,1,2,,0,2,1,18,A01
202100029769,1,7,,0,2,5,1,B01
202100029770,2,7,,0,2,8,19,A01
202100029770,2,10,,0,2,1,1,B01
202100029771,1,2,,0,2,1,17,A01
202100029771,1,7,,0,2,1,1,B01
202100029772,1,30,,0,2,0,0,A01
202100029772,1,7,,0,2,0,0,B01
202100029773,3,30,,0,0,0,1,A01
202100029774,1,7,,0,1,1,1,A01
202100029775,1,7,,0,2,1,1,A01
202100029775,3,1,,0,2,0,1,B01
202100029776,1,7,,0,2,1,9,A01
202100029776,2,37,2.0,0,2,3,1,B01
202100029777,1,7,,0,1,0,1,A01
202100029778,1,7,,0,2,6,1,A01
202100029778,1,2,,0,2,1,7,B01
202100029779,1,37,1.0,0,1,2,26,A01
202100029780,1,33,,0,2,1,2,A01
202100029780,1,7,,0,2,8,1,B01
202100029781,0,7,,0,1,3,15,A01
202100029782,0,2,,0,2,3,16,B01
202100029782,0,7,,0,2,2,12,A01
202100029783,1,7,,0,2,1,9,A01
202100029784,0,30,,0,2,1,26,B01
202100029784,3,0,,0,2,0,1,C01
202100029785,1,7,,0,1,1,1,A01
202100029786,3,7,,0,1,1,5,A01
202100029787,1,1,,0,2,7,5,B01
202100029787,2,14,,0,2,1,15,A01
202100029788,3,50,,0,2,1,1,A01
202100029789,1,7,,0,2,1,2,A01
202100029789,1,7,,0,2,4,2,B01
202100029790,3,10,,0,1,6,4,A01
202100029791,2,7,,0,2,5,20,A01
202100029791,2,1,,0,2,3,2,B01
202100029792,2,7,,0,1,2,1,A01
202100029793,1,33,,6,2,7,25,B01
202100029793,2,7,,0,2,2,9,A01
202100029794,3,33,,6,0,0,1,A01
202100029795,2,10,,0,2,3,15,B01
202100029795,2,30,,0,2,1,17,A01
202100029796,1,33,,0,2,3,1,B01
202100029796,1,7,,0,2,2,12,A01
202100029797,3,7,,0,2,4,1,B01
202100029797,3,7,,0,2,1,1,A01
202100029798,3,7,,8,0,1,14,A01
202100029799,1,31,,0,2,4,1,A01
202100029799,1,2,,0,2,1,15,B01
202100029800,1,7,,0,2,1,19,A01
202100029800,1,37,2.0,0,2,7,1,B01
202100029801,1,33,,0,2,2,26,A01
202100029801,1,7,,0,2,1,15,B01
202100029802,1,30,,0,2,2,17,A01
202100029802,1,7,,0,2,3,13,B01
202100029803,3,33,,0,2,1,1,B01
202100029803,3,7,,0,2,7,15,A01
202100029803,3,7,,0,2,3,1,C01
202100029804,3,7,,13,0,1,14,A01
202100029805,1,33,,0,2,1,17,A01
202100029805,1,7,,0,2,3,15,B01
202100029806,2,32,,1,0,7,1,A01
202100029807,3,7,,0,2,2,15,A01
202100029807,3,7,,0,2,1,15,B01
202100029808,1,7,,0,2,3,1,A01
202100029808,1,7,,0,2,0,0,B01
202100029809,1,13,,0,2,3,2,A01
202100029809,1,7,,0,2,3,15,B01
202100029810,2,7,,0,1,2,2,A01
202100029811,2,2,,0,2,1,1,B01
202100029811,1,7,,0,2,3,19,A01
202100029812,3,7,,0,2,6,1,B01
202100029812,3,10,,0,2,3,15,A01
202100029813,2,33,,8,0,1,1,A01
202100029814,3,7,,0,0,1,14,A01
202100029815,2,7,,0,2,5,15,B01
202100029815,1,32,,0,2,1,1,A01
202100029816,1,7,,0,2,5,23,B01
202100029816,1,43,,0,2,1,3,A01
202100029817,1,43,,0,2,2,3,A01
202100029817,1,7,,0,2,8,23,B01
202100029817,1,10,,0,2,6,23,C01
202100029818,1,1,,0,2,1,2,A01
202100029818,1,1,,0,2,4,2,B01
202100029819,1,7,,0,1,1,1,A01
202100029820,1,32,,0,2,3,13,A01
202100029820,1,14,,0,2,2,1,B01
202100029821,1,33,,0,2,3,21,A01
202100029821,1,7,,0,2,5,16,B01
202100029822,2,10,,0,2,3,2,A01
202100029822,2,7,,0,2,5,20,B01
202100029823,1,1,,0,2,1,1,A01
202100029823,2,7,,0,2,8,1,B01
202100029824,3,30,,0,1,1,1,A01
202100029825,2,1,,0,2,1,1,A01
202100029825,2,33,,0,2,1,1,B01
202100029826,2,7,,0,2,2,15,A01
202100029826,1,7,,0,2,3,1,B01
202100029827,1,30,,0,2,1,18,A01
202100029827,2,43,,0,2,2,1,B01
202100029828,1,33,,0,1,3,1,A01
202100029829,2,30,,0,0,0,1,A01
202100029830,3,50,,0,2,3,19,A01
202100029830,2,7,,0,2,3,16,B01
202100029831,3,14,,9,1,2,1,A01
202100029832,2,1,,0,2,1,5,A01
202100029832,0,7,,0,2,1,1,B01
202100029833,2,1,,0,1,1,1,A01
202100029834,2,1,,0,2,1,1,B01
202100029834,2,7,,0,2,8,22,A01
202100029835,3,1,,14,0,2,14,A01
202100029836,2,32,,13,0,4,2,A01
202100029837,1,7,,0,2,1,15,A01
202100029837,2,34,,0,2,1,15,B01
202100029838,2,7,,0,2,1,2,Z01
202100029838,2,7,,0,2,2,2,A01
202100029839,1,7,,0,2,4,1,B01
202100029839,1,30,,0,2,1,2,A01
202100029840,2,33,,0,0,7,26,A01
202100029841,2,7,,0,2,3,1,B01
202100029841,2,7,,0,2,3,13,A01
202100029842,1,7,,0,2,5,23,D01
202100029842,1,7,,0,2,4,2,C01
202100029842,1,30,,0,2,0,0,B01
202100029842,1,7,,0,2,0,0,A01
202100029843,1,7,,0,2,2,19,A01
202100029843,1,37,1.0,0,2,3,1,B01
202100029844,1,7,,0,2,1,2,B01
202100029845,3,30,,0,2,1,19,B01
202100029845,3,7,,0,2,1,19,A01
202100029846,3,10,,0,1,2,1,A01
202100029847,0,34,,0,1,1,9,A01
202100029848,1,99,,0,1,1,19,A01
202100029849,1,7,,0,1,1,9,A01
202100029850,2,7,,0,2,2,1,B01
202100029850,2,7,,8,0,3,9,A01
202100029851,0,10,,0,1,4,20,A01
202100029852,3,7,,12,2,1,1,A01
202100029852,3,7,,5,2,4,1,B01
202100029853,1,10,,0,1,4,20,A01
202100029854,2,80,,0,2,8,1,B01
202100029854,2,7,,0,2,7,16,A01
202100029855,1,33,,0,2,1,1,B01
202100029855,1,10,,0,2,6,10,A01
202100029856,1,1,,0,2,0,0,A01
202100029856,1,1,,0,2,0,0,B01
202100029857,2,7,,0,2,2,15,A01
202100029857,1,2,,0,2,1,1,B01
202100029858,1,32,,0,2,7,1,B01
202100029858,0,3,,0,2,1,9,A01
202100029859,2,30,,0,2,4,2,A01
202100029859,2,30,,0,2,0,0,Z01
202100029860,1,7,,0,2,4,26,B01
202100029860,1,7,,0,2,1,26,A01
202100029861,2,30,,0,2,1,1,A01
202100029861,2,7,,0,2,6,15,B01
202100029862,1,30,,0,2,6,5,B01
202100029862,2,7,,0,2,3,15,A01
202100029863,0,7,,0,2,8,24,A01
202100029863,0,1,,1,0,0,0,B01
202100029864,2,7,,0,2,1,1,A01
202100029864,2,33,,0,0,4,2,B01
202100029865,2,33,,0,2,7,1,B01
202100029865,2,7,,0,2,3,9,A01
202100029866,1,7,,2,0,1,1,A01
202100029867,2,33,,0,0,0,0,A01
202100029868,1,7,,0,2,3,9,A01
202100029868,2,80,,0,2,7,26,B01
202100029869,2,33,,6,0,2,15,A01
202100029870,1,7,,0,1,2,1,A01
202100029871,1,32,,0,2,9,17,A01
202100029871,1,10,,0,0,3,15,B01
202100029872,2,7,,0,2,6,24,B01
202100029872,2,7,,0,2,2,14,A01
202100029873,1,33,,13,9,0,1,A01
202100029874,1,7,,0,2,3,15,A01
202100029874,1,31,,0,2,2,17,B01
202100029875,1,33,,16,0,8,1,A01
202100029876,2,7,,0,2,3,13,B01
202100029876,1,7,,2,2,3,1,A01
202100029877,1,2,,0,2,1,18,A01
202100029877,1,7,,0,2,2,16,B01
202100029878,1,7,,0,1,4,4,A01
202100029879,3,7,,0,1,2,1,A01
202100029880,1,7,,0,2,1,1,B01
202100029880,1,7,,0,2,8,19,A01
202100029881,1,7,,2,0,9,1,A01
202100029882,2,10,,2,0,1,0,A01
202100029883,2,14,,0,2,3,1,B01
202100029883,0,7,,0,2,7,19,A01
202100029884,1,7,,2,0,1,1,A01
202100029885,3,32,,0,2,7,1,B01
202100029885,3,7,,0,2,3,1,A01
202100029886,1,34,,15,0,1,1,A01
202100029887,1,7,,0,0,5,15,A01
202100029887,2,2,,0,0,1,1,B01
202100029888,1,7,,0,0,5,1,B01
202100029888,1,2,,0,2,1,9,A01
202100029889,1,7,,5,0,2,1,A01
202100029890,2,2,,0,0,3,1,A01
202100029891,1,7,,0,2,3,1,A01
202100029891,2,7,,0,2,3,13,B01
202100029892,1,17,,0,0,7,2,A01
202100029893,1,10,,0,2,2,19,A01
202100029893,1,7,,13,2,8,1,B01
202100029894,1,7,,2,0,1,1,A01
202100029895,1,7,,4,0,3,9,A01
202100029896,1,7,,3,0,3,14,A01
202100029897,1,31,,0,2,1,1,A01
202100029897,1,7,,0,2,3,9,B01
202100029898,1,2,,12,0,1,1,A01
202100029899,1,14,,6,2,3,1,B01
202100029899,2,7,,0,2,1,1,A01
202100029900,1,10,,0,0,1,2,A01
202100029900,1,15,,0,0,4,2,B01
202100029901,1,7,,7,0,3,13,A01
202100029902,2,7,,0,0,8,1,B01
202100029902,2,34,,0,2,1,2,A01
202100029903,1,7,,0,1,2,1,A01
202100029904,1,10,,0,2,3,15,A01
202100029904,2,31,,0,2,1,1,B01
202100029905,2,7,,0,2,3,1,B01
202100029905,1,7,,0,2,1,13,A01
202100029906,1,33,,7,0,1,13,A01
202100029907,2,7,,12,0,1,1,A01
202100029908,2,80,,0,2,8,15,B01
202100029908,2,7,,0,2,1,1,A01
202100029909,1,7,,2,0,7,0,A01
202100029910,3,31,,3,0,7,17,A01
202100029911,1,33,,6,0,2,1,A01
202100029912,1,33,,0,2,2,17,A01
202100029912,1,7,,0,2,2,1,B01
202100029913,2,15,,0,2,3,1,B01
202100029913,2,7,,0,2,1,13,A01
202100029914,2,7,,0,2,2,1,A01
202100029914,2,1,,0,2,4,1,B01
202100029915,3,31,,3,0,1,1,A01
202100029916,1,7,,0,2,3,13,A01
202100029916,2,33,,0,2,3,0,B01
202100029917,2,7,,13,0,2,1,A01
202100029918,1,7,,0,0,6,1,A01
202100029918,1,7,,0,2,2,17,B01
202100029919,3,7,,6,0,2,15,A01
202100029920,1,1,,0,2,2,1,B01
202100029920,1,7,,0,9,3,9,A01
202100029921,1,7,,13,0,3,1,A01
202100029922,1,7,,0,2,8,23,B01
202100029922,1,17,,1,2,1,1,A01
202100029923,2,7,,0,2,4,1,A01
202100029923,2,7,,0,2,1,1,B01
202100029924,1,7,,4,2,3,2,B01
202100029924,1,7,,4,2,4,2,C01
202100029924,1,7,,4,2,0,2,D01
202100029924,1,7,,4,2,5,2,A01
202100029925,2,7,,0,2,8,11,A01
202100029925,2,34,,0,2,7,1,B01
202100029926,1,7,,0,2,1,14,A01
202100029927,2,15,,0,2,1,2,A01
202100029927,2,7,,0,2,4,2,B01
202100029928,2,7,,0,2,1,2,B01
202100029928,2,14,,0,2,2,12,A01
202100029929,1,14,,0,1,1,2,B01
202100029930,2,7,,0,2,4,2,B01
202100029930,2,7,,0,2,1,2,A01
202100029931,1,7,,0,2,4,2,B01
202100029931,1,7,,0,2,1,2,A01
202100029931,1,7,,0,2,0,0,C01
202100029932,2,7,,0,2,7,12,A01
202100029932,2,33,,0,2,3,3,B01
202100029933,1,7,,1,0,2,21,A01
202100029933,1,7,,0,2,2,1,C01
202100029934,2,33,,0,2,1,21,A01
202100029934,2,7,,0,2,5,2,B01
202100029935,2,31,,0,2,1,2,B01
202100029935,2,33,,0,0,4,2,A01
202100029936,1,7,,0,2,2,9,A01
202100029937,2,30,,0,1,1,1,A01
202100029938,1,7,,0,2,7,2,Z01
202100029938,1,30,,0,2,8,2,B01
202100029939,1,10,,0,2,1,1,B01
202100029939,2,14,,1,2,7,1,A01
202100029940,2,7,,0,1,2,1,A01
202100029941,3,7,,1,2,4,24,B01
202100029941,3,7,,0,2,1,20,A01
202100029942,1,1,,0,2,8,13,A01
202100029942,1,33,,0,2,1,1,B01
202100029943,1,99,,0,1,1,0,A01
202100029944,0,7,,0,2,2,15,B01
202100029944,0,33,,0,2,1,17,A01
202100029945,1,1,,0,1,1,1,A01
202100029946,3,7,,8,0,1,1,A01
202100029947,2,7,,12,0,4,0,B01
202100029947,2,99,,0,2,1,26,A01
202100029948,3,21,,0,0,7,26,A01
202100029949,1,7,,0,0,3,13,A01
202100029949,2,33,,0,2,9,1,C01
202100029949,2,33,,0,2,1,1,B01
202100029950,2,7,,0,2,8,15,B01
202100029950,2,34,,0,2,2,2,A01
202100029951,2,7,,4,0,9,1,A01
202100029952,2,30,,0,2,7,17,A01
202100029952,2,7,,0,2,3,15,B01
202100029953,2,7,,0,2,2,15,A01
202100029953,1,33,,0,2,1,1,B01
202100029954,1,7,,0,2,1,1,B01
202100029954,3,30,,0,2,1,13,A01
202100029955,2,7,,0,2,5,23,B01
202100029955,2,7,,0,2,1,16,A01
202100029956,1,7,,0,2,1,1,A01
202100029956,1,7,,0,2,8,1,B01
202100029957,2,7,,0,2,6,15,B01
202100029957,2,30,,0,2,1,2,A01
202100029958,3,7,,0,2,3,9,A01
202100029958,3,1,,0,2,1,1,B01
202100029959,1,7,,0,2,1,1,A01
202100029959,1,7,,0,2,4,1,C01
202100029959,1,7,,0,2,4,1,B01
202100029960,1,7,,0,1,1,1,A01
202100029961,1,10,,0,2,1,2,A01
202100029961,1,7,,0,2,4,2,B01
202100029962,1,33,,0,2,2,1,B01
202100029962,1,7,,0,2,6,11,A01
202100029963,1,7,,1,0,2,1,A01
202100029964,0,13,,0,2,0,0,A01
202100029964,3,7,,0,2,1,0,B01
202100029965,1,7,,0,2,1,12,A01
202100029965,1,7,,0,2,4,23,B01
202100029965,1,10,,0,2,5,23,C01
202100029966,1,1,,0,1,1,0,A01
202100029967,1,7,,0,1,1,1,A01
202100029968,2,7,,0,2,3,15,A01
202100029968,1,1,,0,2,8,1,B01
202100029969,1,7,,9,0,3,26,A01
202100029970,1,1,,0,2,7,1,B01
202100029970,0,7,,0,2,1,26,A01
202100029971,2,7,,0,2,8,23,B01
202100029971,2,7,,0,2,2,2,A01
202100029972,1,1,,0,2,8,9,B01
202100029972,1,33,,0,9,1,1,A01
202100029973,2,7,,8,2,1,1,A01
202100029973,2,7,,0,2,2,1,B01
202100029974,3,7,,0,2,3,1,B01
202100029974,1,7,,0,2,1,1,C01
202100029975,0,50,,0,9,3,5,B01
202100029975,3,7,,0,9,3,15,A01
202100029976,2,7,,0,2,1,0,A01
202100029976,1,7,,0,2,1,0,B01
202100029977,2,7,,0,2,1,1,B01
202100029977,1,7,,0,2,1,13,A01
202100029978,1,50,,0,2,8,1,A01
202100029978,1,7,,0,9,8,1,B01
202100029979,3,30,,0,0,1,14,A01
202100029980,1,7,,0,1,1,1,A01
202100029981,3,7,,2,0,9,1,A01
202100029982,3,34,,0,2,1,1,A01
202100029982,3,33,,0,2,1,1,B01
202100029983,2,30,,0,2,1,1,A01
202100029983,2,7,,0,2,4,1,B01
202100029984,1,7,,6,0,1,1,A01
202100029985,1,7,,0,2,6,1,B01
202100029985,1,7,,3,2,2,21,A01
202100029986,1,30,,0,2,1,2,A01
202100029986,1,7,,0,2,4,23,B01
202100029987,1,1,,0,2,4,1,B01
202100029987,1,7,,0,2,1,1,A01
202100029988,1,7,,0,2,2,10,A01
202100029988,2,31,,1,2,1,1,B01
202100029989,2,7,,0,2,1,15,B01
202100029989,2,7,,0,2,1,1,A01
202100029989,1,7,,0,2,4,24,C01
202100029990,1,33,,4,0,8,0,A01
202100029991,1,7,,0,2,1,2,A01
202100029991,1,7,,0,2,4,2,B01
202100029992,2,7,,0,2,2,15,A01
202100029992,1,7,,0,2,3,1,B01
202100029993,1,33,,0,2,1,2,A01
202100029993,1,7,,0,2,4,1,B01
202100029994,2,7,,0,2,3,1,B01
202100029994,1,30,,0,2,3,17,A01
202100029995,1,7,,0,2,3,11,A01
202100029995,1,33,,0,2,1,1,B01
202100029996,2,7,,0,2,3,15,A01
202100029996,1,32,,0,2,1,1,B01
202100029997,1,7,,12,0,1,0,A01
202100029998,1,7,,0,2,3,1,A01
202100029998,1,33,,0,2,1,1,B01
202100029999,2,31,,0,2,1,2,A01
202100029999,2,7,,0,2,6,15,B01
202100030000,2,7,,0,2,4,0,B01
202100030000,1,7,,0,2,1,23,A01
202100030001,2,7,,0,2,2,1,B01
202100030001,1,1,,0,2,1,19,A01
202100030002,1,33,,3,0,9,17,A01
202100030003,2,32,,0,2,1,11,A01
202100030003,2,7,,0,2,3,1,B01
202100030004,2,7,,0,1,1,1,A01
202100030005,1,7,,0,2,4,23,C01
202100030005,1,7,,0,2,4,23,B01
202100030005,1,7,,0,2,1,2,A01
202100030006,1,7,,0,2,5,1,B01
202100030006,1,43,,0,2,3,3,A01
202100030007,1,7,,0,2,6,22,Z01
202100030007,1,1,,0,2,1,18,A01
202100030008,2,1,,0,2,1,13,A01
202100030008,1,50,,0,2,1,1,B01
202100030009,2,1,,0,2,2,1,B01
202100030009,2,7,,0,2,3,22,A01
202100030010,2,33,,0,2,3,18,B01
202100030010,2,7,,0,2,2,16,A01
202100030011,2,2,,0,2,1,1,B01
202100030011,1,7,,0,2,7,15,A01
202100030012,3,15,,0,2,6,9,A01
202100030012,3,33,,0,2,7,9,B01
202100030013,3,43,,0,2,8,1,A01
202100030013,3,7,,0,2,8,1,Z01
202100030014,1,7,,0,2,3,17,B01
202100030014,1,2,,0,2,1,5,A01
202100030015,1,1,,0,2,3,1,B01
202100030015,1,10,,0,2,2,12,A01
202100030016,2,1,,0,2,2,1,B01
202100030016,2,10,,0,2,3,22,A01
202100030017,2,7,,0,2,2,16,A01
202100030017,1,1,,0,2,1,1,B01
202100030018,1,10,,0,2,7,16,A01
202100030018,1,1,,0,2,8,1,B01
202100030019,2,1,,0,2,1,1,B01
202100030019,2,10,,0,2,8,22,A01
202100030020,1,1,,0,2,8,19,A01
202100030020,1,7,,0,2,1,1,B01
202100030021,1,7,,0,2,2,16,A01
202100030021,2,1,,0,2,1,1,B01
202100030022,1,7,,0,2,4,23,A01
202100030022,1,30,,0,2,1,18,B01
202100030023,3,10,,0,2,2,1,A01
202100030023,3,7,,0,2,2,2,C01
202100030023,3,7,,0,2,3,1,B01
202100030024,1,7,,0,2,2,15,B01
202100030024,1,1,,0,2,3,1,A01
202100030025,1,32,,0,1,1,17,A01
202100030026,1,30,,0,2,8,1,A01
202100030027,1,80,,0,2,3,1,B01
202100030027,2,32,,0,2,1,15,A01
202100030028,2,32,,0,2,1,15,A01
202100030028,1,30,,0,2,3,1,B01
202100030029,1,1,,0,2,7,15,A01
202100030029,2,50,,0,2,1,1,B01
202100030030,3,33,,0,2,3,1,B01
202100030030,3,50,,0,2,3,15,A01
202100030031,1,13,,0,1,0,1,A01
202100030032,2,50,,1,0,1,17,Y01
202100030032,2,7,,1,0,3,22,A01
202100030033,2,7,,0,1,1,1,A01
202100030034,2,7,,0,2,1,22,A01
202100030034,2,1,,1,0,0,0,B01
202100030035,2,7,,0,2,0,0,E01
202100030035,2,7,,0,2,1,1,D01
202100030035,2,7,,0,2,1,1,C01
202100030035,2,7,,0,2,4,1,B01