Num_Acc,senc,catv,occutc,obs,obsm,choc,manv,num_veh
202100030035,2,7,,0,2,1,2,A01
202100030036,1,7,,0,2,1,9,B01
202100030036,2,7,,0,2,7,9,A01
202100030037,2,7,,1,0,6,9,A01
202100030037,2,7,,1,0,6,24,B01
202100030038,2,10,,0,2,2,1,A01
202100030038,1,7,,0,2,2,9,B01
202100030039,1,7,,0,2,4,26,B01
202100030039,1,7,,0,2,1,26,A01
202100030040,3,7,,0,2,4,2,A01
202100030040,3,14,,0,2,1,2,B01
202100030041,0,7,,0,2,7,19,A01
202100030041,0,7,,0,2,1,1,B01
202100030042,-1,32,,0,2,3,1,B01
202100030042,-1,7,,0,2,7,14,A01
202100030043,0,0,,0,2,0,0,B01
202100030043,0,7,,0,2,3,19,A01
202100030044,1,7,,0,2,1,2,A01
202100030044,1,7,,0,2,4,0,C01
202100030044,1,7,,0,2,4,0,B01
202100030045,1,7,,0,2,3,11,A01
202100030045,1,34,,0,2,1,2,B01
202100030046,2,30,,0,2,2,17,A01
202100030046,2,7,,0,2,3,1,B01
202100030047,3,32,,0,2,1,1,B01
202100030047,3,7,,0,2,2,16,A01
202100030048,1,7,,0,2,2,15,A01
202100030048,1,43,,0,2,0,1,B01
202100030049,2,33,,0,2,1,2,A01
202100030049,0,7,,0,2,2,15,B01
202100030050,2,7,,0,2,4,1,B01
202100030050,2,10,,0,2,1,2,A01
202100030051,1,2,,0,2,2,1,A01
202100030051,2,7,,0,2,3,1,B01
202100030052,1,7,,0,2,2,16,B01
202100030052,1,32,,0,2,1,18,A01
202100030053,1,32,,14,0,2,1,A01
202100030054,1,10,,8,0,2,1,A01
202100030055,2,7,,0,2,1,0,B01
202100030055,1,7,,0,2,1,13,A01
202100030056,1,1,,0,2,8,1,C01
202100030056,1,1,,0,2,8,1,B01
202100030056,2,7,,0,9,1,13,A01
202100030057,1,7,,0,2,3,1,B01
202100030057,2,2,,0,2,1,1,A01
202100030058,2,10,,4,0,3,2,A01
202100030059,1,34,,4,0,7,16,A01
202100030060,1,33,,0,2,1,17,A01
202100030060,1,10,,0,2,3,1,B01
202100030061,1,7,,3,9,0,1,A01
202100030062,1,1,,0,5,1,0,A01
202100030063,2,7,,0,0,4,1,A01
202100030063,2,7,,0,2,1,2,B01
202100030064,1,7,,0,0,4,1,A01
202100030064,1,33,,0,2,1,1,B01
202100030065,3,10,,0,2,7,17,A01
202100030065,3,1,,0,2,8,1,B01
202100030066,2,2,,0,0,0,14,A01
202100030067,1,13,,0,0,0,15,B01
202100030067,2,7,,8,0,1,26,A01
202100030068,3,7,,0,2,1,15,A01
202100030068,3,33,,0,2,3,1,B01
202100030069,2,1,,0,0,0,1,A01
202100030070,1,7,,0,2,3,15,A01
202100030070,0,7,,0,2,3,1,B01
202100030071,1,17,,0,2,1,2,B01
202100030071,1,7,,0,0,4,2,A01
202100030072,2,7,,7,0,9,1,A01
202100030073,2,7,,0,2,1,1,B01
202100030073,1,15,,0,2,3,15,A01
202100030074,1,33,,0,1,1,1,A01
202100030075,3,7,,0,2,3,1,A01
202100030075,3,30,,0,2,1,1,B01
202100030076,2,2,,0,2,2,17,A01
202100030076,2,7,,0,2,6,13,B01
202100030077,1,7,,0,2,8,9,A01
202100030077,1,33,,0,2,7,1,B01
202100030078,2,1,,0,2,4,1,B01
202100030078,2,7,,0,2,1,17,A01
202100030079,1,7,,0,9,3,1,A01
202100030079,2,1,,0,2,3,1,B01
202100030079,2,1,,0,9,1,1,C01
202100030080,1,2,,0,2,1,1,B01
202100030080,2,10,,0,2,2,15,A01
202100030081,1,33,,0,2,1,13,A01
202100030081,2,7,,0,2,3,1,B01
202100030082,3,7,,0,2,3,1,B01
202100030082,3,7,,6,2,8,19,A01
202100030083,2,7,,8,0,1,1,A01
202100030084,1,7,,0,2,1,1,C01
202100030084,2,7,,13,2,1,1,B01
202100030084,1,7,,4,2,1,1,A01
202100030085,2,33,,6,0,2,0,A01
202100030086,2,33,,0,2,7,1,B01
202100030086,2,10,,0,2,3,19,A01
202100030087,0,1,,0,2,1,0,B01
202100030087,3,7,,0,9,1,15,A01
202100030088,3,7,,6,9,1,2,A01
202100030089,2,10,,16,2,6,1,A01
202100030089,2,7,,13,2,2,17,B01
202100030090,2,1,,0,0,8,1,B01
202100030090,1,10,,0,9,1,15,A01
202100030091,2,33,,0,2,2,1,A01
202100030091,1,10,,4,2,2,1,B01
202100030092,1,7,,2,0,1,1,A01
202100030093,1,14,,0,2,6,1,C01
202100030093,1,7,,0,2,5,1,B01
202100030093,1,7,,4,2,8,11,A01
202100030094,1,33,,0,0,0,2,B01
202100030094,1,7,,0,2,0,0,A01
202100030095,3,7,,13,0,3,26,A01
202100030096,3,7,,0,2,1,1,A01
202100030096,0,2,,0,0,7,1,B01
202100030097,1,7,,0,2,1,0,C01
202100030097,1,7,,0,2,3,0,B01
202100030097,2,7,,0,2,3,5,A01
202100030098,2,33,,4,0,8,1,A01
202100030099,1,7,,0,0,6,1,B01
202100030099,1,7,,4,2,2,17,A01
202100030100,2,31,,16,0,9,21,A01
202100030101,1,7,,0,2,3,17,A01
202100030101,2,7,,0,2,3,1,B01
202100030101,1,10,,0,2,8,1,C01
202100030101,2,7,,0,2,1,23,D01
202100030102,2,7,,0,1,2,1,A01
202100030103,3,1,,0,2,7,12,A01
202100030103,3,7,,0,2,3,0,B01
202100030104,2,7,,13,0,2,0,A01
202100030105,3,2,,0,0,0,0,A01
202100030106,2,7,,13,0,3,0,A01
202100030107,1,33,,0,2,2,17,A01
202100030107,2,7,,0,9,3,26,B01
202100030108,1,7,,0,2,1,2,A01
202100030108,1,7,,0,2,4,1,B01
202100030109,1,7,,0,2,1,2,A01
202100030109,1,7,,0,2,4,2,B01
202100030109,1,7,,0,2,4,2,C01
202100030109,2,7,,0,2,3,1,D01
202100030110,1,7,,0,2,1,13,A01
202100030110,2,7,,0,2,8,1,B01
202100030111,1,15,,0,2,1,13,B01
202100030111,2,7,,0,2,1,1,A01
202100030112,2,7,,0,1,2,1,A01
202100030113,2,80,,0,2,7,0,B01
202100030113,3,10,,0,9,1,0,A01
202100030114,1,33,,7,0,1,1,A01
202100030115,0,3,,0,2,1,13,A01
202100030115,0,7,,0,2,1,1,B01
202100030116,0,7,,0,0,4,1,B01
202100030116,0,7,,0,2,1,1,A01
202100030117,2,7,,0,2,2,15,B01
202100030117,1,7,,0,2,3,9,A01
202100030118,2,32,,0,2,7,1,A01
202100030118,2,33,,0,2,8,19,Z01
202100030119,1,10,,0,2,1,2,B01
202100030119,1,7,,0,2,4,2,A01
202100030120,1,7,,0,2,4,1,A01
202100030120,1,7,,0,2,1,1,B01
202100030121,2,7,,4,0,9,1,A01
202100030122,2,7,,0,2,5,1,A01
202100030122,1,7,,0,2,3,21,B01
202100030123,1,17,,0,2,2,12,A01
202100030123,1,7,,4,2,6,2,B01
202100030124,2,7,,0,2,1,1,A01
202100030124,2,7,,0,2,4,2,B01
202100030125,1,33,,0,2,1,2,A01
202100030125,1,7,,0,2,4,2,B01
202100030126,2,7,,0,2,7,12,B01
202100030126,2,33,,0,2,8,2,A01
202100030127,2,7,,12,0,1,14,A01
202100030128,2,31,,0,2,2,3,B01
202100030128,2,7,,0,2,3,11,A01
202100030129,2,7,,0,2,6,1,B01
202100030129,2,17,,0,2,2,12,A01
202100030130,2,7,,0,2,1,2,B01
202100030130,2,33,,0,2,8,18,A01
202100030131,2,10,,0,2,1,1,B01
202100030131,2,7,,5,2,1,13,A01
202100030132,2,99,,0,2,2,0,B01
202100030132,2,10,,0,2,5,26,A01
202100030133,1,10,,0,2,7,12,A01
202100030133,1,34,,0,2,8,3,B01
202100030134,1,7,,0,2,5,12,B01
202100030134,1,33,,0,2,1,0,A01
202100030135,1,33,,0,2,1,1,D01
202100030135,1,33,,0,2,4,2,C01
202100030135,1,33,,0,2,4,2,B01
202100030135,1,7,,0,2,6,2,A01
202100030136,2,7,,0,2,2,1,B01
202100030136,2,15,,0,2,8,11,A01
202100030137,1,10,,0,2,1,21,A01
202100030137,1,7,,0,2,4,23,B01
202100030138,1,7,,0,2,1,1,A01
202100030138,1,7,,0,2,4,2,B01
202100030139,2,14,,0,2,1,1,A01
202100030139,2,17,,0,2,4,1,B01
202100030140,2,7,,0,1,3,1,A01
202100030141,1,3,,15,1,4,25,A01
202100030142,3,7,,0,1,3,15,A01
202100030143,3,7,,0,1,3,1,A01
202100030144,2,34,,0,2,1,1,B01
202100030144,2,7,,0,2,3,15,A01
202100030145,2,7,,0,2,4,2,B01
202100030145,2,7,,0,2,1,2,A01
202100030146,3,1,,0,2,1,19,A01
202100030146,3,7,,0,9,0,1,B01
202100030147,1,2,,0,2,8,1,B01
202100030147,1,7,,0,2,7,16,A01
202100030148,3,7,,6,0,1,26,A01
202100030149,1,3,,0,9,1,1,A01
202100030149,1,1,,0,2,8,1,B01
202100030150,2,33,,0,0,7,21,A01
202100030151,1,2,,0,2,2,17,B01
202100030151,1,7,,0,2,3,10,A01
202100030152,1,7,,0,2,1,15,A01
202100030152,2,7,,0,2,2,1,B01
202100030153,2,7,,0,2,5,10,A01
202100030153,1,33,,0,2,0,1,B01
202100030154,1,7,,0,1,1,15,A01
202100030155,3,7,,0,2,7,1,B01
202100030155,1,1,,0,2,1,1,A01
202100030156,1,2,,0,2,7,1,B01
202100030156,1,7,,0,2,3,1,A01
202100030157,0,7,,0,2,7,16,A01
202100030157,0,1,,0,2,1,1,B01
202100030158,0,7,,0,2,8,15,A01
202100030158,0,50,,0,2,1,5,B01
202100030159,2,7,,3,0,1,1,A01
202100030160,0,7,,0,1,4,5,A01
202100030161,1,7,,4,2,6,11,A01
202100030161,1,14,,0,2,7,1,B01
202100030162,3,7,,0,1,1,9,A01
202100030163,1,7,,0,2,4,2,C01
202100030163,1,7,,0,2,4,2,B01
202100030163,1,7,,0,2,1,2,A01
202100030164,2,7,,1,2,1,1,A01
202100030164,1,1,,0,2,0,19,B01
202100030165,1,37,1.0,16,0,1,26,A01
202100030166,1,50,,0,2,1,1,A01
202100030166,2,7,,0,2,1,15,B01
202100030167,1,30,,0,2,1,1,A01
202100030167,2,1,,0,2,2,19,B01
202100030168,1,7,,0,2,1,2,A01
202100030168,1,10,,0,2,5,2,B01
202100030169,1,7,,0,1,1,1,A01
202100030170,3,33,,16,0,8,1,A01
202100030171,3,10,,0,2,3,17,A01
202100030171,3,2,,0,2,3,1,B01
202100030172,2,30,,0,2,1,1,A01
202100030172,1,7,,0,2,3,15,B01
202100030173,3,7,,0,2,1,26,B01
202100030173,1,7,,0,2,2,1,A01
202100030174,1,7,,0,2,1,2,B01
202100030174,1,7,,0,2,4,2,A01
202100030175,1,7,,0,2,1,26,B01
202100030175,0,50,,0,2,1,26,A01
202100030176,3,10,,0,2,6,1,B01
202100030176,3,7,,0,2,3,13,A01
202100030177,3,7,,0,2,7,15,A01
202100030177,3,7,,0,2,1,1,B01
202100030178,1,7,,14,0,0,20,A01
202100030179,3,33,,0,0,4,9,A01
202100030180,1,7,,0,2,4,2,B01
202100030180,1,7,,0,2,0,9,A01
202100030181,1,1,,0,2,0,9,A01
202100030182,2,1,,0,2,1,2,B01
202100030182,2,7,,0,2,6,9,A01
202100030183,0,30,,0,0,0,1,A01
202100030184,2,10,,0,2,1,1,A01
202100030184,2,7,,0,2,4,1,B01
202100030185,1,7,,0,2,3,16,A01
202100030185,1,1,,0,2,3,1,B01
202100030186,2,7,,0,2,1,2,A01
202100030186,2,7,,0,2,4,1,B01
202100030187,2,10,,0,2,2,15,A01
202100030187,2,37,1.0,0,2,1,1,B01
202100030188,2,7,,0,2,3,15,B01
202100030188,1,33,,0,2,1,7,A01
202100030189,2,13,,0,2,8,1,A01
202100030189,2,2,,0,2,7,0,B01
202100030190,3,33,,0,2,1,17,A01
202100030190,3,7,,0,2,3,1,B01
202100030191,1,7,,0,1,2,1,A01
202100030192,2,7,,13,0,1,26,A01
202100030193,1,7,,0,2,9,19,A01
202100030193,1,7,,0,2,1,19,B01
202100030194,3,7,,0,1,2,1,A01
202100030195,2,7,,0,2,1,1,A01
202100030195,1,7,,0,2,3,1,B01
202100030196,2,7,,0,2,1,2,A01
202100030196,1,7,,0,2,2,1,B01
202100030197,1,7,,0,2,3,17,A01
202100030197,2,7,,0,2,3,2,C01
202100030197,2,7,,0,2,6,1,B01
202100030198,1,10,,0,1,2,21,A01
202100030199,2,30,,0,2,5,11,A01
202100030199,1,7,,0,2,7,1,B01
202100030200,1,10,,0,2,4,2,C01
202100030200,1,10,,0,2,4,2,B01
202100030200,1,10,,0,2,1,2,A01
202100030201,2,30,,0,0,1,3,B01
202100030201,3,7,,0,2,2,19,A01
202100030202,3,7,,0,2,1,9,A01
202100030202,3,1,,0,2,7,1,B01
202100030203,1,34,,1,0,2,26,Z01
202100030203,1,7,,0,2,6,23,B01
202100030204,1,7,,0,2,3,1,A01
202100030204,2,50,,0,2,1,5,B01
202100030205,3,17,,0,1,8,9,A01
202100030206,1,7,,0,2,1,5,A01
202100030206,2,7,,0,2,1,1,B01
202100030207,1,33,,0,2,8,1,B01
202100030207,1,7,,0,2,2,10,A01
202100030208,2,7,,0,2,0,15,Z01
202100030208,1,32,,0,2,7,26,B01
202100030209,1,33,,0,2,1,1,B01
202100030209,2,7,,0,2,1,1,A01
202100030210,2,7,,0,2,2,16,A01
202100030210,2,7,,0,2,3,1,B01
202100030211,1,1,,0,2,6,2,B01
202100030211,1,7,,0,2,2,16,A01
202100030212,1,30,,0,2,1,18,A01
202100030212,1,2,,0,2,7,1,B01
202100030213,2,7,,0,2,1,1,B01
202100030213,1,7,,0,2,1,13,A01
202100030214,1,7,,16,0,1,1,B01
202100030214,1,7,,16,0,2,19,A01
202100030215,1,31,,0,2,3,3,A01
202100030215,1,7,,0,2,2,12,B01
202100030216,1,7,,0,2,8,13,Z01
202100030216,1,33,,0,2,7,1,A01
202100030217,1,32,,0,2,2,2,A01
202100030217,1,7,,0,2,6,2,B01
202100030218,1,7,,0,2,4,2,C01
202100030218,1,7,,0,2,4,2,B01
202100030218,1,13,,0,2,2,2,A01
202100030219,1,7,,0,2,1,12,A01
202100030219,1,33,,0,2,4,1,B01
202100030219,3,50,,0,2,8,19,C01
202100030220,3,7,,0,2,2,12,A01
202100030220,3,33,,0,2,8,1,B01
202100030221,3,7,,0,2,3,15,B01
202100030221,3,33,,4,2,2,17,A01
202100030222,1,30,,0,1,1,1,Z01
202100030223,1,31,,0,2,8,1,A01
202100030224,2,10,,0,2,2,15,B01
202100030224,1,30,,0,2,8,1,A01
202100030225,0,7,,0,2,3,1,A01
202100030225,0,10,,0,2,6,15,B01
202100030226,1,7,,0,2,1,2,A01
202100030226,1,7,,0,2,4,23,B01
202100030227,3,32,,0,2,1,1,B01
202100030227,3,10,,0,2,2,15,Z01
202100030228,3,10,,0,2,3,15,B01
202100030228,3,33,,0,2,2,17,A01
202100030229,1,50,,0,2,3,17,A01
202100030229,2,7,,0,2,3,1,B01
202100030230,2,1,,0,1,1,5,A01
202100030231,1,7,,0,1,3,1,A01
202100030232,1,50,,0,2,8,25,B01
202100030232,1,10,,0,2,2,22,A01
202100030232,1,10,,0,2,0,24,C01
202100030233,2,7,,0,2,7,9,B01
202100030233,2,1,,0,2,1,1,A01
202100030234,1,1,,0,2,1,13,B01
202100030234,2,10,,0,2,5,22,A01
202100030235,2,7,,0,2,2,2,A01
202100030235,2,1,,0,2,4,23,B01
202100030236,1,7,,0,2,3,15,B01
202100030236,1,50,,0,2,7,5,A01
202100030237,1,30,,0,2,0,17,B01
202100030237,1,7,,0,2,0,10,A01
202100030238,1,32,,0,2,1,2,A01
202100030238,1,7,,0,2,4,23,B01
202100030239,2,1,,0,0,7,7,A01
202100030240,2,1,,0,2,2,7,B01
202100030240,2,10,,0,2,3,22,A01
202100030241,1,7,,0,1,7,1,A01
202100030242,1,33,,0,1,1,1,A01
202100030243,2,17,,0,1,1,1,A01
202100030244,2,7,,0,2,6,15,A01
202100030244,2,2,,0,2,1,17,B01
202100030245,3,7,,0,2,3,15,B01
202100030245,3,30,,0,2,2,17,A01
202100030246,1,7,,0,1,0,1,A01
202100030247,0,7,,0,2,3,15,A01
202100030247,1,33,,0,2,1,1,B01
202100030248,3,7,,15,2,1,19,B01
202100030248,1,7,,0,2,8,1,A01
202100030249,1,7,,0,1,1,15,A01
202100030250,1,32,,0,2,3,1,B01
202100030250,2,7,,0,2,3,15,A01
202100030251,1,30,,0,2,1,2,A01
202100030251,1,1,,0,2,4,1,B01
202100030252,1,13,,0,2,3,11,B01
202100030252,1,30,,0,2,1,1,A01
202100030253,1,43,,0,2,8,1,A01
202100030253,1,7,,0,2,3,1,Z01
202100030254,1,43,,0,2,3,2,B01
202100030254,1,7,,0,2,2,16,A01
202100030255,2,7,,0,2,6,1,B01
202100030255,1,30,,0,2,1,1,A01
202100030256,1,7,,0,1,2,1,A01
202100030257,0,10,,0,2,1,2,A01
202100030257,0,7,,0,2,4,23,B01
202100030258,2,7,,4,0,1,1,A01
202100030259,2,7,,0,9,3,13,A01
202100030259,1,1,,0,2,1,1,B01
202100030260,2,7,,0,2,5,13,A01
202100030260,1,7,,0,2,1,1,B01
202100030261,2,7,,0,2,1,1,B01
202100030261,1,7,,0,2,1,5,A01
202100030262,1,10,,2,0,3,1,A01
202100030263,0,7,,0,2,1,2,D01
202100030263,0,7,,0,2,2,2,C01
202100030263,0,7,,0,2,6,2,B01
202100030263,0,7,,0,0,5,1,A01
202100030264,1,17,,0,0,6,24,B01
202100030264,1,7,,1,0,2,1,A01
202100030265,2,7,,2,0,1,1,A01
202100030266,1,33,,0,2,1,1,A01
202100030267,1,15,,0,2,1,1,B01
202100030267,2,7,,0,2,1,13,A01
202100030268,1,7,,0,1,2,2,A01
202100030269,1,7,,4,2,1,1,C01
202100030269,2,7,,0,2,3,1,B01
202100030269,2,7,,0,2,7,1,A01
202100030270,1,33,,0,2,3,1,B01
202100030270,0,0,,0,2,0,0,A01
202100030271,1,7,,0,2,6,11,A01
202100030271,1,33,,13,2,7,17,B01
202100030272,2,7,,0,2,3,13,A01
202100030272,1,33,,3,2,8,1,B01
202100030273,2,33,,15,0,0,2,A01
202100030274,1,7,,0,0,3,1,A01
202100030274,2,7,,2,2,2,1,B01
202100030275,3,7,,1,1,7,1,A01
202100030276,2,7,,0,2,1,1,B01
202100030276,1,7,,0,2,8,13,A01
202100030277,1,7,,0,0,9,1,A01
202100030278,1,7,,13,0,2,1,A01
202100030279,1,10,,0,2,3,26,B01
202100030279,2,7,,0,2,3,26,A01
202100030280,2,7,,0,2,1,2,A01
202100030280,2,13,,0,0,4,2,B01
202100030281,1,33,,0,2,1,1,B01
202100030281,1,7,,0,2,5,15,A01
202100030282,1,7,,2,0,8,2,A01
202100030283,1,7,,0,1,2,1,A01
202100030284,0,33,,13,0,7,1,A01
202100030285,2,80,,12,0,0,0,A01
202100030286,2,33,,0,2,3,1,B01
202100030286,1,7,,0,2,1,15,A01
202100030287,2,7,,0,2,1,21,B01
202100030287,1,7,,0,2,1,5,A01
202100030288,1,7,,3,2,8,13,A01
202100030288,2,7,,3,2,8,2,B01
202100030289,1,7,,0,2,3,1,B01
202100030289,2,10,,0,2,1,13,A01
202100030290,2,7,,0,0,7,1,A01
202100030291,1,10,,0,2,1,2,B01
202100030291,1,7,,0,0,4,2,A01
202100030292,3,10,,0,2,3,1,B01
202100030292,3,2,,0,2,1,1,A01
202100030293,1,7,,0,2,2,2,A01
202100030293,1,17,,0,0,6,2,B01
202100030294,2,7,,0,0,9,1,A01
202100030295,3,15,,0,0,3,1,B01
202100030295,3,10,,0,2,3,13,A01
202100030296,2,7,,13,0,1,2,A01
202100030297,1,7,,0,2,1,1,A01
202100030297,2,7,,0,2,1,13,B01
202100030298,1,7,,0,2,1,26,A01
202100030298,2,10,,0,2,1,1,B01
202100030299,2,14,,0,2,3,1,B01
202100030299,1,10,,0,2,1,13,A01
202100030300,1,1,,0,2,1,19,B01
202100030300,1,10,,0,2,2,1,A01
202100030301,1,7,,0,0,3,15,B01
202100030301,1,7,,6,2,2,17,A01
202100030302,2,32,,0,2,5,1,B01
202100030302,2,7,,0,2,1,9,A01
202100030303,2,7,,0,2,3,11,A01
202100030303,1,7,,0,0,8,1,B01
202100030304,2,7,,0,2,2,17,A01
202100030304,2,1,,0,2,4,1,B01
202100030305,1,7,,6,1,2,1,A01
202100030306,2,7,,0,2,3,19,B01
202100030306,2,2,,0,0,2,2,A01
202100030307,1,7,,0,2,3,1,B01
202100030307,2,7,,0,2,2,10,A01
202100030308,2,14,,0,1,1,13,A01
202100030308,1,7,,0,2,3,14,B01
202100030309,1,7,,0,2,4,23,D01
202100030309,1,7,,14,2,1,21,A01
202100030309,1,7,,0,2,4,2,B01
202100030309,1,7,,0,2,4,23,C01
202100030310,2,33,,0,2,3,3,B01
202100030310,2,7,,0,2,2,12,A01
202100030311,2,7,,0,0,0,11,B01
202100030311,2,43,,0,0,0,3,A01
202100030312,1,7,,4,0,3,1,A01
202100030313,2,7,,0,2,1,21,A01
202100030313,2,10,,0,2,4,1,B01
202100030314,2,33,,1,0,1,2,B01
202100030314,2,7,,0,2,6,23,A01
202100030315,1,7,,0,2,6,1,C01
202100030315,1,33,,0,2,2,3,B01
202100030315,1,10,,0,2,8,1,A01
202100030316,2,31,,0,2,0,0,B01
202100030316,2,7,,0,2,3,11,A01
202100030317,2,50,,0,1,2,1,A01
202100030318,2,7,,0,1,7,0,A01
202100030319,1,30,,0,2,2,17,A01
202100030319,1,7,,0,2,3,15,B01
202100030320,0,2,,6,0,1,1,A01
202100030321,1,7,,0,2,2,1,A01
202100030321,1,33,,0,2,1,1,B01
202100030322,1,1,,0,2,4,2,B01
202100030322,3,7,,0,2,3,1,A01
202100030323,3,7,,0,1,7,16,A01
202100030324,1,7,,0,2,4,1,C01
202100030324,1,7,,0,2,4,1,B01
202100030324,1,7,,1,2,1,1,A01
202100030325,1,7,,0,2,7,15,A01
202100030325,3,50,,0,2,1,19,B01
202100030326,1,7,,0,2,1,1,A01
202100030326,1,50,,0,2,7,1,B01
202100030327,2,32,,0,2,8,18,A01
202100030327,2,7,,0,2,3,2,B01
202100030328,0,31,,0,2,1,15,B01
202100030328,0,7,,0,2,2,21,A01
202100030329,0,10,,0,1,1,11,A01
202100030330,2,7,,0,2,1,2,B01
202100030330,2,7,,0,2,4,1,A01
202100030331,2,7,,14,0,5,20,B01
202100030331,2,7,,0,2,2,1,A01
202100030332,1,7,,0,2,1,1,A01
202100030332,2,7,,0,2,3,1,C01
202100030332,3,7,,0,2,3,19,B01
202100030333,2,10,,0,0,1,26,A01
202100030334,1,7,,0,1,1,1,A01
202100030335,3,33,,1,0,1,1,A01
202100030336,1,7,,0,9,0,26,A01
202100030336,1,1,,0,2,0,26,Y01
202100030337,2,7,,0,2,8,1,B01
202100030337,2,7,,0,2,1,15,A01
202100030338,2,7,,0,0,0,23,A01
202100030338,1,31,,8,0,0,21,B01
202100030339,1,7,,0,2,5,17,A01
202100030339,1,35,,0,2,3,15,B01
202100030340,1,7,,0,2,3,1,B01
202100030340,2,7,,0,2,5,1,A01
202100030341,1,7,,0,2,1,1,B01
202100030341,2,99,,0,2,7,1,A01
202100030342,3,7,,0,2,1,0,D01
202100030342,3,7,,0,2,1,26,C01
202100030342,2,7,,0,2,3,1,B01
202100030342,1,7,,0,2,2,15,A01
202100030343,1,33,,15,0,0,0,A01
202100030344,3,7,,0,2,4,23,B01
202100030344,3,7,,0,2,1,1,A01
202100030345,1,10,,0,9,1,21,B01
202100030345,2,1,,0,2,1,1,A01
202100030346,1,7,,0,2,1,2,A01
202100030346,1,7,,0,2,4,2,C01
202100030346,1,7,,0,2,9,2,B01
202100030347,1,7,,0,2,1,1,B01
202100030347,2,33,,0,2,1,21,A01
202100030348,2,7,,4,0,1,1,A01
202100030349,3,40,,0,1,1,1,A01
202100030350,2,2,,0,2,1,19,B01
202100030350,2,7,,14,2,3,19,A01
202100030351,1,7,,16,0,1,1,A01
202100030352,1,33,,10,0,7,9,A01
202100030353,1,7,,0,1,2,9,A01
202100030354,1,7,,12,0,9,16,A01
202100030355,2,2,,0,2,1,2,B01
202100030355,1,7,,0,2,2,15,A01
202100030356,3,7,,0,2,3,10,A01
202100030356,3,33,,0,2,1,2,B01
202100030357,1,7,,1,1,2,14,A01
202100030358,1,10,,0,2,7,9,A01
202100030358,1,10,,0,2,1,1,B01
202100030359,1,7,,0,2,1,0,B01
202100030359,1,7,,0,0,8,26,A01
202100030360,1,3,,0,1,1,1,A01
202100030361,3,80,,0,2,7,1,B01
202100030361,3,7,,0,2,3,9,A01
202100030362,2,7,,8,0,8,13,A01
202100030363,1,7,,0,2,0,17,A01
202100030363,1,30,,0,2,8,0,B01
202100030364,3,7,,0,1,1,1,A01
202100030365,1,37,2.0,14,0,3,1,B01
202100030365,0,7,,0,2,2,15,A01
202100030366,1,7,,0,2,3,15,B01
202100030366,2,7,,0,2,3,1,A01
202100030367,1,7,,0,2,3,1,B01
202100030367,2,7,,0,2,2,1,A01
202100030368,0,1,,0,0,0,1,B01
202100030368,0,7,,0,2,7,14,A01
202100030369,3,7,,0,2,1,1,B01
202100030369,3,7,,0,2,7,1,A01
202100030370,2,7,,0,1,2,1,A01
202100030371,1,80,,0,0,8,16,A01
202100030372,1,7,,4,0,9,1,A01
202100030373,1,10,,0,1,3,15,A01
202100030374,3,7,,0,2,3,15,B01
202100030374,3,30,,0,2,7,13,A01
202100030375,1,7,,0,2,2,19,A01
202100030375,1,30,,0,2,7,1,B01
202100030376,1,7,,0,2,7,19,A01
202100030376,1,37,1.0,0,0,1,1,B01
202100030377,0,7,,0,2,8,1,B01
202100030377,0,32,,0,2,7,9,A01
202100030378,2,7,,0,2,3,15,A01
202100030378,1,80,,0,2,1,1,B01
202100030379,1,7,,12,0,1,1,A01
202100030380,2,7,,0,2,8,1,B01
202100030380,2,7,,0,2,7,12,A01
202100030380,2,10,,0,2,3,1,C01
202100030381,1,7,,0,2,3,1,B01
202100030381,1,7,,14,2,0,2,A01
202100030382,1,7,,2,0,0,0,A01
202100030383,1,7,,0,1,4,26,A01
202100030384,3,7,,0,1,1,1,A01
202100030385,3,7,,14,0,7,1,A01
202100030386,3,1,,0,2,7,1,B01
202100030386,3,7,,0,2,1,1,A01
202100030387,3,7,,0,0,0,1,A01
202100030388,1,10,,0,2,4,2,B01
202100030388,1,50,,0,2,4,1,A01
202100030389,1,7,,0,2,4,1,B01
202100030389,1,7,,0,2,1,2,A01
202100030390,1,7,,0,2,4,2,B01
202100030390,1,7,,0,2,4,2,A01
202100030391,2,7,,0,1,1,9,A01
202100030392,2,33,,0,2,1,1,A01
202100030392,3,30,,0,0,0,0,B01
202100030393,1,33,,0,2,1,19,Z01
202100030393,2,32,,0,2,7,26,A01
202100030394,3,7,,0,9,1,1,A01
202100030394,3,60,,0,2,7,19,B01
202100030395,1,1,,0,0,8,1,A01
202100030396,1,7,,0,2,3,0,B01
202100030396,2,7,,0,2,3,13,A01
202100030397,3,7,,0,2,1,1,B01
202100030397,3,30,,0,2,7,1,A01
202100030398,1,31,,15,0,1,0,A01
202100030399,1,30,,0,2,1,1,A01
202100030399,1,7,,0,2,6,1,B01
202100030399,1,7,,0,2,2,1,C01
202100030400,0,7,,0,2,4,23,C01
202100030400,0,7,,0,2,4,23,B01
202100030400,3,7,,0,2,1,1,A01
202100030401,1,7,,0,1,1,15,A01
202100030402,1,7,,0,1,1,9,A01
202100030403,3,10,,0,2,3,15,A01
202100030403,3,2,,0,2,2,13,B01
202100030404,1,7,,13,0,2,1,A01
202100030405,2,7,,0,2,3,15,B01
202100030405,2,7,,0,2,1,5,A01