Num_Acc,senc,catv,occutc,obs,obsm,choc,manv,num_veh
202100030406,2,1,,0,2,4,15,A01
202100030406,2,7,,0,2,1,1,Z01
202100030407,1,7,,0,1,1,1,Z01
202100030408,3,34,,0,2,1,9,A01
202100030408,1,7,,0,2,3,1,B01
202100030409,1,15,,0,2,3,15,A01
202100030409,1,33,,0,2,7,17,B01
202100030410,1,10,,0,1,3,1,Z01
202100030411,2,1,,12,0,0,12,A01
202100030412,1,1,,0,2,8,1,A01
202100030412,1,14,,0,2,2,14,Z01
202100030413,1,7,,0,2,5,15,A01
202100030413,2,1,,0,2,5,1,B01
202100030414,2,7,,0,2,8,16,B01
202100030414,2,14,,0,2,7,16,A01
202100030415,1,10,,0,0,0,15,B01
202100030415,2,1,,0,2,0,1,A01
202100030416,1,32,,0,0,9,16,A01
202100030417,1,7,,0,2,4,2,B01
202100030417,1,50,,0,2,1,2,A01
202100030418,1,50,,0,1,1,1,A01
202100030419,1,30,,0,1,1,1,Z01
202100030420,2,30,,12,0,7,14,A01
202100030421,1,32,,0,2,3,16,A01
202100030421,1,34,,0,2,2,1,Z01
202100030422,2,80,,0,2,7,15,A01
202100030422,1,43,,0,2,1,7,B01
202100030423,3,7,,0,2,2,1,A01
202100030423,3,7,,0,2,3,1,B01
202100030424,3,50,,0,1,1,1,A01
202100030425,2,7,,0,2,3,15,B01
202100030425,1,7,,9,2,1,1,A01
202100030426,0,30,,0,9,7,19,A01
202100030427,1,30,,0,2,1,1,A01
202100030427,2,7,,0,2,5,0,B01
202100030428,1,1,,0,0,1,1,A01
202100030429,2,37,4.0,1,0,0,21,A01
202100030430,2,7,,0,2,1,9,A01
202100030430,1,60,,0,2,8,26,B01
202100030431,2,10,,0,2,2,16,A01
202100030431,1,37,3.0,0,2,3,1,B01
202100030432,2,7,,0,2,3,23,B01
202100030432,1,33,,0,2,3,1,A01
202100030433,2,7,,0,9,2,20,A01
202100030433,2,30,,1,2,2,1,B01
202100030434,2,50,,0,1,8,1,A01
202100030435,3,34,,1,0,8,0,B01
202100030435,3,7,,1,2,1,0,A01
202100030436,1,7,,0,2,1,1,B01
202100030436,1,7,,0,2,6,20,A01
202100030437,2,7,,0,2,1,2,B01
202100030437,2,7,,0,2,4,2,A01
202100030438,1,20,,0,2,1,9,A01
202100030438,1,1,,0,2,1,9,B01
202100030439,2,32,,0,1,1,9,A01
202100030440,2,7,,0,1,1,1,Z01
202100030441,0,7,,0,2,3,1,B01
202100030441,0,7,,0,2,3,1,A01
202100030442,3,7,,0,1,5,1,A01
202100030443,1,32,,0,2,1,1,B01
202100030443,2,7,,0,2,2,15,A01
202100030444,0,33,,0,2,5,12,A01
202100030444,0,10,,0,2,5,23,B01
202100030445,0,60,,0,2,7,13,B01
202100030445,0,7,,0,2,2,23,A01
202100030446,1,7,,0,1,0,1,A01
202100030447,2,7,,0,2,3,15,B01
202100030447,2,32,,0,2,1,17,A01
202100030448,1,31,,0,2,2,3,B01
202100030448,2,7,,0,2,1,15,A01
202100030449,1,7,,13,0,1,1,A01
202100030450,1,7,,14,0,0,1,A01
202100030451,1,2,,1,0,1,14,A01
202100030452,2,10,,0,2,1,1,C01
202100030452,2,7,,0,2,1,1,B01
202100030452,1,7,,0,2,2,17,A01
202100030453,1,7,,0,2,1,5,A01
202100030453,2,7,,0,2,1,1,B01
202100030454,1,7,,1,0,2,1,A01
202100030455,1,7,,0,2,3,2,A01
202100030455,1,7,,0,2,4,15,B01
202100030455,2,7,,0,2,1,1,C01
202100030456,2,7,,0,2,1,1,B01
202100030456,1,7,,0,2,7,15,A01
202100030457,0,7,,0,2,1,23,C01
202100030457,0,7,,0,2,2,19,A01
202100030457,1,7,,0,2,1,1,B01
202100030458,1,7,,0,2,3,2,A01
202100030458,2,2,,0,2,1,5,B01
202100030459,2,7,,0,2,1,13,A01
202100030459,1,7,,0,2,1,1,B01
202100030460,2,1,,0,9,0,0,A01
202100030460,2,1,,0,9,0,0,B01
202100030461,2,33,,0,2,1,1,B01
202100030461,1,21,,0,2,3,15,A01
202100030462,1,7,,12,0,3,2,A01
202100030462,2,7,,12,0,3,2,B01
202100030463,1,7,,0,2,3,9,A01
202100030463,1,30,,0,2,1,1,B01
202100030464,0,50,,0,2,1,1,B01
202100030464,3,7,,0,9,7,1,A01
202100030465,3,7,,0,0,1,1,B01
202100030465,3,7,,0,2,1,1,A01
202100030466,2,31,,0,2,3,13,A01
202100030466,1,10,,0,2,3,1,B01
202100030467,0,7,,0,2,8,19,C01
202100030467,1,7,,0,2,1,23,B01
202100030467,2,7,,0,2,1,1,A01
202100030468,1,7,,0,9,1,2,A01
202100030468,1,1,,0,0,4,2,B01
202100030469,1,33,,0,0,0,1,A01
202100030470,2,7,,13,0,0,13,A01
202100030471,0,15,,0,2,1,1,C01
202100030471,0,7,,0,2,1,1,B01
202100030471,0,7,,0,2,2,9,A01
202100030472,2,7,,0,0,6,15,A01
202100030472,2,33,,0,2,1,1,B01
202100030473,2,36,,6,0,3,13,A01
202100030474,1,7,,1,0,7,12,A01
202100030475,1,2,,8,0,0,1,A01
202100030476,0,7,,8,2,2,1,A01
202100030476,0,7,,0,0,8,1,B01
202100030477,1,33,,0,2,1,0,A01
202100030477,1,33,,0,0,0,21,C01
202100030477,1,33,,0,0,8,0,B01
202100030478,1,7,,0,2,7,5,A01
202100030478,2,7,,0,2,2,1,B01
202100030479,1,7,,7,0,2,1,A01
202100030480,1,80,,0,2,1,25,B01
202100030480,2,7,,0,0,7,1,A01
202100030481,1,7,,13,0,1,17,A01
202100030482,1,10,,7,0,2,14,A01
202100030483,1,13,,12,9,7,26,A01
202100030484,2,10,,0,2,1,1,E01
202100030484,2,15,,0,2,1,1,C01
202100030484,2,7,,0,2,1,1,F01
202100030484,2,7,,0,2,1,1,G01
202100030484,1,15,,0,2,1,1,A01
202100030484,1,7,,0,2,7,1,B01
202100030484,2,7,,0,2,4,1,D01
202100030485,2,33,,0,2,1,17,A01
202100030485,2,17,,0,2,8,15,B01
202100030486,2,2,,12,0,0,1,A01
202100030487,3,2,,0,2,1,1,B01
202100030487,3,10,,0,2,5,20,A01
202100030488,1,2,,0,2,3,13,A01
202100030488,2,33,,0,2,3,2,B01
202100030489,3,34,,16,0,0,16,A01
202100030490,1,1,,0,0,9,15,A01
202100030491,1,7,,0,9,1,1,A01
202100030491,1,1,,0,0,0,1,B01
202100030492,2,7,,7,0,1,13,A01
202100030493,1,7,,0,2,8,1,B01
202100030493,2,1,,0,2,1,1,A01
202100030494,1,7,,8,0,1,1,A01
202100030495,3,7,,0,2,5,2,A01
202100030495,0,1,,0,2,3,2,B01
202100030496,1,7,,0,2,2,17,A01
202100030496,1,50,,0,2,8,15,B01
202100030497,1,1,,0,2,8,10,B01
202100030497,1,7,,0,2,1,17,A01
202100030498,1,7,,0,2,4,2,B01
202100030498,1,7,,0,2,6,2,C01
202100030498,1,7,,0,2,1,2,A01
202100030499,2,10,,0,2,1,1,C01
202100030499,2,7,,0,2,4,1,B01
202100030499,2,7,,0,2,4,1,A01
202100030500,1,7,,3,0,1,1,A01
202100030501,1,7,,0,2,1,2,B01
202100030501,1,7,,0,2,4,2,A01
202100030502,1,7,,0,2,4,0,A01
202100030502,1,7,,0,2,1,0,B01
202100030503,1,33,,4,2,3,18,B01
202100030503,1,7,,0,2,7,1,A01
202100030504,2,7,,0,2,1,2,A01
202100030504,2,7,,0,2,4,2,B01
202100030504,2,7,,0,2,4,2,C01
202100030505,2,7,,0,2,1,2,C01
202100030505,2,7,,0,2,4,2,B01
202100030505,2,10,,0,2,4,2,A01
202100030506,1,7,,0,2,7,12,B01
202100030506,1,7,,0,2,8,2,A01
202100030507,1,10,,0,0,0,2,A01
202100030507,1,7,,0,2,4,2,B01
202100030507,1,7,,0,2,4,2,C01
202100030507,1,17,,0,0,8,1,D01
202100030508,1,7,,0,2,1,2,A01
202100030508,1,7,,0,2,4,23,B01
202100030509,1,34,,0,2,1,3,A01
202100030509,1,7,,0,2,7,1,B01
202100030510,2,7,,0,2,6,1,B01
202100030510,2,7,,0,2,2,9,A01
202100030511,1,43,,4,2,1,2,A01
202100030511,1,7,,4,2,5,2,B01
202100030512,2,7,,0,2,1,2,A01
202100030512,2,10,,0,2,4,2,B01
202100030513,2,7,,0,2,6,11,B01
202100030513,1,33,,0,2,7,3,A01
202100030514,1,33,,0,2,1,26,A01
202100030514,1,10,,0,2,8,1,B01
202100030515,1,7,,0,2,7,12,A01
202100030515,1,33,,0,2,1,1,B01
202100030516,2,10,,0,2,1,1,A01
202100030516,2,7,,0,2,9,2,C01
202100030516,2,7,,0,2,9,2,B01
202100030516,2,7,,0,2,4,2,D01
202100030517,2,7,,0,0,0,14,B01
202100030517,2,7,,0,2,0,1,A01
202100030518,2,2,,0,1,1,1,A01
202100030519,0,7,,0,1,1,9,A01
202100030520,3,20,,0,1,8,26,A01
202100030521,3,7,,0,1,1,1,A01
202100030522,0,0,,0,1,0,0,A01
202100030523,2,7,,0,1,1,26,A01
202100030524,2,32,,0,2,1,1,A01
202100030524,2,7,,0,9,4,1,B01
202100030525,1,7,,0,2,7,19,A01
202100030525,1,7,,0,2,1,19,B01
202100030526,2,7,,0,2,8,15,A01
202100030526,1,7,,0,2,8,23,B01
202100030527,1,32,,0,-1,1,26,A01
202100030527,1,7,,0,0,4,1,B01
202100030528,2,7,,0,1,4,26,A01
202100030529,1,33,,0,2,7,7,A01
202100030529,1,7,,0,0,7,16,B01
202100030530,1,7,,0,2,4,1,B01
202100030530,1,33,,0,2,1,1,A01
202100030531,0,7,,0,2,6,1,A01
202100030531,1,33,,0,2,3,5,B01
202100030532,2,7,,0,2,1,1,A01
202100030532,2,7,,0,2,4,1,B01
202100030532,2,7,,0,2,4,23,E01
202100030532,2,7,,0,2,4,1,D01
202100030532,2,7,,0,2,4,1,C01
202100030533,2,2,,0,2,8,1,B01
202100030533,1,7,,0,9,3,9,A01
202100030534,1,7,,4,0,2,13,A01
202100030535,0,33,,0,2,7,21,A01
202100030536,1,7,,0,0,4,26,B01
202100030536,1,15,,0,0,0,1,A01
202100030537,0,10,,0,2,3,1,A01
202100030537,0,7,,0,2,0,1,B01
202100030538,2,7,,0,2,3,13,A01
202100030538,1,7,,0,2,3,1,B01
202100030539,1,7,,0,2,1,1,A01
202100030539,1,7,,0,2,4,1,B01
202100030539,1,7,,0,2,4,1,C01
202100030540,1,10,,0,2,7,15,A01
202100030540,2,31,,0,2,1,1,B01
202100030541,1,17,,0,0,0,1,A01
202100030542,2,7,,0,2,3,1,B01
202100030542,1,7,,0,2,3,13,A01
202100030543,1,7,,0,2,4,23,B01
202100030543,1,3,,0,2,1,2,A01
202100030544,1,7,,0,2,7,16,B01
202100030544,1,33,,0,2,8,18,A01
202100030545,1,33,,0,1,1,1,A01
202100030546,3,60,,0,2,1,26,B01
202100030546,1,7,,0,2,1,1,A01
202100030547,2,3,,0,2,4,23,B01
202100030547,2,10,,0,2,1,2,A01
202100030548,1,2,,0,2,1,2,A01
202100030548,1,7,,0,2,6,1,B01
202100030549,3,7,,0,2,1,17,B01
202100030549,3,7,,0,2,2,13,A01
202100030550,1,7,,0,2,3,1,A01
202100030551,1,7,,0,2,1,1,B01
202100030551,2,7,,0,2,8,26,A01
202100030552,3,0,,1,0,0,0,A01
202100030553,2,1,,0,2,1,19,B01
202100030553,2,14,,0,2,5,19,A01
202100030554,3,7,,1,0,1,2,A01
202100030555,3,7,,0,1,0,26,A01
202100030556,2,7,,0,2,6,19,A01
202100030556,2,33,,0,2,1,1,B01
202100030557,2,7,,0,1,6,20,A01
202100030558,3,7,,0,2,1,23,C01
202100030558,2,7,,0,2,1,1,B01
202100030558,3,7,,0,2,2,15,A01
202100030559,2,7,,0,9,3,15,A01
202100030559,2,1,,0,2,2,1,B01
202100030560,0,7,,0,1,1,16,A01
202100030561,0,7,,0,2,1,9,A01
202100030561,0,7,,0,2,9,2,B01
202100030561,0,7,,0,2,9,2,C01
202100030561,0,7,,0,2,4,2,D01
202100030562,1,1,,0,2,5,1,B01
202100030562,2,7,,0,2,3,9,A01
202100030563,1,30,,0,1,1,1,A01
202100030564,3,31,,0,0,5,1,A01
202100030565,1,33,,4,2,1,9,A01
202100030565,1,10,,0,2,3,1,B01
202100030566,0,7,,0,1,3,9,A01
202100030567,2,7,,0,2,0,7,Z01
202100030567,2,1,,0,2,6,7,B01
202100030568,1,7,,0,2,2,1,A01
202100030568,2,1,,0,2,0,10,B01
202100030569,3,60,,0,2,7,2,B01
202100030569,3,10,,0,9,3,9,A01
202100030570,1,7,,0,2,3,9,A01
202100030570,2,1,,0,2,1,0,B01
202100030571,2,7,,12,2,1,13,A01
202100030571,2,33,,0,2,0,1,B01
202100030571,2,7,,0,2,7,1,C01
202100030571,2,7,,0,2,1,1,D01
202100030572,0,50,,0,2,1,19,A01
202100030572,0,7,,0,2,8,1,B01
202100030573,3,7,,6,0,1,26,A01
202100030574,2,7,,0,1,2,9,A01
202100030575,1,7,,15,1,1,14,A01
202100030576,2,7,,1,0,3,14,A01
202100030577,2,7,,0,2,1,15,A01
202100030577,2,1,,0,2,1,1,B01
202100030578,1,7,,9,9,1,9,A01
202100030579,2,7,,0,1,2,15,A01
202100030580,0,7,,0,1,3,15,A01
202100030581,3,7,,0,2,1,1,A01
202100030581,3,7,,0,2,3,1,B01
202100030582,1,33,,0,1,1,21,A01
202100030583,0,7,,0,2,0,0,Z01
202100030583,0,7,,0,2,2,26,A01
202100030584,1,33,,0,2,1,1,A01
202100030584,1,7,,0,2,2,16,B01
202100030585,1,7,,0,2,1,1,B01
202100030585,2,7,,0,2,2,15,A01
202100030586,3,30,,1,0,1,21,A01
202100030587,1,7,,13,0,9,13,A01
202100030588,1,7,,0,2,2,3,A01
202100030588,2,7,,0,2,3,2,B01
202100030589,2,7,,0,2,8,13,A01
202100030589,1,7,,0,2,7,1,B01
202100030589,1,7,,0,9,0,1,C01
202100030589,2,7,,0,9,0,1,D01
202100030589,1,10,,0,9,0,0,E01
202100030590,2,7,,0,2,3,20,A01
202100030590,2,33,,0,2,7,1,B01
202100030591,2,33,,8,0,1,1,A01
202100030592,1,33,,0,2,1,17,B01
202100030592,2,10,,0,2,8,9,A01
202100030593,2,7,,0,2,1,1,B01
202100030593,1,7,,8,2,7,15,A01
202100030594,1,50,,0,2,4,2,A01
202100030594,1,30,,0,2,1,2,Z01
202100030595,1,1,,0,2,4,2,B01
202100030595,1,10,,0,2,1,2,A01
202100030596,1,7,,1,0,3,15,A01
202100030597,1,7,,0,2,8,7,A01
202100030597,1,7,,0,2,0,16,B01
202100030598,3,1,,0,2,1,1,B01
202100030598,3,10,,0,2,7,16,A01
202100030599,2,1,,0,2,3,1,A01
202100030599,1,30,,0,2,0,15,Z01
202100030600,2,1,,0,2,1,1,B01
202100030600,2,7,,0,2,1,9,A01
202100030601,1,7,,0,2,3,18,A01
202100030601,1,7,,0,2,5,1,B01
202100030602,3,2,,15,0,0,25,A01
202100030603,1,33,,0,1,1,0,A01
202100030604,3,10,,0,2,2,19,A01
202100030604,3,37,4.0,0,2,3,1,B01
202100030605,3,7,,0,2,4,20,A01
202100030605,3,37,1.0,0,2,1,1,B01
202100030606,1,7,,0,2,0,0,B01
202100030606,3,7,,0,2,1,2,A01
202100030607,1,7,,15,0,1,1,A01
202100030608,1,7,,0,2,2,1,A01
202100030608,1,50,,0,2,0,1,B01
202100030609,3,7,,0,2,2,19,B01
202100030609,3,7,,0,2,1,19,A01
202100030610,2,7,,0,2,4,23,B01
202100030610,2,7,,0,2,1,2,A01
202100030611,1,7,,0,1,6,26,A01
202100030612,1,7,,0,2,1,1,B01
202100030612,2,2,,0,2,1,13,A01
202100030613,3,7,,0,2,2,21,B01
202100030613,3,2,,0,2,4,25,A01
202100030614,1,7,,0,1,1,1,A01
202100030615,2,7,,0,1,1,1,A01
202100030616,2,14,,0,0,3,2,B01
202100030616,2,7,,0,2,0,2,A01
202100030617,2,7,,0,2,1,5,A01
202100030617,1,7,,0,2,1,1,B01
202100030618,2,7,,13,0,2,1,A01
202100030619,0,7,,0,9,1,1,A01
202100030619,3,1,,0,2,1,0,B01
202100030619,3,1,,0,2,7,0,D01
202100030620,1,2,,11,0,1,1,A01
202100030621,1,7,,0,1,1,15,A01
202100030622,1,10,,0,2,8,26,B01
202100030622,1,1,,1,0,7,14,A01
202100030623,2,17,,3,0,2,1,A01
202100030624,2,7,,4,0,1,1,A01
202100030625,1,2,,0,2,1,13,A01
202100030625,2,7,,0,2,3,1,B01
202100030626,1,2,,2,0,3,26,A01
202100030627,2,21,,2,0,1,1,A01
202100030628,1,7,,0,2,2,1,B01
202100030628,2,7,,0,2,1,13,A01
202100030629,2,7,,0,0,9,1,A01
202100030630,2,7,,0,2,1,0,B01
202100030630,1,10,,0,2,3,13,A01
202100030631,2,31,,0,2,7,1,A01
202100030631,1,7,,0,2,1,15,B01
202100030632,1,7,,16,0,0,1,A01
202100030633,2,33,,3,2,1,17,A01
202100030633,2,7,,0,2,3,15,B01
202100030634,1,7,,13,0,9,14,A01
202100030635,2,7,,0,1,3,26,A01
202100030636,1,7,,0,2,1,1,B01
202100030636,2,7,,0,2,5,15,A01
202100030637,2,32,,3,2,4,2,A01
202100030637,2,7,,0,2,3,2,B01
202100030638,1,7,,0,0,4,1,A01
202100030638,1,33,,0,2,1,2,B01
202100030639,2,7,,0,2,1,5,A01
202100030639,1,7,,0,2,1,1,B01
202100030640,3,7,,0,2,2,1,B01
202100030640,3,33,,0,2,1,5,A01
202100030641,1,7,,13,0,2,0,A01
202100030642,1,1,,0,0,0,0,A01
202100030643,2,7,,0,0,4,23,C01
202100030643,2,7,,0,2,1,2,A01
202100030643,2,7,,0,2,4,23,B01
202100030644,1,7,,0,2,7,1,A01
202100030644,2,7,,0,2,1,1,B01
202100030645,2,7,,0,2,9,2,B01
202100030645,1,7,,0,2,3,13,A01
202100030646,3,7,,9,1,1,0,A01
202100030647,1,7,,6,0,3,0,A01
202100030648,1,13,,0,2,3,2,B01
202100030648,2,32,,0,2,2,5,A01
202100030649,1,10,,0,2,1,17,A01
202100030649,2,7,,0,2,1,1,B01
202100030650,1,7,,0,1,1,1,A01
202100030651,2,7,,3,2,2,1,C01
202100030651,2,7,,0,2,5,11,B01
202100030651,2,3,,3,2,6,9,A01
202100030652,2,33,,3,0,4,23,C01
202100030652,2,7,,0,0,4,23,B01
202100030652,2,37,1.0,1,0,1,2,A01
202100030653,1,7,,0,0,4,1,A01
202100030653,1,30,,0,0,1,1,B01
202100030654,1,7,,3,2,3,1,B01
202100030654,1,7,,3,2,2,0,A01
202100030655,1,7,,3,0,6,1,B01
202100030655,1,7,,0,2,2,2,A01
202100030656,2,7,,0,2,1,5,A01
202100030656,1,7,,0,2,2,1,B01
202100030656,1,7,,0,2,1,1,C01
202100030657,1,10,,0,2,2,12,A01
202100030657,1,7,,0,2,8,1,B01
202100030658,3,13,,0,2,5,17,A01
202100030658,3,2,,0,2,3,2,B01
202100030659,0,2,,0,2,0,0,A01
202100030659,0,37,1.0,0,0,8,0,B01
202100030660,1,2,,15,0,2,1,A01
202100030661,1,7,,0,0,8,1,A01
202100030662,2,32,,0,2,1,2,A01
202100030662,2,7,,0,2,4,23,B01
202100030663,1,17,,0,2,5,17,B01
202100030663,1,1,,0,2,8,2,A01
202100030664,1,7,,0,2,3,1,B01
202100030664,2,7,,0,2,3,1,A01
202100030665,1,33,,0,2,1,1,B01
202100030665,2,7,,0,2,8,15,A01
202100030666,2,33,,0,0,9,0,A01
202100030667,1,7,,0,1,2,1,A01
202100030668,1,7,,0,2,7,17,A01
202100030668,1,1,,0,2,4,2,B01
202100030669,2,7,,0,2,4,2,B01
202100030669,2,7,,0,2,1,2,A01
202100030670,3,7,,13,0,1,13,A01
202100030671,3,31,,0,0,3,1,A01
202100030672,2,32,,0,0,0,1,A01
202100030673,2,7,,0,2,1,0,Z01
202100030673,1,10,,0,2,6,1,B01
202100030674,2,7,,0,2,1,2,A01
202100030674,2,7,,0,2,4,2,B01
202100030675,1,10,,0,2,4,23,C01
202100030675,1,7,,0,2,4,23,B01
202100030675,1,7,,0,2,1,1,A01
202100030676,1,7,,0,2,4,2,B01
202100030676,1,33,,0,2,1,2,A01
202100030677,2,7,,4,0,1,26,A01
202100030678,1,10,,0,2,1,2,A01
202100030678,1,7,,0,2,4,2,B01
202100030679,1,7,,4,0,1,17,A01
202100030680,2,7,,0,2,9,1,B01
202100030680,2,7,,0,2,2,17,A01
202100030681,1,7,,3,2,7,13,A01
202100030681,1,7,,0,2,2,1,B01
202100030682,1,7,,4,2,1,1,B01
202100030682,1,7,,4,2,4,9,A01
202100030683,1,15,,0,2,1,1,A01
202100030683,1,10,,14,2,4,23,B01
202100030683,1,10,,0,2,4,23,C01
202100030684,1,7,,14,0,1,14,A01
202100030685,-1,7,,14,0,9,26,A01
202100030686,3,10,,0,2,6,15,A01
202100030686,3,2,,0,2,1,17,B01
202100030687,2,7,,2,0,3,0,A01
202100030688,1,2,,0,0,8,1,A01
202100030689,1,7,,0,2,1,1,A01
202100030690,0,7,,0,1,3,15,A01
202100030691,1,10,,0,1,5,1,A01
202100030692,1,7,,0,1,2,1,A01
202100030693,1,7,,0,1,7,1,A01
202100030694,1,2,,0,2,8,1,A01
202100030694,1,2,,0,2,5,19,B01
202100030695,2,33,,0,2,8,17,B01
202100030695,2,7,,0,2,1,9,A01
202100030696,2,7,,0,2,2,10,A01
202100030696,2,31,,0,2,1,2,B01
202100030697,2,50,,0,2,1,19,B01
202100030697,1,7,,0,2,2,1,A01
202100030698,1,7,,0,2,2,1,A01
202100030698,1,1,,0,2,8,1,B01
202100030699,1,7,,0,1,1,1,A01
202100030700,1,1,,0,2,1,13,A01
202100030700,2,10,,0,9,3,18,B01
202100030701,2,2,,0,9,1,1,B01
202100030701,1,21,,0,2,8,1,A01
202100030702,2,7,,0,2,3,15,A01
202100030702,2,7,,0,2,2,17,B01
202100030703,3,7,,0,4,0,19,A01
202100030703,0,39,,0,2,1,1,B01
202100030704,1,7,,0,2,2,1,A01
202100030704,1,7,,0,2,6,1,B01
202100030705,1,10,,0,2,1,15,A01
202100030705,2,10,,0,2,1,1,B01
202100030706,2,10,,0,2,2,19,A01
202100030706,2,33,,0,2,1,19,B01
202100030707,2,7,,0,2,3,1,C01
202100030707,1,7,,0,2,3,1,B01
202100030707,2,7,,0,2,1,13,A01
202100030708,1,33,,8,0,1,13,A01
202100030709,1,34,,0,9,0,14,A01
202100030710,1,30,,0,2,1,1,A01
202100030710,2,7,,0,2,3,1,B01
202100030711,2,30,,0,2,8,10,A01
202100030711,2,33,,0,2,1,17,B01
202100030712,2,7,,0,2,1,1,B01
202100030712,2,30,,0,2,1,17,A01
202100030713,2,31,,0,0,2,21,A01
202100030714,3,99,,0,1,1,26,A01
202100030715,1,7,,0,2,4,1,B01
202100030715,1,7,,0,2,1,1,A01
202100030716,3,7,,0,1,3,1,A01
202100030717,3,7,,9,0,1,1,A01
202100030718,3,7,,0,2,3,1,B01
202100030718,1,7,,0,2,2,1,A01
202100030719,3,1,,0,1,1,26,A01
202100030720,1,7,,15,0,3,1,A01
202100030721,3,33,,0,2,8,15,B01
202100030721,2,33,,0,2,1,1,Z01
202100030722,1,31,,0,2,8,1,B01
202100030722,3,7,,0,0,1,9,A01
202100030723,2,7,,0,2,1,1,A01
202100030723,1,13,,0,2,3,1,B01
202100030724,1,7,,0,2,0,15,B01
202100030724,1,33,,15,2,1,17,A01
202100030725,1,7,,0,1,3,1,A01
202100030726,3,1,,0,2,7,19,B01
202100030726,3,10,,0,9,7,19,A01
202100030727,3,7,,0,1,8,1,A01
202100030728,1,7,,0,2,4,15,B01
202100030728,1,33,,0,2,1,1,A01
202100030729,1,7,,0,2,7,16,A01
202100030729,1,2,,0,2,2,1,B01
202100030730,0,7,,0,2,1,1,B01
202100030730,0,2,,0,2,0,13,A01
202100030731,1,10,,0,2,5,9,B01
202100030731,1,33,,0,2,1,1,A01
202100030732,1,30,,0,0,0,0,A01
202100030733,2,31,,0,0,0,0,Z01
202100030734,2,2,,0,2,1,1,B01
202100030734,1,7,,0,2,8,15,A01
202100030735,1,7,,0,2,3,15,A01
202100030735,2,1,,0,2,1,1,B01
202100030736,1,7,,0,2,2,1,B01
202100030736,1,7,,0,2,3,1,A01
202100030737,3,33,,0,2,1,1,B01
202100030737,3,7,,0,2,4,13,A01
202100030738,2,7,,0,2,5,2,B01
202100030738,2,7,,0,2,1,2,A01
202100030739,1,7,,0,2,1,2,A01
202100030739,1,50,,0,2,3,19,B01
202100030740,2,7,,0,2,1,1,A01
202100030740,2,1,,0,2,8,1,B01
202100030741,2,0,,0,2,1,13,B01
202100030741,2,30,,0,2,7,1,A01
202100030742,2,7,,0,2,3,15,B01
202100030742,1,34,,0,2,1,5,A01
202100030743,2,7,,0,2,4,23,B01
202100030743,2,7,,0,2,1,1,A01
202100030744,2,7,,0,1,1,1,A01
202100030745,2,7,,0,1,2,2,A01
202100030745,3,7,,0,1,8,23,B01
202100030746,2,7,,0,2,1,26,A01
202100030746,2,7,,0,2,4,0,C01
202100030746,2,7,,0,2,4,9,B01
202100030747,2,32,,9,0,1,25,A01
202100030748,2,10,,0,2,3,0,C01
202100030748,1,7,,0,2,1,26,A01
202100030748,1,7,,0,2,4,1,B01
202100030749,2,7,,0,2,0,1,[01
202100030749,1,50,,0,2,0,0,Z01
202100030749,0,7,,0,2,0,0,A01
202100030750,2,1,,0,2,1,1,B01
202100030750,1,7,,0,2,2,15,A01
202100030751,1,7,,0,2,4,0,B01
202100030751,1,10,,0,2,1,21,A01
202100030752,1,7,,0,2,7,15,B01
202100030752,2,1,,0,2,1,1,A01
202100030753,2,10,,0,2,6,1,B01
202100030753,2,33,,0,2,1,17,A01
202100030754,1,33,,0,2,1,1,B01
202100030754,1,7,,0,2,5,14,A01
202100030755,1,7,,4,0,1,1,A01
202100030756,2,7,,4,0,1,1,A01
202100030757,2,33,,0,1,1,1,A01
202100030758,1,7,,4,0,2,1,A01
202100030759,1,7,,0,2,1,2,A01
202100030759,1,7,,0,2,4,2,B01
202100030760,2,7,,0,1,2,16,A01
202100030761,0,60,,0,0,0,16,A01
202100030762,3,7,,12,0,5,1,B01
202100030762,3,7,,4,0,1,0,A01
202100030763,2,7,,0,2,7,9,A01
202100030763,2,7,,0,2,1,1,B01
202100030764,2,10,,0,1,1,1,A01
202100030765,2,7,,0,1,1,15,A01
202100030766,2,1,,0,2,1,1,B01
202100030766,2,7,,0,2,2,16,A01
202100030767,1,7,,0,2,1,15,A01
202100030767,1,7,,0,2,4,1,B01
202100030767,2,7,,0,2,3,23,C01
202100030768,1,7,,0,1,2,1,A01
202100030769,3,7,,14,0,1,1,A01
202100030770,0,30,,0,1,3,26,A01
202100030771,1,7,,0,9,3,1,B01
202100030771,1,36,,1,2,1,14,A01
202100030771,3,7,,1,0,6,0,C01
202100030772,1,7,,0,2,2,1,B01
202100030772,1,7,,0,2,3,15,A01
202100030773,3,7,,0,2,8,1,B01
202100030773,0,30,,1,2,8,1,A01
202100030774,2,30,,0,2,7,17,A01
202100030774,2,7,,0,2,1,9,B01
202100030775,1,30,,0,1,1,13,A01
202100030776,2,43,,0,2,8,3,A01
202100030777,2,7,,6,0,3,14,A01
202100030778,1,30,,0,2,1,15,B01
202100030778,2,7,,0,2,2,15,A01
202100030779,1,10,,0,2,7,15,B01
202100030779,3,7,,0,2,1,1,A01
202100030780,1,7,,0,1,1,1,A01
202100030781,3,31,,0,2,1,1,B01
202100030781,3,7,,0,2,7,15,A01
202100030782,3,7,,0,1,1,9,A01
202100030783,2,50,,0,2,1,1,B01
202100030783,3,10,,0,9,3,26,A01