Num_Acc,senc,catv,occutc,obs,obsm,choc,manv,num_veh
202100030784,2,13,,0,2,4,23,D01
202100030784,2,7,,0,2,4,23,E01
202100030784,2,7,,0,2,1,1,A01
202100030784,2,7,,1,2,4,23,B01
202100030785,1,7,,12,0,2,14,A01
202100030786,1,7,,0,0,9,1,A01
202100030787,3,7,,0,1,1,9,A01
202100030788,3,7,,0,2,1,26,A01
202100030788,3,7,,0,2,7,26,B01
202100030789,2,34,,0,2,7,1,B01
202100030789,2,7,,0,2,3,16,A01
202100030790,1,7,,0,1,1,1,A01
202100030791,0,30,,0,1,1,26,A01
202100030792,1,7,,0,2,1,16,A01
202100030792,1,33,,0,2,7,1,B01
202100030793,2,30,,0,2,1,1,A01
202100030793,1,7,,0,2,3,15,B01
202100030794,0,7,,0,2,2,1,A01
202100030794,2,1,,0,2,1,0,B01
202100030795,0,7,,0,2,1,9,B01
202100030795,0,10,,2,2,7,1,A01
202100030796,3,1,,0,2,1,1,B01
202100030796,3,7,,0,2,6,1,A01
202100030797,3,10,,0,1,2,15,A01
202100030798,1,7,,0,2,8,1,A01
202100030798,1,10,,0,2,1,15,B01
202100030799,1,50,,0,9,1,25,A01
202100030799,2,50,,0,9,1,25,B01
202100030800,2,30,,0,2,3,1,B01
202100030800,1,15,,0,2,5,12,A01
202100030801,2,7,,0,1,2,15,Z01
202100030802,0,50,,0,0,0,1,A01
202100030803,1,7,,3,0,1,1,A01
202100030804,2,7,,0,2,4,1,C01
202100030804,2,10,,0,2,4,2,B01
202100030804,2,10,,0,2,1,2,A01
202100030805,2,7,,0,2,1,1,B01
202100030805,1,7,,0,2,8,19,A01
202100030806,2,7,,0,2,1,1,B01
202100030806,1,7,,0,2,8,10,A01
202100030807,1,7,,0,2,4,1,B01
202100030807,1,7,,0,2,1,2,A01
202100030808,0,7,,0,1,3,15,A01
202100030809,1,30,,0,1,1,1,A01
202100030810,3,7,,0,2,3,9,A01
202100030810,3,1,,0,2,1,9,B01
202100030811,1,3,,8,2,1,1,B01
202100030811,1,2,,8,2,1,16,A01
202100030812,1,7,,14,1,2,23,A01
202100030813,2,32,,0,2,4,2,B01
202100030813,2,7,,0,2,2,2,A01
202100030814,2,10,,0,2,1,19,A01
202100030814,1,30,,0,2,7,14,B01
202100030815,3,7,,0,1,2,2,A01
202100030816,1,7,,0,1,1,1,A01
202100030817,1,32,,0,2,4,15,B01
202100030817,1,7,,0,2,3,1,A01
202100030817,1,7,,0,2,1,1,C01
202100030818,1,7,,0,1,1,1,A01
202100030819,2,36,,0,0,1,1,A01
202100030820,2,10,,0,2,0,15,B01
202100030820,2,7,,0,2,2,17,A01
202100030821,2,7,,0,2,4,2,C01
202100030821,2,7,,0,2,4,2,B01
202100030821,2,10,,0,2,1,2,A01
202100030822,0,10,,0,1,2,1,A01
202100030823,1,1,,0,2,8,1,B01
202100030823,1,7,,0,2,1,9,A01
202100030824,3,7,,0,2,2,1,B01
202100030824,1,7,,0,2,1,9,A01
202100030825,3,7,,0,2,1,13,A01
202100030826,0,32,,15,0,1,1,A01
202100030827,3,50,,0,2,1,5,B01
202100030827,3,7,,0,2,3,15,A01
202100030828,2,7,,0,2,1,15,A01
202100030828,1,33,,0,2,1,17,B01
202100030829,1,7,,0,2,2,2,B01
202100030829,1,7,,0,2,6,2,A01
202100030830,1,7,,0,2,1,2,A01
202100030830,1,7,,0,2,4,23,B01
202100030830,1,7,,0,2,4,2,C01
202100030831,2,7,,0,2,1,2,A01
202100030831,2,10,,0,2,1,2,B01
202100030831,2,7,,0,2,1,2,C01
202100030832,2,7,,0,1,7,1,A01
202100030833,2,7,,6,0,3,1,A01
202100030834,3,7,,0,1,3,26,A01
202100030835,1,7,,6,0,1,14,A01
202100030836,1,7,,0,2,5,15,B01
202100030836,1,33,,0,2,1,1,A01
202100030837,2,7,,0,2,2,1,B01
202100030837,2,33,,0,2,3,18,A01
202100030838,3,7,,0,2,1,1,B01
202100030838,3,30,,0,2,1,1,A01
202100030839,2,7,,0,2,1,17,A01
202100030839,2,7,,0,2,4,23,C01
202100030839,1,7,,0,2,1,15,B01
202100030840,2,30,,1,0,1,14,A01
202100030841,1,7,,0,2,1,1,B01
202100030841,2,7,,0,2,3,19,A01
202100030842,1,7,,1,0,1,6,A01
202100030843,1,7,,0,2,1,1,A01
202100030843,2,7,,0,2,8,1,B01
202100030844,1,7,,0,2,3,15,A01
202100030844,2,50,,0,2,1,16,B01
202100030845,1,7,,0,2,1,1,B01
202100030845,1,7,,0,2,2,15,A01
202100030846,3,7,,0,1,4,26,A01
202100030847,0,7,,13,5,3,21,A01
202100030848,1,7,,0,-1,2,1,A01
202100030848,2,30,,0,2,1,1,B01
202100030849,2,7,,0,2,3,13,A01
202100030849,2,7,,0,2,6,0,B01
202100030849,0,7,,0,2,1,23,C01
202100030850,2,2,,0,2,0,0,B01
202100030850,3,7,,0,2,3,15,A01
202100030851,1,7,,0,2,1,17,B01
202100030851,1,7,,15,2,3,15,A01
202100030852,1,7,,0,2,3,15,A01
202100030852,2,7,,0,2,2,1,B01
202100030853,2,10,,0,2,3,11,B01
202100030853,2,10,,0,2,5,1,C01
202100030853,2,33,,0,2,2,3,A01
202100030854,3,7,,0,2,3,1,A01
202100030854,3,1,,0,2,2,19,B01
202100030855,1,7,,0,2,2,1,B01
202100030855,1,10,,0,2,2,1,A01
202100030856,1,30,,0,2,1,17,B01
202100030856,1,1,,0,2,6,10,A01
202100030857,1,7,,0,2,2,17,A01
202100030858,1,80,,0,1,1,1,A01
202100030859,1,7,,0,2,4,20,B01
202100030859,1,1,,0,2,1,2,A01
202100030860,2,7,,1,1,2,16,A01
202100030861,2,32,,0,2,1,1,B01
202100030861,1,7,,0,2,5,1,A01
202100030862,1,30,,0,2,1,2,C01
202100030862,1,7,,0,2,1,2,B01
202100030862,1,7,,0,2,4,23,A01
202100030863,1,32,,0,2,1,1,A01
202100030863,1,7,,0,2,7,1,B01
202100030864,3,50,,12,0,0,14,A01
202100030865,2,2,,0,2,0,0,B01
202100030865,2,7,,8,2,2,16,A01
202100030866,1,7,,0,2,3,15,A01
202100030866,1,50,,0,2,3,19,B01
202100030867,3,7,,0,1,7,1,A01
202100030868,3,99,,0,2,1,23,A01
202100030868,0,1,,0,0,0,0,B01
202100030869,0,7,,0,2,1,1,B01
202100030869,0,7,,7,0,4,23,A01
202100030870,1,7,,1,0,1,1,A01
202100030871,3,30,,0,2,1,1,B01
202100030871,1,7,,0,2,2,15,A01
202100030872,1,37,1.0,0,2,2,16,A01
202100030872,3,1,,0,2,0,0,B01
202100030873,2,1,,0,2,3,9,B01
202100030873,2,7,,0,2,2,1,A01
202100030874,1,7,,0,2,2,1,A01
202100030874,1,1,,0,2,5,1,B01
202100030875,3,2,,0,2,0,5,A01
202100030875,2,7,,0,9,3,1,B01
202100030876,1,10,,8,2,3,1,A01
202100030876,2,33,,0,2,1,1,B01
202100030877,1,7,,15,0,9,17,A01
202100030878,1,7,,0,0,3,15,A01
202100030878,2,33,,0,2,1,1,B01
202100030879,1,33,,5,0,2,1,A01
202100030880,1,1,,0,0,0,1,A01
202100030881,1,7,,0,0,0,1,A01
202100030882,2,33,,0,2,1,1,B01
202100030882,1,33,,0,2,1,17,A01
202100030883,1,7,,0,2,4,1,A01
202100030883,1,7,,0,2,1,17,B01
202100030884,2,1,,0,2,7,15,B01
202100030884,2,7,,0,9,3,1,A01
202100030885,3,36,,0,0,9,16,A01
202100030886,1,50,,0,0,0,1,A01
202100030887,2,7,,0,2,0,1,A01
202100030887,1,10,,0,2,0,1,B01
202100030887,1,7,,0,2,0,1,C01
202100030888,1,7,,6,0,1,13,A01
202100030889,1,7,,0,2,2,17,A01
202100030889,1,7,,0,2,3,15,B01
202100030890,1,7,,0,2,3,1,B01
202100030890,2,10,,0,2,3,13,A01
202100030891,1,7,,0,2,3,1,B01
202100030891,2,7,,0,2,3,13,A01
202100030892,1,7,,8,0,1,1,A01
202100030893,3,7,,0,2,1,1,A01
202100030893,3,31,,0,2,1,1,B01
202100030894,1,30,,0,2,1,17,A01
202100030894,1,7,,0,0,8,15,B01
202100030895,3,7,,0,2,1,1,B01
202100030895,3,7,,0,2,1,1,A01
202100030896,1,7,,13,0,1,13,A01
202100030897,1,33,,0,0,7,1,A01
202100030898,1,1,,0,1,3,1,A01
202100030899,2,7,,0,2,1,2,A01
202100030899,2,7,,0,2,4,2,B01
202100030900,1,7,,7,0,1,1,A01
202100030901,2,7,,0,0,3,1,B01
202100030901,1,7,,0,2,3,13,A01
202100030902,1,7,,13,0,2,1,A01
202100030903,1,33,,0,2,1,13,A01
202100030903,2,7,,0,2,3,1,B01
202100030903,1,7,,0,2,3,1,C01
202100030904,2,7,,0,2,2,1,A01
202100030904,3,1,,0,2,3,19,B01
202100030905,1,7,,0,2,1,13,B01
202100030905,2,7,,0,2,1,1,A01
202100030906,3,7,,2,0,1,16,A01
202100030907,2,10,,0,0,1,0,A01
202100030908,2,7,,0,2,2,0,A01
202100030908,2,1,,0,0,4,0,B01
202100030909,2,7,,0,2,3,1,B01
202100030909,1,7,,0,2,3,13,A01
202100030910,2,7,,0,2,3,1,C01
202100030910,2,17,,0,2,8,1,D01
202100030910,1,7,,0,2,1,5,A01
202100030910,2,7,,0,2,1,1,B01
202100030911,2,7,,3,0,1,14,A01
202100030912,3,7,,0,1,2,0,A01
202100030913,3,30,,0,0,7,1,A01
202100030914,2,7,,0,0,2,13,A01
202100030915,3,36,,0,1,1,1,A01
202100030916,1,7,,0,2,3,9,A01
202100030916,1,7,,0,2,3,0,B01
202100030916,2,7,,0,2,3,1,C01
202100030917,2,7,,0,2,1,21,A01
202100030917,2,7,,0,2,6,15,B01
202100030918,1,7,,7,2,1,21,B01
202100030918,2,7,,0,2,1,1,A01
202100030919,3,2,,12,0,8,13,A01
202100030920,1,33,,0,2,1,1,B01
202100030920,2,7,,0,2,5,15,A01
202100030921,2,7,,0,2,3,0,B01
202100030921,1,2,,0,0,3,1,A01
202100030922,1,33,,0,2,1,1,B01
202100030922,2,33,,0,2,3,13,A01
202100030923,1,7,,0,1,2,1,A01
202100030924,1,7,,13,0,8,14,A01
202100030925,3,2,,0,2,1,5,A01
202100030925,3,7,,0,2,1,1,B01
202100030926,2,7,,0,2,1,2,B01
202100030926,2,7,,13,2,2,2,A01
202100030927,2,7,,4,0,3,0,A01
202100030928,3,7,,0,2,3,5,A01
202100030928,3,32,,0,2,1,1,B01
202100030929,1,7,,0,2,1,0,A01
202100030929,2,7,,0,2,1,0,B01
202100030930,2,7,,0,2,3,15,A01
202100030930,2,31,,0,2,1,1,B01
202100030931,1,10,,0,0,5,23,A01
202100030931,1,7,,1,2,1,21,B01
202100030931,1,7,,0,2,1,1,C01
202100030932,1,7,,8,2,2,17,A01
202100030932,1,1,,0,2,8,15,B01
202100030933,2,7,,3,2,3,0,A01
202100030933,1,7,,0,0,3,0,B01
202100030934,1,7,,0,2,3,17,C01
202100030934,1,17,,0,2,2,17,B01
202100030934,1,7,,4,2,9,1,A01
202100030935,1,7,,8,0,1,1,A01
202100030936,1,7,,0,2,3,13,A01
202100030936,2,7,,0,2,6,1,B01
202100030937,2,7,,0,2,3,17,A01
202100030937,1,7,,0,0,6,11,B01
202100030937,1,7,,0,0,3,1,C01
202100030937,1,7,,0,0,1,0,D01
202100030937,1,13,,0,0,6,2,F01
202100030937,1,7,,0,9,1,0,E01
202100030938,3,7,,0,1,2,1,A01
202100030939,1,1,,0,2,0,1,D01
202100030939,1,1,,0,0,0,2,C01
202100030939,1,1,,0,0,0,2,B01
202100030939,1,1,,0,2,3,1,A01
202100030940,1,1,,0,2,8,2,B01
202100030940,1,7,,0,9,2,2,A01
202100030941,3,7,,8,0,1,1,A01
202100030942,1,2,,0,1,1,1,A01
202100030943,3,7,,0,1,1,1,A01
202100030944,3,1,,0,2,2,15,B01
202100030944,3,7,,0,2,6,9,A01
202100030945,2,7,,9,2,2,15,B01
202100030945,1,7,,7,2,3,1,A01
202100030946,1,7,,0,2,3,19,A01
202100030946,1,7,,0,2,1,1,B01
202100030947,2,7,,2,0,3,16,A01
202100030948,1,7,,6,0,1,1,A01
202100030949,3,50,,0,0,1,2,B01
202100030949,3,7,,0,2,2,2,A01
202100030950,2,2,,0,2,1,5,A01
202100030950,1,7,,0,2,1,1,B01
202100030951,0,7,,0,2,3,13,A01
202100030951,0,7,,0,2,3,1,B01
202100030952,1,7,,4,0,9,2,A01
202100030953,2,14,,0,2,2,9,A01
202100030953,2,7,,0,2,6,1,B01
202100030954,1,10,,0,2,1,2,A01
202100030954,1,7,,0,2,4,2,B01
202100030955,1,7,,0,0,5,2,D01
202100030955,1,7,,0,0,7,2,C01
202100030955,1,7,,0,0,4,1,B01
202100030955,1,7,,0,2,3,14,A01
202100030956,1,33,,0,2,1,3,A01
202100030956,1,7,,0,2,4,12,B01
202100030956,1,7,,0,2,4,1,C01
202100030957,1,7,,0,2,4,1,B01
202100030957,1,7,,0,2,1,12,A01
202100030958,2,7,,4,0,1,1,A01
202100030959,2,7,,0,2,1,1,A01
202100030959,2,7,,0,0,4,2,B01
202100030960,2,33,,0,2,1,2,A01
202100030961,2,7,,4,0,9,0,A01
202100030962,1,7,,4,0,8,2,A01
202100030963,1,7,,0,2,6,1,C01
202100030963,1,7,,0,2,4,1,B01
202100030963,1,33,,0,2,1,3,A01
202100030964,2,7,,0,2,4,1,A01
202100030964,2,7,,0,2,4,1,B01
202100030965,1,7,,0,2,3,9,A01
202100030965,1,7,,0,2,4,1,B01
202100030965,1,7,,0,2,1,1,C01
202100030965,2,15,,0,2,8,1,D01
202100030966,2,10,,0,2,4,2,C01
202100030966,2,7,,0,2,3,2,B01
202100030966,2,7,,0,2,3,2,A01
202100030967,1,7,,0,2,4,2,C01
202100030967,1,7,,0,2,4,2,B01
202100030967,1,10,,0,2,1,2,A01
202100030967,1,7,,0,2,4,2,D01
202100030968,1,7,,0,2,4,2,B01
202100030968,1,7,,0,2,1,2,A01
202100030969,2,7,,4,0,3,1,A01
202100030970,1,7,,0,2,1,2,A01
202100030970,1,7,,0,2,4,2,B01
202100030971,2,10,,0,2,1,1,A01
202100030971,2,7,,0,2,4,2,B01
202100030972,1,7,,3,2,7,26,A01
202100030972,1,10,,0,2,3,0,B01
202100030972,1,10,,0,2,0,0,Z01
202100030973,2,7,,3,0,4,14,A01
202100030974,2,7,,0,2,1,1,A01
202100030974,2,7,,0,0,4,2,B01
202100030975,2,7,,0,2,1,2,A01
202100030975,2,7,,0,2,4,0,B01
202100030975,2,7,,0,2,4,2,C01
202100030976,1,7,,0,2,1,2,A01
202100030976,1,7,,0,2,0,2,B01
202100030977,2,7,,0,2,7,12,A01
202100030977,2,33,,0,2,3,0,B01
202100030978,1,-1,,0,0,0,1,A01
202100030979,1,7,,0,2,6,24,D01
202100030979,1,7,,0,2,8,24,C01
202100030979,1,7,,0,2,1,17,B01
202100030979,1,7,,0,2,1,20,A01
202100030980,0,7,,0,2,6,1,B01
202100030980,0,7,,0,2,2,15,A01
202100030981,0,7,,0,2,5,15,A01
202100030981,0,33,,0,2,1,1,B01
202100030982,1,30,,0,2,1,2,A01
202100030982,0,7,,0,2,4,2,B01
202100030983,0,7,,0,1,1,15,A01
202100030984,0,7,,9,0,1,15,A01
202100030985,2,33,,0,1,1,17,A01
202100030986,3,7,,0,2,3,0,B01
202100030986,3,7,,0,2,1,13,A01
202100030987,0,7,,0,2,1,1,B01
202100030987,0,7,,0,2,7,15,A01
202100030988,3,7,,0,2,3,0,B01
202100030988,3,10,,0,2,3,13,A01
202100030989,3,2,,0,0,0,26,A01
202100030990,0,99,,0,2,8,1,B01
202100030990,0,7,,0,2,1,9,A01
202100030991,1,34,,8,0,1,1,A01
202100030992,2,7,,0,0,0,0,A01
202100030992,2,1,,0,0,0,0,B01
202100030993,2,7,,0,2,8,9,A01
202100030993,1,30,,0,2,9,1,B01
202100030994,1,33,,0,2,1,26,A01
202100030994,1,7,,0,2,4,21,B01
202100030995,1,7,,1,0,1,1,A01
202100030996,1,7,,0,2,2,13,A01
202100030996,2,7,,0,2,2,21,B01
202100030997,1,7,,0,2,1,1,B01
202100030997,1,10,,0,2,2,1,A01
202100030998,1,7,,0,2,4,23,B01
202100030998,1,7,,0,2,1,2,A01
202100030999,1,7,,0,2,2,1,B01
202100030999,1,7,,0,2,3,11,A01
202100031000,1,7,,0,1,3,1,A01
202100031001,1,10,,0,1,3,15,A01
202100031002,1,7,,6,0,2,15,A01
202100031003,2,7,,0,1,3,1,A01
202100031004,1,33,,0,2,1,2,B01
202100031004,1,7,,0,2,3,15,A01
202100031005,1,10,,0,2,1,2,A01
202100031005,1,7,,0,2,4,2,B01
202100031006,0,1,,0,2,0,19,B01
202100031006,1,33,,0,2,1,1,A01
202100031007,1,1,,0,2,7,1,B01
202100031007,2,7,,0,2,1,9,A01
202100031008,1,7,,0,2,3,15,C01
202100031008,2,7,,0,2,8,0,D01
202100031009,3,7,,0,2,2,17,A01
202100031009,3,7,,0,2,6,2,B01
202100031009,3,7,,0,2,1,0,C01
202100031010,2,7,,0,1,4,20,A01
202100031011,1,1,,12,2,4,19,B01
202100031011,1,10,,12,9,2,16,A01
202100031012,1,7,,1,0,2,1,A01
202100031013,0,7,,0,2,6,20,A01
202100031013,3,1,,0,2,1,1,B01
202100031014,0,30,,0,2,2,1,A01
202100031014,0,7,,0,2,1,13,B01
202100031015,1,10,,2,0,3,1,A01
202100031016,1,7,,1,0,2,14,A01
202100031017,2,7,,0,2,1,1,B01
202100031017,1,7,,0,2,3,15,A01
202100031018,0,50,,0,0,0,0,B01
202100031018,0,7,,0,2,3,9,A01
202100031019,1,7,,0,1,1,1,A01
202100031020,1,7,,0,1,1,1,A01
202100031021,1,34,,8,0,1,2,A01
202100031022,1,7,,0,2,1,1,A01
202100031022,2,7,,0,2,1,0,B01
202100031023,2,7,,13,0,1,14,A01
202100031024,2,1,,0,0,7,1,A01
202100031025,1,7,,0,2,7,1,A01
202100031025,1,7,,0,2,1,15,B01
202100031026,2,7,,0,2,3,1,A01
202100031026,2,7,,0,2,4,2,B01
202100031027,1,1,,0,2,1,1,B01
202100031027,2,7,,0,2,8,16,A01
202100031028,1,1,,1,0,1,1,B01
202100031028,1,7,,0,2,8,20,A01
202100031029,3,32,,12,0,1,26,A01
202100031030,1,32,,0,2,2,2,A01
202100031030,1,7,,0,2,4,2,B01
202100031031,1,30,,0,2,1,1,A01
202100031031,1,7,,0,2,4,1,B01
202100031032,2,30,,0,2,4,1,B01
202100031032,2,30,,0,2,1,1,A01
202100031033,1,2,,0,0,8,17,A01
202100031034,2,7,,0,2,6,15,B01
202100031034,2,30,,0,2,7,17,A01
202100031035,2,30,,0,2,1,19,A01
202100031035,2,7,,0,2,3,1,B01
202100031036,1,30,,0,1,1,1,A01
202100031037,1,30,,0,2,1,1,A01
202100031037,2,7,,0,2,8,1,B01
202100031038,2,7,,0,1,2,1,A01
202100031039,3,10,,0,1,4,20,A01
202100031040,3,30,,0,2,1,1,B01
202100031040,2,33,,0,9,7,1,A01
202100031041,1,33,,0,2,1,2,A01
202100031041,1,7,,0,2,4,2,B01
202100031042,2,7,,0,2,1,19,A01
202100031042,1,7,,0,2,7,19,B01
202100031043,1,7,,0,2,1,26,A01
202100031043,1,7,,0,2,4,2,B01
202100031044,1,33,,0,2,8,19,B01
202100031044,1,7,,0,2,8,19,A01
202100031045,1,33,,2,0,1,16,A01
202100031046,2,31,,0,2,0,0,B01
202100031046,2,31,,0,2,0,0,A01
202100031047,2,7,,0,1,1,9,A01
202100031048,3,7,,0,2,0,0,A01
202100031048,1,7,,0,2,1,16,B01
202100031049,0,10,,0,2,2,5,A01
202100031049,0,33,,0,2,1,1,B01
202100031050,0,7,,0,2,7,15,A01
202100031050,0,7,,0,2,1,26,B01
202100031051,1,30,,0,2,8,1,D01
202100031051,1,7,,0,2,1,26,A01
202100031051,2,7,,0,0,0,0,C01
202100031052,2,7,,0,2,1,17,A01
202100031052,1,7,,0,2,8,15,B01
202100031053,1,7,,0,1,1,15,A01
202100031054,3,7,,6,0,1,1,A01
202100031055,3,13,,0,2,4,26,A01
202100031055,0,1,,0,0,0,0,B01
202100031056,1,30,,0,2,1,1,A01
202100031056,1,7,,0,2,7,1,B01
202100031057,2,50,,0,2,0,15,B01
202100031057,2,7,,0,2,0,15,A01
202100031058,2,1,,0,2,7,1,A01
202100031058,2,1,,0,2,1,1,B01
202100031059,3,7,,0,1,3,1,B01
202100031060,1,7,,0,2,1,2,A01
202100031060,1,7,,0,2,4,1,B01
202100031061,1,7,,0,2,3,1,B01
202100031061,1,7,,0,2,1,1,A01
202100031062,1,7,,0,1,3,9,A01
202100031063,1,7,,0,2,3,1,B01
202100031063,2,7,,0,2,3,13,A01
202100031064,1,7,,0,1,2,17,A01
202100031065,1,7,,6,0,1,26,A01
202100031066,1,10,,0,9,4,0,B01
202100031066,0,30,,0,2,2,17,A01
202100031067,3,7,,0,1,1,0,A01
202100031068,0,7,,0,2,3,1,A01
202100031068,0,1,,0,2,7,1,B01
202100031069,2,10,,0,1,2,25,A01
202100031070,1,10,,0,2,2,15,A01
202100031070,1,7,,0,2,7,2,B01
202100031071,3,7,,0,2,6,9,A01
202100031071,2,1,,0,2,1,1,B01
202100031072,1,1,,0,2,0,0,B01
202100031072,1,7,,0,2,1,2,A01
202100031073,1,7,,0,2,5,23,B01
202100031073,1,2,,0,2,5,1,A01
202100031074,1,7,,0,2,5,4,A01
202100031074,3,2,,0,2,2,1,B01
202100031075,2,31,,0,2,1,1,B01
202100031075,2,7,,0,2,2,9,A01
202100031076,0,2,,0,2,7,1,B01
202100031076,0,7,,0,2,1,15,A01
202100031077,2,30,,0,0,8,1,A01
202100031078,1,7,,0,2,2,9,A01
202100031078,1,1,,0,2,0,2,B01
202100031079,1,1,,0,0,0,2,A01
202100031080,1,7,,12,0,1,19,A01
202100031081,1,7,,0,2,3,26,A01
202100031081,1,7,,0,2,2,26,B01
202100031082,1,33,,0,2,1,26,A01
202100031082,1,7,,0,2,4,26,B01
202100031083,1,7,,0,1,1,1,A01
202100031084,1,7,,1,0,1,26,A01
202100031085,1,7,,0,2,3,26,B01
202100031085,1,7,,0,2,3,26,A01
202100031086,1,7,,0,2,3,26,C01
202100031086,1,1,,0,2,0,0,B01
202100031086,1,7,,0,2,0,26,A01
202100031087,1,7,,3,0,0,21,A01
202100031088,0,10,,0,2,3,19,A01
202100031088,1,2,,0,2,9,1,B01
202100031089,1,7,,0,2,2,12,A01
202100031089,2,7,,0,2,3,15,B01
202100031090,1,7,,0,2,1,1,B01
202100031090,2,7,,0,2,1,6,A01
202100031091,2,17,,0,2,4,2,B01
202100031091,2,7,,0,2,1,2,A01
202100031092,0,7,,0,0,0,10,B01
202100031092,0,33,,0,2,3,17,A01
202100031093,2,30,,12,0,7,1,A01
202100031094,2,7,,0,2,3,1,B01
202100031094,1,7,,0,2,3,13,A01
202100031095,1,33,,0,0,0,1,A01
202100031096,1,7,,0,2,1,2,A01
202100031096,1,7,,0,2,4,23,B01
202100031097,1,7,,1,0,2,14,B01
202100031098,3,50,,0,2,7,16,B01
202100031098,3,7,,0,2,1,1,A01
202100031099,3,7,,0,1,2,1,A01
202100031100,2,7,,0,1,3,1,A01
202100031101,3,1,,12,0,7,16,A01
202100031102,3,7,,0,2,3,9,A01
202100031102,3,7,,0,2,2,1,B01
202100031103,2,10,,0,0,0,1,A01
202100031104,1,7,,0,2,8,15,B01
202100031104,1,7,,0,2,1,17,A01
202100031105,1,7,,0,2,1,1,A01
202100031105,2,7,,0,2,4,1,B01
202100031105,2,7,,0,2,4,1,C01
202100031105,2,7,,0,2,3,1,D01
202100031106,1,7,,0,2,4,1,B01
202100031106,1,7,,0,2,1,1,A01
202100031107,1,7,,0,1,1,1,A01
202100031108,2,50,,0,2,0,1,B01
202100031108,2,7,,0,2,0,1,A01
202100031109,2,7,,1,0,1,1,A01
202100031110,1,7,,0,1,3,1,A01
202100031111,1,7,,14,0,1,2,A01
202100031111,1,7,,0,2,4,23,B01
202100031112,1,7,,0,2,2,15,A01
202100031112,2,31,,0,2,1,1,B01
202100031113,1,30,,0,2,8,18,A01
202100031113,1,7,,0,2,2,16,B01
202100031114,2,30,,0,2,1,1,A01
202100031114,2,7,,0,2,3,1,B01
202100031115,2,2,,0,2,1,1,B01
202100031115,1,7,,0,2,3,17,A01
202100031116,2,1,,0,1,1,1,A01
202100031117,1,7,,2,0,1,1,A01
202100031118,1,1,,0,2,3,1,B01
202100031118,2,7,,0,2,2,19,A01
202100031119,3,10,,0,1,5,4,A01
202100031120,1,14,,0,2,7,1,A01
202100031120,1,80,,0,2,8,13,B01
202100031121,1,10,,0,2,3,15,B01
202100031121,1,30,,0,2,1,1,A01
202100031122,0,7,,0,2,2,1,B01
202100031122,0,7,,0,2,3,10,A01
202100031123,1,33,,0,2,1,1,B01
202100031123,2,7,,0,2,5,15,A01
202100031124,2,7,,0,2,3,9,A01
202100031124,1,1,,0,2,2,1,B01
202100031125,1,7,,0,2,4,1,B01
202100031125,1,7,,0,2,1,1,A01
202100031126,2,7,,0,1,1,1,Z01
202100031127,2,7,,0,2,8,1,B01
202100031127,2,7,,9,2,7,17,A01
202100031128,2,7,,0,2,1,19,A01
202100031128,1,7,,0,2,2,1,B01
202100031129,1,7,,6,2,3,21,A01
202100031129,1,7,,0,2,1,19,B01
202100031130,1,7,,0,2,3,15,A01
202100031130,1,33,,0,2,1,1,B01
202100031131,2,7,,0,2,2,1,A01
202100031131,1,7,,0,2,8,1,B01
202100031132,3,7,,0,1,2,1,A01
202100031133,3,50,,0,9,7,19,B01
202100031133,2,7,,0,2,2,1,A01
202100031134,1,7,,0,2,0,0,B01
202100031134,1,7,,0,2,0,0,C01
202100031134,1,7,,0,2,0,0,D01
202100031134,1,7,,0,2,0,0,A01
202100031135,2,7,,0,1,2,26,A01
202100031136,1,7,,0,2,1,1,A01
202100031136,1,7,,0,2,4,1,B01
202100031136,1,7,,0,2,4,1,C01
202100031137,1,7,,1,0,2,14,A01
202100031138,1,80,,0,2,7,1,B01
202100031138,1,7,,0,2,3,1,A01
202100031139,0,7,,0,2,3,1,B01
202100031139,0,7,,0,2,3,13,A01
202100031140,2,7,,0,0,1,1,B01
202100031140,1,7,,0,0,0,1,A01
202100031141,1,7,,0,2,1,1,A01
202100031141,1,50,,0,2,1,19,B01
202100031142,0,37,1.0,0,2,1,19,A01
202100031142,0,10,,0,2,6,19,B01
202100031143,2,7,,0,2,8,19,A01
202100031143,2,1,,0,2,0,0,B01
202100031144,2,7,,0,2,3,1,B01
202100031144,2,7,,0,2,2,11,A01
202100031145,2,7,,0,2,1,2,B01
202100031145,2,7,,0,2,4,2,A01
202100031146,1,2,,0,2,1,1,B01
202100031146,1,7,,0,2,3,1,A01
202100031147,1,7,,0,2,1,1,A01
202100031147,2,7,,0,2,3,1,B01
202100031148,1,7,,0,1,2,25,A01
202100031149,2,2,,0,2,7,16,B01
202100031149,1,7,,0,2,3,9,A01
202100031150,1,2,,0,2,4,23,B01
202100031150,1,7,,0,0,1,1,C01
202100031150,1,10,,0,2,4,23,A01
202100031151,3,50,,0,2,1,2,B01
202100031151,0,10,,0,2,8,9,A01
202100031152,3,1,,0,2,4,9,B01
202100031152,3,7,,0,2,0,0,A01
202100031153,1,7,,0,2,2,2,A01
202100031153,1,7,,0,2,4,2,B01
202100031153,1,7,,0,2,4,2,C01
202100031154,3,7,,3,0,1,0,A01
202100031155,3,10,,0,2,3,15,A01
202100031155,3,7,,0,2,3,1,B01
202100031156,1,15,,0,2,2,2,B01
202100031156,1,7,,4,2,3,9,A01
202100031157,1,99,,0,0,1,26,A01
202100031157,1,7,,0,2,4,26,B01