Num_Acc,senc,catv,occutc,obs,obsm,choc,manv,num_veh
202100031158,1,7,,8,0,1,26,A01
202100031159,0,7,,0,1,0,0,Z01
202100031160,0,34,,8,0,1,1,A01
202100031161,1,7,,0,2,2,16,A01
202100031161,1,7,,0,2,3,1,B01
202100031162,2,31,,12,0,0,1,A01
202100031163,1,33,,0,2,8,3,B01
202100031163,1,7,,0,2,7,12,A01
202100031164,0,33,,0,2,6,1,A01
202100031164,0,32,,0,2,7,0,B01
202100031165,0,7,,0,2,1,19,A01
202100031165,0,7,,9,2,3,1,B01
202100031166,2,7,,0,2,2,15,A01
202100031166,1,32,,0,2,0,1,B01
202100031167,3,7,,0,2,3,1,B01
202100031167,3,30,,0,2,1,14,A01
202100031168,1,7,,0,2,7,20,A01
202100031168,1,7,,0,2,5,1,B01
202100031169,3,33,,0,2,2,11,B01
202100031169,3,7,,0,2,6,11,A01
202100031170,3,1,,0,2,4,9,B01
202100031170,2,7,,0,2,2,1,A01
202100031171,1,7,,6,0,3,21,B01
202100031171,2,7,,0,0,0,19,A01
202100031172,2,7,,0,2,1,19,A01
202100031172,2,7,,0,2,2,1,B01
202100031173,2,7,,0,2,4,0,B01
202100031173,2,7,,0,2,1,26,A01
202100031174,3,7,,0,2,1,19,A01
202100031174,3,7,,0,2,6,1,B01
202100031175,1,32,,8,0,1,18,A01
202100031176,1,30,,0,2,1,26,A01
202100031176,1,7,,0,2,8,15,B01
202100031177,2,7,,0,0,1,14,A01
202100031178,2,7,,0,2,8,11,A01
202100031178,2,33,,0,2,1,17,B01
202100031179,1,7,,0,1,1,1,A01
202100031180,2,7,,1,0,2,26,A01
202100031181,2,7,,0,1,1,16,A01
202100031182,1,2,,0,2,1,17,B01
202100031182,1,7,,0,2,3,15,A01
202100031183,1,7,,0,2,2,15,A01
202100031183,2,7,,0,2,1,1,B01
202100031184,1,7,,0,2,7,1,B01
202100031184,3,7,,0,2,1,9,A01
202100031185,3,7,,0,2,2,15,A01
202100031185,3,1,,0,2,3,9,B01
202100031186,2,2,,0,2,1,17,B01
202100031186,2,7,,0,2,3,15,A01
202100031187,0,3,,0,2,1,9,A01
202100031187,0,7,,8,2,3,1,B01
202100031188,1,10,,0,2,8,11,A01
202100031188,1,33,,0,2,8,1,B01
202100031189,2,33,,0,0,8,1,A01
202100031190,1,7,,0,2,8,13,A01
202100031190,1,33,,0,2,1,17,B01
202100031191,1,7,,0,1,0,1,A01
202100031192,2,1,,0,1,7,1,A01
202100031193,1,1,,1,0,0,21,A01
202100031194,1,50,,0,2,0,16,A01
202100031194,1,31,,0,2,0,1,Z01
202100031195,1,30,,0,2,8,13,A01
202100031195,1,7,,0,2,7,17,B01
202100031196,2,7,,0,2,1,2,A01
202100031196,2,32,,0,2,4,23,B01
202100031197,2,7,,0,1,5,4,A01
202100031198,2,7,,0,2,1,1,A01
202100031198,2,1,,0,2,1,9,B01
202100031199,3,30,,14,0,0,21,A01
202100031200,2,50,,0,1,1,1,A01
202100031201,2,7,,0,1,0,1,Z01
202100031202,2,7,,0,2,1,15,B01
202100031202,1,2,,0,2,1,3,A01
202100031203,1,32,,0,2,0,17,A01
202100031203,2,14,,0,2,7,12,B01
202100031204,2,7,,0,2,6,15,A01
202100031204,2,33,,0,2,2,17,B01
202100031205,3,37,2.0,0,2,1,1,B01
202100031205,3,7,,0,2,6,10,A01
202100031206,1,7,,0,2,1,2,A01
202100031206,1,7,,0,2,6,10,B01
202100031207,1,7,,0,2,1,23,A01
202100031207,2,43,,14,0,1,1,B01
202100031208,1,7,,-1,0,8,1,A01
202100031209,3,7,,0,2,8,1,B01
202100031209,3,7,,0,2,3,15,A01
202100031210,0,32,,0,2,2,26,B01
202100031210,0,7,,0,2,3,26,A01
202100031211,2,2,,0,2,1,2,B01
202100031211,2,7,,0,2,4,2,A01
202100031212,1,7,,8,0,1,2,A01
202100031213,3,7,,0,1,3,26,A01
202100031214,2,1,,0,2,3,0,B01
202100031214,2,7,,0,2,3,23,A01
202100031215,3,7,,1,1,2,0,A01
202100031216,3,50,,0,2,1,5,B01
202100031216,3,7,,0,2,1,9,A01
202100031217,1,33,,0,2,1,26,A01
202100031217,1,34,,0,2,1,0,B01
202100031218,0,33,,0,0,0,0,A01
202100031219,1,32,,0,2,6,1,B01
202100031219,2,10,,0,2,3,15,A01
202100031220,1,7,,1,0,2,14,A01
202100031221,1,10,,0,2,2,12,A01
202100031221,1,32,,0,2,3,1,B01
202100031222,2,31,,0,0,5,15,A01
202100031222,2,33,,0,2,1,2,B01
202100031223,1,33,,0,0,2,1,A01
202100031224,1,7,,0,2,1,1,B01
202100031224,2,7,,0,2,1,13,A01
202100031225,0,7,,0,0,0,26,A01
202100031226,2,7,,0,0,1,1,B01
202100031226,2,7,,0,2,1,13,A01
202100031227,2,7,,0,2,7,17,B01
202100031227,2,33,,0,2,8,17,A01
202100031228,2,7,,0,2,1,17,A01
202100031228,1,33,,0,2,1,1,B01
202100031229,1,7,,6,0,1,1,A01
202100031230,0,33,,0,0,7,1,A01
202100031231,0,7,,0,2,7,12,A01
202100031231,3,33,,0,2,3,1,B01
202100031232,2,7,,0,2,2,1,A01
202100031232,1,7,,0,2,2,13,B01
202100031233,2,7,,8,0,1,1,A01
202100031234,1,33,,13,0,1,1,A01
202100031235,0,3,,15,0,1,0,A01
202100031236,1,7,,0,2,7,13,A01
202100031236,2,7,,0,2,1,1,B01
202100031237,1,7,,0,1,3,1,A01
202100031238,2,7,,0,2,2,1,C01
202100031238,1,7,,0,2,1,19,A01
202100031238,2,7,,0,2,1,1,B01
202100031239,2,7,,2,0,8,1,A01
202100031240,2,7,,3,9,1,26,A01
202100031240,1,1,,0,2,1,1,B01
202100031241,2,7,,0,2,3,11,A01
202100031241,1,7,,0,2,3,1,B01
202100031242,3,2,,0,0,7,1,A01
202100031243,2,30,,1,0,0,1,A01
202100031244,2,33,,0,2,1,17,A01
202100031244,1,7,,0,2,1,1,B01
202100031245,1,33,,7,0,1,1,A01
202100031246,0,33,,6,0,7,1,A01
202100031247,1,7,,0,2,2,15,A01
202100031247,1,2,,0,2,8,16,B01
202100031248,2,7,,0,2,4,15,B01
202100031248,2,31,,0,2,1,2,A01
202100031249,1,33,,13,0,0,14,A01
202100031250,1,33,,0,0,0,1,A01
202100031251,2,7,,0,2,3,17,A01
202100031251,1,33,,0,2,2,1,B01
202100031252,1,2,,0,0,8,9,A01
202100031253,2,33,,15,0,1,1,A01
202100031254,2,1,,0,2,4,0,A01
202100031254,1,7,,0,2,2,2,B01
202100031255,2,7,,0,2,1,2,A01
202100031255,1,10,,0,2,1,13,B01
202100031256,2,7,,0,2,2,2,A01
202100031256,2,17,,0,0,6,2,B01
202100031257,2,7,,3,2,3,2,A01
202100031257,2,7,,0,2,4,1,B01
202100031257,1,7,,16,2,2,1,C01
202100031258,2,7,,0,2,1,1,A01
202100031258,1,10,,0,2,1,5,B01
202100031259,1,17,,0,2,4,2,B01
202100031259,1,7,,0,2,1,1,A01
202100031260,2,7,,17,0,1,1,A01
202100031261,1,3,,0,2,1,1,A01
202100031261,2,7,,0,2,1,1,B01
202100031262,3,10,,0,0,6,2,A01
202100031262,3,2,,0,2,1,26,B01
202100031263,1,7,,0,2,1,1,B01
202100031263,1,7,,0,2,3,1,A01
202100031264,2,7,,0,2,6,15,C01
202100031264,1,7,,0,2,3,16,A01
202100031264,1,7,,0,2,1,1,B01
202100031265,2,7,,0,2,1,1,C01
202100031265,2,7,,0,2,1,1,B01
202100031265,1,7,,0,2,1,13,A01
202100031266,1,33,,0,2,8,1,A01
202100031266,2,7,,0,2,8,1,B01
202100031267,1,7,,0,1,3,19,A01
202100031268,2,7,,0,2,1,1,B01
202100031268,1,7,,0,2,1,1,A01
202100031269,1,7,,0,2,3,10,A01
202100031269,2,32,,0,2,1,1,B01
202100031270,2,7,,0,2,2,19,A01
202100031270,2,33,,0,2,1,1,B01
202100031271,3,7,,13,0,8,1,A01
202100031272,3,1,,0,0,9,1,A01
202100031273,1,7,,0,2,7,13,A01
202100031273,2,7,,0,2,1,1,B01
202100031274,0,7,,0,2,5,15,A01
202100031274,3,33,,0,2,1,1,B01
202100031275,2,2,,0,2,1,1,B01
202100031275,2,2,,0,0,4,15,A01
202100031276,2,2,,0,6,0,0,A01
202100031277,2,7,,0,1,3,1,A01
202100031278,3,33,,0,0,8,26,A01
202100031278,3,1,,0,0,1,0,B01
202100031279,1,7,,13,0,0,2,A01
202100031280,1,7,,4,0,8,21,A01
202100031280,1,7,,0,0,4,2,B01
202100031280,1,7,,0,0,1,2,C01
202100031281,2,10,,0,2,1,2,A01
202100031281,2,7,,0,2,4,2,B01
202100031281,2,7,,0,2,4,2,C01
202100031281,2,7,,0,2,4,2,D01
202100031282,1,7,,0,2,1,2,A01
202100031282,1,7,,0,2,4,2,B01
202100031282,1,7,,0,2,4,2,C01
202100031282,1,7,,0,2,4,2,D01
202100031283,2,32,,0,2,2,3,A01
202100031283,2,7,,0,2,6,11,B01
202100031284,2,7,,0,2,1,17,A01
202100031284,2,7,,0,2,4,2,B01
202100031285,2,32,,0,2,2,2,A01
202100031285,2,7,,0,2,3,2,B01
202100031286,2,7,,3,0,1,1,A01
202100031287,2,31,,0,0,9,1,A01
202100031288,1,7,,0,2,4,2,B01
202100031288,1,33,,0,2,1,1,A01
202100031289,2,7,,0,2,7,2,B01
202100031289,2,7,,0,2,6,2,C01
202100031289,2,33,,0,2,8,3,A01
202100031290,1,7,,0,2,2,14,B01
202100031290,1,32,,0,2,1,18,A01
202100031291,1,32,,0,2,4,2,A01
202100031291,1,32,,0,2,1,2,Z01
202100031292,1,1,,0,2,7,1,A01
202100031292,2,1,,0,2,1,16,B01
202100031293,2,50,,0,2,1,1,B01
202100031293,2,7,,0,2,3,15,A01
202100031294,1,7,,0,1,1,1,A01
202100031295,1,7,,0,1,1,1,A01
202100031296,3,30,,0,2,1,1,B01
202100031296,3,10,,0,2,7,1,A01
202100031297,3,50,,14,0,0,1,A01
202100031298,1,43,,0,2,5,17,A01
202100031298,1,14,,0,2,3,1,B01
202100031299,2,1,,0,2,1,1,B01
202100031299,2,7,,0,2,3,15,A01
202100031300,1,34,,14,0,1,14,A01
202100031301,2,30,,8,0,1,16,A01
202100031302,1,30,,0,2,0,14,Z01
202100031302,1,32,,0,2,8,1,A01
202100031303,1,1,,0,1,1,1,A01
202100031304,1,7,,0,2,1,16,B01
202100031304,1,43,,0,2,1,1,A01
202100031305,2,7,,0,2,1,2,A01
202100031305,2,32,,0,2,4,23,B01
202100031306,1,7,,0,2,1,16,A01
202100031306,1,50,,0,2,7,19,B01
202100031307,2,1,,0,2,2,13,A01
202100031307,1,50,,0,2,3,1,B01
202100031308,2,32,,0,2,2,1,B01
202100031308,2,7,,0,2,3,15,A01
202100031309,1,7,,0,2,5,26,B01
202100031309,1,7,,0,2,1,0,A01
202100031310,2,10,,0,2,1,1,A01
202100031310,2,7,,0,2,7,15,B01
202100031311,2,33,,0,2,1,18,A01
202100031311,2,7,,0,2,2,16,B01
202100031312,1,31,,0,2,1,2,B01
202100031312,1,7,,0,2,3,10,A01
202100031313,3,7,,0,2,3,1,B01
202100031313,3,7,,0,2,2,1,A01
202100031314,1,30,,0,1,1,2,A01
202100031315,1,7,,0,2,6,9,A01
202100031315,2,7,,0,2,7,1,C01
202100031315,2,43,,0,2,1,1,B01
202100031316,2,7,,0,2,1,26,A01
202100031316,2,13,,0,2,0,0,B01
202100031317,1,7,,0,2,1,10,Z01
202100031317,1,43,,3,2,3,1,B01
202100031318,2,7,,0,1,1,17,A01
202100031319,3,30,,0,1,3,26,A01
202100031320,3,33,,0,2,1,25,A01
202100031321,3,30,,0,2,8,11,B01
202100031321,3,37,3.0,0,2,2,1,A01
202100031322,2,10,,3,0,1,1,A01
202100031323,1,33,,0,2,1,16,A01
202100031323,1,10,,0,2,5,15,B01
202100031324,0,2,,0,2,1,9,A01
202100031324,3,7,,0,2,3,1,B01
202100031325,1,33,,0,2,4,23,A01
202100031325,1,7,,0,2,1,1,B01
202100031326,2,7,,0,2,8,11,A01
202100031326,2,33,,0,2,7,2,B01
202100031327,3,10,,0,1,3,15,A01
202100031328,1,2,,0,2,4,1,B01
202100031328,1,7,,0,2,1,2,A01
202100031329,2,30,,0,2,2,3,B01
202100031329,2,7,,0,2,6,1,A01
202100031330,2,15,,0,2,2,12,A01
202100031330,2,1,,0,2,1,1,B01
202100031331,3,37,1.0,0,2,6,23,B01
202100031331,3,33,,1,1,3,17,A01
202100031332,2,30,,0,2,8,1,A01
202100031332,2,32,,0,2,7,16,B01
202100031333,2,10,,0,2,3,22,A01
202100031333,2,1,,1,0,2,1,B01
202100031334,1,31,,0,0,8,21,A01
202100031335,1,31,,0,2,8,1,B01
202100031335,1,7,,0,2,0,15,A01
202100031336,1,7,,13,0,0,1,A01
202100031337,2,7,,0,2,3,13,A01
202100031337,1,7,,0,2,3,1,B01
202100031338,1,7,,0,2,2,15,B01
202100031338,1,33,,0,2,1,1,A01
202100031339,1,7,,8,0,7,0,A01
202100031340,1,33,,0,0,8,15,A01
202100031341,2,7,,4,0,0,17,A01
202100031342,1,7,,0,2,2,13,A01
202100031342,2,10,,0,2,1,1,B01
202100031343,2,15,,0,2,1,1,A01
202100031343,2,17,,3,0,3,0,C01
202100031344,3,2,,0,2,1,13,A01
202100031344,0,7,,0,2,3,1,B01
202100031345,1,10,,2,0,1,13,A01
202100031346,1,7,,13,0,3,13,A01
202100031347,1,7,,0,2,1,1,A01
202100031347,1,7,,0,2,4,23,B01
202100031347,2,7,,0,2,3,1,C01
202100031348,1,33,,15,0,1,1,A01
202100031349,1,7,,0,0,6,2,B01
202100031349,1,33,,0,2,1,2,A01
202100031350,1,7,,0,2,1,17,B01
202100031350,2,33,,0,2,1,1,A01
202100031351,3,7,,8,0,3,13,A01
202100031352,1,7,,0,2,1,1,B01
202100031352,2,7,,0,2,7,13,A01
202100031353,3,7,,0,2,1,0,B01
202100031353,3,7,,0,2,6,0,G01
202100031353,3,33,,0,2,1,17,A01
202100031354,1,7,,15,0,1,13,A01
202100031355,3,1,,0,0,0,1,A01
202100031356,1,7,,13,0,1,16,A01
202100031357,3,1,,0,0,0,0,A01
202100031358,2,7,,0,2,8,1,B01
202100031358,2,10,,0,2,3,16,A01
202100031359,2,7,,2,0,2,1,A01
202100031360,2,7,,0,2,2,17,A01
202100031360,2,21,,0,2,3,15,B01
202100031361,2,7,,13,0,1,1,A01
202100031362,0,2,,0,0,0,1,A01
202100031363,1,7,,15,0,8,1,A01
202100031364,1,7,,0,2,1,15,A01
202100031364,2,7,,0,2,1,1,B01
202100031365,2,7,,13,0,9,13,A01
202100031366,1,7,,0,2,3,10,A01
202100031366,1,33,,0,2,1,1,B01
202100031367,1,1,,0,2,3,2,B01
202100031367,1,7,,0,2,2,2,A01
202100031368,2,7,,0,2,3,1,B01
202100031368,1,7,,0,2,3,13,A01
202100031369,1,7,,0,1,7,1,A01
202100031370,2,17,,0,2,6,1,B01
202100031370,2,33,,0,2,2,17,A01
202100031371,1,33,,0,1,2,21,A01
202100031372,1,7,,0,2,7,19,A01
202100031372,1,21,,0,2,2,1,B01
202100031373,2,7,,0,2,1,0,B01
202100031373,2,2,,0,0,4,1,A01
202100031374,2,7,,0,2,6,1,B01
202100031374,2,7,,0,2,2,17,A01
202100031375,0,7,,8,0,7,1,A01
202100031376,2,33,,0,0,0,1,A01
202100031377,2,10,,0,0,9,13,A01
202100031378,2,7,,0,2,2,17,A01
202100031378,2,2,,0,2,3,15,B01
202100031379,1,2,,0,2,5,15,A01
202100031379,2,7,,0,2,2,1,B01
202100031380,2,7,,13,0,0,1,A01
202100031381,2,7,,0,2,5,17,A01
202100031381,2,33,,13,2,8,17,B01
202100031382,3,7,,2,0,1,1,A01
202100031383,1,7,,0,1,5,19,A01
202100031384,2,7,,0,1,2,1,A01
202100031385,0,7,,0,0,2,20,B01
202100031385,0,30,,0,2,1,18,A01
202100031386,1,7,,0,2,1,19,A01
202100031386,2,7,,0,0,7,1,B01
202100031387,1,33,,0,0,1,1,A01
202100031388,1,1,,0,2,4,2,B01
202100031388,1,7,,0,9,1,2,A01
202100031389,1,33,,0,2,2,1,B01
202100031389,3,7,,0,2,3,9,A01
202100031390,1,7,,17,0,1,1,A01
202100031391,3,7,,0,9,5,1,A01
202100031391,3,1,,0,2,1,1,B01
202100031392,2,7,,2,0,0,2,A01
202100031393,1,2,,0,2,1,3,A01
202100031393,1,7,,0,2,3,15,B01
202100031394,1,2,,12,0,1,16,A01
202100031395,2,2,,1,0,1,2,A01
202100031396,0,7,,0,2,3,19,B01
202100031396,0,30,,0,2,3,19,A01
202100031397,1,7,,0,0,8,1,A01
202100031398,2,7,,0,2,2,1,B01
202100031398,1,33,,0,2,4,5,A01
202100031399,1,43,,3,0,7,14,A01
202100031400,2,7,,3,0,1,14,A01
202100031401,2,7,,0,2,1,13,A01
202100031401,2,7,,0,2,4,2,B01
202100031402,1,7,,0,2,8,11,A01
202100031402,1,7,,0,2,6,1,B01
202100031402,1,34,,0,2,1,1,C01
202100031403,1,7,,0,2,4,11,B01
202100031403,1,33,,0,2,1,3,A01
202100031404,1,7,,0,2,4,2,D01
202100031404,1,7,,4,2,4,2,C01
202100031404,1,7,,0,2,1,2,B01
202100031404,1,7,,0,2,1,2,A01
202100031405,2,32,,0,2,6,3,A01
202100031405,2,7,,0,2,6,11,B01
202100031406,1,7,,0,2,1,1,A01
202100031406,1,7,,0,2,4,1,B01
202100031406,1,7,,0,2,3,9,C01
202100031407,2,7,,4,2,9,0,A01
202100031407,2,17,,0,2,3,0,B01
202100031408,1,33,,0,2,3,9,A01
202100031408,1,7,,0,2,2,1,B01
202100031409,2,33,,0,2,1,3,A01
202100031409,2,7,,0,2,4,11,B01
202100031410,2,7,,0,2,3,2,C01
202100031410,2,7,,0,2,3,0,B01
202100031410,2,15,,0,2,1,2,A01
202100031411,1,7,,0,2,4,1,A01
202100031411,1,7,,0,2,1,1,B01
202100031412,1,7,,0,2,1,1,B01
202100031412,1,2,,0,2,1,5,A01
202100031413,1,7,,0,2,1,2,A01
202100031413,1,7,,0,2,5,15,B01
202100031414,1,7,,0,2,8,1,A01
202100031414,1,17,,0,2,7,12,Z01
202100031415,2,10,,0,2,5,2,C01
202100031415,2,32,,0,2,7,1,B01
202100031415,1,7,,0,2,8,9,A01
202100031416,2,31,,0,2,2,3,A01
202100031416,2,7,,0,2,8,11,B01
202100031417,3,43,,0,2,2,18,A01
202100031417,3,10,,0,2,6,1,B01
202100031417,3,7,,0,2,2,1,C01
202100031418,3,7,,0,2,1,1,C01
202100031418,3,7,,0,2,1,17,A01
202100031418,3,10,,0,2,8,1,B01
202100031419,2,31,,0,2,4,1,B01
202100031419,2,7,,0,2,1,12,A01
202100031420,2,37,1.0,0,2,7,17,A01
202100031420,2,1,,0,2,8,13,B01
202100031421,1,7,,0,2,4,13,A01
202100031421,1,1,,0,2,1,7,B01
202100031422,2,7,,0,2,1,1,B01
202100031422,2,1,,0,2,0,19,A01
202100031423,2,7,,0,2,1,1,Z01
202100031423,2,1,,0,2,8,1,A01
202100031424,1,32,,0,2,4,15,B01
202100031424,1,7,,0,2,1,15,A01
202100031425,3,1,,0,2,1,1,A01
202100031425,3,1,,0,2,8,1,B01
202100031426,2,30,,0,2,1,17,B01
202100031426,2,7,,0,2,3,10,A01
202100031427,3,7,,0,2,8,1,C01
202100031427,3,7,,0,2,6,2,B01
202100031427,3,7,,0,2,1,2,A01
202100031428,2,60,,0,2,8,19,B01
202100031428,1,10,,0,2,1,15,A01
202100031429,2,30,,0,2,3,2,A01
202100031429,2,7,,0,2,2,19,Z01
202100031430,2,32,,1,0,1,2,A01
202100031431,1,34,,0,2,3,2,A01
202100031432,2,7,,1,0,6,24,B01
202100031432,2,7,,14,2,1,2,A01
202100031433,1,33,,0,2,7,21,A01
202100031433,1,1,,0,2,4,13,B01
202100031434,3,7,,0,1,2,26,Z01
202100031435,3,33,,0,9,7,26,A01
202100031436,2,7,,0,1,3,16,A01
202100031437,1,34,,0,2,8,1,B01
202100031437,1,43,,0,2,1,1,A01
202100031438,2,7,,0,2,3,1,B01
202100031438,3,7,,0,2,3,9,A01
202100031439,1,1,,1,0,0,0,B01
202100031439,1,7,,0,0,0,24,A01
202100031440,0,7,,0,1,3,26,A01
202100031441,2,50,,0,0,0,1,A01
202100031442,1,32,,0,0,0,1,A01
202100031443,2,7,,0,2,2,16,A01
202100031443,2,1,,0,2,8,11,B01
202100031444,2,1,,0,2,2,1,A01
202100031444,1,7,,0,2,1,15,B01
202100031445,1,1,,0,2,1,1,B01
202100031445,2,21,,0,2,3,15,A01
202100031446,1,33,,0,2,1,1,B01
202100031446,1,7,,0,2,3,19,A01
202100031447,1,21,,0,2,3,1,B01
202100031447,2,7,,0,2,1,13,A01
202100031448,1,7,,6,0,1,1,A01
202100031449,2,33,,0,2,7,17,B01
202100031449,2,7,,0,2,8,15,A01
202100031450,2,1,,0,0,9,1,A01
202100031450,1,10,,0,2,8,1,B01
202100031451,2,7,,4,0,1,1,A01
202100031452,2,2,,0,2,1,5,A01
202100031452,1,1,,0,2,1,1,B01
202100031453,0,2,,0,0,0,0,A01
202100031454,2,7,,0,2,3,13,A01
202100031454,1,7,,0,2,3,1,B01
202100031455,2,33,,0,2,1,1,B01
202100031455,3,7,,0,2,8,15,A01
202100031456,2,7,,0,2,1,1,A01
202100031456,2,7,,0,2,1,1,B01
202100031457,2,7,,0,2,3,9,A01
202100031457,2,7,,0,2,7,14,B01
202100031458,1,7,,0,9,2,1,A01
202100031458,3,1,,0,2,1,9,B01
202100031459,2,2,,0,2,1,19,B01
202100031459,3,7,,0,2,5,19,A01
202100031460,1,31,,0,0,7,1,A01
202100031461,1,14,,0,0,7,1,A01
202100031462,1,33,,2,0,1,13,A01
202100031463,1,31,,0,1,0,0,A01
202100031464,2,1,,0,2,8,1,A01
202100031464,2,7,,0,2,2,1,B01
202100031465,1,1,,0,2,1,1,B01
202100031465,2,7,,0,2,3,15,A01
202100031466,2,1,,0,0,0,1,A01
202100031467,2,1,,0,2,1,1,B01
202100031467,1,7,,0,2,2,15,A01
202100031468,3,10,,0,1,2,0,A01
202100031469,2,33,,13,0,0,17,A01
202100031469,2,21,,0,0,0,15,B01
202100031470,3,31,,0,2,1,1,A01
202100031470,3,7,,0,2,3,1,B01
202100031471,2,1,,0,2,1,25,B01
202100031471,1,37,1.0,0,2,5,1,A01
202100031472,3,33,,3,0,5,1,A01
202100031473,3,7,,0,1,1,1,A01
202100031474,2,7,,0,2,2,1,B01
202100031474,1,1,,0,2,1,5,A01
202100031475,0,7,,0,1,2,20,A01
202100031476,1,2,,0,0,1,1,A01
202100031477,1,15,,2,0,8,1,A01
202100031478,2,7,,0,2,1,0,A01
202100031478,1,7,,0,2,1,0,B01
202100031479,2,7,,0,0,1,1,B01
202100031479,1,7,,0,0,1,0,A01
202100031480,1,7,,0,1,7,1,A01
202100031481,0,7,,0,0,1,0,A01
202100031482,0,2,,0,2,1,1,B01
202100031482,0,7,,0,2,6,15,A01
202100031483,0,33,,0,2,1,1,B01
202100031483,0,7,,0,2,3,15,A01
202100031484,1,21,,0,2,3,15,A01
202100031484,2,1,,5,2,1,1,B01
202100031485,2,7,,0,9,7,2,A01
202100031485,2,1,,0,2,8,2,B01
202100031486,1,14,,0,2,3,13,A01
202100031486,2,17,,0,2,3,0,B01
202100031487,2,33,,8,0,1,1,A01
202100031488,1,14,,0,9,3,1,A01
202100031489,1,2,,8,0,2,1,A01
202100031490,1,10,,0,1,3,1,A01
202100031491,0,2,,0,2,0,1,B01
202100031491,1,2,,0,2,2,1,A01
202100031492,2,7,,6,0,9,0,A01
202100031493,2,7,,0,2,3,17,A01
202100031493,2,10,,0,2,6,17,B01
202100031494,2,7,,0,2,8,23,B01
202100031494,2,7,,4,2,9,17,A01
202100031495,2,7,,15,2,3,1,B01
202100031495,1,7,,0,2,3,13,A01
202100031496,1,33,,15,0,1,17,A01
202100031496,1,7,,0,0,6,15,B01
202100031497,1,2,,0,0,8,1,A01
202100031498,3,1,,0,2,7,1,B01
202100031498,1,7,,0,2,1,9,A01
202100031499,2,15,,0,2,5,2,A01
202100031499,2,3,,0,2,3,2,B01
202100031500,1,7,,0,0,3,15,A01
202100031501,2,31,,12,0,1,0,A01
202100031502,1,7,,0,2,7,15,A01
202100031502,2,33,,0,2,1,1,B01
202100031503,2,7,,6,0,2,14,A01
202100031504,0,33,,14,0,9,1,A01
202100031505,2,7,,0,2,4,1,A01
202100031505,2,7,,0,2,1,2,B01
202100031506,2,15,,0,2,3,1,B01
202100031506,1,7,,0,2,3,17,A01
202100031507,2,33,,2,2,3,5,A01
202100031507,1,7,,0,2,3,1,B01
202100031508,2,10,,0,0,1,1,B01
202100031508,1,33,,0,2,1,13,A01
202100031509,2,33,,8,0,1,1,A01
202100031510,1,10,,0,1,2,1,A01
202100031511,1,7,,15,2,1,0,A01
202100031511,2,7,,0,2,1,9,B01
202100031512,2,1,,0,2,8,19,A01
202100031512,2,7,,0,2,2,16,B01
202100031513,2,7,,13,0,1,15,A01
202100031514,1,7,,3,2,1,26,A01
202100031514,2,10,,0,2,2,21,B01
202100031515,3,33,,6,0,1,1,A01
202100031516,1,2,,0,2,7,15,A01
202100031516,2,7,,0,2,2,1,B01
202100031517,0,7,,2,1,0,1,A01
202100031518,2,7,,-1,0,8,1,A01
202100031519,2,7,,0,2,1,11,A01
202100031519,1,7,,0,2,1,1,B01
202100031520,3,7,,0,1,3,1,A01
202100031521,1,7,,6,0,2,2,A01
202100031522,1,1,,0,2,1,1,C01
202100031522,1,1,,0,2,1,1,B01
202100031522,2,7,,0,9,2,15,A01
202100031523,1,7,,0,2,1,21,A01
202100031523,2,1,,0,2,1,13,B01
202100031524,1,7,,1,0,1,0,A01
202100031525,0,30,,0,0,0,2,A01
202100031526,2,34,,0,2,1,1,A01
202100031526,2,33,,0,2,3,13,B01
202100031527,1,33,,0,0,1,21,A01
202100031528,2,7,,0,2,4,12,Z01
202100031528,2,33,,0,2,1,26,A01
202100031529,2,7,,0,2,4,2,A01
202100031529,2,7,,0,2,1,2,B01
202100031530,1,7,,0,2,4,2,A01
202100031530,1,7,,0,2,1,2,B01
202100031531,2,7,,0,2,4,2,A01
202100031531,2,7,,0,2,1,2,B01
202100031532,2,17,,0,2,1,1,A01
202100031532,2,7,,0,2,8,9,B01
202100031533,1,7,,0,2,4,1,A01
202100031533,1,7,,0,2,1,1,B01
202100031534,1,7,,4,0,0,26,A01
202100031534,1,7,,0,2,0,0,B01
202100031534,1,7,,0,2,0,0,C01
202100031534,1,7,,0,2,0,0,D01
202100031535,1,7,,0,2,4,23,B01
202100031535,1,7,,0,2,1,1,A01
202100031536,2,33,,0,2,2,1,B01
202100031536,2,7,,0,2,8,11,A01
202100031537,2,15,,0,2,4,23,D01
202100031537,2,10,,0,2,4,23,C01
202100031537,2,15,,0,2,4,23,B01
202100031537,2,13,,0,2,1,1,A01
202100031538,1,13,,0,2,0,0,B01
202100031538,1,7,,1,0,2,14,A01
202100031539,1,17,,0,2,3,12,A01
202100031539,2,7,,0,2,1,2,B01
202100031540,2,33,,0,2,8,3,B01
202100031540,2,7,,0,2,7,12,A01
202100031541,1,7,,0,2,8,11,B01
202100031541,1,33,,0,2,7,1,A01
202100031542,1,10,,0,2,1,1,A01
202100031542,2,7,,0,2,4,2,B01
202100031543,1,7,,0,0,0,21,A01
202100031544,2,43,,0,2,1,18,A01
202100031544,2,7,,0,2,8,11,B01
202100031545,2,7,,0,0,5,1,B01
202100031545,2,7,,0,2,3,1,A01