Num_Acc,senc,catv,occutc,obs,obsm,choc,manv,num_veh
202100031546,1,7,,4,0,2,14,A01
202100031547,2,34,,4,0,2,14,A01
202100031548,1,7,,0,0,0,1,A01
202100031549,1,7,,0,2,1,2,A01
202100031549,2,7,,4,2,4,2,B01
202100031550,2,7,,4,0,1,14,A01
202100031551,1,10,,0,2,1,1,A01
202100031551,1,7,,5,2,4,23,B01
202100031552,1,7,,4,0,1,1,A01
202100031553,1,7,,0,2,8,13,A01
202100031553,1,15,,0,2,3,1,C01
202100031553,1,10,,0,2,7,0,B01
202100031554,2,7,,0,2,6,1,B01
202100031554,2,7,,0,2,2,26,A01
202100031555,1,31,,0,2,9,3,A01
202100031555,1,7,,0,0,2,1,B01
202100031556,1,33,,0,2,1,3,A01
202100031556,1,10,,0,2,5,1,B01
202100031556,1,7,,0,2,6,1,C01
202100031557,2,10,,1,0,4,23,B01
202100031557,2,7,,0,2,4,1,C01
202100031557,2,10,,1,0,1,1,A01
202100031558,3,7,,0,9,1,1,A01
202100031558,3,1,,0,2,1,1,B01
202100031559,3,7,,1,1,1,1,A01
202100031559,3,7,,0,0,1,24,B01
202100031560,3,7,,12,2,2,1,B01
202100031560,3,1,,0,2,1,15,A01
202100031561,3,7,,0,2,2,15,B01
202100031561,3,7,,0,2,0,1,A01
202100031562,1,7,,0,2,2,1,B01
202100031562,1,7,,0,2,8,16,A01
202100031563,1,7,,0,1,3,1,A01
202100031564,1,33,,0,2,1,1,B01
202100031564,1,7,,0,2,7,15,A01
202100031565,1,7,,0,1,1,1,A01
202100031566,3,7,,0,2,4,1,B01
202100031566,3,7,,0,2,1,0,A01
202100031567,1,50,,0,2,8,15,B01
202100031567,1,7,,0,2,5,17,C01
202100031568,2,7,,0,2,5,26,A01
202100031568,2,31,,0,2,1,1,B01
202100031569,3,7,,0,2,1,2,A01
202100031569,3,7,,0,2,4,23,B01
202100031569,3,7,,0,2,4,23,C01
202100031570,3,7,,0,1,0,4,Z01
202100031571,1,10,,0,1,1,1,A01
202100031572,0,30,,0,1,1,1,A01
202100031572,0,37,1.0,0,1,3,1,B01
202100031573,1,7,,0,2,1,9,B01
202100031573,2,30,,0,2,0,1,A01
202100031574,1,7,,4,2,4,2,D01
202100031574,1,10,,0,2,4,2,C01
202100031574,1,7,,0,2,1,2,A01
202100031574,1,7,,0,2,0,23,B01
202100031575,1,7,,0,1,1,1,A01
202100031576,0,3,,9,0,1,1,A01
202100031577,2,7,,0,2,1,0,B01
202100031577,1,7,,0,2,7,15,A01
202100031578,1,1,,0,2,0,1,B01
202100031578,1,7,,0,2,1,9,A01
202100031579,2,7,,0,1,2,1,A01
202100031580,0,7,,0,2,1,1,B01
202100031580,0,30,,0,2,1,13,A01
202100031581,1,7,,0,2,1,0,B01
202100031581,1,7,,0,2,4,1,A01
202100031581,1,7,,0,2,1,1,C01
202100031582,1,7,,0,2,1,1,A01
202100031582,1,30,,0,2,7,15,B01
202100031583,2,7,,0,1,1,1,A01
202100031584,2,43,,0,2,1,1,B01
202100031584,1,7,,0,2,5,15,A01
202100031585,3,7,,0,1,2,26,A01
202100031586,1,7,,0,2,2,12,B01
202100031586,1,32,,0,2,3,3,A01
202100031587,1,32,,0,2,8,16,A01
202100031587,1,7,,0,2,7,23,C01
202100031587,1,7,,0,2,2,18,B01
202100031588,2,31,,0,1,6,1,A01
202100031589,2,7,,0,2,1,1,B01
202100031589,2,10,,0,2,5,9,A01
202100031590,2,43,,0,1,1,1,A01
202100031591,2,7,,0,2,5,16,B01
202100031591,2,32,,0,2,1,1,A01
202100031592,2,7,,0,2,7,1,A01
202100031592,2,7,,0,2,1,1,Z01
202100031593,2,30,,0,1,1,1,A01
202100031594,1,50,,0,2,2,17,A01
202100031594,1,7,,0,2,3,23,B01
202100031595,3,7,,1,0,1,13,A01
202100031596,3,31,,0,0,0,1,A01
202100031597,1,30,,0,2,4,23,B01
202100031597,1,7,,0,2,1,2,A01
202100031598,1,2,,0,1,1,1,Z01
202100031599,1,33,,0,1,2,5,A01
202100031600,0,7,,0,2,3,13,A01
202100031600,0,33,,0,2,2,1,B01
202100031601,0,10,,0,2,0,1,A01
202100031601,0,30,,0,2,8,1,B01
202100031602,1,7,,0,2,1,2,A01
202100031602,1,7,,0,2,4,23,B01
202100031603,1,7,,0,2,3,15,B01
202100031603,2,32,,0,2,2,3,A01
202100031604,2,7,,0,2,3,15,B01
202100031604,2,33,,0,2,2,17,A01
202100031605,1,7,,0,2,1,1,A01
202100031605,2,7,,0,2,8,15,B01
202100031606,2,7,,0,1,2,1,A01
202100031607,0,31,,0,0,0,0,A01
202100031608,1,37,1.0,0,2,6,1,B01
202100031608,1,7,,0,2,0,2,A01
202100031609,2,7,,0,2,1,2,A01
202100031609,2,2,,0,2,4,11,B01
202100031610,1,7,,0,2,8,11,Z01
202100031610,1,7,,0,2,2,1,A01
202100031611,1,32,,0,2,8,11,A01
202100031611,1,7,,0,2,2,1,B01
202100031612,3,99,,0,0,0,0,B01
202100031612,1,15,,0,2,6,13,A01
202100031612,3,10,,0,2,6,0,C01
202100031612,1,7,,0,2,7,15,D01
202100031613,1,7,,0,2,1,1,A01
202100031613,1,7,,0,2,4,1,B01
202100031613,1,7,,0,0,0,10,C01
202100031614,1,1,,0,2,1,2,B01
202100031614,1,7,,0,2,6,23,A01
202100031615,3,2,,0,2,8,1,B01
202100031615,3,7,,0,2,1,15,A01
202100031616,1,7,,4,0,9,14,A01
202100031617,2,32,,0,1,0,21,A01
202100031618,0,7,,0,1,7,1,A01
202100031619,2,7,,0,1,1,1,A01
202100031620,2,32,,0,2,1,2,A01
202100031620,2,7,,0,2,4,15,B01
202100031621,3,7,,0,1,1,1,A01
202100031622,1,2,,0,2,1,1,A01
202100031622,2,7,,0,2,3,1,B01
202100031623,1,50,,0,2,8,1,B01
202100031623,1,7,,0,2,1,9,A01
202100031624,3,30,,0,2,1,15,A01
202100031624,2,33,,0,2,8,1,B01
202100031625,1,7,,0,2,4,1,B01
202100031625,1,7,,0,2,1,2,A01
202100031626,2,30,,0,2,2,2,A01
202100031626,2,7,,0,2,3,15,B01
202100031627,2,7,,0,2,7,15,A01
202100031627,1,31,,0,2,1,1,B01
202100031628,2,7,,0,2,4,23,B01
202100031628,2,7,,8,2,1,2,A01
202100031629,2,33,,0,2,8,3,B01
202100031629,2,7,,0,2,2,12,A01
202100031630,3,7,,0,2,1,1,A01
202100031630,3,7,,0,2,7,1,B01
202100031631,0,7,,13,0,3,1,A01
202100031632,1,7,,6,0,2,1,A01
202100031633,1,3,,1,0,2,1,A01
202100031634,1,7,,0,2,2,1,B01
202100031634,1,7,,9,2,3,1,A01
202100031635,1,7,,0,2,1,13,A01
202100031635,2,13,,0,2,3,1,B01
202100031636,2,7,,0,2,3,26,A01
202100031636,2,7,,0,2,2,1,B01
202100031637,1,7,,0,2,1,1,B01
202100031637,2,7,,0,2,1,13,A01
202100031638,1,7,,0,9,2,13,A01
202100031638,1,1,,0,2,6,1,B01
202100031639,1,10,,0,2,2,1,B01
202100031639,1,1,,0,2,1,19,A01
202100031640,1,21,,0,0,8,15,B01
202100031640,1,31,,0,2,1,17,A01
202100031641,1,7,,3,0,1,1,A01
202100031642,2,7,,0,1,2,1,A01
202100031643,1,7,,0,2,1,1,A01
202100031643,1,1,,0,2,6,15,B01
202100031644,3,1,,0,2,1,1,B01
202100031644,3,7,,0,9,1,1,A01
202100031645,3,7,,13,0,3,13,A01
202100031646,2,21,,0,2,8,1,B01
202100031646,1,33,,0,2,8,1,A01
202100031647,1,21,,15,2,3,14,C01
202100031647,2,10,,0,2,1,1,B01
202100031647,1,15,,0,2,7,17,A01
202100031648,2,30,,0,2,8,15,A01
202100031648,2,7,,0,2,2,1,B01
202100031649,1,2,,13,0,9,16,A01
202100031650,1,7,,0,1,0,15,A01
202100031651,2,33,,0,0,0,15,A01
202100031652,1,7,,3,2,3,13,A01
202100031652,2,7,,3,2,3,1,B01
202100031653,2,7,,15,2,1,5,A01
202100031653,1,7,,0,2,1,1,B01
202100031654,2,7,,0,2,8,2,B01
202100031654,1,7,,0,2,8,5,A01
202100031655,1,7,,0,9,3,15,A01
202100031655,1,1,,0,2,1,17,B01
202100031656,1,17,,0,2,3,1,B01
202100031656,2,7,,0,2,1,11,A01
202100031657,2,10,,0,2,2,15,A01
202100031657,1,33,,0,2,3,1,B01
202100031658,1,33,,16,0,1,0,A01
202100031659,2,33,,12,0,0,1,A01
202100031660,2,7,,0,2,1,1,B01
202100031660,1,7,,0,2,1,13,A01
202100031661,1,7,,0,2,1,1,A01
202100031661,1,1,,0,2,7,19,B01
202100031662,1,15,,0,2,2,1,B01
202100031662,1,7,,0,0,8,9,A01
202100031663,0,7,,15,0,1,11,A01
202100031664,2,31,,0,2,1,1,A01
202100031664,2,7,,0,2,2,0,B01
202100031665,2,10,,0,2,8,1,B01
202100031665,2,1,,0,2,1,1,A01
202100031666,3,33,,0,0,8,1,A01
202100031667,3,7,,13,0,0,1,A01
202100031668,2,7,,0,2,1,1,A01
202100031668,1,7,,15,2,8,1,B01
202100031669,2,14,,0,2,3,15,A01
202100031669,1,33,,0,2,1,1,B01
202100031670,2,7,,0,0,2,1,A01
202100031671,2,7,,0,2,1,13,A01
202100031671,1,7,,0,2,1,1,B01
202100031672,1,7,,0,2,1,5,A01
202100031672,2,7,,0,2,1,1,B01
202100031673,1,7,,1,0,1,17,B01
202100031674,1,7,,13,0,1,14,A01
202100031675,3,7,,0,1,2,19,A01
202100031676,2,7,,0,2,1,1,A01
202100031676,1,2,,0,2,7,15,B01
202100031677,1,43,,11,9,8,6,A01
202100031678,1,7,,0,2,1,0,A01
202100031678,1,7,,0,2,1,0,B01
202100031679,2,2,,0,6,1,1,A01
202100031680,1,33,,0,1,1,26,A01
202100031681,1,33,,0,0,7,1,A01
202100031682,1,7,,0,2,3,15,A01
202100031682,1,31,,0,2,7,17,B01
202100031683,1,7,,3,2,1,0,B01
202100031683,2,7,,8,2,9,0,A01
202100031684,3,1,,0,2,1,19,B01
202100031684,1,7,,0,9,2,1,A01
202100031685,3,7,,0,0,9,16,A01
202100031686,2,32,,3,0,2,1,A01
202100031687,2,7,,0,2,1,26,C01
202100031687,2,2,,0,0,4,2,A01
202100031688,2,7,,0,2,3,11,A01
202100031688,2,33,,0,2,1,17,B01
202100031689,2,7,,0,2,1,15,C01
202100031689,1,2,,0,2,2,1,B01
202100031689,1,7,,0,2,3,9,A01
202100031690,2,7,,6,0,3,1,A01
202100031691,2,7,,0,0,2,26,A01
202100031692,0,7,,0,2,1,2,A01
202100031692,0,14,,0,0,6,2,B01
202100031693,2,7,,8,0,9,1,A01
202100031694,2,33,,6,2,1,17,B01
202100031694,1,10,,0,2,8,15,A01
202100031695,2,7,,0,2,7,2,A01
202100031695,2,7,,0,2,8,11,B01
202100031696,1,7,,0,1,1,2,A01
202100031697,2,7,,0,2,1,11,A01
202100031697,2,7,,0,2,4,2,B01
202100031697,2,7,,0,2,1,2,C01
202100031698,2,10,,0,2,2,12,A01
202100031698,2,7,,0,2,6,2,B01
202100031699,2,7,,3,0,0,9,A01
202100031700,2,7,,0,2,5,1,B01
202100031700,2,7,,4,2,7,26,Z01
202100031700,2,7,,4,2,6,1,A01
202100031701,1,1,,0,2,7,19,A01
202100031701,1,31,,0,9,1,1,B01
202100031702,3,7,,0,9,2,1,B01
202100031702,0,1,,0,2,1,19,A01
202100031703,2,7,,0,2,2,1,C01
202100031703,2,7,,3,2,4,0,B01
202100031703,2,14,,0,2,0,26,A01
202100031704,1,7,,0,2,1,2,A01
202100031704,1,7,,0,2,4,1,B01
202100031705,3,7,,8,0,1,2,A01
202100031706,3,7,,0,2,3,26,B01
202100031706,3,30,,0,2,3,9,A01
202100031707,3,7,,0,2,3,15,A01
202100031707,3,2,,0,2,1,17,B01
202100031708,2,10,,6,0,1,9,A01
202100031709,2,7,,0,2,0,26,A01
202100031709,2,2,,0,2,0,26,B01
202100031710,1,7,,0,2,1,1,A01
202100031710,1,7,,0,2,1,1,B01
202100031711,0,10,,0,2,2,1,A01
202100031711,0,7,,0,2,6,1,B01
202100031712,0,10,,0,2,4,4,A01
202100031712,0,32,,0,2,1,2,B01
202100031713,1,32,,0,1,3,9,A01
202100031714,2,7,,0,2,1,2,Z01
202100031714,2,7,,0,2,4,2,A01
202100031715,3,7,,0,1,1,15,A01
202100031716,2,7,,0,2,1,26,A01
202100031716,2,7,,0,2,4,0,B01
202100031717,2,30,,0,0,7,1,A01
202100031718,2,7,,0,1,2,1,A01
202100031719,3,7,,0,1,3,1,A01
202100031720,1,7,,0,2,3,1,A01
202100031720,2,37,1.0,0,2,3,0,B01
202100031721,1,33,,0,2,1,17,A01
202100031721,2,7,,0,2,5,15,B01
202100031722,0,7,,0,2,1,1,B01
202100031722,0,7,,0,2,1,19,A01
202100031723,1,7,,0,2,7,15,B01
202100031723,1,7,,0,2,2,1,A01
202100031724,3,7,,0,2,7,19,A01
202100031724,3,7,,14,2,1,0,B01
202100031725,1,34,,0,2,4,3,Z01
202100031725,1,34,,0,2,1,3,A01
202100031726,2,7,,0,1,1,1,A01
202100031727,2,33,,0,2,1,2,A01
202100031727,2,10,,0,2,5,23,B01
202100031728,1,32,,0,2,3,13,A01
202100031728,2,7,,0,2,3,1,B01
202100031729,1,33,,8,2,3,17,A01
202100031729,1,7,,0,2,3,15,B01
202100031730,1,10,,0,1,8,1,A01
202100031731,1,7,,0,2,4,2,D01
202100031731,1,7,,0,2,4,2,C01
202100031731,1,7,,0,2,4,2,B01
202100031731,1,10,,0,2,1,2,A01
202100031732,2,7,,0,2,2,1,A01
202100031732,1,43,,0,2,3,1,B01
202100031733,1,32,,0,2,1,17,A01
202100031733,1,1,,0,2,4,13,B01
202100031734,1,7,,0,2,5,22,A01
202100031734,1,1,,0,2,7,18,B01
202100031735,1,7,,0,2,3,2,A01
202100031735,1,32,,0,2,7,2,B01
202100031736,1,7,,0,2,0,17,Z01
202100031736,1,50,,0,2,8,1,A01
202100031737,2,1,,0,2,3,10,A01
202100031737,2,1,,0,2,1,17,B01
202100031738,1,7,,0,2,1,16,B01
202100031738,1,1,,0,2,7,19,A01
202100031739,0,30,,1,0,4,16,A01
202100031740,1,7,,0,2,1,2,Z01
202100031740,1,31,,0,2,4,23,A01
202100031741,2,1,,0,2,8,1,A01
202100031741,2,7,,0,2,5,14,Z01
202100031742,2,31,,0,1,1,3,A01
202100031743,1,7,,0,2,5,15,A01
202100031743,2,13,,0,2,1,1,B01
202100031744,1,7,,0,1,2,15,A01
202100031745,1,7,,0,2,3,9,A01
202100031745,1,30,,0,2,1,17,B01
202100031746,1,7,,0,2,1,20,A01
202100031746,1,32,,0,2,7,1,B01
202100031747,1,1,,1,0,8,2,B01
202100031747,2,10,,0,2,3,23,A01
202100031748,3,7,,0,1,5,26,A01
202100031749,3,43,,12,0,1,1,A01
202100031750,3,7,,6,0,1,14,A01
202100031751,2,7,,0,9,1,1,A01
202100031752,1,7,,0,2,1,5,Z01
202100031752,2,7,,0,2,2,1,B01
202100031752,2,7,,1,2,1,24,C01
202100031753,2,7,,0,1,1,1,A01
202100031754,1,15,,0,1,0,0,A01
202100031755,2,7,,0,9,3,9,A01
202100031755,1,1,,0,2,1,1,B01
202100031756,3,7,,0,2,3,9,A01
202100031756,3,32,,0,2,1,21,B01
202100031757,2,10,,16,2,7,7,B01
202100031757,2,1,,0,2,8,7,A01
202100031758,1,7,,0,2,2,15,A01
202100031758,1,2,,0,2,8,1,B01
202100031759,1,30,,1,0,4,9,A01
202100031760,1,7,,0,1,1,1,A01
202100031761,3,1,,0,0,0,25,Y01
202100031762,1,7,,0,2,4,1,B01
202100031762,1,30,,1,2,1,2,A01
202100031763,3,7,,0,2,2,2,A01
202100031763,3,7,,0,2,4,1,B01
202100031764,1,33,,0,1,1,1,A01
202100031765,2,37,2.0,9,0,5,16,A01
202100031766,3,7,,0,1,1,1,B01
202100031766,3,1,,0,2,8,1,A01
202100031767,1,31,,0,2,2,17,A01
202100031767,1,7,,0,2,6,15,B01
202100031768,1,7,,0,1,1,1,A01
202100031769,1,7,,0,2,1,16,A01
202100031769,2,7,,0,2,1,1,B01
202100031770,0,7,,0,2,1,15,A01
202100031770,0,33,,0,2,8,1,B01
202100031771,1,1,,0,2,6,2,A01
202100031771,1,1,,0,2,2,2,B01
202100031772,1,15,,0,2,2,26,B01
202100031772,1,33,,0,2,1,0,A01
202100031773,2,7,,15,0,2,14,A01
202100031774,0,7,,0,2,2,1,A01
202100031774,3,1,,0,2,3,1,B01
202100031775,1,7,,0,0,0,17,A01
202100031775,1,7,,0,0,9,17,B01
202100031776,1,33,,0,2,3,1,A01
202100031776,2,17,,0,2,8,17,B01
202100031777,3,31,,0,2,7,15,B01
202100031777,2,15,,0,0,5,1,A01
202100031778,2,2,,0,2,3,13,A01
202100031778,2,7,,0,2,6,1,B01
202100031779,3,2,,0,2,1,1,B01
202100031779,3,7,,0,2,8,15,A01
202100031780,1,7,,0,1,2,1,A01
202100031781,1,7,,0,2,3,9,A01
202100031781,1,2,,0,2,1,1,B01
202100031782,2,2,,0,2,1,1,A01
202100031782,2,7,,0,2,1,15,B01
202100031783,1,2,,10,0,7,0,A01
202100031784,2,7,,0,2,2,17,A01
202100031784,2,14,,0,0,6,2,B01
202100031785,2,7,,0,2,3,26,A01
202100031785,2,7,,0,2,1,1,B01
202100031786,1,7,,0,0,4,1,E01
202100031786,1,7,,0,0,4,2,D01
202100031786,1,15,,0,0,4,2,C01
202100031786,1,15,,0,2,4,21,B01
202100031786,1,15,,0,2,1,2,A01
202100031787,0,7,,0,2,1,1,A01
202100031787,0,7,,0,2,3,1,B01
202100031788,2,7,,8,0,3,13,A01
202100031789,2,7,,0,2,1,1,B01
202100031789,1,7,,14,2,1,16,A01
202100031790,0,33,,15,0,1,1,A01
202100031791,1,7,,12,2,2,17,A01
202100031791,1,7,,9,0,8,15,B01
202100031792,1,7,,0,0,6,9,A01
202100031792,2,7,,0,2,2,16,B01
202100031793,1,33,,0,0,7,1,A01
202100031794,1,33,,13,0,1,1,A01
202100031795,1,7,,0,0,9,1,A01
202100031796,3,7,,0,0,3,2,A01
202100031796,3,7,,0,2,3,15,B01
202100031797,2,14,,0,1,1,1,A01
202100031798,1,10,,0,2,6,2,B01
202100031798,1,33,,0,2,1,2,A01
202100031799,2,7,,0,2,4,1,A01
202100031800,2,7,,0,2,1,2,B01
202100031800,2,7,,0,2,4,2,A01
202100031801,2,7,,0,2,4,1,B01
202100031801,2,7,,0,2,1,2,A01
202100031802,1,7,,4,0,3,1,B01
202100031802,1,10,,0,0,0,13,A01
202100031803,1,7,,4,0,3,13,A01
202100031804,2,7,,0,2,1,1,A01
202100031804,2,7,,0,2,4,2,B01
202100031805,1,43,,0,0,0,2,A01
202100031806,2,7,,0,2,4,1,B01
202100031806,2,7,,0,2,1,1,A01
202100031807,1,3,,4,0,9,13,A01
202100031808,2,33,,0,0,9,2,A01
202100031809,1,7,,0,2,6,1,B01
202100031809,1,32,,0,2,1,3,A01
202100031810,1,7,,0,2,7,2,A01
202100031810,1,0,,0,2,0,0,Z01
202100031810,1,13,,0,2,4,2,D01
202100031810,1,7,,0,2,4,2,C01
202100031810,1,7,,0,2,2,2,B01
202100031811,1,7,,0,2,4,2,B01
202100031811,1,7,,0,2,1,1,A01
202100031811,1,7,,0,2,4,2,C01
202100031812,2,33,,0,2,7,3,A01
202100031812,2,10,,0,2,7,2,B01
202100031813,1,7,,0,2,1,26,A01
202100031813,1,7,,0,2,5,0,B01
202100031813,1,7,,0,2,3,0,C01
202100031814,2,7,,0,2,3,5,Z01
202100031814,2,7,,0,2,2,1,A01
202100031815,1,7,,0,2,5,1,B01
202100031815,1,7,,14,2,1,1,A01
202100031816,1,7,,0,2,5,16,A01
202100031816,1,30,,0,2,1,1,B01
202100031817,3,1,,0,2,8,9,B01
202100031817,1,32,,0,2,1,1,A01
202100031818,1,30,,0,0,0,1,A01
202100031819,3,7,,2,0,1,0,A01
202100031819,3,7,,2,0,1,0,B01
202100031820,1,7,,0,2,6,1,A01
202100031820,1,50,,0,2,6,1,B01
202100031821,1,10,,0,2,1,2,A01
202100031821,1,7,,0,2,4,2,B01
202100031822,2,7,,0,2,6,15,B01
202100031822,1,33,,0,2,1,1,A01
202100031823,3,7,,0,2,1,1,A01
202100031823,3,7,,0,2,4,1,B01
202100031824,1,60,,0,2,8,19,A01
202100031824,3,7,,0,2,8,1,B01
202100031825,3,7,,0,1,5,15,A01
202100031825,1,1,,0,2,8,26,B01
202100031826,3,7,,0,1,3,1,A01
202100031827,3,32,,0,2,8,2,B01
202100031827,3,7,,0,2,3,9,A01
202100031828,3,33,,0,2,1,1,B01
202100031828,1,7,,0,2,2,9,A01
202100031829,1,99,,0,9,3,26,A01
202100031829,1,1,,0,2,1,25,B01
202100031830,2,7,,0,2,3,1,A01
202100031830,3,1,,0,2,7,1,B01
202100031831,1,7,,0,2,3,1,A01
202100031831,2,34,,0,2,1,19,B01
202100031832,3,33,,0,0,7,1,A01
202100031833,2,7,,0,2,1,1,A01
202100031833,2,7,,0,2,3,1,B01
202100031834,2,7,,0,2,1,1,A01
202100031834,2,7,,0,2,0,19,B01
202100031835,1,7,,17,0,1,1,A01
202100031836,0,33,,0,2,1,2,A01
202100031836,0,7,,0,2,4,2,B01
202100031837,0,2,,0,2,1,1,A01
202100031837,0,7,,0,2,3,1,B01
202100031838,0,7,,0,0,9,1,A01
202100031839,1,7,,0,2,1,15,A01
202100031839,2,33,,0,2,1,0,B01
202100031840,3,34,,0,2,1,26,B01
202100031840,3,7,,0,2,0,1,A01
202100031841,1,7,,0,1,1,1,A01
202100031842,1,7,,1,0,1,1,A01
202100031843,2,7,,1,0,3,0,A01
202100031844,1,7,,0,2,8,0,B01
202100031844,2,2,,0,2,1,9,A01
202100031845,2,99,,0,2,6,26,B01
202100031845,2,2,,1,0,1,1,A01
202100031846,1,7,,0,1,1,15,A01
202100031847,1,7,,0,1,7,1,A01
202100031848,2,7,,0,2,8,14,A01
202100031848,2,7,,0,2,1,1,B01
202100031849,2,7,,0,2,5,9,A01
202100031849,1,1,,0,2,5,0,B01
202100031850,1,7,,0,2,1,9,A01
202100031850,2,1,,0,2,7,1,B01
202100031851,1,7,,0,2,1,1,A01
202100031851,2,50,,0,2,0,13,B01
202100031852,2,7,,4,0,9,1,A01
202100031853,0,7,,0,2,2,1,A01
202100031853,0,7,,0,2,1,9,B01
202100031854,1,30,,1,0,8,13,A01
202100031855,1,30,,0,0,3,16,A01
202100031856,1,7,,0,0,0,26,A01
202100031857,1,7,,13,0,9,1,A01
202100031858,1,2,,0,0,7,26,A01
202100031859,1,30,,0,2,1,19,B01
202100031859,1,7,,0,2,1,19,A01
202100031860,1,7,,0,1,1,26,A01
202100031861,1,99,,0,2,3,9,B01
202100031861,3,7,,0,2,2,1,A01
202100031862,1,31,,0,2,0,0,A01
202100031862,1,7,,1,0,0,0,B01
202100031863,1,7,,0,2,0,0,B01
202100031863,1,50,,0,2,7,19,A01
202100031864,0,20,,0,2,1,1,B01
202100031864,0,32,,0,2,2,9,A01
202100031865,0,7,,1,0,1,1,A01
202100031866,1,10,,0,2,1,2,A01
202100031866,1,7,,0,2,4,23,B01
202100031866,1,7,,0,2,4,23,C01
202100031866,1,10,,0,2,4,23,D01
202100031866,1,7,,0,2,4,23,E01
202100031867,2,7,,0,1,1,2,A01
202100031868,0,10,,0,2,2,16,A01
202100031868,1,50,,0,0,0,1,B01
202100031869,2,1,,0,2,7,1,B01
202100031869,1,7,,0,2,7,9,A01
202100031870,1,7,,0,1,3,1,A01
202100031871,2,7,,0,2,3,1,B01
202100031871,1,7,,0,2,3,1,A01
202100031872,3,7,,0,2,1,1,B01
202100031872,3,1,,0,2,1,1,A01
202100031873,2,1,,1,1,1,21,A01
202100031874,2,7,,0,2,1,9,A01
202100031874,2,7,,0,2,8,1,B01
202100031875,1,7,,0,2,3,15,A01
202100031875,2,99,,0,2,1,1,B01
202100031876,1,30,,0,0,9,1,A01
202100031877,1,30,,0,2,1,1,B01
202100031877,2,7,,0,2,7,15,A01
202100031878,1,10,,0,2,4,9,B01
202100031878,1,7,,0,2,1,9,A01
202100031879,2,7,,0,1,1,1,A01
202100031880,2,1,,0,2,2,0,B01
202100031880,1,7,,0,2,1,9,A01
202100031881,3,31,,3,9,1,1,A01
202100031882,3,7,,0,2,1,15,A01
202100031882,3,7,,0,2,1,1,B01
202100031883,0,7,,0,2,5,1,B01
202100031883,0,7,,0,2,1,1,A01
202100031884,1,32,,10,0,0,1,A01
202100031885,1,7,,9,0,1,14,A01
202100031886,2,32,,14,2,1,15,Z01
202100031886,1,7,,0,2,3,1,A01
202100031887,1,34,,0,9,7,15,B01
202100031887,2,7,,0,2,3,1,A01
202100031888,2,31,,0,2,8,15,A01
202100031888,2,31,,0,2,7,1,B01
202100031889,2,7,,0,2,3,19,A01
202100031889,2,2,,0,2,1,1,B01
202100031890,3,10,,0,1,7,1,A01
202100031891,2,7,,0,2,5,15,A01
202100031891,1,33,,0,2,1,2,B01
202100031892,2,7,,0,2,5,13,B01
202100031892,2,33,,0,2,3,18,A01
202100031893,1,1,,0,0,7,1,A01
202100031894,1,7,,0,2,3,1,A01
202100031894,2,7,,0,2,3,1,B01
202100031895,1,7,,0,0,9,1,A01
202100031896,0,7,,0,2,7,12,Z01
202100031896,2,31,,0,2,8,2,A01
202100031897,1,10,,0,2,5,2,D01
202100031897,1,7,,0,2,6,2,C01
202100031897,1,33,,0,2,1,3,B01
202100031897,1,7,,0,2,7,12,A01
202100031898,0,7,,0,2,1,10,Z01
202100031898,3,30,,0,2,1,1,A01
202100031899,1,7,,0,2,2,1,B01
202100031899,1,30,,0,2,1,1,A01
202100031900,3,7,,15,0,1,14,Z01
202100031901,2,37,1.0,9,1,5,1,A01
202100031902,2,7,,0,2,8,1,A01
202100031902,2,30,,0,2,1,1,B01
202100031903,1,7,,0,2,1,1,A01
202100031903,1,7,,0,2,4,23,B01
202100031903,1,7,,0,2,4,23,C01
202100031904,1,7,,0,2,2,1,B01
202100031904,1,80,,0,2,7,1,A01
202100031905,1,33,,0,2,1,1,B01
202100031905,2,10,,0,2,2,9,A01
202100031906,0,32,,0,2,1,1,A01
202100031906,0,7,,0,2,3,1,B01
202100031907,3,7,,0,2,5,1,B01
202100031907,3,1,,0,2,8,1,A01
202100031908,2,7,,0,2,1,1,Z01
202100031908,2,32,,0,2,4,1,A01
202100031909,1,7,,15,0,1,24,A01
202100031910,1,7,,0,2,2,16,A01
202100031910,1,43,,0,2,3,18,B01
202100031911,1,7,,0,2,1,2,A01
202100031911,1,7,,0,2,4,0,B01
202100031912,2,7,,0,2,2,10,B01
202100031912,2,2,,0,2,1,1,A01
202100031913,2,7,,0,2,2,1,B01
202100031913,1,7,,0,2,2,19,A01
202100031914,3,7,,0,2,2,26,A01
202100031914,3,7,,0,2,6,15,B01
202100031915,2,2,,0,2,1,2,A01
202100031915,2,7,,0,2,4,1,B01
202100031916,1,7,,0,2,4,1,A01
202100031916,1,34,,0,2,2,1,B01
202100031917,3,7,,0,2,4,1,B01
202100031917,3,10,,0,2,1,1,A01
202100031917,3,7,,0,2,4,1,D01
202100031917,3,7,,0,2,4,1,C01
202100031918,3,1,,0,2,7,9,B01
202100031918,3,99,,0,2,1,9,A01
202100031919,1,37,1.0,0,2,1,1,B01
202100031919,1,7,,8,2,8,19,A01
202100031920,1,15,,0,2,1,2,B01
202100031920,1,10,,0,2,4,1,A01
202100031921,2,7,,0,2,5,15,A01
202100031921,1,32,,0,2,1,1,B01
202100031922,1,7,,0,2,2,15,A01
202100031922,2,32,,0,2,0,0,B01