Num_Acc,senc,catv,occutc,obs,obsm,choc,manv,num_veh
202100031923,1,1,,0,2,1,2,B01
202100031923,1,3,,0,2,4,23,A01
202100031924,3,7,,0,2,8,1,A01
202100031924,3,7,,0,2,1,1,B01
202100031925,1,32,,0,2,0,1,B01
202100031925,1,7,,0,2,2,16,A01
202100031926,1,2,,9,0,2,1,A01
202100031927,2,7,,0,2,3,1,B01
202100031927,1,7,,0,2,3,1,A01
202100031928,1,10,,0,2,3,15,A01
202100031928,1,33,,0,2,3,17,B01
202100031929,1,31,,0,2,5,17,A01
202100031929,1,7,,0,2,3,15,B01
202100031930,1,80,,0,2,8,9,B01
202100031930,1,7,,0,9,2,16,A01
202100031931,1,7,,0,0,6,9,B01
202100031931,1,33,,0,0,8,1,A01
202100031932,1,10,,0,2,1,1,A01
202100031932,1,7,,0,0,4,15,B01
202100031933,1,33,,0,2,7,17,A01
202100031933,1,7,,0,2,6,1,B01
202100031934,2,15,,0,2,8,1,B01
202100031934,1,33,,13,2,8,13,A01
202100031935,1,7,,13,0,8,1,A01
202100031936,3,7,,8,0,2,14,A01
202100031937,2,7,,6,0,2,1,A01
202100031938,2,7,,0,2,3,15,A01
202100031938,1,2,,0,2,2,1,B01
202100031939,2,43,,0,2,7,2,A01
202100031940,2,7,,0,2,5,12,B01
202100031940,2,33,,0,2,1,3,A01
202100031941,2,7,,0,2,8,11,B01
202100031941,2,33,,0,2,1,3,A01
202100031942,1,7,,0,2,1,2,A01
202100031942,1,7,,0,2,4,2,B01
202100031942,1,7,,0,2,1,2,C01
202100031942,2,7,,0,2,4,2,D01
202100031943,1,10,,0,2,2,2,C01
202100031943,1,7,,0,2,4,2,B01
202100031943,1,7,,0,2,1,2,A01
202100031944,1,43,,0,2,1,3,A01
202100031944,1,7,,0,2,7,12,B01
202100031945,1,99,,0,2,4,23,B01
202100031945,1,7,,1,0,1,2,A01
202100031946,1,33,,0,2,7,3,B01
202100031946,1,7,,0,2,6,11,A01
202100031947,1,7,,0,2,1,2,B01
202100031947,1,7,,0,2,4,2,A01
202100031948,2,7,,0,2,4,1,B01
202100031948,2,7,,0,2,1,1,A01
202100031949,1,7,,0,2,4,1,A01
202100031949,1,7,,0,2,3,11,Z01
202100031950,1,7,,0,1,1,23,A01
202100031950,1,7,,0,2,0,23,B01
202100031951,3,7,,0,1,4,4,A01
202100031952,2,31,,0,2,5,2,B01
202100031952,2,1,,0,2,5,2,A01
202100031953,1,7,,2,0,1,1,A01
202100031954,1,31,,0,2,1,1,B01
202100031954,1,7,,0,2,3,9,A01
202100031954,1,7,,0,2,3,23,C01
202100031955,3,10,,0,1,4,20,A01
202100031956,1,30,,15,0,1,1,A01
202100031957,3,7,,15,0,1,25,A01
202100031958,1,30,,0,2,7,1,A01
202100031958,1,7,,0,2,1,1,B01
202100031959,2,30,,15,0,1,0,A01
202100031960,1,7,,0,2,8,9,B01
202100031960,1,7,,0,2,1,9,A01
202100031961,3,7,,0,1,5,20,A01
202100031962,2,7,,0,2,6,14,B01
202100031962,2,7,,0,2,2,17,A01
202100031963,3,7,,0,1,2,1,A01
202100031964,1,7,,4,2,2,17,A01
202100031964,1,7,,12,2,6,1,B01
202100031964,1,7,,4,2,2,1,C01
202100031965,1,7,,0,2,8,15,A01
202100031965,1,43,,0,2,3,17,B01
202100031966,3,2,,0,0,1,26,A01
202100031967,2,33,,3,0,0,0,A01
202100031968,1,10,,0,2,1,1,B01
202100031968,3,2,,0,2,8,19,A01
202100031969,0,33,,0,2,0,0,A01
202100031969,1,7,,0,2,0,0,B01
202100031970,2,32,,12,0,1,1,A01
202100031971,1,7,,0,2,3,20,A01
202100031972,1,7,,0,1,3,1,A01
202100031973,1,7,,0,2,1,1,B01
202100031973,2,7,,0,2,1,26,A01
202100031974,1,10,,0,2,3,1,A01
202100031974,3,7,,0,2,7,15,B01
202100031975,2,7,,0,2,1,26,A01
202100031975,1,7,,0,2,1,11,B01
202100031976,0,1,,0,2,1,5,A01
202100031976,0,7,,0,2,1,15,B01
202100031977,0,7,,0,2,1,15,Z01
202100031977,1,1,,0,2,1,1,B01
202100031978,1,80,,0,2,4,2,B01
202100031978,1,7,,0,2,2,2,A01
202100031979,3,7,,0,2,5,20,B01
202100031979,3,1,,0,2,2,0,A01
202100031980,2,7,,2,2,8,21,B01
202100031980,1,7,,0,2,1,13,A01
202100031981,2,7,,2,0,0,16,A01
202100031982,3,1,,0,1,1,1,A01
202100031983,1,7,,0,2,4,1,B01
202100031983,1,30,,0,2,1,1,A01
202100031984,3,7,,8,1,1,1,A01
202100031985,2,0,,0,1,2,0,Z01
202100031986,0,7,,9,0,1,1,A01
202100031987,3,7,,14,2,4,26,A01
202100031987,3,7,,0,2,4,23,C01
202100031987,3,7,,14,2,4,26,B01
202100031988,0,7,,0,1,2,2,A01
202100031989,1,7,,0,2,4,23,B01
202100031989,2,7,,0,2,4,1,A01
202100031989,2,7,,0,2,1,1,Z01
202100031990,1,7,,0,2,4,23,D01
202100031990,1,7,,0,2,4,23,C01
202100031990,1,7,,0,2,4,23,B01
202100031990,1,7,,0,2,1,1,A01
202100031991,1,10,,0,1,3,15,A01
202100031992,0,7,,0,1,7,15,A01
202100031993,1,7,,0,2,0,16,Z01
202100031993,1,50,,0,2,8,1,A01
202100031994,2,2,,0,0,7,1,A01
202100031995,0,7,,0,2,3,1,A01
202100031995,0,32,,0,2,3,9,Z01
202100031995,1,2,,0,2,3,1,B01
202100031996,1,7,,0,2,5,15,B01
202100031996,1,7,,0,2,1,2,A01
202100031997,3,10,,0,2,1,17,A01
202100031997,0,10,,1,0,7,0,C01
202100031998,1,7,,0,2,2,21,B01
202100031998,1,7,,0,2,6,23,A01
202100031999,1,7,,0,2,6,0,B01
202100031999,1,7,,0,2,6,26,A01
202100031999,1,7,,0,9,0,0,C01
202100032000,1,33,,0,2,5,1,A01
202100032000,1,7,,0,2,2,1,B01
202100032001,1,7,,0,2,3,1,A01
202100032001,1,7,,0,2,1,2,B01
202100032002,1,7,,2,0,1,15,A01
202100032003,3,7,,0,2,1,1,B01
202100032003,3,7,,0,2,7,26,A01
202100032004,2,33,,16,0,7,15,A01
202100032005,1,10,,0,2,4,0,B01
202100032005,1,50,,0,2,1,2,A01
202100032006,1,7,,1,2,3,1,B01
202100032006,2,7,,0,2,1,15,A01
202100032007,2,3,,0,2,3,9,A01
202100032007,2,2,,0,2,2,1,B01
202100032008,1,33,,0,0,3,1,A01
202100032009,2,33,,7,0,1,1,A01
202100032010,1,33,,0,0,8,1,A01
202100032011,1,7,,0,2,4,12,A01
202100032011,1,10,,0,2,1,1,B01
202100032012,1,7,,0,2,1,1,A01
202100032012,2,7,,0,2,1,1,B01
202100032013,1,33,,0,0,8,0,A01
202100032014,1,14,,0,2,7,17,A01
202100032014,1,32,,0,2,8,2,B01
202100032015,1,7,,0,0,1,13,A01
202100032015,2,10,,6,0,3,1,B01
202100032016,0,2,,0,0,0,0,A01
202100032017,1,7,,6,0,1,13,A01
202100032018,2,7,,7,2,1,1,B01
202100032018,1,7,,13,2,7,19,A01
202100032019,3,7,,0,2,1,1,A01
202100032019,3,7,,0,2,4,1,B01
202100032019,3,7,,0,2,4,1,C01
202100032020,1,7,,13,0,1,1,A01
202100032021,0,7,,0,2,3,5,A01
202100032021,0,7,,0,2,3,1,B01
202100032022,2,7,,0,2,3,9,A01
202100032022,2,31,,0,0,5,15,B01
202100032023,1,33,,0,0,1,14,A01
202100032024,2,33,,0,0,9,21,A01
202100032025,0,7,,0,2,1,15,A01
202100032025,2,7,,0,2,2,1,B01
202100032026,2,7,,0,2,8,9,A01
202100032026,1,7,,0,2,1,1,B01
202100032027,2,7,,2,2,3,1,B01
202100032027,1,7,,0,2,2,15,A01
202100032028,0,32,,0,2,1,1,B01
202100032028,0,7,,0,2,8,10,A01
202100032029,2,1,,0,0,0,1,A01
202100032030,0,7,,0,2,1,19,A01
202100032030,2,7,,0,2,2,1,B01
202100032031,2,7,,0,0,3,26,A01
202100032031,1,2,,0,0,1,1,B01
202100032032,1,7,,0,1,8,1,A01
202100032033,2,1,,0,2,1,1,B01
202100032033,3,7,,0,2,8,1,A01
202100032034,1,33,,0,2,2,17,A01
202100032034,1,16,,0,2,3,15,B01
202100032035,1,7,,0,0,0,26,A01
202100032036,1,7,,2,0,2,0,A01
202100032037,2,7,,0,2,3,13,A01
202100032037,1,7,,0,2,3,1,B01
202100032038,1,7,,0,1,3,15,A01
202100032039,1,33,,0,2,8,17,A01
202100032039,2,7,,0,2,8,1,B01
202100032040,1,7,,0,2,3,2,B01
202100032040,1,10,,0,0,5,2,A01
202100032041,2,33,,13,0,3,0,A01
202100032042,2,7,,4,0,8,1,A01
202100032043,1,33,,0,0,4,1,A01
202100032044,2,7,,2,0,9,21,A01
202100032045,1,10,,7,2,1,9,A01
202100032045,2,7,,0,2,8,1,B01
202100032046,1,7,,0,0,0,0,A01
202100032047,2,7,,0,9,1,1,A01
202100032047,2,1,,0,2,3,19,B01
202100032048,3,2,,0,0,9,1,A01
202100032049,1,33,,0,2,1,1,B01
202100032049,2,7,,0,2,2,15,A01
202100032050,1,7,,13,0,2,0,A01
202100032051,2,7,,3,0,1,1,A01
202100032052,1,7,,4,0,2,0,A01
202100032053,2,7,,0,2,1,14,A01
202100032053,2,7,,4,2,4,14,B01
202100032054,2,7,,4,2,4,2,B01
202100032054,2,7,,4,2,1,2,A01
202100032055,1,7,,0,2,4,0,B01
202100032055,1,17,,0,2,1,1,A01
202100032056,2,7,,0,2,4,1,F01
202100032056,2,7,,0,2,4,1,E01
202100032056,2,7,,0,2,4,0,D01
202100032056,2,7,,0,2,1,2,C01
202100032056,2,7,,0,2,4,1,B01
202100032056,2,7,,0,2,1,1,A01
202100032057,1,7,,0,0,1,1,A01
202100032058,1,7,,4,0,1,9,A01
202100032059,1,7,,0,2,3,2,B01
202100032059,1,7,,0,2,2,1,C01
202100032059,1,7,,0,2,4,2,D01
202100032059,1,7,,0,2,9,2,A01
202100032060,1,33,,0,2,3,3,A01
202100032060,1,7,,3,2,2,1,B01
202100032061,1,7,,4,0,1,1,A01
202100032062,1,7,,4,0,1,1,A01
202100032063,1,33,,0,2,1,2,A01
202100032063,1,7,,0,2,4,2,B01
202100032064,2,7,,4,0,8,12,A01
202100032065,1,7,,4,0,1,26,A01
202100032066,1,7,,0,2,1,5,A01
202100032066,2,7,,0,2,1,1,B01
202100032067,2,7,,0,2,7,12,B01
202100032067,2,32,,0,2,3,3,A01
202100032068,1,33,,0,2,8,1,B01
202100032068,1,7,,0,2,5,12,A01
202100032069,1,7,,0,2,4,26,B01
202100032069,1,7,,0,2,1,2,A01
202100032070,2,33,,4,0,2,17,A01
202100032071,1,7,,0,1,4,4,A01
202100032072,3,10,,0,1,1,1,A01
202100032073,2,7,,0,1,2,18,A01
202100032074,3,30,,0,2,0,17,A01
202100032074,3,7,,0,2,3,15,B01
202100032075,1,33,,8,0,8,17,A01
202100032076,2,7,,0,2,8,15,Z01
202100032076,1,2,,0,2,8,1,B01
202100032077,1,7,,0,2,8,15,A01
202100032077,1,99,,0,2,1,1,B01
202100032078,0,0,,0,0,0,0,A01
202100032079,1,7,,0,2,7,1,A01
202100032079,1,7,,0,2,1,16,B01
202100032080,2,7,,0,2,4,2,B01
202100032080,2,10,,0,2,1,2,A01
202100032081,1,1,,8,2,1,15,A01
202100032081,1,7,,8,2,3,1,B01
202100032082,1,7,,0,2,6,19,A01
202100032082,1,7,,0,2,1,1,B01
202100032083,1,1,,0,2,5,1,B01
202100032083,1,7,,0,2,3,9,A01
202100032084,2,7,,0,2,6,1,A01
202100032084,2,7,,0,2,1,2,B01
202100032085,2,33,,0,0,0,0,B01
202100032085,2,7,,0,2,1,1,A01
202100032086,3,30,,0,2,2,15,B01
202100032086,3,7,,0,2,8,15,A01
202100032087,3,7,,0,2,1,1,B01
202100032087,3,7,,0,2,3,15,C01
202100032087,3,7,,0,2,1,9,A01
202100032088,2,7,,0,1,1,26,A01
202100032089,3,32,,5,0,1,13,A01
202100032090,1,7,,0,1,5,19,A01
202100032091,2,17,,0,2,3,9,A01
202100032091,2,7,,1,2,2,21,B01
202100032092,1,7,,0,0,1,2,A01
202100032092,1,33,,0,0,4,1,B01
202100032093,3,7,,0,2,1,13,A01
202100032093,3,7,,0,2,1,1,B01
202100032094,1,7,,0,2,8,1,B01
202100032094,2,30,,0,2,1,15,A01
202100032095,1,7,,0,2,3,15,B01
202100032095,1,31,,0,2,1,5,A01
202100032096,2,10,,0,1,2,16,A01
202100032097,2,7,,0,2,3,1,B01
202100032097,1,7,,14,2,1,13,A01
202100032098,2,7,,0,2,3,15,A01
202100032098,2,7,,0,2,1,1,B01
202100032099,2,7,,0,2,3,15,A01
202100032099,1,7,,0,2,3,1,B01
202100032100,1,30,,0,2,2,17,A01
202100032100,1,7,,0,2,3,15,B01
202100032101,1,31,,0,0,8,2,A01
202100032102,1,7,,0,1,1,15,A01
202100032103,2,7,,2,0,8,14,A01
202100032104,3,7,,0,2,6,0,A01
202100032104,3,33,,0,2,8,0,B01
202100032105,1,3,,0,2,1,2,A01
202100032105,1,3,,0,2,4,2,B01
202100032106,0,7,,0,2,1,1,A01
202100032106,0,10,,0,2,4,1,B01
202100032107,1,7,,0,2,4,1,B01
202100032107,1,7,,0,2,1,2,A01
202100032108,2,32,,1,0,0,1,A01
202100032109,3,33,,0,2,1,1,A01
202100032109,3,7,,0,2,3,15,B01
202100032110,1,7,,9,0,1,15,A01
202100032111,3,10,,11,0,1,6,A01
202100032112,3,7,,0,2,1,1,B01
202100032112,3,7,,0,2,7,1,A01
202100032113,1,7,,1,0,1,13,A01
202100032114,2,7,,3,2,6,1,B01
202100032114,2,15,,0,2,7,12,A01
202100032115,1,2,,0,2,1,1,B01
202100032115,2,7,,0,2,1,15,A01
202100032116,3,7,,0,2,1,1,A01
202100032116,3,7,,0,2,3,1,B01
202100032117,2,7,,0,2,6,2,B01
202100032117,2,7,,0,2,1,9,A01
202100032118,3,7,,0,2,1,2,A01
202100032118,3,7,,0,2,4,2,B01
202100032118,3,7,,0,2,4,2,C01
202100032119,1,7,,0,2,0,0,A01
202100032119,1,31,,0,2,1,21,B01
202100032120,3,7,,0,2,1,1,B01
202100032120,3,7,,0,2,2,15,A01
202100032121,1,7,,0,1,0,1,A01
202100032122,3,7,,0,2,1,0,B01
202100032122,1,7,,1,0,1,14,A01
202100032123,0,7,,0,2,6,1,B01
202100032123,1,7,,0,2,1,2,C01
202100032123,0,7,,0,2,2,17,A01
202100032124,1,7,,0,2,1,2,A01
202100032124,1,7,,0,2,4,2,B01
202100032124,1,7,,0,2,4,2,C01
202100032125,1,7,,0,2,1,11,A01
202100032125,1,33,,0,2,6,1,B01
202100032126,1,34,,0,2,8,1,B01
202100032126,2,10,,0,2,2,1,A01
202100032127,2,7,,0,2,2,1,B01
202100032127,1,7,,0,2,5,15,A01
202100032128,1,7,,0,2,2,15,A01
202100032128,2,33,,0,2,3,1,B01
202100032129,1,7,,1,1,2,14,A01
202100032130,1,7,,0,2,1,13,A01
202100032130,2,30,,0,2,1,1,B01
202100032130,2,30,,0,2,8,1,C01
202100032131,2,30,,14,0,1,13,A01
202100032132,1,7,,0,2,1,13,A01
202100032132,2,7,,0,2,3,1,B01
202100032133,1,1,,0,2,1,1,B01
202100032133,2,7,,0,2,3,15,A01
202100032134,1,30,,1,0,1,21,A01
202100032135,2,7,,0,2,3,1,B01
202100032135,2,30,,0,2,2,1,A01
202100032136,2,1,,0,1,8,1,Z01
202100032137,1,7,,7,0,3,13,A01
202100032138,1,7,,0,2,1,2,A01
202100032138,1,7,,0,2,4,2,B01
202100032139,1,30,,0,2,1,1,B01
202100032139,2,10,,0,2,5,15,A01
202100032140,2,1,,0,2,3,23,C01
202100032140,1,33,,0,2,1,1,B01
202100032140,2,7,,0,2,2,15,A01
202100032141,3,10,,0,1,5,4,Z01
202100032142,2,7,,0,2,7,16,A01
202100032142,2,43,,0,2,8,18,B01
202100032143,2,30,,0,2,7,1,B01
202100032143,2,7,,0,2,1,1,A01
202100032144,1,7,,0,2,3,23,B01
202100032144,1,50,,0,2,1,2,A01
202100032145,2,50,,0,0,0,1,A01
202100032146,2,7,,4,0,1,0,A01
202100032147,2,7,,7,2,7,1,A01
202100032147,2,7,,7,2,2,1,B01
202100032148,1,7,,0,2,2,15,B01
202100032148,1,7,,0,2,3,1,Z01
202100032149,1,7,,0,2,3,1,A01
202100032149,2,3,,0,2,4,0,B01
202100032150,1,7,,0,2,2,15,A01
202100032150,1,33,,0,2,1,1,B01
202100032151,1,0,,0,1,8,1,A01
202100032152,2,7,,0,1,1,1,A01
202100032153,0,30,,0,2,0,26,A01
202100032154,0,7,,0,2,2,26,A01
202100032154,0,7,,0,0,6,23,B01
202100032155,1,32,,0,2,2,1,B01
202100032155,1,7,,9,2,8,16,A01
202100032156,2,7,,0,0,0,9,Z01
202100032156,1,33,,0,0,0,15,A01
202100032157,1,60,,0,1,1,25,A01
202100032158,1,7,,0,2,1,9,A01
202100032158,1,7,,0,2,3,9,B01
202100032159,3,7,,0,1,2,1,A01
202100032160,2,33,,1,0,0,16,A01
202100032161,3,2,,0,0,7,26,A01
202100032162,1,2,,0,0,0,2,A01
202100032163,1,7,,0,2,2,19,A01
202100032163,1,7,,0,2,8,1,B01
202100032164,2,7,,13,2,3,13,A01
202100032164,1,7,,13,2,3,1,B01
202100032165,3,33,,0,0,0,1,A01
202100032166,2,33,,0,2,1,5,A01
202100032166,1,7,,0,2,3,1,B01
202100032167,1,7,,0,2,1,1,B01
202100032167,2,7,,0,2,6,19,A01
202100032168,2,7,,13,0,9,1,A01
202100032169,1,7,,0,2,8,19,A01
202100032169,1,7,,0,2,7,1,B01
202100032170,3,36,,14,0,1,15,A01
202100032171,3,7,,0,2,8,1,B01
202100032171,3,7,,0,2,1,1,A01
202100032172,1,10,,0,2,3,15,A01
202100032172,2,2,,0,2,1,1,B01
202100032173,2,33,,0,2,4,2,B01
202100032173,2,33,,0,2,1,2,A01
202100032174,1,7,,13,0,2,14,A01
202100032175,2,7,,0,2,1,5,A01
202100032175,1,7,,0,2,1,1,B01
202100032176,1,7,,0,2,1,0,A01
202100032176,2,7,,0,2,1,0,B01
202100032177,2,2,,13,0,1,0,A01
202100032178,2,7,,2,0,3,1,A01
202100032179,2,33,,6,0,1,1,A01
202100032180,1,7,,8,0,1,16,A01
202100032181,1,7,,5,0,0,1,A01
202100032182,2,33,,12,0,2,1,A01
202100032183,1,34,,3,0,8,0,A01
202100032184,2,33,,0,0,7,1,A01
202100032185,1,7,,0,2,2,15,B01
202100032185,2,31,,0,2,8,1,A01
202100032186,1,2,,0,0,0,1,A01
202100032187,3,33,,0,0,0,1,A01
202100032188,3,7,,0,2,3,1,A01
202100032188,3,1,,0,2,1,1,B01
202100032189,1,17,,0,1,7,19,A01
202100032190,2,7,,0,1,1,1,A01
202100032191,1,7,,0,1,1,1,A01
202100032192,2,7,,2,0,7,26,A01
202100032193,2,7,,0,2,1,1,B01
202100032193,1,7,,0,2,8,19,A01
202100032194,1,99,,0,2,1,1,B01
202100032194,1,7,,0,2,1,26,A01
202100032195,2,7,,7,0,1,13,A01
202100032196,2,31,,0,0,1,1,A01
202100032197,2,7,,4,0,2,0,A01
202100032198,1,7,,0,0,4,24,A01
202100032198,1,7,,0,2,1,1,B01
202100032199,0,7,,0,2,8,19,B01
202100032199,0,43,,0,2,2,1,A01
202100032200,1,7,,0,0,6,1,A01
202100032200,1,33,,4,2,1,1,B01
202100032201,1,2,,0,1,2,14,A01
202100032202,2,33,,0,2,1,1,B01
202100032202,1,7,,0,2,3,15,A01
202100032203,2,7,,0,1,2,1,A01
202100032204,1,33,,15,0,0,0,A01
202100032205,2,1,,0,0,8,2,B01
202100032205,2,7,,6,0,7,17,A01
202100032206,1,7,,6,0,2,14,A01
202100032207,1,36,,0,2,1,1,A01
202100032207,2,7,,0,2,1,1,B01
202100032208,2,7,,0,2,1,13,A01
202100032208,1,10,,0,2,1,1,B01
202100032209,2,33,,0,2,1,1,B01
202100032209,1,7,,0,2,2,10,A01
202100032210,1,33,,0,2,1,1,A01
202100032210,1,7,,0,2,6,26,B01
202100032211,3,2,,0,0,0,26,A01
202100032212,1,10,,0,2,1,1,B01
202100032212,1,30,,0,2,4,9,A01
202100032213,1,33,,2,0,9,13,A01
202100032214,2,7,,6,0,1,1,A01
202100032215,2,7,,0,2,3,2,A01
202100032215,2,1,,0,2,4,2,B01
202100032216,2,7,,6,2,1,13,A01
202100032216,2,7,,0,2,3,19,B01
202100032216,2,7,,0,0,8,1,C01
202100032217,2,7,,0,2,1,1,C01
202100032217,2,7,,0,2,3,1,B01
202100032217,1,7,,0,2,1,13,A01
202100032218,2,7,,0,0,9,1,A01
202100032219,1,33,,0,2,2,1,B01
202100032219,1,10,,0,2,3,1,A01
202100032220,1,10,,0,2,4,1,A01
202100032220,1,7,,0,2,4,2,B01
202100032220,1,7,,0,2,1,2,C01
202100032221,2,7,,0,2,4,1,A01
202100032221,2,7,,0,2,1,2,B01
202100032222,1,7,,0,2,1,2,A01
202100032222,1,7,,0,2,4,2,B01
202100032223,2,7,,0,2,4,1,B01
202100032223,2,7,,0,2,1,2,A01
202100032224,1,33,,0,0,0,1,A01
202100032225,2,7,,4,0,1,13,A01
202100032226,2,10,,0,2,1,2,A01
202100032226,2,7,,0,2,4,2,B01
202100032227,1,33,,0,2,7,1,B01
202100032227,1,50,,0,2,7,9,A01
202100032228,1,7,,0,2,2,12,A01
202100032228,1,7,,0,2,6,1,B01
202100032228,1,7,,0,2,3,1,C01
202100032229,1,7,,0,0,9,1,A01
202100032230,1,7,,0,0,9,16,A01
202100032231,2,7,,4,0,4,0,A01
202100032232,1,7,,3,0,8,1,A01
202100032233,2,14,,0,1,2,1,A01
202100032234,3,7,,0,1,1,1,A01
202100032235,1,7,,0,1,1,1,A01
202100032236,1,38,1.0,0,1,2,15,A01
202100032237,1,2,,0,2,1,1,A01
202100032237,2,10,,0,2,7,15,B01
202100032238,2,7,,0,2,3,10,A01
202100032238,2,30,,0,2,1,13,B01
202100032239,2,7,,0,2,2,10,A01
202100032239,2,2,,0,2,1,1,B01
202100032240,3,10,,0,1,4,4,A01
202100032241,1,10,,0,2,1,2,B01
202100032241,2,7,,0,2,1,7,A01
202100032242,1,0,,0,0,0,26,A01
202100032243,2,7,,0,2,2,2,A01
202100032243,2,10,,0,2,6,2,B01
202100032244,1,7,,0,2,2,1,B01
202100032244,3,7,,0,2,4,20,A01
202100032245,1,7,,4,0,1,21,A01
202100032246,1,7,,0,2,1,11,A01
202100032246,1,7,,0,0,4,0,B01
202100032246,1,7,,0,0,0,0,C01
202100032247,3,32,,0,2,7,17,B01
202100032247,3,7,,0,2,8,13,Z01
202100032248,0,7,,1,0,1,1,A01
202100032249,3,7,,6,0,3,2,B01
202100032249,3,7,,8,2,1,2,A01
202100032250,3,1,,0,0,0,1,B01
202100032250,3,7,,0,2,0,17,A01
202100032251,-1,7,,0,1,1,1,A01
202100032252,0,1,,0,1,7,0,A01
202100032253,3,1,,0,2,2,1,A01
202100032253,3,7,,0,2,1,1,B01
202100032254,3,33,,4,0,1,16,A01
202100032255,1,7,,0,1,8,16,A01
202100032256,2,10,,0,1,3,1,A01
202100032257,3,1,,0,2,2,0,B01
202100032257,3,7,,0,2,3,9,A01
202100032258,1,10,,0,2,2,0,B01
202100032258,1,7,,15,2,1,11,A01
202100032259,0,7,,0,1,3,15,A01
202100032260,1,80,,0,2,0,0,B01
202100032260,1,10,,0,2,1,1,A01
202100032261,3,1,,0,2,1,1,B01
202100032261,0,7,,0,2,3,9,A01
202100032262,1,7,,0,2,1,15,A01
202100032262,1,2,,0,2,1,13,B01
202100032263,1,3,,0,2,7,1,A01
202100032263,0,3,,0,2,1,1,B01
202100032264,2,7,,0,2,8,1,B01
202100032264,2,7,,0,2,2,21,A01
202100032265,2,1,,0,0,0,1,C01
202100032265,2,1,,0,2,4,1,B01
202100032265,2,7,,0,2,1,17,A01
202100032266,1,7,,0,2,1,13,A01
202100032266,2,7,,0,2,1,1,B01
202100032266,2,7,,0,2,1,23,C01
202100032267,1,1,,0,2,1,1,B01
202100032267,1,7,,0,2,5,16,A01
202100032268,2,10,,0,1,3,20,A01
202100032269,2,1,,0,2,4,1,B01
202100032269,2,7,,0,2,1,2,A01
202100032270,1,7,,0,2,1,2,A01
202100032270,1,7,,0,2,4,1,B01
202100032271,1,7,,0,2,4,2,B01
202100032271,1,7,,0,2,1,2,A01
202100032272,3,7,,0,2,3,26,A01
202100032272,1,7,,0,2,8,26,B01
202100032273,1,10,,0,2,7,26,B01
202100032273,1,30,,0,2,8,26,A01
202100032274,1,7,,0,2,1,26,A01
202100032274,1,30,,0,2,1,26,B01
202100032275,1,33,,0,2,2,26,A01
202100032275,1,7,,0,2,6,26,B01
202100032276,2,7,,0,1,1,1,A01
202100032277,0,30,,0,1,1,1,A01
202100032278,0,7,,0,1,4,26,A01
202100032279,2,10,,0,2,3,9,A01
202100032279,2,7,,0,2,7,1,B01
202100032280,3,60,,0,2,1,25,B01
202100032280,3,10,,0,2,5,1,A01
202100032281,3,7,,0,2,1,15,B01
202100032281,3,10,,0,2,0,0,C01
202100032281,2,7,,0,2,1,1,A01
202100032282,3,7,,0,2,0,1,A01
202100032282,3,2,,0,2,6,1,B01
202100032283,3,7,,0,2,3,15,A01
202100032283,3,1,,0,2,1,1,B01
202100032284,2,2,,0,2,1,1,B01
202100032284,1,7,,0,2,2,1,A01
202100032285,3,7,,0,2,4,1,B01
202100032285,3,31,,0,2,1,1,A01
202100032286,0,7,,1,0,1,1,A01
202100032287,1,7,,0,2,1,2,A01
202100032287,1,7,,0,2,4,1,B01
202100032288,1,7,,0,2,2,16,A01
202100032288,1,50,,0,2,2,5,B01
202100032289,0,7,,0,2,6,1,B01
202100032289,0,1,,0,2,1,25,A01
202100032290,0,7,,0,1,1,1,A01
202100032291,3,7,,0,9,2,17,A01
202100032291,3,1,,0,0,0,0,B01
202100032292,2,7,,7,2,1,1,A01
202100032292,1,7,,0,2,1,1,B01
202100032293,1,7,,1,0,1,13,A01
202100032294,2,7,,0,2,1,13,A01
202100032294,1,7,,0,2,1,1,B01
202100032295,3,31,,0,2,3,26,D01
202100032295,3,31,,0,2,3,26,C01
202100032295,1,7,,0,2,3,26,B01
202100032295,1,7,,0,2,2,26,A01
202100032296,0,7,,0,2,3,10,A01
202100032296,0,33,,0,2,1,0,B01
202100032297,0,7,,0,2,7,15,A01
202100032297,0,2,,0,2,1,26,B01
202100032298,2,2,,0,2,4,23,B01
202100032298,2,3,,0,2,1,2,A01
202100032299,2,7,,0,2,4,2,B01
202100032299,2,7,,0,2,1,2,A01
202100032300,1,1,,0,2,0,0,B01
202100032300,1,7,,0,2,1,15,A01
202100032301,2,7,,0,2,7,15,B01
202100032301,1,33,,0,2,1,21,A01
202100032302,2,7,,0,2,2,2,A01
202100032302,2,1,,0,2,4,2,B01
202100032303,0,10,,9,0,3,1,A01
202100032304,1,14,,0,2,1,24,A01
202100032304,2,7,,1,0,0,13,B01
202100032305,2,13,,0,1,1,1,A01
202100032306,1,33,,0,6,1,26,A01
202100032307,1,7,,0,2,4,23,C01
202100032307,1,7,,0,2,4,23,B01
202100032307,1,7,,0,2,1,2,A01
202100032308,1,7,,0,2,6,11,A01
202100032308,1,31,,0,2,7,1,B01
202100032309,1,43,,0,2,2,1,A01
202100032309,1,7,,0,2,6,11,B01
202100032310,1,33,,0,2,1,2,A01
202100032310,1,7,,0,2,5,2,B01
202100032311,2,1,,1,0,1,14,A01
202100032312,2,32,,0,2,1,1,Z01
202100032312,1,32,,12,2,2,9,A01