Num_Acc,senc,catv,occutc,obs,obsm,choc,manv,num_veh
202100032313,2,33,,0,0,0,1,A01
202100032314,2,7,,0,2,3,15,A01
202100032314,2,30,,0,2,2,1,B01
202100032315,2,7,,0,2,2,15,A01
202100032315,1,30,,0,2,1,7,B01
202100032316,2,32,,0,1,3,7,A01
202100032317,2,37,1.0,0,2,2,7,A01
202100032317,2,1,,0,2,3,13,B01
202100032318,1,30,,0,2,2,17,B01
202100032318,1,7,,0,2,3,15,A01
202100032319,2,2,,0,2,1,1,B01
202100032319,2,7,,0,2,8,10,A01
202100032320,2,7,,0,2,1,15,Z01
202100032320,2,30,,0,2,7,1,A01
202100032321,2,7,,0,2,1,1,B01
202100032321,2,7,,0,2,7,1,A01
202100032322,2,1,,0,1,1,1,A01
202100032323,2,50,,0,0,1,25,A01
202100032324,1,31,,0,2,3,3,A01
202100032324,1,10,,0,2,5,1,B01
202100032325,1,33,,0,2,2,1,A01
202100032325,1,50,,0,2,8,15,B01
202100032326,1,7,,0,2,6,22,A01
202100032326,1,1,,0,2,2,1,B01
202100032327,3,7,,0,2,8,1,B01
202100032327,1,7,,0,2,2,1,C01
202100032327,1,43,,0,2,9,1,A01
202100032328,1,34,,0,2,0,2,A01
202100032328,1,31,,0,2,0,2,B01
202100032328,1,43,,0,2,0,2,C01
202100032329,2,7,,0,1,2,1,Z01
202100032330,2,30,,0,0,0,1,A01
202100032331,3,10,,0,1,6,1,A01
202100032332,2,33,,0,2,7,17,A01
202100032332,2,7,,0,2,0,10,B01
202100032333,2,32,,0,2,1,1,B01
202100032333,2,50,,0,2,5,19,A01
202100032334,1,31,,0,2,5,18,A01
202100032334,1,10,,0,2,8,18,B01
202100032335,2,7,,0,2,5,1,A01
202100032335,2,7,,0,2,2,1,B01
202100032336,2,37,2.0,0,2,2,2,B01
202100032336,2,7,,0,2,8,15,A01
202100032337,2,7,,1,0,3,5,A01
202100032338,3,7,,0,2,2,2,A01
202100032338,3,7,,0,2,4,16,B01
202100032339,0,32,,0,2,1,1,A01
202100032339,1,7,,0,2,8,1,B01
202100032340,2,7,,0,1,2,1,A01
202100032341,3,7,,0,1,2,1,A01
202100032342,1,7,,0,0,0,0,B01
202100032342,1,7,,0,2,3,1,A01
202100032343,1,7,,0,1,2,19,A01
202100032344,1,32,,0,2,1,1,B01
202100032344,1,10,,0,2,6,11,A01
202100032345,3,34,,14,0,0,5,A01
202100032346,1,7,,1,0,3,0,B01
202100032346,1,30,,1,2,7,17,A01
202100032347,3,33,,0,1,1,1,A01
202100032348,1,10,,0,2,1,1,A01
202100032348,3,7,,1,0,7,1,B01
202100032349,1,0,,0,1,1,1,A01
202100032350,1,33,,0,2,7,9,A01
202100032350,1,7,,0,2,1,9,B01
202100032351,1,7,,0,1,3,1,A01
202100032352,1,34,,0,9,7,16,A01
202100032352,1,50,,0,2,8,7,B01
202100032353,0,33,,0,2,1,2,B01
202100032353,1,7,,0,2,2,9,A01
202100032354,1,50,,0,2,8,1,B01
202100032354,1,7,,0,2,2,16,A01
202100032355,2,7,,0,1,3,19,A01
202100032356,2,30,,0,2,2,1,B01
202100032356,3,30,,0,2,3,15,A01
202100032357,3,7,,0,2,6,2,B01
202100032357,3,7,,0,2,1,1,A01
202100032358,1,7,,0,2,5,12,A01
202100032358,1,37,3.0,0,2,3,1,B01
202100032359,1,10,,0,1,2,1,A01
202100032360,1,30,,0,2,7,17,A01
202100032360,1,37,1.0,1,2,8,15,B01
202100032361,0,7,,2,0,3,1,A01
202100032362,2,34,,0,2,1,2,B01
202100032362,2,7,,0,0,6,10,A01
202100032363,2,7,,16,0,0,17,A01
202100032364,0,10,,0,1,0,0,A01
202100032365,1,7,,0,9,3,9,A01
202100032365,1,2,,0,0,7,1,B01
202100032366,2,80,,0,0,0,15,A01
202100032367,2,1,,0,2,8,16,A01
202100032367,1,10,,0,9,1,1,B01
202100032368,2,7,,13,0,3,12,A01
202100032369,1,7,,13,0,2,17,A01
202100032370,2,33,,0,2,1,21,C01
202100032370,2,33,,0,2,1,13,A01
202100032370,1,7,,0,2,1,1,B01
202100032371,2,7,,0,2,3,15,A01
202100032371,1,7,,0,2,9,1,B01
202100032372,3,21,,0,1,8,23,A01
202100032373,2,7,,12,0,0,1,A01
202100032374,0,7,,6,0,1,1,A01
202100032375,1,7,,8,0,2,1,A01
202100032376,1,7,,0,0,0,14,A01
202100032377,2,7,,0,2,6,1,A01
202100032377,2,31,,0,2,1,1,B01
202100032378,1,10,,0,6,1,1,A01
202100032379,1,7,,2,0,1,13,A01
202100032380,1,34,,0,2,1,5,A01
202100032380,2,7,,0,2,1,1,B01
202100032381,1,7,,7,0,1,16,A01
202100032382,2,1,,0,5,0,21,A01
202100032383,1,7,,16,0,1,0,A01
202100032384,2,7,,0,2,3,1,A01
202100032384,1,7,,0,2,3,1,B01
202100032385,1,7,,0,2,1,17,A01
202100032385,1,1,,0,0,4,1,B01
202100032386,1,33,,0,6,1,1,A01
202100032387,2,1,,0,0,7,1,A01
202100032388,2,7,,0,2,3,1,B01
202100032388,1,7,,0,2,3,1,A01
202100032389,0,2,,0,0,0,1,A01
202100032390,1,7,,0,2,1,1,B01
202100032390,2,33,,0,2,1,13,A01
202100032391,1,33,,0,0,9,1,A01
202100032392,1,34,,15,0,3,1,A01
202100032393,1,1,,0,0,0,1,A01
202100032394,3,7,,6,0,2,1,A01
202100032395,3,31,,0,0,3,14,A01
202100032395,3,7,,0,0,1,13,B01
202100032396,1,7,,7,2,7,19,A01
202100032396,2,7,,0,2,1,1,B01
202100032397,1,32,,0,0,0,1,A01
202100032398,1,7,,0,2,3,10,A01
202100032398,1,33,,0,2,1,1,B01
202100032399,2,7,,0,2,1,17,A01
202100032399,2,1,,0,2,4,15,B01
202100032400,1,7,,0,2,7,17,A01
202100032400,1,7,,4,2,3,1,B01
202100032401,1,33,,0,0,0,10,A01
202100032402,1,7,,0,2,7,19,B01
202100032402,3,7,,0,2,1,1,A01
202100032403,3,7,,0,2,1,16,A01
202100032403,1,50,,0,0,8,1,B01
202100032404,2,30,,0,2,1,17,A01
202100032404,2,7,,0,0,8,15,B01
202100032405,1,17,,0,2,4,2,B01
202100032405,1,7,,0,2,1,2,A01
202100032406,2,10,,4,0,9,1,A01
202100032407,0,1,,0,2,1,16,B01
202100032407,0,7,,0,9,3,1,A01
202100032408,3,10,,0,0,1,1,A01
202100032408,3,7,,0,2,1,5,B01
202100032409,2,7,,0,2,3,21,B01
202100032409,2,1,,0,2,4,26,A01
202100032410,1,33,,0,2,1,1,B01
202100032410,1,7,,0,2,2,15,A01
202100032411,1,7,,0,2,1,1,B01
202100032411,2,7,,0,2,3,15,A01
202100032412,0,2,,0,0,0,1,A01
202100032413,1,2,,12,0,1,1,A01
202100032414,1,33,,4,0,0,17,A01
202100032415,0,1,,0,2,8,15,B01
202100032415,0,7,,0,9,3,17,A01
202100032416,1,7,,0,2,1,1,A01
202100032416,1,7,,0,0,4,23,B01
202100032416,1,1,,0,2,2,1,C01
202100032417,1,7,,0,2,1,19,A01
202100032417,2,7,,0,2,2,1,B01
202100032418,1,7,,0,1,2,1,A01
202100032419,2,7,,0,2,2,1,B01
202100032419,1,7,,0,2,1,19,A01
202100032420,2,7,,0,0,9,0,A01
202100032421,1,43,,0,0,0,2,A01
202100032422,2,7,,0,2,1,2,B01
202100032422,2,10,,0,2,4,2,A01
202100032423,2,7,,1,0,2,14,A01
202100032423,2,7,,0,2,6,24,B01
202100032424,1,7,,0,2,4,2,A01
202100032424,1,7,,0,2,4,2,B01
202100032424,1,7,,0,2,1,2,C01
202100032425,1,33,,14,0,1,21,A01
202100032426,2,17,,0,2,6,11,A01
202100032426,2,7,,0,2,2,1,B01
202100032427,1,7,,0,2,1,2,A01
202100032427,1,7,,0,2,4,2,B01
202100032428,2,17,,0,2,4,0,C01
202100032428,2,7,,0,2,4,2,B01
202100032428,2,17,,0,2,1,2,A01
202100032429,1,7,,0,2,2,1,A01
202100032429,1,7,,0,2,6,1,B01
202100032430,2,7,,0,2,4,1,A01
202100032430,2,15,,0,0,0,0,Z01
202100032431,1,7,,0,2,6,11,B01
202100032431,1,33,,0,2,2,3,A01
202100032432,1,7,,0,2,6,1,Z01
202100032432,1,33,,0,2,2,12,B01
202100032433,2,33,,0,0,9,1,A01
202100032434,1,7,,1,0,9,1,A01
202100032435,2,33,,0,2,1,1,B01
202100032435,1,10,,0,2,3,15,A01
202100032436,2,10,,0,1,2,2,A01
202100032437,1,7,,0,2,2,1,A01
202100032437,2,10,,0,2,3,1,B01
202100032438,1,7,,0,1,1,1,A01
202100032439,3,7,,0,1,3,1,A01
202100032440,2,50,,0,2,1,19,A01
202100032440,1,7,,0,2,3,1,B01
202100032441,3,1,,0,2,1,1,A01
202100032441,3,10,,0,9,0,1,B01
202100032442,1,2,,0,2,8,1,B01
202100032442,1,7,,0,2,7,16,A01
202100032443,1,7,,0,1,1,26,A01
202100032444,1,7,,4,0,1,13,A01
202100032445,2,7,,0,1,3,19,A01
202100032446,2,7,,0,2,6,15,A01
202100032446,2,80,,0,2,1,1,B01
202100032447,3,7,,0,1,1,1,A01
202100032448,2,7,,0,2,6,1,A01
202100032448,2,33,,0,2,2,0,B01
202100032449,3,20,,0,1,1,1,A01
202100032450,3,7,,0,1,3,1,A01
202100032451,3,14,,12,0,3,13,A01
202100032452,1,7,,0,2,4,2,B01
202100032452,1,7,,0,2,1,2,A01
202100032453,1,7,,0,2,4,1,B01
202100032453,1,7,,0,2,3,1,D01
202100032453,1,7,,0,2,1,2,A01
202100032453,1,7,,0,2,2,1,C01
202100032454,1,7,,0,2,4,1,B01
202100032454,1,7,,0,2,1,9,A01
202100032455,2,33,,0,2,1,1,B01
202100032455,2,7,,0,2,4,4,A01
202100032456,1,1,,0,2,8,1,B01
202100032456,2,7,,0,2,1,16,A01
202100032457,3,7,,0,1,2,2,A01
202100032458,1,7,,0,1,2,19,A01
202100032459,0,1,,0,1,1,2,A01
202100032460,3,37,1.0,0,1,1,26,A01
202100032461,1,7,,0,2,1,2,A01
202100032461,1,7,,0,2,4,2,B01
202100032462,1,7,,6,0,1,16,A01
202100032463,3,7,,0,2,2,15,A01
202100032463,2,7,,0,2,3,1,B01
202100032464,1,7,,0,2,3,10,A01
202100032464,1,7,,0,2,3,1,B01
202100032465,0,7,,0,1,4,4,A01
202100032466,3,1,,0,2,7,25,A01
202100032466,0,7,,0,2,7,9,B01
202100032467,0,33,,0,2,2,17,A01
202100032467,0,7,,0,2,6,2,B01
202100032468,1,1,,1,0,1,1,B01
202100032468,1,7,,0,2,3,22,A01
202100032469,3,7,,0,2,1,15,A01
202100032469,3,7,,0,2,1,1,B01
202100032470,1,7,,0,2,3,1,A01
202100032470,2,32,,0,2,1,1,B01
202100032471,1,1,,2,4,1,19,A01
202100032471,2,40,,0,2,2,1,B01
202100032472,3,10,,0,1,1,26,A01
202100032473,1,31,,0,2,0,1,B01
202100032473,3,7,,0,2,2,15,A01
202100032474,2,7,,0,2,4,2,C01
202100032474,2,7,,0,2,1,2,A01
202100032474,2,10,,0,2,4,2,B01
202100032475,3,3,,15,0,1,14,A01
202100032476,1,7,,0,0,1,1,Z01
202100032476,1,1,,0,2,4,1,A01
202100032477,1,99,,0,2,3,0,B01
202100032477,1,20,,0,0,0,0,A01
202100032478,1,7,,0,2,3,1,A01
202100032479,2,33,,0,2,1,2,A01
202100032479,2,7,,0,2,4,1,B01
202100032480,2,1,,0,1,2,25,A01
202100032481,1,7,,0,9,1,1,A01
202100032481,1,1,,0,2,8,9,B01
202100032482,1,7,,0,2,3,10,A01
202100032482,1,31,,0,2,9,1,B01
202100032483,2,7,,0,2,8,1,B01
202100032483,1,2,,0,2,1,1,A01
202100032484,2,7,,0,1,2,1,A01
202100032485,2,7,,0,2,1,15,A01
202100032485,2,7,,0,2,1,1,B01
202100032486,3,7,,0,1,3,15,A01
202100032487,2,7,,14,0,1,13,A01
202100032488,2,10,,0,2,2,15,A01
202100032488,1,34,,0,2,1,1,B01
202100032489,3,30,,0,2,7,19,A01
202100032489,1,7,,0,2,1,1,B01
202100032490,1,32,,0,1,1,1,A01
202100032491,1,10,,0,2,3,9,B01
202100032491,2,7,,0,2,1,1,A01
202100032492,1,33,,0,2,1,18,A01
202100032492,1,17,,0,2,2,16,B01
202100032493,1,7,,0,1,4,4,A01
202100032494,2,30,,0,2,3,1,B01
202100032494,1,7,,0,2,3,13,A01
202100032495,1,1,,0,2,1,1,B01
202100032495,1,7,,0,2,7,26,A01
202100032496,1,33,,0,2,1,0,B01
202100032496,1,7,,0,2,3,1,A01
202100032497,2,1,,0,2,6,19,B01
202100032497,2,7,,0,2,1,1,A01
202100032498,3,1,,0,2,8,0,A01
202100032498,0,7,,0,2,1,19,B01
202100032499,0,7,,0,2,3,9,A01
202100032499,3,1,,0,2,7,2,B01
202100032500,3,7,,0,2,3,9,B01
202100032500,3,7,,0,0,3,19,A01
202100032501,1,7,,0,1,3,1,A01
202100032502,2,7,,0,2,4,1,B01
202100032502,1,7,,0,2,1,2,A01
202100032503,3,7,,0,9,3,17,A01
202100032504,1,31,,0,2,1,1,A01
202100032504,1,7,,0,2,8,19,B01
202100032505,2,10,,0,1,5,16,A01
202100032506,1,30,,0,1,1,17,A01
202100032507,2,30,,0,2,2,3,A01
202100032507,0,7,,0,2,3,15,B01
202100032508,1,1,,0,0,0,21,A01
202100032509,1,10,,0,2,2,15,A01
202100032509,2,43,,0,2,3,1,B01
202100032510,1,30,,0,1,1,16,A01
202100032511,1,7,,0,2,5,16,A01
202100032511,1,1,,0,2,6,7,B01
202100032512,2,33,,0,2,2,15,A01
202100032512,2,7,,0,2,6,15,B01
202100032513,2,7,,0,2,4,1,B01
202100032513,2,33,,0,2,1,1,A01
202100032514,2,14,,0,2,4,23,C01
202100032514,2,30,,0,2,4,23,B01
202100032514,2,10,,0,2,1,1,A01
202100032515,1,33,,0,2,1,2,A01
202100032515,1,7,,0,2,4,2,B01
202100032516,2,32,,0,2,1,1,B01
202100032516,2,50,,0,2,2,19,A01
202100032517,1,1,,0,2,2,17,A01
202100032517,1,1,,0,2,3,13,B01
202100032518,2,34,,14,0,1,14,A01
202100032519,1,1,,0,2,1,1,B01
202100032519,2,1,,0,2,0,10,A01
202100032520,2,43,,0,2,1,1,Z01
202100032520,2,1,,0,2,4,1,A01
202100032521,3,31,,0,2,1,1,A01
202100032521,3,7,,0,2,4,18,B01
202100032522,1,7,,0,1,3,1,A01
202100032523,2,7,,0,2,5,16,A01
202100032523,2,33,,0,2,3,18,B01
202100032524,1,50,,8,0,1,1,A01
202100032525,2,7,,0,1,5,4,A01
202100032526,1,7,,0,2,3,19,A01
202100032526,1,1,,0,0,0,0,B01
202100032527,2,7,,0,2,2,1,A01
202100032528,2,7,,0,1,3,1,A01
202100032529,2,50,,0,1,1,3,A01
202100032530,1,7,,1,0,1,14,A01
202100032530,1,7,,0,0,4,23,B01
202100032531,2,32,,0,1,0,26,A01
202100032532,3,7,,1,1,1,26,A01
202100032533,0,30,,0,0,0,0,B01
202100032533,0,7,,0,0,0,0,A01
202100032534,1,7,,0,2,3,2,A01
202100032534,1,50,,0,2,0,0,Y01
202100032535,1,50,,0,2,1,1,B01
202100032535,1,7,,0,2,7,20,A01
202100032536,2,30,,0,1,1,1,A01
202100032536,2,50,,0,2,8,19,Y01
202100032537,1,7,,0,1,3,21,A01
202100032538,1,32,,0,2,3,26,A01
202100032538,2,50,,0,2,1,25,B01
202100032539,1,10,,0,2,1,26,B01
202100032539,1,13,,0,2,0,0,Z01
202100032539,1,7,,0,2,4,26,A01
202100032540,3,7,,0,2,1,17,A01
202100032540,0,1,,0,2,8,19,B01
202100032541,1,32,,0,2,8,1,A01
202100032541,1,15,,0,2,5,1,B01
202100032542,2,2,,0,2,3,1,B01
202100032542,1,7,,0,2,2,15,A01
202100032543,2,7,,0,2,3,1,A01
202100032543,1,7,,0,2,3,1,B01
202100032544,2,33,,0,2,7,1,A01
202100032544,3,7,,0,2,1,19,B01
202100032545,0,2,,0,0,0,1,A01
202100032546,1,1,,3,0,0,1,B01
202100032546,1,15,,0,0,0,1,A01
202100032547,1,7,,1,0,2,2,B01
202100032547,1,7,,1,0,0,2,A01
202100032548,2,15,,0,0,6,0,B01
202100032548,2,10,,0,2,2,1,A01
202100032549,3,2,,0,0,0,2,A01
202100032550,1,10,,0,1,2,1,A01
202100032551,1,10,,13,0,2,1,A01
202100032552,1,33,,0,2,7,2,B01
202100032552,3,7,,0,2,6,26,A01
202100032553,1,7,,11,0,1,1,A01
202100032554,1,33,,7,0,1,1,A01
202100032555,2,2,,2,0,0,0,A01
202100032556,3,32,,0,0,0,0,A01
202100032557,1,7,,0,2,2,17,B01
202100032557,1,7,,0,2,3,15,A01
202100032558,1,7,,0,2,1,1,A01
202100032558,3,7,,8,2,7,19,B01
202100032559,1,33,,0,0,3,1,A01
202100032560,1,7,,8,0,2,1,A01
202100032561,2,13,,0,2,2,15,B01
202100032561,1,7,,0,2,3,1,A01
202100032562,2,7,,0,2,3,22,A01
202100032562,2,80,,1,0,1,22,B01
202100032563,0,33,,0,6,1,2,A01
202100032564,2,7,,0,2,3,1,B01
202100032564,1,7,,0,2,3,13,A01
202100032565,0,10,,0,2,5,19,A01
202100032565,1,33,,0,2,8,1,B01
202100032566,2,7,,0,2,1,5,B01
202100032566,1,10,,0,2,1,1,A01
202100032567,3,7,,0,0,2,1,A01
202100032567,3,1,,0,2,2,9,B01
202100032568,3,7,,0,1,0,0,A01
202100032569,1,31,,0,2,1,13,A01
202100032569,2,7,,0,2,1,1,B01
202100032570,0,7,,0,9,8,9,A01
202100032570,3,1,,0,2,1,26,B01
202100032571,0,7,,0,2,2,2,A01
202100032571,0,33,,0,2,4,2,B01
202100032572,1,10,,0,2,3,5,A01
202100032572,2,7,,0,2,3,1,B01
202100032573,2,7,,0,2,2,1,A01
202100032573,2,10,,3,0,5,0,B01
202100032574,2,17,,0,0,0,0,A01
202100032575,1,7,,6,0,3,13,A01
202100032576,1,7,,13,0,1,1,A01
202100032577,1,7,,13,0,7,1,A01
202100032578,1,7,,0,0,0,15,B01
202100032578,1,33,,0,0,0,17,A01
202100032579,3,7,,8,0,1,13,A01
202100032580,3,7,,0,1,3,1,A01
202100032581,2,7,,0,2,1,1,B01
202100032581,1,2,,0,2,3,1,A01
202100032582,3,2,,0,2,3,1,A01
202100032582,3,7,,0,2,3,1,B01
202100032583,2,7,,0,9,1,1,A01
202100032583,1,2,,0,2,8,19,B01
202100032584,1,7,,0,2,8,15,B01
202100032584,1,33,,0,2,0,15,A01
202100032585,1,33,,0,2,1,1,B01
202100032585,1,10,,0,2,3,19,A01
202100032586,2,33,,0,2,1,21,A01
202100032586,2,15,,0,0,6,26,B01
202100032587,1,2,,6,0,1,1,A01
202100032588,0,7,,0,1,3,26,A01
202100032589,2,7,,0,0,4,1,B01
202100032589,2,7,,0,2,1,1,A01
202100032590,1,7,,0,2,2,9,A01
202100032590,2,7,,7,2,1,2,B01
202100032591,3,20,,0,1,8,26,A01
202100032592,3,7,,0,2,2,15,A01
202100032592,3,33,,0,2,1,1,B01
202100032593,1,7,,0,0,0,14,A01
202100032594,3,17,,0,1,0,0,A01
202100032595,2,10,,3,2,8,1,B01
202100032595,1,7,,17,0,3,1,A01
202100032596,2,7,,0,2,0,0,A01
202100032596,2,7,,0,2,7,1,B01
202100032596,2,15,,0,0,8,1,C01
202100032597,2,7,,0,0,4,2,B01
202100032597,2,7,,0,2,1,2,A01
202100032598,1,10,,0,2,1,2,C01
202100032598,1,10,,0,2,4,23,B01
202100032598,1,17,,0,0,4,23,A01
202100032599,1,7,,0,2,1,1,B01
202100032599,2,1,,0,2,8,19,A01
202100032600,1,7,,0,2,1,1,A01
202100032600,2,7,,0,2,3,1,B01
202100032601,2,7,,6,2,2,26,B01
202100032601,2,7,,0,2,1,1,A01
202100032602,0,2,,0,0,0,0,A01
202100032603,1,7,,13,9,9,1,A01
202100032604,1,33,,7,0,1,1,A01
202100032605,1,33,,10,0,1,1,A01
202100032606,3,33,,6,0,1,0,A01
202100032607,3,7,,0,2,1,15,A01
202100032607,3,2,,0,2,2,17,B01
202100032608,1,7,,15,0,2,1,A01
202100032609,1,2,,0,0,8,1,B01
202100032609,2,7,,0,0,0,17,A01
202100032610,2,7,,0,2,7,1,A01
202100032610,2,7,,0,2,1,1,B01
202100032611,1,7,,0,2,1,2,A01
202100032611,1,1,,0,0,4,1,B01
202100032612,1,17,,7,2,1,1,B01
202100032612,2,7,,0,2,1,13,A01
202100032613,2,7,,0,2,4,1,A01
202100032613,2,7,,0,2,6,1,B01
202100032613,2,7,,0,2,2,2,C01
202100032614,2,7,,0,2,4,1,A01
202100032614,2,7,,0,2,4,1,B01
202100032614,2,7,,0,2,4,1,C01
202100032614,2,10,,0,2,1,1,D01
202100032615,2,7,,3,0,3,1,A01
202100032616,2,7,,0,2,6,1,A01
202100032616,2,7,,0,2,2,12,B01
202100032617,1,7,,0,0,0,2,A01
202100032618,1,7,,0,2,7,14,A01
202100032618,1,33,,0,2,7,1,B01
202100032618,1,7,,0,2,6,2,C01
202100032618,1,7,,0,2,7,2,D01
202100032619,2,7,,0,2,8,11,A01
202100032619,2,43,,0,2,7,1,B01
202100032620,2,7,,0,2,1,2,A01
202100032620,2,10,,0,2,1,2,B01
202100032620,2,10,,0,2,1,2,C01
202100032620,2,7,,0,2,1,2,D01
202100032620,2,7,,0,2,1,2,E01
202100032620,2,10,,0,2,1,2,F01
202100032621,2,0,,0,1,0,26,Z01
202100032621,1,7,,14,0,1,9,C01
202100032621,1,7,,14,0,1,9,B01
202100032622,1,34,,0,2,0,0,B01
202100032622,1,7,,0,2,0,2,A01
202100032623,1,7,,0,2,4,0,B01
202100032623,1,15,,0,2,1,0,Z01
202100032623,1,7,,0,2,4,26,A01
202100032624,1,7,,0,2,3,2,B01
202100032624,1,33,,0,2,7,2,A01
202100032625,2,7,,9,0,1,12,A01
202100032626,1,14,,0,2,1,2,A01
202100032626,1,7,,0,2,4,2,B01
202100032627,1,7,,0,2,2,16,A01
202100032627,1,31,,0,2,8,3,B01
202100032627,1,7,,0,2,3,1,C01
202100032628,2,33,,0,0,8,26,A01
202100032629,3,7,,0,2,3,1,B01
202100032629,3,7,,0,2,8,5,A01
202100032630,2,30,,0,1,1,1,A01
202100032631,2,10,,0,1,1,1,A01
202100032632,1,7,,0,1,4,20,A01
202100032633,0,7,,0,1,1,1,A01
202100032634,3,10,,0,2,1,13,A01
202100032634,3,7,,0,2,1,1,B01
202100032635,2,7,,0,2,4,2,A01
202100032635,2,7,,0,2,1,2,B01
202100032636,1,33,,0,2,1,21,B01
202100032636,1,7,,0,2,1,15,A01
202100032637,2,1,,0,2,4,2,A01
202100032637,2,7,,0,2,1,16,B01
202100032638,1,7,,0,0,1,1,B01
202100032638,2,1,,0,2,7,5,A01
202100032639,1,7,,14,0,1,26,A01
202100032640,2,99,,0,0,8,25,A01
202100032641,1,50,,0,1,3,1,A01
202100032642,2,7,,0,2,2,1,B01
202100032642,2,30,,0,2,2,9,A01
202100032643,1,7,,0,1,1,16,A01
202100032644,0,17,,4,0,9,13,A01
202100032645,0,7,,0,2,8,1,B01
202100032645,0,7,,8,2,1,1,A01
202100032646,3,7,,0,2,6,19,A01
202100032646,3,7,,0,2,1,1,B01
202100032647,1,7,,0,0,9,1,A01
202100032648,0,50,,0,2,1,1,A01
202100032648,0,7,,0,2,4,1,B01
202100032649,0,7,,0,2,7,15,A01
202100032649,0,7,,0,2,3,1,B01
202100032650,0,7,,0,0,1,15,A01
202100032651,0,7,,0,2,4,1,B01
202100032651,0,7,,0,2,1,1,A01
202100032652,0,7,,0,1,3,1,A01
202100032653,2,33,,0,2,4,2,B01
202100032653,2,7,,0,2,2,1,A01
202100032654,1,7,,0,2,0,0,Z01
202100032654,1,33,,0,2,4,2,A01
202100032655,1,1,,0,2,8,2,B01
202100032655,1,10,,0,2,7,2,A01
202100032656,1,7,,0,2,1,19,A01
202100032656,2,7,,0,2,1,1,B01
202100032657,1,10,,0,2,3,1,B01
202100032657,1,7,,0,2,3,15,A01
202100032658,1,7,,0,1,7,21,A01
202100032659,1,7,,8,4,3,13,A01
202100032659,1,40,,0,2,8,1,B01
202100032660,3,32,,0,9,8,15,A01
202100032661,2,7,,0,2,3,15,A01
202100032661,1,7,,0,2,3,1,B01
202100032662,1,7,,0,1,2,1,A01
202100032663,2,7,,0,2,3,15,A01
202100032663,2,2,,0,2,1,1,B01
202100032664,2,7,,0,2,6,16,B01
202100032664,1,7,,0,2,2,1,A01
202100032665,0,7,,0,2,8,1,A01
202100032665,0,2,,0,2,1,1,B01
202100032666,0,15,,0,1,5,16,A01
202100032667,2,7,,3,0,1,13,A01
202100032668,3,32,,0,0,8,26,A01
202100032669,1,10,,9,1,1,14,A01
202100032670,3,7,,0,2,2,15,B01
202100032670,1,7,,0,2,3,1,A01
202100032671,1,7,,0,2,3,15,B01
202100032671,1,32,,0,2,1,17,A01
202100032672,1,10,,0,1,4,20,A01
202100032673,1,7,,13,0,1,1,A01
202100032674,2,7,,0,2,2,1,B01
202100032674,2,7,,0,2,1,9,A01
202100032675,1,7,,0,1,1,2,A01
202100032676,0,7,,0,2,0,1,A01
202100032676,0,1,,0,2,0,1,B01
202100032677,1,7,,0,2,8,10,A01
202100032677,1,33,,0,2,1,1,B01
202100032678,0,7,,0,1,1,1,A01
202100032679,0,7,,2,0,3,13,A01
202100032680,2,7,,0,2,8,9,B01
202100032680,0,30,,0,0,0,0,A01
202100032681,1,7,,0,1,0,0,A01
202100032682,0,7,,0,2,5,17,A01
202100032682,0,31,,0,2,1,1,B01
202100032683,2,10,,9,0,1,26,A01
202100032683,3,7,,0,2,0,23,B01
202100032684,2,7,,0,2,1,17,A01
202100032684,2,10,,0,2,3,15,B01
202100032685,1,30,,0,2,2,15,A01
202100032685,2,33,,0,2,1,1,B01
202100032686,0,32,,4,0,1,0,A01
202100032687,1,7,,0,2,1,1,A01
202100032687,1,34,,0,2,4,9,B01
202100032688,3,7,,0,2,4,26,B01
202100032688,3,7,,0,2,1,16,A01
202100032689,0,50,,0,0,9,1,A01
202100032690,1,7,,0,1,1,1,A01
202100032691,1,32,,0,2,2,3,B01
202100032691,1,7,,0,2,3,11,A01
202100032692,2,32,,0,2,2,1,B01
202100032692,2,7,,0,2,6,11,A01
202100032693,1,7,,0,2,8,13,Z01
202100032693,1,43,,0,2,2,3,A01
202100032694,2,7,,0,2,1,2,A01
202100032694,2,7,,0,2,4,2,C01
202100032694,2,7,,0,2,4,2,B01
202100032695,1,43,,0,2,5,2,B01
202100032695,1,30,,0,2,2,2,A01
202100032696,2,32,,0,1,1,25,Z01
202100032697,1,7,,0,2,3,22,A01
202100032697,1,50,,0,2,1,1,B01
202100032698,2,1,,0,2,1,2,B01
202100032698,2,10,,0,2,4,23,A01
202100032699,1,7,,0,2,1,1,A01
202100032699,1,43,,0,2,4,23,B01
202100032700,1,7,,0,2,7,1,A01
202100032700,1,80,,0,2,1,1,B01
202100032701,2,1,,0,2,1,1,B01
202100032701,2,14,,0,2,7,16,A01
202100032702,2,30,,0,2,1,1,A01
202100032702,1,7,,0,2,2,1,B01
202100032703,2,1,,0,2,1,1,A01
202100032703,2,7,,0,2,4,23,B01
202100032704,2,7,,0,2,3,15,A01
202100032704,2,31,,0,2,2,1,B01
202100032705,2,50,,0,0,0,21,A01
202100032706,2,1,,0,2,2,15,B01
202100032706,1,33,,0,2,3,1,A01
202100032707,1,80,,12,0,7,14,A01
202100032708,2,10,,0,2,2,17,A01
202100032708,2,50,,0,2,8,2,Y01