Num_Acc,senc,catv,occutc,obs,obsm,choc,manv,num_veh
202100032709,2,99,,0,2,3,10,A01
202100032709,1,7,,0,2,1,26,B01
202100032710,2,7,,0,2,1,1,B01
202100032710,1,7,,0,2,2,9,A01
202100032711,3,7,,1,0,3,1,A01
202100032712,1,7,,0,1,2,26,A01
202100032713,2,7,,0,2,4,7,B01
202100032713,2,37,1.0,0,2,1,2,A01
202100032714,1,7,,0,2,1,2,A01
202100032714,1,7,,0,2,4,2,B01
202100032715,1,7,,9,0,1,1,A01
202100032716,1,1,,0,2,8,1,B01
202100032716,1,7,,0,9,2,1,Z01
202100032717,1,7,,0,2,3,15,A01
202100032717,1,34,,0,2,2,17,B01
202100032718,1,7,,0,0,3,15,B01
202100032718,1,30,,0,2,1,17,A01
202100032719,0,7,,0,0,2,1,A01
202100032719,0,7,,0,0,2,1,B01
202100032720,3,10,,9,0,3,1,A01
202100032721,1,32,,1,0,8,13,A01
202100032722,1,7,,0,2,2,14,A01
202100032722,1,30,,0,2,6,0,B01
202100032723,2,16,,0,2,3,1,A01
202100032723,1,37,2.0,0,2,5,15,B01
202100032724,1,1,,0,1,1,1,A01
202100032725,1,7,,9,0,1,0,A01
202100032726,2,31,,0,2,7,17,A01
202100032726,2,7,,0,2,3,15,B01
202100032727,2,7,,0,2,5,16,A01
202100032727,2,2,,0,2,3,18,B01
202100032728,3,32,,0,2,9,21,B01
202100032728,3,14,,0,2,1,13,A01
202100032729,0,7,,0,2,0,13,B01
202100032729,0,33,,13,0,0,1,A01
202100032730,1,7,,8,0,3,13,A01
202100032731,2,7,,15,0,0,0,A01
202100032732,1,7,,8,0,7,1,A01
202100032733,1,7,,0,2,3,1,A01
202100032733,2,14,,0,2,3,1,B01
202100032734,1,31,,4,0,0,2,A01
202100032735,1,7,,0,2,1,13,A01
202100032735,2,15,,5,2,3,1,B01
202100032736,1,33,,0,2,1,2,A01
202100032736,1,7,,0,2,4,2,B01
202100032737,0,30,,0,2,6,0,B01
202100032737,3,7,,13,2,3,0,A01
202100032738,2,7,,0,0,0,1,A01
202100032739,2,10,,0,2,1,1,B01
202100032739,1,33,,0,2,1,13,A01
202100032740,2,17,,0,2,1,1,A01
202100032740,2,7,,16,2,4,15,B01
202100032740,2,7,,0,2,1,1,C01
202100032741,1,33,,15,0,1,1,A01
202100032742,1,7,,0,2,3,1,C01
202100032742,1,7,,0,2,8,1,B01
202100032742,2,7,,0,2,3,13,A01
202100032743,1,33,,6,0,1,1,A01
202100032744,0,7,,6,0,1,1,A01
202100032745,2,7,,6,0,1,13,A01
202100032746,3,14,,0,2,1,1,B01
202100032746,1,33,,1,0,6,1,A01
202100032747,1,3,,0,2,3,13,A01
202100032747,2,7,,0,2,3,1,B01
202100032748,2,10,,0,2,8,23,C01
202100032748,1,7,,0,2,1,1,B01
202100032748,2,2,,0,2,1,6,A01
202100032749,2,1,,0,2,1,0,B01
202100032749,1,7,,0,9,2,15,A01
202100032750,1,1,,0,0,0,2,B01
202100032751,2,7,,0,0,9,15,A01
202100032752,1,15,,0,2,8,1,B01
202100032752,2,7,,0,2,3,13,A01
202100032753,2,7,,1,0,1,1,A01
202100032754,3,7,,13,0,3,13,A01
202100032755,2,7,,0,0,3,1,B01
202100032755,1,2,,0,2,1,1,A01
202100032756,1,10,,0,9,1,17,A01
202100032756,1,1,,0,2,4,1,B01
202100032757,1,7,,0,1,2,1,A01
202100032758,3,7,,6,0,1,1,A01
202100032759,1,7,,8,0,1,1,A01
202100032760,1,14,,0,2,3,21,B01
202100032760,2,33,,0,2,8,21,A01
202100032761,2,80,,0,2,0,13,B01
202100032761,2,10,,0,2,7,17,A01
202100032762,2,30,,0,2,7,1,B01
202100032762,2,15,,0,2,7,17,A01
202100032763,2,33,,13,0,1,1,A01
202100032764,2,7,,13,0,7,0,A01
202100032765,2,7,,0,2,3,1,A01
202100032765,1,7,,0,2,3,13,B01
202100032766,1,3,,0,2,1,17,B01
202100032766,1,10,,0,2,3,10,A01
202100032767,2,7,,0,2,7,19,B01
202100032767,1,3,,0,2,1,1,A01
202100032768,3,2,,0,0,8,15,A01
202100032769,2,7,,0,0,0,14,A01
202100032770,2,17,,0,2,2,14,A01
202100032770,2,14,,3,0,6,23,B01
202100032771,2,7,,0,2,1,17,A01
202100032771,2,2,,0,2,4,15,B01
202100032772,2,7,,13,9,1,21,A01
202100032773,1,7,,0,0,3,15,B01
202100032773,2,2,,0,0,2,1,A01
202100032774,2,10,,0,0,5,11,B01
202100032774,2,33,,0,2,1,3,A01
202100032775,2,33,,4,0,3,6,A01
202100032775,2,7,,0,0,0,12,B01
202100032776,2,10,,0,2,4,1,B01
202100032776,2,7,,1,2,1,3,A01
202100032776,2,10,,0,2,6,23,C01
202100032777,3,31,,0,2,7,1,B01
202100032777,3,7,,0,2,3,15,A01
202100032778,3,7,,0,1,1,1,A01
202100032779,0,60,,0,0,0,5,A01
202100032780,2,7,,0,2,3,1,B01
202100032780,1,7,,0,2,3,17,A01
202100032781,2,7,,0,1,7,1,A01
202100032782,1,33,,5,0,7,15,A01
202100032783,2,7,,0,2,1,1,A01
202100032783,1,7,,0,2,1,13,B01
202100032784,1,33,,0,2,1,17,A01
202100032784,1,21,,0,0,8,15,B01
202100032785,1,7,,0,2,3,9,A01
202100032785,1,2,,0,2,1,1,B01
202100032786,1,7,,0,2,7,1,B01
202100032786,2,7,,0,2,2,1,A01
202100032787,1,33,,10,0,0,0,A01
202100032787,1,33,,0,0,0,0,B01
202100032788,2,7,,0,2,7,15,A01
202100032788,1,1,,0,2,1,1,B01
202100032789,2,7,,0,2,3,1,A01
202100032789,1,7,,0,2,3,13,B01
202100032790,3,1,,0,0,0,0,A01
202100032791,1,7,,0,9,0,2,A01
202100032791,1,1,,0,2,8,2,B01
202100032792,1,7,,1,0,1,1,A01
202100032793,1,7,,0,2,2,5,A01
202100032793,2,15,,0,2,2,21,B01
202100032794,1,32,,3,0,2,1,A01
202100032795,1,33,,13,0,1,1,A01
202100032796,2,7,,0,2,4,2,B01
202100032796,2,15,,0,2,1,2,A01
202100032797,2,7,,4,0,7,14,A01
202100032798,1,7,,0,2,4,2,E01
202100032798,1,7,,0,2,7,0,D01
202100032798,1,7,,0,2,7,2,C01
202100032798,1,7,,0,2,4,2,B01
202100032798,1,10,,0,2,1,2,A01
202100032799,2,7,,0,2,2,1,B01
202100032799,2,7,,0,2,6,11,A01
202100032800,1,17,,0,2,6,1,B01
202100032800,1,7,,0,2,2,14,A01
202100032801,1,7,,3,0,2,21,A01
202100032802,2,43,,0,2,4,11,B01
202100032802,2,7,,0,2,1,12,A01
202100032803,1,7,,0,2,2,1,B01
202100032803,1,2,,0,2,3,15,A01
202100032804,1,20,,0,2,4,23,A01
202100032804,1,20,,0,2,1,0,B01
202100032805,1,30,,0,1,1,17,A01
202100032806,0,3,,0,1,1,1,A01
202100032807,-1,7,,1,0,0,2,A01
202100032807,-1,7,,0,2,0,1,B01
202100032808,2,10,,0,1,3,1,A01
202100032809,1,10,,0,2,3,1,B01
202100032809,1,7,,0,2,6,15,A01
202100032810,2,7,,0,2,3,9,A01
202100032810,1,30,,0,2,1,1,B01
202100032811,2,31,,0,1,1,1,A01
202100032812,0,10,,0,0,3,1,B01
202100032812,0,30,,0,2,6,17,A01
202100032812,3,10,,0,2,6,0,C01
202100032813,3,33,,0,0,0,26,A01
202100032814,1,30,,0,2,7,9,A01
202100032814,1,33,,0,2,1,1,B01
202100032815,3,2,,0,2,4,26,A01
202100032815,3,7,,0,2,0,0,B01
202100032816,1,10,,4,0,2,16,A01
202100032817,1,30,,0,2,1,9,B01
202100032817,1,7,,0,2,2,1,A01
202100032818,1,7,,0,2,1,15,A01
202100032818,2,60,,0,2,1,1,B01
202100032819,2,7,,0,1,1,1,B01
202100032820,1,7,,0,2,1,1,B01
202100032820,1,7,,0,2,4,23,A01
202100032821,3,7,,0,1,3,1,A01
202100032822,1,7,,0,1,1,12,A01
202100032823,1,10,,0,9,3,16,A01
202100032823,1,1,,0,2,1,1,B01
202100032824,2,7,,0,2,1,19,A01
202100032824,1,50,,0,2,8,1,B01
202100032825,2,7,,0,2,2,1,B01
202100032825,2,7,,0,2,1,9,A01
202100032826,2,7,,0,2,4,2,B01
202100032826,2,7,,0,2,1,2,A01
202100032827,1,30,,13,0,7,14,A01
202100032828,2,7,,13,0,3,13,A01
202100032829,1,7,,1,2,8,9,A01
202100032829,1,7,,0,2,1,1,B01
202100032830,3,33,,0,2,1,17,A01
202100032830,3,7,,0,2,3,21,B01
202100032831,1,34,,0,2,4,2,B01
202100032831,1,7,,0,2,1,2,A01
202100032832,1,7,,0,2,1,1,A01
202100032832,2,7,,0,2,6,1,B01
202100032832,1,7,,0,2,1,1,C01
202100032833,2,7,,0,2,3,11,A01
202100032833,2,7,,0,2,1,1,B01
202100032834,0,37,3.0,0,2,2,1,B01
202100032834,0,7,,0,2,8,15,A01
202100032835,0,7,,0,2,2,1,A01
202100032835,0,7,,0,2,3,15,B01
202100032836,0,33,,0,2,1,2,A01
202100032836,0,7,,0,2,6,2,B01
202100032837,1,7,,0,1,1,1,A01
202100032838,1,7,,1,2,8,1,A01
202100032838,1,37,1.0,0,2,1,1,B01
202100032839,3,38,1.0,0,2,7,1,B01
202100032839,3,30,,0,2,1,9,A01
202100032840,3,7,,0,1,2,1,A01
202100032841,2,7,,0,2,2,0,C01
202100032841,2,7,,0,2,8,0,B01
202100032841,1,7,,0,2,3,13,A01
202100032842,1,7,,0,2,8,23,C01
202100032842,1,7,,0,2,3,15,A01
202100032842,1,7,,0,2,1,1,B01
202100032843,1,10,,0,2,1,2,A01
202100032843,1,7,,0,2,4,23,E01
202100032843,1,7,,0,2,5,23,D01
202100032843,1,7,,0,2,4,23,C01
202100032843,1,7,,0,2,6,23,B01
202100032844,1,7,,0,2,2,16,A01
202100032844,1,1,,0,2,1,1,B01
202100032845,1,7,,0,2,1,9,A01
202100032845,1,1,,0,2,2,1,B01
202100032846,2,7,,0,2,0,16,Z01
202100032846,1,1,,0,2,7,1,A01
202100032847,1,7,,0,2,5,1,B01
202100032847,1,31,,0,2,1,13,A01
202100032848,1,7,,0,2,1,2,A01
202100032848,1,7,,0,2,4,2,B01
202100032848,1,7,,0,2,4,2,C01
202100032849,1,7,,0,2,4,2,B01
202100032849,1,34,,0,2,1,1,A01
202100032850,1,7,,0,1,1,1,A01
202100032851,2,7,,0,1,3,1,A01
202100032852,1,7,,0,2,7,1,B01
202100032852,1,33,,0,2,1,18,A01
202100032853,1,1,,0,2,7,1,B01
202100032853,1,7,,0,2,3,1,A01
202100032854,1,7,,0,2,5,2,B01
202100032854,1,2,,0,2,1,1,A01
202100032855,2,7,,0,2,2,15,A01
202100032855,1,1,,0,2,8,1,B01
202100032856,1,7,,0,2,3,15,A01
202100032856,2,33,,0,2,1,13,B01
202100032857,1,30,,0,0,1,2,A01
202100032858,2,7,,0,2,1,1,B01
202100032858,1,7,,0,2,1,9,A01
202100032859,3,7,,0,2,4,2,C01
202100032859,3,10,,0,2,1,2,B01
202100032859,3,7,,0,2,1,2,A01
202100032860,1,7,,0,2,2,15,A01
202100032860,2,7,,0,2,1,1,B01
202100032861,0,7,,0,2,1,16,A01
202100032861,1,1,,0,2,8,9,B01
202100032862,1,30,,0,2,1,17,A01
202100032862,2,7,,0,2,3,1,B01
202100032863,3,7,,0,2,2,1,A01
202100032863,3,1,,0,2,1,25,B01
202100032864,2,7,,11,0,3,13,A01
202100032865,1,7,,0,1,1,1,A01
202100032866,1,7,,0,1,5,1,A01
202100032867,1,3,,0,2,4,2,B01
202100032867,1,37,1.0,0,2,3,2,C01
202100032867,1,7,,0,2,1,2,A01
202100032868,1,1,,0,2,8,1,A01
202100032868,1,10,,0,9,1,1,B01
202100032869,3,7,,0,9,1,2,A01
202100032869,3,2,,0,2,4,2,B01
202100032870,1,7,,0,9,3,22,A01
202100032870,1,1,,0,2,2,1,B01
202100032871,2,7,,0,1,2,26,A01
202100032872,1,30,,0,0,2,16,A01
202100032873,0,7,,2,0,3,1,A01
202100032874,2,7,,0,2,3,15,A01
202100032874,2,7,,0,2,5,2,B01
202100032875,1,31,,0,2,3,26,A01
202100032875,1,7,,0,2,1,1,B01
202100032876,3,7,,0,2,1,1,B01
202100032876,3,7,,0,2,8,19,A01
202100032877,3,7,,0,2,1,1,A01
202100032877,3,7,,0,2,4,0,B01
202100032878,2,10,,0,2,1,1,C01
202100032878,2,10,,0,2,9,1,B01
202100032878,2,7,,0,2,3,18,A01
202100032879,3,7,,0,2,1,2,A01
202100032879,3,7,,0,2,4,23,B01
202100032880,2,7,,0,1,1,21,A01
202100032881,1,7,,9,0,1,15,A01
202100032882,1,7,,0,2,4,26,A01
202100032882,1,2,,0,2,1,1,B01
202100032883,2,7,,0,2,1,17,A01
202100032883,1,7,,0,2,3,1,B01
202100032883,2,7,,0,2,6,1,D01
202100032884,1,33,,0,2,2,17,A01
202100032884,1,10,,0,2,3,15,B01
202100032885,1,33,,0,1,7,21,A01
202100032886,0,7,,0,2,1,1,A01
202100032886,0,50,,0,2,8,1,B01
202100032887,3,7,,0,2,1,15,A01
202100032887,3,1,,0,2,1,1,B01
202100032888,3,7,,0,2,1,1,B01
202100032888,3,2,,0,2,7,1,A01
202100032889,2,7,,0,2,2,1,A01
202100032889,1,1,,0,2,5,1,B01
202100032890,0,32,,0,1,1,1,A01
202100032891,1,7,,0,2,6,10,B01
202100032891,1,7,,0,2,1,2,A01
202100032892,1,7,,1,0,7,14,A01
202100032892,0,7,,0,2,0,0,C01
202100032892,0,7,,0,2,0,0,B01
202100032893,1,10,,0,2,1,1,A01
202100032893,1,7,,0,2,5,23,B01
202100032894,1,30,,1,2,1,14,A01
202100032894,1,7,,1,0,4,23,B01
202100032895,2,7,,0,1,1,15,A01
202100032896,2,7,,6,0,1,15,A01
202100032897,1,7,,0,2,3,11,A01
202100032897,1,32,,0,2,2,3,B01
202100032898,0,7,,4,0,9,13,A01
202100032899,1,7,,0,1,3,16,A01
202100032900,1,34,,0,1,1,1,Z01
202100032901,1,30,,0,2,1,2,A01
202100032901,1,7,,0,2,4,2,B01
202100032902,1,7,,0,2,7,9,A01
202100032902,1,33,,0,2,3,1,B01
202100032903,1,30,,0,2,2,1,A01
202100032903,2,7,,0,2,2,1,B01
202100032904,2,31,,0,2,8,2,B01
202100032904,1,7,,1,2,1,12,A01
202100032905,1,80,,0,2,1,1,A01
202100032905,2,1,,0,2,3,13,Z01
202100032906,1,30,,0,2,1,18,A01
202100032906,1,38,1.0,0,2,7,16,B01
202100032907,2,7,,0,2,3,9,B01
202100032907,2,32,,0,2,2,1,A01
202100032908,1,33,,1,2,3,1,B01
202100032908,1,7,,1,2,2,9,A01
202100032909,2,99,,0,2,1,15,B01
202100032909,2,50,,0,2,1,1,A01
202100032910,1,30,,0,2,7,17,Z01
202100032910,1,80,,0,2,8,1,A01
202100032911,2,10,,0,1,4,4,A01
202100032912,2,1,,0,2,2,1,A01
202100032912,2,33,,0,2,3,1,B01
202100032913,1,7,,0,2,7,15,A01
202100032913,2,7,,0,2,2,1,B01
202100032914,1,7,,0,4,3,15,B01
202100032914,2,40,,0,2,1,1,A01
202100032915,1,7,,0,2,2,16,A01
202100032915,1,1,,0,2,1,1,B01
202100032916,2,1,,0,2,1,25,A01
202100032916,2,50,,0,2,1,26,B01
202100032917,2,31,,0,2,1,16,A01
202100032917,2,7,,0,2,5,10,B01
202100032918,2,7,,0,2,1,1,A01
202100032918,2,7,,0,2,4,1,B01
202100032919,0,7,,0,2,8,9,A01
202100032919,3,33,,0,2,2,1,B01
202100032920,2,7,,0,0,8,15,B01
202100032920,2,7,,0,2,2,17,A01
202100032921,3,7,,3,0,7,10,A01
202100032921,3,7,,3,2,1,1,B01
202100032922,3,7,,0,0,4,2,C01
202100032922,3,7,,0,2,1,0,B01
202100032922,3,7,,0,2,1,2,A01
202100032923,0,31,,0,2,3,0,B01
202100032923,0,3,,0,2,2,18,A01
202100032924,1,7,,7,0,1,0,A01
202100032925,2,10,,0,1,1,16,A01
202100032926,1,15,,0,1,1,1,A01
202100032927,3,7,,0,2,2,2,B01
202100032927,3,99,,0,2,3,15,A01
202100032928,3,7,,0,2,1,1,A01
202100032928,3,32,,0,2,4,1,B01
202100032929,2,33,,0,1,5,16,A01
202100032930,2,32,,0,1,2,17,A01
202100032931,1,7,,0,1,1,1,A01
202100032932,1,7,,4,0,2,11,A01
202100032933,1,7,,0,2,1,1,B01
202100032933,1,7,,0,2,4,4,A01
202100032934,1,7,,0,2,1,1,C01
202100032934,1,7,,0,2,4,23,B01
202100032934,1,7,,0,2,4,23,A01
202100032935,1,7,,0,2,4,1,A01
202100032935,1,32,,0,2,1,1,B01
202100032936,1,7,,0,2,0,0,C01
202100032936,1,7,,0,2,0,0,B01
202100032936,3,32,,0,2,0,9,A01
202100032937,1,10,,0,1,4,20,A01
202100032938,1,3,,0,2,0,0,C01
202100032938,1,7,,0,2,0,0,B01
202100032938,1,30,,0,2,1,1,A01
202100032939,2,7,,0,2,3,1,B01
202100032939,1,1,,0,2,3,13,A01
202100032940,2,13,,0,2,6,0,D01
202100032940,2,7,,0,2,4,0,C01
202100032940,2,7,,1,2,3,9,B01
202100032940,2,7,,0,2,6,1,F01
202100032940,2,7,,1,2,5,12,A01
202100032941,3,50,,0,2,8,1,B01
202100032941,3,7,,0,9,2,1,A01
202100032942,2,50,,0,2,1,1,A01
202100032942,1,7,,0,2,3,15,B01
202100032943,1,7,,0,2,8,13,Z01
202100032943,1,30,,0,2,5,1,A01
202100032944,2,30,,0,2,3,1,A01
202100032944,1,7,,0,2,2,15,B01
202100032945,2,7,,0,2,3,1,A01
202100032945,2,31,,0,2,2,17,B01
202100032946,2,33,,9,1,1,1,A01
202100032947,1,7,,8,2,2,17,B01
202100032947,1,3,,13,2,3,15,A01
202100032948,3,7,,0,1,2,15,A01
202100032949,1,2,,0,0,4,0,A01
202100032949,1,7,,0,2,1,2,B01
202100032950,3,33,,8,0,0,13,A01
202100032951,1,33,,0,2,1,1,A01
202100032951,1,7,,0,2,8,15,B01
202100032952,3,2,,0,2,4,1,B01
202100032952,1,10,,0,2,3,1,A01
202100032953,3,7,,0,2,3,1,A01
202100032953,3,2,,0,2,1,1,B01
202100032954,1,33,,0,2,2,17,B01
202100032954,1,7,,0,2,3,20,A01
202100032955,2,7,,17,0,2,1,A01
202100032956,2,7,,0,1,2,13,A01
202100032957,1,7,,0,1,3,15,A01
202100032958,3,30,,0,2,1,1,A01
202100032958,3,7,,0,2,1,1,B01
202100032959,3,2,,0,2,1,1,A01
202100032959,3,7,,0,2,2,16,B01
202100032960,1,7,,0,2,3,1,A01
202100032960,1,7,,0,2,5,15,B01
202100032960,2,7,,0,2,3,1,C01
202100032961,1,7,,13,0,1,1,A01
202100032962,1,33,,0,2,3,1,B01
202100032962,2,10,,0,2,1,19,A01
202100032963,1,7,,13,0,9,1,A01
202100032964,0,7,,0,2,7,15,A01
202100032964,0,7,,0,2,1,5,B01
202100032964,0,7,,0,2,9,2,C01
202100032965,2,7,,13,0,1,0,A01
202100032966,2,7,,0,2,3,1,A01
202100032966,1,7,,0,2,1,1,B01
202100032967,1,7,,0,2,2,1,A01
202100032967,2,7,,0,2,2,13,B01
202100032968,1,7,,2,0,7,1,A01
202100032969,2,7,,0,2,1,17,A01
202100032969,1,33,,0,2,1,1,B01
202100032969,2,10,,0,9,0,1,C01
202100032970,2,2,,0,0,0,1,A01
202100032971,1,7,,0,2,8,15,A01
202100032971,1,34,,0,2,7,13,B01
202100032972,3,7,,0,2,1,1,A01
202100032972,3,1,,0,2,8,11,B01
202100032973,3,33,,0,2,1,17,B01
202100032973,3,7,,0,2,3,15,A01
202100032974,1,31,,16,0,0,1,A01
202100032975,1,33,,0,0,8,1,A01
202100032976,1,2,,0,2,0,1,A01
202100032976,0,7,,0,2,8,9,B01
202100032977,1,7,,0,2,4,2,A01
202100032977,1,10,,0,2,4,2,B01
202100032977,1,7,,0,2,4,2,C01
202100032977,1,10,,0,2,1,2,D01
202100032978,2,7,,0,2,4,2,A01
202100032978,2,7,,0,0,0,0,B01
202100032978,2,7,,0,2,1,2,C01
202100032979,0,7,,0,0,0,0,Z01
202100032979,1,7,,0,2,4,0,A01
202100032980,3,32,,0,9,8,1,A01
202100032981,1,7,,3,2,1,21,E01
202100032981,1,7,,3,0,2,21,D01
202100032981,1,3,,3,2,1,21,C01
202100032981,1,7,,3,0,1,21,B01
202100032981,1,7,,3,0,1,6,A01
202100032982,2,7,,0,2,1,0,B01
202100032982,2,7,,0,2,4,0,A01
202100032983,2,10,,0,2,4,1,A01
202100032983,2,7,,0,2,4,1,B01
202100032983,2,7,,0,2,4,0,C01
202100032983,2,7,,0,2,1,1,D01
202100032984,1,7,,0,2,6,1,B01
202100032984,1,17,,0,2,2,12,A01
202100032985,1,7,,0,2,1,21,B01
202100032985,1,7,,0,2,1,21,C01
202100032985,1,7,,0,2,3,1,A01
202100032985,1,0,,0,0,0,0,Z01
202100032986,1,7,,7,0,3,14,A01
202100032987,2,7,,0,2,3,12,B01
202100032987,2,7,,0,2,5,23,A01
202100032988,2,7,,0,2,3,11,A01
202100032988,2,33,,0,2,6,3,B01
202100032989,2,7,,3,0,9,2,A01
202100032990,1,7,,0,0,0,26,A01
202100032991,1,3,,0,2,4,12,B01
202100032991,1,33,,0,2,1,3,A01
202100032992,2,7,,0,2,6,18,A01
202100032992,2,7,,0,2,2,1,B01
202100032992,2,7,,0,2,8,1,C01
202100032993,2,7,,3,0,9,1,A01
202100032994,2,33,,0,2,9,3,A01
202100032994,2,7,,0,2,7,12,B01
202100032994,2,7,,0,2,8,1,C01
202100032995,2,7,,0,2,4,24,B01
202100032995,2,37,1.0,0,2,1,1,A01
202100032996,2,43,,0,2,5,1,B01
202100032996,2,7,,0,2,3,11,A01
202100032997,2,7,,0,2,4,2,A01
202100032997,2,7,,0,2,1,1,B01
202100032997,2,7,,0,2,1,2,C01
202100032998,2,7,,0,2,1,2,A01
202100032998,2,7,,0,2,4,2,B01
202100032998,2,7,,0,2,4,2,C01
202100032999,1,7,,3,0,1,1,A01
202100033000,2,7,,4,0,1,1,A01
202100033001,2,7,,3,0,2,0,A01
202100033002,2,7,,0,2,4,12,B01
202100033002,2,33,,0,2,1,3,A01
202100033003,1,10,,0,2,4,2,B01
202100033003,1,7,,0,2,1,2,A01
202100033003,1,7,,0,2,1,1,E01
202100033003,1,7,,0,2,4,2,D01
202100033003,1,7,,0,2,4,2,C01
202100033004,1,7,,0,1,2,1,A01
202100033005,2,30,,0,1,0,26,A01
202100033006,1,7,,0,1,2,1,A01
202100033007,3,10,,0,9,3,15,A01
202100033007,3,1,,0,2,0,0,B01
202100033008,3,2,,0,2,1,1,B01
202100033008,3,7,,0,2,7,15,A01
202100033009,1,33,,0,2,1,1,B01
202100033009,1,7,,0,2,3,15,A01
202100033010,1,7,,1,0,8,21,A01
202100033010,1,7,,0,2,7,23,B01
202100033010,1,13,,0,2,5,23,C01
202100033011,2,1,,0,2,8,1,B01
202100033011,1,50,,0,2,3,13,Z01
202100033012,2,7,,0,2,4,2,C01
202100033012,2,7,,0,2,4,2,B01
202100033012,2,7,,0,2,1,2,A01
202100033013,1,2,,0,2,4,14,B01
202100033013,1,7,,0,2,1,1,A01
202100033014,2,7,,0,2,2,1,A01
202100033014,2,7,,0,2,6,23,B01
202100033014,2,7,,0,2,0,0,C01
202100033015,1,7,,0,1,2,25,A01
202100033016,1,7,,0,2,1,1,A01
202100033016,1,7,,0,2,4,1,B01
202100033016,1,7,,1,2,4,1,C01
202100033017,2,10,,0,0,4,2,B01
202100033017,2,10,,0,2,1,2,A01
202100033018,2,7,,3,0,1,14,A01
202100033019,1,31,,0,0,7,14,A01
202100033020,2,7,,0,2,6,1,C01
202100033020,2,7,,0,2,3,1,B01
202100033020,1,33,,0,2,1,16,A01
202100033021,3,1,,0,1,1,1,A01
202100033022,3,7,,0,2,4,1,B01
202100033022,3,33,,0,2,1,2,A01
202100033023,2,7,,0,2,4,1,C01
202100033023,2,7,,0,2,1,1,B01
202100033023,2,7,,0,2,1,1,A01
202100033024,2,1,,0,2,8,1,B01
202100033024,2,10,,0,9,5,17,A01
202100033025,-1,7,,0,2,1,1,B01
202100033025,-1,2,,0,2,1,20,A01
202100033026,0,7,,0,1,5,1,A01
202100033027,1,33,,8,0,4,23,B01
202100033027,1,14,,0,2,2,1,A01
202100033028,2,7,,0,2,5,15,B01
202100033028,1,7,,0,0,1,0,A01
202100033029,3,7,,0,1,1,1,A01
202100033030,1,43,,12,0,2,1,A01
202100033031,3,7,,0,1,7,1,A01
202100033032,2,7,,0,1,1,0,A01
202100033033,1,7,,8,2,3,18,A01
202100033033,2,7,,0,2,3,15,B01
202100033034,2,1,,0,2,3,1,B01
202100033034,2,7,,0,9,2,16,Z01
202100033035,1,3,,0,1,3,9,A01
202100033036,1,7,,0,2,1,1,B01
202100033036,2,7,,0,2,1,17,A01
202100033036,2,7,,0,0,0,1,C01
202100033037,1,7,,0,1,1,1,A01
202100033038,2,50,,0,2,1,2,B01
202100033038,1,7,,0,2,2,15,A01
202100033039,1,7,,0,2,4,1,A01
202100033039,1,7,,0,2,3,0,B01
202100033040,1,7,,0,2,4,23,B01
202100033040,1,7,,0,2,1,1,A01
202100033040,2,7,,0,2,8,1,C01
202100033041,1,7,,0,2,1,0,A01
202100033041,2,7,,0,2,1,0,B01
202100033042,1,7,,5,0,1,1,A01
202100033043,1,7,,0,2,1,9,A01
202100033043,1,7,,0,2,1,1,B01
202100033043,1,7,,0,2,2,0,C01
202100033044,1,7,,0,1,1,26,A01
202100033045,1,7,,0,2,1,1,B01
202100033045,2,30,,0,2,7,1,A01
202100033046,1,7,,0,2,4,23,B01
202100033046,1,7,,0,2,1,2,A01
202100033047,3,7,,0,2,8,1,B01
202100033047,3,7,,0,2,1,16,A01
202100033048,3,3,,0,2,4,1,B01
202100033048,3,7,,0,2,1,21,A01
202100033049,2,1,,0,2,1,25,B01
202100033049,3,7,,0,2,2,16,A01
202100033050,2,7,,3,0,1,14,A01
202100033051,2,20,,0,0,0,21,A01
202100033052,2,80,,0,2,7,1,B01
202100033052,1,7,,0,2,1,19,A01
202100033053,2,7,,0,2,3,11,B01
202100033053,2,7,,0,2,1,17,A01
202100033054,2,7,,0,2,1,13,A01
202100033054,1,31,,0,2,1,1,B01
202100033055,3,7,,0,1,1,1,Z01
202100033056,2,7,,0,2,3,15,B01
202100033056,1,30,,0,2,3,1,A01
202100033057,1,31,,0,2,1,1,B01
202100033057,1,7,,0,2,1,1,A01
202100033058,2,7,,0,1,0,0,Z01
202100033059,2,7,,0,2,1,2,A01
202100033059,2,7,,0,2,4,2,B01
202100033060,1,7,,0,1,3,26,A01
202100033061,3,7,,0,2,7,17,A01
202100033061,3,31,,0,2,8,0,B01
202100033062,2,7,,0,2,1,15,A01
202100033062,2,7,,0,2,3,1,B01
202100033062,1,10,,0,2,3,23,C01
202100033062,1,7,,0,2,1,23,D01
202100033063,0,7,,0,2,7,23,C01
202100033063,0,7,,0,2,1,18,Z01
202100033063,0,32,,0,2,0,1,B01
202100033063,0,33,,0,2,4,1,A01
202100033064,1,7,,0,2,1,1,B01
202100033064,1,7,,0,2,3,19,A01
202100033065,1,7,,2,0,1,26,A01
202100033066,1,7,,0,2,1,5,A01
202100033067,1,7,,0,1,1,1,A01
202100033068,1,7,,0,2,1,13,A01
202100033068,2,7,,0,2,1,1,C01
202100033069,2,33,,0,0,7,1,A01
202100033070,1,43,,0,2,7,1,B01
202100033070,1,7,,0,2,8,11,A01
202100033071,2,7,,0,2,1,1,B01
202100033071,1,31,,0,2,8,1,A01