Num_Acc,senc,catv,occutc,obs,obsm,choc,manv,num_veh
202100033072,1,33,,0,1,1,1,Z01
202100033073,2,1,,0,2,4,10,B01
202100033073,2,33,,0,2,1,17,A01
202100033074,1,60,,0,1,6,25,A01
202100033075,2,7,,0,2,7,17,Z01
202100033075,2,1,,0,2,8,1,A01
202100033076,3,7,,0,2,3,9,A01
202100033076,2,30,,0,2,1,7,B01
202100033077,1,34,,0,1,1,1,A01
202100033078,1,10,,0,2,7,16,A01
202100033078,1,33,,0,2,8,18,B01
202100033079,2,1,,0,2,1,5,A01
202100033079,1,10,,0,2,3,1,B01
202100033080,2,30,,14,0,1,13,A01
202100033081,1,7,,0,2,3,2,A01
202100033081,1,30,,0,2,4,23,B01
202100033082,2,10,,0,2,3,22,A01
202100033082,2,80,,0,2,7,1,B01
202100033083,1,32,,0,2,2,15,A01
202100033083,2,80,,0,2,1,1,B01
202100033084,2,10,,0,1,2,1,A01
202100033085,2,30,,0,1,1,7,A01
202100033086,1,30,,0,0,0,16,A01
202100033087,1,7,,0,0,6,2,B01
202100033087,1,2,,0,2,1,15,A01
202100033087,2,7,,0,0,8,5,C01
202100033088,1,7,,0,0,7,1,A01
202100033089,1,33,,0,2,8,1,B01
202100033089,1,10,,0,2,7,21,A01
202100033090,1,33,,0,2,1,1,B01
202100033090,2,7,,0,2,5,15,A01
202100033091,2,7,,0,1,3,1,A01
202100033092,2,7,,9,0,2,2,A01
202100033093,2,7,,0,2,3,1,B01
202100033093,2,10,,0,2,1,15,A01
202100033094,2,7,,6,0,3,1,A01
202100033095,2,7,,0,2,1,2,B01
202100033095,2,7,,0,2,4,16,C01
202100033095,1,7,,0,2,1,26,A01
202100033096,1,7,,0,1,0,20,A01
202100033097,1,34,,0,0,0,17,A01
202100033098,2,7,,0,2,1,0,A01
202100033098,1,38,2.0,0,2,1,0,B01
202100033099,-1,7,,0,1,7,1,A01
202100033100,2,10,,0,2,4,23,A01
202100033100,2,50,,0,2,1,2,B01
202100033101,1,7,,8,0,1,6,A01
202100033102,2,7,,0,1,3,1,A01
202100033103,2,7,,0,2,5,1,Z01
202100033103,2,1,,0,2,5,1,A01
202100033104,2,7,,0,2,7,16,A01
202100033104,2,1,,0,2,1,16,B01
202100033105,2,2,,0,0,7,1,A01
202100033106,1,33,,0,0,1,1,B01
202100033106,1,7,,0,0,2,15,A01
202100033107,1,33,,3,9,2,26,A01
202100033108,1,7,,0,0,9,0,A01
202100033109,2,7,,0,2,3,5,A01
202100033109,1,7,,0,2,3,1,C01
202100033110,2,7,,2,0,3,13,A01
202100033111,1,10,,2,0,2,1,A01
202100033112,1,7,,0,0,4,1,A01
202100033112,1,10,,0,2,1,2,B01
202100033113,0,7,,16,0,9,17,A01
202100033114,3,7,,6,0,1,1,A01
202100033115,3,31,,6,0,1,1,A01
202100033116,1,2,,0,0,9,1,A01
202100033117,3,7,,2,0,3,0,A01
202100033118,2,2,,0,2,3,15,A01
202100033118,1,7,,0,2,3,16,B01
202100033119,3,10,,0,9,7,2,A01
202100033119,3,1,,0,2,4,2,B01
202100033120,2,33,,0,6,1,1,A01
202100033121,3,2,,1,0,1,1,A01
202100033122,2,7,,0,1,3,1,A01
202100033123,1,7,,0,2,3,1,B01
202100033123,1,7,,0,2,2,0,A01
202100033124,2,7,,12,2,1,1,A01
202100033124,1,7,,0,2,1,1,B01
202100033125,3,7,,0,2,1,1,B01
202100033125,0,7,,0,2,1,1,A01
202100033126,1,7,,0,2,1,1,A01
202100033126,1,36,,0,0,4,1,B01
202100033127,1,7,,6,0,3,1,A01
202100033127,2,7,,6,0,3,1,B01
202100033128,3,31,,0,0,7,13,A01
202100033129,1,7,,0,0,1,1,A01
202100033130,1,33,,16,0,0,1,A01
202100033131,3,31,,0,0,0,0,A01
202100033132,1,7,,0,2,3,1,B01
202100033132,2,7,,0,2,3,13,A01
202100033133,1,7,,0,0,4,1,A01
202100033133,1,7,,0,0,4,1,B01
202100033133,1,13,,0,0,1,1,C01
202100033134,0,2,,0,2,3,9,A01
202100033134,0,7,,0,2,1,1,B01
202100033135,2,7,,8,0,1,1,A01
202100033136,1,31,,0,2,1,1,A01
202100033136,1,10,,0,0,6,23,B01
202100033137,2,7,,3,2,1,1,A01
202100033137,2,15,,0,0,4,1,B01
202100033138,2,7,,0,0,4,0,B01
202100033138,2,13,,0,2,1,2,A01
202100033139,1,15,,0,2,6,1,A01
202100033139,1,10,,4,2,2,17,B01
202100033140,2,33,,0,0,7,21,A01
202100033141,1,32,,4,0,8,1,A01
202100033142,1,7,,0,2,3,1,B01
202100033142,1,7,,0,0,4,12,A01
202100033143,1,7,,4,0,7,21,A01
202100033144,2,7,,13,2,1,17,A01
202100033144,2,7,,13,2,4,1,B01
202100033145,2,43,,4,0,0,0,A01
202100033146,3,7,,0,1,1,26,A01
202100033147,2,31,,7,0,0,1,A01
202100033148,2,7,,13,0,1,1,A01
202100033149,1,33,,4,0,7,1,A01
202100033150,1,7,,0,1,1,15,A01
202100033151,2,7,,3,2,8,1,B01
202100033151,2,7,,0,2,2,1,A01
202100033152,2,7,,0,1,1,1,A01
202100033153,2,7,,0,2,3,1,B01
202100033153,1,7,,0,2,3,13,A01
202100033154,2,43,,3,0,2,1,A01
202100033155,2,33,,0,2,1,13,A01
202100033155,1,7,,0,2,3,19,B01
202100033156,2,7,,0,0,3,1,A01
202100033157,1,7,,0,2,1,2,A01
202100033157,1,7,,0,2,4,2,B01
202100033157,1,7,,0,2,5,2,C01
202100033158,2,17,,0,2,0,1,B01
202100033158,2,7,,0,2,1,1,A01
202100033159,2,33,,0,2,1,2,A01
202100033159,2,7,,0,2,4,2,B01
202100033160,1,7,,4,0,1,11,A01
202100033161,2,10,,4,2,7,12,A01
202100033161,2,10,,4,2,8,1,B01
202100033162,2,34,,0,2,8,3,B01
202100033162,2,7,,0,2,2,12,A01
202100033163,2,7,,3,0,1,21,A01
202100033164,2,10,,0,2,4,23,B01
202100033164,2,7,,1,0,1,2,A01
202100033165,2,7,,0,2,7,1,B01
202100033165,2,31,,0,2,8,3,A01
202100033166,1,7,,3,0,3,26,A01
202100033167,2,7,,0,1,1,1,A01
202100033168,1,7,,0,1,1,1,A01
202100033169,1,7,,0,2,3,1,B01
202100033169,1,30,,0,2,1,2,A01
202100033170,1,7,,0,2,1,1,C01
202100033170,1,7,,0,2,1,2,B01
202100033170,1,7,,0,2,3,17,A01
202100033171,2,32,,0,2,9,26,A01
202100033172,1,7,,0,2,2,0,B01
202100033172,2,7,,0,2,3,1,A01
202100033173,0,7,,1,0,0,0,A01
202100033174,2,10,,0,2,1,1,A01
202100033174,2,7,,0,2,4,23,B01
202100033175,3,30,,0,2,0,21,A01
202100033176,3,7,,0,2,2,19,A01
202100033176,1,7,,0,2,3,1,B01
202100033177,3,7,,10,0,8,15,A01
202100033178,2,50,,0,2,1,19,A01
202100033178,1,7,,0,2,8,1,B01
202100033179,1,32,,0,1,1,9,A01
202100033180,3,7,,0,2,2,1,A01
202100033180,1,1,,0,2,4,2,B01
202100033181,1,1,,0,0,0,0,B01
202100033181,1,7,,0,9,0,26,A01
202100033182,2,30,,0,2,1,15,A01
202100033182,1,7,,0,2,3,2,B01
202100033183,1,7,,0,2,3,10,A01
202100033183,1,32,,0,2,1,1,B01
202100033184,1,7,,0,2,4,1,B01
202100033184,2,31,,0,2,1,1,A01
202100033185,1,7,,0,2,3,19,A01
202100033185,1,2,,0,2,1,1,B01
202100033186,2,7,,0,2,7,1,B01
202100033186,3,50,,0,2,1,1,A01
202100033187,2,7,,0,2,8,15,B01
202100033187,2,80,,0,2,1,1,A01
202100033188,1,60,,0,2,8,19,B01
202100033188,1,7,,0,2,1,26,A01
202100033189,1,7,,0,2,1,16,B01
202100033189,2,10,,0,2,2,1,A01
202100033190,2,33,,0,2,1,1,A01
202100033190,2,7,,0,2,8,16,B01
202100033191,3,50,,0,2,1,9,A01
202100033191,3,7,,0,2,2,26,B01
202100033192,3,1,,9,0,1,26,A01
202100033193,0,1,,0,2,0,0,B01
202100033193,2,7,,0,2,5,14,A01
202100033194,1,7,,6,0,1,1,A01
202100033195,2,1,,0,2,7,1,B01
202100033195,2,7,,0,2,7,17,A01
202100033196,0,7,,6,0,1,1,A01
202100033197,1,7,,8,2,2,0,Z01
202100033197,1,7,,0,2,6,2,A01
202100033197,1,7,,1,0,4,26,B01
202100033197,1,7,,2,0,4,0,C01
202100033198,0,7,,0,2,1,1,B01
202100033198,0,3,,0,2,1,15,A01
202100033199,2,7,,9,0,1,19,A01
202100033200,2,7,,0,0,9,1,A01
202100033201,3,33,,0,2,4,12,A01
202100033201,3,7,,0,0,0,0,B01
202100033202,1,30,,0,1,1,26,A01
202100033203,2,32,,0,0,1,26,A01
202100033204,2,7,,0,2,6,1,B01
202100033204,2,7,,0,2,3,14,A01
202100033205,1,7,,0,2,1,2,A01
202100033205,1,7,,0,2,4,2,B01
202100033206,2,7,,0,2,1,15,A01
202100033206,2,31,,0,2,8,1,B01
202100033207,1,50,,0,1,0,1,A01
202100033208,1,32,,0,2,3,18,B01
202100033208,1,7,,0,2,2,1,A01
202100033209,1,1,,0,2,1,1,A01
202100033209,2,1,,0,2,1,13,Z01
202100033210,1,10,,0,2,3,22,A01
202100033210,1,2,,0,2,1,1,B01
202100033211,1,1,,0,2,1,1,B01
202100033211,2,7,,0,2,8,5,A01
202100033212,1,1,,0,1,1,5,A01
202100033213,0,1,,0,2,2,1,B01
202100033213,3,32,,0,2,3,1,A01
202100033214,1,32,,0,1,1,17,A01
202100033215,1,2,,0,2,1,2,B01
202100033215,1,7,,0,0,5,23,A01
202100033216,1,1,,0,2,7,1,B01
202100033216,1,7,,0,2,8,22,A01
202100033217,1,1,,12,0,2,14,A01
202100033218,1,1,,0,2,2,1,A01
202100033218,2,50,,0,2,0,19,Z01
202100033219,3,80,,0,5,8,1,A01
202100033220,1,7,,0,2,1,1,B01
202100033220,2,7,,15,2,3,1,A01
202100033221,2,31,,0,2,7,1,B01
202100033221,1,7,,0,2,3,15,A01
202100033222,1,7,,1,2,8,13,A01
202100033223,1,7,,0,2,1,16,B01
202100033223,2,7,,0,9,4,16,A01
202100033224,0,7,,1,0,2,1,A01
202100033225,3,7,,0,2,2,0,A01
202100033225,0,7,,0,2,6,23,B01
202100033225,0,7,,0,2,4,23,C01
202100033226,3,7,,0,2,2,15,A01
202100033226,3,7,,0,2,1,1,B01
202100033227,1,7,,9,0,1,15,A01
202100033228,2,7,,0,1,1,1,A01
202100033229,1,7,,0,2,7,15,A01
202100033229,2,2,,0,2,1,1,B01
202100033230,1,33,,8,0,1,1,A01
202100033231,2,33,,13,0,1,1,A01
202100033232,1,7,,13,0,1,1,A01
202100033233,2,7,,0,1,2,1,A01
202100033234,1,7,,0,2,2,19,A01
202100033234,2,7,,0,2,2,1,B01
202100033235,1,7,,2,0,1,1,A01
202100033236,1,1,,0,0,9,13,A01
202100033237,1,7,,0,2,3,3,A01
202100033237,2,7,,0,2,3,1,B01
202100033238,2,7,,13,0,1,1,A01
202100033239,3,10,,0,2,8,19,A01
202100033239,2,2,,0,2,1,19,B01
202100033240,2,2,,0,9,1,1,A01
202100033241,1,7,,2,0,1,1,A01
202100033242,1,14,,0,2,7,16,B01
202100033242,3,31,,0,2,8,23,A01
202100033243,3,7,,0,2,3,19,B01
202100033243,1,31,,0,2,1,21,A01
202100033244,1,7,,1,1,2,1,A01
202100033245,1,7,,0,0,3,0,A01
202100033246,2,7,,2,0,1,14,A01
202100033247,1,33,,0,0,6,1,A01
202100033248,2,7,,0,0,9,14,A01
202100033249,1,33,,0,2,2,17,A01
202100033249,1,7,,0,2,6,17,B01
202100033250,3,7,,0,2,1,1,A01
202100033250,3,21,,0,2,3,1,B01
202100033251,1,33,,0,0,7,1,A01
202100033252,1,7,,4,0,2,1,A01
202100033253,2,7,,0,2,1,15,A01
202100033253,1,1,,0,2,8,1,B01
202100033254,1,7,,0,2,1,1,B01
202100033254,2,10,,0,2,7,1,A01
202100033255,1,7,,2,0,1,1,A01
202100033256,1,2,,8,0,1,0,A01
202100033257,1,32,,0,0,0,15,A01
202100033257,1,33,,0,2,1,17,B01
202100033258,2,7,,0,2,1,13,A01
202100033258,1,7,,3,2,3,1,B01
202100033259,3,7,,0,2,8,19,B01
202100033259,0,7,,0,2,1,1,A01
202100033260,2,33,,16,0,3,1,A01
202100033261,3,7,,0,2,7,17,B01
202100033261,3,30,,0,2,8,15,A01
202100033262,2,7,,13,0,1,1,A01
202100033263,1,7,,13,0,1,1,A01
202100033264,1,33,,0,0,1,1,A01
202100033265,3,7,,15,0,3,0,A01
202100033266,1,7,,0,2,3,1,A01
202100033266,1,7,,0,2,2,1,B01
202100033267,1,17,,1,0,2,14,A01
202100033267,1,7,,0,0,6,24,B01
202100033268,1,17,,0,0,7,1,B01
202100033268,1,7,,13,2,1,13,A01
202100033269,1,2,,12,0,8,15,A01
202100033270,2,7,,0,2,1,5,B01
202100033270,1,30,,0,2,1,5,A01
202100033271,1,7,,0,2,3,21,C01
202100033271,2,10,,0,0,6,2,B01
202100033271,2,33,,0,2,1,2,A01
202100033272,1,7,,0,2,1,13,A01
202100033272,2,7,,0,2,1,1,B01
202100033273,2,7,,13,0,3,13,A01
202100033274,3,36,,1,0,1,1,A01
202100033274,0,7,,0,0,3,24,B01
202100033275,3,7,,0,2,1,13,B01
202100033275,3,7,,0,2,1,1,A01
202100033276,1,7,,0,9,1,14,A01
202100033277,2,10,,0,2,2,19,A01
202100033277,3,1,,0,2,3,19,B01
202100033278,1,7,,2,0,3,1,A01
202100033279,2,7,,12,0,1,0,A01
202100033280,1,7,,3,0,3,0,A01
202100033281,2,7,,0,2,6,11,B01
202100033281,2,7,,0,2,2,1,A01
202100033282,1,7,,0,2,7,12,A01
202100033282,1,31,,0,2,1,3,B01
202100033283,1,7,,0,2,2,1,B01
202100033283,1,32,,0,2,1,10,A01
202100033284,1,7,,0,2,4,2,A01
202100033284,2,7,,0,2,1,2,B01
202100033285,2,7,,0,2,4,23,C01
202100033285,2,7,,0,2,4,23,D01
202100033285,2,7,,0,2,1,1,E01
202100033285,2,7,,0,2,4,23,B01
202100033285,2,7,,0,2,4,23,A01
202100033286,1,7,,0,2,4,1,C01
202100033286,1,10,,0,2,1,1,A01
202100033286,1,7,,0,2,4,1,B01
202100033287,2,7,,0,2,1,2,A01
202100033287,2,7,,0,2,4,1,B01
202100033288,2,7,,0,2,4,2,B01
202100033288,2,7,,0,2,1,1,A01
202100033288,2,7,,0,2,4,2,D01
202100033288,2,7,,0,2,4,2,C01
202100033289,1,7,,4,0,1,1,A01
202100033290,1,7,,4,0,1,13,A01
202100033291,1,7,,0,2,4,1,B01
202100033291,1,7,,0,2,1,1,A01
202100033292,1,7,,0,0,9,1,A01
202100033293,2,7,,3,2,1,1,A01
202100033293,2,7,,0,2,6,1,B01
202100033294,2,43,,0,2,1,1,A01
202100033294,2,7,,0,2,4,1,B01
202100033295,1,43,,0,0,0,2,A01
202100033296,3,7,,0,1,1,1,Z01
202100033297,2,1,,0,1,1,1,B01
202100033298,1,7,,0,1,6,4,A01
202100033299,2,33,,0,1,1,1,A01
202100033300,1,7,,0,2,3,13,A01
202100033300,1,2,,0,2,1,1,B01
202100033301,2,1,,0,2,1,5,A01
202100033301,1,10,,0,2,2,15,B01
202100033302,2,7,,0,1,8,0,A01
202100033303,1,7,,0,2,3,1,B01
202100033303,1,10,,0,2,2,9,A01
202100033304,1,1,,0,2,1,1,B01
202100033304,1,7,,0,2,2,19,A01
202100033305,3,50,,0,0,0,1,A01
202100033306,1,7,,8,2,1,19,A01
202100033306,2,7,,8,2,2,1,B01
202100033307,1,7,,0,2,0,2,A01
202100033307,1,7,,1,0,4,2,B01
202100033307,1,33,,0,2,1,2,C01
202100033307,1,0,,0,0,0,0,T01
202100033308,1,7,,0,1,1,1,A01
202100033309,3,3,,0,2,1,13,A01
202100033309,3,7,,0,2,6,1,B01
202100033310,2,7,,6,2,4,16,B01
202100033310,2,7,,0,2,1,1,A01
202100033311,3,7,,0,2,1,1,B01
202100033311,3,7,,0,2,1,15,A01
202100033312,3,7,,0,1,1,26,A01
202100033313,2,1,,12,2,1,1,B01
202100033313,1,10,,0,2,3,17,A01
202100033314,1,7,,0,2,1,15,A01
202100033314,2,7,,0,2,1,9,B01
202100033315,1,33,,0,0,7,1,A01
202100033316,1,7,,11,0,1,1,A01
202100033317,2,50,,0,0,8,1,C01
202100033317,2,7,,0,2,2,14,Z01
202100033317,2,50,,0,2,4,1,B01
202100033318,2,34,,0,2,2,2,B01
202100033318,2,7,,0,2,3,20,A01
202100033319,3,2,,0,2,1,1,A01
202100033319,3,7,,0,2,4,23,B01
202100033320,3,99,,0,2,1,19,A01
202100033320,3,7,,0,0,0,1,B01
202100033321,3,7,,0,2,0,1,B01
202100033321,3,33,,0,2,1,1,C01
202100033321,3,7,,0,2,1,19,A01
202100033322,0,1,,4,0,0,13,A01
202100033323,1,17,,0,2,1,13,A01
202100033323,2,17,,0,2,8,21,B01
202100033324,1,10,,0,2,8,15,A01
202100033324,2,32,,0,2,2,2,B01
202100033325,0,34,,0,2,1,17,B01
202100033325,1,7,,0,2,3,23,A01
202100033326,1,10,,0,2,0,20,A01
202100033326,1,50,,0,2,0,1,B01
202100033327,1,50,,0,2,1,1,A01
202100033327,1,7,,0,2,2,1,B01
202100033328,1,7,,0,2,2,1,Z01
202100033328,1,32,,0,2,4,1,B01
202100033329,1,7,,0,0,9,9,A01
202100033330,1,7,,0,2,4,1,B01
202100033330,1,7,,0,2,1,1,A01
202100033331,1,34,,17,0,9,1,A01
202100033332,3,7,,13,0,3,0,A01
202100033333,1,33,,11,0,1,1,A01
202100033334,3,7,,0,1,2,16,A01
202100033335,0,7,,0,2,3,15,B01
202100033335,0,1,,0,2,8,1,A01
202100033336,1,7,,2,0,1,14,A01
202100033337,3,10,,0,1,5,15,A01
202100033338,1,30,,12,0,2,14,A01
202100033339,1,1,,2,0,1,14,A01
202100033340,3,7,,0,1,4,4,A01
202100033341,2,7,,0,2,4,23,B01
202100033341,2,7,,0,2,1,2,A01
202100033342,3,1,,0,2,8,15,B01
202100033342,0,33,,0,2,1,1,A01
202100033343,1,7,,0,1,1,2,A01
202100033344,3,7,,0,1,3,1,A01
202100033345,2,10,,0,1,2,16,A01
202100033346,2,15,,0,2,2,17,A01
202100033346,2,7,,3,2,3,18,B01
202100033347,1,7,,0,2,1,1,B01
202100033347,1,7,,0,2,1,1,C01
202100033347,1,7,,0,2,4,1,A01
202100033348,2,7,,0,2,6,1,B01
202100033348,2,7,,0,2,3,5,A01
202100033349,2,10,,0,2,1,21,A01
202100033349,2,7,,0,2,5,2,B01
202100033350,1,1,,0,2,1,1,B01
202100033350,2,7,,0,2,6,15,A01
202100033351,2,7,,14,0,1,1,A01
202100033352,2,7,,0,2,7,1,B01
202100033352,3,7,,0,2,1,9,A01
202100033353,1,7,,1,0,2,1,A01
202100033354,2,2,,0,2,8,26,A01
202100033354,1,7,,0,2,2,15,B01
202100033355,2,7,,2,0,1,13,A01
202100033356,0,34,,0,2,1,15,B01
202100033356,0,7,,0,2,1,15,A01
202100033357,2,7,,0,1,3,26,A01
202100033358,2,7,,0,2,1,2,A01
202100033358,2,7,,0,2,4,2,B01
202100033359,0,50,,0,2,1,1,B01
202100033359,0,7,,0,2,3,1,A01
202100033360,1,2,,0,2,1,9,A01
202100033360,1,7,,0,2,2,1,B01
202100033361,1,33,,2,0,1,13,A01
202100033361,1,33,,0,0,0,14,B01
202100033362,1,50,,0,1,1,1,A01
202100033363,2,33,,0,1,1,17,A01
202100033364,3,32,,0,2,1,21,B01
202100033364,3,7,,0,2,3,15,A01
202100033365,2,1,,0,2,1,2,B01
202100033365,1,7,,0,9,3,24,A01
202100033366,1,7,,0,0,4,1,C01
202100033366,1,7,,0,2,9,2,B01
202100033366,1,7,,0,2,1,2,A01
202100033367,1,2,,0,2,4,0,B01
202100033367,1,7,,0,2,1,2,A01
202100033368,1,7,,4,0,1,13,A01
202100033369,1,31,,0,2,7,1,A01
202100033370,2,10,,0,2,3,1,B01
202100033370,1,7,,0,2,1,13,A01
202100033371,2,7,,0,1,1,26,A01
202100033372,0,7,,0,1,7,1,A01
202100033373,2,1,,0,2,4,1,B01
202100033373,2,10,,0,2,2,1,A01
202100033374,3,30,,0,0,0,26,A01
202100033375,3,7,,0,2,1,1,A01
202100033375,3,7,,0,2,4,1,B01
202100033376,3,7,,0,2,3,1,B01
202100033376,3,1,,0,2,2,19,A01
202100033377,1,7,,0,2,2,1,A01
202100033377,1,50,,0,2,8,11,B01
202100033378,2,7,,0,2,1,1,A01
202100033378,1,1,,0,2,8,1,B01
202100033379,1,7,,0,2,1,2,B01
202100033379,2,7,,0,2,1,5,A01
202100033380,2,7,,0,2,1,15,A01
202100033380,2,7,,0,2,1,1,B01
202100033381,1,7,,0,1,1,1,A01
202100033382,1,7,,0,2,1,1,B01
202100033382,1,7,,0,2,4,23,A01
202100033383,2,1,,0,2,8,1,B01
202100033383,1,7,,0,2,1,19,A01
202100033384,1,7,,0,2,2,9,B01
202100033384,1,80,,0,2,3,15,A01
202100033385,3,7,,0,2,2,1,A01
202100033385,3,7,,0,2,6,1,B01
202100033386,0,50,,0,2,8,0,B01
202100033386,0,7,,0,2,1,0,A01
202100033387,3,31,,0,2,1,1,A01
202100033387,3,7,,0,2,6,1,B01
202100033388,3,7,,0,1,2,1,A01
202100033389,2,7,,0,2,1,2,A01
202100033389,2,7,,0,2,4,2,B01
202100033390,1,7,,1,0,1,13,A01
202100033391,2,30,,0,2,2,21,A01
202100033391,2,7,,0,2,3,26,B01
202100033392,2,50,,0,2,1,1,B01
202100033392,1,7,,0,2,8,15,A01
202100033393,1,7,,0,1,3,15,A01
202100033394,2,30,,12,0,3,13,A01
202100033395,2,7,,0,2,4,2,B01
202100033395,2,7,,0,2,1,2,A01
202100033395,2,7,,0,2,4,2,C01
202100033396,1,7,,0,2,1,15,B01
202100033396,2,2,,0,2,1,17,A01
202100033397,3,7,,0,1,1,1,A01
202100033398,0,33,,0,2,8,21,A01
202100033398,0,7,,0,2,6,10,B01
202100033399,1,31,,0,0,0,0,A01
202100033399,1,7,,0,0,3,15,B01
202100033400,1,7,,0,2,4,2,B01
202100033400,1,7,,0,2,1,2,A01
202100033401,1,7,,0,2,1,9,A01
202100033401,1,7,,0,2,4,9,B01
202100033401,1,7,,0,0,4,0,C01
202100033402,1,7,,2,0,1,26,A01
202100033403,2,7,,0,2,1,13,A01
202100033403,1,7,,0,2,1,21,B01
202100033404,1,7,,1,0,1,15,A01
202100033405,3,30,,0,1,1,25,Z01
202100033406,2,33,,0,2,1,16,B01
202100033406,2,7,,0,2,0,0,Z01
202100033407,1,33,,3,0,1,13,A01
202100033408,0,7,,0,2,2,17,A01
202100033408,0,50,,0,2,8,13,B01
202100033409,1,7,,0,2,3,13,B01
202100033409,2,33,,0,2,1,1,A01
202100033410,3,80,,0,1,1,1,A01
202100033411,1,7,,0,1,3,1,A01
202100033412,2,7,,14,2,2,15,B01
202100033412,2,7,,8,2,3,26,A01
202100033413,2,32,,0,2,1,2,B01
202100033413,2,7,,0,2,7,16,Z01
202100033414,1,33,,15,0,1,26,A01
202100033415,1,7,,0,1,1,1,Z01
202100033416,2,7,,0,2,4,2,B01
202100033416,0,7,,0,2,3,2,A01
202100033417,1,2,,0,2,0,2,B01
202100033417,0,7,,0,2,6,15,A01
202100033418,2,7,,0,2,2,14,A01
202100033418,2,33,,0,2,6,1,B01
202100033419,2,10,,0,2,5,1,B01
202100033419,2,33,,0,2,1,3,A01
202100033420,1,7,,14,0,2,13,Z01
202100033421,1,32,,0,2,2,3,A01
202100033421,1,7,,0,2,8,11,B01
202100033422,2,7,,0,2,1,2,Z01
202100033422,2,30,,0,2,6,2,A01
202100033423,1,34,,0,2,1,1,B01
202100033423,1,1,,0,2,8,8,A01
202100033424,0,7,,0,1,1,16,Z01
202100033425,1,1,,0,2,3,7,B01
202100033425,1,7,,0,2,2,17,A01
202100033426,2,31,,0,2,2,1,A01
202100033426,2,7,,0,2,3,16,B01
202100033427,0,33,,0,1,2,1,A01
202100033428,0,7,,0,1,1,1,A01
202100033429,1,7,,0,2,4,2,B01
202100033429,1,1,,0,2,1,2,A01
202100033430,2,7,,0,1,1,1,Z01
202100033431,1,7,,1,0,3,1,A01
202100033432,2,30,,0,2,2,17,A01
202100033432,2,7,,0,2,3,15,B01
202100033433,1,32,,14,0,0,14,A01
202100033434,3,7,,0,2,1,19,A01
202100033434,3,7,,0,2,8,19,B01
202100033435,2,7,,0,1,1,1,A01
202100033436,1,7,,0,9,3,15,A01
202100033436,1,1,,0,2,1,1,B01
202100033437,1,7,,0,2,1,26,A01
202100033438,1,7,,0,2,1,2,A01
202100033438,1,7,,0,2,4,23,B01
202100033438,1,10,,0,2,4,23,C01
202100033439,1,7,,0,2,3,15,A01
202100033439,1,32,,0,2,2,3,B01
202100033440,1,10,,0,2,8,24,A01
202100033440,1,1,,1,0,0,1,B01
202100033441,1,7,,0,2,7,1,A01
202100033441,1,7,,0,2,1,1,B01
202100033442,1,7,,0,2,4,1,D01
202100033442,1,7,,0,2,4,1,C01
202100033442,1,7,,0,2,4,1,B01
202100033442,1,7,,0,2,1,2,A01
202100033443,1,7,,0,2,7,1,A01
202100033443,1,2,,0,2,8,9,B01
202100033444,1,32,,1,0,1,1,A01
202100033445,2,7,,0,1,1,1,A01
202100033446,2,1,,0,2,8,1,Y01
202100033446,0,7,,0,2,1,1,B01
202100033447,1,7,,0,2,1,1,A01
202100033447,2,7,,0,2,5,9,B01
202100033448,1,7,,0,2,1,1,C01
202100033448,2,7,,3,2,6,1,B01
202100033448,1,7,,0,2,3,13,A01
202100033449,1,33,,0,2,1,2,B01
202100033449,1,33,,0,0,4,2,A01
202100033450,1,33,,0,2,1,1,B01
202100033450,2,7,,0,2,2,19,A01
202100033451,1,10,,0,2,3,1,B01
202100033451,2,33,,0,2,1,1,A01
202100033452,1,7,,0,2,3,1,B01
202100033452,2,7,,0,2,1,13,A01
202100033453,1,33,,0,2,1,1,B01
202100033453,2,7,,0,2,5,15,A01
202100033454,3,7,,8,0,1,1,A01
202100033455,2,2,,0,2,3,1,B01
202100033455,1,7,,0,2,8,5,A01
202100033456,2,7,,0,2,7,17,B01
202100033456,1,2,,12,0,0,1,A01
202100033457,2,7,,2,0,1,1,A01
202100033458,1,7,,0,2,1,5,A01
202100033458,2,7,,8,2,1,21,B01
202100033458,2,10,,0,2,2,21,C01
202100033459,2,2,,7,0,7,1,A01
202100033460,2,3,,0,2,1,21,C01
202100033460,2,7,,0,2,8,23,B01
202100033460,1,2,,1,1,1,17,A01
202100033461,0,7,,15,0,2,1,A01
202100033462,1,7,,6,0,1,0,A01
202100033463,0,7,,0,2,1,1,B01
202100033463,0,7,,0,2,1,1,A01
202100033464,2,33,,2,0,1,1,A01
202100033465,2,7,,0,0,3,1,B01
202100033465,1,7,,0,0,3,13,A01
202100033466,1,7,,13,0,8,16,A01
202100033467,2,7,,0,9,1,9,A01
202100033467,2,1,,0,2,7,1,B01
202100033468,1,7,,0,2,1,1,B01
202100033468,2,7,,0,2,1,13,A01
202100033469,0,1,,0,2,3,15,A01
202100033469,2,7,,0,2,1,1,B01
202100033470,1,7,,2,0,8,1,A01
202100033471,3,7,,6,1,1,20,A01
202100033472,2,7,,8,9,1,2,A01
202100033473,1,33,,0,2,1,17,A01
202100033473,2,7,,0,2,1,1,B01
202100033474,3,7,,0,0,3,1,B01
202100033474,3,7,,0,2,3,1,A01
202100033475,2,33,,14,0,1,1,A01
202100033476,2,31,,0,0,8,1,A01