Num_Acc,senc,catv,occutc,obs,obsm,choc,manv,num_veh
202100033477,2,36,,0,2,9,1,A01
202100033477,1,7,,0,2,3,1,B01
202100033477,2,7,,0,2,1,23,D01
202100033478,1,7,,16,0,2,2,A01
202100033479,1,33,,0,6,1,1,A01
202100033480,1,7,,2,0,7,1,A01
202100033481,1,7,,2,0,2,1,A01
202100033482,2,7,,0,2,3,1,B01
202100033482,2,2,,0,2,8,15,A01
202100033483,1,7,,2,0,1,1,A01
202100033484,1,2,,0,2,3,1,B01
202100033484,1,3,,0,2,6,20,A01
202100033485,3,7,,0,2,2,15,A01
202100033485,3,7,,0,2,3,1,B01
202100033486,3,2,,1,0,2,0,A01
202100033487,2,7,,9,0,5,6,A01
202100033487,1,7,,0,2,1,5,B01
202100033488,2,7,,4,0,3,1,A01
202100033489,2,38,12.0,1,0,2,1,A01
202100033489,2,14,,0,0,6,24,B01
202100033490,1,7,,3,0,2,17,A01
202100033491,2,7,,4,0,2,1,A01
202100033492,1,7,,16,0,1,1,A01
202100033493,0,1,,0,2,1,19,A01
202100033493,1,7,,0,0,8,1,B01
202100033494,2,33,,13,0,1,0,A01
202100033495,2,7,,0,2,1,11,B01
202100033495,1,7,,0,2,1,1,A01
202100033496,2,2,,0,2,1,16,B01
202100033496,1,7,,0,2,3,1,A01
202100033497,2,7,,13,0,7,14,A01
202100033498,2,7,,0,2,2,1,B01
202100033498,1,7,,3,2,7,17,A01
202100033499,1,7,,0,2,7,1,B01
202100033499,3,7,,0,2,1,9,A01
202100033500,1,7,,2,0,1,0,A01
202100033501,3,7,,2,0,0,0,A01
202100033502,3,13,,0,1,5,4,A01
202100033503,3,1,,0,1,1,1,A01
202100033504,2,7,,0,2,3,1,B01
202100033504,1,7,,8,2,1,13,A01
202100033505,3,7,,0,2,5,19,A01
202100033505,1,33,,0,2,1,1,B01
202100033506,2,17,,0,2,8,15,B01
202100033506,2,33,,0,2,8,17,A01
202100033507,1,7,,0,2,3,2,B01
202100033507,1,2,,0,0,4,2,A01
202100033508,2,7,,0,2,4,1,A01
202100033508,2,7,,0,2,1,1,B01
202100033509,2,7,,4,5,1,26,A01
202100033510,2,7,,0,2,1,1,A01
202100033510,2,7,,0,2,4,2,B01
202100033510,2,7,,0,2,0,2,C01
202100033510,2,7,,0,2,4,2,D01
202100033511,1,33,,0,2,1,2,A01
202100033511,2,7,,0,2,1,1,C01
202100033511,2,7,,0,2,4,1,B01
202100033512,2,7,,0,2,4,2,C01
202100033512,2,7,,0,2,4,2,B01
202100033512,2,10,,0,2,1,2,A01
202100033513,2,7,,4,2,0,26,A01
202100033514,1,33,,0,2,3,3,A01
202100033514,1,7,,0,2,3,12,B01
202100033515,2,7,,3,2,4,2,B01
202100033515,2,33,,0,2,8,18,A01
202100033515,2,14,,0,2,0,0,Z01
202100033516,2,7,,0,2,2,2,C01
202100033516,2,7,,0,2,3,2,B01
202100033516,2,33,,0,2,1,2,A01
202100033517,1,10,,0,2,0,0,Z01
202100033517,1,32,,0,2,3,2,A01
202100033518,1,10,,0,2,1,21,B01
202100033518,1,7,,0,2,1,26,Z01
202100033519,1,7,,0,2,1,2,Z01
202100033519,1,7,,0,2,4,12,B01
202100033519,1,7,,0,2,4,13,C01
202100033520,2,7,,0,2,2,12,A01
202100033520,2,7,,0,2,6,1,B01
202100033521,1,33,,0,2,8,3,B01
202100033521,1,7,,0,2,2,14,A01
202100033522,1,31,,2,0,1,2,A01
202100033523,1,7,,0,2,4,1,C01
202100033523,1,7,,0,2,1,1,D01
202100033523,1,10,,0,2,4,1,B01
202100033523,1,7,,0,2,4,1,A01
202100033524,2,7,,0,2,4,1,B01
202100033524,2,7,,0,2,1,1,A01
202100033525,1,34,,0,2,1,3,B01
202100033525,1,7,,0,2,2,12,A01
202100033526,1,7,,16,1,4,19,A01
202100033527,2,0,,0,1,1,1,Z01
202100033528,3,7,,0,2,3,1,B01
202100033528,3,7,,0,2,3,13,A01
202100033529,1,7,,0,2,3,15,B01
202100033529,1,30,,0,2,1,1,A01
202100033530,1,33,,0,2,7,15,A01
202100033530,1,7,,0,2,3,15,B01
202100033531,3,7,,1,1,2,1,A01
202100033532,1,7,,0,1,8,15,A01
202100033533,3,40,,0,1,2,1,A01
202100033534,1,7,,0,2,2,15,A01
202100033534,1,7,,0,2,3,1,B01
202100033534,2,7,,0,2,3,1,C01
202100033535,1,7,,4,0,3,1,A01
202100033536,1,30,,0,2,1,2,A01
202100033536,1,50,,0,2,4,2,B01
202100033537,1,7,,0,2,2,16,B01
202100033537,1,34,,0,2,3,1,A01
202100033538,3,32,,0,2,1,1,B01
202100033538,3,31,,0,2,1,1,A01
202100033539,0,10,,0,1,1,0,A01
202100033540,2,0,,0,2,8,19,B01
202100033540,1,1,,0,2,1,1,A01
202100033541,3,10,,0,2,3,23,B01
202100033541,3,30,,0,2,1,26,A01
202100033542,2,33,,1,0,0,21,B01
202100033542,1,7,,0,0,0,0,A01
202100033542,1,7,,0,1,4,0,C01
202100033543,1,7,,0,1,1,16,A01
202100033544,2,50,,12,0,1,26,A01
202100033545,2,7,,0,2,8,1,B01
202100033545,2,3,,0,2,1,19,A01
202100033546,1,10,,0,2,1,13,A01
202100033546,2,17,,0,2,8,1,B01
202100033547,2,7,,0,2,4,2,B01
202100033547,2,7,,15,0,1,2,A01
202100033548,3,7,,0,2,2,1,A01
202100033548,3,50,,0,0,0,0,B01
202100033549,3,17,,0,2,1,26,A01
202100033549,3,17,,0,2,6,2,B01
202100033549,3,10,,0,2,7,2,C01
202100033549,3,17,,0,2,1,1,F01
202100033549,3,7,,0,2,9,2,E01
202100033549,3,7,,0,2,4,2,D01
202100033550,0,7,,0,2,1,0,C01
202100033550,0,7,,0,2,1,0,B01
202100033550,0,7,,0,2,1,0,A01
202100033551,2,7,,1,0,2,14,A01
202100033552,1,7,,0,2,3,0,B01
202100033552,2,7,,0,2,1,0,A01
202100033553,1,7,,0,1,3,1,A01
202100033554,1,7,,0,2,4,23,B01
202100033554,1,7,,0,2,1,2,A01
202100033555,3,33,,0,2,3,1,B01
202100033555,3,7,,0,2,3,1,A01
202100033556,3,7,,0,2,1,2,A01
202100033556,3,7,,0,2,3,0,B01
202100033557,1,7,,0,2,1,15,A01
202100033557,1,7,,0,2,8,1,B01
202100033558,0,60,,0,2,0,0,B01
202100033558,3,7,,0,2,1,0,A01
202100033559,1,7,,0,1,3,19,A01
202100033560,1,7,,0,2,1,15,A01
202100033560,2,7,,0,2,1,1,B01
202100033561,0,10,,0,2,3,1,B01
202100033561,0,1,,0,2,3,15,A01
202100033562,3,7,,0,1,4,20,A01
202100033563,1,30,,12,0,3,0,A01
202100033564,3,1,,0,2,1,1,A01
202100033564,3,7,,0,2,8,15,B01
202100033565,3,7,,0,2,3,15,B01
202100033565,2,32,,0,2,2,1,A01
202100033566,1,7,,0,1,1,26,A01
202100033567,1,7,,0,2,3,19,A01
202100033567,1,33,,0,2,4,16,B01
202100033568,3,7,,0,2,1,26,A01
202100033568,3,7,,0,2,2,26,B01
202100033569,1,7,,0,2,1,19,A01
202100033569,0,1,,0,2,8,1,B01
202100033570,0,3,,0,2,1,17,A01
202100033570,0,7,,0,2,1,1,B01
202100033571,3,1,,0,2,6,1,A01
202100033571,3,7,,0,2,2,2,Z01
202100033572,2,50,,0,2,1,5,A01
202100033572,1,7,,0,2,1,1,B01
202100033573,0,7,,0,2,1,9,A01
202100033573,1,2,,0,2,7,1,B01
202100033574,1,7,,0,1,2,1,A01
202100033575,1,7,,0,2,2,1,Z01
202100033575,2,1,,0,2,8,19,A01
202100033576,2,1,,0,0,0,1,A01
202100033577,2,30,,0,1,5,1,A01
202100033578,3,2,,0,2,1,1,B01
202100033578,3,7,,0,9,3,15,A01
202100033579,0,37,1.0,0,1,2,26,A01
202100033580,0,0,,0,2,1,9,Z01
202100033580,1,1,,0,2,1,19,B01
202100033581,1,7,,0,2,0,1,B01
202100033581,1,2,,0,2,0,15,A01
202100033582,2,30,,0,2,1,2,A01
202100033582,2,7,,0,0,4,16,B01
202100033583,0,2,,0,2,1,9,A01
202100033583,0,37,1.0,0,2,3,1,B01
202100033584,3,1,,0,4,1,1,A01
202100033585,1,7,,0,2,3,15,A01
202100033585,1,2,,0,2,3,1,B01
202100033586,2,7,,0,2,5,15,A01
202100033586,1,33,,0,2,2,21,B01
202100033587,2,31,,0,2,1,17,A01
202100033587,2,7,,0,2,8,15,B01
202100033588,0,7,,6,1,1,1,A01
202100033589,2,1,,0,2,8,1,B01
202100033589,2,7,,0,2,1,16,A01
202100033590,1,7,,0,1,3,1,A01
202100033591,3,33,,0,2,5,1,B01
202100033591,2,7,,0,2,3,9,A01
202100033592,3,1,,0,2,7,1,A01
202100033592,3,7,,0,2,0,15,Z01
202100033593,3,7,,0,2,5,23,B01
202100033593,3,33,,0,2,1,18,A01
202100033594,1,7,,0,2,7,1,B01
202100033594,1,50,,0,2,1,19,A01
202100033595,1,7,,6,2,1,13,A01
202100033595,2,7,,0,2,2,1,B01
202100033596,2,7,,4,0,9,14,A01
202100033597,3,30,,0,0,0,0,A01
202100033598,2,10,,14,0,1,2,A01
202100033598,2,7,,14,0,4,23,D01
202100033598,2,7,,14,0,4,23,C01
202100033598,2,7,,14,0,4,23,B01
202100033599,3,7,,0,2,1,9,A01
202100033599,3,1,,0,2,2,1,B01
202100033600,1,33,,1,0,1,17,A01
202100033601,2,2,,0,2,1,1,B01
202100033601,1,7,,0,2,3,15,A01
202100033602,1,10,,0,2,4,23,B01
202100033602,1,80,,0,2,1,1,A01
202100033603,3,7,,0,1,2,1,A01
202100033604,2,1,,0,0,0,23,A01
202100033605,1,10,,0,1,3,1,A01
202100033606,1,7,,0,2,3,13,A01
202100033606,2,7,,0,2,3,1,B01
202100033607,1,14,,8,0,1,1,A01
202100033608,1,7,,0,2,8,9,A01
202100033608,1,32,,0,2,0,0,B01
202100033609,1,7,,9,0,1,26,A01
202100033610,2,7,,0,2,4,1,B01
202100033610,2,7,,0,2,4,1,C01
202100033610,2,10,,0,2,1,1,A01
202100033611,3,33,,0,2,1,1,B01
202100033611,0,7,,0,2,2,15,A01
202100033612,2,40,,0,2,1,1,B01
202100033612,1,7,,0,4,8,15,A01
202100033613,1,32,,0,2,1,1,B01
202100033613,2,1,,0,2,8,15,A01
202100033614,1,7,,0,2,1,1,A01
202100033614,1,7,,0,2,1,1,B01
202100033615,2,7,,0,1,1,26,A01
202100033616,1,33,,0,0,8,1,A01
202100033617,1,37,2.0,0,2,3,2,C01
202100033617,0,7,,0,0,7,0,D01
202100033617,0,7,,0,0,7,0,E01
202100033617,2,7,,0,2,8,1,B01
202100033617,1,7,,0,2,3,13,A01
202100033618,1,32,,0,1,1,3,A01
202100033619,0,31,,0,2,1,1,A01
202100033619,0,7,,0,2,4,1,B01
202100033620,1,33,,0,2,7,1,B01
202100033620,1,7,,0,2,1,10,Z01
202100033621,1,7,,0,0,1,0,A01
202100033621,1,7,,0,0,5,0,B01
202100033622,3,7,,0,2,8,13,A01
202100033622,3,7,,0,2,2,1,B01
202100033623,1,7,,0,1,2,1,A01
202100033624,1,7,,0,0,1,1,A01
202100033625,2,7,,0,2,8,11,B01
202100033625,2,7,,0,2,8,1,C01
202100033625,2,33,,0,2,7,3,A01
202100033626,1,7,,0,2,2,1,A01
202100033626,1,80,,0,2,4,19,B01
202100033627,2,32,,0,1,1,5,A01
202100033628,1,7,,0,1,2,1,A01
202100033629,1,1,,0,2,8,9,B01
202100033629,2,1,,0,2,1,5,A01
202100033630,2,7,,0,2,3,15,A01
202100033630,2,30,,0,2,7,17,B01
202100033631,1,50,,0,1,1,1,A01
202100033632,2,30,,0,2,6,1,B01
202100033632,2,7,,0,2,1,1,A01
202100033633,1,80,,0,0,0,21,A01
202100033634,2,10,,0,2,3,15,B01
202100033634,2,30,,0,2,3,17,A01
202100033635,3,1,,0,0,0,1,A01
202100033636,1,33,,0,0,8,1,A01
202100033637,1,7,,0,2,2,2,A01
202100033637,1,80,,0,2,4,23,B01
202100033638,2,30,,0,2,6,9,A01
202100033638,2,1,,0,2,1,1,B01
202100033639,1,33,,0,2,6,15,A01
202100033639,1,7,,0,2,2,15,Z01
202100033640,2,40,,0,1,7,1,A01
202100033641,1,7,,0,2,2,16,B01
202100033641,1,32,,0,2,7,1,A01
202100033641,1,7,,0,2,4,24,C01
202100033642,1,1,,0,1,8,15,A01
202100033643,2,10,,0,1,5,4,A01
202100033644,1,7,,0,2,3,15,A01
202100033644,1,1,,0,2,1,1,B01
202100033645,2,7,,0,2,3,10,A01
202100033645,1,33,,0,2,0,1,B01
202100033646,1,33,,0,2,1,2,A01
202100033646,1,43,,0,2,4,2,B01
202100033647,0,80,,0,2,0,1,B01
202100033647,0,32,,0,2,0,1,A01
202100033648,1,1,,0,0,0,1,A01
202100033649,1,1,,0,1,2,7,A01
202100033650,1,33,,0,2,0,17,A01
202100033650,1,7,,0,2,8,15,B01
202100033651,2,1,,0,2,1,1,B01
202100033651,2,1,,0,2,1,13,A01
202100033652,2,30,,14,2,1,2,B01
202100033652,2,7,,0,2,3,26,A01
202100033653,2,33,,0,2,7,17,B01
202100033653,1,7,,0,2,1,16,A01
202100033654,2,7,,0,9,5,17,A01
202100033654,2,1,,0,2,1,15,B01
202100033655,1,7,,0,2,1,2,A01
202100033655,1,7,,0,2,4,2,B01
202100033656,2,7,,0,2,3,15,B01
202100033656,1,32,,0,2,1,1,A01
202100033657,3,7,,0,2,1,2,A01
202100033657,3,7,,0,2,4,2,B01
202100033658,1,7,,0,2,3,0,A01
202100033658,1,7,,0,2,7,1,B01
202100033658,1,7,,0,2,8,23,C01
202100033658,2,7,,0,2,1,23,D01
202100033658,2,7,,0,2,1,23,E01
202100033658,3,7,,0,2,4,2,F01
202100033659,0,99,,0,2,3,15,A01
202100033659,0,30,,0,2,2,2,B01
202100033660,2,10,,0,2,3,1,A01
202100033660,1,7,,0,2,2,1,B01
202100033661,3,7,,0,1,0,0,A01
202100033662,2,10,,6,0,1,26,SA01
202100033663,3,7,,11,0,3,13,A01
202100033664,1,33,,0,2,1,26,A01
202100033664,1,7,,0,2,4,2,B01
202100033664,1,7,,0,2,4,2,C01
202100033665,1,7,,0,2,1,2,A01
202100033665,1,7,,0,2,4,16,B01
202100033666,0,7,,0,0,0,0,C01
202100033666,0,7,,0,0,0,0,B01
202100033666,0,7,,0,2,4,20,A01
202100033667,3,37,1.0,0,2,1,1,A01
202100033667,3,7,,0,0,4,2,B01
202100033668,2,1,,0,2,7,12,B01
202100033668,2,43,,0,2,1,1,A01
202100033669,1,2,,0,2,0,0,A01
202100033670,1,7,,0,9,3,15,A01
202100033671,3,7,,0,2,1,21,A01
202100033671,1,7,,0,2,1,2,B01
202100033672,1,50,,0,2,2,1,B01
202100033672,1,10,,0,9,3,20,A01
202100033673,1,15,,0,2,3,15,B01
202100033673,2,7,,0,2,3,1,A01
202100033674,2,1,,0,0,0,0,A01
202100033675,1,7,,0,2,6,15,B01
202100033675,1,32,,0,2,0,17,A01
202100033676,3,7,,0,2,4,23,A01
202100033676,3,15,,0,2,2,1,B01
202100033677,3,37,1.0,0,2,2,16,B01
202100033677,3,32,,0,2,8,18,A01
202100033678,0,2,,0,2,1,1,B01
202100033678,0,3,,0,2,5,9,A01
202100033679,1,7,,0,2,4,23,A01
202100033679,1,60,,1,0,1,1,B01
202100033680,1,1,,0,2,0,0,B01
202100033680,1,30,,0,2,0,15,A01
202100033681,1,50,,0,0,1,1,A01
202100033682,0,80,,8,0,1,0,A01
202100033683,1,60,,0,0,0,15,A01
202100033684,1,7,,0,2,4,1,B01
202100033684,1,30,,0,2,1,2,A01
202100033685,1,7,,0,2,1,2,A01
202100033685,1,7,,0,2,4,1,B01
202100033685,1,7,,0,2,1,2,C01
202100033686,1,7,,0,2,5,10,A01
202100033686,2,33,,0,2,1,1,B01
202100033687,2,30,,0,1,8,2,A01
202100033688,2,7,,0,2,3,9,A01
202100033688,2,80,,0,2,7,1,B01
202100033689,1,30,,0,2,7,1,A01
202100033689,1,7,,0,2,1,26,B01
202100033690,2,43,,0,1,1,13,A01
202100033690,0,7,,0,2,3,9,B01
202100033691,2,33,,0,2,1,17,A01
202100033691,2,21,,0,2,3,15,B01
202100033692,1,2,,0,9,0,2,A01
202100033692,2,1,,0,2,4,1,B01
202100033693,2,33,,13,0,7,1,A01
202100033694,2,33,,0,2,6,2,A01
202100033694,2,3,,0,2,6,2,B01
202100033695,0,17,,0,1,5,4,A01
202100033696,2,1,,0,2,1,1,B01
202100033696,1,7,,0,2,2,15,A01
202100033697,1,2,,0,2,1,1,B01
202100033697,1,7,,0,2,6,15,A01
202100033698,1,7,,8,0,3,1,A01
202100033699,1,7,,0,0,0,1,A01
202100033700,1,7,,0,2,2,1,A01
202100033700,1,14,,0,0,6,2,B01
202100033701,1,7,,0,2,3,17,A01
202100033701,1,7,,13,2,8,1,B01
202100033701,2,7,,0,2,3,1,C01
202100033702,2,7,,13,0,0,1,A01
202100033703,1,7,,0,2,1,1,A01
202100033703,2,7,,0,2,1,1,B01
202100033704,1,7,,0,2,7,13,A01
202100033704,2,10,,0,2,1,1,B01
202100033705,0,33,,15,0,0,1,A01
202100033706,3,7,,0,2,1,19,A01
202100033706,1,2,,0,2,8,1,B01
202100033707,1,7,,0,2,2,17,A01
202100033707,1,1,,0,2,3,11,B01
202100033708,2,10,,0,2,8,1,B01
202100033708,1,2,,0,2,8,1,A01
202100033709,2,7,,0,2,5,11,B01
202100033709,2,33,,0,2,1,17,A01
202100033710,1,7,,0,2,3,1,B01
202100033710,2,7,,0,2,3,1,A01
202100033711,2,2,,0,2,1,19,A01
202100033711,2,7,,0,2,3,1,B01
202100033712,2,7,,6,0,1,1,A01
202100033713,1,2,,9,0,1,6,A01
202100033714,2,33,,13,0,3,17,A01
202100033715,2,7,,6,0,1,0,A01
202100033716,1,7,,17,0,2,1,A01
202100033717,2,33,,2,0,2,1,A01
202100033718,1,7,,0,2,3,1,B01
202100033718,2,7,,0,2,8,13,A01
202100033719,1,2,,0,0,0,14,A01
202100033720,1,7,,0,2,1,2,A01
202100033720,1,7,,0,2,4,23,C01
202100033720,1,7,,0,2,4,23,B01
202100033721,1,1,,0,0,9,1,A01
202100033722,2,10,,3,0,2,2,A01
202100033723,3,33,,0,0,0,23,A01
202100033724,1,7,,13,2,3,1,A01
202100033724,2,1,,0,2,1,13,B01
202100033725,2,7,,0,2,5,15,A01
202100033725,1,31,,0,2,1,1,B01
202100033726,2,7,,0,2,3,1,B01
202100033726,1,7,,0,2,3,13,A01
202100033727,2,7,,13,0,2,26,A01
202100033728,1,7,,6,0,1,5,A01
202100033729,1,7,,0,2,1,1,B01
202100033729,2,7,,0,2,1,13,A01
202100033730,1,7,,0,2,7,26,A01
202100033730,2,7,,0,2,3,26,B01
202100033731,3,7,,0,0,0,1,A01
202100033732,2,7,,0,0,0,15,A01
202100033732,1,2,,0,0,0,13,B01
202100033733,3,1,,12,0,1,1,A01
202100033734,2,7,,14,0,3,1,A01
202100033735,1,7,,13,0,1,1,A01
202100033736,3,7,,0,2,7,1,B01
202100033736,3,50,,0,2,1,26,A01
202100033737,2,7,,2,0,1,0,A01
202100033738,2,33,,0,0,2,1,A01
202100033739,1,7,,8,0,8,1,A01
202100033740,1,1,,0,2,1,1,B01
202100033740,1,7,,0,2,3,15,A01
202100033741,1,1,,0,1,2,1,A01
202100033742,1,7,,0,2,3,11,A01
202100033742,2,7,,0,2,1,1,B01
202100033743,2,2,,0,0,0,5,A01
202100033744,2,7,,0,2,2,15,B01
202100033744,1,2,,0,2,1,1,A01
202100033745,3,2,,0,2,2,1,A01
202100033745,3,7,,0,0,6,9,B01
202100033746,1,33,,0,2,1,5,A01
202100033746,2,7,,0,2,3,5,B01
202100033747,2,7,,0,2,8,1,B01
202100033747,1,10,,0,2,3,13,A01
202100033748,1,33,,8,0,0,0,A01
202100033749,1,2,,0,2,1,5,B01
202100033749,2,7,,0,2,2,1,A01
202100033750,1,33,,7,0,9,1,A01
202100033751,2,7,,16,0,0,26,A01
202100033752,2,43,,0,2,3,1,B01
202100033752,1,7,,0,2,3,13,A01
202100033753,2,17,,0,2,4,2,A01
202100033753,2,10,,0,2,1,2,B01
202100033753,2,7,,0,2,1,2,C01
202100033754,0,7,,0,0,0,0,T01
202100033754,1,7,,4,0,1,2,A01
202100033755,1,7,,0,0,2,11,A01
202100033755,1,15,,0,0,6,0,B01
202100033756,2,7,,4,0,1,14,A01
202100033757,1,43,,8,0,2,9,A01
202100033758,1,32,,0,2,7,3,A01
202100033758,1,7,,0,2,0,0,Z01
202100033759,1,7,,3,0,2,1,A01
202100033760,1,15,,0,2,0,26,A01
202100033761,1,7,,0,2,4,2,B01
202100033761,1,7,,0,2,1,2,A01
202100033762,2,7,,0,2,2,12,A01
202100033762,2,17,,0,2,3,1,B01
202100033762,2,7,,0,2,1,1,C01
202100033763,2,10,,0,2,4,2,B01
202100033763,2,7,,0,2,1,2,A01
202100033763,2,10,,0,2,4,2,C01
202100033764,1,7,,3,0,1,26,A01
202100033765,1,7,,3,0,5,26,A01
202100033765,1,7,,0,2,1,0,Z01
202100033766,1,33,,3,0,7,1,A01
202100033767,2,30,,0,1,1,1,A01
202100033768,1,10,,0,1,1,2,A01
202100033769,1,7,,0,2,3,1,A01
202100033769,1,50,,0,2,1,15,B01
202100033770,2,30,,6,0,0,0,B01
202100033770,2,30,,0,2,0,9,A01
202100033771,1,30,,0,2,9,17,A01
202100033771,1,7,,0,2,8,15,B01
202100033771,1,7,,0,2,1,0,C01
202100033772,3,50,,0,2,8,15,A01
202100033772,1,7,,0,2,1,1,B01
202100033773,1,2,,0,2,7,16,B01
202100033773,2,7,,0,2,3,9,A01
202100033774,1,7,,0,9,6,13,A01
202100033774,2,2,,0,2,2,1,B01
202100033775,1,7,,0,4,2,2,A01
202100033775,1,40,,0,2,8,19,B01
202100033776,1,10,,0,2,1,1,A01
202100033776,2,7,,0,2,2,0,C01
202100033776,2,7,,0,2,1,23,B01
202100033777,2,7,,0,2,4,15,B01
202100033777,2,37,1.0,0,2,1,1,A01
202100033778,2,40,,1,0,7,1,B01
202100033778,1,10,,0,4,7,24,A01
202100033779,2,13,,0,2,3,15,A01
202100033779,1,32,,0,2,0,1,B01
202100033780,2,7,,0,2,1,2,A01
202100033780,1,14,,0,2,7,2,B01
202100033781,2,1,,0,2,1,9,A01
202100033781,2,7,,0,2,2,2,B01
202100033782,1,32,,0,2,7,1,B01
202100033782,1,7,,0,2,7,15,A01
202100033783,2,14,,4,1,7,14,A01
202100033784,1,7,,0,1,1,9,A01
202100033785,3,7,,0,1,3,2,A01
202100033786,1,7,,0,2,2,1,A01
202100033787,2,7,,0,2,2,17,A01
202100033787,3,50,,0,2,6,0,B01
202100033788,1,7,,1,0,4,14,A01
202100033789,1,32,,0,2,9,12,B01
202100033789,1,17,,0,2,1,1,A01
202100033790,3,7,,0,2,7,9,A01
202100033790,3,7,,15,2,9,15,B01
202100033791,1,32,,0,2,1,2,B01
202100033791,1,7,,0,2,3,5,A01
202100033792,2,15,,0,2,3,1,C01
202100033792,2,7,,0,2,8,9,A01
202100033792,2,7,,0,2,3,1,B01
202100033793,1,7,,0,2,4,26,A01
202100033793,1,34,,0,0,4,23,B01
202100033794,1,33,,0,2,1,1,B01
202100033794,2,7,,0,2,3,19,A01
202100033795,2,33,,0,2,1,0,B01
202100033795,2,7,,0,2,6,15,A01
202100033796,1,10,,15,2,0,9,A01
202100033796,1,7,,2,2,0,0,B01
202100033797,0,7,,0,2,1,1,A01
202100033797,0,7,,0,2,4,0,B01
202100033797,0,7,,0,2,4,0,C01
202100033797,0,7,,0,2,4,0,D01
202100033798,1,7,,0,2,1,1,C01
202100033798,1,10,,0,2,1,1,B01
202100033798,1,10,,0,2,4,1,A01
202100033799,1,7,,0,2,2,1,B01
202100033799,1,7,,0,2,6,11,A01
202100033800,2,7,,0,1,7,1,A01
202100033801,0,7,,0,2,3,0,B01
202100033801,0,2,,0,2,1,1,A01
202100033802,3,7,,0,0,1,14,A01
202100033803,1,7,,0,9,1,26,A01
202100033803,2,1,,0,2,1,25,B01
202100033804,3,32,,0,2,0,26,B01
202100033804,3,32,,0,2,0,0,A01
202100033805,1,1,,0,2,8,1,B01
202100033805,2,7,,0,2,2,1,A01
202100033806,1,7,,0,2,2,15,A01
202100033806,2,2,,0,2,3,1,B01
202100033807,2,1,,0,2,8,1,B01
202100033807,1,7,,0,2,2,1,A01
202100033808,0,43,,0,2,7,17,B01
202100033808,0,7,,0,2,8,15,A01
202100033809,3,50,,0,2,7,19,A01
202100033809,1,7,,0,2,1,1,B01
202100033810,3,7,,0,2,8,19,A01
202100033810,1,30,,0,2,1,1,B01
202100033811,2,7,,0,2,1,1,B01
202100033811,1,10,,0,2,2,15,A01
202100033812,1,7,,0,0,0,15,A01
202100033812,1,31,,0,2,0,1,B01
202100033813,3,34,,0,2,7,1,B01
202100033813,3,7,,0,2,1,9,A01
202100033813,3,7,,0,2,1,23,C01
202100033814,1,7,,0,2,1,1,B01
202100033814,2,7,,0,2,1,13,A01
202100033815,2,7,,0,2,3,15,B01
202100033815,3,2,,0,2,1,13,A01
202100033816,2,1,,0,0,0,16,A01
202100033817,1,7,,1,2,1,1,A01
202100033817,1,7,,1,0,1,20,B01
202100033818,2,99,,0,2,3,26,B01
202100033818,2,7,,0,2,2,26,A01
202100033819,3,7,,0,1,1,1,A01
202100033820,2,7,,0,2,1,1,Z01
202100033820,3,2,,0,0,4,23,A01
202100033821,2,33,,0,2,1,1,B01
202100033821,1,7,,0,2,1,15,A01
202100033822,1,7,,0,2,3,9,A01
202100033822,1,33,,0,2,1,21,B01
202100033823,1,7,,0,2,3,26,B01
202100033823,1,7,,0,2,7,1,A01
202100033824,1,7,,0,1,2,15,A01
202100033825,0,60,,0,2,7,19,B01
202100033825,1,30,,0,2,1,19,A01
202100033826,0,10,,0,1,4,26,A01
202100033827,0,14,,0,2,3,1,B01
202100033827,0,7,,0,2,5,17,A01
202100033828,1,7,,0,2,3,9,A01
202100033828,1,1,,0,2,3,19,B01
202100033829,1,33,,0,2,1,18,A01
202100033829,1,7,,0,2,2,16,B01
202100033830,1,7,,0,2,2,1,A01
202100033830,1,50,,0,2,8,15,B01
202100033831,1,7,,0,2,1,1,A01
202100033831,1,7,,0,2,4,1,B01
202100033832,1,10,,0,1,5,4,A01
202100033833,1,7,,15,0,2,1,A01
202100033834,0,2,,0,2,8,16,A01
202100033834,0,7,,0,2,2,1,B01
202100033835,2,32,,0,2,1,1,B01
202100033835,1,7,,0,2,2,15,A01
202100033836,3,40,,0,2,2,19,B01
202100033836,3,50,,0,4,1,1,A01
202100033837,3,7,,0,2,3,13,A01
202100033837,3,7,,0,2,3,1,B01
202100033838,2,7,,13,0,1,13,A01
202100033839,3,7,,0,2,1,16,A01
202100033839,1,80,,0,2,9,1,B01
202100033840,0,7,,0,2,1,1,B01
202100033840,0,7,,0,2,1,5,A01
202100033841,0,7,,0,2,7,13,A01
202100033841,0,34,,0,2,7,17,B01
202100033842,1,7,,0,2,7,15,A01
202100033842,2,30,,0,2,1,1,B01
202100033843,2,7,,2,0,0,1,A01
202100033844,3,10,,0,1,1,1,A01
202100033845,3,7,,0,2,3,26,A01
202100033845,1,7,,0,2,7,2,B01
202100033846,2,60,,0,2,1,16,A01
202100033846,2,7,,0,2,8,1,B01
202100033847,1,7,,13,0,1,1,A01
202100033848,1,7,,13,0,9,1,A01
202100033849,3,7,,4,0,1,26,A01
202100033850,1,7,,0,1,2,1,A01
202100033851,1,80,,0,2,1,26,B01
202100033851,1,7,,0,2,8,9,A01