Num_Acc,senc,catv,occutc,obs,obsm,choc,manv,num_veh
202100033852,1,10,,15,0,1,1,A01
202100033853,2,7,,2,0,1,0,A01
202100033854,0,7,,0,1,1,1,A01
202100033855,3,7,,0,2,4,16,B01
202100033855,3,30,,0,2,1,0,A01
202100033856,3,7,,0,2,1,2,B01
202100033856,3,7,,0,2,7,10,A01
202100033857,3,7,,0,2,3,1,B01
202100033857,3,7,,0,2,1,13,A01
202100033858,0,7,,0,2,1,24,B01
202100033858,0,7,,1,0,1,1,A01
202100033859,3,7,,0,2,4,2,B01
202100033859,3,7,,0,2,4,2,A01
202100033860,2,7,,0,2,7,15,Z01
202100033860,1,7,,0,2,1,1,A01
202100033861,3,31,,0,2,2,0,B01
202100033861,3,7,,0,2,2,9,A01
202100033862,3,43,,0,2,1,26,A01
202100033862,3,7,,0,2,4,21,B01
202100033863,1,7,,0,2,2,15,A01
202100033863,2,31,,0,2,1,2,B01
202100033864,2,33,,0,2,6,16,A01
202100033864,2,1,,0,2,1,1,B01
202100033865,2,2,,0,2,1,1,B01
202100033865,2,7,,0,2,3,19,A01
202100033866,1,7,,0,2,1,2,A01
202100033866,1,2,,0,2,4,1,B01
202100033867,2,7,,0,2,9,15,B01
202100033867,2,15,,0,2,8,13,A01
202100033868,3,7,,0,2,3,15,B01
202100033868,3,33,,0,2,7,17,A01
202100033869,1,7,,15,0,8,1,B01
202100033869,2,7,,15,0,8,1,A01
202100033870,1,10,,0,2,5,1,B01
202100033870,1,33,,0,2,1,3,A01
202100033871,1,33,,0,2,3,3,A01
202100033871,1,7,,0,2,5,23,B01
202100033871,1,7,,0,2,6,1,C01
202100033872,1,7,,0,2,6,1,B01
202100033872,1,33,,0,2,2,13,A01
202100033873,1,7,,0,2,3,15,A01
202100033873,1,33,,0,2,1,5,B01
202100033874,1,50,,0,1,1,1,Z01
202100033875,2,7,,0,2,3,9,A01
202100033875,1,1,,0,2,1,5,B01
202100033876,2,1,,0,2,1,1,B01
202100033876,2,7,,0,2,3,15,A01
202100033877,2,10,,0,1,2,1,A01
202100033878,2,7,,0,1,4,4,A01
202100033879,1,37,1.0,0,1,2,20,A01
202100033880,2,10,,0,1,2,20,Z01
202100033881,1,1,,0,2,1,1,B01
202100033881,1,10,,0,2,7,16,A01
202100033882,2,7,,0,2,6,2,A01
202100033882,2,50,,0,2,1,2,B01
202100033883,3,30,,0,2,1,15,A01
202100033883,1,10,,0,2,3,1,B01
202100033884,1,10,,0,2,0,16,A01
202100033884,1,32,,0,2,5,14,B01
202100033885,1,7,,0,2,4,1,Z01
202100033885,1,1,,0,2,4,1,B01
202100033886,1,30,,0,2,8,13,A01
202100033886,1,7,,0,2,8,26,B01
202100033887,2,7,,0,2,2,15,A01
202100033887,1,31,,0,2,1,16,B01
202100033888,3,10,,0,2,1,16,A01
202100033888,0,7,,0,2,7,1,B01
202100033889,1,7,,15,0,1,15,A01
202100033890,1,10,,0,2,3,1,B01
202100033890,2,10,,0,2,3,13,A01
202100033891,1,7,,0,2,7,23,B01
202100033891,1,7,,0,2,4,20,A01
202100033892,3,34,,12,2,1,19,A01
202100033892,3,10,,0,2,7,1,B01
202100033893,1,37,1.0,0,9,7,15,A01
202100033893,1,50,,0,2,8,2,B01
202100033894,1,7,,0,2,1,2,A01
202100033894,1,7,,0,2,4,20,B01
202100033895,3,7,,0,2,7,15,A01
202100033895,3,37,1.0,0,2,0,0,B01
202100033896,2,7,,0,2,8,15,A01
202100033896,2,33,,0,2,1,1,B01
202100033897,3,7,,0,2,1,15,A01
202100033897,0,99,,0,0,0,0,B01
202100033898,2,7,,0,2,1,5,B01
202100033898,1,7,,0,2,3,1,A01
202100033899,2,30,,1,0,1,18,A01
202100033900,1,2,,0,2,1,16,A01
202100033900,2,7,,0,2,0,0,B01
202100033901,2,7,,0,2,5,15,A01
202100033901,1,33,,0,2,1,1,B01
202100033902,2,60,,1,1,1,19,Y01
202100033902,2,60,,1,1,1,5,A01
202100033903,2,34,,2,0,1,18,A01
202100033904,2,7,,0,1,3,15,A01
202100033905,1,43,,0,2,4,23,B01
202100033905,1,38,1.0,0,2,1,15,A01
202100033906,2,7,,0,2,1,9,B01
202100033906,2,7,,0,2,2,1,A01
202100033907,1,60,,0,0,0,19,A01
202100033908,1,80,,0,2,1,1,B01
202100033908,3,7,,0,2,3,20,A01
202100033909,2,1,,0,0,0,1,B01
202100033909,1,10,,0,0,0,15,A01
202100033910,2,30,,0,2,0,15,A01
202100033911,1,7,,0,2,3,17,A01
202100033911,2,7,,0,2,3,1,B01
202100033912,1,15,,0,2,1,1,B01
202100033912,2,10,,0,2,2,13,A01
202100033913,1,10,,0,1,1,1,A01
202100033914,1,7,,2,0,1,1,A01
202100033915,2,31,,0,0,1,1,A01
202100033916,1,7,,0,2,7,10,A01
202100033916,2,10,,0,2,1,1,B01
202100033917,1,33,,0,0,0,1,A01
202100033918,2,7,,0,2,4,1,A01
202100033918,2,7,,0,2,4,1,B01
202100033918,2,7,,0,2,1,1,C01
202100033919,3,7,,0,0,7,15,A01
202100033919,2,33,,0,2,1,4,B01
202100033920,1,7,,8,2,0,26,B01
202100033920,1,7,,0,2,0,26,A01
202100033921,1,7,,0,2,1,19,B01
202100033921,1,2,,0,2,8,1,A01
202100033922,2,2,,0,2,4,1,B01
202100033922,2,7,,0,2,1,12,A01
202100033923,1,7,,2,0,9,1,A01
202100033924,3,1,,0,2,3,2,B01
202100033924,3,7,,0,2,5,16,A01
202100033925,1,33,,0,0,8,1,A01
202100033926,2,7,,0,2,7,19,A01
202100033926,2,7,,0,2,8,1,B01
202100033927,2,21,,0,0,6,15,B01
202100033927,2,7,,0,2,2,17,A01
202100033928,0,7,,0,0,0,0,A01
202100033929,1,7,,0,0,8,19,A01
202100033929,2,7,,0,2,1,1,B01
202100033930,2,80,,0,0,0,1,A01
202100033931,2,2,,0,2,1,5,A01
202100033931,1,7,,0,2,3,1,B01
202100033932,3,33,,16,0,0,1,A01
202100033933,1,7,,0,2,1,13,A01
202100033933,2,7,,0,2,1,0,B01
202100033934,2,10,,0,2,7,2,A01
202100033934,2,1,,0,2,3,2,B01
202100033935,2,7,,0,2,3,26,A01
202100033935,1,7,,0,2,3,13,B01
202100033936,1,15,,0,2,2,16,A01
202100033936,1,1,,0,2,8,1,B01
202100033937,1,7,,0,2,3,1,B01
202100033937,3,1,,0,2,1,19,A01
202100033938,1,10,,0,2,1,0,B01
202100033938,1,7,,0,2,3,0,A01
202100033939,1,7,,5,2,7,13,A01
202100033939,2,7,,0,2,1,1,B01
202100033940,2,7,,6,0,1,14,A01
202100033941,1,17,,0,2,6,1,A01
202100033941,2,7,,0,2,3,1,B01
202100033942,1,7,,0,2,1,2,A01
202100033942,1,14,,0,2,4,1,B01
202100033943,1,33,,10,0,1,14,A01
202100033944,1,7,,0,0,4,1,A01
202100033944,1,7,,0,2,1,1,B01
202100033945,1,3,,0,2,1,1,B01
202100033945,2,3,,0,2,1,1,A01
202100033946,2,7,,0,2,7,19,A01
202100033946,1,7,,0,2,1,1,B01
202100033947,2,7,,0,1,8,1,A01
202100033948,1,17,,0,0,6,1,A01
202100033949,2,80,,0,0,8,13,A01
202100033950,1,10,,0,2,3,13,B01
202100033950,2,43,,0,2,1,1,A01
202100033951,1,99,,0,2,8,13,A01
202100033951,2,7,,0,2,8,1,C01
202100033951,2,17,,0,2,8,1,B01
202100033952,1,7,,2,0,2,0,A01
202100033953,3,37,1.0,0,1,5,26,A01
202100033954,0,2,,0,0,0,0,A01
202100033955,2,7,,2,0,6,1,A01
202100033956,0,30,,0,2,1,1,B01
202100033956,0,13,,0,2,2,1,A01
202100033957,2,33,,6,2,3,21,B01
202100033957,2,7,,0,0,5,23,A01
202100033958,3,7,,2,0,7,1,A01
202100033959,2,33,,0,2,1,1,B01
202100033959,1,14,,0,2,2,15,A01
202100033960,1,7,,16,2,1,13,A01
202100033960,1,33,,0,0,1,1,B01
202100033961,0,7,,0,2,3,9,A01
202100033961,0,1,,0,2,1,1,B01
202100033962,0,7,,0,9,3,15,B01
202100033962,0,1,,0,2,1,15,A01
202100033963,2,7,,0,2,3,1,C01
202100033963,2,30,,0,2,3,1,B01
202100033963,1,7,,1,2,1,1,A01
202100033964,1,7,,0,2,1,26,A01
202100033964,1,31,,0,2,7,1,B01
202100033965,1,7,,0,2,5,1,A01
202100033965,2,7,,0,2,1,1,B01
202100033966,1,7,,0,1,3,1,A01
202100033967,2,7,,0,0,0,1,A01
202100033968,1,7,,12,0,1,0,A01
202100033969,2,7,,0,2,2,15,A01
202100033969,1,33,,0,2,1,1,B01
202100033970,2,7,,6,0,1,1,A01
202100033971,2,7,,0,0,8,1,B01
202100033971,2,7,,0,2,1,2,A01
202100033972,1,7,,10,0,3,13,A01
202100033973,1,7,,0,2,4,26,A01
202100033973,1,7,,0,2,1,0,B01
202100033974,1,7,,0,2,1,1,B01
202100033974,1,7,,0,2,4,1,A01
202100033975,2,33,,0,2,1,0,A01
202100033975,2,7,,0,2,6,1,B01
202100033975,2,7,,0,2,6,1,C01
202100033976,2,7,,0,2,8,1,C01
202100033976,2,33,,0,2,2,12,B01
202100033976,2,10,,0,2,2,3,A01
202100033977,2,37,1.0,0,2,4,2,B01
202100033977,2,7,,0,2,1,2,A01
202100033978,1,10,,0,2,4,2,B01
202100033978,1,33,,0,2,1,2,A01
202100033979,1,7,,0,0,4,23,A01
202100033979,1,33,,0,2,1,21,B01
202100033980,1,7,,0,2,1,26,C01
202100033980,1,7,,0,2,0,26,B01
202100033980,1,7,,0,2,0,26,A01
202100033981,1,7,,0,2,4,1,F01
202100033981,1,7,,0,2,4,1,E01
202100033981,1,7,,0,2,4,1,D01
202100033981,1,7,,0,2,4,1,C01
202100033981,1,7,,0,2,4,1,B01
202100033981,1,15,,0,2,1,1,A01
202100033982,1,7,,0,2,1,2,A01
202100033982,1,10,,0,2,4,2,B01
202100033983,2,33,,0,2,2,3,B01
202100033983,2,7,,0,2,6,9,A01
202100033984,2,31,,0,0,8,3,A01
202100033985,1,7,,4,0,3,13,A01
202100033986,2,10,,0,2,4,1,A01
202100033986,2,7,,0,2,1,1,B01
202100033987,2,7,,0,2,5,12,A01
202100033987,2,33,,0,2,3,1,B01
202100033988,2,7,,0,2,6,1,B01
202100033988,2,7,,0,2,2,12,A01
202100033989,3,34,,6,0,3,13,A01
202100033990,2,33,,0,2,4,1,B01
202100033990,1,33,,0,2,1,1,A01
202100033991,2,7,,0,1,1,1,A01
202100033992,3,7,,0,2,1,26,A01
202100033992,2,33,,0,2,3,17,B01
202100033993,2,80,,0,1,1,25,A01
202100033994,0,7,,0,2,7,15,B01
202100033994,0,7,,0,1,1,25,A01
202100033995,2,7,,0,2,3,26,C01
202100033995,2,7,,0,2,3,26,B01
202100033996,2,7,,1,0,4,20,A01
202100033997,3,1,,0,2,1,1,B01
202100033997,3,10,,0,2,6,24,A01
202100033998,2,1,,0,1,1,1,A01
202100033999,2,7,,0,1,1,1,A01
202100034000,3,50,,0,1,1,1,A01
202100034001,1,7,,0,2,3,11,B01
202100034001,1,32,,0,2,1,7,A01
202100034002,2,1,,0,1,8,1,A01
202100034003,2,7,,1,0,0,0,B01
202100034003,1,10,,1,0,1,23,A01
202100034004,1,33,,0,0,0,26,A01
202100034005,0,50,,0,2,3,15,B01
202100034005,0,7,,0,2,3,1,A01
202100034006,1,14,,0,1,1,1,A01
202100034007,2,7,,0,2,3,19,B01
202100034007,2,7,,0,2,1,19,A01
202100034008,2,7,,0,2,3,1,B01
202100034008,1,32,,0,2,1,13,A01
202100034009,3,7,,0,2,1,15,A01
202100034009,3,7,,0,2,3,1,B01
202100034010,2,7,,0,1,1,1,A01
202100034011,3,7,,0,2,1,19,A01
202100034011,1,7,,0,2,3,1,B01
202100034012,1,7,,0,1,2,1,A01
202100034013,2,1,,0,1,1,1,A01
202100034014,2,7,,0,2,1,1,A01
202100034014,2,1,,0,2,4,1,B01
202100034015,1,7,,0,2,1,1,A01
202100034015,2,7,,1,2,8,15,B01
202100034016,2,7,,0,2,5,1,B01
202100034016,2,31,,0,2,1,26,A01
202100034017,1,7,,0,2,1,26,A01
202100034017,1,7,,0,2,3,26,B01
202100034018,3,7,,0,1,3,26,A01
202100034019,2,10,,0,2,1,0,B01
202100034019,1,7,,9,2,2,9,A01
202100034020,1,33,,0,2,7,2,A01
202100034020,1,14,,0,2,8,1,B01
202100034021,1,7,,6,2,6,4,A01
202100034021,2,7,,0,2,2,1,B01
202100034022,3,7,,0,1,1,1,A01
202100034023,2,17,,0,2,2,1,A01
202100034024,1,7,,0,5,3,1,A01
202100034025,2,7,,0,2,1,19,A01
202100034025,2,7,,0,2,7,1,B01
202100034026,2,7,,0,0,8,1,A01
202100034027,2,10,,0,2,4,4,A01
202100034027,2,30,,0,2,1,23,B01
202100034028,1,7,,0,2,1,15,A01
202100034028,2,7,,0,2,7,1,B01
202100034029,3,1,,0,0,0,0,B01
202100034029,3,7,,0,2,2,2,A01
202100034030,1,7,,8,0,1,15,A01
202100034031,0,20,,0,1,1,1,A01
202100034032,3,10,,0,1,8,15,A01
202100034033,0,7,,0,2,4,23,B01
202100034033,0,2,,0,2,1,1,A01
202100034034,3,1,,0,2,0,1,B01
202100034034,3,7,,0,2,0,1,A01
202100034035,1,1,,0,2,8,2,A01
202100034035,1,7,,0,2,7,2,B01
202100034036,3,30,,0,2,1,15,A01
202100034036,0,7,,0,2,1,1,B01
202100034037,3,7,,0,2,2,15,A01
202100034037,3,7,,0,2,3,1,B01
202100034038,1,37,1.0,0,1,1,9,A01
202100034039,1,33,,0,1,1,1,A01
202100034040,1,50,,0,2,5,1,B01
202100034040,1,7,,0,2,2,15,A01
202100034041,2,10,,0,2,3,1,B01
202100034041,1,7,,0,2,3,1,A01
202100034042,1,7,,0,2,2,19,A01
202100034042,1,7,,0,2,1,0,B01
202100034043,2,2,,0,2,3,13,A01
202100034043,1,7,,0,2,8,1,B01
202100034043,1,7,,0,2,8,1,C01
202100034043,1,7,,0,2,8,1,D01
202100034044,2,2,,0,2,2,7,B01
202100034044,2,7,,0,2,3,9,A01
202100034045,1,2,,0,2,1,1,B01
202100034045,2,3,,0,2,7,15,A01
202100034046,1,7,,0,2,1,26,A01
202100034046,1,7,,0,2,4,2,B01
202100034046,1,7,,0,2,4,19,C01
202100034047,2,7,,4,0,2,1,A01
202100034048,2,30,,14,0,1,1,A01
202100034049,3,7,,0,1,2,1,A01
202100034050,1,1,,0,0,6,2,B01
202100034050,0,10,,0,0,2,9,A01
202100034051,1,7,,0,9,1,1,A01
202100034051,1,1,,0,2,4,19,B01
202100034052,2,50,,0,1,1,1,A01
202100034053,2,7,,0,2,6,2,C01
202100034053,2,7,,0,2,5,2,B01
202100034053,2,7,,0,2,3,2,A01
202100034054,1,31,,0,0,0,26,A01
202100034055,1,7,,0,1,1,26,A01
202100034056,1,7,,0,9,3,9,A01
202100034056,3,2,,0,2,5,16,B01
202100034057,3,31,,0,2,7,1,B01
202100034057,0,7,,0,2,1,15,A01
202100034058,2,7,,0,2,3,1,B01
202100034058,2,7,,0,2,1,15,A01
202100034059,1,7,,1,0,2,1,A01
202100034060,0,7,,0,2,5,19,B01
202100034060,1,50,,0,2,1,1,A01
202100034061,2,7,,0,2,1,1,A01
202100034061,2,7,,0,2,4,0,B01
202100034061,2,7,,0,2,4,0,C01
202100034062,3,7,,0,1,4,26,A01
202100034063,1,7,,0,2,3,1,B01
202100034063,1,32,,0,2,1,1,A01
202100034064,2,7,,9,0,1,1,A01
202100034065,3,7,,0,2,1,26,A01
202100034065,3,7,,0,2,1,0,B01
202100034066,2,33,,8,0,1,13,A01
202100034067,1,7,,15,0,1,14,A01
202100034068,1,7,,13,0,1,13,A01
202100034069,1,7,,6,0,2,13,A01
202100034070,1,7,,0,0,8,15,B01
202100034070,1,31,,0,2,1,17,A01
202100034071,1,7,,0,2,3,15,B01
202100034071,1,34,,0,2,2,17,A01
202100034072,3,50,,1,0,0,0,B01
202100034072,3,7,,0,9,0,24,A01
202100034073,1,7,,0,2,1,19,A01
202100034073,1,7,,0,0,8,19,B01
202100034074,1,7,,9,1,2,1,A01
202100034075,2,32,,0,2,7,2,B01
202100034075,2,7,,0,2,8,2,A01
202100034076,3,7,,0,2,1,1,A01
202100034076,1,1,,0,2,1,19,B01
202100034077,1,7,,0,2,8,1,B01
202100034077,1,1,,0,2,1,1,A01
202100034078,2,7,,0,1,2,1,A01
202100034079,0,7,,0,2,1,26,B01
202100034079,0,7,,0,2,2,15,A01
202100034080,2,32,,0,2,3,0,B01
202100034080,2,30,,0,2,2,16,A01
202100034081,2,30,,0,1,8,1,A01
202100034082,1,7,,0,2,2,19,A01
202100034082,2,7,,0,0,3,1,B01
202100034083,1,2,,1,0,2,5,A01
202100034084,3,7,,0,2,6,1,B01
202100034084,1,33,,0,2,3,1,A01
202100034085,0,7,,0,2,5,9,B01
202100034085,0,10,,0,2,1,1,A01
202100034086,1,33,,0,2,3,0,B01
202100034086,2,7,,0,2,2,15,A01
202100034087,3,1,,0,2,4,16,B01
202100034087,3,14,,0,9,1,16,A01
202100034088,3,10,,0,1,4,4,A01
202100034089,2,7,,0,2,1,2,A01
202100034089,2,7,,0,2,4,2,B01
202100034090,1,31,,0,2,3,1,A01
202100034090,1,14,,0,2,2,15,B01
202100034091,1,1,,0,1,1,1,A01
202100034092,1,10,,0,2,2,20,B01
202100034092,1,1,,0,2,1,18,A01
202100034093,1,7,,0,2,7,17,Z01
202100034093,1,1,,0,2,8,1,A01
202100034094,0,7,,0,1,1,15,A01
202100034095,2,7,,0,2,1,2,A01
202100034095,2,1,,0,2,4,2,B01
202100034096,1,34,,0,2,3,1,A01
202100034096,2,50,,0,2,1,15,B01
202100034097,2,7,,0,2,5,15,B01
202100034097,1,1,,0,2,1,1,A01
202100034098,1,31,,0,2,3,23,A01
202100034098,1,7,,0,2,2,14,B01
202100034099,1,30,,0,1,1,1,Z01
202100034100,1,1,,0,0,0,21,A01
202100034101,1,1,,0,2,7,1,B01
202100034101,2,7,,0,2,2,1,A01
202100034102,1,7,,0,2,8,11,A01
202100034102,1,33,,0,2,1,1,B01
202100034103,2,1,,0,2,8,1,B01
202100034103,2,1,,0,2,0,17,A01
202100034104,2,14,,0,2,0,1,A01
202100034104,1,10,,0,2,3,1,B01
202100034105,1,7,,0,2,3,13,A01
202100034105,1,7,,0,2,3,23,B01
202100034105,1,7,,0,2,7,23,C01
202100034105,1,32,,0,2,8,1,E01
202100034105,1,30,,0,2,9,1,D01
202100034106,1,7,,0,2,3,15,B01
202100034106,2,34,,0,2,3,7,A01
202100034107,1,30,,0,2,1,1,A01
202100034107,1,7,,0,2,0,15,B01
202100034108,1,1,,0,2,7,1,B01
202100034108,1,30,,0,2,8,9,A01
202100034109,1,7,,1,2,2,1,B01
202100034109,1,7,,1,0,2,23,A01
202100034110,1,7,,6,2,1,1,A01
202100034111,1,7,,0,2,2,22,A01
202100034111,1,50,,0,2,6,18,Y01
202100034112,2,10,,0,1,1,13,A01
202100034113,1,7,,6,0,1,2,A01
202100034114,1,2,,0,2,1,9,Z01
202100034114,1,80,,0,2,7,9,A01
202100034115,2,1,,0,2,4,0,B01
202100034115,2,10,,0,2,2,26,A01
202100034116,2,30,,0,2,1,17,A01
202100034116,2,7,,0,2,3,15,B01
202100034117,1,7,,0,2,1,26,A01
202100034117,1,7,,0,2,3,26,B01
202100034118,-1,32,,0,0,0,-1,B01
202100034118,1,10,,0,2,3,2,A01
202100034119,1,14,,0,1,2,1,A01
202100034120,1,20,,0,2,8,1,A01
202100034120,0,2,,0,2,1,1,B01
202100034121,3,7,,0,1,3,17,A01
202100034122,3,13,,0,1,0,1,A01
202100034123,1,13,,0,2,2,1,B01
202100034123,1,99,,0,0,6,16,A01
202100034124,1,34,,0,2,1,1,A01
202100034124,2,7,,0,2,2,15,B01
202100034125,1,7,,0,1,3,9,A01
202100034126,1,7,,0,1,1,1,A01
202100034127,2,32,,0,1,1,26,A01
202100034128,1,7,,0,1,1,16,A01
202100034129,1,32,,0,2,7,17,A01
202100034129,1,7,,0,2,3,15,B01
202100034130,2,1,,0,2,1,1,A01
202100034130,2,7,,0,2,1,15,B01
202100034131,3,7,,0,2,1,1,A01
202100034132,1,7,,0,2,8,23,C01
202100034132,1,33,,1,2,5,17,A01
202100034132,1,7,,0,2,3,15,B01
202100034133,1,2,,2,2,1,1,A01
202100034133,1,14,,0,2,8,22,B01
202100034134,2,30,,0,2,8,18,A01
202100034134,2,7,,0,2,2,1,B01
202100034134,2,7,,0,2,0,24,C01
202100034135,3,7,,0,2,1,1,B01
202100034135,0,7,,0,2,7,10,A01
202100034136,1,32,,0,2,1,1,B01
202100034136,1,7,,0,2,3,15,A01
202100034137,2,33,,0,2,1,17,B01
202100034137,2,7,,0,2,3,15,A01
202100034138,3,7,,13,0,1,1,A01
202100034139,2,7,,0,2,3,13,A01
202100034139,1,7,,0,2,8,1,B01
202100034140,3,33,,0,2,1,21,A01
202100034140,3,10,,0,2,2,19,B01
202100034141,2,3,,0,2,1,11,A01
202100034141,1,7,,0,0,3,1,B01
202100034141,1,7,,0,2,1,0,C01
202100034142,1,7,,0,2,1,1,A01
202100034142,2,7,,0,2,1,13,B01
202100034143,3,7,,0,2,3,1,A01
202100034143,3,1,,0,2,1,1,B01
202100034144,1,1,,0,2,1,1,B01
202100034144,1,7,,0,2,8,19,A01
202100034145,1,33,,0,2,3,13,A01
202100034145,2,7,,0,2,3,0,B01
202100034146,1,7,,13,0,1,1,A01
202100034147,2,7,,17,0,2,1,A01
202100034148,1,7,,1,0,2,14,A01
202100034149,2,15,,0,2,1,1,C01
202100034149,1,15,,0,2,2,1,D01
202100034149,2,7,,0,2,4,1,A01
202100034149,2,7,,0,2,1,1,B01
202100034150,2,1,,16,0,9,1,A01
202100034151,0,7,,0,2,3,14,A01
202100034151,3,7,,0,2,3,0,B01
202100034152,1,7,,0,2,1,11,A01
202100034152,2,7,,0,2,1,1,C01
202100034152,1,7,,0,2,6,1,B01
202100034153,1,31,,0,2,1,2,B01
202100034153,1,32,,0,0,4,2,A01
202100034154,2,33,,0,0,0,16,A01
202100034155,1,7,,0,2,1,2,A01
202100034155,1,7,,0,0,4,1,C01
202100034155,1,7,,0,0,4,2,B01
202100034156,2,10,,0,2,3,2,B01
202100034156,2,33,,0,2,4,2,A01
202100034157,2,43,,0,2,5,1,B01
202100034157,2,7,,0,2,1,1,A01
202100034158,0,36,,13,0,3,1,A01
202100034159,1,7,,6,0,1,1,A01
202100034160,1,7,,0,1,8,1,A01
202100034161,1,7,,0,2,5,2,B01
202100034161,1,34,,0,2,1,2,A01
202100034162,2,34,,0,2,1,1,B01
202100034162,2,7,,0,2,2,19,A01
202100034163,1,7,,6,0,1,14,A01
202100034164,2,2,,0,2,1,17,A01
202100034164,2,7,,0,2,6,15,B01
202100034165,0,7,,0,0,0,1,A01
202100034166,2,2,,0,0,9,1,A01
202100034167,2,7,,14,2,8,13,A01
202100034167,1,7,,0,2,8,1,B01
202100034168,2,7,,0,0,4,1,B01
202100034168,2,7,,0,2,1,2,A01
202100034169,2,7,,4,0,1,1,A01
202100034170,2,7,,0,2,6,1,B01
202100034170,2,15,,0,2,2,12,A01
202100034171,1,10,,0,2,1,2,A01
202100034171,1,7,,0,2,4,2,B01
202100034171,1,7,,0,0,4,2,D01
202100034171,1,7,,0,2,4,2,C01
202100034172,1,10,,0,2,1,1,E01
202100034172,1,7,,0,0,4,1,A01
202100034172,1,7,,0,2,1,1,B01
202100034172,1,7,,0,0,4,1,C01
202100034172,1,7,,0,2,1,1,D01
202100034173,1,10,,0,0,1,26,A01
202100034173,1,7,,3,2,5,13,B01
202100034173,1,7,,0,2,4,17,D01
202100034173,1,10,,0,2,3,17,C01
202100034173,1,10,,0,2,4,17,F01
202100034173,1,7,,0,2,4,17,E01
202100034174,2,7,,0,2,3,1,B01
202100034174,1,7,,0,2,1,5,A01
202100034175,1,33,,0,2,7,17,B01
202100034175,1,7,,0,2,3,15,A01
202100034176,2,7,,0,2,1,9,A01
202100034176,1,7,,0,2,1,1,B01
202100034177,2,1,,0,2,3,1,B01
202100034177,1,7,,0,2,1,26,A01
202100034178,1,14,,0,0,5,2,B01
202100034178,1,7,,0,2,3,2,A01
202100034179,1,7,,0,0,2,14,A01
202100034180,2,20,,0,0,5,2,B01
202100034180,2,10,,0,0,1,2,A01
202100034181,0,7,,0,2,3,15,B01
202100034181,3,7,,0,0,5,15,A01
202100034182,1,7,,0,0,1,1,B01
202100034182,1,33,,0,0,0,1,A01
202100034183,1,33,,0,0,9,26,A01
202100034184,2,10,,0,2,3,15,A01
202100034184,1,33,,8,2,8,0,B01
202100034185,2,7,,0,2,1,11,A01
202100034185,1,7,,0,2,1,1,B01
202100034186,2,1,,0,2,1,0,B01
202100034186,1,10,,0,2,2,9,A01
202100034187,3,33,,6,0,1,26,A01
202100034188,0,7,,0,1,1,26,A01
202100034189,0,10,,1,0,2,1,B01
202100034189,0,10,,0,0,6,24,A01
202100034190,0,7,,0,1,7,12,A01
202100034191,1,7,,0,2,5,2,A01
202100034191,1,7,,0,2,1,2,B01
202100034192,1,7,,0,2,3,2,B01
202100034192,1,7,,1,0,2,1,C01
202100034192,1,33,,0,2,4,1,A01
202100034193,1,7,,0,2,4,2,A01
202100034193,1,7,,0,2,1,2,B01
202100034194,1,34,,0,0,1,1,A01
202100034195,1,7,,0,9,8,1,B01
202100034195,1,7,,3,0,2,21,A01
202100034195,2,7,,0,9,0,1,C01
202100034196,1,31,,0,2,1,3,A01
202100034196,1,10,,0,2,4,11,B01
202100034197,1,33,,0,2,8,3,A01
202100034197,1,7,,0,2,5,1,B01
202100034198,2,7,,0,2,4,1,C01
202100034198,2,10,,0,2,4,1,B01
202100034198,2,10,,0,2,1,1,A01
202100034199,1,7,,0,2,4,0,D01
202100034199,1,7,,0,2,9,0,C01
202100034199,1,7,,0,2,9,0,B01
202100034199,1,7,,0,2,1,0,A01
202100034200,1,7,,3,0,0,26,A01
202100034201,1,7,,0,2,4,1,B01
202100034201,1,43,,0,2,1,1,A01
202100034202,1,7,,0,2,6,0,C01
202100034202,1,7,,0,2,0,0,B01
202100034202,1,7,,0,2,1,26,A01
202100034203,1,34,,0,6,1,1,A01
202100034204,3,32,,0,1,1,17,A01
202100034205,2,7,,0,1,1,1,A01
202100034206,3,7,,0,2,1,9,A01
202100034206,2,1,,0,2,7,1,B01
202100034207,1,30,,1,0,3,13,A01
202100034208,3,7,,0,2,3,26,A01
202100034208,1,30,,0,2,1,26,B01
202100034209,3,7,,0,2,1,1,A01
202100034209,3,7,,0,2,4,1,B01
202100034210,1,7,,0,2,1,13,A01
202100034210,1,7,,0,2,0,0,B01
202100034211,3,10,,0,2,4,1,B01
202100034211,3,30,,0,2,1,2,A01
202100034212,1,7,,0,2,2,15,B01
202100034212,2,30,,0,2,1,1,A01
202100034213,1,2,,0,2,1,1,A01
202100034213,3,7,,1,0,0,0,C01
202100034213,2,7,,0,9,7,15,B01
202100034214,2,7,,0,2,0,17,A01
202100034214,2,30,,0,2,3,9,B01
202100034215,3,7,,9,2,5,19,A01
202100034215,3,7,,9,2,1,19,B01
202100034216,2,7,,0,2,3,2,B01
202100034216,2,7,,0,2,2,1,A01
202100034217,1,33,,4,2,8,0,A01
202100034217,1,7,,4,2,0,0,B01
202100034217,1,7,,4,2,0,0,C01
202100034217,1,7,,4,2,1,0,D01
202100034218,0,7,,0,1,1,0,A01
202100034219,1,2,,0,1,1,17,A01
202100034220,3,1,,0,2,0,0,B01
202100034220,3,7,,0,2,1,15,A01
202100034221,1,7,,0,2,1,9,A01