Num_Acc,senc,catv,occutc,obs,obsm,choc,manv,num_veh
202100034221,1,1,,0,2,7,1,B01
202100034222,1,31,,0,2,4,2,A01
202100034222,1,7,,0,2,4,26,B01
202100034223,2,33,,0,2,8,26,B01
202100034223,1,7,,0,2,7,15,A01
202100034224,2,7,,1,0,1,13,A01
202100034225,0,1,,13,0,0,1,A01
202100034226,3,10,,0,1,4,26,A01
202100034227,2,7,,0,2,1,15,B01
202100034227,1,32,,0,2,1,1,A01
202100034228,2,10,,0,1,3,15,A01
202100034229,0,30,,0,0,0,1,A01
202100034230,0,7,,0,2,1,23,B01
202100034230,0,7,,0,2,1,15,A01
202100034231,0,50,,0,2,3,1,B01
202100034231,0,7,,0,9,2,1,A01
202100034232,2,7,,1,0,1,26,A01
202100034233,2,7,,0,2,1,23,B01
202100034233,2,31,,0,2,4,26,A01
202100034234,3,7,,1,0,0,26,A01
202100034235,3,7,,9,0,1,26,A01
202100034236,3,2,,0,1,1,15,A01
202100034237,2,1,,0,2,1,1,B01
202100034238,1,10,,0,9,3,1,A01
202100034238,1,50,,0,2,8,1,B01
202100034239,2,7,,0,2,4,23,C01
202100034239,2,7,,0,2,4,23,B01
202100034239,2,7,,0,2,1,1,A01
202100034240,1,7,,0,2,1,1,A01
202100034240,2,1,,0,2,2,19,B01
202100034241,1,7,,0,1,2,1,A01
202100034242,1,7,,0,2,2,15,A01
202100034242,2,31,,0,2,3,1,B01
202100034243,1,7,,2,0,2,13,A01
202100034244,2,7,,0,2,7,1,A01
202100034244,1,14,,0,2,3,15,B01
202100034245,2,10,,0,2,1,13,B01
202100034245,2,30,,0,2,1,17,A01
202100034246,2,7,,0,2,1,9,B01
202100034246,2,33,,0,2,1,1,A01
202100034247,1,7,,0,2,1,2,A01
202100034247,1,10,,0,2,4,2,B01
202100034248,1,50,,0,2,8,25,B01
202100034248,2,14,,0,2,0,15,A01
202100034249,2,31,,0,2,1,1,B01
202100034249,1,7,,0,2,7,15,A01
202100034250,2,33,,0,2,1,1,B01
202100034250,1,7,,0,2,3,15,A01
202100034251,1,7,,0,2,1,19,A01
202100034251,1,7,,0,2,1,19,B01
202100034252,1,32,,0,2,7,19,A01
202100034252,1,7,,0,2,1,19,B01
202100034253,1,7,,0,2,2,19,A01
202100034253,1,7,,0,2,1,19,B01
202100034254,2,7,,0,2,4,23,A01
202100034254,2,1,,0,2,1,2,B01
202100034255,1,7,,0,2,5,15,A01
202100034255,2,1,,0,2,1,1,B01
202100034256,3,7,,9,0,1,1,A01
202100034257,3,7,,8,2,1,15,A01
202100034257,1,7,,0,2,5,15,B01
202100034258,1,33,,0,2,1,17,B01
202100034258,1,30,,0,2,8,1,A01
202100034259,1,2,,0,2,1,1,B01
202100034259,1,7,,0,2,2,15,A01
202100034260,1,7,,14,2,1,2,A01
202100034260,1,7,,14,2,4,2,B01
202100034260,1,7,,0,2,4,2,C01
202100034261,0,7,,0,2,3,9,B01
202100034261,0,7,,0,2,1,10,A01
202100034262,1,7,,0,2,5,1,B01
202100034262,1,2,,0,2,1,26,A01
202100034263,2,33,,13,0,1,21,A01
202100034264,3,7,,0,1,5,2,A01
202100034265,2,7,,0,2,4,23,B01
202100034265,2,33,,0,2,1,2,A01
202100034266,1,7,,0,2,1,2,A01
202100034266,1,7,,0,2,4,2,B01
202100034267,0,7,,13,0,9,9,A01
202100034268,3,1,,0,2,8,1,B01
202100034268,3,7,,0,2,0,0,A01
202100034269,1,7,,0,2,1,1,A01
202100034269,3,7,,0,2,1,1,B01
202100034270,1,7,,0,1,1,1,Z01
202100034271,1,7,,0,2,3,1,B01
202100034271,3,50,,0,2,1,1,A01
202100034272,1,7,,0,2,5,15,A01
202100034272,2,1,,0,2,1,1,B01
202100034273,3,7,,0,1,1,1,A01
202100034274,3,7,,0,2,3,15,B01
202100034274,3,30,,0,2,2,17,A01
202100034275,1,7,,0,2,4,1,A01
202100034275,1,7,,0,2,1,2,B01
202100034276,2,7,,0,2,1,19,A01
202100034276,1,7,,0,2,4,0,B01
202100034277,3,1,,0,2,8,9,A01
202100034277,1,7,,0,9,3,1,B01
202100034278,1,7,,0,2,9,2,B01
202100034278,1,7,,0,2,1,2,A01
202100034278,1,7,,0,2,4,2,C01
202100034279,0,7,,0,1,2,1,A01
202100034280,1,7,,0,2,4,1,B01
202100034280,1,7,,0,2,1,1,A01
202100034281,3,99,,0,2,1,1,B01
202100034281,3,7,,0,2,3,1,A01
202100034282,0,7,,0,2,3,15,B01
202100034282,0,30,,0,2,1,17,A01
202100034283,1,1,,15,2,4,1,B01
202100034283,1,7,,0,2,1,1,A01
202100034284,1,34,,0,2,7,1,B01
202100034284,1,7,,0,2,0,9,A01
202100034285,3,7,,0,2,5,26,A01
202100034285,3,7,,0,2,1,1,B01
202100034286,1,10,,0,2,2,15,A01
202100034286,2,3,,0,2,3,1,B01
202100034287,1,7,,0,1,1,1,A01
202100034288,1,7,,0,1,1,1,A01
202100034289,1,7,,0,2,1,1,B01
202100034289,1,7,,0,2,1,16,A01
202100034290,1,7,,0,2,1,1,A01
202100034290,1,7,,0,2,4,1,B01
202100034291,0,7,,0,2,2,9,A01
202100034291,0,10,,0,2,6,24,B01
202100034292,0,14,,15,0,1,1,A01
202100034293,2,33,,0,2,1,1,A01
202100034293,2,7,,0,2,8,15,B01
202100034294,0,43,,0,2,1,2,A01
202100034294,1,7,,0,2,2,15,B01
202100034295,0,7,,0,2,1,10,A01
202100034295,0,33,,0,2,8,26,B01
202100034296,1,7,,0,1,7,26,A01
202100034297,2,7,,0,2,8,15,B01
202100034297,2,34,,0,2,1,17,A01
202100034298,2,3,,0,2,3,13,A01
202100034298,1,10,,0,2,6,1,B01
202100034299,1,10,,0,2,8,13,B01
202100034299,1,33,,0,2,1,2,A01
202100034300,2,7,,0,2,3,15,A01
202100034300,2,7,,0,2,2,1,B01
202100034301,2,7,,0,2,1,2,A01
202100034301,2,7,,0,2,4,15,B01
202100034302,1,7,,0,2,1,1,B01
202100034302,2,7,,0,2,3,9,A01
202100034303,3,50,,0,2,8,1,B01
202100034303,3,7,,0,9,2,26,A01
202100034304,1,7,,0,1,3,1,A01
202100034305,3,32,,0,2,1,0,B01
202100034305,3,7,,0,2,3,15,A01
202100034306,2,7,,0,2,4,4,A01
202100034306,2,2,,0,2,1,2,B01
202100034307,1,33,,0,2,1,2,A01
202100034307,1,7,,0,2,5,2,B01
202100034308,2,33,,0,2,7,17,A01
202100034308,2,10,,0,2,8,15,B01
202100034309,0,1,,0,2,0,7,Z01
202100034309,1,1,,0,2,7,19,A01
202100034310,3,7,,0,2,2,16,A01
202100034310,3,30,,0,2,1,2,B01
202100034311,2,10,,0,2,7,16,A01
202100034311,2,32,,0,2,3,1,B01
202100034312,1,1,,0,2,2,1,A01
202100034312,2,7,,0,2,2,15,B01
202100034313,1,1,,0,2,1,15,Z01
202100034313,2,1,,0,2,1,1,A01
202100034314,2,7,,0,2,1,2,A01
202100034314,2,34,,0,2,4,2,B01
202100034315,1,1,,0,2,4,1,B01
202100034315,1,1,,0,2,4,1,A01
202100034316,3,7,,0,2,3,1,B01
202100034316,3,30,,0,2,7,19,A01
202100034317,2,50,,15,1,2,8,A01
202100034318,1,10,,0,2,3,15,B01
202100034318,1,33,,0,2,4,18,A01
202100034319,2,7,,1,2,1,1,A01
202100034319,2,7,,0,2,2,1,B01
202100034320,0,7,,0,9,1,1,A01
202100034320,3,60,,0,2,0,0,B01
202100034321,1,60,,0,2,8,2,B01
202100034321,1,33,,0,2,3,13,A01
202100034322,3,7,,9,2,2,1,B01
202100034322,3,7,,0,2,3,1,A01
202100034323,1,7,,0,0,2,15,A01
202100034323,1,7,,0,0,0,0,B01
202100034324,1,7,,0,2,5,15,A01
202100034324,2,2,,0,2,1,1,B01
202100034325,0,7,,0,2,2,1,B01
202100034325,0,7,,0,2,3,10,A01
202100034326,3,7,,0,2,1,26,A01
202100034326,3,7,,0,2,6,23,B01
202100034327,1,10,,0,1,4,4,A01
202100034328,1,50,,0,2,7,1,B01
202100034328,1,7,,0,9,1,26,A01
202100034329,1,7,,1,0,2,14,A01
202100034330,2,7,,0,0,6,23,B01
202100034330,2,7,,0,2,2,16,A01
202100034331,2,7,,0,2,1,2,B01
202100034331,2,2,,0,2,4,23,A01
202100034332,3,7,,0,0,0,0,A01
202100034333,3,32,,0,2,2,0,B01
202100034333,1,7,,0,2,7,1,A01
202100034334,1,2,,0,2,3,5,A01
202100034334,2,1,,0,2,1,1,B01
202100034335,1,31,,0,2,3,15,B01
202100034335,2,15,,0,2,2,15,A01
202100034336,2,7,,1,2,2,1,B01
202100034336,1,10,,0,2,2,15,A01
202100034337,1,7,,0,2,7,19,A01
202100034337,1,15,,0,2,1,1,B01
202100034338,2,7,,0,0,3,15,A01
202100034338,2,7,,0,2,1,17,B01
202100034339,3,1,,0,2,1,2,B01
202100034339,3,1,,0,0,0,2,A01
202100034340,2,10,,0,0,6,14,C01
202100034340,2,33,,0,2,1,17,A01
202100034341,1,38,1.0,0,2,3,13,A01
202100034341,2,17,,0,2,3,1,B01
202100034342,2,38,1.0,0,2,4,26,B01
202100034342,2,2,,0,2,1,1,A01
202100034343,0,2,,1,0,3,1,A01
202100034344,1,7,,4,0,3,11,A01
202100034345,3,7,,0,2,2,15,B01
202100034345,3,32,,0,2,3,1,A01
202100034346,2,1,,0,0,4,23,A01
202100034346,2,7,,0,0,1,2,B01
202100034347,0,7,,14,0,3,2,A01
202100034348,1,7,,0,2,3,1,A01
202100034348,2,7,,0,2,3,1,B01
202100034349,3,34,,2,0,0,15,A01
202100034350,1,7,,0,2,3,15,A01
202100034350,2,33,,0,2,1,1,B01
202100034351,1,33,,0,0,2,1,A01
202100034352,1,7,,0,2,1,1,B01
202100034352,3,13,,0,2,8,15,A01
202100034353,1,7,,0,2,7,1,B01
202100034353,1,7,,0,2,1,1,A01
202100034354,2,33,,0,0,1,1,A01
202100034355,2,7,,2,0,3,1,A01
202100034356,2,80,,0,2,7,1,B01
202100034356,1,7,,0,9,3,1,A01
202100034357,2,33,,13,0,0,14,A01
202100034358,1,33,,13,0,0,1,A01
202100034359,1,7,,0,2,3,13,B01
202100034359,2,7,,0,2,3,1,A01
202100034360,3,1,,0,2,4,2,B01
202100034360,3,7,,0,2,1,2,A01
202100034361,1,33,,0,2,2,17,A01
202100034361,1,7,,0,2,8,15,B01
202100034362,2,10,,0,2,2,1,B01
202100034362,1,50,,0,2,1,1,A01
202100034363,1,50,,12,0,0,1,A01
202100034364,0,7,,0,2,8,0,B01
202100034364,3,2,,0,2,1,0,A01
202100034365,3,7,,0,2,1,1,B01
202100034365,3,2,,0,2,1,13,A01
202100034366,1,7,,0,2,2,17,A01
202100034366,2,21,,0,2,3,15,B01
202100034367,2,7,,15,0,1,0,A01
202100034368,2,7,,2,0,8,1,A01
202100034369,1,33,,6,0,7,1,A01
202100034370,1,7,,0,2,1,1,B01
202100034370,2,10,,0,2,1,13,A01
202100034371,1,2,,0,2,3,1,B01
202100034371,1,7,,0,2,3,13,A01
202100034372,2,7,,0,0,0,1,A01
202100034373,2,14,,0,2,2,19,B01
202100034373,1,7,,0,2,8,1,A01
202100034374,1,33,,0,0,0,21,A01
202100034375,1,33,,0,0,7,1,A01
202100034376,2,33,,16,0,0,1,A01
202100034377,1,15,,0,4,5,23,A01
202100034377,1,39,,1,2,1,26,B01
202100034378,2,2,,13,0,0,1,A01
202100034379,1,7,,0,2,1,13,A01
202100034379,2,7,,0,2,1,1,B01
202100034380,1,7,,0,2,6,15,A01
202100034380,1,33,,0,2,1,1,B01
202100034381,1,15,,0,9,2,1,A01
202100034381,1,1,,0,2,8,2,B01
202100034382,1,15,,0,0,0,1,B01
202100034382,1,33,,0,0,8,1,A01
202100034383,2,17,,0,2,5,20,C01
202100034383,2,17,,1,0,2,1,A01
202100034384,1,7,,0,2,1,13,A01
202100034384,3,7,,0,2,6,1,B01
202100034385,0,2,,0,2,1,9,B01
202100034385,0,7,,0,9,3,1,A01
202100034386,1,7,,0,2,8,2,A01
202100034386,1,33,,0,2,2,17,B01
202100034387,2,7,,2,0,1,11,A01
202100034388,2,33,,0,0,0,1,A01
202100034389,1,7,,0,2,1,5,A01
202100034389,2,7,,0,2,1,17,B01
202100034390,1,30,,0,2,4,9,B01
202100034390,1,7,,0,2,0,9,A01
202100034391,2,10,,2,0,3,1,A01
202100034392,1,7,,0,2,2,15,B01
202100034392,2,34,,0,2,1,1,A01
202100034393,3,33,,0,6,1,1,A01
202100034394,2,33,,0,2,2,17,B01
202100034394,2,7,,0,2,3,15,A01
202100034395,3,3,,6,0,1,1,A01
202100034396,2,33,,0,2,3,13,B01
202100034396,2,7,,0,2,6,1,A01
202100034397,3,7,,0,2,3,26,A01
202100034397,3,33,,0,2,2,1,B01
202100034398,1,7,,0,2,6,15,A01
202100034398,1,31,,0,2,1,17,B01
202100034399,1,7,,0,0,4,23,A01
202100034399,1,10,,1,0,1,1,B01
202100034400,1,7,,0,2,1,1,C01
202100034400,1,7,,0,2,4,23,A01
202100034400,1,10,,0,2,4,2,B01
202100034401,2,7,,14,0,1,26,A01
202100034402,1,7,,4,2,5,1,A01
202100034402,1,33,,4,2,1,1,B01
202100034402,1,7,,4,2,0,19,Z01
202100034403,2,7,,0,2,6,1,B01
202100034403,2,7,,0,2,1,1,A01
202100034403,2,7,,0,2,4,1,C01
202100034404,1,7,,0,2,5,1,A01
202100034404,1,7,,0,0,0,0,B01
202100034405,1,14,,0,2,2,12,A01
202100034405,1,7,,0,2,6,1,B01
202100034406,1,33,,0,2,8,26,A01
202100034406,1,7,,0,2,7,12,B01
202100034407,2,7,,0,2,4,2,B01
202100034407,2,7,,0,2,1,1,A01
202100034408,2,33,,0,2,3,1,A01
202100034408,2,7,,0,2,5,2,B01
202100034409,2,10,,0,2,1,2,A01
202100034409,2,7,,0,2,4,2,B01
202100034409,2,7,,0,2,4,2,C01
202100034410,2,10,,0,2,4,2,C01
202100034410,2,10,,0,2,1,1,A01
202100034410,2,10,,0,2,4,2,B01
202100034411,2,7,,0,2,4,1,B01
202100034411,1,7,,0,2,1,1,C01
202100034412,2,33,,0,2,8,9,A01
202100034413,1,7,,4,0,1,0,A01
202100034414,1,7,,0,2,1,2,A01
202100034414,1,7,,0,2,4,2,B01
202100034415,1,7,,14,0,1,1,A01
202100034416,2,7,,0,2,8,11,B01
202100034416,2,32,,0,2,2,3,A01
202100034417,1,10,,0,2,1,2,A01
202100034417,2,7,,0,2,4,2,B01
202100034418,1,33,,0,2,7,3,A01
202100034418,1,10,,0,2,8,0,B01
202100034419,2,17,,0,2,0,2,A01
202100034419,2,7,,0,2,0,0,B01
202100034420,2,7,,0,2,8,1,C01
202100034420,2,33,,0,2,4,3,A01
202100034420,2,33,,0,2,1,3,B01
202100034421,2,10,,0,2,6,1,A01
202100034421,2,32,,0,2,1,2,B01
202100034422,1,33,,0,2,2,3,B01
202100034422,2,7,,0,2,6,11,A01
202100034423,2,10,,0,2,1,0,D01
202100034423,2,10,,0,2,4,0,C01
202100034423,2,10,,0,2,4,0,B01
202100034423,2,7,,0,2,4,0,A01
202100034424,1,7,,0,1,1,1,Z01
202100034425,2,7,,0,1,1,16,A01
202100034426,1,10,,0,2,2,2,A01
202100034426,1,7,,0,2,6,2,B01
202100034427,2,1,,0,2,1,1,A01
202100034427,1,7,,0,2,3,9,B01
202100034428,2,7,,0,1,1,16,A01
202100034429,0,10,,0,1,1,15,A01
202100034430,1,1,,1,0,1,14,A01
202100034431,2,32,,0,2,1,1,B01
202100034431,2,10,,0,2,2,15,A01
202100034432,3,10,,0,2,3,1,Z01
202100034432,3,30,,0,2,2,1,A01
202100034433,1,1,,12,0,1,21,A01
202100034434,2,30,,1,0,8,14,A01
202100034435,2,30,,0,2,3,5,A01
202100034435,1,7,,0,2,3,1,B01
202100034436,1,2,,0,2,8,1,A01
202100034436,1,7,,0,2,7,17,Z01
202100034437,2,30,,0,2,1,2,A01
202100034437,2,7,,0,2,4,23,B01
202100034438,1,34,,0,2,1,1,A01
202100034438,1,1,,0,2,6,15,B01
202100034439,1,7,,3,2,3,9,A01
202100034439,1,32,,0,2,2,1,B01
202100034440,2,37,1.0,0,2,1,7,B01
202100034440,1,7,,0,2,7,15,A01
202100034441,2,1,,0,2,1,1,B01
202100034441,1,7,,0,2,2,15,A01
202100034442,3,7,,0,2,2,9,A01
202100034442,3,37,3.0,0,2,3,1,B01
202100034443,2,32,,4,0,1,1,A01
202100034444,2,7,,0,2,3,20,B01
202100034444,2,10,,0,2,2,21,A01
202100034445,3,7,,1,1,2,1,A01
202100034446,1,33,,0,0,8,1,A01
202100034446,1,10,,0,0,0,14,Z01
202100034447,3,10,,3,0,0,2,C01
202100034447,3,7,,0,2,2,17,A01
202100034447,3,7,,0,2,1,2,B01
202100034448,3,33,,0,2,1,26,A01
202100034448,3,7,,0,2,3,23,B01
202100034448,3,7,,0,2,0,26,C01
202100034449,3,32,,0,2,8,9,B01
202100034449,-1,7,,0,2,7,9,A01
202100034450,1,7,,0,1,1,1,A01
202100034451,2,7,,0,2,3,10,A01
202100034451,2,1,,0,2,1,1,B01
202100034452,1,33,,0,2,1,1,C01
202100034452,1,34,,0,2,1,1,B01
202100034452,1,7,,0,2,8,10,A01
202100034453,1,7,,0,1,1,1,A01
202100034454,1,32,,0,2,1,1,A01
202100034454,1,7,,0,2,3,1,B01
202100034455,1,2,,0,2,1,1,B01
202100034455,2,7,,0,2,4,4,A01
202100034456,1,7,,0,2,1,2,B01
202100034456,1,7,,0,0,4,1,A01
202100034457,1,1,,0,5,1,1,A01
202100034458,2,7,,0,2,2,17,A01
202100034458,2,1,,0,0,8,1,B01
202100034459,1,7,,0,1,3,26,A01
202100034460,2,33,,0,2,1,1,A01
202100034460,1,10,,0,2,3,1,B01
202100034461,1,33,,0,2,7,1,B01
202100034461,2,10,,0,2,1,15,A01
202100034462,1,7,,2,0,5,0,A01
202100034463,2,7,,0,0,5,1,B01
202100034463,1,7,,0,0,1,9,A01
202100034464,2,7,,0,2,1,13,A01
202100034464,1,7,,0,2,1,1,B01
202100034465,1,1,,0,2,4,15,B01
202100034465,2,7,,0,2,3,2,A01
202100034466,2,7,,0,2,2,12,A01
202100034466,2,7,,0,0,3,1,B01
202100034467,1,7,,3,0,1,1,A01
202100034468,2,10,,0,2,1,2,A01
202100034468,2,10,,0,2,1,2,D01
202100034468,2,7,,0,2,1,2,C01
202100034468,2,7,,0,2,1,2,B01
202100034469,1,33,,0,2,7,17,B01
202100034469,1,7,,0,2,8,13,A01
202100034470,1,21,,0,2,3,1,B01
202100034470,2,7,,0,2,3,5,A01
202100034471,1,10,,13,2,8,1,C01
202100034471,2,7,,0,2,3,13,A01
202100034471,2,7,,0,2,3,1,B01
202100034472,1,7,,0,2,2,15,A01
202100034472,2,1,,0,2,1,1,B01
202100034473,2,7,,0,0,0,23,A01
202100034473,1,1,,0,0,0,21,B01
202100034474,0,1,,0,2,1,26,B01
202100034474,1,7,,0,9,1,26,A01
202100034475,3,7,,0,2,7,15,A01
202100034475,2,1,,0,2,1,1,B01
202100034476,2,33,,0,0,0,1,A01
202100034477,2,1,,0,2,6,1,B01
202100034477,2,7,,0,2,2,1,A01
202100034478,1,33,,0,0,0,1,A01
202100034479,1,36,,13,0,0,1,A01
202100034480,1,15,,0,0,7,2,A01
202100034481,1,31,,12,0,0,1,A01
202100034482,1,7,,0,2,1,17,A01
202100034482,2,7,,0,2,1,1,B01
202100034483,3,50,,10,0,0,0,A01
202100034484,1,33,,0,2,1,2,B01
202100034484,1,7,,0,2,8,15,A01
202100034485,2,7,,0,2,7,15,A01
202100034485,1,7,,0,2,1,1,B01
202100034486,1,7,,1,0,2,1,A01
202100034486,1,7,,1,0,6,24,B01
202100034487,0,7,,0,2,5,2,B01
202100034487,3,2,,0,2,1,2,A01
202100034488,1,33,,0,2,1,1,B01
202100034488,2,7,,0,2,5,15,A01
202100034489,2,2,,12,0,1,1,A01
202100034490,2,32,,11,0,1,6,A01
202100034491,1,2,,0,2,1,2,B01
202100034491,1,10,,0,2,2,2,A01
202100034492,1,2,,8,0,1,1,A01
202100034493,1,7,,0,2,3,15,A01
202100034493,2,32,,0,2,2,1,B01
202100034494,1,2,,8,0,1,1,A01
202100034495,0,10,,0,2,3,19,A01
202100034495,1,7,,0,2,2,1,B01
202100034496,1,7,,0,2,1,1,A01
202100034496,1,7,,0,0,4,1,B01
202100034496,1,7,,0,0,4,1,C01
202100034497,2,33,,6,0,1,1,A01
202100034498,1,1,,0,9,4,2,A01
202100034498,1,1,,0,9,1,2,B01
202100034498,1,1,,0,9,1,2,C01
202100034498,1,1,,0,9,1,2,D01
202100034499,2,31,,0,0,0,1,A01
202100034500,1,7,,0,2,7,1,B01
202100034500,2,7,,0,2,1,1,A01
202100034501,1,1,,0,2,1,1,B01
202100034501,2,7,,0,2,3,15,A01
202100034502,2,7,,0,2,3,1,B01
202100034502,1,34,,0,2,3,1,A01
202100034503,1,7,,0,0,9,1,A01
202100034504,1,33,,8,0,1,1,A01
202100034505,0,1,,0,2,1,1,B01
202100034505,0,7,,0,9,8,9,A01
202100034506,3,2,,0,0,0,1,A01
202100034507,1,7,,8,2,7,19,A01
202100034507,1,7,,0,2,1,1,B01
202100034508,1,10,,0,2,3,1,B01
202100034508,2,7,,0,2,3,1,A01
202100034509,1,7,,0,2,2,15,A01
202100034509,2,2,,0,2,1,1,B01
202100034510,2,7,,0,2,8,1,B01
202100034510,1,7,,0,2,3,1,A01
202100034511,2,10,,3,0,2,0,A01
202100034512,2,43,,0,2,1,1,B01
202100034512,1,7,,0,0,3,15,A01
202100034513,2,7,,4,0,9,2,A01
202100034514,2,1,,0,2,4,2,C01
202100034514,2,1,,0,2,4,2,B01
202100034514,2,7,,0,2,1,2,A01
202100034515,0,33,,0,0,0,1,A01
202100034516,2,7,,0,2,5,19,B01
202100034516,2,32,,0,2,1,1,A01
202100034517,1,7,,0,2,1,5,A01
202100034517,2,2,,0,2,1,5,B01
202100034518,2,33,,2,0,8,1,A01
202100034519,2,33,,0,0,2,0,A01
202100034520,2,1,,0,0,0,0,A01
202100034521,3,1,,0,0,0,1,A01
202100034522,1,7,,0,2,7,19,B01
202100034522,2,7,,0,2,2,1,A01
202100034523,1,33,,0,2,1,14,A01
202100034523,2,33,,0,2,1,1,B01
202100034524,2,7,,0,9,1,1,A01
202100034524,0,1,,0,2,8,19,B01
202100034525,0,7,,0,2,2,2,A01
202100034525,0,1,,0,2,4,2,B01
202100034526,1,7,,0,1,8,1,A01
202100034527,1,33,,0,2,1,16,B01
202100034527,2,10,,0,2,3,13,A01
202100034528,0,21,,0,2,3,1,B01
202100034528,3,7,,0,2,3,15,A01
202100034529,1,33,,0,2,1,3,B01
202100034529,1,7,,0,2,8,10,A01
202100034530,0,7,,0,2,1,5,A01
202100034530,0,15,,0,2,1,1,B01
202100034531,2,7,,2,0,3,17,A01
202100034532,2,7,,1,0,2,1,A01
202100034533,1,7,,1,0,1,1,A01
202100034534,2,33,,9,0,3,1,A01
202100034535,1,33,,4,0,3,0,A01
202100034536,1,10,,3,2,2,14,A01
202100034536,1,7,,0,2,6,1,B01
202100034536,1,10,,0,2,5,1,C01
202100034537,2,15,,0,2,2,0,A01
202100034537,2,7,,0,2,5,0,B01
202100034537,2,7,,0,2,1,0,C01
202100034538,2,7,,0,2,8,1,B01
202100034538,2,17,,0,2,2,12,A01
202100034539,1,7,,3,0,9,2,A01
202100034540,2,7,,0,2,1,2,A01
202100034540,2,10,,0,2,4,2,B01
202100034541,1,7,,0,2,1,2,A01
202100034541,1,10,,0,2,4,2,B01
202100034541,1,10,,0,2,4,2,C01
202100034542,2,7,,0,2,4,2,A01
202100034542,2,7,,0,2,1,2,B01
202100034542,2,10,,0,2,0,0,C01
202100034543,1,7,,0,2,4,2,B01
202100034543,1,17,,0,2,1,2,A01
202100034544,2,7,,0,2,1,2,A01
202100034544,2,10,,0,2,4,2,B01
202100034544,2,14,,0,2,4,2,C01
202100034545,2,7,,0,2,1,2,A01
202100034545,2,7,,0,2,4,1,B01
202100034546,2,7,,0,2,1,1,A01
202100034546,2,7,,0,2,5,11,B01
202100034547,2,7,,0,2,8,2,B01
202100034547,2,33,,0,2,7,14,A01
202100034548,2,7,,0,1,2,1,A01
202100034549,3,7,,0,1,2,1,A01
202100034550,1,50,,0,1,1,1,A01
202100034551,1,7,,0,1,1,1,A01
202100034552,2,31,,0,2,8,17,B01
202100034552,2,7,,0,2,8,15,A01
202100034553,1,7,,0,2,1,1,B01
202100034553,1,1,,0,2,8,1,A01
202100034554,1,30,,8,2,3,1,B01
202100034554,2,7,,0,2,1,1,A01
202100034555,1,34,,0,2,1,1,A01
202100034555,1,7,,0,2,2,15,B01
202100034556,1,33,,8,2,1,1,B01
202100034556,2,7,,0,2,5,15,A01
202100034557,2,7,,0,2,0,0,C01
202100034557,2,33,,0,2,0,0,B01
202100034557,2,43,,0,2,3,18,A01
202100034558,3,7,,0,1,4,4,A01
202100034559,1,7,,0,2,4,23,B01
202100034559,1,2,,0,2,1,2,A01
202100034560,2,7,,0,2,4,2,C01
202100034560,2,7,,0,2,4,2,B01
202100034560,2,7,,0,2,2,2,A01
202100034561,2,7,,0,2,3,1,A01
202100034561,1,43,,0,2,1,17,B01
202100034562,3,10,,0,2,3,1,A01
202100034562,3,7,,0,2,7,1,C01
202100034562,3,7,,0,2,1,16,B01
202100034563,1,50,,0,2,1,1,B01
202100034563,1,33,,0,9,7,1,A01
202100034564,1,7,,0,2,7,16,A01
202100034564,1,1,,0,2,8,1,B01
202100034565,3,50,,0,0,0,0,A01
202100034566,3,7,,8,0,0,1,A01
202100034567,2,1,,0,2,4,1,B01
202100034567,2,32,,0,2,1,1,A01
202100034568,1,7,,0,2,1,1,B01
202100034568,2,7,,0,2,7,15,A01
202100034569,2,7,,0,2,6,15,B01
202100034569,2,7,,0,2,1,1,A01
202100034570,3,7,,0,2,1,1,B01
202100034570,3,7,,0,2,2,19,A01
202100034571,3,10,,6,0,0,2,A01
202100034572,3,1,,0,2,1,1,B01
202100034572,3,7,,0,2,8,9,A01
202100034573,1,30,,0,0,0,1,A01
202100034574,3,7,,0,2,1,16,A01
202100034574,3,7,,0,2,7,1,B01
202100034575,0,7,,0,2,4,2,C01
202100034575,0,7,,0,0,4,2,D01
202100034575,0,7,,0,2,1,12,A01
202100034575,0,7,,0,0,4,23,B01
202100034576,2,7,,0,1,3,1,A01
202100034577,3,7,,0,0,5,0,A01
202100034577,3,1,,0,0,1,0,B01
202100034578,2,50,,0,2,1,19,B01
202100034578,1,7,,0,2,1,2,A01
202100034579,2,0,,0,2,1,26,A01
202100034579,2,1,,0,2,4,1,B01
202100034579,2,1,,0,2,4,1,C01
202100034580,1,80,,1,0,1,1,B01
202100034580,1,7,,0,2,8,23,A01
202100034581,3,2,,8,0,6,1,B01
202100034581,0,7,,0,2,3,15,A01
202100034582,0,7,,0,1,3,26,A01
202100034583,1,32,,0,2,1,1,B01
202100034583,2,7,,0,2,7,15,A01
202100034584,0,7,,0,2,6,10,Z01
202100034584,0,33,,0,2,1,15,B01
202100034585,1,20,,8,0,1,1,A01
202100034586,2,7,,0,2,1,13,A01
202100034586,1,7,,0,2,2,13,B01
202100034587,1,7,,0,2,8,9,B01
202100034587,3,30,,0,2,1,18,A01
202100034587,1,7,,0,2,0,1,C01
202100034588,2,1,,0,2,1,1,B01
202100034588,1,7,,0,2,3,15,A01
202100034589,1,7,,0,2,7,15,A01
202100034589,1,7,,0,2,2,1,B01
202100034590,1,33,,0,0,7,26,A01
202100034591,3,1,,0,2,7,1,B01
202100034591,3,7,,0,2,1,9,A01