Num_Acc,senc,catv,occutc,obs,obsm,choc,manv,num_veh
202100034592,1,7,,0,2,1,1,B01
202100034592,1,7,,0,2,4,1,C01
202100034592,1,7,,0,2,1,2,A01
202100034593,3,34,,8,1,1,1,A01
202100034594,2,32,,14,2,2,17,A01
202100034594,2,3,,0,0,3,15,B01
202100034595,2,7,,0,2,1,2,A01
202100034595,1,2,,0,2,7,15,B01
202100034596,1,7,,0,2,3,3,A01
202100034596,2,10,,0,2,3,1,B01
202100034597,1,1,,0,1,8,1,A01
202100034598,1,33,,0,2,1,13,B01
202100034598,1,7,,0,2,8,10,A01
202100034599,1,7,,0,2,5,12,A01
202100034599,1,1,,0,2,1,1,B01
202100034600,2,7,,0,1,1,1,A01
202100034601,3,33,,0,0,4,0,B01
202100034601,3,7,,0,2,1,1,A01
202100034602,3,7,,0,0,0,11,Z01
202100034602,3,33,,12,0,3,21,A01
202100034603,1,30,,16,0,0,1,A01
202100034604,2,7,,0,2,1,2,A01
202100034604,2,10,,0,2,4,2,B01
202100034604,2,7,,0,2,4,2,C01
202100034605,1,32,,0,2,7,3,A01
202100034605,1,7,,0,2,8,11,B01
202100034606,1,33,,1,1,1,1,A01
202100034607,3,7,,0,2,0,1,Z01
202100034607,3,30,,0,2,0,1,A01
202100034608,1,7,,0,2,1,16,A01
202100034608,2,50,,0,2,0,19,B01
202100034609,0,1,,0,2,1,1,A01
202100034610,1,30,,0,2,7,14,B01
202100034610,1,30,,0,2,8,1,A01
202100034611,2,7,,0,2,6,9,A01
202100034611,2,30,,0,2,1,1,B01
202100034612,3,34,,12,0,1,14,A01
202100034613,1,32,,0,0,0,21,A01
202100034614,0,30,,0,2,1,1,Z01
202100034614,2,1,,0,2,2,1,A01
202100034615,1,30,,0,2,1,2,A01
202100034615,1,7,,0,2,4,23,B01
202100034616,1,7,,0,2,4,2,B01
202100034616,1,7,,0,2,1,2,A01
202100034616,1,7,,0,2,4,23,C01
202100034617,1,33,,0,2,8,7,B01
202100034617,1,7,,0,2,2,16,A01
202100034618,2,30,,0,0,1,7,A01
202100034619,2,50,,0,2,8,5,A01
202100034619,1,7,,0,2,3,1,B01
202100034620,1,7,,0,1,1,1,A01
202100034621,2,33,,0,1,3,0,A01
202100034622,1,7,,0,2,1,1,B01
202100034622,1,7,,0,2,3,1,A01
202100034623,2,7,,0,2,2,1,A01
202100034623,1,60,,0,2,7,19,B01
202100034624,1,7,,0,2,1,9,A01
202100034624,1,31,,0,2,1,0,B01
202100034625,0,50,,0,0,8,0,B01
202100034625,1,7,,0,2,1,1,A01
202100034626,1,7,,0,0,0,0,A01
202100034626,3,1,,0,2,1,1,B01
202100034627,2,1,,0,2,1,1,B01
202100034627,1,7,,0,9,7,15,A01
202100034628,3,7,,0,2,6,1,C01
202100034628,3,7,,0,2,2,1,B01
202100034628,0,33,,0,2,3,3,A01
202100034629,2,7,,0,1,3,1,A01
202100034630,3,32,,0,2,3,15,A01
202100034630,0,3,,0,0,0,0,B01
202100034631,2,7,,0,1,1,1,A01
202100034632,3,33,,0,1,3,1,A01
202100034633,1,7,,2,0,1,14,A01
202100034634,1,33,,15,9,1,14,A01
202100034635,1,7,,2,0,2,0,A01
202100034636,1,7,,0,9,1,2,A01
202100034636,1,1,,0,0,4,2,B01
202100034637,2,7,,0,2,3,1,B01
202100034637,1,7,,0,2,1,13,A01
202100034638,2,1,,0,2,1,1,B01
202100034638,1,7,,0,2,2,15,A01
202100034639,2,1,,0,2,4,2,B01
202100034639,2,7,,0,2,2,17,A01
202100034640,1,7,,2,0,1,0,A01
202100034641,1,7,,0,0,9,0,A01
202100034642,1,7,,8,0,2,1,A01
202100034643,2,2,,0,0,4,2,B01
202100034643,2,7,,0,2,1,2,A01
202100034644,1,7,,0,2,3,1,B01
202100034644,2,7,,0,2,3,13,A01
202100034645,2,10,,0,2,2,12,A01
202100034645,2,7,,0,2,4,1,B01
202100034646,0,2,,3,0,1,1,A01
202100034647,1,7,,0,1,7,1,A01
202100034648,2,7,,0,9,2,1,B01
202100034648,0,50,,0,2,2,15,A01
202100034649,1,1,,0,2,0,1,B01
202100034649,2,7,,0,2,1,1,A01
202100034650,1,7,,8,0,1,14,A01
202100034651,3,33,,0,0,0,0,A01
202100034652,3,2,,0,0,8,1,A01
202100034653,3,50,,0,0,0,1,A01
202100034654,3,7,,0,0,0,1,A01
202100034654,3,1,,0,2,0,1,B01
202100034655,1,7,,13,0,1,1,A01
202100034656,3,1,,0,2,1,9,A01
202100034656,2,7,,0,2,7,1,B01
202100034657,1,33,,0,0,1,1,A01
202100034658,1,7,,13,2,1,15,A01
202100034658,2,7,,0,2,1,1,B01
202100034659,1,33,,0,2,1,1,B01
202100034659,1,7,,0,2,8,19,A01
202100034660,2,13,,0,2,3,1,B01
202100034660,1,7,,0,2,3,13,A01
202100034661,1,33,,8,0,1,1,A01
202100034662,2,7,,2,0,0,13,A01
202100034663,3,7,,0,2,3,1,B01
202100034663,3,1,,0,2,1,13,A01
202100034664,3,60,,0,0,0,1,A01
202100034665,2,1,,0,0,1,1,A01
202100034666,0,7,,0,2,3,13,A01
202100034666,0,7,,0,2,3,1,B01
202100034667,1,7,,0,2,1,5,A01
202100034667,2,1,,0,2,1,1,B01
202100034668,2,7,,8,0,9,1,A01
202100034669,1,1,,0,5,1,1,A01
202100034670,1,7,,0,2,1,1,B01
202100034670,2,7,,0,2,1,5,A01
202100034671,3,7,,0,1,4,26,A01
202100034672,2,2,,2,0,1,0,A01
202100034673,1,7,,2,0,1,1,A01
202100034674,3,7,,0,9,6,23,B01
202100034674,3,10,,0,2,2,1,A01
202100034674,3,50,,0,0,8,19,C01
202100034675,1,2,,9,0,1,1,A01
202100034676,2,33,,0,0,2,1,A01
202100034677,1,10,,0,2,2,17,B01
202100034677,1,1,,0,2,8,0,A01
202100034678,1,7,,0,2,5,17,A01
202100034678,1,1,,0,2,3,1,B01
202100034679,0,7,,12,2,1,5,A01
202100034679,0,7,,12,2,1,1,B01
202100034680,1,31,,0,0,8,1,A01
202100034681,0,36,,0,2,2,1,B01
202100034681,0,31,,0,2,1,1,A01
202100034682,3,7,,0,2,9,0,B01
202100034682,3,7,,7,2,2,9,A01
202100034683,0,7,,0,2,1,26,A01
202100034683,3,7,,0,2,2,1,B01
202100034684,0,30,,0,2,4,2,B01
202100034684,0,7,,0,2,1,2,A01
202100034685,2,2,,0,2,4,15,B01
202100034685,2,10,,0,2,2,17,A01
202100034686,3,10,,0,2,3,1,A01
202100034686,3,30,,0,2,1,1,B01
202100034687,1,17,,13,0,3,1,A01
202100034688,1,10,,1,0,2,1,B01
202100034688,1,7,,0,2,8,24,A01
202100034689,2,7,,0,2,1,2,B01
202100034689,2,7,,0,0,4,23,A01
202100034690,2,15,,0,1,2,1,A01
202100034691,2,7,,0,9,3,9,B01
202100034691,3,1,,0,2,1,1,A01
202100034692,1,10,,0,0,4,2,B01
202100034692,1,7,,4,2,1,2,A01
202100034693,3,10,,0,0,3,1,A01
202100034694,1,2,,0,2,8,15,B01
202100034694,1,7,,0,2,2,1,A01
202100034695,2,15,,1,0,2,1,B01
202100034695,2,7,,0,2,1,1,C01
202100034695,2,10,,0,0,4,23,A01
202100034696,1,7,,0,2,6,1,A01
202100034696,2,7,,0,2,3,16,B01
202100034697,1,33,,0,2,1,1,A01
202100034697,2,7,,0,2,1,1,B01
202100034698,3,7,,0,0,2,15,A01
202100034698,3,33,,0,0,3,1,B01
202100034699,1,38,1.0,0,2,3,1,A01
202100034699,2,14,,0,2,3,1,B01
202100034700,2,7,,10,0,2,14,A01
202100034701,1,33,,0,2,2,5,B01
202100034701,2,15,,0,2,1,1,A01
202100034702,2,1,,0,0,7,1,B01
202100034702,0,7,,0,2,1,9,A01
202100034703,2,7,,0,2,7,1,A01
202100034703,2,1,,0,2,8,1,B01
202100034704,2,7,,13,0,9,1,A01
202100034705,1,10,,0,2,3,15,B01
202100034705,1,33,,0,2,1,17,A01
202100034706,3,2,,0,2,1,13,B01
202100034706,3,10,,0,2,1,1,A01
202100034707,1,7,,0,2,1,1,A01
202100034707,2,7,,0,2,1,1,B01
202100034708,0,7,,0,2,7,1,B01
202100034708,0,7,,0,2,1,19,A01
202100034709,2,33,,14,0,1,0,A01
202100034710,1,7,,0,2,4,2,A01
202100034710,1,7,,0,2,1,2,B01
202100034710,1,7,,0,2,1,2,C01
202100034711,1,43,,0,2,1,1,B01
202100034711,1,7,,0,2,5,2,A01
202100034712,1,7,,0,2,4,2,A01
202100034712,1,7,,0,2,1,2,B01
202100034713,1,34,,0,2,4,1,A01
202100034713,1,7,,0,2,1,1,B01
202100034714,1,7,,0,2,5,1,B01
202100034714,1,43,,0,2,3,3,A01
202100034715,2,7,,0,0,0,2,T01
202100034715,1,7,,0,9,1,1,C01
202100034715,2,7,,0,2,1,18,A01
202100034715,2,7,,0,2,5,12,B01
202100034716,1,7,,4,2,2,14,A01
202100034716,2,7,,0,9,1,1,B01
202100034717,1,7,,0,2,1,2,A01
202100034717,1,7,,0,2,4,2,B01
202100034717,1,7,,0,2,4,2,C01
202100034717,1,7,,0,2,4,2,D01
202100034718,2,7,,0,2,3,11,B01
202100034718,2,43,,0,2,1,3,A01
202100034719,2,7,,0,2,2,1,A01
202100034719,2,7,,0,2,6,1,B01
202100034720,1,33,,0,2,1,3,A01
202100034720,1,7,,0,2,6,1,B01
202100034720,1,7,,0,2,5,1,C01
202100034721,1,7,,0,2,1,11,A01
202100034721,1,7,,0,2,1,2,B01
202100034721,1,7,,0,2,4,2,C01
202100034722,2,7,,0,2,0,26,B01
202100034722,2,7,,0,2,0,26,A01
202100034723,1,7,,0,2,0,0,C01
202100034723,1,7,,0,2,1,26,A01
202100034723,1,7,,0,2,4,26,B01
202100034724,1,7,,4,0,9,0,A01
202100034725,2,7,,0,2,1,1,A01
202100034725,1,7,,0,2,4,2,B01
202100034725,1,7,,0,2,4,2,C01
202100034726,2,7,,0,2,1,1,A01
202100034726,2,7,,0,2,4,2,B01
202100034726,2,7,,0,2,4,2,C01
202100034727,2,7,,4,0,9,14,A01
202100034728,2,7,,0,2,1,2,A01
202100034728,2,33,,0,2,4,2,B01
202100034729,2,34,,0,2,1,1,C01
202100034729,2,7,,0,2,6,1,B01
202100034729,2,15,,0,2,5,12,A01
202100034730,2,7,,4,0,3,13,A01
202100034731,2,33,,0,2,2,1,A01
202100034732,1,10,,0,2,4,11,B01
202100034732,1,33,,0,2,1,9,A01
202100034733,1,7,,0,9,7,1,B01
202100034733,1,2,,0,9,1,1,A01
202100034734,2,7,,0,2,0,16,Z01
202100034734,2,1,,0,2,0,0,A01
202100034735,2,7,,9,2,1,1,A01
202100034735,2,1,,0,2,8,1,C01
202100034735,2,32,,0,2,8,1,B01
202100034736,2,7,,0,2,1,1,B01
202100034736,1,80,,0,2,8,1,A01
202100034737,1,30,,0,0,0,1,A01
202100034738,3,30,,0,2,1,17,A01
202100034738,0,7,,0,2,8,15,B01
202100034739,3,1,,0,2,0,0,B01
202100034739,2,10,,0,2,7,16,A01
202100034740,1,33,,0,0,7,14,A01
202100034741,1,7,,0,1,1,1,A01
202100034742,2,7,,0,2,3,2,A01
202100034742,2,7,,1,2,4,2,B01
202100034743,1,30,,0,2,1,15,A01
202100034743,1,7,,0,2,0,0,X01
202100034744,0,32,,0,2,2,1,B01
202100034744,1,7,,0,2,3,9,A01
202100034745,2,33,,0,2,4,1,B01
202100034745,1,7,,0,2,3,9,A01
202100034746,2,30,,0,1,1,1,A01
202100034747,0,7,,0,1,2,0,A01
202100034748,2,1,,0,2,1,1,B01
202100034748,1,10,,0,2,8,15,A01
202100034749,2,2,,12,0,0,1,A01
202100034750,2,7,,0,2,1,2,A01
202100034750,2,7,,0,2,4,2,B01
202100034750,2,7,,0,2,4,2,C01
202100034750,2,7,,14,0,4,2,D01
202100034751,1,7,,0,1,1,2,A01
202100034752,1,7,,0,1,1,26,A01
202100034753,2,10,,0,1,3,1,A01
202100034754,2,7,,0,2,8,10,A01
202100034754,1,7,,0,2,1,1,B01
202100034755,2,33,,0,0,0,1,A01
202100034756,2,30,,0,2,7,19,A01
202100034756,2,7,,0,2,8,1,B01
202100034757,2,32,,0,2,6,21,B01
202100034757,2,7,,0,2,2,12,A01
202100034758,1,7,,1,0,2,2,A01
202100034759,2,7,,0,2,3,10,A01
202100034759,2,33,,0,2,2,2,B01
202100034760,2,7,,15,2,4,26,A01
202100034760,2,7,,0,2,2,26,B01
202100034761,1,7,,16,0,1,14,A01
202100034762,2,7,,0,0,0,0,B01
202100034762,1,34,,0,2,3,17,A01
202100034763,3,31,,0,2,8,1,B01
202100034763,1,7,,0,2,1,15,Z01
202100034764,1,7,,0,2,8,0,B01
202100034764,2,7,,0,2,1,13,A01
202100034765,1,31,,1,0,1,1,A01
202100034766,3,7,,0,2,1,1,B01
202100034766,0,1,,0,2,5,1,A01
202100034767,3,7,,0,1,3,1,A01
202100034768,1,33,,8,0,1,14,A01
202100034769,2,33,,0,2,1,1,A01
202100034769,1,7,,0,2,8,15,B01
202100034770,2,7,,0,1,3,9,A01
202100034771,2,7,,0,2,3,2,B01
202100034771,2,32,,0,2,2,17,A01
202100034772,1,7,,1,0,3,13,A01
202100034773,1,7,,0,2,4,2,B01
202100034773,1,7,,0,2,1,2,A01
202100034774,2,7,,0,2,2,13,B01
202100034774,1,7,,0,2,1,9,A01
202100034774,3,7,,1,0,6,0,C01
202100034774,3,7,,1,0,0,0,D01
202100034775,2,7,,0,2,1,9,A01
202100034775,1,33,,0,2,2,26,B01
202100034776,1,33,,0,2,3,2,A01
202100034776,1,7,,0,2,5,2,B01
202100034777,1,7,,0,2,3,11,B01
202100034777,1,33,,0,2,2,3,A01
202100034778,1,7,,0,1,3,1,A01
202100034779,1,7,,0,2,8,7,C01
202100034779,1,7,,0,2,5,1,B01
202100034779,1,33,,0,2,3,18,A01
202100034780,1,30,,0,1,1,5,A01
202100034781,2,7,,0,2,2,9,A01
202100034781,1,80,,0,2,1,1,B01
202100034782,1,34,,0,2,2,17,A01
202100034782,1,7,,0,2,3,15,B01
202100034783,1,7,,0,2,3,1,B01
202100034783,1,1,,0,2,7,15,A01
202100034784,1,50,,1,0,0,14,A01
202100034785,1,32,,0,2,4,2,A01
202100034785,1,7,,0,2,1,2,Z01
202100034786,2,1,,0,2,1,1,A01
202100034786,1,34,,0,2,3,1,B01
202100034787,2,50,,0,1,1,1,A01
202100034788,3,32,,0,1,4,25,A01
202100034789,2,1,,0,2,1,1,B01
202100034789,1,50,,0,2,1,5,A01
202100034790,2,50,,0,2,2,5,A01
202100034790,1,33,,0,2,2,1,B01
202100034791,0,1,,0,2,1,1,A01
202100034791,0,10,,0,2,7,1,B01
202100034792,2,1,,0,2,1,1,A01
202100034792,1,7,,0,2,6,15,B01
202100034793,2,10,,0,1,1,15,A01
202100034794,2,7,,0,1,8,15,A01
202100034795,1,7,,0,0,3,0,B01
202100034795,2,7,,1,2,2,0,A01
202100034795,1,7,,0,0,3,0,C01
202100034795,1,7,,0,0,0,0,KD01
202100034796,1,10,,0,2,3,15,A01
202100034797,1,7,,0,9,3,19,A01
202100034797,1,50,,0,2,1,1,B01
202100034798,1,50,,0,2,3,1,B01
202100034798,1,7,,0,2,6,1,A01
202100034799,0,7,,0,2,3,1,A01
202100034799,1,33,,0,2,1,2,B01
202100034800,1,60,,0,2,1,1,B01
202100034800,2,10,,0,2,1,16,A01
202100034801,2,30,,0,2,1,17,A01
202100034802,1,10,,0,2,4,1,B01
202100034802,1,7,,0,2,4,1,C01
202100034802,1,7,,0,2,1,1,A01
202100034803,2,7,,0,0,0,0,A01
202100034803,0,7,,0,0,0,0,B01
202100034804,1,1,,0,2,2,5,B01
202100034804,2,2,,0,9,1,18,A01
202100034805,-1,7,,0,2,2,9,A01
202100034805,-1,99,,0,2,1,3,B01
202100034806,1,7,,0,2,3,15,A01
202100034806,1,7,,0,2,1,0,Z01
202100034807,1,1,,0,2,1,1,B01
202100034807,1,7,,0,2,4,23,A01
202100034808,2,2,,0,2,1,1,B01
202100034808,2,7,,0,2,8,10,A01
202100034809,2,34,,0,1,1,5,A01
202100034810,2,43,,8,0,9,26,A01
202100034811,0,7,,0,2,3,15,A01
202100034811,2,37,1.0,0,2,2,1,B01
202100034812,2,7,,0,2,3,15,B01
202100034812,1,2,,0,2,1,1,A01
202100034813,3,43,,0,2,1,1,A01
202100034813,3,3,,0,2,4,0,B01
202100034814,2,32,,0,0,1,13,A01
202100034815,1,60,,0,1,1,1,A01
202100034816,2,7,,0,2,2,11,A01
202100034816,2,7,,0,2,2,1,B01
202100034817,3,7,,13,0,1,1,A01
202100034818,2,2,,0,2,1,19,A01
202100034818,1,7,,0,2,8,19,B01
202100034819,1,7,,0,2,3,1,B01
202100034819,2,7,,0,2,6,26,A01
202100034820,1,33,,0,0,0,9,A01
202100034821,3,36,,0,0,0,0,A01
202100034822,1,7,,0,2,6,2,B01
202100034822,1,33,,0,2,1,2,A01
202100034823,1,7,,0,2,3,15,A01
202100034823,2,7,,0,2,1,1,B01
202100034824,1,7,,13,0,2,14,A01
202100034825,2,33,,0,2,1,1,A01
202100034825,2,33,,0,2,1,1,B01
202100034825,1,7,,0,2,1,17,C01
202100034826,2,10,,0,2,7,17,A01
202100034826,2,21,,0,2,3,15,B01
202100034827,1,7,,0,2,3,1,B01
202100034827,1,33,,0,2,0,17,A01
202100034828,2,33,,0,0,0,1,A01
202100034829,3,7,,2,0,8,1,A01
202100034830,1,7,,2,0,1,13,A01
202100034831,1,7,,0,0,0,1,D01
202100034831,1,33,,0,2,3,1,A01
202100034831,2,7,,0,2,1,1,B01
202100034831,1,7,,0,2,3,1,C01
202100034832,2,33,,0,2,5,2,B01
202100034832,2,33,,0,2,1,2,A01
202100034833,1,33,,0,2,1,1,A01
202100034833,2,7,,0,2,1,1,B01
202100034834,1,7,,0,2,2,15,A01
202100034834,2,33,,0,2,1,1,B01
202100034835,2,2,,0,0,0,1,A01
202100034836,1,10,,0,2,2,1,A01
202100034836,1,30,,0,2,4,1,B01
202100034837,1,7,,7,0,9,1,A01
202100034838,2,31,,0,2,1,1,B01
202100034838,2,50,,0,2,8,15,A01
202100034839,1,33,,0,0,4,0,C01
202100034839,1,33,,0,0,4,0,B01
202100034839,1,33,,0,2,1,0,A01
202100034840,3,33,,0,2,1,1,B01
202100034840,3,7,,0,2,8,1,A01
202100034841,2,33,,5,0,1,1,A01
202100034842,1,2,,13,0,4,15,B01
202100034842,1,7,,0,2,1,17,A01
202100034843,1,7,,0,2,5,2,B01
202100034843,1,33,,0,2,1,2,A01
202100034844,1,33,,5,0,1,13,A01
202100034845,2,33,,0,2,1,17,A01
202100034845,2,7,,0,2,6,15,B01
202100034846,2,33,,3,0,7,1,A01
202100034847,2,7,,13,0,1,1,A01
202100034848,0,33,,0,2,1,1,B01
202100034848,3,7,,0,2,7,15,A01
202100034849,1,7,,2,0,3,1,A01
202100034850,2,33,,0,2,1,1,A01
202100034850,2,7,,0,2,4,15,B01
202100034851,1,33,,0,0,8,0,A01
202100034852,3,7,,0,0,1,1,A01
202100034853,2,3,,16,0,1,1,A01
202100034854,1,7,,0,2,1,0,A01
202100034854,2,7,,0,2,1,0,B01
202100034855,1,7,,0,2,3,1,B01
202100034855,2,7,,0,2,3,13,A01
202100034856,0,7,,0,9,8,15,A01
202100034856,3,1,,0,2,1,17,B01
202100034856,3,1,,0,2,1,17,C01
202100034856,3,1,,0,2,1,17,D01
202100034856,3,1,,0,2,1,17,E01
202100034857,1,7,,2,0,7,1,A01
202100034858,3,2,,0,2,8,13,A01
202100034858,3,7,,0,2,3,1,B01
202100034859,1,7,,0,0,1,13,A01
202100034860,2,33,,0,0,0,1,A01
202100034861,1,1,,0,2,8,1,B01
202100034861,2,7,,0,2,3,15,A01
202100034862,3,7,,0,2,1,1,B01
202100034862,3,7,,0,2,8,19,A01
202100034863,1,7,,13,0,1,0,A01
202100034864,1,7,,6,0,1,13,A01
202100034865,3,60,,0,2,3,0,B01
202100034865,1,7,,0,9,2,1,A01
202100034866,1,10,,0,2,1,13,A01
202100034866,2,7,,0,2,1,0,B01
202100034867,2,33,,13,0,1,1,A01
202100034868,1,33,,0,0,1,2,A01
202100034869,1,7,,16,0,2,26,A01
202100034870,3,33,,2,0,1,14,A01
202100034871,2,33,,0,2,1,2,B01
202100034871,2,7,,0,0,4,23,A01
202100034872,2,7,,4,0,8,19,A01
202100034873,1,7,,13,0,2,0,A01
202100034874,2,7,,13,0,9,14,A01
202100034875,3,33,,0,2,1,13,B01
202100034875,3,7,,0,2,7,9,A01
202100034876,1,10,,0,1,2,1,A01
202100034877,1,7,,0,2,1,2,B01
202100034877,2,7,,0,2,1,13,A01
202100034878,3,7,,8,0,2,1,A01
202100034879,0,7,,0,2,1,1,A01
202100034879,0,30,,0,2,1,1,B01
202100034880,2,10,,0,1,1,1,A01
202100034881,0,7,,0,2,3,20,A01
202100034881,0,2,,0,2,0,26,B01
202100034882,1,7,,0,1,3,1,A01
202100034883,1,33,,6,0,1,26,A01
202100034884,1,33,,5,0,1,14,A01
202100034885,3,2,,0,2,7,1,B01
202100034885,3,7,,0,2,8,15,A01
202100034886,2,7,,0,2,3,1,B01
202100034886,1,7,,0,0,8,1,A01
202100034887,1,2,,3,0,0,1,A01
202100034888,2,7,,0,2,3,15,A01
202100034888,2,33,,0,2,2,17,B01
202100034889,2,33,,0,0,8,1,A01
202100034890,1,1,,0,0,1,1,A01
202100034891,2,33,,0,2,1,13,A01
202100034891,1,33,,0,0,1,1,B01
202100034892,3,7,,0,1,3,1,A01
202100034893,3,2,,0,2,3,1,A01
202100034893,3,21,,0,2,3,1,B01
202100034894,0,7,,0,2,3,1,B01
202100034894,0,7,,0,2,3,1,A01
202100034895,2,33,,0,2,3,1,A01
202100034895,2,7,,0,0,4,23,B01
202100034895,1,33,,0,2,1,5,C01
202100034896,2,33,,0,2,1,1,B01
202100034896,2,7,,0,2,3,26,A01
202100034897,3,31,,8,0,8,17,A01
202100034898,1,7,,0,2,1,1,B01
202100034898,2,7,,0,2,1,13,A01
202100034899,2,7,,0,2,4,2,B01
202100034899,2,7,,0,2,1,2,A01
202100034900,2,33,,0,2,1,1,C01
202100034900,1,7,,0,2,1,13,A01
202100034900,2,7,,0,2,8,1,B01
202100034901,0,7,,13,0,0,0,A01
202100034902,0,0,,0,2,5,15,B01
202100034902,3,2,,1,2,3,1,A01
202100034903,0,2,,0,0,0,0,A01
202100034904,2,7,,4,2,4,11,A01
202100034904,2,7,,0,2,1,2,C01
202100034904,2,7,,4,2,4,2,B01
202100034905,2,7,,0,2,4,2,A01
202100034905,2,7,,0,2,4,2,B01
202100034905,2,7,,0,2,1,2,C01
202100034906,2,7,,0,2,1,1,B01
202100034906,2,7,,0,2,1,11,A01
202100034907,2,33,,0,2,1,3,A01
202100034907,2,7,,0,2,3,2,B01
202100034907,2,7,,0,2,5,1,C01
202100034908,1,10,,0,2,3,9,A01
202100034908,1,7,,0,2,1,1,C01
202100034908,1,10,,0,2,2,1,B01
202100034909,1,7,,4,0,1,14,A01
202100034910,1,10,,0,2,1,9,A01
202100034910,1,7,,0,2,4,1,B01
202100034910,1,7,,0,2,4,1,C01
202100034911,1,33,,0,2,0,26,B01
202100034911,1,10,,0,2,0,0,Z01
202100034912,1,7,,1,0,1,1,A01
202100034912,1,10,,0,2,4,23,B01
202100034913,1,15,,0,2,7,14,A01
202100034913,1,7,,0,2,8,1,B01
202100034914,2,7,,0,2,1,2,A01
202100034914,2,7,,0,2,4,1,B01
202100034914,2,7,,0,2,1,2,C01
202100034915,2,33,,0,2,8,3,A01
202100034915,2,7,,0,2,5,1,B01
202100034916,1,17,,0,2,4,2,B01
202100034916,1,7,,0,2,1,2,A01
202100034917,1,10,,8,2,3,1,B01
202100034917,2,7,,0,2,1,19,A01
202100034918,2,7,,0,1,3,1,A01
202100034919,3,7,,1,0,5,24,A01
202100034920,2,7,,0,2,2,1,C01
202100034920,2,10,,0,2,2,15,A01
202100034920,1,33,,0,2,1,1,B01
202100034921,2,7,,0,2,1,1,B01
202100034921,1,30,,0,2,1,13,A01
202100034922,2,7,,0,2,5,15,A01
202100034922,1,50,,0,2,1,1,B01
202100034923,2,7,,0,1,1,16,A01
202100034924,1,32,,0,2,3,1,A01
202100034924,2,50,,0,2,2,15,B01
202100034925,2,2,,0,1,1,17,A01
202100034926,1,33,,0,1,1,19,A01
202100034927,1,43,,0,2,1,2,A01
202100034927,1,10,,0,0,4,2,B01
202100034928,1,33,,0,2,5,1,B01
202100034929,2,7,,0,2,1,11,A01
202100034929,2,7,,14,2,4,1,B01
202100034930,1,33,,0,9,1,13,A01
202100034930,2,21,,0,0,3,1,B01
202100034931,1,7,,0,1,1,1,A01
202100034932,3,7,,0,1,5,26,A01
202100034933,2,7,,14,2,4,2,C01
202100034933,2,7,,0,2,1,2,A01
202100034933,2,7,,0,2,4,2,B01
202100034934,3,1,,14,2,1,1,B01
202100034934,3,7,,0,2,7,16,A01
202100034935,2,7,,0,2,1,2,A01
202100034935,2,7,,0,2,4,2,B01
202100034935,2,7,,0,2,4,2,C01
202100034936,3,1,,0,2,8,1,B01
202100034936,3,7,,0,2,1,9,A01
202100034937,2,33,,0,2,2,2,B01
202100034937,2,7,,0,2,3,15,A01
202100034938,1,43,,0,2,3,1,B01
202100034938,2,7,,1,0,3,13,A01
202100034939,2,7,,0,2,3,13,B01
202100034939,1,31,,0,2,1,17,A01
202100034940,0,7,,0,1,2,1,A01
202100034941,0,7,,0,2,1,2,B01
202100034941,0,10,,0,2,4,2,A01
202100034942,1,1,,0,2,1,1,B01
202100034942,2,7,,0,2,1,17,A01
202100034943,2,1,,0,2,1,1,B01
202100034943,1,7,,0,2,1,15,A01
202100034944,1,7,,0,2,4,2,B01
202100034944,1,30,,0,2,1,2,A01
202100034945,3,10,,0,2,1,9,A01
202100034945,2,33,,0,2,7,1,B01
202100034946,1,10,,0,1,4,4,A01
202100034947,1,7,,0,2,1,2,A01
202100034947,1,7,,0,2,4,2,B01
202100034947,1,7,,0,2,4,2,C01
202100034947,1,7,,0,2,4,2,D01
202100034948,0,33,,8,0,1,0,A01
202100034949,1,33,,0,2,1,21,A01
202100034949,1,7,,0,2,4,23,B01
202100034950,1,7,,8,0,0,13,A01
202100034951,0,33,,8,0,1,1,A01
202100034952,1,33,,0,2,1,1,B01
202100034952,2,7,,0,2,2,15,A01
202100034953,3,7,,0,2,4,2,C01
202100034953,3,33,,0,2,4,2,B01
202100034953,3,7,,0,2,1,2,A01
202100034954,0,60,,0,2,3,9,B01
202100034954,1,0,,0,2,1,17,Z01
202100034955,2,7,,0,2,3,9,A01
202100034955,2,7,,0,2,2,1,B01
202100034956,1,30,,0,2,1,1,A01
202100034956,1,37,1.0,0,2,6,1,B01
202100034957,2,2,,0,2,1,1,B01
202100034957,1,7,,0,2,2,15,A01
202100034958,2,7,,0,2,1,1,A01
202100034958,1,7,,0,2,5,1,B01
202100034958,2,7,,0,2,1,1,C01
202100034959,1,7,,0,2,2,1,B01
202100034959,1,30,,0,2,2,26,A01
202100034960,1,34,,0,2,1,9,A01
202100034960,2,7,,0,2,1,1,B01
202100034961,2,7,,0,2,1,1,A01
202100034961,2,7,,0,2,1,1,B01
202100034961,2,7,,0,2,4,0,C01
202100034962,3,30,,0,2,1,19,B01
202100034962,2,7,,0,2,2,1,A01
202100034963,1,7,,0,2,5,15,B01
202100034963,2,7,,0,2,2,1,A01
202100034964,2,7,,0,2,7,1,A01
202100034964,3,1,,0,2,1,19,B01
202100034965,2,7,,0,2,3,9,A01
202100034965,1,2,,0,2,1,1,B01
202100034966,2,50,,0,2,0,0,B01
202100034966,1,7,,0,9,2,15,A01