Num_Acc,senc,catv,occutc,obs,obsm,choc,manv,num_veh
202100034967,1,7,,0,2,1,2,A01
202100034967,1,30,,0,2,4,23,B01
202100034968,1,33,,0,2,1,26,A01
202100034968,2,7,,0,2,1,15,B01
202100034969,1,7,,0,2,2,14,A01
202100034969,2,1,,0,2,3,15,B01
202100034970,1,7,,0,2,1,14,A01
202100034970,1,50,,0,2,0,1,B01
202100034971,1,1,,0,2,0,1,B01
202100034971,2,7,,0,0,0,1,A01
202100034972,3,2,,6,0,1,14,A01
202100034973,2,30,,0,2,1,9,A01
202100034973,1,7,,0,2,6,9,B01
202100034974,1,7,,0,2,0,0,Z01
202100034974,1,7,,0,2,4,1,B01
202100034974,1,7,,0,2,1,1,A01
202100034975,3,1,,0,2,1,26,A01
202100034975,3,7,,0,2,2,2,B01
202100034976,1,7,,0,2,2,1,B01
202100034976,2,7,,0,2,3,19,A01
202100034977,1,32,,0,2,1,2,B01
202100034977,1,7,,0,2,8,15,A01
202100034978,2,7,,0,2,1,9,A01
202100034978,1,30,,0,2,1,1,B01
202100034979,1,7,,0,2,1,1,B01
202100034979,3,33,,0,0,7,1,A01
202100034980,1,32,,0,2,3,21,A01
202100034980,2,7,,0,2,3,9,B01
202100034981,2,30,,14,2,8,17,A01
202100034982,2,7,,0,1,3,1,A01
202100034983,1,7,,0,2,4,2,B01
202100034983,1,7,,0,2,1,2,A01
202100034984,1,7,,0,2,0,0,C01
202100034984,1,33,,0,2,3,0,B01
202100034984,1,7,,0,2,6,1,A01
202100034985,0,33,,0,2,8,13,A01
202100034985,1,7,,0,2,2,1,B01
202100034986,2,7,,0,1,2,1,A01
202100034987,2,7,,0,2,1,1,B01
202100034987,1,7,,0,2,1,11,A01
202100034988,2,7,,0,2,0,26,A01
202100034988,2,33,,0,0,0,0,B01
202100034989,2,7,,0,2,5,15,A01
202100034989,1,7,,0,2,1,1,B01
202100034990,3,14,,0,2,3,0,B01
202100034990,3,7,,0,2,1,17,A01
202100034991,3,1,,0,2,1,19,B01
202100034991,2,7,,0,2,2,1,A01
202100034992,2,20,,0,2,6,13,A01
202100034992,2,1,,0,2,1,17,B01
202100034993,1,7,,0,2,4,2,B01
202100034993,1,7,,0,2,1,2,A01
202100034994,3,7,,0,2,2,1,B01
202100034994,3,30,,0,2,1,26,A01
202100034995,1,1,,0,2,1,2,B01
202100034995,1,7,,0,2,5,20,A01
202100034996,0,7,,0,2,4,2,B01
202100034996,0,2,,0,2,1,2,A01
202100034997,0,7,,0,2,2,19,A01
202100034997,0,31,,0,2,1,1,B01
202100034998,2,1,,0,2,8,1,B01
202100034998,2,7,,0,2,7,2,A01
202100034999,2,33,,0,2,1,17,A01
202100034999,1,7,,0,2,3,1,B01
202100035000,1,7,,0,1,4,4,A01
202100035001,1,50,,12,2,1,15,A01
202100035001,1,30,,0,2,1,26,B01
202100035002,1,7,,0,0,2,14,A01
202100035003,1,1,,0,2,3,26,B01
202100035003,1,7,,0,2,2,16,A01
202100035004,2,7,,0,1,1,1,A01
202100035005,1,1,,0,2,0,1,B01
202100035005,1,7,,0,0,0,1,Z01
202100035006,2,7,,0,2,3,9,A01
202100035006,2,2,,0,2,1,1,B01
202100035007,3,2,,0,0,2,9,A01
202100035008,3,33,,0,0,1,1,A01
202100035009,2,1,,15,0,1,1,A01
202100035010,2,30,,0,0,8,0,A01
202100035011,3,7,,0,1,3,16,A01
202100035012,2,33,,0,2,1,2,A01
202100035012,2,10,,0,2,4,1,B01
202100035013,2,17,,0,2,7,14,A01
202100035013,2,33,,0,2,4,3,B01
202100035014,3,7,,0,2,3,18,A01
202100035014,3,7,,0,0,7,1,B01
202100035014,3,7,,0,2,5,1,C01
202100035014,0,7,,0,2,6,23,D01
202100035015,2,31,,0,0,1,1,A01
202100035016,0,7,,0,2,0,26,A01
202100035016,0,31,,0,2,7,0,B01
202100035017,3,7,,0,2,8,10,A01
202100035017,3,33,,0,2,1,2,B01
202100035018,1,7,,0,1,2,1,A01
202100035019,1,37,1.0,0,2,3,14,A01
202100035019,1,1,,0,2,9,26,B01
202100035020,3,7,,0,1,1,26,A01
202100035021,1,7,,0,2,1,19,A01
202100035021,1,7,,0,2,6,1,B01
202100035022,2,1,,0,2,0,1,B01
202100035022,2,7,,0,2,1,9,A01
202100035023,2,7,,0,2,1,9,A01
202100035023,3,50,,0,2,5,1,B01
202100035024,2,7,,0,1,1,1,A01
202100035025,3,7,,0,2,2,9,A01
202100035025,3,1,,0,0,4,16,B01
202100035026,1,7,,0,2,4,1,B01
202100035026,1,32,,0,2,1,26,A01
202100035027,3,7,,0,2,3,1,B01
202100035027,3,33,,0,2,1,13,A01
202100035028,3,7,,0,2,8,1,B01
202100035028,3,7,,0,2,1,13,A01
202100035029,2,33,,0,2,1,1,B01
202100035029,1,33,,0,2,1,1,A01
202100035030,3,7,,0,2,2,1,B01
202100035030,3,7,,0,2,3,20,A01
202100035031,2,7,,0,2,1,1,A01
202100035032,3,7,,0,1,5,26,A01
202100035033,1,33,,0,2,3,10,A01
202100035033,1,7,,0,2,2,2,B01
202100035034,2,31,,0,1,1,25,A01
202100035035,2,99,,0,1,0,1,Z01
202100035036,2,7,,0,2,5,15,A01
202100035036,1,2,,0,2,1,17,B01
202100035037,1,7,,1,0,2,2,A01
202100035038,2,7,,1,0,6,9,A01
202100035038,1,7,,1,0,1,26,B01
202100035038,1,7,,0,0,0,0,C01
202100035038,0,31,,0,0,0,0,Z01
202100035039,2,33,,0,2,1,1,B01
202100035039,1,7,,0,2,1,15,A01
202100035040,2,33,,0,2,1,1,A01
202100035040,2,7,,0,2,2,1,B01
202100035041,2,33,,1,0,1,1,A01
202100035041,1,37,1.0,0,2,6,24,B01
202100035042,0,7,,0,2,3,13,A01
202100035042,0,7,,0,2,1,1,B01
202100035043,1,32,,2,0,1,14,A01
202100035044,1,33,,0,0,8,1,A01
202100035045,0,1,,0,2,4,16,B01
202100035045,0,7,,0,2,1,16,A01
202100035046,1,7,,0,1,1,1,A01
202100035047,3,7,,0,2,3,19,A01
202100035047,2,7,,0,2,2,1,B01
202100035048,2,32,,0,2,3,3,A01
202100035048,2,7,,0,2,7,12,B01
202100035049,1,32,,0,2,3,3,B01
202100035049,1,10,,0,2,2,12,A01
202100035050,1,31,,0,2,1,3,C01
202100035050,1,43,,0,2,2,3,A01
202100035051,2,33,,0,2,3,3,A01
202100035051,2,7,,0,2,5,1,B01
202100035051,2,7,,0,2,6,1,C01
202100035052,1,1,,0,2,8,18,B01
202100035052,1,14,,0,2,2,16,A01
202100035053,1,30,,0,1,3,1,A01
202100035054,2,1,,0,2,8,7,B01
202100035054,1,32,,0,2,2,15,A01
202100035055,2,30,,0,2,2,17,B01
202100035055,2,7,,0,2,6,13,A01
202100035056,2,33,,0,2,1,1,B01
202100035056,2,10,,0,0,1,1,A01
202100035057,1,1,,0,2,1,9,A01
202100035057,2,1,,0,2,1,1,B01
202100035058,2,34,,0,1,1,3,A01
202100035058,1,7,,0,2,8,1,B01
202100035059,1,33,,0,1,1,1,A01
202100035060,0,30,,0,0,0,21,A01
202100035061,2,7,,0,2,3,13,A01
202100035061,2,2,,0,2,0,1,B01
202100035062,1,7,,0,2,5,14,A01
202100035062,1,1,,0,2,1,1,B01
202100035063,1,1,,0,1,1,1,A01
202100035064,1,43,,0,2,3,13,A01
202100035064,2,50,,0,2,1,16,B01
202100035065,1,10,,0,2,8,13,A01
202100035065,2,30,,0,2,7,17,B01
202100035066,1,7,,0,2,3,11,A01
202100035066,1,34,,0,2,5,1,B01
202100035067,2,1,,0,1,1,1,A01
202100035068,2,7,,0,2,1,1,A01
202100035068,1,32,,0,2,3,1,B01
202100035069,1,10,,0,2,2,1,A01
202100035069,1,50,,14,2,1,1,B01
202100035070,2,1,,0,0,1,1,A01
202100035071,2,13,,0,2,8,22,A01
202100035071,1,50,,0,2,0,1,B01
202100035072,1,7,,0,2,1,2,A01
202100035072,1,7,,0,2,4,2,B01
202100035073,3,7,,5,2,1,0,A01
202100035074,2,7,,0,2,1,10,A01
202100035074,2,7,,0,2,8,9,B01
202100035075,1,1,,0,2,1,1,B01
202100035075,1,7,,0,2,7,16,A01
202100035076,2,7,,0,2,8,15,A01
202100035076,2,31,,0,2,7,1,B01
202100035077,1,7,,0,2,2,15,A01
202100035077,1,33,,0,2,1,1,B01
202100035078,1,10,,0,2,0,15,A01
202100035078,1,7,,11,2,2,2,B01
202100035079,1,7,,0,2,1,16,A01
202100035079,1,1,,0,2,8,19,B01
202100035080,1,14,,1,2,1,13,A01
202100035080,1,10,,0,2,7,1,B01
202100035081,0,60,,1,0,0,0,A01
202100035082,1,34,,0,1,1,1,A01
202100035083,3,7,,0,2,1,26,A01
202100035083,3,1,,0,2,8,2,B01
202100035084,1,40,,0,1,2,26,A01
202100035085,1,7,,0,1,0,1,A01
202100035086,1,7,,0,2,7,0,A01
202100035086,1,30,,0,2,1,7,B01
202100035087,1,10,,0,9,5,16,A01
202100035087,1,1,,0,2,8,1,B01
202100035088,3,7,,0,2,4,2,B01
202100035088,3,50,,0,2,1,2,A01
202100035089,0,7,,0,1,0,0,A01
202100035090,2,7,,0,2,3,1,A01
202100035090,1,7,,0,2,3,1,B01
202100035091,2,7,,0,2,1,2,C01
202100035091,2,7,,0,2,4,23,B01
202100035091,2,7,,0,2,1,2,A01
202100035092,2,33,,0,2,1,17,B01
202100035092,2,7,,0,2,8,15,A01
202100035093,1,33,,0,2,1,17,A01
202100035093,1,7,,0,2,8,15,B01
202100035094,1,7,,0,1,2,16,A01
202100035095,2,30,,0,0,0,13,A01
202100035096,3,10,,0,1,6,1,B01
202100035096,2,7,,0,1,2,1,A01
202100035097,2,34,,0,1,1,1,A01
202100035098,1,30,,4,0,1,13,A01
202100035099,1,7,,0,2,1,1,B01
202100035099,1,7,,1,2,7,26,A01
202100035100,3,7,,13,0,3,13,A01
202100035101,2,7,,0,2,2,21,A01
202100035101,1,1,,0,2,1,13,B01
202100035102,1,10,,0,1,1,15,A01
202100035103,1,7,,0,2,8,1,A01
202100035103,1,7,,0,2,2,17,B01
202100035103,2,2,,0,2,9,21,C01
202100035104,1,7,,2,0,1,1,A01
202100035105,1,7,,0,0,9,1,A01
202100035106,2,2,,8,0,1,1,A01
202100035107,1,7,,0,2,3,9,A01
202100035107,1,7,,0,2,1,1,B01
202100035108,2,33,,8,0,1,1,A01
202100035109,1,7,,2,0,1,1,A01
202100035110,2,7,,0,2,3,13,A01
202100035110,1,7,,0,2,3,1,B01
202100035111,1,33,,0,2,1,2,A01
202100035111,1,7,,0,0,4,2,B01
202100035112,2,7,,0,2,3,13,A01
202100035112,1,7,,0,2,2,1,B01
202100035113,3,33,,6,0,3,26,A01
202100035114,3,7,,8,0,1,1,A01
202100035115,1,10,,0,2,6,2,B01
202100035115,1,32,,0,2,1,17,A01
202100035116,1,7,,0,1,2,1,A01
202100035117,2,7,,2,0,1,1,A01
202100035118,3,7,,0,2,8,15,C01
202100035118,3,31,,0,2,1,1,A01
202100035119,2,2,,0,2,1,11,A01
202100035119,1,7,,0,2,3,1,B01
202100035120,3,33,,0,2,1,17,A01
202100035120,3,7,,0,2,8,15,B01
202100035121,2,7,,0,2,8,1,B01
202100035121,3,7,,0,2,1,1,A01
202100035122,3,7,,0,2,3,1,A01
202100035122,3,7,,0,2,2,1,B01
202100035123,2,33,,0,5,1,1,A01
202100035124,2,33,,0,2,1,13,A01
202100035124,1,21,,0,2,2,1,B01
202100035125,1,30,,0,0,2,18,C01
202100035125,1,7,,0,2,7,1,A01
202100035125,1,32,,0,2,2,18,B01
202100035126,2,33,,0,2,1,1,B01
202100035126,1,7,,0,2,3,15,A01
202100035127,2,7,,0,2,1,2,A01
202100035127,2,33,,0,0,4,2,B01
202100035128,2,7,,0,9,8,1,B01
202100035128,1,33,,13,2,0,13,A01
202100035129,2,33,,14,0,1,17,A01
202100035130,1,32,,12,0,1,1,A01
202100035131,1,7,,0,2,1,23,A01
202100035131,1,33,,0,0,7,23,B01
202100035132,1,7,,0,0,8,13,A01
202100035133,2,2,,0,0,7,0,A01
202100035134,1,30,,0,2,1,1,A01
202100035134,1,7,,0,2,2,1,B01
202100035135,1,7,,0,2,1,0,A01
202100035135,2,7,,0,2,1,0,B01
202100035136,1,20,,0,2,4,2,B01
202100035136,1,7,,0,2,1,2,A01
202100035137,1,7,,1,2,5,4,A01
202100035138,1,7,,13,0,9,1,A01
202100035139,1,7,,6,0,1,1,A01
202100035140,2,7,,0,2,8,1,B01
202100035140,1,33,,0,2,8,13,A01
202100035141,1,7,,0,0,2,14,A01
202100035142,1,7,,0,2,2,15,A01
202100035142,2,2,,0,2,1,1,B01
202100035143,2,7,,2,0,5,1,A01
202100035144,2,7,,0,2,3,15,A01
202100035144,1,2,,0,2,1,1,B01
202100035145,1,7,,8,0,2,1,A01
202100035146,3,7,,0,2,2,1,A01
202100035146,3,7,,0,2,7,15,B01
202100035147,2,7,,6,0,1,13,A01
202100035148,3,7,,13,0,1,1,A01
202100035149,2,7,,0,0,0,1,A01
202100035150,0,7,,2,0,1,0,A01
202100035151,1,7,,0,1,8,2,A01
202100035152,1,17,,0,0,6,2,B01
202100035152,1,7,,0,2,1,2,A01
202100035153,1,7,,0,2,1,1,A01
202100035153,2,7,,0,2,1,13,B01
202100035154,2,7,,0,2,3,1,B01
202100035154,1,1,,0,2,1,13,A01
202100035155,2,2,,0,2,1,17,A01
202100035155,1,10,,0,2,3,17,B01
202100035155,1,7,,0,2,9,1,C01
202100035155,1,7,,0,2,1,1,D01
202100035156,1,7,,16,0,1,1,A01
202100035157,2,33,,3,0,1,1,A01
202100035158,1,10,,1,0,2,2,A01
202100035158,1,15,,0,0,6,24,B01
202100035159,1,7,,0,2,3,1,B01
202100035159,2,7,,0,2,3,15,A01
202100035160,2,7,,0,2,1,15,A01
202100035160,1,7,,0,2,1,1,B01
202100035161,1,7,,0,2,2,15,B01
202100035161,2,33,,0,2,1,1,A01
202100035162,0,7,,0,0,0,0,A01
202100035162,2,2,,0,2,6,1,B01
202100035163,1,7,,0,1,1,1,A01
202100035164,1,7,,0,2,3,1,B01
202100035164,2,7,,0,2,3,5,A01
202100035165,2,33,,0,2,1,17,A01
202100035165,2,7,,0,2,6,15,B01
202100035166,1,7,,0,2,3,1,A01
202100035166,2,2,,0,2,1,1,B01
202100035167,0,21,,0,2,3,1,B01
202100035167,3,33,,0,2,1,13,A01
202100035168,2,33,,15,0,1,0,A01
202100035169,1,7,,0,1,1,1,A01
202100035170,3,7,,0,2,3,13,A01
202100035170,3,7,,0,2,3,1,B01
202100035171,3,7,,0,2,3,1,B01
202100035171,3,31,,0,2,1,5,A01
202100035172,1,10,,0,2,2,23,D01
202100035172,1,7,,0,2,7,15,A01
202100035172,2,7,,0,2,2,1,B01
202100035172,1,7,,0,2,1,1,C01
202100035173,2,1,,0,2,0,1,B01
202100035173,1,15,,0,2,3,16,A01
202100035174,3,7,,0,2,5,13,A01
202100035174,3,7,,0,2,2,1,B01
202100035175,1,2,,0,0,1,1,A01
202100035176,1,7,,2,0,1,1,A01
202100035177,2,2,,0,2,1,2,A01
202100035177,1,2,,0,0,4,2,B01
202100035178,1,7,,0,2,3,1,B01
202100035178,2,33,,0,2,1,17,A01
202100035179,2,33,,0,0,0,1,A01
202100035180,3,7,,0,1,1,16,A01
202100035181,1,7,,11,0,1,13,A01
202100035182,2,33,,0,2,8,1,C01
202100035182,2,10,,0,2,4,1,B01
202100035182,2,33,,0,2,1,2,A01
202100035183,1,7,,0,2,4,2,B01
202100035183,1,7,,0,2,1,2,A01
202100035184,1,10,,0,2,6,2,C01
202100035184,1,7,,0,2,4,12,B01
202100035184,1,7,,0,2,1,1,A01
202100035185,2,33,,0,2,7,3,B01
202100035185,2,7,,0,2,3,11,A01
202100035186,1,7,,0,2,4,1,C01
202100035186,1,7,,0,2,4,2,B01
202100035186,1,7,,0,2,1,1,A01
202100035187,2,15,,0,2,6,1,B01
202100035187,2,7,,0,2,3,14,A01
202100035188,2,7,,0,2,1,2,A01
202100035188,2,7,,0,2,4,2,B01
202100035188,2,7,,0,2,4,2,C01
202100035189,2,14,,0,2,4,2,B01
202100035189,2,7,,0,2,4,2,C01
202100035189,2,14,,0,2,1,2,A01
202100035190,1,7,,0,2,0,2,C01
202100035190,1,7,,0,2,0,2,B01
202100035190,1,7,,0,2,0,2,A01
202100035191,2,7,,0,2,4,12,B01
202100035191,2,31,,0,2,1,26,A01
202100035191,2,7,,0,2,0,0,C01
202100035192,2,7,,0,2,4,1,D01
202100035192,2,7,,0,2,4,1,C01
202100035192,2,7,,1,2,4,1,B01
202100035192,2,10,,0,2,1,1,A01
202100035193,2,7,,0,2,5,12,B01
202100035193,2,34,,0,2,1,3,A01
202100035194,2,33,,0,0,8,13,A01
202100035195,1,33,,0,2,0,1,A01
202100035196,2,10,,0,2,4,2,Z01
202100035196,2,33,,0,2,1,2,A01
202100035197,2,7,,0,2,3,1,A01
202100035197,2,7,,0,2,2,2,B01
202100035197,2,7,,0,2,3,1,C01
202100035197,1,7,,0,2,3,1,D01
202100035197,2,7,,0,2,1,5,Z01
202100035198,2,7,,0,2,8,10,A01
202100035198,2,33,,0,2,7,1,B01
202100035199,1,33,,0,2,2,1,B01
202100035199,1,7,,0,2,3,11,A01
202100035200,3,7,,0,1,3,1,A01
202100035201,1,7,,0,1,2,1,A01
202100035202,1,7,,0,1,1,1,A01
202100035203,2,7,,1,1,0,20,A01
202100035204,1,7,,0,1,2,1,A01
202100035205,0,10,,0,1,3,1,A01
202100035206,1,7,,0,2,4,2,B01
202100035206,2,14,,0,2,2,9,A01
202100035207,3,99,,0,1,0,14,A01
202100035208,2,33,,0,2,1,1,A01
202100035208,2,7,,0,2,5,12,B01
202100035209,1,1,,0,2,1,1,A01
202100035209,1,1,,0,2,4,1,B01
202100035210,2,7,,0,2,3,15,A01
202100035210,2,32,,0,2,7,3,B01
202100035211,3,32,,0,1,1,3,A01
202100035212,3,2,,9,0,1,21,A01
202100035213,1,1,,0,2,7,0,B01
202100035213,2,7,,0,2,2,15,A01
202100035214,2,33,,0,2,1,1,B01
202100035214,2,80,,0,2,8,15,A01
202100035215,3,7,,0,2,6,15,B01
202100035215,1,7,,0,2,1,1,A01
202100035216,1,7,,0,2,1,15,A01
202100035216,2,32,,0,2,8,1,B01
202100035217,1,32,,0,2,2,1,B01
202100035217,1,7,,0,2,8,16,A01
202100035218,2,7,,0,2,1,15,A01
202100035218,1,80,,0,2,1,1,B01
202100035219,2,33,,0,2,1,1,A01
202100035219,1,7,,0,2,3,1,B01
202100035220,1,7,,8,0,3,14,A01
202100035221,3,7,,0,1,1,1,A01
202100035222,3,7,,0,2,1,1,A01
202100035222,3,1,,0,2,1,5,B01
202100035223,3,30,,0,2,1,1,A01
202100035223,3,7,,0,2,2,15,B01
202100035224,1,7,,0,1,1,17,A01
202100035225,1,7,,0,1,1,1,Z01
202100035226,1,33,,0,2,2,2,B01
202100035226,1,7,,0,2,3,10,A01
202100035227,2,7,,0,2,5,15,B01
202100035227,1,33,,0,2,1,0,A01
202100035228,2,7,,0,1,2,1,A01
202100035229,2,7,,0,1,1,1,A01
202100035230,1,33,,0,2,1,1,B01
202100035230,1,7,,0,2,8,19,A01
202100035231,1,7,,0,2,1,2,A01
202100035231,1,7,,0,2,4,2,B01
202100035232,1,31,,3,0,7,1,A01
202100035233,3,10,,0,2,2,1,A01
202100035233,3,33,,0,2,0,13,B01
202100035234,3,30,,0,2,0,1,B01
202100035235,2,7,,0,1,2,1,A01
202100035236,2,7,,0,2,1,13,A01
202100035236,1,7,,0,2,3,1,B01
202100035237,1,7,,1,0,2,14,A01
202100035237,1,7,,0,2,6,24,B01
202100035238,1,7,,0,9,8,2,A01
202100035238,1,1,,0,2,1,2,B01
202100035239,2,7,,2,0,1,2,A01
202100035240,2,7,,0,1,1,1,A01
202100035241,2,7,,0,2,6,10,B01
202100035241,2,14,,0,2,2,12,A01
202100035242,3,2,,0,9,1,1,B01
202100035242,3,1,,0,9,1,19,A01
202100035243,-1,33,,0,2,1,17,A01
202100035243,-1,10,,0,2,4,13,B01
202100035244,1,1,,1,0,1,1,A01
202100035245,1,30,,1,0,1,14,A01
202100035246,2,1,,0,2,8,1,B01
202100035246,1,7,,0,2,1,15,A01
202100035247,2,10,,15,0,3,2,A01
202100035248,1,30,,0,2,2,9,A01
202100035248,2,7,,0,2,7,0,Z01
202100035249,1,7,,0,2,8,26,A01
202100035249,1,33,,0,2,1,26,B01
202100035250,0,37,1.0,0,2,1,2,A01
202100035250,1,33,,0,2,4,2,B01
202100035251,3,30,,0,2,1,1,B01
202100035251,0,7,,0,2,3,15,A01
202100035252,2,7,,2,0,3,13,A01
202100035253,2,3,,0,1,1,1,A01
202100035254,3,7,,0,2,3,9,A01
202100035254,3,1,,0,2,7,1,B01
202100035255,2,7,,4,0,1,14,A01
202100035256,1,7,,0,2,7,1,B01
202100035256,1,7,,0,2,8,1,A01
202100035257,1,14,,0,1,4,4,A01
202100035258,2,33,,0,2,1,26,B01
202100035258,1,7,,0,2,2,10,A01
202100035259,1,7,,0,2,4,26,B01
202100035259,1,30,,0,2,1,26,A01
202100035260,1,1,,0,2,8,1,B01
202100035260,1,7,,0,2,1,1,A01
202100035261,2,30,,6,0,1,2,A01
202100035262,1,2,,0,2,1,1,B01
202100035262,1,7,,0,2,3,15,A01
202100035263,2,30,,0,2,1,1,A01
202100035263,1,7,,0,2,6,1,B01
202100035264,2,30,,0,2,1,1,A01
202100035264,3,7,,0,2,7,1,B01
202100035265,1,7,,0,2,8,1,B01
202100035265,1,7,,0,2,1,19,A01
202100035266,1,32,,0,2,2,3,A01
202100035266,1,7,,0,2,6,0,B01
202100035266,1,7,,0,2,2,0,C01
202100035267,3,7,,0,1,1,1,A01
202100035268,2,7,,0,2,1,2,B01
202100035268,1,1,,0,2,8,9,A01
202100035269,3,34,,0,1,1,1,A01
202100035270,1,31,,0,2,3,1,B01
202100035270,2,7,,0,2,2,15,A01
202100035271,1,33,,0,1,2,17,A01
202100035272,1,7,,1,0,1,1,A01
202100035273,0,7,,0,2,7,15,Z01
202100035273,0,33,,0,2,2,1,B01
202100035274,1,10,,0,2,1,1,A01
202100035274,3,33,,0,2,4,16,B01
202100035275,0,7,,0,2,2,15,A01
202100035275,0,1,,0,2,1,1,B01
202100035276,1,10,,0,2,2,16,A01
202100035276,1,80,,0,2,3,1,B01
202100035277,1,15,,0,2,2,15,A01
202100035277,1,7,,0,2,8,12,B01
202100035278,1,33,,0,2,3,1,B01
202100035279,3,7,,0,2,3,15,B01
202100035279,3,32,,0,2,1,17,A01
202100035280,1,2,,1,0,2,14,A01
202100035281,3,7,,0,2,1,15,A01
202100035281,3,1,,0,2,1,16,B01
202100035282,1,7,,0,9,1,1,A01
202100035283,3,7,,0,2,3,10,A01
202100035283,3,33,,0,2,1,17,B01
202100035284,1,7,,0,2,4,2,A01
202100035284,1,7,,0,2,1,1,Z01
202100035285,2,7,,0,2,1,15,B01
202100035285,1,33,,0,2,1,1,A01
202100035286,1,7,,0,2,4,2,B01
202100035286,1,7,,0,2,1,2,A01
202100035287,1,7,,0,1,3,1,A01
202100035287,2,50,,0,1,1,3,B01
202100035288,1,7,,0,1,0,1,Z01
202100035289,1,7,,0,2,1,0,A01
202100035289,0,1,,0,2,5,0,B01
202100035290,0,2,,0,2,9,2,B01
202100035290,0,7,,0,2,1,9,A01
202100035291,2,7,,-1,2,1,1,B01
202100035291,1,7,,-1,2,1,15,A01
202100035292,2,7,,7,2,5,15,A01
202100035292,1,7,,0,2,2,1,B01
202100035293,3,30,,12,0,1,1,A01
202100035294,2,32,,0,1,1,5,A01
202100035295,2,7,,0,2,2,21,A01
202100035295,2,7,,0,2,3,9,B01
202100035296,2,7,,0,1,2,1,A01
202100035297,2,7,,0,2,2,26,A01
202100035297,1,7,,0,0,0,0,B01
202100035298,3,10,,0,1,2,16,A01
202100035299,0,10,,0,2,3,9,A01
202100035299,1,33,,0,2,1,1,B01
202100035300,1,7,,0,2,2,15,A01
202100035300,2,1,,0,2,1,1,B01
202100035301,2,7,,0,1,2,1,A01
202100035302,2,32,,0,2,3,1,B01
202100035302,1,7,,0,2,1,15,A01
202100035303,2,30,,0,2,1,17,A01
202100035303,2,7,,0,2,8,15,B01
202100035304,1,10,,0,2,7,1,Z01
202100035304,1,1,,0,2,7,1,A01
202100035305,2,30,,0,2,1,1,B01
202100035305,1,7,,0,2,1,15,A01
202100035306,1,10,,1,0,8,13,A01
202100035307,1,7,,0,1,8,1,A01
202100035308,2,34,,0,2,8,7,A01
202100035308,2,7,,0,2,2,16,B01
202100035309,2,30,,0,2,3,13,A01
202100035309,1,7,,0,2,3,1,B01
202100035310,1,14,,0,2,6,23,B01
202100035310,1,1,,0,2,1,2,A01
202100035311,2,80,,0,0,7,21,A01
202100035312,2,7,,0,1,1,1,A01
202100035313,2,33,,0,1,1,17,A01
202100035314,2,1,,0,1,1,1,Z01
202100035315,2,7,,0,2,1,2,A01
202100035315,2,7,,0,2,4,23,B01
202100035316,1,30,,0,1,1,25,Z01
202100035317,1,7,,1,0,1,14,A01
202100035318,1,32,,1,2,1,1,A01
202100035318,1,7,,0,2,0,9,Z01
202100035319,1,7,,0,2,7,14,A01
202100035319,1,30,,0,2,8,1,B01
202100035320,0,1,,0,2,7,1,B01
202100035320,1,7,,0,2,1,1,A01
202100035321,2,30,,0,1,1,1,Z01
202100035322,1,30,,0,2,8,15,A01
202100035322,1,30,,0,2,1,17,B01
202100035323,2,7,,0,2,7,1,A01
202100035323,2,30,,0,2,1,1,B01
202100035324,1,7,,0,2,1,2,A01
202100035324,2,7,,0,2,5,23,B01
202100035324,1,10,,0,2,1,23,C01
202100035325,1,7,,0,2,2,2,A01
202100035325,1,1,,0,2,5,12,B01
202100035326,1,7,,0,2,5,23,B01
202100035326,1,43,,0,2,1,2,A01
202100035327,3,1,,0,2,1,1,B01
202100035327,3,10,,0,2,3,1,A01
202100035328,2,33,,0,2,1,1,A01
202100035328,2,1,,0,2,0,19,B01
202100035329,1,50,,0,0,0,1,A01
202100035330,2,7,,0,2,1,1,Z01
202100035330,1,1,,0,2,1,1,A01
202100035331,1,1,,0,2,8,13,B01
202100035331,1,1,,0,2,7,1,A01
202100035332,2,7,,0,2,2,2,A01
202100035332,2,1,,0,0,0,0,B01
202100035333,0,1,,1,0,0,2,B01
202100035333,0,7,,0,2,2,24,A01
202100035334,2,1,,0,2,7,19,B01
202100035334,2,37,3.0,0,2,2,1,A01
202100035335,1,7,,0,1,1,16,A01
202100035336,1,7,,0,2,1,15,A01
202100035336,2,2,,0,2,1,1,B01
202100035337,2,10,,0,2,3,1,B01
202100035337,2,43,,0,2,2,3,A01
202100035338,2,7,,0,2,2,20,A01
202100035338,2,7,,0,2,2,1,B01
202100035339,0,32,,0,1,1,26,A01
202100035340,0,10,,0,2,2,1,A01
202100035340,0,7,,0,2,3,1,B01
202100035341,1,7,,0,1,6,10,A01
202100035342,1,7,,0,2,4,1,A01
202100035342,1,7,,0,2,2,1,B01
202100035343,3,31,,0,2,1,17,B01
202100035343,3,7,,0,2,3,9,A01
202100035344,3,33,,0,2,1,19,A01
202100035344,0,99,,0,0,8,19,B01
202100035345,1,7,,0,2,2,15,A01
202100035345,1,33,,0,2,1,1,B01
202100035346,1,2,,0,2,1,1,B01
202100035346,1,10,,0,2,2,14,A01
202100035347,1,7,,0,2,1,1,B01
202100035347,2,7,,1,2,1,17,A01
202100035348,1,7,,1,2,2,1,A01
202100035349,1,30,,0,2,8,17,B01
202100035349,2,7,,0,2,1,10,A01
202100035350,1,1,,0,2,1,15,B01