Num_Acc,senc,catv,occutc,obs,obsm,choc,manv,num_veh
202100035350,2,10,,0,2,2,1,A01
202100035351,1,7,,0,2,5,1,A01
202100035351,2,1,,0,2,1,1,B01
202100035352,1,7,,0,2,1,1,A01
202100035353,2,34,,0,0,8,1,B01
202100035353,1,7,,0,2,2,26,A01
202100035354,0,7,,0,2,3,15,B01
202100035354,2,34,,0,2,1,0,A01
202100035355,1,7,,0,2,3,5,A01
202100035355,2,7,,0,2,3,1,B01
202100035356,2,10,,0,2,1,2,A01
202100035356,2,7,,0,0,4,2,B01
202100035357,1,7,,6,0,2,14,A01
202100035358,2,7,,16,2,6,9,A01
202100035358,1,7,,0,2,1,1,B01
202100035359,1,7,,0,1,7,1,A01
202100035360,2,7,,0,2,1,2,B01
202100035360,1,7,,0,2,1,13,A01
202100035361,1,7,,0,1,3,1,A01
202100035362,2,7,,0,1,2,21,A01
202100035363,1,7,,13,0,3,13,A01
202100035364,1,1,,0,0,0,2,A01
202100035365,1,33,,0,2,1,1,B01
202100035365,2,7,,0,2,2,11,A01
202100035366,1,7,,0,2,2,1,B01
202100035366,1,2,,0,2,8,1,A01
202100035367,1,7,,0,1,3,1,A01
202100035368,2,1,,0,0,0,26,H01
202100035368,2,1,,0,0,0,26,G01
202100035368,2,1,,0,0,0,26,F01
202100035368,2,1,,0,0,0,26,E01
202100035368,2,1,,0,0,0,14,D01
202100035368,2,7,,0,0,0,17,C01
202100035368,1,7,,0,2,3,21,B01
202100035368,2,1,,0,2,1,13,A01
202100035369,1,7,,8,0,1,1,A01
202100035370,1,37,4.0,0,0,8,13,A01
202100035371,2,33,,3,0,2,1,A01
202100035372,1,7,,13,0,9,1,A01
202100035373,1,7,,0,1,2,1,A01
202100035374,1,7,,13,0,2,1,A01
202100035375,2,7,,0,2,2,17,A01
202100035375,2,1,,0,2,8,2,B01
202100035376,1,7,,13,0,1,26,A01
202100035377,1,34,,0,2,1,1,B01
202100035377,1,7,,0,2,6,15,A01
202100035378,2,33,,0,2,1,2,A01
202100035378,2,10,,0,0,4,2,B01
202100035379,2,7,,0,2,3,15,A01
202100035379,2,33,,0,2,1,1,B01
202100035380,2,2,,6,0,1,0,A01
202100035381,0,33,,0,0,0,1,A01
202100035382,1,1,,0,2,4,15,B01
202100035382,1,2,,0,2,1,17,A01
202100035383,0,7,,0,0,0,1,A01
202100035384,2,33,,0,2,1,1,B01
202100035384,1,99,,0,2,5,15,A01
202100035385,2,33,,0,0,8,16,A01
202100035386,2,33,,0,2,1,11,A01
202100035386,2,7,,0,2,6,15,B01
202100035387,2,7,,0,2,4,1,B01
202100035387,2,2,,0,2,1,1,A01
202100035388,1,7,,0,0,0,2,B01
202100035388,1,2,,0,2,1,2,A01
202100035389,1,1,,0,0,7,1,A01
202100035390,1,7,,0,1,1,1,A01
202100035391,1,21,,0,0,3,1,A01
202100035392,3,7,,0,2,1,1,B01
202100035392,3,7,,0,2,1,13,A01
202100035393,1,33,,13,0,2,1,A01
202100035394,1,33,,0,6,1,1,A01
202100035395,1,7,,0,2,4,2,C01
202100035395,1,15,,0,2,1,2,A01
202100035396,1,7,,0,2,2,1,B01
202100035396,2,7,,0,2,7,13,A01
202100035397,1,15,,0,2,6,1,B01
202100035397,2,7,,0,2,3,13,A01
202100035398,1,7,,17,0,1,1,A01
202100035399,0,7,,3,0,2,0,A01
202100035400,1,10,,5,0,1,1,A01
202100035401,2,33,,0,0,0,0,A01
202100035402,3,7,,0,1,3,0,A01
202100035403,1,2,,0,2,1,1,B01
202100035403,1,10,,0,2,8,9,A01
202100035404,1,7,,0,0,4,13,A01
202100035404,1,33,,0,0,1,13,B01
202100035405,1,7,,16,0,2,1,A01
202100035406,1,7,,3,0,1,1,A01
202100035407,3,1,,0,2,4,1,B01
202100035407,3,7,,0,9,1,18,A01
202100035408,2,7,,0,0,4,2,A01
202100035408,2,7,,0,0,4,2,B01
202100035408,2,33,,0,2,1,2,C01
202100035409,0,7,,15,0,3,0,A01
202100035410,1,2,,0,2,1,1,A01
202100035410,0,2,,0,2,8,1,B01
202100035411,0,3,,1,0,9,26,A01
202100035412,1,10,,0,1,0,1,A01
202100035413,3,7,,9,0,1,1,A01
202100035414,0,7,,0,0,8,2,A01
202100035414,0,31,,0,2,2,1,B01
202100035415,2,33,,0,2,7,17,B01
202100035415,2,7,,0,2,8,1,A01
202100035416,0,7,,0,0,0,22,D01
202100035416,0,7,,0,2,0,26,C01
202100035416,0,33,,0,2,1,1,B01
202100035416,0,7,,0,2,3,13,A01
202100035417,1,7,,0,2,8,1,A01
202100035417,3,2,,0,2,1,19,B01
202100035418,2,33,,15,0,9,1,A01
202100035419,2,7,,0,0,4,11,A01
202100035419,2,7,,0,2,0,0,B01
202100035420,2,33,,0,2,1,19,B01
202100035420,1,7,,0,2,2,1,A01
202100035421,2,7,,0,2,1,1,B01
202100035421,2,33,,3,0,0,17,A01
202100035422,2,10,,0,2,1,2,D01
202100035422,2,7,,0,2,8,1,C01
202100035422,2,15,,0,2,2,14,B01
202100035422,2,7,,0,2,6,1,A01
202100035423,1,15,,0,2,2,12,A01
202100035423,1,10,,0,2,6,1,B01
202100035424,1,33,,3,0,9,2,A01
202100035425,2,7,,4,0,3,26,A01
202100035426,1,7,,0,2,8,11,A01
202100035426,1,33,,0,2,1,3,B01
202100035427,2,33,,0,2,8,3,A01
202100035427,2,7,,0,2,2,12,B01
202100035428,1,7,,0,2,3,11,A01
202100035428,1,32,,0,2,2,1,B01
202100035429,1,7,,0,2,1,2,A01
202100035429,1,7,,0,2,4,2,B01
202100035430,1,33,,0,2,1,3,A01
202100035430,1,7,,0,2,6,11,B01
202100035431,2,7,,0,2,2,12,B01
202100035431,2,33,,0,2,1,3,A01
202100035432,1,7,,0,2,4,2,B01
202100035432,1,33,,0,2,1,2,A01
202100035433,1,33,,1,0,1,18,A01
202100035433,1,10,,0,2,6,23,B01
202100035434,2,7,,0,0,5,12,B01
202100035434,2,33,,0,2,1,3,A01
202100035435,1,33,,0,2,0,3,A01
202100035435,1,7,,0,2,6,1,B01
202100035436,1,7,,4,2,0,1,B01
202100035436,1,13,,0,2,3,11,A01
202100035437,1,7,,6,0,1,1,A01
202100035438,1,7,,0,2,0,0,A01
202100035438,1,7,,0,2,6,2,B01
202100035438,1,7,,0,2,4,2,C01
202100035439,1,30,,0,2,4,2,B01
202100035439,1,7,,0,2,2,1,A01
202100035440,1,33,,0,2,1,3,C01
202100035440,1,7,,0,2,2,12,B01
202100035440,1,7,,0,2,3,1,A01
202100035441,1,33,,0,2,1,3,B01
202100035441,1,7,,0,2,5,0,A01
202100035442,2,2,,0,2,1,1,A01
202100035442,2,7,,0,2,3,11,B01
202100035443,2,7,,0,2,7,12,B01
202100035443,2,33,,0,2,8,3,A01
202100035443,2,10,,0,2,8,1,C01
202100035444,1,7,,0,1,7,20,A01
202100035445,3,10,,0,1,8,15,A01
202100035446,2,10,,0,2,1,15,A01
202100035446,1,7,,0,2,2,1,B01
202100035447,2,1,,0,2,1,1,B01
202100035447,2,3,,0,2,2,16,A01
202100035448,1,31,,0,2,8,1,B01
202100035448,1,7,,0,2,2,16,A01
202100035449,1,7,,12,0,3,1,C01
202100035449,1,7,,12,0,1,1,B01
202100035449,1,7,,12,0,1,1,A01
202100035450,1,7,,0,0,2,23,A01
202100035451,2,37,2.0,0,2,3,1,A01
202100035451,2,7,,0,2,5,12,B01
202100035452,2,7,,0,2,1,19,A01
202100035452,2,7,,0,2,8,1,B01
202100035453,2,1,,0,2,1,1,A01
202100035453,2,33,,0,2,6,1,B01
202100035454,2,2,,0,1,1,1,A01
202100035455,0,0,,0,1,0,0,Z01
202100035456,2,7,,0,2,1,16,Z01
202100035456,2,32,,0,2,4,1,A01
202100035457,2,7,,0,2,6,15,A01
202100035457,2,30,,0,2,1,1,B01
202100035458,2,34,,0,2,1,21,A01
202100035458,1,7,,1,2,3,23,C01
202100035458,1,7,,0,2,3,15,B01
202100035459,1,7,,0,1,5,20,A01
202100035460,3,3,,1,0,3,1,A01
202100035461,3,7,,0,1,1,1,A01
202100035462,2,7,,0,2,1,2,B01
202100035462,2,30,,0,2,4,23,A01
202100035463,0,10,,0,1,1,16,A01
202100035464,1,32,,0,1,2,17,A01
202100035465,2,7,,0,2,1,1,C01
202100035465,1,10,,0,2,6,2,B01
202100035465,1,33,,0,2,2,13,A01
202100035466,1,34,,0,2,1,1,C01
202100035466,2,7,,0,2,1,1,B01
202100035466,2,7,,0,2,2,15,A01
202100035467,3,37,1.0,9,1,7,16,A01
202100035468,1,7,,0,2,7,17,A01
202100035468,1,33,,0,2,8,3,B01
202100035469,2,7,,1,0,9,14,A01
202100035470,3,7,,0,4,2,1,A01
202100035470,3,40,,0,2,3,1,B01
202100035471,1,31,,0,1,3,1,A01
202100035472,1,7,,0,2,2,16,A01
202100035472,1,1,,0,2,1,1,B01
202100035473,1,7,,1,2,1,13,A01
202100035473,1,7,,0,2,7,23,B01
202100035474,1,7,,0,2,3,1,A01
202100035474,2,1,,0,2,1,5,B01
202100035475,0,2,,0,2,1,1,B01
202100035475,0,7,,0,2,7,9,A01
202100035476,0,7,,0,1,7,9,A01
202100035477,1,7,,0,1,1,1,A01
202100035478,2,7,,0,2,3,1,B01
202100035478,1,1,,0,2,7,15,A01
202100035479,1,50,,0,2,3,1,A01
202100035479,1,7,,0,2,1,1,B01
202100035480,2,50,,0,0,0,0,A01
202100035481,0,33,,0,2,1,1,B01
202100035481,3,7,,0,2,1,15,A01
202100035482,2,7,,0,2,4,2,B01
202100035482,2,30,,0,2,1,1,A01
202100035483,2,7,,0,2,4,1,B01
202100035483,2,7,,0,2,1,1,A01
202100035484,1,14,,0,2,7,14,A01
202100035484,1,7,,0,2,8,1,B01
202100035485,1,7,,0,2,1,15,A01
202100035485,1,1,,0,2,1,1,B01
202100035486,2,33,,0,2,2,21,A01
202100035486,1,7,,0,2,1,15,B01
202100035487,1,7,,0,1,3,1,A01
202100035488,3,7,,0,1,3,1,A01
202100035489,2,33,,0,2,1,13,A01
202100035489,2,7,,0,2,3,10,B01
202100035490,2,7,,0,2,1,17,A01
202100035490,2,7,,6,2,8,15,B01
202100035491,2,7,,0,2,2,1,B01
202100035491,1,1,,0,2,1,1,A01
202100035492,3,1,,0,2,1,9,A01
202100035492,0,7,,0,2,2,1,B01
202100035493,0,80,,0,2,8,19,A01
202100035493,0,7,,0,2,5,1,B01
202100035494,0,7,,0,2,4,1,B01
202100035494,0,2,,0,2,1,1,A01
202100035495,1,3,,0,0,9,26,A01
202100035496,1,1,,0,2,4,26,B01
202100035496,1,7,,0,2,2,26,A01
202100035497,1,2,,0,0,0,26,A01
202100035498,2,7,,0,1,3,5,A01
202100035498,1,7,,0,2,1,23,B01
202100035499,2,3,,15,0,0,14,A01
202100035500,1,33,,9,2,1,7,A01
202100035500,1,7,,0,0,0,0,B01
202100035501,1,33,,0,2,7,1,B01
202100035501,1,1,,0,2,8,9,A01
202100035502,2,7,,0,2,3,9,B01
202100035502,2,7,,0,2,7,9,A01
202100035503,3,7,,0,2,8,1,B01
202100035503,3,7,,0,2,1,1,A01
202100035504,3,7,,0,1,2,1,A01
202100035505,2,10,,0,2,2,1,B01
202100035505,1,7,,0,2,7,19,A01
202100035506,3,1,,0,2,8,19,A01
202100035506,1,10,,0,2,2,1,B01
202100035507,3,2,,0,2,5,12,B01
202100035507,3,7,,0,2,1,9,A01
202100035508,1,32,,0,2,1,26,A01
202100035508,1,7,,0,2,4,26,B01
202100035509,3,7,,0,2,1,1,B01
202100035509,3,7,,0,2,1,5,A01
202100035510,3,7,,0,1,2,21,A01
202100035511,2,1,,0,2,0,1,B01
202100035511,2,7,,0,2,2,16,A01
202100035512,2,7,,0,2,2,15,A01
202100035512,3,80,,0,2,0,1,B01
202100035513,1,10,,0,2,5,1,B01
202100035513,1,33,,0,2,1,1,A01
202100035514,3,15,,0,9,7,26,A01
202100035515,3,7,,0,2,6,2,B01
202100035515,3,7,,0,2,1,2,A01
202100035516,1,7,,0,2,4,1,Z01
202100035516,1,3,,0,2,1,1,B01
202100035517,2,33,,0,2,1,17,A01
202100035517,2,7,,0,2,8,15,B01
202100035518,1,1,,0,2,7,26,B01
202100035518,1,7,,0,2,0,26,A01
202100035519,2,7,,0,2,2,9,A01
202100035519,2,2,,0,2,3,17,B01
202100035520,2,7,,0,1,2,1,A01
202100035521,0,32,,0,2,0,21,B01
202100035521,0,7,,0,0,0,1,A01
202100035522,1,7,,9,2,1,1,B01
202100035522,1,7,,0,2,2,1,A01
202100035523,2,7,,0,2,3,16,B01
202100035523,1,7,,0,2,5,12,A01
202100035524,1,7,,0,9,3,9,A01
202100035524,1,31,,0,2,3,9,B01
202100035525,3,7,,0,2,3,9,A01
202100035525,3,1,,0,2,2,1,B01
202100035526,2,31,,0,2,3,3,A01
202100035526,2,10,,0,2,5,1,B01
202100035527,1,7,,0,2,5,12,A01
202100035527,1,31,,0,2,3,3,B01
202100035528,1,7,,0,2,7,12,B01
202100035528,1,33,,0,2,3,3,A01
202100035529,1,7,,0,2,1,2,A01
202100035529,1,33,,0,2,4,2,B01
202100035530,2,33,,0,2,1,1,A01
202100035530,1,10,,0,0,4,11,Z01
202100035531,2,33,,0,2,1,3,A01
202100035531,2,7,,0,2,7,12,B01
202100035531,2,7,,0,2,6,1,C01
202100035532,1,14,,0,1,7,1,A01
202100035533,1,7,,0,2,8,1,B01
202100035533,1,32,,0,2,2,1,A01
202100035534,1,10,,0,2,1,1,B01
202100035534,2,33,,0,2,1,8,A01
202100035535,2,30,,0,2,2,14,A01
202100035535,2,7,,0,2,2,7,B01
202100035536,1,10,,0,2,8,22,A01
202100035536,1,80,,0,2,1,2,B01
202100035537,1,32,,14,0,2,14,A01
202100035538,1,7,,0,2,1,1,A01
202100035538,1,1,,0,2,4,23,B01
202100035539,2,7,,0,2,1,1,B01
202100035539,1,30,,0,2,2,1,A01
202100035540,1,7,,0,1,2,1,A01
202100035541,2,7,,0,2,1,2,A01
202100035541,2,7,,0,2,5,23,B01
202100035542,2,13,,0,2,4,4,A01
202100035542,2,30,,0,2,1,2,B01
202100035543,1,32,,0,2,1,1,A01
202100035543,0,1,,0,2,1,1,B01
202100035544,2,7,,0,2,2,2,A01
202100035544,2,31,,0,2,8,23,B01
202100035545,1,7,,0,2,1,2,Z01
202100035545,1,30,,0,2,4,23,A01
202100035546,2,30,,0,2,1,2,A01
202100035546,2,7,,0,2,6,23,B01
202100035547,2,7,,0,1,1,1,A01
202100035548,3,32,,0,2,4,23,A01
202100035548,3,7,,0,2,1,1,Z01
202100035549,2,1,,0,2,0,14,A01
202100035549,1,1,,0,2,0,1,B01
202100035550,0,1,,0,0,0,1,A01
202100035551,1,50,,14,0,1,14,A01
202100035552,1,1,,14,0,1,14,A01
202100035553,1,1,,14,0,1,14,A01
202100035554,1,1,,0,2,7,1,B01
202100035554,1,10,,0,2,3,15,A01
202100035555,3,1,,0,9,1,1,B01
202100035555,3,1,,0,9,1,16,A01
202100035556,1,15,,0,1,2,1,A01
202100035557,2,7,,0,2,3,1,B01
202100035557,1,30,,0,2,3,5,A01
202100035558,3,33,,15,0,1,1,A01
202100035559,2,7,,0,1,3,10,A01
202100035560,2,10,,0,2,4,9,B01
202100035560,1,33,,0,2,1,2,A01
202100035561,1,7,,0,1,0,26,A01
202100035562,2,7,,0,2,2,15,A01
202100035562,1,31,,0,2,1,1,B01
202100035563,3,7,,0,1,3,1,A01
202100035564,2,7,,0,1,2,26,A01
202100035565,1,30,,0,2,4,2,A01
202100035565,1,7,,0,2,1,2,B01
202100035566,2,7,,0,1,2,15,A01
202100035567,3,7,,0,2,1,15,B01
202100035567,3,7,,0,2,2,19,A01
202100035568,1,60,,0,2,7,9,B01
202100035568,1,7,,0,2,6,4,A01
202100035569,1,7,,0,9,1,16,A01
202100035569,1,50,,0,2,0,0,B01
202100035570,1,2,,0,2,0,2,B01
202100035570,1,7,,0,2,3,15,A01
202100035571,2,43,,11,0,1,15,A01
202100035572,2,7,,0,1,7,1,A01
202100035573,1,32,,0,2,1,2,B01
202100035573,1,33,,0,2,4,1,A01
202100035574,2,1,,0,2,1,1,A01
202100035574,2,7,,0,2,0,15,B01
202100035575,1,10,,0,2,2,1,A01
202100035575,1,34,,0,2,3,15,B01
202100035576,1,33,,0,0,8,16,A01
202100035577,1,7,,0,2,1,15,A01
202100035577,2,1,,0,2,1,15,B01
202100035578,2,10,,0,2,2,16,B01
202100035578,2,34,,0,2,1,16,A01
202100035579,1,1,,0,1,1,15,A01
202100035580,1,7,,0,1,1,15,A01
202100035581,1,7,,0,2,1,2,A01
202100035581,1,7,,1,2,4,1,B01
202100035582,1,7,,0,2,6,26,C01
202100035582,1,7,,0,2,6,23,B01
202100035582,1,7,,0,2,2,17,A01
202100035583,1,7,,0,2,6,15,A01
202100035583,1,99,,0,2,1,1,B01
202100035584,3,7,,0,1,0,1,A01
202100035585,2,7,,0,2,8,1,A01
202100035585,2,10,,0,2,3,1,B01
202100035586,2,33,,0,2,7,12,B01
202100035586,2,7,,0,2,3,1,A01
202100035587,1,7,,0,2,1,5,A01
202100035587,2,7,,0,2,1,1,B01
202100035588,3,2,,0,2,1,1,A01
202100035588,3,7,,0,2,3,19,B01
202100035589,1,43,,0,9,1,1,A01
202100035590,3,31,,0,0,0,15,A01
202100035591,1,14,,13,0,7,14,A01
202100035592,1,7,,0,1,4,9,A01
202100035593,2,10,,2,0,5,13,A01
202100035594,2,7,,0,2,3,1,A01
202100035594,1,7,,0,2,3,1,B01
202100035595,1,33,,0,2,1,1,A01
202100035595,2,7,,0,2,2,15,B01
202100035596,3,7,,0,2,3,17,A01
202100035596,3,14,,0,2,3,0,B01
202100035597,1,1,,0,5,0,1,A01
202100035598,2,7,,0,2,6,1,C01
202100035598,2,7,,0,2,1,1,B01
202100035598,1,7,,0,2,3,5,A01
202100035599,1,2,,0,2,6,1,A01
202100035599,1,7,,0,2,2,1,B01
202100035600,2,1,,0,2,1,1,B01
202100035600,1,7,,0,9,3,26,A01
202100035601,1,7,,0,0,0,1,A01
202100035602,1,80,,0,0,1,1,A01
202100035603,2,7,,13,0,3,13,A01
202100035604,2,7,,0,2,8,15,A01
202100035604,1,10,,0,2,1,1,B01
202100035605,2,7,,0,2,3,13,A01
202100035605,1,7,,0,2,3,1,B01
202100035606,3,7,,0,1,1,15,A01
202100035607,1,10,,0,2,1,2,B01
202100035607,1,7,,0,2,4,1,A01
202100035608,1,7,,9,2,1,1,B01
202100035608,2,7,,0,2,1,15,A01
202100035609,1,1,,0,2,1,1,A01
202100035609,2,37,1.0,0,9,8,1,B01
202100035610,1,7,,0,2,2,2,A01
202100035610,1,33,,0,2,4,1,B01
202100035611,3,7,,2,0,5,1,A01
202100035612,2,7,,0,2,3,1,B01
202100035612,1,7,,0,2,3,17,A01
202100035613,3,7,,0,2,3,1,A01
202100035613,3,2,,0,2,1,13,B01
202100035614,1,7,,0,2,1,1,A01
202100035614,2,7,,0,2,1,1,B01
202100035615,1,10,,0,2,7,17,A01
202100035615,1,1,,0,2,8,1,B01
202100035616,1,7,,0,2,1,13,A01
202100035616,2,7,,0,2,1,1,B01
202100035617,1,33,,2,0,0,1,A01
202100035618,1,7,,0,2,3,1,B01
202100035618,2,7,,0,2,3,13,A01
202100035619,1,7,,0,2,2,1,B01
202100035619,0,1,,0,2,1,15,A01
202100035620,3,1,,0,0,0,1,A01
202100035621,3,1,,0,2,1,2,A01
202100035621,3,7,,0,2,8,16,B01
202100035622,2,7,,0,2,3,1,B01
202100035622,1,2,,0,2,3,13,A01
202100035623,1,7,,0,0,9,17,A01
202100035624,1,33,,13,0,1,0,A01
202100035625,1,2,,0,2,1,1,B01
202100035625,1,7,,0,2,2,1,A01
202100035626,3,10,,0,0,8,1,A01
202100035627,2,7,,0,2,8,13,A01
202100035627,1,7,,2,2,8,1,B01
202100035627,2,7,,0,2,1,1,C01
202100035628,1,7,,0,2,3,1,D01
202100035628,1,7,,0,2,8,1,C01
202100035628,2,7,,0,2,1,2,A01
202100035628,2,7,,0,2,4,2,B01
202100035629,1,7,,0,2,2,1,B01
202100035629,1,7,,0,2,1,26,A01
202100035630,1,7,,0,2,3,16,A01
202100035630,1,33,,0,2,2,16,B01
202100035631,3,7,,2,0,6,9,B01
202100035631,1,7,,0,2,1,1,A01
202100035632,1,33,,0,0,0,1,A01
202100035633,1,7,,0,0,1,1,A01
202100035633,1,7,,1,0,4,1,B01
202100035634,2,10,,0,2,3,1,C01
202100035634,1,7,,14,2,3,5,A01
202100035634,1,7,,0,2,6,23,B01
202100035635,1,33,,0,9,0,0,A01
202100035636,0,31,,16,0,0,0,A01
202100035637,2,2,,0,2,3,2,A01
202100035637,2,7,,0,0,5,2,B01
202100035638,3,1,,0,1,2,0,A01
202100035639,1,7,,6,0,1,17,A01
202100035640,1,2,,2,0,0,0,A01
202100035641,0,7,,0,0,4,1,B01
202100035641,0,10,,0,2,1,2,A01
202100035642,1,7,,0,2,4,2,A01
202100035642,1,7,,0,2,1,2,C01
202100035642,1,7,,0,2,4,2,B01
202100035643,2,34,,0,2,3,3,A01
202100035643,2,7,,0,2,5,1,B01
202100035644,2,7,,0,2,4,2,B01
202100035644,2,7,,0,2,1,2,A01
202100035645,1,7,,4,2,1,5,A01
202100035645,2,7,,0,2,1,1,B01
202100035645,1,17,,0,2,2,21,C01
202100035645,2,7,,0,2,2,21,D01
202100035645,2,7,,0,9,1,1,E01
202100035646,2,7,,0,2,1,2,A01
202100035646,2,7,,0,2,4,2,B01
202100035646,2,10,,0,0,4,1,C01
202100035647,1,7,,4,2,4,1,B01
202100035647,1,7,,0,2,1,1,A01
202100035648,1,17,,0,2,2,12,A01
202100035648,1,7,,0,2,4,1,B01
202100035649,2,7,,0,2,1,2,A01
202100035649,2,7,,0,2,4,2,B01
202100035650,1,33,,0,0,0,1,A01
202100035651,1,33,,0,0,0,1,A01
202100035652,1,7,,0,2,4,2,B01
202100035652,1,7,,0,2,2,2,A01
202100035653,1,33,,0,2,1,2,A01
202100035653,1,7,,0,2,4,12,B01
202100035654,2,34,,0,2,1,2,A01
202100035654,2,7,,0,2,4,2,B01
202100035655,2,7,,0,2,6,12,B01
202100035655,2,33,,0,2,1,3,A01
202100035656,0,7,,0,0,0,9,A01
202100035656,0,32,,0,0,0,0,B01
202100035657,2,7,,0,2,2,1,B01
202100035657,2,7,,0,2,3,11,A01
202100035658,1,31,,0,2,8,3,A01
202100035658,1,7,,0,2,7,17,B01
202100035658,1,7,,0,2,6,1,C01
202100035659,1,17,,0,2,6,1,A01
202100035659,1,33,,0,2,3,3,C01
202100035659,1,7,,0,2,7,0,B01
202100035660,2,7,,0,2,4,12,B01
202100035660,2,7,,0,2,7,1,C01
202100035660,2,33,,0,2,9,3,A01
202100035661,2,7,,0,1,0,0,Z01
202100035662,1,43,,4,0,8,13,A01
202100035663,1,10,,0,2,4,1,A01
202100035663,1,7,,0,2,1,26,B01
202100035664,2,32,,0,2,2,17,B01
202100035664,2,7,,0,2,3,10,A01
202100035665,1,7,,0,1,2,9,A01
202100035666,3,7,,0,1,0,9,A01
202100035667,1,0,,0,0,0,1,A01
202100035668,1,2,,0,2,1,7,A01
202100035668,1,7,,0,2,3,1,B01
202100035669,2,7,,0,1,1,1,A01
202100035670,2,37,1.0,0,2,8,22,B01
202100035670,2,7,,0,2,1,17,A01
202100035671,1,7,,0,9,2,21,A01
202100035672,1,31,,0,2,1,1,B01
202100035672,1,10,,0,2,7,15,A01
202100035673,2,7,,8,0,1,1,A01
202100035674,1,10,,0,0,1,1,A01
202100035674,1,1,,0,2,4,2,B01
202100035675,3,7,,1,0,6,0,E01
202100035675,3,7,,1,0,2,0,D01
202100035675,3,7,,1,0,8,0,C01
202100035675,3,7,,0,2,8,20,B01
202100035675,3,7,,0,2,1,1,A01
202100035676,0,33,,0,1,0,1,A01
202100035677,1,32,,12,1,1,1,A01
202100035678,1,7,,0,1,2,9,Z01
202100035679,1,33,,0,2,1,1,B01
202100035679,1,7,,0,2,5,12,A01
202100035680,0,7,,0,2,4,2,B01
202100035680,0,7,,0,2,1,2,A01
202100035681,2,1,,0,2,1,1,B01
202100035681,2,7,,0,2,3,22,A01
202100035682,1,7,,0,2,1,2,A01
202100035682,1,33,,0,2,4,2,B01
202100035683,3,7,,0,2,2,9,B01
202100035683,0,7,,0,2,3,9,A01
202100035684,1,7,,13,2,3,1,B01
202100035684,2,7,,6,2,3,13,A01
202100035685,1,7,,0,1,1,1,A01
202100035686,2,7,,0,2,7,16,A01
202100035686,2,1,,0,2,1,1,B01
202100035687,2,33,,15,0,8,25,A01
202100035688,0,10,,0,2,4,2,B01
202100035688,0,7,,0,2,1,2,A01
202100035689,2,7,,0,2,1,0,B01
202100035689,2,10,,0,2,1,13,A01
202100035690,2,7,,0,2,3,15,A01
202100035690,1,60,,0,2,1,1,B01
202100035691,1,30,,0,1,8,1,A01
202100035692,1,1,,0,2,1,0,B01
202100035692,2,7,,0,2,3,23,A01
202100035693,1,7,,0,2,8,26,B01
202100035693,1,30,,0,2,1,1,A01
202100035694,1,13,,0,2,0,17,A01
202100035694,1,31,,0,2,0,2,B01
202100035695,2,34,,0,2,1,7,A01
202100035695,0,3,,0,0,8,9,B01
202100035696,1,7,,0,2,4,26,B01
202100035696,1,10,,0,2,2,1,A01
202100035697,1,1,,0,1,1,1,A01
202100035698,3,7,,0,1,1,15,A01
202100035699,1,7,,0,2,2,16,B01
202100035699,1,50,,0,2,8,18,A01
202100035700,1,50,,0,2,1,26,B01
202100035700,1,7,,0,2,5,16,A01
202100035701,1,7,,0,2,4,2,B01
202100035701,1,7,,0,2,4,2,C01
202100035701,1,10,,0,2,1,2,A01
202100035702,1,7,,1,0,2,9,A01
202100035703,3,30,,0,2,1,1,B01
202100035703,1,7,,0,2,2,15,A01
202100035704,1,30,,1,0,1,26,A01
202100035705,3,10,,0,2,2,16,B01
202100035705,3,30,,0,2,1,21,A01
202100035706,1,7,,0,2,1,26,A01
202100035706,1,33,,0,2,4,9,B01
202100035707,1,7,,0,2,2,21,A01
202100035707,1,7,,0,2,6,1,B01
202100035708,1,10,,0,2,4,1,B01
202100035708,1,7,,0,2,1,2,C01
202100035708,1,7,,0,2,1,2,A01
202100035709,3,32,,0,2,1,1,B01
202100035709,2,7,,0,2,3,1,A01
202100035710,3,50,,0,2,1,1,A01
202100035710,3,33,,0,9,8,1,B01
202100035711,1,7,,0,1,1,1,A01
202100035712,1,7,,0,2,4,0,B01
202100035712,1,2,,0,2,1,2,A01
202100035713,1,7,,6,0,1,26,A01
202100035714,2,7,,0,2,4,2,B01
202100035714,2,7,,0,2,1,2,A01
202100035715,1,7,,0,1,1,26,A01
202100035716,1,1,,0,2,0,1,B01
202100035716,0,7,,0,2,5,16,A01
202100035717,1,10,,0,2,8,22,A01
202100035717,1,1,,1,0,7,1,B01
202100035718,1,10,,0,1,3,11,Z01
202100035719,2,7,,1,0,8,22,A01
202100035719,1,1,,1,0,1,2,B01
202100035720,3,7,,0,2,3,0,A01
202100035720,3,7,,0,2,3,0,B01
202100035721,2,7,,0,2,2,15,A01
202100035721,1,7,,0,2,8,1,B01
202100035722,2,7,,0,0,2,1,A01
202100035723,1,7,,0,2,4,15,B01
202100035723,1,14,,0,2,1,1,A01
202100035724,0,7,,0,2,0,0,B01
202100035724,2,7,,0,2,2,1,A01
202100035725,3,30,,12,0,1,26,A01
202100035726,2,7,,0,1,7,1,A01
202100035727,1,33,,0,2,2,1,B01
202100035727,1,30,,0,2,3,15,Z01
202100035728,1,34,,0,2,1,26,A01
202100035728,1,7,,0,2,1,9,B01
202100035729,1,7,,0,2,0,16,A01