Num_Acc,senc,catv,occutc,obs,obsm,choc,manv,num_veh
202100035729,1,50,,0,2,0,0,B01
202100035730,1,7,,0,2,1,1,A01
202100035730,1,15,,0,2,4,1,B01
202100035731,3,7,,0,0,0,0,B01
202100035731,3,7,,0,2,7,26,A01
202100035732,3,32,,0,2,1,17,Z01
202100035732,1,1,,0,2,4,1,B01
202100035733,1,7,,0,2,1,5,B01
202100035733,2,7,,0,2,1,1,A01
202100035734,2,32,,0,2,2,3,B01
202100035734,1,7,,0,2,2,15,A01
202100035735,1,7,,0,1,1,1,A01
202100035736,3,7,,0,2,1,21,B01
202100035736,3,99,,0,2,1,17,A01
202100035737,3,7,,0,2,7,0,A01
202100035737,3,1,,0,2,1,19,B01
202100035738,1,7,,0,2,3,20,A01
202100035738,1,31,,0,2,1,1,B01
202100035739,2,7,,0,2,3,1,B01
202100035739,2,10,,0,2,4,1,C01
202100035739,2,7,,0,2,1,1,A01
202100035740,2,7,,0,2,0,1,D01
202100035740,2,2,,0,2,0,0,A01
202100035740,2,2,,0,2,0,0,B01
202100035740,2,7,,0,2,2,2,C01
202100035741,1,2,,0,2,2,15,A01
202100035741,2,7,,0,2,3,1,B01
202100035742,1,7,,0,2,1,1,B01
202100035742,2,7,,0,2,2,1,A01
202100035743,2,7,,0,2,1,2,C01
202100035743,2,7,,0,2,4,2,B01
202100035743,2,7,,0,2,4,23,A01
202100035744,2,7,,0,2,6,1,C01
202100035744,2,32,,0,2,3,17,A01
202100035744,1,7,,0,2,8,1,B01
202100035745,1,2,,0,2,3,15,B01
202100035745,1,7,,0,2,2,17,A01
202100035746,1,1,,0,2,8,1,A01
202100035746,1,7,,0,2,2,17,Z01
202100035747,2,7,,0,1,1,15,A01
202100035748,1,40,,0,1,3,1,A01
202100035749,2,1,,0,2,1,1,B01
202100035749,2,7,,0,9,1,15,A01
202100035750,1,33,,0,2,2,15,B01
202100035750,2,7,,0,2,2,1,A01
202100035751,1,1,,0,1,1,1,A01
202100035752,1,7,,0,1,1,16,Z01
202100035753,2,31,,0,2,2,1,B01
202100035753,1,30,,0,2,3,9,A01
202100035754,1,32,,0,2,1,2,A01
202100035754,1,7,,0,2,5,2,B01
202100035755,2,14,,0,2,2,14,Z01
202100035755,2,33,,4,2,3,3,A01
202100035756,2,50,,0,2,1,1,A01
202100035756,2,7,,0,2,3,1,B01
202100035757,3,10,,0,2,5,14,A01
202100035757,3,30,,0,2,3,1,B01
202100035758,1,7,,0,2,2,16,A01
202100035758,1,1,,0,2,1,1,B01
202100035759,1,1,,0,2,3,18,B01
202100035759,1,7,,0,2,5,22,A01
202100035760,2,1,,0,2,1,1,B01
202100035760,2,10,,0,2,3,15,A01
202100035761,3,7,,0,2,1,2,A01
202100035761,0,32,,0,2,4,23,B01
202100035762,2,80,,0,0,1,1,A01
202100035763,2,32,,0,2,1,13,A01
202100035763,1,1,,0,2,1,1,B01
202100035764,1,7,,0,0,5,22,A01
202100035765,1,32,,0,0,1,1,B01
202100035765,1,2,,0,0,8,1,A01
202100035766,0,10,,0,9,3,2,A01
202100035766,1,99,,0,2,1,7,B01
202100035767,2,7,,1,0,1,1,A01
202100035767,2,7,,1,0,4,24,B01
202100035768,1,10,,0,1,1,15,A01
202100035769,3,7,,0,1,1,16,A01
202100035770,0,7,,1,2,7,1,B01
202100035770,0,7,,0,2,3,24,A01
202100035771,0,7,,0,1,2,26,A01
202100035772,1,7,,0,2,2,1,A01
202100035772,2,1,,0,2,1,19,Y01
202100035773,1,7,,0,2,8,1,B01
202100035773,1,30,,0,2,7,17,A01
202100035774,1,7,,0,2,2,16,B01
202100035774,0,31,,0,2,7,1,A01
202100035775,3,7,,0,2,4,4,A01
202100035775,3,33,,0,2,1,2,B01
202100035775,3,7,,0,2,4,20,C01
202100035776,2,7,,0,1,0,26,A01
202100035777,3,7,,0,2,3,16,B01
202100035777,2,33,,0,2,3,16,A01
202100035778,1,7,,0,2,1,26,A01
202100035778,1,7,,0,2,4,1,B01
202100035778,1,7,,0,2,4,1,C01
202100035779,1,32,,0,2,1,2,A01
202100035779,2,7,,0,2,2,15,B01
202100035780,0,30,,0,2,8,16,B01
202100035780,0,30,,0,2,7,16,A01
202100035781,2,7,,0,2,2,16,A01
202100035781,2,1,,0,2,8,1,B01
202100035782,3,7,,0,2,3,9,A01
202100035782,3,30,,0,2,0,0,B01
202100035783,3,7,,0,2,4,23,B01
202100035783,0,1,,0,2,4,26,A01
202100035784,2,32,,0,2,3,0,B01
202100035784,2,7,,0,2,1,15,A01
202100035785,2,7,,0,2,2,1,C01
202100035785,1,7,,0,2,1,5,A01
202100035785,2,7,,0,2,1,1,B01
202100035785,2,7,,0,2,1,1,D01
202100035786,1,32,,0,0,0,21,A01
202100035787,1,33,,0,2,1,17,A01
202100035787,1,7,,0,2,8,15,B01
202100035788,1,31,,0,2,2,1,B01
202100035788,1,7,,0,2,3,9,A01
202100035789,2,33,,8,0,0,1,A01
202100035790,1,33,,14,0,1,1,A01
202100035791,2,7,,3,2,3,1,B01
202100035791,1,10,,3,0,3,1,A01
202100035792,1,33,,0,0,0,21,A01
202100035793,1,7,,0,0,0,1,A01
202100035794,1,33,,0,2,1,1,B01
202100035794,1,7,,0,2,3,9,A01
202100035795,2,43,,0,2,0,11,B01
202100035795,2,7,,0,0,8,2,A01
202100035796,1,3,,0,0,9,0,A01
202100035797,1,33,,3,0,2,1,A01
202100035798,2,33,,0,2,3,2,B01
202100035798,2,7,,0,0,5,15,A01
202100035799,2,7,,0,0,9,0,A01
202100035800,1,33,,15,0,1,1,A01
202100035801,1,7,,0,2,1,13,A01
202100035801,2,7,,0,2,1,1,B01
202100035802,2,7,,0,2,1,5,A01
202100035802,1,7,,0,2,1,1,B01
202100035803,1,7,,0,2,3,1,A01
202100035803,2,7,,0,2,3,1,B01
202100035804,1,31,,0,2,7,3,B01
202100035804,1,10,,0,2,8,11,A01
202100035805,3,7,,0,2,2,0,A01
202100035805,3,1,,0,2,1,0,B01
202100035806,2,15,,0,2,6,2,B01
202100035806,2,1,,0,2,0,9,A01
202100035807,1,7,,0,2,7,15,A01
202100035807,2,7,,0,2,1,1,B01
202100035808,-1,33,,0,0,0,0,A01
202100035809,2,2,,0,0,8,15,A01
202100035810,2,7,,0,2,3,1,B01
202100035810,1,7,,0,2,3,13,A01
202100035811,3,1,,0,0,4,9,A01
202100035811,3,10,,0,2,3,1,B01
202100035812,2,7,,0,2,1,1,A01
202100035812,1,7,,0,2,1,1,B01
202100035813,1,1,,0,2,3,1,A01
202100035813,2,20,,0,9,0,26,B01
202100035814,1,10,,0,2,2,1,B01
202100035814,2,10,,0,2,1,1,A01
202100035815,1,7,,8,0,1,1,A01
202100035816,2,7,,0,2,2,1,A01
202100035816,1,2,,0,2,3,15,B01
202100035817,1,33,,0,2,1,1,A01
202100035817,2,7,,0,2,3,1,B01
202100035818,1,7,,6,0,1,1,A01
202100035819,3,7,,0,1,2,1,A01
202100035820,2,7,,0,2,4,1,A01
202100035820,2,7,,0,2,4,1,B01
202100035820,2,7,,0,2,1,1,C01
202100035821,3,7,,6,0,2,15,A01
202100035822,2,33,,0,6,1,1,A01
202100035823,2,33,,13,0,1,1,A01
202100035823,2,33,,13,0,1,1,B01
202100035824,0,2,,0,2,8,13,A01
202100035824,0,7,,0,2,8,1,B01
202100035825,1,7,,15,0,1,0,A01
202100035826,2,7,,15,0,7,1,A01
202100035827,1,2,,0,2,8,9,A01
202100035827,2,33,,0,2,7,1,B01
202100035828,1,33,,0,0,9,1,A01
202100035829,1,7,,0,9,2,2,D01
202100035829,1,10,,0,2,3,2,C01
202100035829,1,7,,0,0,4,2,B01
202100035829,1,10,,0,2,1,2,A01
202100035830,2,7,,0,0,3,1,A01
202100035830,1,7,,0,0,3,1,B01
202100035831,1,10,,0,2,3,1,C01
202100035831,1,7,,14,0,2,21,D01
202100035831,1,7,,8,2,3,1,B01
202100035831,2,7,,0,2,3,21,A01
202100035832,3,2,,13,0,1,1,A01
202100035833,2,33,,0,2,7,16,B01
202100035833,1,7,,0,2,3,9,A01
202100035834,1,1,,0,2,1,1,B01
202100035834,2,37,1.0,0,9,2,15,A01
202100035835,2,7,,0,9,2,1,B01
202100035835,1,1,,0,0,4,9,A01
202100035836,3,2,,0,2,3,0,A01
202100035837,3,1,,0,2,1,19,A01
202100035837,3,7,,0,2,2,16,B01
202100035838,1,1,,0,9,0,1,A01
202100035839,3,1,,0,0,8,19,B01
202100035839,3,7,,0,9,1,15,A01
202100035840,2,7,,0,0,6,9,A01
202100035840,2,1,,0,0,1,9,B01
202100035841,1,7,,0,0,0,1,A01
202100035842,2,33,,0,2,1,2,A01
202100035842,2,7,,0,2,4,2,B01
202100035843,2,2,,0,2,7,1,B01
202100035843,3,7,,0,2,3,9,A01
202100035844,1,7,,4,2,1,1,B01
202100035844,1,7,,0,0,4,1,A01
202100035845,2,33,,0,2,2,2,B01
202100035845,2,21,,0,0,3,2,A01
202100035846,2,7,,0,2,1,23,B01
202100035846,2,7,,0,2,4,23,A01
202100035846,2,7,,0,2,1,2,D01
202100035846,2,7,,0,2,4,23,C01
202100035847,1,7,,0,2,4,1,A01
202100035847,1,7,,0,2,1,1,B01
202100035848,1,14,,0,2,1,2,C01
202100035848,1,14,,0,2,1,2,B01
202100035848,1,7,,0,2,4,2,A01
202100035849,2,10,,0,2,4,2,A01
202100035849,1,7,,0,2,1,2,B01
202100035850,2,7,,0,2,4,2,B01
202100035850,2,7,,0,2,4,2,C01
202100035850,2,7,,0,2,1,2,D01
202100035850,2,10,,0,2,4,2,A01
202100035851,2,10,,0,2,6,1,B01
202100035851,1,10,,0,2,1,12,A01
202100035852,2,7,,0,2,3,11,A01
202100035852,2,33,,0,2,1,3,B01
202100035853,2,10,,0,2,4,1,B01
202100035853,2,7,,0,2,1,2,A01
202100035854,2,7,,0,2,1,2,A01
202100035854,2,7,,0,2,4,2,B01
202100035854,2,7,,0,2,4,2,C01
202100035855,1,10,,0,0,1,2,B01
202100035855,1,7,,0,2,4,2,A01
202100035856,1,10,,0,2,4,2,B01
202100035856,1,7,,0,2,4,2,C01
202100035856,1,7,,0,2,4,2,D01
202100035856,1,10,,0,2,1,2,A01
202100035857,1,14,,0,2,2,12,A01
202100035857,2,10,,0,2,6,1,B01
202100035858,2,7,,0,2,6,2,C01
202100035858,2,7,,0,2,4,2,B01
202100035858,2,7,,0,2,1,2,A01
202100035859,1,10,,0,2,4,2,D01
202100035859,1,7,,0,2,4,2,C01
202100035859,1,7,,0,2,4,2,B01
202100035859,1,10,,0,2,1,2,A01
202100035860,1,7,,0,2,7,12,A01
202100035860,1,34,,0,2,8,3,B01
202100035861,1,10,,0,2,6,11,B01
202100035861,1,33,,0,2,1,3,A01
202100035862,0,33,,0,1,1,1,A01
202100035863,1,1,,0,1,1,19,A01
202100035864,3,7,,0,1,1,1,A01
202100035865,2,10,,16,0,9,14,A01
202100035866,2,50,,0,2,1,5,A01
202100035866,1,2,,0,9,1,1,B01
202100035867,2,10,,0,2,2,1,A01
202100035867,2,2,,0,2,4,1,B01
202100035868,1,32,,0,2,7,1,A01
202100035868,2,7,,0,2,1,1,B01
202100035869,1,1,,0,2,0,26,B01
202100035869,2,7,,0,2,0,15,A01
202100035870,1,1,,0,2,0,2,D01
202100035870,1,1,,0,2,4,2,C01
202100035870,1,1,,0,2,4,2,B01
202100035870,1,7,,0,9,1,18,A01
202100035871,2,7,,4,0,1,26,A01
202100035872,1,2,,14,9,1,1,B01
202100035872,1,7,,0,2,4,9,A01
202100035873,1,7,,0,2,1,17,A01
202100035873,1,7,,0,2,3,15,B01
202100035874,2,7,,0,1,1,19,A01
202100035875,1,7,,14,0,1,13,A01
202100035876,3,7,,1,1,6,20,A01
202100035877,3,7,,0,1,2,1,A01
202100035878,1,7,,0,2,7,1,B01
202100035878,1,31,,0,2,1,9,A01
202100035879,2,34,,0,2,1,3,A01
202100035879,2,7,,0,2,8,15,B01
202100035880,3,10,,0,1,2,15,A01
202100035881,1,33,,0,2,0,1,A01
202100035882,2,7,,0,2,1,17,A01
202100035882,1,7,,0,2,3,1,B01
202100035883,1,7,,0,2,1,1,A01
202100035883,2,7,,0,2,1,1,B01
202100035884,1,7,,0,2,6,19,A01
202100035884,2,7,,0,2,1,1,B01
202100035884,2,15,,0,2,1,1,C01
202100035885,1,1,,0,1,4,1,A01
202100035886,1,7,,0,1,2,1,A01
202100035887,2,7,,8,0,1,14,A01
202100035888,1,10,,0,2,4,20,A01
202100035889,1,0,,0,2,1,0,B01
202100035889,1,1,,0,2,4,0,A01
202100035890,0,50,,0,2,1,5,A01
202100035890,1,7,,0,2,3,1,B01
202100035891,0,7,,0,2,6,15,B01
202100035891,0,7,,0,2,1,1,A01
202100035892,3,1,,0,2,1,1,B01
202100035892,2,7,,0,2,3,9,A01
202100035893,1,7,,0,2,8,15,B01
202100035893,1,30,,0,2,1,17,A01
202100035894,1,30,,0,0,0,21,A01
202100035895,1,1,,0,2,4,2,B01
202100035895,1,7,,0,2,1,26,A01
202100035896,1,30,,0,2,1,19,A01
202100035896,1,7,,0,2,1,19,B01
202100035897,3,7,,0,1,4,4,A01
202100035898,2,10,,0,2,1,1,B01
202100035898,2,33,,0,2,1,1,A01
202100035899,1,7,,0,1,1,1,A01
202100035900,2,7,,0,2,3,1,C01
202100035900,1,7,,1,2,3,1,A01
202100035901,2,1,,0,2,8,19,B01
202100035901,2,7,,0,2,1,9,A01
202100035902,3,40,,0,2,1,1,B01
202100035902,2,7,,0,4,8,15,A01
202100035903,1,2,,12,0,1,14,A01
202100035904,2,33,,0,2,7,1,B01
202100035904,2,7,,0,2,3,1,A01
202100035905,2,7,,15,0,1,14,A01
202100035906,1,7,,1,0,3,1,A01
202100035906,1,2,,0,2,0,2,C01
202100035907,0,7,,1,0,9,20,A01
202100035908,3,7,,0,2,4,2,B01
202100035908,3,7,,0,2,1,2,A01
202100035909,3,7,,0,2,2,2,A01
202100035909,2,2,,0,2,1,16,B01
202100035910,1,2,,0,2,1,2,A01
202100035910,1,7,,0,2,4,2,B01
202100035911,3,50,,0,2,1,1,B01
202100035911,3,21,,0,2,6,24,A01
202100035912,1,7,,0,2,8,16,A01
202100035912,1,7,,0,2,2,1,B01
202100035913,1,7,,0,2,3,1,A01
202100035913,0,1,,0,2,1,9,B01
202100035914,1,7,,0,2,1,15,A01
202100035914,1,33,,0,2,8,1,B01
202100035915,2,7,,0,2,2,16,A01
202100035915,2,1,,0,2,1,1,B01
202100035916,1,7,,1,0,3,13,A01
202100035917,3,50,,0,2,0,1,Y01
202100035917,3,7,,0,2,3,9,A01
202100035918,1,7,,0,2,3,15,A01
202100035918,2,2,,0,2,1,1,B01
202100035919,1,7,,0,2,2,9,B01
202100035919,1,7,,0,2,3,1,A01
202100035920,2,33,,16,0,9,26,A01
202100035921,0,7,,0,0,4,1,B01
202100035921,0,7,,0,2,1,2,A01
202100035922,1,7,,15,0,8,13,A01
202100035923,2,30,,0,0,0,26,A01
202100035924,2,7,,0,2,1,13,A01
202100035924,1,7,,0,2,1,1,B01
202100035925,1,7,,0,2,4,2,B01
202100035925,1,7,,0,2,1,2,A01
202100035926,1,7,,0,2,1,13,A01
202100035926,2,7,,0,2,1,1,B01
202100035927,2,7,,10,0,1,1,A01
202100035928,3,7,,0,2,3,15,A01
202100035928,3,2,,0,2,1,5,B01
202100035929,1,32,,0,1,1,1,A01
202100035930,2,7,,0,2,3,5,A01
202100035930,1,2,,0,2,1,2,B01
202100035931,2,33,,3,0,9,17,A01
202100035932,1,7,,0,2,3,9,A01
202100035932,3,1,,0,2,0,0,B01
202100035933,3,32,,0,2,3,15,A01
202100035933,0,7,,0,2,2,15,B01
202100035934,2,7,,7,0,1,14,A01
202100035935,2,7,,0,2,3,15,B01
202100035935,2,31,,0,2,7,17,A01
202100035936,1,7,,0,2,0,1,B01
202100035936,2,7,,0,2,0,9,A01
202100035936,1,7,,0,0,0,0,D01
202100035936,1,7,,0,0,0,0,C01
202100035937,2,7,,0,2,0,2,Z01
202100035937,2,10,,0,2,4,2,B01
202100035937,2,7,,0,2,4,2,A01
202100035938,1,7,,0,2,8,11,B01
202100035938,1,33,,0,2,7,3,A01
202100035939,2,33,,0,2,8,18,B01
202100035939,2,7,,0,2,2,16,A01
202100035940,2,30,,0,2,2,5,A01
202100035940,1,1,,0,2,2,1,B01
202100035941,1,1,,0,1,2,1,A01
202100035942,1,80,,0,2,1,1,A01
202100035942,1,7,,0,2,7,22,B01
202100035943,2,30,,0,2,5,17,A01
202100035943,2,1,,0,2,4,1,B01
202100035944,1,30,,0,2,7,17,B01
202100035944,1,10,,0,2,8,15,A01
202100035945,2,33,,0,2,1,13,B01
202100035945,1,10,,0,2,3,23,A01
202100035946,2,7,,0,2,7,22,A01
202100035946,2,30,,0,2,1,18,B01
202100035946,2,7,,0,2,3,1,C01
202100035947,1,7,,0,2,2,13,A01
202100035947,1,1,,0,2,8,17,B01
202100035948,1,50,,0,0,0,1,A01
202100035949,2,1,,0,2,1,17,B01
202100035949,2,7,,0,2,8,22,A01
202100035950,2,43,,0,2,6,23,B01
202100035950,2,30,,0,2,1,2,A01
202100035951,1,2,,0,2,1,0,B01
202100035951,1,7,,0,2,2,0,A01
202100035952,1,1,,1,0,7,18,Y01
202100035952,1,7,,0,2,2,23,A01
202100035953,1,33,,0,2,9,1,B01
202100035953,1,10,,0,2,2,15,A01
202100035954,1,10,,0,2,7,16,A01
202100035954,1,1,,0,0,0,0,B01
202100035955,2,7,,0,2,1,9,A01
202100035955,2,1,,0,2,3,9,B01
202100035956,2,7,,0,2,1,1,A01
202100035956,1,50,,0,2,1,1,B01
202100035957,1,34,,0,2,8,9,A01
202100035957,1,7,,0,2,2,1,B01
202100035958,3,34,,0,1,2,1,A01
202100035959,1,34,,1,0,8,1,A01
202100035959,1,3,,0,2,2,14,B01
202100035960,3,0,,0,2,4,1,A01
202100035960,3,7,,0,9,2,0,B01
202100035961,1,50,,0,2,0,0,B01
202100035961,1,7,,0,9,1,16,A01
202100035962,3,7,,0,2,2,16,B01
202100035962,3,7,,0,2,3,1,A01
202100035963,0,7,,0,2,2,1,A01
202100035963,0,1,,0,2,3,19,B01
202100035964,3,30,,0,2,7,19,B01
202100035964,3,7,,0,2,1,15,A01
202100035965,1,7,,0,1,1,1,A01
202100035966,1,33,,0,2,1,1,B01
202100035966,1,7,,0,2,8,15,A01
202100035967,3,10,,1,2,5,13,B01
202100035967,1,30,,1,2,5,26,A01
202100035968,2,2,,0,2,8,1,B01
202100035968,2,7,,0,2,7,14,A01
202100035969,2,1,,0,1,1,7,A01
202100035970,1,7,,0,2,3,1,A01
202100035970,1,30,,0,2,1,1,B01
202100035971,1,7,,0,2,2,16,A01
202100035971,1,2,,0,2,1,7,B01
202100035972,3,34,,0,2,1,12,A01
202100035972,3,7,,0,2,4,23,B01
202100035973,3,32,,0,1,0,0,A01
202100035974,3,7,,0,2,1,2,A01
202100035974,3,7,,0,2,4,1,B01
202100035975,3,1,,0,0,0,1,A01
202100035976,2,7,,13,0,1,14,A01
202100035977,3,10,,0,2,8,1,B01
202100035977,3,2,,0,2,1,1,A01
202100035978,1,10,,0,2,2,1,B01
202100035978,1,1,,0,2,8,9,A01
202100035979,1,7,,0,2,1,13,A01
202100035979,2,7,,0,2,1,1,B01
202100035980,2,7,,0,2,6,1,B01
202100035980,1,7,,0,2,2,9,A01
202100035981,3,7,,0,2,3,13,A01
202100035981,3,31,,0,0,3,1,B01
202100035982,2,33,,0,2,1,1,B01
202100035982,1,14,,0,2,6,9,A01
202100035983,3,7,,8,0,1,14,A01
202100035984,1,7,,0,2,1,1,A01
202100035984,2,10,,0,2,1,5,B01
202100035985,2,1,,0,2,5,1,B01
202100035985,2,7,,0,9,1,1,A01
202100035986,1,10,,0,1,2,1,A01
202100035987,1,1,,0,0,0,1,A01
202100035988,2,33,,0,2,1,1,A01
202100035988,1,7,,0,2,6,1,B01
202100035989,2,7,,16,0,1,1,A01
202100035990,3,7,,13,0,1,16,A01
202100035991,1,7,,0,2,2,15,A01
202100035991,2,7,,0,2,1,21,B01
202100035992,3,36,,0,0,1,1,A01
202100035993,2,33,,0,2,3,13,A01
202100035993,1,7,,0,2,3,21,B01
202100035994,2,7,,12,9,7,26,A01
202100035995,2,10,,0,2,8,1,B01
202100035995,3,50,,0,2,1,19,A01
202100035996,1,7,,8,0,1,1,A01
202100035997,1,7,,0,2,1,19,A01
202100035997,2,7,,0,2,8,1,B01
202100035998,2,7,,0,2,3,1,A01
202100035998,1,15,,0,0,3,1,B01
202100035999,1,7,,0,2,1,1,B01
202100035999,2,7,,0,2,1,1,A01
202100036000,2,7,,1,0,1,14,A01
202100036000,2,7,,3,2,7,14,B01
202100036001,2,7,,0,2,1,1,B01
202100036001,1,10,,0,2,1,5,A01
202100036002,1,7,,0,2,1,1,C01
202100036002,1,7,,0,2,3,1,D01
202100036002,1,7,,0,2,6,15,B01
202100036002,1,33,,0,2,1,1,A01
202100036003,1,7,,6,0,8,1,A01
202100036004,1,7,,0,2,3,1,B01
202100036004,2,10,,0,2,3,1,A01
202100036005,2,37,1.0,0,2,3,1,A01
202100036005,1,7,,0,2,3,5,B01
202100036006,1,33,,13,0,2,1,A01
202100036007,1,7,,0,1,3,1,A01
202100036008,2,7,,16,0,1,2,A01
202100036009,1,1,,0,2,1,2,A01
202100036009,1,1,,0,2,4,1,B01
202100036010,2,2,,17,0,0,1,A01
202100036011,2,7,,0,0,1,1,B01
202100036011,1,10,,0,2,2,10,A01
202100036012,3,2,,0,0,8,0,A01
202100036013,2,33,,0,2,2,1,B01
202100036013,1,7,,0,2,3,15,A01
202100036014,1,7,,0,1,2,2,A01
202100036015,2,10,,0,2,1,17,A01
202100036015,1,15,,0,2,1,1,B01
202100036016,1,14,,0,2,7,17,B01
202100036016,1,2,,0,2,1,15,A01
202100036017,1,7,,13,0,2,21,A01
202100036018,2,7,,0,0,8,2,A01
202100036018,1,7,,0,0,3,2,B01
202100036019,2,7,,0,1,1,1,A01
202100036020,2,7,,0,2,6,15,A01
202100036020,2,34,,0,2,2,17,B01
202100036021,1,10,,0,2,1,21,C01
202100036021,1,10,,0,2,1,0,B01
202100036021,2,10,,0,2,1,13,A01
202100036022,1,7,,0,2,3,13,A01
202100036022,2,7,,0,2,3,1,B01
202100036023,2,7,,0,2,1,1,B01
202100036023,1,10,,0,2,1,17,A01
202100036024,2,7,,4,0,9,1,A01
202100036025,1,7,,0,2,3,2,A01
202100036025,1,33,,4,2,2,2,B01
202100036026,2,3,,0,2,7,19,A01
202100036026,1,7,,0,2,3,1,B01
202100036027,3,1,,0,2,7,1,B01
202100036027,3,7,,0,2,3,26,A01
202100036028,3,7,,0,2,3,15,B01
202100036028,1,34,,0,0,1,17,A01
202100036029,2,7,,0,2,7,17,A01
202100036029,2,1,,0,2,8,1,B01
202100036030,1,7,,0,2,2,15,A01
202100036030,2,7,,0,2,3,1,B01
202100036031,1,10,,0,0,6,23,A01
202100036031,1,33,,0,2,1,1,B01
202100036032,2,32,,0,0,0,1,A01
202100036033,3,7,,0,1,1,26,A01
202100036034,1,7,,0,2,5,2,B01
202100036034,1,1,,0,2,8,2,A01
202100036035,1,33,,0,2,2,17,A01
202100036035,1,7,,0,2,3,1,B01
202100036036,2,7,,0,0,1,0,A01
202100036037,0,1,,0,2,8,15,B01
202100036037,2,7,,0,0,1,1,A01
202100036038,1,7,,0,2,4,0,A01
202100036038,1,7,,0,2,1,0,B01
202100036039,2,7,,3,0,8,1,A01
202100036040,1,7,,0,2,1,1,A01
202100036040,1,33,,0,2,4,1,B01
202100036041,1,7,,0,2,4,0,C01
202100036041,1,7,,0,2,4,26,B01
202100036041,1,7,,0,2,1,26,A01
202100036042,2,7,,0,2,8,1,B01
202100036042,2,13,,0,2,2,12,A01
202100036043,1,33,,0,2,3,2,A01
202100036043,1,7,,0,9,6,1,B01
202100036044,1,7,,0,2,1,17,A01
202100036044,1,7,,0,2,1,1,B01
202100036045,1,7,,0,2,1,0,Z01
202100036045,1,30,,0,2,4,1,A01
202100036046,1,7,,0,2,5,2,B01
202100036046,1,34,,0,2,1,2,A01
202100036047,3,30,,0,2,3,1,A01
202100036047,3,50,,0,2,1,25,B01
202100036048,1,30,,15,0,1,15,A01
202100036049,2,7,,6,0,1,1,A01
202100036050,3,7,,0,2,6,2,A01
202100036050,3,2,,0,0,0,0,B01
202100036051,1,33,,0,2,1,1,B01
202100036051,1,7,,0,2,3,15,A01
202100036052,2,7,,1,0,7,21,A01
202100036053,3,7,,0,2,4,1,B01
202100036053,1,7,,0,2,1,2,A01
202100036053,3,7,,0,2,4,2,C01
202100036054,2,7,,0,2,8,15,A01
202100036054,2,33,,0,2,7,1,B01
202100036055,2,33,,0,2,4,23,A01
202100036055,2,2,,0,2,1,1,B01
202100036056,3,7,,2,0,2,1,A01
202100036057,2,7,,0,2,3,16,B01
202100036057,2,7,,0,2,1,15,A01
202100036058,3,7,,5,1,1,1,Z01
202100036059,2,50,,0,2,1,26,B01
202100036059,1,7,,0,9,2,26,A01
202100036060,3,7,,0,2,3,1,A01
202100036060,3,7,,0,2,7,0,B01
202100036061,3,7,,0,1,1,20,A01
202100036062,3,3,,0,2,1,15,B01
202100036062,3,3,,0,2,3,1,A01
202100036063,0,7,,0,9,8,26,Z01
202100036063,1,50,,0,2,8,15,B01
202100036064,1,7,,0,9,1,1,B01
202100036064,1,1,,0,2,1,25,A01
202100036065,3,7,,7,0,1,26,A01
202100036066,1,2,,0,2,7,17,B01
202100036066,1,1,,0,2,8,1,A01
202100036067,0,7,,6,0,1,13,A01
202100036068,3,33,,0,2,1,1,B01
202100036068,3,7,,0,2,7,1,A01
202100036069,2,7,,13,0,1,14,A01
202100036070,3,1,,0,0,0,1,A01
202100036071,2,7,,0,2,1,0,B01
202100036071,1,7,,14,2,1,26,A01
202100036072,1,7,,0,1,4,4,A01
202100036073,2,7,,0,2,3,15,A01
202100036073,2,1,,0,2,8,1,B01
202100036074,1,32,,0,2,1,18,A01
202100036074,1,7,,0,2,2,1,B01
202100036074,1,7,,0,2,5,1,C01
202100036075,2,7,,0,2,3,15,A01
202100036075,2,32,,0,2,1,2,B01
202100036076,1,1,,0,2,8,1,B01
202100036076,1,7,,0,2,7,17,A01
202100036077,1,1,,0,2,1,12,B01
202100036077,1,7,,0,2,2,1,A01
202100036078,3,34,,0,2,1,3,A01
202100036078,3,7,,0,2,4,1,B01
202100036079,1,7,,0,1,1,15,A01
202100036080,1,7,,0,0,0,0,B01
202100036080,1,7,,0,0,0,0,A01
202100036081,3,7,,0,2,4,1,B01
202100036081,3,33,,0,2,1,2,A01
202100036082,1,7,,0,1,3,1,A01
202100036083,3,33,,0,2,7,1,B01
202100036083,3,7,,0,2,1,1,A01
202100036084,1,7,,9,0,2,16,A01
202100036085,3,31,,0,2,7,1,B01
202100036085,0,33,,0,0,0,0,Z01
202100036086,3,7,,0,9,3,2,B01
202100036086,3,32,,0,2,3,17,A01
202100036087,2,7,,0,2,6,20,B01
202100036087,2,7,,0,2,2,21,A01
202100036088,1,7,,0,2,4,1,B01
202100036088,1,7,,0,2,1,1,A01
202100036088,1,7,,0,2,4,1,D01
202100036088,1,7,,0,2,4,1,C01
202100036089,1,7,,0,2,1,2,A01
202100036089,1,7,,0,2,4,23,B01
202100036090,1,7,,0,2,7,14,B01
202100036090,1,33,,0,2,3,3,A01
202100036091,1,33,,0,2,1,3,A01
202100036091,1,7,,0,2,8,11,Z01
202100036092,2,7,,0,2,5,12,B01
202100036092,2,33,,0,2,1,3,A01
202100036093,3,1,,0,2,4,2,C01
202100036093,3,1,,0,2,4,2,B01
202100036093,3,1,,0,2,1,2,A01