Num_Acc,senc,catv,occutc,obs,obsm,choc,manv,num_veh
202100036094,2,30,,0,1,1,5,A01
202100036095,1,7,,0,2,4,1,B01
202100036095,1,30,,0,2,1,1,A01
202100036096,1,7,,0,2,7,1,B01
202100036096,0,80,,0,2,8,11,A01
202100036097,1,7,,0,2,1,1,B01
202100036097,1,1,,1,2,8,19,A01
202100036098,2,1,,0,2,1,1,A01
202100036098,1,7,,0,2,5,16,B01
202100036099,1,31,,14,0,2,18,A01
202100036100,2,34,,0,2,3,7,A01
202100036100,2,7,,0,2,7,12,B01
202100036101,1,7,,0,2,7,16,A01
202100036101,1,30,,0,2,1,16,B01
202100036102,2,43,,12,0,1,13,A01
202100036103,1,7,,0,2,3,22,A01
202100036103,1,1,,0,2,2,1,B01
202100036104,1,50,,0,1,3,1,Z01
202100036105,2,7,,1,0,1,26,A01
202100036105,1,32,,1,0,1,17,B01
202100036106,2,7,,0,2,1,1,B01
202100036106,1,30,,0,2,1,26,A01
202100036107,2,7,,0,2,2,1,B01
202100036107,1,30,,0,2,7,1,A01
202100036108,1,33,,4,0,3,13,A01
202100036109,3,32,,0,1,8,25,Z01
202100036110,0,7,,0,2,0,0,B01
202100036110,0,7,,0,2,6,1,A01
202100036110,0,7,,0,2,0,0,C01
202100036111,3,7,,0,1,3,20,A01
202100036112,1,13,,0,2,1,26,A01
202100036112,1,7,,0,2,4,26,B01
202100036113,2,7,,0,2,3,15,A01
202100036113,2,34,,0,2,2,1,B01
202100036114,1,32,,1,2,1,18,A01
202100036114,1,7,,0,2,2,1,B01
202100036114,1,7,,0,2,3,24,C01
202100036115,1,7,,6,0,2,15,A01
202100036116,1,33,,0,0,8,1,A01
202100036117,3,7,,8,2,2,15,A01
202100036117,2,7,,0,2,3,1,B01
202100036118,2,33,,13,0,1,1,A01
202100036119,2,7,,0,2,3,9,A01
202100036119,2,1,,0,2,2,1,B01
202100036120,2,33,,0,0,0,1,A01
202100036121,3,7,,0,2,1,15,B01
202100036121,3,34,,0,2,1,2,A01
202100036122,2,17,,0,2,3,21,B01
202100036122,1,7,,0,2,3,13,A01
202100036123,2,7,,0,2,2,1,B01
202100036123,1,2,,0,2,1,13,A01
202100036124,0,2,,6,0,7,0,A01
202100036125,2,7,,13,0,3,1,A01
202100036126,2,2,,0,2,1,13,A01
202100036126,1,7,,0,2,1,1,B01
202100036127,2,1,,0,5,4,0,A01
202100036128,1,7,,0,0,7,15,B01
202100036128,2,38,1.0,0,2,2,1,A01
202100036129,2,7,,13,0,2,1,A01
202100036130,2,15,,0,0,0,1,A01
202100036130,1,7,,0,9,6,5,B01
202100036130,2,7,,0,2,1,5,C01
202100036130,1,7,,0,9,0,5,D01
202100036130,1,7,,0,9,1,5,E01
202100036131,1,7,,2,0,7,13,A01
202100036132,1,7,,14,2,8,6,A01
202100036132,1,13,,0,0,8,1,B01
202100036133,1,36,,15,0,1,0,A01
202100036134,3,1,,0,2,2,19,B01
202100036134,3,7,,0,0,8,1,A01
202100036135,2,7,,8,0,8,13,A01
202100036136,-1,1,,0,0,0,1,A01
202100036137,1,33,,7,0,2,1,A01
202100036138,3,33,,8,0,7,21,B01
202100036138,3,7,,0,0,0,9,A01
202100036139,2,7,,0,2,7,15,A01
202100036139,1,1,,0,2,1,18,B01
202100036140,2,7,,0,0,8,15,A01
202100036140,1,2,,0,2,1,1,B01
202100036141,3,17,,0,1,0,1,A01
202100036142,3,1,,0,2,0,2,C01
202100036142,3,1,,0,2,0,1,B01
202100036142,3,1,,0,2,4,17,A01
202100036143,2,7,,0,2,8,15,B01
202100036143,1,2,,0,2,1,1,A01
202100036144,1,33,,4,0,7,1,A01
202100036145,1,1,,0,0,0,26,A01
202100036146,2,7,,0,2,1,13,A01
202100036146,1,7,,0,2,1,0,B01
202100036147,2,7,,0,2,1,1,B01
202100036147,1,7,,0,2,3,16,A01
202100036148,2,13,,0,2,3,1,B01
202100036148,1,7,,0,2,3,1,A01
202100036149,1,33,,0,0,8,1,A01
202100036150,2,15,,0,0,0,1,A01
202100036151,0,31,,2,0,1,0,A01
202100036152,0,7,,0,2,1,2,A01
202100036152,0,7,,0,0,4,15,B01
202100036153,2,7,,8,0,2,21,A01
202100036154,2,2,,13,0,1,14,A01
202100036155,1,7,,2,0,3,1,A01
202100036156,1,7,,0,0,6,15,B01
202100036156,1,7,,0,0,2,1,A01
202100036157,1,7,,1,0,0,2,A01
202100036158,1,33,,0,0,9,2,A01
202100036159,1,7,,4,0,1,9,A01
202100036160,2,10,,0,2,1,15,A01
202100036160,1,7,,0,2,1,1,B01
202100036161,2,7,,0,0,0,1,A01
202100036162,2,7,,17,0,3,1,A01
202100036163,3,1,,0,2,0,1,A01
202100036163,3,7,,0,9,3,1,B01
202100036164,2,7,,0,0,3,15,A01
202100036164,1,15,,0,2,2,1,B01
202100036165,1,7,,9,9,7,26,A01
202100036166,2,7,,13,0,9,17,A01
202100036167,1,10,,0,2,2,2,A01
202100036167,1,15,,0,0,0,1,B01
202100036168,2,33,,0,2,1,17,A01
202100036168,2,7,,0,2,6,15,B01
202100036169,3,2,,0,2,1,1,A01
202100036169,0,7,,0,0,3,1,B01
202100036170,2,7,,0,2,6,15,A01
202100036170,2,33,,0,2,1,2,B01
202100036171,1,33,,0,5,1,1,A01
202100036172,2,10,,13,0,2,2,A01
202100036173,0,2,,0,2,1,2,A01
202100036173,3,7,,0,0,4,1,B01
202100036174,3,10,,0,1,1,1,A01
202100036175,1,7,,17,0,3,13,A01
202100036176,2,7,,2,0,7,14,A01
202100036177,3,1,,0,2,1,0,B01
202100036177,0,7,,0,9,2,0,A01
202100036178,1,7,,0,0,8,1,B01
202100036178,2,33,,0,2,8,17,A01
202100036179,1,7,,0,2,1,13,B01
202100036179,2,7,,0,2,1,1,A01
202100036180,2,2,,0,2,1,1,B01
202100036180,1,7,,0,2,2,15,A01
202100036181,1,7,,6,0,1,24,B01
202100036181,1,7,,1,0,1,1,A01
202100036182,0,7,,0,2,1,1,A01
202100036182,0,7,,0,2,1,13,B01
202100036183,1,7,,0,2,7,19,A01
202100036183,1,7,,0,2,1,1,B01
202100036184,3,38,1.0,0,1,7,20,A01
202100036185,3,7,,0,2,2,20,A01
202100036185,3,2,,0,2,1,1,B01
202100036186,1,33,,0,0,7,6,A01
202100036187,2,7,,0,2,2,9,A01
202100036187,1,31,,0,2,7,17,B01
202100036188,1,7,,13,0,1,0,A01
202100036189,1,32,,14,0,8,26,A01
202100036190,1,7,,0,2,4,1,B01
202100036190,1,7,,0,2,1,1,A01
202100036191,2,10,,0,2,6,1,A01
202100036191,2,33,,3,2,3,17,B01
202100036192,2,7,,0,2,4,2,C01
202100036192,2,7,,0,2,4,1,D01
202100036192,2,14,,0,2,1,1,E01
202100036192,2,7,,0,2,4,1,A01
202100036192,2,7,,0,2,4,1,B01
202100036193,1,33,,0,2,1,1,B01
202100036193,1,7,,0,2,4,26,A01
202100036194,1,7,,0,2,1,2,C01
202100036194,2,7,,0,2,1,2,B01
202100036194,2,7,,0,2,4,2,A01
202100036195,2,7,,0,2,4,2,A01
202100036195,2,32,,0,2,1,2,B01
202100036196,2,7,,4,0,1,26,A01
202100036197,2,7,,0,2,1,2,A01
202100036197,2,7,,0,0,0,0,B01
202100036198,2,7,,0,0,4,2,B01
202100036198,2,10,,0,2,1,1,A01
202100036199,2,33,,0,2,1,3,B01
202100036199,2,7,,0,2,4,2,A01
202100036200,1,7,,0,2,5,2,B01
202100036200,1,33,,0,2,3,12,A01
202100036201,2,7,,4,0,1,1,A01
202100036202,1,7,,0,2,2,0,A01
202100036202,1,7,,0,0,6,0,B01
202100036203,2,31,,4,0,0,26,A01
202100036204,1,7,,0,2,2,2,A01
202100036204,1,33,,0,2,4,1,B01
202100036205,2,7,,0,2,4,2,B01
202100036205,2,7,,0,2,1,2,A01
202100036206,2,7,,0,2,1,2,A01
202100036206,2,7,,0,2,4,2,B01
202100036206,2,7,,0,2,4,2,C01
202100036207,1,7,,0,2,1,2,A01
202100036207,1,7,,0,2,4,2,B01
202100036208,1,7,,4,0,3,9,A01
202100036209,2,7,,0,2,5,1,A01
202100036209,2,33,,0,2,1,3,B01
202100036210,1,7,,0,2,1,1,A01
202100036210,1,7,,0,2,4,9,B01
202100036210,1,7,,0,2,4,1,C01
202100036211,2,14,,0,2,3,1,B01
202100036211,2,7,,4,2,9,1,A01
202100036212,1,7,,0,1,0,1,A01
202100036213,2,7,,0,1,1,1,A01
202100036214,1,32,,0,2,6,26,A01
202100036214,1,7,,0,2,1,0,B01
202100036215,1,7,,0,1,3,15,A01
202100036216,3,7,,12,0,1,1,A01
202100036217,1,2,,0,2,1,1,B01
202100036217,1,10,,0,9,2,16,A01
202100036218,2,7,,0,2,1,1,B01
202100036218,1,7,,0,2,8,1,A01
202100036219,1,50,,0,1,1,25,A01
202100036220,2,7,,0,2,1,15,A01
202100036220,1,1,,0,2,1,1,B01
202100036221,1,7,,0,2,1,1,B01
202100036221,1,7,,0,2,1,1,A01
202100036222,1,33,,0,2,1,7,B01
202100036222,1,7,,0,2,2,16,A01
202100036223,2,1,,0,2,1,1,B01
202100036223,1,7,,0,2,3,15,A01
202100036224,3,32,,0,2,5,1,A01
202100036224,3,10,,0,2,1,16,B01
202100036225,2,7,,0,2,8,1,B01
202100036225,1,7,,0,2,3,13,A01
202100036225,2,7,,0,2,1,1,C01
202100036226,1,7,,0,2,1,13,A01
202100036226,1,7,,0,2,1,0,B01
202100036227,0,7,,0,1,1,1,A01
202100036228,0,7,,0,2,3,1,A01
202100036228,0,7,,0,2,3,1,B01
202100036229,2,60,,0,2,0,0,B01
202100036229,1,7,,0,9,3,9,A01
202100036230,1,33,,0,2,2,17,B01
202100036230,1,7,,0,2,3,10,A01
202100036231,1,7,,0,1,5,1,A01
202100036232,1,33,,0,2,1,2,B01
202100036232,1,7,,0,2,6,23,A01
202100036233,3,10,,0,2,3,15,A01
202100036233,1,7,,0,2,7,1,B01
202100036234,1,30,,0,2,3,26,B01
202100036234,1,7,,0,2,3,9,A01
202100036235,3,10,,0,2,2,26,A01
202100036235,3,2,,0,2,1,0,B01
202100036236,2,7,,0,1,2,1,A01
202100036237,0,33,,0,1,2,26,A01
202100036238,1,2,,0,2,1,1,B01
202100036238,3,7,,0,2,8,1,A01
202100036239,1,7,,0,2,2,2,A01
202100036239,1,1,,0,2,4,1,B01
202100036240,1,1,,0,2,1,1,B01
202100036240,2,7,,0,2,6,9,A01
202100036241,1,7,,0,2,7,1,A01
202100036241,1,30,,0,2,8,11,B01
202100036242,1,7,,1,0,0,0,A01
202100036243,3,10,,0,2,3,1,B01
202100036243,3,30,,0,2,1,1,C01
202100036243,3,7,,0,2,1,13,A01
202100036244,1,33,,0,2,1,1,B01
202100036244,1,7,,0,2,8,15,A01
202100036245,1,7,,0,2,2,0,C01
202100036245,1,7,,0,2,8,1,B01
202100036245,2,7,,0,2,1,5,A01
202100036246,3,10,,0,2,5,15,A01
202100036246,3,33,,0,2,1,1,B01
202100036247,1,7,,0,2,3,15,A01
202100036247,1,30,,0,2,7,17,B01
202100036248,1,34,,0,0,0,1,A01
202100036249,1,7,,15,0,0,14,A01
202100036250,2,7,,0,2,2,1,B01
202100036250,2,30,,0,2,3,26,A01
202100036251,1,30,,3,0,1,1,A01
202100036252,1,7,,0,2,3,9,A01
202100036252,1,7,,0,2,7,1,B01
202100036253,3,2,,0,2,1,19,A01
202100036253,3,10,,0,2,1,1,B01
202100036254,1,7,,0,2,1,15,A01
202100036254,1,7,,0,2,1,1,B01
202100036255,2,7,,0,1,3,0,A01
202100036256,1,7,,0,2,8,1,A01
202100036256,0,7,,0,2,1,15,Z01
202100036257,3,7,,13,0,9,6,A01
202100036258,1,10,,0,1,2,16,A01
202100036259,2,7,,0,2,6,11,B01
202100036259,2,33,,0,2,2,3,A01
202100036260,1,7,,0,2,8,1,A01
202100036260,1,10,,0,2,2,12,Z01
202100036261,2,7,,0,2,1,2,A01
202100036261,2,7,,0,2,4,2,B01
202100036262,2,7,,0,2,3,1,B01
202100036262,2,7,,0,2,5,12,A01
202100036263,3,7,,0,2,8,2,B01
202100036263,3,7,,0,2,8,2,C01
202100036263,3,7,,0,2,2,13,A01
202100036264,1,1,,0,2,2,9,A01
202100036264,1,7,,0,2,3,1,Z01
202100036265,1,80,,0,2,2,1,A01
202100036265,1,7,,0,2,3,22,B01
202100036266,1,50,,0,2,1,1,Z01
202100036266,1,1,,0,2,2,5,A01
202100036267,2,43,,0,2,1,2,A01
202100036267,2,43,,0,2,4,23,B01
202100036268,2,10,,0,2,3,22,B01
202100036268,2,1,,0,2,1,1,A01
202100036269,2,50,,0,0,7,1,A01
202100036270,1,60,,0,0,0,14,A01
202100036271,1,7,,9,0,0,1,A01
202100036272,0,10,,0,1,1,0,A01
202100036273,2,7,,0,2,6,9,A01
202100036273,2,7,,0,2,2,1,B01
202100036274,3,7,,0,2,1,1,B01
202100036274,3,7,,0,2,2,15,A01
202100036275,3,32,,0,2,4,2,B01
202100036275,3,7,,0,2,1,2,A01
202100036276,1,7,,0,2,3,13,A01
202100036276,1,7,,0,2,3,1,B01
202100036277,2,7,,0,2,1,2,A01
202100036277,2,7,,0,2,4,1,B01
202100036277,2,7,,0,2,4,2,C01
202100036278,1,31,,0,1,1,17,A01
202100036279,2,33,,0,2,0,0,B01
202100036279,2,10,,0,2,1,26,A01
202100036280,1,10,,0,2,2,15,A01
202100036280,1,7,,0,2,3,1,B01
202100036281,2,30,,2,0,1,25,A01
202100036282,1,7,,0,2,3,16,A01
202100036282,1,2,,0,2,1,2,B01
202100036283,1,7,,0,2,1,2,B01
202100036283,1,7,,9,0,4,23,A01
202100036284,3,7,,0,1,3,26,A01
202100036285,1,7,,0,2,3,10,A01
202100036285,1,1,,0,2,1,1,B01
202100036286,2,7,,0,1,1,11,A01
202100036287,2,7,,8,1,5,20,A01
202100036288,2,36,,4,0,6,15,A01
202100036289,2,30,,0,2,1,1,B01
202100036289,1,7,,0,2,8,1,A01
202100036290,2,7,,0,0,6,1,B01
202100036290,2,7,,0,2,2,1,A01
202100036291,0,21,,13,0,0,0,A01
202100036292,0,7,,8,0,5,26,A01
202100036293,2,7,,13,0,1,1,A01
202100036294,1,7,,13,0,7,1,A01
202100036295,1,7,,0,1,1,1,A01
202100036296,0,7,,2,0,1,0,A01
202100036297,1,7,,15,0,3,13,A01
202100036298,1,10,,13,2,7,1,B01
202100036298,1,7,,3,2,1,9,A01
202100036299,2,10,,6,2,1,13,A01
202100036299,1,7,,6,2,1,1,B01
202100036300,2,2,,14,0,0,21,B01
202100036300,3,1,,0,0,0,16,A01
202100036301,2,33,,3,0,1,1,A01
202100036302,1,7,,0,2,1,1,B01
202100036302,2,7,,0,2,1,5,A01
202100036303,2,7,,0,0,9,1,A01
202100036304,1,7,,0,2,8,13,B01
202100036304,1,33,,0,2,7,17,A01
202100036305,1,33,,12,0,1,1,A01
202100036306,1,1,,0,0,8,1,B01
202100036306,1,1,,0,2,3,1,C01
202100036306,1,7,,0,2,2,19,A01
202100036307,3,7,,0,2,2,1,B01
202100036307,3,2,,0,2,1,5,A01
202100036308,2,7,,3,0,4,1,B01
202100036308,2,10,,0,2,2,11,A01
202100036309,2,32,,13,0,8,1,A01
202100036310,1,7,,6,0,1,1,A01
202100036311,1,7,,13,0,2,1,A01
202100036312,1,7,,0,2,1,1,A01
202100036312,2,7,,0,2,1,1,B01
202100036313,3,7,,2,0,1,1,A01
202100036314,1,2,,0,0,8,1,A01
202100036315,1,7,,13,0,1,1,A01
202100036316,3,33,,0,2,3,18,B01
202100036316,3,33,,0,2,7,1,A01
202100036317,3,7,,13,0,0,1,A01
202100036318,3,10,,2,0,1,1,A01
202100036319,1,7,,8,0,1,1,A01
202100036320,2,7,,13,0,0,1,A01
202100036321,3,2,,0,0,8,1,B01
202100036321,3,7,,0,2,1,1,A01
202100036322,1,33,,13,0,1,1,A01
202100036323,2,7,,0,2,3,1,B01
202100036323,1,7,,0,2,3,1,A01
202100036324,1,7,,0,2,1,17,A01
202100036324,2,7,,0,2,3,1,B01
202100036325,0,1,,13,0,2,1,A01
202100036326,2,33,,0,2,1,14,A01
202100036326,1,7,,0,2,5,15,B01
202100036327,1,33,,0,2,1,17,A01
202100036327,1,7,,0,2,4,2,B01
202100036328,1,33,,6,0,1,21,A01
202100036329,1,7,,0,2,6,2,A01
202100036329,1,7,,0,2,1,2,B01
202100036329,2,7,,0,2,1,1,C01
202100036330,1,31,,15,0,1,1,A01
202100036331,1,7,,13,0,2,0,A01
202100036332,1,34,,0,6,1,1,A01
202100036333,2,33,,16,0,1,1,A01
202100036334,1,99,,0,0,6,1,B01
202100036334,1,7,,0,2,1,17,A01
202100036335,2,10,,0,0,1,2,A01
202100036335,2,7,,0,2,4,2,B01
202100036336,2,7,,4,0,1,11,A01
202100036337,1,2,,13,0,0,1,A01
202100036338,2,7,,0,1,7,1,A01
202100036339,2,7,,1,0,8,1,A01
202100036340,0,7,,0,0,1,26,A01
202100036341,2,31,,0,0,0,16,A01
202100036342,1,33,,0,2,8,1,B01
202100036342,1,7,,0,2,7,17,A01
202100036343,1,7,,0,2,3,15,A01
202100036343,2,7,,0,2,1,1,B01
202100036344,1,33,,6,0,7,1,A01
202100036345,1,7,,0,2,3,13,A01
202100036345,2,33,,0,2,1,1,B01
202100036346,2,33,,0,2,8,1,B01
202100036346,1,7,,0,2,2,15,A01
202100036347,2,7,,0,2,3,13,A01
202100036347,1,33,,0,2,1,1,B01
202100036348,2,7,,0,2,1,21,A01
202100036348,1,7,,0,2,1,21,B01
202100036349,1,33,,0,0,7,1,A01
202100036350,0,7,,0,0,6,23,A01
202100036350,0,7,,0,2,1,1,B01
202100036351,1,37,2.0,0,2,1,2,C01
202100036351,1,7,,0,2,4,2,B01
202100036351,1,7,,0,2,4,1,A01
202100036352,1,7,,0,2,1,2,B01
202100036352,1,7,,0,2,4,9,A01
202100036353,1,7,,14,0,1,2,C01
202100036353,1,7,,14,0,1,2,B01
202100036353,1,7,,3,0,1,2,A01
202100036354,2,33,,16,0,0,9,A01
202100036355,2,7,,0,2,6,1,A01
202100036355,2,7,,0,2,2,1,Z01
202100036356,2,7,,0,2,8,21,B01
202100036356,2,33,,0,2,7,1,A01
202100036357,1,33,,0,2,1,2,A01
202100036357,1,7,,0,2,5,1,B01
202100036358,1,7,,3,0,4,1,A01
202100036358,1,7,,0,2,1,2,B01
202100036359,3,7,,0,1,1,1,A01
202100036360,1,7,,0,1,5,1,A01
202100036361,2,7,,0,1,3,1,A01
202100036362,2,7,,0,2,3,1,A01
202100036362,1,7,,0,2,3,1,B01
202100036363,1,7,,0,1,1,2,A01
202100036364,2,10,,0,1,1,1,A01
202100036365,3,7,,0,1,1,1,A01
202100036366,2,7,,9,0,1,0,A01
202100036367,2,7,,0,2,4,1,B01
202100036367,2,31,,0,2,1,1,A01
202100036368,1,1,,0,4,4,19,B01
202100036368,2,40,,0,2,1,1,A01
202100036369,3,0,,0,1,0,0,A01
202100036370,2,7,,0,2,7,16,A01
202100036370,2,1,,0,2,1,2,B01
202100036371,1,7,,0,1,1,16,A01
202100036372,1,7,,0,2,5,1,B01
202100036372,1,7,,0,2,2,18,A01
202100036373,3,7,,0,1,1,1,A01
202100036374,1,7,,0,2,6,9,A01
202100036374,1,7,,0,2,5,1,B01
202100036375,3,7,,0,2,2,15,A01
202100036375,3,7,,0,2,1,0,B01
202100036376,2,43,,0,2,4,13,A01
202100036376,2,10,,0,2,1,1,B01
202100036377,1,7,,1,2,1,1,A01
202100036378,1,99,,6,0,1,26,A01
202100036379,1,7,,0,2,3,19,A01
202100036379,1,7,,0,2,2,1,B01
202100036380,0,33,,0,2,7,1,B01
202100036380,0,7,,0,2,1,9,A01
202100036381,1,21,,0,2,8,15,B01
202100036381,1,13,,0,2,1,17,A01
202100036382,2,7,,0,2,1,1,B01
202100036382,1,7,,12,2,4,13,A01
202100036383,2,35,,0,0,0,1,A01
202100036384,3,32,,0,2,9,1,A01
202100036384,3,7,,0,2,4,1,B01
202100036385,3,31,,0,2,1,1,B01
202100036385,3,7,,0,2,3,15,A01
202100036386,3,7,,1,1,3,17,A01
202100036387,0,33,,0,2,1,17,A01
202100036387,0,7,,0,2,1,15,B01
202100036388,0,7,,0,1,1,15,A01
202100036389,0,10,,0,2,1,12,A01
202100036389,0,7,,0,2,4,1,B01
202100036390,3,7,,15,0,1,26,A01
202100036391,1,7,,0,2,1,13,A01
202100036391,2,7,,0,2,1,1,B01
202100036392,0,7,,0,1,3,0,A01
202100036393,1,7,,0,2,1,2,A01
202100036393,1,7,,0,2,4,2,B01
202100036394,1,7,,0,2,1,2,A01
202100036394,1,7,,0,2,4,2,C01
202100036394,1,7,,0,2,4,2,B01
202100036395,2,7,,10,2,1,13,A01
202100036395,1,7,,0,2,5,21,C01
202100036395,1,7,,10,2,7,21,D01
202100036395,1,7,,0,2,6,21,B01
202100036396,2,31,,0,2,6,1,B01
202100036396,1,7,,0,2,3,15,A01
202100036397,1,1,,0,2,0,19,A01
202100036397,2,7,,0,2,0,1,Z01
202100036398,1,7,,0,2,1,13,A01
202100036398,1,7,,0,2,1,0,B01
202100036399,2,7,,0,2,1,1,B01
202100036399,1,7,,0,2,1,9,A01
202100036400,2,7,,0,1,3,1,A01
202100036401,1,30,,0,0,0,1,A01
202100036402,3,7,,0,2,3,13,A01
202100036402,3,7,,0,2,3,1,B01
202100036402,3,7,,0,2,3,1,C01
202100036403,1,7,,0,2,1,2,A01
202100036403,1,33,,0,2,4,1,B01
202100036404,2,10,,0,2,1,19,A01
202100036404,2,10,,0,2,7,1,B01
202100036405,1,10,,0,1,1,1,A01
202100036406,1,7,,0,1,4,20,A01
202100036407,1,1,,0,2,1,25,A01
202100036407,2,7,,0,2,6,16,B01
202100036408,1,1,,0,2,1,25,A01
202100036408,2,7,,0,2,7,23,B01
202100036409,2,7,,0,2,1,1,A01
202100036409,2,7,,0,2,1,23,C01
202100036409,1,7,,0,2,8,1,B01
202100036410,1,10,,0,2,4,1,B01
202100036410,1,15,,0,2,1,2,A01
202100036411,1,7,,0,9,3,10,A01
202100036411,1,33,,0,2,1,1,B01
202100036412,1,7,,0,2,8,16,A01
202100036412,1,7,,0,2,7,1,B01
202100036413,1,7,,0,1,1,1,Z01
202100036414,1,10,,0,1,1,26,A01
202100036415,1,7,,0,1,1,1,A01
202100036416,0,7,,0,2,1,1,A01
202100036416,0,33,,0,2,4,1,B01
202100036417,1,10,,0,1,1,1,A01
202100036418,2,2,,0,0,0,0,B01
202100036418,1,7,,0,2,2,26,A01
202100036419,1,7,,14,0,3,1,A01
202100036420,1,30,,0,0,3,26,A01
202100036421,1,7,,0,2,1,26,A01
202100036421,1,10,,0,2,4,26,B01
202100036422,1,80,,0,0,2,26,A01
202100036423,1,2,,0,0,3,26,A01
202100036424,3,1,,0,1,1,19,A01
202100036425,3,10,,0,1,1,15,A01
202100036426,3,7,,0,2,1,15,A01
202100036426,3,1,,0,2,3,19,B01
202100036427,3,1,,0,2,5,9,A01
202100036427,0,7,,0,2,3,1,B01
202100036428,3,7,,12,0,1,16,A01
202100036429,2,7,,0,2,4,23,B01
202100036429,2,1,,0,2,1,1,A01
202100036430,3,10,,6,0,1,0,A01
202100036431,1,1,,0,2,4,1,B01
202100036431,2,7,,0,2,2,16,A01
202100036432,2,7,,0,2,1,2,A01
202100036432,2,7,,0,2,4,2,B01
202100036432,2,7,,0,2,4,2,C01
202100036432,2,7,,0,2,4,2,D01
202100036433,2,7,,0,2,3,1,B01
202100036433,1,31,,0,2,1,15,A01
202100036434,2,7,,0,1,1,26,Z01
202100036435,2,7,,0,1,2,15,A01
202100036436,1,1,,0,2,2,17,A01
202100036436,1,10,,0,2,3,15,B01
202100036437,2,7,,0,0,7,1,B01
202100036437,0,7,,0,2,1,9,A01
202100036438,2,7,,0,2,3,1,B01
202100036438,1,7,,0,2,3,13,A01
202100036439,3,7,,0,2,7,1,C01
202100036439,3,7,,0,2,6,2,B01
202100036439,3,7,,0,2,2,9,A01
202100036440,2,7,,0,1,3,1,A01
202100036441,1,33,,5,2,7,17,A01
202100036441,1,7,,5,2,8,1,B01
202100036442,1,7,,0,2,4,1,B01
202100036442,1,33,,0,2,1,1,A01
202100036443,2,2,,0,2,1,1,B01
202100036443,1,7,,0,2,1,15,A01
202100036444,2,33,,0,2,7,1,A01
202100036444,2,10,,0,2,3,1,Z01
202100036445,2,34,,0,2,2,17,A01
202100036445,2,7,,0,2,3,2,B01
202100036445,1,7,,0,2,3,21,C01
202100036446,3,7,,8,2,2,15,B01
202100036446,1,7,,0,2,0,0,A01
202100036447,2,34,,0,2,3,1,B01
202100036447,2,7,,0,2,2,26,A01
202100036448,1,30,,0,2,9,17,A01
202100036448,1,30,,0,2,8,1,B01
202100036448,2,7,,0,2,1,1,C01
202100036449,1,30,,0,2,6,19,A01
202100036449,2,30,,0,2,1,5,B01
202100036450,1,50,,0,2,7,1,A01
202100036450,2,10,,0,2,0,0,Z01
202100036451,3,7,,0,2,3,13,A01
202100036451,3,7,,0,2,2,1,B01
202100036452,3,7,,0,2,1,26,A01
202100036452,3,2,,14,0,4,26,B01
202100036452,3,15,,0,2,4,26,C01
202100036453,1,7,,0,2,3,9,A01
202100036453,1,17,,0,2,2,1,B01
202100036453,1,7,,0,2,7,17,C01
202100036454,1,7,,0,1,2,16,A01
202100036455,2,7,,0,2,2,1,B01
202100036455,1,7,,12,1,1,6,A01
202100036456,1,7,,0,2,3,9,A01
202100036456,1,34,,0,2,2,1,B01
202100036456,2,10,,0,2,3,1,C01
202100036457,1,10,,0,2,1,1,B01
202100036457,1,7,,15,2,7,15,A01
202100036458,1,7,,0,2,3,15,B01
202100036458,1,34,,0,2,7,17,A01
202100036459,0,7,,0,2,1,5,A01
202100036459,0,7,,0,2,1,1,B01
202100036460,0,7,,0,2,1,2,A01
202100036460,0,7,,0,2,4,2,B01
202100036461,1,7,,0,1,8,1,A01
202100036462,1,7,,8,0,1,1,A01
202100036463,2,33,,0,2,1,1,B01
202100036463,2,7,,0,2,8,10,A01
202100036464,2,10,,0,2,5,1,A01
202100036464,2,30,,0,0,8,3,B01
202100036465,1,7,,0,2,1,1,A01
202100036465,2,50,,0,2,7,19,B01
202100036466,0,7,,0,1,1,1,A01
202100036467,3,7,,0,2,4,2,B01
202100036467,3,7,,0,2,1,2,A01
202100036468,3,3,,0,1,5,4,A01
202100036469,2,32,,0,2,8,1,A01
202100036469,1,1,,0,2,3,15,B01
202100036470,1,30,,0,2,3,18,A01
202100036470,1,7,,0,2,7,1,B01
202100036471,2,33,,0,2,1,17,A01
202100036472,1,30,,0,2,2,16,B01
202100036472,1,7,,0,2,0,15,A01
202100036473,1,7,,0,2,4,23,B01
202100036473,1,32,,0,2,1,2,A01
202100036474,2,32,,0,1,3,1,Z01
202100036475,2,34,,0,2,1,2,A01
202100036475,2,10,,0,2,6,23,B01
202100036476,1,10,,0,2,5,4,A01
202100036476,1,2,,0,2,1,1,B01
202100036477,1,99,,0,0,0,1,A01
202100036478,1,32,,12,1,1,0,A01
202100036479,0,7,,0,1,1,26,Z01
202100036480,1,2,,0,2,3,1,B01
202100036480,2,7,,0,2,0,10,Z01
202100036481,1,10,,0,1,1,15,A01
202100036482,2,34,,9,2,1,1,B01
202100036482,3,37,2.0,9,2,8,15,A01
202100036483,3,7,,1,0,1,17,A01
202100036483,1,33,,0,2,1,0,B01
202100036484,1,99,,0,2,7,22,A01
202100036484,1,1,,0,2,1,18,B01
202100036485,1,33,,0,2,1,19,A01
202100036485,1,60,,0,2,1,0,Y01
202100036486,2,31,,0,2,3,15,A01