Num_Acc,senc,catv,occutc,obs,obsm,choc,manv,num_veh
202100036486,1,30,,0,2,3,1,B01
202100036487,1,1,,0,2,1,2,B01
202100036487,2,30,,0,9,1,12,A01
202100036488,3,7,,0,2,8,9,B01
202100036488,2,10,,0,2,1,1,A01
202100036489,3,30,,0,2,1,1,A01
202100036489,0,10,,0,2,2,1,B01
202100036490,2,30,,0,1,1,1,A01
202100036491,3,1,,0,2,1,19,A01
202100036491,2,30,,0,2,1,1,B01
202100036492,1,10,,0,2,4,1,B01
202100036492,1,2,,0,2,1,2,A01
202100036493,2,30,,0,2,1,25,Z01
202100036494,2,80,,0,2,7,2,B01
202100036494,2,7,,0,2,3,2,A01
202100036495,2,80,,0,1,8,1,A01
202100036496,2,33,,0,1,1,16,A01
202100036497,2,1,,1,2,6,19,B01
202100036497,1,7,,0,2,3,1,A01
202100036498,3,80,,0,0,7,26,B01
202100036498,3,7,,0,2,3,1,A01
202100036499,1,7,,0,2,1,16,B01
202100036499,1,7,,0,2,7,1,A01
202100036500,1,7,,4,0,1,1,A01
202100036501,1,7,,0,2,2,15,B01
202100036501,2,33,,0,2,1,0,A01
202100036502,2,7,,13,0,8,1,A01
202100036503,2,7,,0,2,2,2,B01
202100036503,2,7,,0,2,5,2,A01
202100036504,1,7,,0,2,3,1,B01
202100036504,1,7,,0,2,2,1,A01
202100036505,1,7,,0,2,3,1,A01
202100036505,2,1,,0,2,1,1,B01
202100036506,1,1,,0,2,0,13,B01
202100036506,1,7,,12,2,2,1,A01
202100036507,3,30,,0,2,1,13,A01
202100036507,3,7,,0,2,2,1,B01
202100036508,2,7,,2,0,3,13,A01
202100036509,0,7,,0,0,3,1,B01
202100036509,0,10,,0,0,3,13,A01
202100036510,2,7,,2,0,3,5,A01
202100036511,1,7,,0,1,7,1,A01
202100036512,2,7,,16,0,1,1,A01
202100036513,0,1,,0,2,1,0,B01
202100036513,0,7,,0,9,2,15,A01
202100036514,0,36,,0,0,0,1,A01
202100036515,2,7,,0,0,1,1,A01
202100036516,1,2,,0,2,1,2,A01
202100036516,1,7,,0,2,7,16,B01
202100036517,1,31,,0,0,0,2,B01
202100036517,1,7,,0,0,0,9,A01
202100036518,1,10,,6,0,8,1,A01
202100036519,1,7,,0,0,5,20,A01
202100036520,2,33,,0,0,7,1,A01
202100036521,0,7,,0,0,4,2,B01
202100036521,1,7,,0,0,1,2,A01
202100036522,2,7,,2,0,0,19,A01
202100036523,1,7,,0,1,2,1,A01
202100036524,1,7,,2,0,2,1,A01
202100036525,1,7,,2,0,9,14,A01
202100036526,2,7,,2,0,9,1,A01
202100036527,2,33,,2,0,7,0,A01
202100036528,1,7,,7,0,2,1,A01
202100036529,1,7,,6,0,3,13,A01
202100036530,0,33,,0,2,1,0,A01
202100036530,0,7,,0,2,5,15,B01
202100036531,1,7,,0,0,3,9,A01
202100036531,1,38,1.0,0,0,2,1,B01
202100036532,1,14,,0,2,6,13,A01
202100036532,1,10,,0,2,8,1,E01
202100036532,1,7,,0,2,2,1,D01
202100036532,1,15,,0,2,6,1,B01
202100036532,1,7,,0,2,2,1,C01
202100036533,2,15,,0,0,4,24,C01
202100036533,2,7,,1,2,1,1,A01
202100036534,1,7,,0,1,1,1,A01
202100036535,2,7,,0,0,2,1,B01
202100036536,2,7,,1,1,1,13,A01
202100036536,1,10,,0,2,2,23,B01
202100036537,1,7,,13,0,3,16,A01
202100036538,1,7,,13,0,3,16,A01
202100036539,1,1,,0,0,8,1,B01
202100036539,2,7,,0,2,1,15,A01
202100036540,1,33,,2,0,1,1,A01
202100036541,1,7,,0,2,1,1,B01
202100036541,1,7,,0,2,2,15,A01
202100036542,1,7,,0,2,2,1,B01
202100036542,2,1,,0,2,7,15,A01
202100036543,1,32,,0,2,1,2,A01
202100036543,1,7,,0,0,4,23,B01
202100036544,2,7,,0,1,2,1,A01
202100036545,3,7,,0,0,3,15,A01
202100036546,1,33,,13,0,1,10,A01
202100036547,2,7,,0,2,3,13,A01
202100036547,1,7,,0,2,3,1,B01
202100036548,1,7,,0,2,3,19,A01
202100036548,2,2,,0,2,1,1,B01
202100036549,1,14,,0,1,7,17,A01
202100036550,3,2,,0,2,1,1,A01
202100036550,3,7,,0,0,2,20,B01
202100036551,1,7,,0,9,1,1,A01
202100036552,2,7,,0,2,8,15,A01
202100036552,1,2,,0,2,1,3,B01
202100036553,2,7,,0,0,0,1,A01
202100036554,1,7,,0,2,1,15,A01
202100036554,2,33,,0,2,8,1,B01
202100036555,2,7,,0,0,3,15,B01
202100036555,1,7,,0,0,2,1,A01
202100036556,0,7,,0,2,1,5,A01
202100036556,0,7,,0,2,1,1,B01
202100036557,2,7,,0,2,3,19,A01
202100036557,1,7,,0,2,1,1,B01
202100036558,3,7,,0,2,1,1,B01
202100036558,3,7,,0,2,1,13,A01
202100036559,1,7,,0,2,1,2,A01
202100036559,1,10,,0,2,4,1,B01
202100036560,1,10,,0,2,4,1,C01
202100036560,1,7,,0,2,4,1,D01
202100036560,1,7,,0,2,4,1,E01
202100036560,1,10,,0,2,1,1,B01
202100036560,1,10,,0,2,1,1,A01
202100036561,1,7,,0,2,1,2,B01
202100036561,1,7,,0,2,4,2,A01
202100036562,1,7,,0,2,2,17,A01
202100036562,1,33,,0,2,8,1,B01
202100036563,1,17,,0,0,5,23,B01
202100036563,1,7,,0,2,3,2,A01
202100036564,2,7,,0,2,6,2,B01
202100036564,2,7,,0,2,1,1,A01
202100036564,2,7,,0,2,0,2,C01
202100036565,2,33,,0,2,1,3,A01
202100036565,2,7,,0,2,4,12,B01
202100036566,1,33,,0,2,2,3,A01
202100036566,1,7,,0,2,6,11,B01
202100036567,1,34,,4,0,4,0,A01
202100036568,1,7,,0,2,4,1,B01
202100036568,1,33,,0,2,1,1,A01
202100036569,2,7,,4,0,1,26,A01
202100036570,1,7,,0,1,1,1,A01
202100036571,3,7,,0,1,2,1,A01
202100036572,1,32,,0,0,1,17,Z01
202100036573,1,31,,0,0,0,17,A01
202100036574,1,31,,0,0,0,16,A01
202100036575,1,7,,0,1,1,15,A01
202100036576,1,7,,0,2,6,1,D01
202100036576,1,7,,0,2,8,1,C01
202100036576,1,7,,0,2,2,16,A01
202100036576,1,33,,0,2,8,1,B01
202100036577,1,30,,9,0,1,1,A01
202100036578,1,30,,0,2,8,1,B01
202100036578,1,30,,0,2,1,15,A01
202100036579,2,7,,0,2,4,2,D01
202100036579,2,10,,0,2,6,2,C01
202100036579,2,7,,1,2,1,2,A01
202100036580,2,7,,0,2,9,14,A01
202100036581,1,7,,0,1,1,1,A01
202100036582,0,7,,0,0,0,0,B01
202100036582,3,7,,0,2,1,15,A01
202100036583,3,10,,0,2,3,15,A01
202100036583,1,7,,0,2,2,1,B01
202100036584,3,7,,0,2,3,1,A01
202100036584,3,7,,0,1,1,1,B01
202100036585,3,7,,0,2,1,1,A01
202100036585,3,33,,0,2,1,9,B01
202100036586,3,10,,0,2,3,15,A01
202100036586,3,7,,0,2,2,1,B01
202100036587,3,50,,0,2,1,1,B01
202100036587,3,7,,0,2,5,16,A01
202100036588,2,7,,0,2,3,1,B01
202100036588,1,7,,0,0,2,1,A01
202100036589,2,7,,0,2,2,15,A01
202100036589,1,31,,0,2,1,1,B01
202100036590,0,50,,0,2,7,19,A01
202100036590,0,10,,0,2,1,1,B01
202100036591,3,7,,0,1,1,15,A01
202100036592,0,7,,0,2,1,9,A01
202100036592,0,2,,0,0,2,1,B01
202100036593,3,15,,0,2,1,1,A01
202100036593,3,7,,0,2,4,1,B01
202100036594,1,1,,0,9,1,25,B01
202100036594,1,50,,0,2,1,25,A01
202100036595,2,2,,0,2,7,15,A01
202100036595,1,7,,0,2,3,1,B01
202100036596,0,7,,0,2,7,1,B01
202100036596,1,7,,0,2,1,19,A01
202100036597,2,50,,0,0,0,1,C01
202100036597,2,50,,0,2,1,1,B01
202100036597,2,7,,0,2,4,20,A01
202100036598,3,7,,0,1,3,1,A01
202100036599,1,7,,0,2,1,15,A01
202100036599,2,1,,0,2,8,19,B01
202100036600,1,1,,0,2,1,13,A01
202100036600,2,1,,0,2,1,13,B01
202100036601,1,32,,0,2,2,21,A01
202100036601,1,7,,0,2,8,15,B01
202100036602,3,7,,1,0,2,1,A01
202100036603,1,10,,0,1,4,26,A01
202100036604,3,33,,0,2,1,1,B01
202100036604,3,7,,0,2,2,15,A01
202100036605,2,7,,15,0,1,13,A01
202100036606,2,7,,0,2,1,1,A01
202100036606,3,7,,0,2,7,19,B01
202100036607,2,31,,0,2,2,1,B01
202100036607,3,7,,0,2,3,9,A01
202100036608,1,7,,0,9,1,26,A01
202100036609,3,7,,0,2,1,26,B01
202100036609,1,1,,0,2,1,26,A01
202100036610,3,7,,0,1,7,26,A01
202100036611,0,2,,0,0,8,26,A01
202100036612,1,10,,0,2,0,9,A01
202100036612,1,80,,0,2,0,1,B01
202100036613,1,7,,0,2,3,15,A01
202100036613,1,33,,0,2,2,17,B01
202100036614,1,7,,0,1,1,15,A01
202100036615,1,1,,0,2,1,1,B01
202100036615,3,7,,0,2,8,9,A01
202100036616,1,1,,0,0,8,1,A01
202100036617,2,33,,0,2,1,1,B01
202100036617,1,10,,0,2,2,15,A01
202100036618,1,7,,11,0,9,26,A01
202100036619,3,7,,0,2,8,15,A01
202100036619,1,33,,0,2,1,17,B01
202100036620,2,32,,0,0,1,12,A01
202100036621,1,7,,0,1,2,1,A01
202100036622,2,13,,0,2,7,12,A01
202100036622,2,7,,0,2,8,1,B01
202100036623,0,7,,0,2,3,1,B01
202100036623,0,7,,0,2,3,9,A01
202100036624,0,7,,0,2,1,1,A01
202100036624,0,31,,0,2,2,1,B01
202100036625,2,7,,1,0,2,14,A01
202100036626,1,7,,0,2,1,2,B01
202100036626,1,7,,0,2,1,0,C01
202100036626,1,7,,0,2,1,2,D01
202100036626,1,7,,0,2,1,1,A01
202100036627,3,7,,0,2,5,15,A01
202100036627,3,7,,0,2,1,1,B01
202100036628,1,7,,1,0,1,14,A01
202100036629,1,7,,0,2,4,20,A01
202100036629,1,2,,0,2,7,1,B01
202100036630,3,7,,0,2,3,16,B01
202100036630,3,7,,0,2,1,1,A01
202100036631,1,7,,0,2,2,2,B01
202100036631,3,30,,0,2,8,19,A01
202100036632,0,32,,0,2,1,3,A01
202100036632,0,7,,0,2,8,15,B01
202100036633,1,7,,9,0,3,14,A01
202100036634,2,7,,0,2,8,19,A01
202100036634,1,7,,0,2,1,1,B01
202100036635,1,7,,1,0,1,1,A01
202100036636,2,7,,0,9,2,1,A01
202100036636,1,1,,0,2,3,1,B01
202100036637,1,2,,0,0,7,16,A01
202100036638,1,7,,0,2,1,2,A01
202100036638,1,43,,0,2,4,2,B01
202100036639,0,30,,1,0,1,5,A01
202100036640,2,34,,0,2,1,1,B01
202100036640,1,7,,0,2,3,19,A01
202100036641,2,7,,0,2,4,2,C01
202100036641,2,10,,0,2,4,1,B01
202100036641,2,7,,0,2,1,2,A01
202100036642,1,7,,0,2,3,1,B01
202100036642,1,17,,0,2,2,12,A01
202100036643,1,32,,0,2,2,17,B01
202100036643,1,7,,0,2,3,10,A01
202100036644,1,7,,0,2,2,5,A01
202100036644,1,50,,0,2,1,1,B01
202100036645,1,80,,0,1,1,1,A01
202100036646,2,30,,0,2,7,1,B01
202100036646,2,7,,0,2,6,10,A01
202100036647,1,7,,0,2,1,1,A01
202100036647,1,32,,0,2,4,11,B01
202100036648,2,31,,0,2,7,17,A01
202100036648,1,50,,0,2,1,1,B01
202100036649,1,50,,0,1,1,1,A01
202100036650,1,7,,0,1,1,16,A01
202100036651,1,34,,0,2,1,17,B01
202100036651,1,7,,0,2,3,10,A01
202100036652,2,34,,12,0,8,17,A01
202100036653,1,1,,0,2,0,9,B01
202100036653,1,7,,0,2,0,9,A01
202100036654,1,80,,9,0,7,14,A01
202100036655,1,50,,0,0,1,26,A01
202100036656,2,30,,0,2,2,1,B01
202100036656,2,7,,0,2,3,20,A01
202100036657,2,99,,0,1,1,5,A01
202100036658,3,99,,0,2,1,2,B01
202100036658,3,7,,1,0,4,23,A01
202100036659,1,7,,0,1,8,2,B01
202100036659,1,33,,0,1,2,2,A01
202100036660,2,10,,0,1,1,9,RA01
202100036661,3,7,,0,2,2,1,B01
202100036661,3,7,,14,2,1,26,A01
202100036662,1,7,,0,2,3,15,A01
202100036662,1,1,,0,2,1,5,B01
202100036663,1,37,1.0,0,2,3,1,B01
202100036663,1,15,,0,2,5,4,A01
202100036664,2,7,,0,1,5,26,A01
202100036665,2,37,1.0,0,0,0,0,B01
202100036665,2,30,,0,0,6,3,A01
202100036666,0,30,,0,2,1,0,A01
202100036666,0,7,,0,2,1,0,B01
202100036667,1,34,,0,2,2,1,B01
202100036667,1,7,,0,2,3,9,A01
202100036668,0,7,,0,2,8,9,B01
202100036668,1,30,,0,2,1,5,A01
202100036669,1,32,,0,2,8,3,A01
202100036669,1,7,,0,2,5,2,B01
202100036670,2,7,,0,1,2,15,A01
202100036671,1,10,,0,2,8,9,B01
202100036671,2,1,,0,2,1,1,A01
202100036672,1,30,,0,2,1,1,A01
202100036672,2,31,,0,2,3,1,B01
202100036673,1,7,,0,2,5,17,A01
202100036673,2,33,,0,2,1,1,B01
202100036674,1,33,,0,0,0,14,A01
202100036675,3,7,,0,2,1,1,B01
202100036675,3,7,,0,2,3,19,A01
202100036676,1,7,,0,1,2,0,A01
202100036677,1,7,,0,0,5,15,A01
202100036677,2,33,,0,2,1,1,B01
202100036678,1,43,,0,2,1,13,A01
202100036678,2,10,,0,2,1,1,B01
202100036679,2,1,,0,6,8,1,A01
202100036680,0,2,,15,0,2,25,A01
202100036681,1,31,,0,2,1,1,B01
202100036681,2,10,,0,2,1,15,A01
202100036682,1,7,,0,2,1,23,C01
202100036682,1,7,,0,2,1,1,B01
202100036682,2,7,,0,2,1,15,A01
202100036683,2,7,,0,0,0,21,C01
202100036683,1,33,,0,0,0,21,B01
202100036683,2,7,,0,0,0,23,A01
202100036684,2,31,,12,0,0,1,A01
202100036685,1,1,,0,5,8,1,A01
202100036686,3,1,,0,0,0,26,A01
202100036687,1,7,,6,0,1,1,A01
202100036688,2,7,,0,2,1,9,A01
202100036688,2,1,,0,2,1,1,B01
202100036689,1,15,,0,2,1,1,B01
202100036689,2,7,,0,2,7,19,A01
202100036690,1,7,,2,0,8,2,A01
202100036691,1,7,,2,0,1,1,A01
202100036692,1,7,,13,0,2,1,A01
202100036693,0,36,,0,0,0,0,A01
202100036694,2,7,,2,0,2,1,A01
202100036695,3,2,,0,2,1,13,A01
202100036695,3,10,,0,2,3,1,B01
202100036696,2,7,,11,2,3,15,A01
202100036696,1,7,,11,2,8,1,B01
202100036697,1,7,,0,9,2,1,A01
202100036697,3,1,,0,2,1,1,B01
202100036698,2,15,,3,0,2,1,A01
202100036699,3,10,,0,2,6,1,B01
202100036699,3,13,,0,2,3,1,A01
202100036700,1,7,,0,2,3,1,B01
202100036700,2,7,,0,2,3,5,A01
202100036701,1,7,,2,0,1,1,A01
202100036702,2,7,,0,2,3,1,C01
202100036702,2,7,,13,2,8,1,B01
202100036702,1,7,,13,2,3,13,A01
202100036703,3,2,,6,0,2,1,A01
202100036704,3,31,,0,2,1,19,A01
202100036704,2,7,,0,2,2,1,B01
202100036705,1,33,,16,0,0,1,A01
202100036706,2,33,,12,0,1,16,A01
202100036707,3,33,,0,2,1,23,B01
202100036707,3,15,,0,2,4,4,A01
202100036708,1,2,,0,0,1,1,A01
202100036709,1,10,,0,2,4,1,B01
202100036709,1,7,,0,2,1,12,A01
202100036710,1,80,,0,2,7,1,B01
202100036710,1,7,,0,2,8,9,A01
202100036711,0,1,,0,2,1,0,B01
202100036711,0,7,,0,1,3,26,A01
202100036712,2,33,,0,2,1,1,B01
202100036712,1,7,,0,2,2,15,A01
202100036713,3,10,,0,1,2,1,A01
202100036714,3,7,,0,1,4,4,A01
202100036715,2,33,,0,2,1,17,A01
202100036715,1,17,,0,2,3,1,B01
202100036716,1,7,,0,0,4,2,B01
202100036716,1,7,,0,2,1,2,A01
202100036717,0,33,,0,0,2,1,B01
202100036717,0,7,,0,0,3,15,A01
202100036718,0,1,,0,0,8,19,B01
202100036718,3,7,,0,2,1,1,A01
202100036719,1,33,,0,6,2,1,A01
202100036720,0,50,,0,2,4,1,B01
202100036720,0,7,,0,2,1,2,A01
202100036721,1,7,,1,0,1,14,A01
202100036722,3,7,,6,0,1,15,A01
202100036723,1,7,,0,2,1,1,B01
202100036723,2,7,,0,2,1,1,A01
202100036724,1,33,,2,6,1,15,A01
202100036725,2,43,,0,2,1,1,B01
202100036725,1,7,,0,2,2,15,A01
202100036726,1,33,,0,2,1,17,A01
202100036726,2,7,,0,2,3,21,B01
202100036726,1,17,,0,2,6,1,C01
202100036727,1,7,,0,2,2,15,A01
202100036727,2,7,,0,2,1,1,B01
202100036728,2,7,,0,2,1,1,B01
202100036728,1,7,,0,2,1,13,A01
202100036729,1,7,,13,0,2,15,A01
202100036730,1,7,,0,2,1,1,B01
202100036730,2,7,,0,2,1,5,A01
202100036731,1,7,,0,2,3,9,B01
202100036731,2,33,,0,2,7,1,A01
202100036732,2,10,,6,0,1,1,A01
202100036733,2,7,,0,2,7,1,B01
202100036733,3,10,,0,2,2,9,A01
202100036734,1,7,,0,2,1,1,A01
202100036734,1,7,,0,2,1,1,C01
202100036734,1,7,,0,2,3,1,B01
202100036735,1,10,,0,2,4,2,A01
202100036735,1,10,,0,2,1,2,B01
202100036735,1,10,,0,2,1,1,C01
202100036735,1,10,,0,2,1,1,E01
202100036735,1,10,,0,2,1,1,D01
202100036736,1,33,,0,2,1,1,A01
202100036736,1,10,,0,9,5,1,B01
202100036737,2,17,,0,2,2,14,A01
202100036737,2,7,,0,2,3,11,C01
202100036737,2,7,,0,2,4,1,B01
202100036738,1,7,,0,2,5,2,B01
202100036738,1,7,,0,2,1,2,A01
202100036739,1,33,,0,2,1,12,A01
202100036739,1,10,,0,2,4,1,B01
202100036740,2,7,,3,0,1,1,A01
202100036741,2,7,,0,2,1,1,A01
202100036741,2,10,,0,2,6,2,B01
202100036742,2,7,,0,2,8,11,B01
202100036742,2,15,,0,2,2,1,A01
202100036743,2,7,,0,2,4,2,B01
202100036743,2,33,,0,2,1,3,A01
202100036744,1,7,,0,2,6,1,C01
202100036744,1,7,,0,2,5,12,B01
202100036744,1,33,,0,2,1,3,A01
202100036745,2,7,,0,2,6,1,A01
202100036745,2,34,,0,2,1,2,B01
202100036746,3,37,1.0,0,1,2,1,A01
202100036747,3,7,,0,1,0,26,A01
202100036748,2,7,,0,2,8,19,B01
202100036748,2,30,,0,2,1,19,A01
202100036749,2,7,,0,1,1,17,A01
202100036750,2,7,,0,1,1,1,A01
202100036751,1,14,,0,2,7,1,B01
202100036751,1,7,,8,2,1,1,A01
202100036752,2,7,,0,2,1,1,A01
202100036752,2,7,,0,2,4,23,B01
202100036753,2,7,,0,2,6,11,A01
202100036753,2,7,,0,2,2,1,B01
202100036754,2,7,,0,2,3,15,A01
202100036754,2,32,,0,2,1,1,B01
202100036755,2,50,,0,2,8,1,B01
202100036755,2,10,,0,9,2,14,Z01
202100036756,2,7,,0,2,2,13,A01
202100036756,1,7,,0,2,2,23,B01
202100036757,2,7,,0,2,2,16,B01
202100036757,2,33,,0,2,1,7,A01
202100036758,1,32,,9,0,7,12,A01
202100036759,1,7,,0,2,7,2,A01
202100036759,1,34,,0,2,8,2,B01
202100036760,3,7,,0,1,0,20,A01
202100036761,2,33,,0,2,8,1,B01
202100036761,2,7,,0,2,2,15,A01
202100036762,1,37,1.0,0,0,4,23,A01
202100036762,1,10,,0,2,1,1,B01
202100036763,2,1,,0,0,1,1,A01
202100036764,1,7,,0,2,6,2,B01
202100036764,1,7,,0,2,3,13,A01
202100036765,1,10,,0,1,6,20,A01
202100036766,1,7,,0,1,3,26,A01
202100036767,1,7,,0,2,2,1,A01
202100036768,3,7,,0,9,0,0,A01
202100036768,3,1,,0,2,0,0,B01
202100036769,1,33,,0,0,8,1,A01
202100036770,2,1,,0,2,0,19,B01
202100036770,2,7,,0,9,1,1,A01
202100036771,3,7,,0,2,2,0,B01
202100036771,3,30,,0,2,2,11,A01
202100036772,1,7,,0,2,2,1,B01
202100036772,3,7,,0,2,3,5,A01
202100036773,0,7,,0,2,1,1,A01
202100036774,1,7,,0,1,1,19,B01
202100036775,1,7,,0,1,8,15,A01
202100036776,1,40,,0,1,3,1,A01
202100036777,2,7,,0,1,3,1,A01
202100036778,1,7,,0,1,2,1,A01
202100036779,3,10,,0,2,6,2,B01
202100036779,3,30,,0,2,1,2,A01
202100036780,1,10,,0,2,4,1,C01
202100036780,1,7,,0,2,9,1,B01
202100036780,1,7,,0,2,1,1,A01
202100036781,3,7,,0,2,5,2,B01
202100036781,3,30,,0,2,1,2,A01
202100036782,0,33,,0,2,7,9,A01
202100036782,0,7,,0,2,2,1,B01
202100036783,3,1,,0,2,4,1,B01
202100036783,3,7,,0,2,3,9,A01
202100036784,2,2,,12,0,2,21,A01
202100036785,1,7,,0,1,1,26,A01
202100036786,1,33,,0,2,2,17,A01
202100036786,1,7,,0,2,1,26,B01
202100036787,1,7,,0,2,1,1,A01
202100036787,0,7,,0,2,4,1,B01
202100036788,0,10,,0,2,1,20,A01
202100036788,0,33,,1,2,1,0,B01
202100036789,1,1,,0,2,1,1,B01
202100036789,2,7,,0,2,1,15,A01
202100036790,1,7,,0,2,3,15,A01
202100036790,2,33,,0,2,1,1,B01
202100036791,1,30,,0,2,7,1,A01
202100036791,2,7,,0,2,1,1,B01
202100036792,1,2,,0,2,1,17,A01
202100036792,1,7,,0,2,8,15,B01
202100036793,1,1,,0,2,7,1,B01
202100036793,1,7,,0,9,1,26,A01
202100036794,1,50,,0,2,1,1,B01
202100036794,3,7,,0,2,3,9,A01
202100036795,3,2,,0,0,2,26,A01
202100036796,1,7,,0,2,3,11,A01
202100036796,1,33,,0,2,7,0,B01
202100036797,3,7,,0,1,2,1,A01
202100036798,2,33,,0,2,1,1,A01
202100036798,2,7,,0,2,6,1,B01
202100036799,2,33,,0,2,1,1,A01
202100036799,1,7,,0,2,1,15,B01
202100036800,3,30,,0,1,0,0,A01
202100036801,1,50,,14,0,1,1,A01
202100036802,3,30,,0,2,1,1,B01
202100036802,3,30,,0,2,1,13,A01
202100036803,1,33,,0,2,1,1,B01
202100036803,2,10,,0,2,7,15,A01
202100036804,0,7,,0,1,2,26,A01
202100036805,1,32,,0,2,2,17,B01
202100036805,1,7,,0,2,8,15,A01
202100036806,2,33,,0,2,4,23,A01
202100036806,2,10,,0,2,1,2,B01
202100036807,1,1,,0,2,1,1,B01
202100036807,2,7,,0,9,1,9,A01
202100036808,1,7,,0,2,4,4,B01
202100036808,1,7,,0,2,1,1,A01
202100036809,2,31,,0,0,5,12,B01
202100036809,1,7,,0,2,2,9,A01
202100036810,3,7,,0,2,1,1,C01
202100036810,3,7,,0,2,6,23,B01
202100036810,3,7,,0,2,1,17,A01
202100036811,2,1,,0,2,4,1,B01
202100036811,2,7,,0,9,3,1,A01
202100036812,0,50,,0,2,1,1,B01
202100036812,3,7,,0,2,3,15,A01
202100036813,2,7,,0,2,2,1,A01
202100036813,2,1,,0,2,1,19,B01
202100036814,1,7,,0,1,1,1,A01
202100036815,1,7,,0,2,1,1,B01
202100036815,1,7,,0,2,3,15,A01
202100036816,2,7,,0,2,8,1,B01
202100036816,1,7,,0,2,6,1,A01
202100036817,2,7,,0,2,1,21,A01
202100036817,2,7,,0,2,0,19,B01
202100036817,1,7,,0,2,4,15,C01
202100036818,1,7,,0,2,3,17,A01
202100036818,2,33,,0,2,8,15,B01
202100036819,0,7,,0,2,0,1,Z01
202100036819,2,32,,0,2,0,1,A01
202100036820,1,7,,0,2,1,2,A01
202100036820,1,7,,0,2,4,2,B01
202100036821,3,7,,0,0,2,9,B01
202100036821,3,31,,0,0,6,9,A01
202100036822,1,7,,0,2,1,9,A01
202100036822,2,1,,0,2,7,26,B01
202100036823,3,7,,0,2,8,24,A01
202100036823,3,1,,1,2,1,1,B01
202100036824,3,1,,0,0,1,1,A01
202100036825,1,7,,0,1,1,1,A01
202100036826,3,34,,0,2,8,0,B01
202100036826,3,7,,0,2,5,16,A01
202100036827,1,7,,0,2,6,2,B01
202100036827,1,7,,0,2,2,2,A01
202100036828,2,7,,0,2,2,21,A01
202100036829,1,31,,0,2,8,3,A01
202100036829,1,7,,0,2,7,1,B01
202100036829,1,31,,0,2,1,3,C01
202100036830,1,7,,0,2,5,2,B01
202100036830,1,10,,0,2,6,2,C01
202100036830,1,33,,0,2,1,3,A01
202100036831,1,10,,0,2,4,20,A01
202100036831,1,1,,0,2,1,1,B01
202100036832,2,33,,0,2,1,18,A01
202100036832,2,7,,0,2,5,16,B01
202100036833,2,43,,0,2,2,3,B01
202100036833,1,7,,0,2,3,9,A01
202100036834,1,32,,0,2,1,1,A01
202100036834,1,7,,0,2,2,9,B01
202100036835,2,1,,0,2,3,1,B01
202100036835,2,7,,0,2,2,14,A01
202100036836,3,7,,0,2,2,12,A01
202100036836,3,1,,0,2,3,1,B01
202100036837,1,1,,0,2,8,19,A01
202100036837,1,2,,0,2,1,1,B01
202100036838,2,10,,0,2,8,22,A01
202100036838,2,1,,0,2,7,17,B01
202100036839,1,32,,0,2,1,1,A01
202100036839,1,7,,0,2,2,1,Z01
202100036840,2,30,,0,1,1,1,A01
202100036841,2,50,,0,1,1,1,A01
202100036842,1,80,,0,2,2,1,B01
202100036842,1,10,,0,2,3,22,A01
202100036843,1,1,,0,2,3,2,A01
202100036843,1,1,,0,2,4,1,B01
202100036844,2,33,,0,2,8,1,B01
202100036844,1,10,,0,2,1,15,A01
202100036845,2,50,,0,2,1,17,A01
202100036845,2,10,,0,0,8,22,Z01
202100036846,1,32,,0,2,0,1,A01
202100036846,1,7,,0,0,0,11,B01
202100036847,1,7,,0,2,1,1,B01
202100036847,1,7,,0,2,1,1,A01
202100036848,1,7,,0,2,9,26,A01
202100036848,1,2,,0,2,9,0,D01
202100036848,1,7,,0,2,4,26,C01
202100036848,1,7,,0,2,1,0,B01
202100036849,1,43,,0,2,2,17,A01
202100036849,1,7,,0,2,8,13,B01
202100036850,1,7,,0,2,2,19,A01
202100036850,1,31,,0,2,1,1,B01
202100036851,1,32,,0,2,1,3,A01
202100036851,2,7,,0,2,3,15,B01
202100036852,0,7,,12,0,3,1,A01
202100036853,2,10,,0,1,8,22,A01
202100036854,2,7,,0,1,2,26,A01
202100036855,1,7,,0,1,0,1,A01
202100036856,1,7,,0,9,8,1,C01
202100036856,2,50,,0,2,1,19,A01
202100036856,2,50,,0,2,1,19,B01
202100036857,1,7,,0,2,1,26,A01
202100036857,2,50,,0,2,1,9,B01
202100036858,1,7,,0,1,4,4,A01
202100036859,2,7,,0,2,2,1,B01
202100036859,2,7,,0,2,3,9,A01
202100036860,1,7,,0,0,0,0,C01
202100036860,1,20,,0,0,8,22,B01
202100036860,1,30,,1,0,2,2,A01
202100036861,3,7,,0,1,2,21,A01
202100036862,3,32,,0,2,2,1,B01
202100036862,0,10,,0,2,5,10,Z01
202100036863,1,7,,0,2,3,23,A01
202100036863,1,1,,0,2,2,20,B01
202100036864,2,7,,0,2,4,1,B01
202100036864,2,3,,0,2,1,1,A01
202100036865,0,7,,0,1,1,12,A01
202100036866,1,7,,0,1,4,20,A01
202100036867,2,1,,0,1,1,1,A01
202100036868,3,1,,0,1,1,26,A01
202100036869,1,34,,0,1,2,0,A01
202100036870,1,7,,0,2,2,15,Z01
202100036870,2,1,,0,2,6,1,A01
202100036871,2,10,,0,2,1,1,B01
202100036871,3,50,,0,2,7,19,A01