Num_Acc,senc,catv,occutc,obs,obsm,choc,manv,num_veh
202100037619,1,1,,0,2,1,1,A01
202100037620,0,10,,0,1,4,4,A01
202100037621,2,1,,0,2,1,2,A01
202100037621,0,1,,0,2,4,2,B01
202100037622,1,1,,0,0,0,1,A01
202100037623,1,1,,0,0,0,21,A01
202100037624,2,7,,0,2,2,16,A01
202100037624,2,1,,0,2,1,19,B01
202100037625,2,7,,4,2,2,14,A01
202100037626,2,33,,0,2,1,17,A01
202100037626,2,7,,0,2,3,18,B01
202100037627,1,2,,0,2,1,2,B01
202100037627,1,7,,0,2,5,2,A01
202100037628,1,7,,0,1,3,15,A01
202100037629,0,7,,0,2,2,15,A01
202100037629,0,34,,0,2,1,1,B01
202100037630,2,2,,0,2,1,1,B01
202100037630,2,7,,0,2,3,9,A01
202100037631,3,7,,0,2,1,1,A01
202100037631,3,7,,0,2,8,1,B01
202100037632,1,7,,0,2,1,19,B01
202100037632,1,7,,0,2,1,2,A01
202100037633,1,7,,0,2,1,23,C01
202100037633,1,7,,0,2,3,1,A01
202100037633,1,7,,0,2,2,1,B01
202100037634,3,7,,0,2,3,1,A01
202100037634,3,43,,0,2,4,23,B01
202100037635,2,7,,0,1,1,1,A01
202100037636,1,99,,0,2,1,2,B01
202100037636,1,7,,1,2,1,1,A01
202100037636,1,7,,0,2,8,16,C01
202100037637,1,7,,0,1,1,0,A01
202100037638,3,7,,0,2,1,1,A01
202100037638,3,7,,0,2,3,16,B01
202100037639,2,7,,0,2,4,23,C01
202100037639,2,7,,0,2,4,1,B01
202100037639,2,7,,0,2,1,1,A01
202100037640,1,33,,8,0,1,1,A01
202100037641,2,32,,0,0,1,1,A01
202100037642,1,7,,0,2,2,15,A01
202100037642,1,7,,8,2,1,1,B01
202100037643,2,7,,0,2,2,15,A01
202100037643,1,33,,0,2,1,1,B01
202100037644,2,7,,0,1,3,1,A01
202100037645,0,7,,1,0,1,5,A01
202100037646,2,7,,0,2,1,15,B01
202100037646,2,1,,0,0,4,2,A01
202100037647,2,33,,0,2,1,1,B01
202100037647,1,7,,0,2,7,15,A01
202100037648,0,7,,7,0,1,1,A01
202100037649,3,7,,0,2,3,19,A01
202100037649,3,7,,0,2,1,19,B01
202100037650,2,7,,0,2,1,13,A01
202100037650,1,33,,0,2,1,1,B01
202100037651,0,2,,5,0,0,1,A01
202100037652,2,33,,0,0,0,14,A01
202100037653,0,33,,6,0,9,1,A01
202100037654,3,7,,13,0,9,1,A01
202100037655,1,33,,12,2,0,1,A01
202100037655,2,7,,0,0,1,1,B01
202100037656,1,50,,0,2,1,1,B01
202100037656,2,7,,0,2,2,1,A01
202100037657,1,7,,0,2,1,1,A01
202100037657,2,7,,0,2,3,1,B01
202100037658,1,33,,13,0,3,1,A01
202100037659,1,7,,0,2,7,17,B01
202100037659,1,7,,0,2,3,15,A01
202100037660,1,10,,0,0,3,21,B01
202100037660,2,7,,0,2,3,19,A01
202100037660,1,7,,0,2,1,1,D01
202100037660,1,7,,0,2,2,1,C01
202100037661,2,7,,0,2,1,5,A01
202100037661,1,7,,0,2,1,1,B01
202100037662,2,33,,0,2,1,1,A01
202100037662,2,7,,0,0,7,16,B01
202100037663,0,7,,0,2,3,15,A01
202100037663,3,2,,0,2,1,1,B01
202100037664,2,7,,0,2,8,9,A01
202100037664,1,7,,0,2,1,1,B01
202100037665,1,10,,2,0,1,14,A01
202100037666,1,33,,1,0,8,1,A01
202100037667,2,31,,13,0,0,2,A01
202100037668,3,7,,0,2,2,1,A01
202100037668,3,2,,0,2,1,5,B01
202100037669,3,7,,0,1,1,1,A01
202100037670,1,7,,0,0,1,1,B01
202100037670,1,7,,0,2,7,1,A01
202100037671,1,7,,0,2,6,13,C01
202100037671,2,33,,0,2,1,1,B01
202100037671,1,33,,0,2,1,17,A01
202100037672,1,7,,8,0,9,0,A01
202100037673,2,7,,0,2,3,9,A01
202100037673,1,33,,0,2,5,1,B01
202100037674,1,99,,0,2,4,16,B01
202100037674,1,7,,0,2,1,0,A01
202100037675,2,7,,0,2,8,26,A01
202100037675,1,33,,15,2,3,1,B01
202100037676,2,99,,0,2,8,1,B01
202100037676,1,33,,0,2,3,1,A01
202100037677,3,32,,0,0,3,0,A01
202100037678,2,7,,8,0,9,14,A01
202100037679,1,7,,2,0,1,1,A01
202100037680,2,33,,3,0,9,1,A01
202100037681,1,33,,0,0,1,1,A01
202100037682,1,7,,0,2,1,19,B01
202100037682,1,33,,0,2,7,1,A01
202100037683,2,33,,0,2,1,1,B01
202100037683,3,7,,0,2,3,15,A01
202100037684,2,31,,13,0,1,1,A01
202100037685,1,31,,15,0,1,1,A01
202100037686,2,33,,0,0,0,1,A01
202100037687,2,7,,0,2,8,1,B01
202100037687,2,15,,0,2,7,17,A01
202100037688,1,2,,15,0,1,26,A01
202100037689,3,7,,0,1,1,1,A01
202100037690,1,7,,0,2,1,13,B01
202100037690,2,7,,0,2,3,1,A01
202100037691,1,21,,0,2,4,1,B01
202100037691,1,7,,0,2,1,1,A01
202100037692,2,7,,13,0,3,0,A01
202100037693,1,1,,0,2,1,1,B01
202100037693,2,7,,0,2,3,16,A01
202100037694,3,7,,2,0,1,1,A01
202100037695,1,33,,0,0,9,15,A01
202100037696,1,7,,9,0,1,14,A01
202100037697,1,33,,0,0,3,1,A01
202100037698,1,32,,0,2,1,17,B01
202100037698,1,7,,0,2,8,15,A01
202100037699,2,33,,13,0,1,13,A01
202100037700,1,33,,15,0,1,1,A01
202100037701,1,1,,0,2,5,1,B01
202100037701,1,1,,0,2,3,1,A01
202100037702,1,7,,0,2,1,1,B01
202100037702,2,7,,0,2,1,15,A01
202100037703,3,2,,6,0,3,1,A01
202100037704,2,33,,0,2,1,1,B01
202100037704,1,7,,0,2,2,15,A01
202100037705,1,7,,15,0,2,14,A01
202100037706,3,7,,0,2,3,15,A01
202100037706,1,33,,0,2,1,1,B01
202100037707,2,34,,0,2,1,1,B01
202100037707,1,7,,0,2,2,15,A01
202100037708,1,1,,0,0,0,1,A01
202100037709,2,7,,0,2,8,1,B01
202100037709,1,33,,0,2,8,13,A01
202100037710,2,7,,0,2,1,19,A01
202100037710,1,7,,0,2,2,1,B01
202100037711,0,30,,0,2,8,15,B01
202100037711,0,2,,0,2,1,2,A01
202100037712,1,7,,6,0,3,1,A01
202100037713,1,7,,0,2,2,2,B01
202100037713,1,7,,0,2,6,23,A01
202100037714,1,7,,0,2,1,2,B01
202100037714,1,7,,0,2,4,10,A01
202100037715,1,31,,0,2,8,3,B01
202100037715,1,7,,0,2,7,12,A01
202100037716,2,7,,0,2,1,1,B01
202100037716,1,7,,0,2,4,23,A01
202100037717,1,7,,0,2,4,1,D01
202100037717,1,7,,0,2,2,21,A01
202100037717,1,7,,0,2,7,1,C01
202100037717,1,17,,0,2,6,1,B01
202100037718,2,7,,0,2,7,12,B01
202100037718,1,31,,0,2,7,3,A01
202100037719,1,7,,3,0,1,2,A01
202100037720,2,7,,0,2,4,0,B01
202100037720,2,33,,0,2,4,12,A01
202100037721,2,7,,3,0,0,21,A01
202100037722,1,31,,13,0,1,14,A01
202100037723,1,7,,0,2,1,2,A01
202100037723,1,10,,0,2,1,2,B01
202100037723,1,10,,0,2,4,2,C01
202100037724,1,31,,0,2,8,26,A01
202100037725,2,7,,0,2,6,12,A01
202100037725,2,33,,0,2,1,3,B01
202100037726,2,31,,0,2,7,1,B01
202100037726,2,7,,0,2,8,11,A01
202100037727,1,32,,0,1,1,1,A01
202100037728,1,7,,0,1,1,16,A01
202100037729,3,7,,0,1,2,1,A01
202100037730,0,33,,0,2,4,2,B01
202100037730,0,33,,0,2,1,2,A01
202100037731,1,2,,0,0,0,1,A01
202100037732,2,33,,0,2,1,1,B01
202100037732,2,7,,0,2,4,1,A01
202100037733,3,1,,0,2,8,1,B01
202100037733,3,7,,0,9,1,1,A01
202100037734,3,2,,0,0,0,0,A01
202100037735,2,2,,0,2,8,1,B01
202100037735,1,7,,0,9,1,15,A01
202100037736,1,7,,0,9,6,2,A01
202100037736,1,1,,0,2,8,1,B01
202100037737,2,7,,0,2,7,2,A01
202100037737,2,2,,0,2,8,2,B01
202100037738,1,7,,0,1,8,1,A01
202100037739,1,7,,0,2,3,1,B01
202100037739,1,2,,0,2,7,18,C01
202100037739,1,7,,0,2,5,15,A01
202100037740,2,30,,0,0,2,3,A01
202100037741,1,7,,6,0,1,13,A01
202100037742,3,7,,0,2,5,1,B01
202100037742,2,50,,0,2,1,19,A01
202100037743,2,7,,0,1,1,15,A01
202100037744,2,30,,0,2,9,21,A01
202100037744,2,3,,0,2,3,13,B01
202100037745,3,34,,0,2,3,1,B01
202100037745,3,10,,0,2,1,26,A01
202100037746,1,33,,8,0,1,26,A01
202100037747,2,37,1.0,0,2,6,1,C01
202100037747,2,7,,0,2,4,17,B01
202100037747,2,33,,0,2,2,3,A01
202100037748,2,31,,0,2,1,1,B01
202100037748,1,7,,0,2,2,15,A01
202100037749,1,7,,16,0,9,1,A01
202100037750,1,7,,0,2,3,9,A01
202100037750,1,33,,0,2,1,1,B01
202100037751,2,7,,0,2,1,1,B01
202100037751,1,7,,0,2,1,15,A01
202100037752,2,33,,0,0,7,13,A01
202100037753,1,10,,0,2,1,2,A01
202100037753,1,7,,0,2,4,2,B01
202100037753,1,10,,0,2,4,2,C01
202100037753,1,7,,0,2,4,0,D01
202100037754,1,7,,0,2,4,1,C01
202100037754,1,7,,0,2,4,1,B01
202100037754,1,7,,0,2,1,1,A01
202100037755,3,7,,0,0,3,1,B01
202100037755,3,7,,0,2,1,26,A01
202100037756,3,7,,0,1,7,1,A01
202100037757,0,7,,1,1,4,4,A01
202100037758,2,7,,1,0,4,1,B01
202100037758,1,33,,1,2,1,13,A01
202100037759,2,10,,0,2,6,15,A01
202100037759,2,33,,0,2,1,0,B01
202100037760,3,7,,0,1,8,15,A01
202100037761,3,2,,0,2,3,15,A01
202100037761,3,50,,0,2,2,19,B01
202100037762,2,7,,0,2,1,1,A01
202100037762,2,50,,0,2,8,1,B01
202100037763,1,7,,0,2,1,1,B01
202100037763,2,32,,0,2,1,1,A01
202100037764,1,36,,0,0,7,15,A01
202100037765,1,33,,12,2,8,21,A01
202100037765,1,7,,0,2,0,16,B01
202100037766,1,10,,0,2,3,22,A01
202100037766,1,1,,1,0,1,1,B01
202100037767,1,7,,0,2,1,2,A01
202100037767,1,7,,0,2,4,15,B01
202100037768,2,30,,0,2,1,19,A01
202100037768,1,10,,0,2,7,1,B01
202100037769,3,0,,0,1,0,2,A01
202100037770,0,7,,0,2,3,1,A01
202100037770,0,7,,0,2,1,1,B01
202100037771,3,1,,0,2,9,19,B01
202100037771,1,10,,0,2,2,1,A01
202100037772,2,7,,1,0,9,1,A01
202100037773,1,7,,9,1,9,14,A01
202100037774,1,7,,0,4,8,9,A01
202100037774,3,39,,0,2,1,1,B01
202100037775,1,7,,0,2,3,13,A01
202100037775,2,7,,1,2,3,1,B01
202100037776,1,32,,0,2,1,1,B01
202100037776,1,7,,0,9,2,15,A01
202100037777,3,33,,0,2,1,1,A01
202100037777,3,7,,0,9,4,1,B01
202100037778,0,1,,1,0,1,1,B01
202100037778,0,7,,0,2,8,24,A01
202100037779,2,7,,0,2,7,17,A01
202100037779,2,2,,0,2,8,17,B01
202100037780,0,7,,0,0,4,2,C01
202100037780,0,7,,0,2,4,2,B01
202100037780,0,7,,0,2,1,2,A01
202100037781,3,7,,0,2,3,19,A01
202100037781,0,7,,0,2,3,19,B01
202100037782,1,7,,0,9,5,16,A01
202100037782,3,50,,0,2,1,19,B01
202100037783,1,7,,4,0,1,1,A01
202100037784,1,2,,0,2,8,7,B01
202100037784,1,7,,0,2,7,16,A01
202100037785,1,7,,0,2,2,26,A01
202100037785,1,7,,0,2,1,0,B01
202100037786,1,7,,0,1,3,26,A01
202100037787,2,7,,0,2,7,1,B01
202100037787,3,7,,0,2,1,26,A01
202100037788,3,31,,0,2,1,19,A01
202100037788,3,7,,0,2,2,0,B01
202100037789,3,30,,9,0,1,1,A01
202100037790,3,7,,0,1,3,1,A01
202100037791,3,2,,0,0,8,26,A01
202100037792,1,10,,0,2,6,1,B01
202100037792,1,30,,0,2,2,17,A01
202100037793,3,7,,0,2,5,12,B01
202100037793,3,7,,0,2,3,1,A01
202100037794,2,1,,0,2,2,2,A01
202100037794,2,7,,0,2,6,2,B01
202100037795,1,7,,8,2,7,23,B01
202100037795,2,37,1.0,14,0,7,1,A01
202100037796,0,1,,1,0,1,21,A01
202100037796,1,10,,0,2,7,22,B01
202100037797,2,33,,0,1,1,1,A01
202100037798,3,30,,0,1,1,25,A01
202100037799,1,7,,0,2,2,19,A01
202100037799,2,7,,0,2,1,1,B01
202100037800,3,33,,0,2,1,0,B01
202100037800,3,7,,0,2,3,15,A01
202100037801,1,7,,0,2,4,20,B01
202100037801,1,7,,0,2,1,1,A01
202100037802,3,32,,0,2,1,17,A01
202100037802,3,7,,0,2,6,15,B01
202100037803,1,7,,0,1,1,1,B01
202100037803,1,7,,1,2,1,26,A01
202100037804,0,7,,0,2,2,1,B01
202100037804,0,7,,0,2,1,1,A01
202100037805,1,7,,0,2,6,24,B01
202100037805,1,7,,1,0,3,1,A01
202100037806,1,7,,0,2,1,1,A01
202100037806,1,7,,0,2,4,1,B01
202100037807,1,7,,0,2,1,1,A01
202100037807,1,1,,0,2,1,1,B01
202100037808,1,7,,0,2,1,1,A01
202100037808,1,1,,0,2,1,1,B01
202100037809,1,7,,0,1,1,1,A01
202100037810,3,7,,0,2,1,0,Z01
202100037810,3,33,,0,2,4,1,A01
202100037811,3,7,,0,2,2,5,A01
202100037811,3,2,,0,2,1,9,B01
202100037812,0,7,,0,2,0,0,Z01
202100037812,0,7,,0,2,0,26,A01
202100037813,3,7,,0,2,1,1,A01
202100037813,3,7,,0,2,4,23,B01
202100037814,1,33,,12,2,2,15,A01
202100037814,1,30,,12,2,1,1,B01
202100037815,3,1,,0,2,7,2,B01
202100037815,2,7,,0,2,3,9,A01
202100037816,1,7,,0,1,1,1,A01
202100037817,2,7,,0,2,3,9,A01
202100037817,3,30,,0,2,1,1,B01
202100037818,2,7,,1,0,2,0,A01
202100037819,3,33,,0,2,1,26,A01
202100037819,3,43,,0,2,1,0,B01
202100037820,1,10,,0,2,3,23,B01
202100037820,2,32,,0,2,1,21,A01
202100037821,1,7,,13,0,6,1,A01
202100037822,2,10,,0,2,1,1,A01
202100037822,2,7,,0,2,4,1,B01
202100037822,2,7,,0,2,4,1,C01
202100037823,1,33,,0,2,3,21,B01
202100037823,2,7,,0,2,0,0,Z01
202100037824,3,7,,0,2,3,13,A01
202100037824,3,33,,0,2,1,1,B01
202100037825,1,33,,0,2,1,21,B01
202100037825,2,7,,0,0,2,19,A01
202100037826,1,33,,0,0,7,21,A01
202100037827,1,50,,0,2,7,5,B01
202100037827,2,7,,0,2,1,16,A01
202100037828,2,31,,0,2,1,1,A01
202100037828,2,50,,0,2,4,15,B01
202100037829,1,80,,0,2,4,1,B01
202100037829,3,30,,0,2,1,16,A01
202100037830,1,1,,0,2,1,2,B01
202100037830,1,1,,0,2,3,10,A01
202100037831,2,40,,0,1,7,1,A01
202100037832,1,32,,0,0,0,21,A01
202100037833,1,43,,0,1,1,1,A01
202100037834,3,7,,0,2,6,23,B01
202100037834,3,43,,0,2,1,1,A01
202100037835,2,7,,0,2,8,22,A01
202100037835,0,43,,0,2,7,17,B01
202100037836,2,7,,0,2,7,16,B01
202100037836,2,33,,8,2,2,18,A01
202100037837,1,30,,0,1,1,1,A01
202100037838,2,30,,1,0,2,14,A01
202100037839,0,30,,12,2,7,14,A01
202100037839,0,30,,0,2,0,1,B01
202100037840,2,1,,0,2,1,1,B01
202100037840,2,7,,0,2,8,22,A01
202100037841,2,1,,0,2,1,1,B01
202100037841,2,10,,0,2,5,4,A01
202100037842,2,7,,0,2,1,15,B01
202100037842,2,50,,0,2,7,19,A01
202100037843,2,7,,0,1,1,1,A01
202100037844,1,7,,1,0,1,1,A01
202100037845,2,43,,0,1,2,26,A01
202100037846,3,7,,8,2,1,16,A01
202100037846,3,2,,8,2,1,1,B01
202100037847,1,7,,0,1,3,1,A01
202100037848,2,7,,0,2,8,15,A01
202100037848,2,34,,0,2,7,17,B01
202100037849,2,7,,9,2,3,26,B01
202100037849,2,7,,0,2,2,0,Z01
202100037850,3,7,,0,2,7,5,A01
202100037850,3,7,,0,2,8,23,B01
202100037851,2,10,,8,0,1,9,A01
202100037852,3,7,,0,2,0,16,Z01
202100037852,3,10,,0,2,7,24,B01
202100037853,3,7,,3,0,9,1,A01
202100037854,1,31,,0,0,8,1,B01
202100037854,2,7,,0,2,0,15,A01
202100037855,3,10,,0,2,2,2,B01
202100037855,1,7,,0,2,1,26,A01
202100037856,3,30,,9,1,0,26,Z01
202100037857,0,1,,0,0,0,0,B01
202100037857,1,15,,0,2,7,16,A01
202100037858,0,7,,6,0,1,19,A01
202100037859,2,7,,0,1,1,1,A01
202100037860,1,7,,0,2,5,2,A01
202100037860,1,10,,0,2,3,2,B01
202100037861,2,7,,0,2,2,15,A01
202100037861,1,33,,0,2,1,0,B01
202100037862,3,2,,0,2,0,15,B01
202100037862,3,7,,0,2,1,1,A01
202100037863,1,7,,14,9,4,0,B01
202100037863,2,1,,14,0,1,26,A01
202100037864,0,7,,0,0,0,13,A01
202100037864,0,2,,0,2,0,3,B01
202100037865,3,33,,0,2,8,1,B01
202100037865,3,7,,0,2,1,15,A01
202100037866,1,7,,0,2,1,15,A01
202100037866,1,7,,0,2,2,0,B01
202100037867,2,7,,14,0,1,1,A01
202100037868,2,1,,0,1,1,1,A01
202100037869,1,33,,0,2,1,11,A01
202100037869,1,30,,0,2,4,2,B01
202100037870,3,2,,0,2,7,17,A01
202100037870,3,7,,0,2,3,15,B01
202100037871,2,32,,0,2,6,18,B01
202100037871,2,13,,0,2,5,1,A01
202100037872,2,7,,0,2,4,15,A01
202100037872,2,31,,0,2,1,2,B01
202100037873,3,43,,0,2,4,1,B01
202100037873,2,7,,0,2,1,2,A01
202100037874,2,7,,0,1,1,16,A01
202100037875,2,33,,0,2,2,2,A01
202100037875,2,32,,0,2,6,1,B01
202100037876,1,7,,1,9,2,1,A01
202100037877,2,7,,0,2,4,23,C01
202100037877,2,7,,0,2,4,23,B01
202100037877,2,10,,14,0,1,1,A01
202100037878,1,0,,8,0,7,25,A01
202100037879,2,33,,0,2,7,1,B01
202100037879,1,7,,0,2,1,19,A01
202100037880,1,7,,8,0,3,1,B01
202100037880,2,7,,0,0,3,1,A01
202100037881,1,10,,0,2,6,15,B01
202100037881,1,33,,0,2,1,15,A01
202100037882,3,7,,0,1,5,4,A01
202100037883,2,7,,0,1,2,1,A01
202100037884,2,33,,14,2,2,2,A01
202100037884,2,7,,0,0,6,2,B01
202100037885,2,33,,0,2,8,1,A01
202100037885,1,7,,0,2,8,1,B01
202100037886,1,33,,0,2,2,17,B01
202100037886,1,7,,0,2,3,17,A01
202100037887,1,33,,7,0,0,1,A01
202100037888,1,1,,0,2,1,13,B01
202100037888,1,7,,0,2,1,1,A01
202100037889,3,2,,0,1,1,1,A01
202100037890,1,1,,0,2,4,1,B01
202100037890,1,1,,0,2,1,2,A01
202100037891,3,7,,0,0,0,26,B01
202100037891,2,21,,0,2,3,1,C01
202100037891,2,2,,0,2,1,21,A01
202100037892,2,2,,12,0,3,15,A01
202100037893,2,7,,0,0,5,1,B01
202100037893,2,7,,0,2,3,1,A01
202100037894,2,1,,1,0,1,14,A01
202100037895,1,7,,0,2,3,13,A01
202100037895,2,7,,0,2,3,1,B01
202100037896,1,7,,6,2,3,2,A01
202100037896,2,7,,6,2,3,2,B01
202100037897,1,7,,0,0,8,9,A01
202100037897,1,1,,0,2,1,9,B01
202100037898,1,7,,8,0,3,0,A01
202100037899,1,7,,0,0,3,14,A01
202100037900,2,7,,0,2,7,15,A01
202100037900,1,31,,0,2,1,1,B01
202100037901,1,10,,0,2,1,1,A01
202100037901,0,7,,0,2,3,16,B01
202100037902,2,2,,0,0,0,1,A01
202100037903,2,1,,0,9,1,2,B01
202100037903,2,1,,0,9,1,2,A01
202100037904,2,33,,0,6,0,1,A01
202100037905,2,7,,0,2,1,1,A01
202100037905,3,7,,0,2,7,9,B01
202100037906,1,2,,0,2,3,1,C01
202100037906,1,7,,0,2,8,1,B01
202100037906,3,7,,0,2,3,21,A01
202100037907,2,7,,8,2,7,15,A01
202100037907,2,7,,0,2,1,1,B01
202100037908,2,33,,3,0,0,1,A01
202100037909,0,36,,0,0,1,0,A01
202100037910,2,7,,0,2,1,15,B01
202100037910,1,2,,0,2,1,0,A01
202100037911,2,33,,0,2,3,1,B01
202100037911,1,10,,0,2,3,1,A01
202100037912,2,33,,0,2,3,1,B01
202100037912,2,7,,0,0,5,15,A01
202100037913,2,7,,13,0,1,0,A01
202100037914,1,33,,6,0,8,1,A01
202100037915,1,33,,0,0,8,26,A01
202100037916,2,1,,13,0,2,1,A01
202100037917,2,7,,0,2,3,9,A01
202100037917,1,7,,3,2,1,1,B01
202100037918,1,7,,1,0,3,1,A01
202100037919,1,0,,0,9,2,1,B01
202100037919,1,1,,0,0,4,1,A01
202100037920,0,33,,0,2,1,1,A01
202100037920,0,7,,0,9,1,1,B01
202100037921,2,33,,0,2,1,1,C01
202100037921,2,33,,0,2,1,1,B01
202100037921,2,7,,0,0,4,1,A01
202100037922,3,7,,9,1,1,1,A01
202100037923,2,7,,0,0,1,1,B01
202100037923,1,10,,0,2,1,13,A01
202100037924,1,1,,0,0,0,1,A01
202100037925,0,14,,0,0,0,15,C01
202100037925,1,1,,0,9,1,1,A01
202100037925,1,1,,0,9,1,1,B01
202100037926,2,33,,13,0,1,1,A01
202100037927,2,33,,0,2,1,1,B01
202100037927,1,7,,0,2,2,15,A01
202100037928,2,7,,0,0,0,15,B01
202100037928,1,33,,0,0,0,1,A01
202100037929,1,7,,0,2,3,15,A01
202100037929,1,33,,0,2,1,1,B01
202100037930,2,7,,0,2,1,1,B01
202100037930,1,7,,0,2,3,15,A01
202100037931,1,1,,0,2,4,2,B01
202100037931,1,7,,0,2,2,2,A01
202100037932,0,10,,0,1,2,1,A01
202100037933,1,7,,0,2,3,2,B01
202100037933,1,10,,6,0,6,2,A01
202100037934,1,10,,0,2,8,10,A01
202100037934,1,31,,0,2,1,1,B01
202100037935,3,7,,2,0,1,13,A01
202100037936,3,2,,13,0,1,1,A01
202100037937,1,10,,0,2,8,19,A01
202100037937,1,10,,0,2,3,1,B01
202100037938,1,7,,0,9,3,16,A01
202100037938,1,1,,0,2,2,1,B01
202100037939,1,7,,0,6,1,1,B01
202100037939,2,7,,0,6,1,1,A01
202100037940,1,33,,3,0,1,12,A01
202100037941,1,7,,0,2,4,2,B01
202100037941,1,10,,0,2,1,2,C01
202100037941,1,7,,0,2,4,1,A01
202100037942,2,10,,0,2,3,14,A01
202100037942,2,7,,0,2,6,1,B01
202100037943,2,7,,0,2,9,2,A01
202100037944,2,33,,0,2,1,2,A01
202100037944,2,7,,0,2,4,2,B01
202100037945,2,7,,0,2,5,2,B01
202100037945,2,33,,0,2,3,2,A01
202100037946,2,7,,0,2,2,12,B01
202100037946,2,14,,0,2,3,1,A01
202100037947,1,7,,0,2,0,13,A01
202100037947,1,10,,0,2,0,13,B01
202100037948,1,13,,0,2,1,1,A01
202100037948,1,7,,0,2,4,1,B01
202100037949,1,7,,0,2,3,21,A01
202100037949,1,7,,0,2,5,1,B01
202100037949,1,13,,0,2,8,1,C01
202100037950,1,32,,0,2,3,3,A01
202100037950,1,7,,0,2,5,12,B01
202100037951,3,7,,0,1,1,1,A01
202100037952,3,7,,0,2,1,2,B01
202100037952,3,7,,0,2,2,2,A01
202100037953,1,7,,8,2,1,21,A01
202100037953,2,7,,0,2,2,1,B01
202100037954,2,7,,0,2,4,1,B01
202100037954,2,33,,0,2,1,1,A01
202100037955,2,7,,0,2,5,23,B01
202100037955,2,34,,0,2,1,2,A01
202100037956,1,30,,0,0,1,19,A01
202100037957,1,31,,0,2,1,1,A01
202100037957,1,7,,0,2,4,1,B01
202100037958,1,2,,0,2,7,1,B01
202100037958,1,7,,0,2,2,26,A01
202100037959,2,7,,0,2,3,16,B01
202100037959,2,32,,0,2,5,16,A01
202100037960,2,7,,0,2,1,1,A01
202100037960,2,7,,0,2,1,1,B01
202100037960,2,7,,0,0,4,1,C01
202100037961,2,10,,1,1,4,26,A01
202100037962,3,1,,1,1,1,21,A01
202100037963,1,7,,0,1,7,1,A01
202100037964,2,7,,0,2,1,2,A01
202100037964,2,7,,0,2,4,2,B01
202100037965,1,7,,0,2,8,15,A01
202100037965,1,31,,0,2,1,17,B01
202100037966,1,7,,0,2,1,9,A01
202100037966,2,33,,0,2,1,17,B01
202100037967,3,7,,0,2,6,0,B01
202100037967,3,34,,0,2,7,17,A01
202100037968,1,7,,0,2,3,1,A01
202100037968,1,2,,0,2,1,15,B01
202100037969,3,13,,0,2,4,4,A01
202100037969,3,30,,0,2,8,0,B01
202100037970,2,30,,0,2,8,1,A01
202100037971,0,1,,0,2,9,15,B01
202100037971,0,33,,0,2,7,17,A01
202100037972,2,7,,0,2,0,15,B01
202100037972,1,30,,0,2,1,0,A01
202100037973,1,7,,0,2,3,15,A01
202100037973,1,34,,0,2,7,2,B01
202100037974,0,7,,0,9,1,1,B01
202100037974,0,99,,0,2,1,1,A01
202100037975,1,7,,0,2,1,2,A01
202100037975,1,7,,0,2,4,23,B01
202100037976,1,7,,1,2,7,1,B01
202100037976,1,30,,0,2,0,0,A01
202100037977,1,7,,0,2,2,17,B01
202100037977,1,7,,0,2,3,15,A01
202100037978,1,7,,0,2,1,1,B01
202100037978,2,7,,0,2,1,1,A01
202100037979,3,3,,0,1,1,1,A01
202100037980,1,7,,0,2,8,22,A01
202100037980,1,1,,1,0,2,1,B01
202100037981,3,7,,0,1,1,9,A01
202100037982,1,10,,0,2,1,15,A01
202100037982,2,33,,0,2,1,0,B01
202100037983,2,7,,0,1,7,21,A01
202100037984,1,7,,1,2,1,1,A01
202100037984,1,7,,1,2,3,1,B01
202100037985,3,50,,0,2,7,1,B01
202100037985,3,10,,0,9,7,1,A01
202100037986,3,7,,0,0,1,26,A01
202100037987,1,37,1.0,0,1,0,26,A01
202100037988,3,7,,0,2,1,9,A01
202100037988,1,7,,0,2,2,1,B01
202100037989,1,2,,0,2,0,1,B01
202100037989,1,7,,0,2,8,9,A01
202100037990,1,30,,0,2,7,1,B01
202100037990,0,7,,0,2,1,9,A01
202100037991,1,7,,0,2,1,2,A01
202100037991,1,7,,0,2,4,2,B01
202100037992,2,80,,0,2,8,1,B01
202100037992,2,7,,0,2,5,17,A01
202100037993,3,7,,0,2,3,15,B01
202100037993,2,33,,0,2,1,1,A01
202100037994,1,7,,0,2,4,2,A01
202100037994,1,33,,0,2,1,17,B01
202100037995,2,7,,0,1,1,1,A01
202100037996,2,7,,0,0,0,14,A01
202100037997,0,7,,0,2,1,2,C01
202100037997,0,7,,0,2,4,1,A01
202100037997,0,7,,0,2,1,2,B01
202100037998,3,7,,13,0,9,0,A01
202100037999,1,7,,0,9,2,26,A01
202100037999,1,50,,0,2,3,26,B01
202100038000,1,2,,0,0,7,26,A01
202100038001,2,7,,0,2,8,23,D01
202100038001,0,33,,0,2,1,10,B01
202100038001,0,33,,0,2,3,1,A01
202100038002,1,30,,0,2,7,17,A01
202100038002,1,10,,0,2,3,15,B01
202100038003,1,50,,0,2,1,1,B01
202100038003,1,7,,0,2,8,15,A01
202100038004,1,7,,0,2,1,1,B01
202100038004,2,7,,0,2,7,19,A01
202100038005,1,7,,0,1,2,1,A01