Num_Acc,senc,catv,occutc,obs,obsm,choc,manv,num_veh
202100038006,3,7,,0,1,2,1,Z01
202100038007,1,7,,0,1,1,16,A01
202100038008,3,37,1.0,0,1,2,1,A01
202100038009,1,7,,0,2,4,23,B01
202100038009,1,7,,14,0,1,1,A01
202100038009,3,7,,0,2,4,23,C01
202100038010,2,1,,0,2,7,1,B01
202100038010,2,7,,0,2,3,15,A01
202100038011,3,7,,0,2,3,9,A01
202100038011,3,7,,0,2,2,1,B01
202100038012,2,7,,0,2,1,9,A01
202100038012,1,7,,8,2,1,1,B01
202100038013,2,7,,0,2,1,1,A01
202100038013,1,32,,0,2,3,1,B01
202100038014,1,32,,0,0,0,0,A01
202100038015,1,10,,0,2,4,11,A01
202100038015,1,33,,0,2,4,1,B01
202100038016,1,7,,0,2,2,15,B01
202100038016,1,43,,0,2,1,18,A01
202100038017,1,7,,0,2,2,1,B01
202100038017,1,1,,0,2,3,19,A01
202100038018,2,7,,2,0,0,26,A01
202100038019,1,7,,0,2,7,15,A01
202100038019,2,33,,0,2,1,1,B01
202100038020,1,33,,5,0,8,13,A01
202100038021,3,1,,0,2,0,1,B01
202100038021,3,7,,0,2,0,0,A01
202100038022,1,30,,0,2,5,16,B01
202100038022,1,7,,0,2,1,15,A01
202100038023,1,30,,0,2,1,13,A01
202100038023,2,7,,0,2,1,1,B01
202100038024,3,7,,0,1,7,1,A01
202100038025,2,34,,0,2,2,0,B01
202100038025,2,7,,0,2,6,15,A01
202100038026,0,7,,0,2,8,20,A01
202100038026,0,34,,0,2,1,1,B01
202100038027,3,30,,0,2,0,1,B01
202100038027,3,7,,0,2,0,15,A01
202100038028,1,7,,0,1,1,15,A01
202100038029,3,7,,14,1,2,1,A01
202100038030,1,7,,0,2,1,1,B01
202100038030,1,7,,0,2,2,15,A01
202100038031,0,10,,0,2,8,15,A01
202100038031,0,34,,0,2,1,1,B01
202100038032,2,10,,14,2,3,13,A01
202100038032,1,7,,0,2,3,1,B01
202100038032,1,7,,0,2,2,1,C01
202100038033,2,7,,0,1,1,1,A01
202100038034,1,7,,0,2,6,1,C01
202100038034,1,33,,0,2,2,3,B01
202100038034,1,7,,0,2,8,11,A01
202100038035,1,7,,0,2,0,13,Z01
202100038035,1,32,,0,2,8,23,A01
202100038036,3,32,,0,2,1,1,B01
202100038036,3,7,,0,2,3,15,A01
202100038037,2,50,,0,2,2,1,B01
202100038037,2,7,,0,2,3,9,A01
202100038038,2,10,,0,1,4,4,A01
202100038039,1,34,,0,9,7,1,B01
202100038039,1,50,,0,2,8,11,A01
202100038040,1,7,,0,2,7,9,A01
202100038040,1,1,,0,2,8,1,B01
202100038041,1,7,,0,1,2,1,A01
202100038042,2,7,,0,2,2,15,A01
202100038042,1,30,,0,2,1,1,B01
202100038043,2,7,,0,1,2,15,A01
202100038044,1,1,,0,0,0,21,A01
202100038045,2,32,,0,2,7,15,B01
202100038045,2,7,,0,2,7,15,A01
202100038046,2,7,,0,2,3,1,A01
202100038046,3,1,,0,2,7,19,B01
202100038047,1,1,,0,2,5,19,A01
202100038047,1,7,,0,2,2,1,B01
202100038048,1,7,,0,1,2,13,A01
202100038049,0,1,,0,2,4,26,B01
202100038049,2,7,,0,2,1,2,C01
202100038050,1,1,,0,2,8,1,B01
202100038050,1,7,,0,2,2,26,Z01
202100038051,1,7,,0,2,5,15,A01
202100038051,1,33,,0,2,1,1,B01
202100038052,1,7,,0,2,7,15,A01
202100038052,2,2,,0,2,1,1,B01
202100038053,3,7,,0,9,1,26,A01
202100038053,3,50,,0,2,1,9,B01
202100038054,1,30,,0,2,0,1,B01
202100038054,1,7,,0,2,8,10,Z01
202100038055,2,2,,0,2,7,1,B01
202100038055,1,7,,0,2,1,1,A01
202100038056,0,7,,0,1,8,2,A01
202100038057,2,7,,0,1,3,2,A01
202100038058,0,7,,0,2,2,9,B01
202100038058,1,10,,0,2,3,1,A01
202100038059,0,7,,1,0,0,0,D01
202100038059,3,7,,1,0,7,0,C01
202100038059,0,7,,0,2,8,0,B01
202100038059,3,7,,0,2,1,26,A01
202100038059,3,10,,1,0,0,0,F01
202100038059,0,7,,0,0,0,0,E01
202100038060,2,7,,0,2,8,10,A01
202100038060,2,31,,0,2,0,0,B01
202100038061,2,7,,0,2,2,1,A01
202100038061,2,7,,0,0,0,0,B01
202100038062,1,1,,0,2,8,15,B01
202100038062,1,60,,0,2,1,16,A01
202100038063,3,7,,0,1,3,15,A01
202100038064,1,43,,0,2,1,17,A01
202100038064,1,7,,0,2,3,15,B01
202100038065,3,7,,0,2,2,0,A01
202100038065,3,33,,0,2,1,26,B01
202100038066,1,7,,0,2,8,15,B01
202100038066,1,34,,0,2,2,17,A01
202100038067,1,32,,1,0,7,14,A01
202100038068,1,7,,13,0,1,1,A01
202100038069,1,21,,0,0,3,15,A01
202100038069,2,33,,0,0,1,0,B01
202100038070,2,7,,2,0,1,1,A01
202100038071,1,7,,0,2,5,12,B01
202100038071,1,33,,0,2,3,1,A01
202100038072,1,33,,0,2,1,2,A01
202100038072,1,7,,0,2,4,1,B01
202100038073,2,10,,0,2,2,2,A01
202100038073,2,1,,0,2,4,2,B01
202100038074,1,33,,0,6,1,1,A01
202100038075,2,7,,0,2,1,1,A01
202100038075,1,17,,0,2,3,9,B01
202100038076,1,7,,13,0,2,0,A01
202100038077,2,1,,1,0,1,1,A01
202100038077,2,13,,0,2,4,24,B01
202100038078,1,7,,13,0,1,1,A01
202100038079,1,7,,0,2,3,2,B01
202100038079,1,33,,0,2,4,2,A01
202100038080,1,7,,0,1,1,1,A01
202100038081,2,7,,0,2,4,1,B01
202100038081,2,7,,0,2,1,1,A01
202100038082,1,2,,5,0,1,1,A01
202100038083,2,15,,13,0,8,1,A01
202100038084,2,7,,13,0,1,1,A01
202100038085,2,14,,0,0,3,1,B01
202100038085,1,7,,0,2,3,13,A01
202100038086,3,2,,2,0,1,1,A01
202100038087,2,7,,0,1,1,15,A01
202100038088,2,7,,2,0,6,13,A01
202100038089,1,31,,0,2,1,3,B01
202100038089,1,7,,0,2,3,10,A01
202100038090,3,1,,0,2,1,15,B01
202100038090,3,7,,0,9,1,16,A01
202100038091,1,33,,6,0,0,13,A01
202100038092,2,7,,0,2,2,17,B01
202100038092,2,7,,0,2,8,15,A01
202100038093,2,7,,0,2,2,1,B01
202100038093,1,7,,15,2,7,19,A01
202100038094,1,33,,0,2,1,17,A01
202100038094,1,7,,0,0,3,15,B01
202100038095,3,2,,0,0,2,1,A01
202100038096,1,1,,0,2,4,13,B01
202100038096,1,1,,0,2,1,1,A01
202100038097,1,7,,0,2,3,15,A01
202100038097,2,1,,0,2,6,1,B01
202100038098,2,33,,13,0,1,1,A01
202100038099,1,7,,0,2,1,1,B01
202100038099,1,10,,8,0,1,1,C01
202100038099,1,7,,0,2,8,19,A01
202100038100,1,7,,0,2,4,23,C01
202100038100,1,10,,0,2,1,2,A01
202100038100,1,10,,0,2,4,23,B01
202100038101,3,2,,0,0,0,1,A01
202100038102,1,7,,14,0,1,1,A01
202100038103,1,7,,8,0,8,1,A01
202100038104,3,7,,0,2,8,1,B01
202100038104,2,33,,0,2,1,1,A01
202100038105,2,7,,0,2,4,9,A01
202100038105,1,7,,0,2,1,2,B01
202100038106,2,2,,0,2,4,1,B01
202100038106,2,7,,0,2,2,2,A01
202100038107,1,7,,13,0,2,14,A01
202100038108,1,2,,0,2,1,17,A01
202100038108,1,7,,0,0,8,15,B01
202100038109,1,7,,13,0,2,1,A01
202100038110,2,7,,0,0,4,2,A01
202100038110,2,7,,9,0,1,2,B01
202100038111,1,10,,0,2,1,1,B01
202100038111,1,14,,0,0,4,1,A01
202100038112,1,7,,0,1,1,1,A01
202100038113,3,7,,0,2,1,2,B01
202100038113,3,7,,0,2,4,23,A01
202100038114,1,7,,0,2,1,13,A01
202100038114,2,7,,0,2,1,1,B01
202100038115,1,7,,15,0,0,1,A01
202100038116,1,99,,0,2,5,15,B01
202100038116,2,33,,0,2,1,1,A01
202100038117,1,7,,0,2,1,1,A01
202100038118,2,7,,2,0,1,0,A01
202100038119,2,7,,0,1,2,1,A01
202100038120,2,33,,0,2,8,1,B01
202100038120,1,7,,0,2,3,13,A01
202100038121,2,7,,13,0,1,0,A01
202100038122,2,33,,0,2,1,1,B01
202100038122,2,7,,0,2,3,9,A01
202100038123,1,7,,0,2,1,1,A01
202100038123,1,7,,0,2,8,22,C01
202100038124,2,7,,4,2,3,9,B01
202100038124,2,17,,0,2,2,2,A01
202100038125,2,7,,0,2,1,2,A01
202100038125,2,7,,0,2,4,1,B01
202100038126,1,7,,0,2,1,2,A01
202100038126,1,7,,0,2,4,2,B01
202100038127,2,43,,0,2,1,3,A01
202100038127,2,7,,0,2,6,23,B01
202100038128,2,7,,0,2,3,26,A01
202100038128,2,7,,0,2,5,1,B01
202100038128,2,7,,0,2,4,1,C01
202100038129,1,7,,0,2,1,1,A01
202100038129,1,7,,0,2,4,2,B01
202100038129,1,10,,0,2,4,2,C01
202100038129,1,7,,0,2,4,2,D01
202100038130,2,10,,3,0,1,21,A01
202100038131,1,10,,0,2,1,2,A01
202100038131,1,7,,0,2,4,2,B01
202100038132,1,10,,0,2,5,23,B01
202100038132,1,43,,0,2,1,1,A01
202100038133,2,10,,0,2,4,2,C01
202100038133,2,7,,0,2,4,2,D01
202100038133,1,10,,0,2,4,2,B01
202100038133,2,7,,0,2,1,1,A01
202100038134,2,7,,0,2,4,2,D01
202100038134,2,7,,0,2,4,2,C01
202100038134,2,7,,0,2,4,2,B01
202100038134,2,7,,0,2,1,2,A01
202100038135,2,33,,0,2,2,3,A01
202100038135,2,7,,0,2,3,1,B01
202100038135,2,7,,0,2,6,2,C01
202100038136,2,14,,0,2,1,1,A01
202100038136,2,7,,0,2,4,2,B01
202100038137,2,7,,0,2,1,1,A01
202100038137,2,7,,0,2,4,2,B01
202100038138,2,7,,0,2,4,1,B01
202100038138,2,7,,0,2,1,11,A01
202100038139,2,33,,0,2,1,2,A01
202100038139,2,10,,0,2,6,2,B01
202100038140,2,10,,0,2,7,2,A01
202100038140,2,7,,0,2,6,2,B01
202100038140,2,17,,0,2,2,12,C01
202100038141,2,7,,0,2,8,11,A01
202100038141,2,33,,0,2,7,3,B01
202100038142,1,7,,0,2,1,1,A01
202100038142,1,7,,0,2,4,1,B01
202100038142,1,7,,0,2,4,2,C01
202100038143,1,7,,0,1,1,1,A01
202100038144,1,7,,0,2,2,19,A01
202100038144,2,30,,0,2,1,2,B01
202100038145,2,7,,0,2,8,23,C01
202100038145,2,2,,0,2,1,1,B01
202100038145,1,7,,0,2,1,19,A01
202100038146,1,2,,0,0,1,1,A01
202100038147,1,50,,12,0,1,1,A01
202100038148,2,37,3.0,0,2,8,1,B01
202100038148,2,7,,0,2,2,1,A01
202100038149,2,7,,0,2,1,2,A01
202100038149,2,7,,0,2,4,2,B01
202100038150,1,2,,0,0,4,1,B01
202100038150,1,7,,0,2,1,1,A01
202100038151,1,7,,0,0,9,1,A01
202100038152,2,31,,0,2,1,26,A01
202100038152,2,7,,0,2,4,26,B01
202100038153,1,7,,0,2,3,9,B01
202100038153,1,7,,0,2,2,1,A01
202100038154,1,13,,14,1,5,14,A01
202100038155,3,37,1.0,9,2,2,1,B01
202100038155,3,7,,0,2,1,16,A01
202100038156,3,7,,0,9,1,9,A01
202100038156,3,1,,0,2,7,1,B01
202100038157,2,30,,9,0,1,26,A01
202100038158,3,7,,0,2,2,15,B01
202100038158,2,31,,0,2,3,17,A01
202100038159,2,7,,0,2,1,15,B01
202100038159,1,7,,0,2,6,9,A01
202100038160,2,7,,0,2,1,19,A01
202100038160,1,10,,0,2,8,1,C01
202100038160,1,7,,0,2,8,19,B01
202100038161,3,1,,0,2,1,2,A01
202100038161,3,7,,0,2,4,23,B01
202100038162,0,32,,0,2,1,17,B01
202100038162,1,7,,0,2,3,15,A01
202100038163,2,1,,0,2,2,15,B01
202100038163,1,7,,0,2,1,16,A01
202100038164,2,7,,9,2,3,7,A01
202100038164,2,10,,0,2,2,16,B01
202100038165,2,7,,0,2,1,1,B01
202100038165,1,7,,0,2,2,15,A01
202100038166,2,50,,0,2,1,19,B01
202100038166,1,7,,0,2,5,1,A01
202100038167,1,7,,0,1,0,1,Z01
202100038168,2,1,,0,2,3,19,B01
202100038168,1,7,,0,2,1,15,A01
202100038169,2,33,,0,2,2,1,B01
202100038169,1,1,,0,2,0,19,A01
202100038170,1,30,,1,0,1,26,A01
202100038171,2,7,,0,2,4,1,B01
202100038171,2,10,,0,2,1,1,A01
202100038172,1,30,,4,0,1,21,A01
202100038173,3,2,,0,1,1,16,A01
202100038174,2,38,1.0,0,1,2,1,A01
202100038175,1,7,,8,0,3,11,A01
202100038175,1,7,,9,0,1,11,B01
202100038176,1,2,,0,2,1,0,B01
202100038176,1,7,,0,2,3,9,A01
202100038177,1,1,,0,2,1,1,B01
202100038177,2,7,,0,2,7,15,A01
202100038178,2,2,,0,0,7,1,B01
202100038178,2,10,,0,2,1,9,A01
202100038179,1,30,,0,2,1,1,B01
202100038179,1,7,,0,2,7,16,A01
202100038180,3,7,,0,2,1,17,A01
202100038180,3,10,,0,2,3,15,B01
202100038181,0,1,,1,0,1,1,B01
202100038181,0,10,,1,2,3,22,A01
202100038182,1,7,,0,2,2,15,B01
202100038182,3,30,,0,2,1,1,A01
202100038183,2,7,,0,2,4,1,B01
202100038183,2,7,,0,2,1,1,A01
202100038184,1,7,,0,2,1,9,A01
202100038184,0,1,,0,2,0,1,B01
202100038185,1,13,,0,0,0,0,A01
202100038185,1,1,,0,2,8,2,B01
202100038186,2,7,,0,2,6,2,B01
202100038186,2,7,,0,2,2,14,A01
202100038187,1,7,,0,2,2,15,A01
202100038187,2,2,,0,2,1,1,B01
202100038188,1,30,,0,1,1,1,A01
202100038189,1,7,,0,2,6,2,B01
202100038189,1,33,,0,2,1,0,A01
202100038190,3,10,,0,1,2,26,A01
202100038191,1,7,,3,2,1,21,A01
202100038191,2,7,,0,2,8,1,B01
202100038192,1,33,,0,2,1,5,A01
202100038192,2,7,,0,2,8,15,B01
202100038193,2,33,,0,2,1,1,B01
202100038193,1,7,,0,2,1,11,A01
202100038194,1,34,,0,0,0,26,A01
202100038195,0,7,,0,2,1,15,A01
202100038195,0,7,,0,2,2,1,B01
202100038196,3,7,,0,1,2,1,A01
202100038197,2,7,,0,2,8,15,B01
202100038197,2,7,,0,2,1,17,A01
202100038198,3,7,,0,1,3,26,A01
202100038199,1,7,,0,9,3,1,A01
202100038200,3,7,,0,2,1,19,A01
202100038200,2,7,,0,2,2,1,B01
202100038201,1,7,,0,2,4,2,B01
202100038201,1,3,,0,2,1,2,A01
202100038202,2,7,,8,0,1,16,A01
202100038203,1,7,,0,2,5,15,B01
202100038203,1,7,,0,2,3,1,A01
202100038204,2,7,,0,2,1,26,A01
202100038204,2,7,,0,2,4,26,B01
202100038205,1,10,,0,2,8,1,B01
202100038205,2,7,,0,2,3,13,A01
202100038206,2,7,,0,2,1,1,A01
202100038206,2,7,,0,2,4,1,B01
202100038207,2,2,,0,0,0,1,A01
202100038208,2,33,,0,9,4,23,A01
202100038208,2,10,,0,2,2,1,B01
202100038209,2,7,,4,2,2,14,A01
202100038209,2,10,,0,2,6,1,B01
202100038209,2,7,,0,2,4,1,C01
202100038209,2,7,,0,2,7,1,D01
202100038210,1,33,,0,2,2,3,A01
202100038210,1,33,,0,2,6,23,B01
202100038211,1,14,,0,1,2,16,A01
202100038212,1,7,,0,2,2,16,A01
202100038212,1,30,,0,2,3,18,B01
202100038213,1,30,,1,2,1,13,A01
202100038213,2,13,,0,2,3,1,B01
202100038214,2,30,,0,1,0,0,Z01
202100038215,1,43,,0,1,2,5,A01
202100038216,2,32,,0,2,0,13,Z01
202100038216,2,7,,0,2,3,1,A01
202100038217,3,10,,0,2,5,15,A01
202100038217,3,33,,0,2,1,1,B01
202100038218,3,7,,0,1,3,16,A01
202100038219,2,7,,0,1,4,4,A01
202100038220,2,50,,0,0,1,1,A01
202100038221,2,50,,0,2,1,13,A01
202100038221,1,1,,0,2,1,1,B01
202100038222,1,50,,0,0,3,14,A01
202100038223,1,7,,0,2,7,23,B01
202100038223,1,30,,0,2,3,18,A01
202100038224,0,10,,0,2,2,15,B01
202100038224,1,7,,0,2,6,1,A01
202100038225,1,7,,0,2,7,22,Z01
202100038225,1,50,,0,2,1,18,A01
202100038226,2,7,,0,2,1,1,B01
202100038226,1,7,,0,2,2,15,A01
202100038227,1,33,,0,2,1,5,B01
202100038227,1,10,,0,2,3,10,A01
202100038228,1,1,,0,2,1,2,B01
202100038228,1,7,,0,2,6,15,A01
202100038229,2,7,,0,2,4,26,C01
202100038229,2,7,,0,2,2,10,A01
202100038229,2,2,,0,2,8,1,B01
202100038230,2,7,,0,0,6,0,B01
202100038230,2,2,,0,2,1,26,A01
202100038231,1,40,,0,2,1,1,B01
202100038231,1,7,,0,4,3,15,A01
202100038232,2,7,,0,2,4,1,C01
202100038232,2,7,,0,2,4,23,B01
202100038232,2,7,,0,2,1,2,A01
202100038233,2,7,,0,2,8,9,A01
202100038233,2,43,,0,2,1,2,B01
202100038234,2,10,,1,0,0,0,B01
202100038234,2,7,,1,0,3,26,A01
202100038235,1,33,,0,2,7,1,A01
202100038235,3,7,,0,2,1,1,B01
202100038236,0,7,,0,2,3,10,B01
202100038236,0,2,,0,2,1,17,A01
202100038237,2,7,,0,1,2,19,A01
202100038238,3,37,4.0,0,2,3,2,B01
202100038238,3,7,,0,2,5,16,A01
202100038239,3,7,,0,2,3,15,B01
202100038239,3,32,,0,2,2,26,A01
202100038240,1,32,,0,2,1,17,A01
202100038240,1,10,,0,2,8,15,B01
202100038241,3,1,,0,1,1,26,A01
202100038242,2,32,,0,2,0,1,B01
202100038242,2,33,,0,2,0,0,A01
202100038243,1,33,,0,1,4,26,A01
202100038244,2,7,,6,0,1,14,A01
202100038245,1,7,,16,0,3,13,A01
202100038245,2,7,,13,0,3,21,B01
202100038246,0,7,,6,0,7,0,A01
202100038247,2,7,,4,0,3,11,A01
202100038248,1,33,,0,2,3,26,A01
202100038248,1,7,,0,2,2,19,B01
202100038249,2,7,,0,1,1,1,A01
202100038250,3,7,,0,0,1,13,A01
202100038250,3,7,,0,0,1,14,B01
202100038251,2,17,,3,2,7,6,A01
202100038251,1,7,,0,2,1,1,B01
202100038252,2,33,,0,2,1,0,A01
202100038252,2,7,,0,2,6,0,B01
202100038253,2,2,,0,2,1,2,B01
202100038253,2,7,,0,2,6,15,A01
202100038254,2,7,,0,1,7,1,A01
202100038255,1,37,10.0,6,0,2,19,A01
202100038256,1,7,,2,0,8,0,A01
202100038257,3,33,,0,2,3,15,B01
202100038257,3,33,,0,2,3,13,A01
202100038258,1,33,,0,2,1,17,A01
202100038258,1,7,,0,2,8,15,B01
202100038259,1,7,,6,0,1,14,A01
202100038260,3,1,,0,2,3,1,B01
202100038260,2,7,,0,2,7,16,A01
202100038261,1,33,,0,6,1,1,A01
202100038262,3,2,,0,2,8,0,B01
202100038262,3,7,,0,2,2,0,A01
202100038263,1,2,,14,0,0,1,A01
202100038264,1,7,,0,2,3,13,A01
202100038264,2,7,,0,2,3,1,B01
202100038265,1,7,,0,0,4,2,B01
202100038265,1,33,,3,2,1,2,A01
202100038266,2,7,,0,2,3,1,B01
202100038266,1,33,,0,2,1,1,A01
202100038267,2,7,,0,2,3,17,A01
202100038267,1,7,,0,2,3,1,B01
202100038267,2,13,,0,2,3,1,C01
202100038268,1,33,,0,2,1,2,A01
202100038268,1,1,,0,2,4,0,B01
202100038269,2,31,,0,2,0,1,B01
202100038269,1,7,,0,2,1,1,A01
202100038270,2,7,,6,0,1,1,A01
202100038271,1,7,,10,0,1,13,A01
202100038272,3,33,,0,1,8,1,A01
202100038273,2,21,,0,2,7,15,A01
202100038273,1,31,,0,2,1,1,B01
202100038274,1,7,,0,1,2,1,A01
202100038275,0,7,,0,1,4,4,A01
202100038276,1,7,,0,0,4,23,A01
202100038276,2,2,,1,0,1,2,B01
202100038277,2,34,,0,0,0,1,A01
202100038278,2,7,,0,2,2,15,A01
202100038278,1,33,,0,2,1,1,B01
202100038279,1,33,,13,0,1,2,A01
202100038280,2,33,,0,0,0,1,A01
202100038281,3,7,,0,0,7,1,B01
202100038281,3,1,,0,2,1,1,A01
202100038282,1,7,,0,2,1,0,A01
202100038282,1,7,,0,2,5,15,B01
202100038283,3,10,,0,9,8,26,A01
202100038284,2,14,,0,2,6,23,B01
202100038284,2,7,,0,2,2,1,A01
202100038285,1,7,,16,0,9,1,A01
202100038286,2,33,,0,2,3,18,A01
202100038286,2,7,,0,9,7,16,B01
202100038287,1,33,,13,0,1,13,A01
202100038288,3,7,,0,2,1,5,A01
202100038288,0,7,,0,2,1,21,B01
202100038289,1,2,,0,2,1,1,B01
202100038289,2,7,,0,2,3,1,A01
202100038290,1,7,,0,0,6,15,A01
202100038290,1,33,,0,2,1,2,B01
202100038291,2,1,,0,2,1,1,A01
202100038291,2,7,,0,2,8,1,B01
202100038292,2,33,,0,0,9,1,A01
202100038293,2,7,,0,0,4,2,A01
202100038293,2,7,,0,2,1,2,B01
202100038294,1,31,,0,2,1,1,C01
202100038294,1,31,,0,2,1,1,B01
202100038294,2,7,,0,2,3,13,A01
202100038295,3,10,,0,2,7,12,A01
202100038295,3,34,,0,2,3,0,B01
202100038296,2,7,,0,2,3,1,B01
202100038296,1,7,,0,2,1,1,A01
202100038297,1,7,,0,2,3,15,A01
202100038297,2,30,,0,2,1,21,B01
202100038298,2,1,,12,2,3,1,B01
202100038298,2,7,,0,2,7,17,A01
202100038299,3,1,,0,2,1,15,B01
202100038299,3,10,,0,9,7,17,A01
202100038300,2,7,,0,0,0,9,A01
202100038301,1,7,,0,2,1,1,Z01
202100038301,1,10,,0,2,4,1,B01
202100038301,1,7,,0,2,1,1,A01
202100038302,1,7,,0,2,4,1,C01
202100038302,1,7,,0,2,8,1,B01
202100038302,1,33,,0,2,1,1,A01
202100038303,2,7,,0,2,6,14,A01
202100038303,1,33,,0,2,1,1,B01
202100038304,1,7,,0,2,4,2,C01
202100038304,1,7,,0,2,4,2,B01
202100038304,1,15,,0,2,1,2,A01
202100038305,1,7,,0,2,4,2,C01
202100038305,1,7,,0,2,4,2,B01
202100038305,1,7,,0,2,1,2,A01
202100038306,2,33,,0,2,1,2,A01
202100038306,2,7,,0,2,4,2,B01
202100038307,1,7,,0,2,0,0,C01
202100038307,1,7,,0,2,0,0,B01
202100038307,1,33,,0,2,3,3,A01
202100038308,2,17,,0,2,1,1,A01
202100038308,2,15,,0,2,4,2,B01
202100038309,1,15,,0,2,3,1,B01
202100038309,1,7,,0,2,2,1,A01
202100038310,0,32,,0,1,1,1,A01
202100038311,1,10,,0,1,2,1,A01
202100038312,2,7,,0,1,2,1,A01
202100038313,2,30,,0,1,1,1,A01
202100038314,1,7,,0,1,2,1,A01
202100038315,2,7,,0,2,8,11,A01
202100038315,2,33,,0,2,7,3,B01
202100038316,1,2,,0,9,1,0,Z01
202100038316,1,1,,0,9,1,1,A01
202100038317,1,33,,0,2,1,1,A01
202100038317,1,7,,0,2,2,1,B01
202100038318,2,10,,0,2,1,1,A01
202100038318,2,1,,0,2,8,1,B01
202100038319,2,1,,0,1,1,1,A01
202100038320,2,7,,0,2,8,1,B01
202100038320,1,7,,0,2,1,1,A01
202100038321,1,7,,12,0,1,14,A01
202100038322,1,7,,0,1,1,1,A01
202100038323,2,33,,0,2,9,1,B01
202100038323,2,7,,1,2,8,15,A01
202100038324,1,7,,0,1,1,1,E01
202100038325,3,7,,0,2,3,15,B01
202100038325,3,33,,9,2,1,16,A01
202100038326,1,7,,0,2,4,2,C01
202100038326,1,7,,0,2,4,2,B01
202100038326,1,7,,0,2,1,2,A01
202100038327,3,7,,0,2,1,21,B01
202100038327,1,7,,0,2,3,17,A01
202100038328,2,7,,0,2,4,23,B01
202100038328,2,7,,0,2,1,1,A01
202100038329,1,7,,0,0,0,16,A01
202100038329,1,80,,0,0,0,0,B01
202100038330,1,7,,0,2,8,1,A01
202100038330,2,2,,0,2,1,1,B01
202100038331,0,2,,0,2,1,9,A01
202100038331,3,7,,0,2,7,1,B01
202100038332,1,7,,0,1,3,1,A01
202100038333,2,1,,0,2,4,2,B01
202100038333,2,7,,0,2,1,9,A01
202100038334,1,34,,0,2,1,1,B01
202100038334,2,7,,0,2,5,15,A01
202100038335,1,7,,0,2,6,16,B01
202100038335,1,34,,0,2,1,1,A01
202100038336,2,10,,0,2,1,16,B01
202100038336,1,7,,0,2,3,15,A01
202100038337,2,50,,0,2,1,1,B01
202100038337,1,7,,0,2,2,20,A01
202100038338,2,2,,0,2,2,15,B01
202100038338,1,7,,0,2,1,1,A01
202100038339,2,30,,0,2,2,17,A01
202100038339,1,7,,0,2,3,15,Z01
202100038340,0,10,,0,2,1,15,A01
202100038340,0,33,,0,2,1,1,B01
202100038341,1,7,,0,1,1,1,A01
202100038342,2,7,,0,2,5,23,B01
202100038342,2,32,,0,2,1,18,A01
202100038343,1,60,,0,0,2,1,A01
202100038344,1,7,,0,2,1,1,A01
202100038344,1,7,,0,2,1,1,B01
202100038345,1,1,,0,2,1,1,B01
202100038345,3,7,,0,2,2,9,A01
202100038346,1,7,,0,2,3,1,A01
202100038346,1,7,,0,2,2,1,B01
202100038347,2,7,,0,2,6,1,B01
202100038347,2,2,,0,2,1,1,A01
202100038348,2,7,,0,1,1,1,A01
202100038349,1,7,,0,1,3,1,A01
202100038350,1,7,,0,2,1,1,A01
202100038350,3,7,,0,2,3,1,B01
202100038351,2,7,,0,1,5,4,A01
202100038352,1,7,,2,0,2,13,A01
202100038353,1,2,,1,0,2,14,A01
202100038354,2,30,,13,0,1,14,A01
202100038355,1,7,,7,2,1,5,A01
202100038355,2,7,,0,2,1,1,B01
202100038356,1,7,,0,2,2,15,A01
202100038356,2,30,,0,2,1,1,B01
202100038357,0,7,,6,0,2,14,A01
202100038358,1,30,,12,0,1,1,A01
202100038359,3,7,,0,2,3,5,B01
202100038359,3,7,,0,2,3,16,A01
202100038360,1,7,,0,2,7,1,B01
202100038360,1,30,,0,2,8,1,A01
202100038361,1,7,,0,2,4,1,A01
202100038361,1,10,,0,2,1,1,B01
202100038362,3,7,,4,0,1,19,A01
202100038363,1,15,,0,2,8,1,B01
202100038363,2,7,,0,2,3,13,A01
202100038364,3,30,,0,1,2,16,Z01
202100038365,3,7,,0,2,1,2,A01
202100038365,3,7,,0,2,6,2,B01
202100038366,1,7,,0,1,2,1,A01
202100038367,2,7,,0,2,5,15,B01
202100038367,2,1,,0,2,1,18,A01
202100038368,3,33,,0,2,3,2,A01
202100038368,1,7,,0,2,3,15,B01
202100038369,1,7,,0,2,1,1,B01
202100038369,2,2,,0,2,7,5,A01
202100038370,3,7,,0,2,2,26,A01
202100038370,3,31,,0,2,8,26,B01
202100038371,2,1,,0,2,1,2,A01
202100038371,2,37,1.0,0,2,5,17,B01
202100038372,2,7,,0,2,5,15,B01
202100038372,2,7,,0,2,2,1,A01
202100038373,2,7,,6,0,1,1,A01
202100038374,1,7,,1,0,3,1,A01
202100038375,1,7,,0,1,3,1,A01
202100038376,2,7,,0,1,1,1,A01
202100038377,1,7,,0,2,1,1,A01
202100038377,2,7,,0,2,0,1,B01
202100038378,2,7,,9,0,3,1,A01
202100038379,1,30,,0,2,1,2,A01
202100038379,1,7,,0,2,4,1,B01
202100038380,-1,7,,0,1,8,1,A01
202100038381,1,1,,0,2,7,1,B01
202100038381,1,10,,0,2,7,10,A01
202100038382,1,33,,0,2,1,1,B01
202100038382,2,10,,0,2,3,15,A01
202100038383,0,30,,0,1,1,26,A01