Num_Acc,senc,catv,occutc,obs,obsm,choc,manv,num_veh
202100038384,2,3,,0,1,1,15,A01
202100038385,0,7,,0,2,9,2,A01
202100038385,0,30,,0,2,7,1,B01
202100038386,1,7,,0,9,6,1,B01
202100038386,1,33,,0,9,1,1,C01
202100038386,3,1,,0,2,1,19,A01
202100038387,1,30,,0,2,1,9,B01
202100038387,1,7,,0,2,0,0,A01
202100038388,3,33,,0,2,1,0,A01
202100038388,2,7,,0,2,2,16,B01
202100038389,1,7,,0,2,3,0,B01
202100038389,3,10,,0,2,2,0,A01
202100038390,1,43,,0,2,3,3,A01
202100038390,2,7,,0,2,5,1,B01
202100038391,2,10,,0,2,4,2,Z01
202100038391,2,7,,0,2,1,2,A01
202100038391,2,10,,0,2,1,2,B01
202100038392,2,1,,0,1,1,1,A01
202100038393,2,7,,0,1,2,1,A01
202100038394,2,30,,0,2,3,18,A01
202100038394,1,14,,0,2,7,16,B01
202100038395,1,7,,0,1,1,7,A01
202100038396,1,7,,0,2,4,2,A01
202100038396,1,7,,0,2,4,23,B01
202100038397,2,34,,0,2,1,2,B01
202100038397,1,7,,0,2,2,15,A01
202100038398,2,80,,0,1,1,1,A01
202100038399,2,31,,0,2,2,17,A01
202100038399,2,7,,0,2,3,15,B01
202100038400,2,30,,0,2,8,10,A01
202100038400,2,34,,0,2,1,1,B01
202100038401,1,1,,0,1,1,1,A01
202100038402,2,7,,0,2,5,14,A01
202100038402,2,43,,0,2,3,1,B01
202100038403,1,7,,0,2,4,2,B01
202100038403,1,10,,0,2,1,2,A01
202100038404,1,7,,0,1,2,16,A01
202100038405,3,99,,0,2,1,26,A01
202100038405,1,7,,0,2,4,1,B01
202100038406,3,30,,0,1,1,1,A01
202100038407,2,7,,12,0,0,21,A01
202100038408,1,31,,0,2,1,13,A01
202100038408,2,10,,0,2,8,1,B01
202100038409,2,2,,0,2,8,15,B01
202100038409,2,3,,0,2,5,1,A01
202100038410,0,31,,0,2,2,1,B01
202100038410,1,0,,1,2,3,15,A01
202100038411,3,7,,0,1,1,9,A01
202100038412,1,34,,0,2,7,1,B01
202100038412,1,10,,0,2,3,11,A01
202100038413,1,32,,0,2,1,1,A01
202100038413,0,7,,0,2,0,15,B01
202100038414,1,7,,0,2,4,16,B01
202100038414,1,3,,0,2,1,16,A01
202100038415,2,30,,0,0,0,21,A01
202100038416,1,7,,0,1,2,1,A01
202100038417,3,50,,0,0,0,26,A01
202100038418,2,33,,0,0,8,23,A01
202100038419,1,50,,9,0,0,1,A01
202100038420,1,30,,0,2,1,18,A01
202100038420,1,7,,0,2,2,16,B01
202100038421,3,7,,0,2,2,16,A01
202100038421,3,1,,0,2,1,1,B01
202100038422,1,32,,0,2,3,1,A01
202100038422,1,7,,0,2,2,16,B01
202100038423,1,32,,15,0,1,13,A01
202100038424,1,7,,1,0,1,15,A01
202100038425,2,17,,0,0,7,1,A01
202100038426,2,10,,0,0,6,1,A01
202100038426,2,17,,0,0,6,2,B01
202100038427,2,31,,3,0,6,3,A01
202100038428,1,1,,0,2,1,1,C01
202100038428,1,1,,0,2,1,1,B01
202100038428,2,7,,2,2,1,14,A01
202100038429,2,7,,0,2,5,2,C01
202100038429,2,7,,0,2,3,2,B01
202100038429,2,7,,0,2,2,2,A01
202100038430,1,17,,0,0,0,13,B01
202100038430,1,7,,0,2,2,1,A01
202100038431,2,7,,0,2,3,1,B01
202100038431,1,2,,0,2,1,13,A01
202100038432,2,7,,0,0,4,2,B01
202100038432,2,7,,0,2,1,2,A01
202100038433,2,2,,0,2,1,1,B01
202100038433,1,7,,0,2,3,15,A01
202100038434,2,7,,0,1,1,0,A01
202100038435,0,33,,13,0,1,14,A01
202100038436,3,10,,0,1,1,1,A01
202100038437,2,7,,13,0,1,1,A01
202100038438,2,7,,6,0,1,2,A01
202100038439,2,7,,0,2,1,1,A01
202100038439,2,33,,0,0,4,1,B01
202100038440,1,7,,13,0,1,1,A01
202100038441,2,7,,0,2,2,15,B01
202100038441,1,33,,0,2,1,1,A01
202100038442,0,7,,0,2,2,1,A01
202100038442,0,1,,0,2,1,1,B01
202100038443,1,10,,0,2,1,2,A01
202100038443,1,17,,0,0,4,2,B01
202100038444,1,7,,0,0,1,1,B01
202100038444,1,7,,0,0,3,9,A01
202100038445,2,7,,0,2,1,1,C01
202100038445,2,7,,0,2,1,1,B01
202100038445,2,7,,0,2,3,17,A01
202100038446,0,1,,0,0,0,0,A01
202100038447,1,7,,0,2,8,1,B01
202100038447,2,7,,0,2,3,13,A01
202100038448,2,33,,0,0,9,1,A01
202100038449,1,7,,0,0,1,21,A01
202100038450,2,7,,0,2,1,1,B01
202100038450,1,7,,0,2,7,13,A01
202100038450,1,17,,0,2,1,1,C01
202100038451,2,1,,0,0,1,13,B01
202100038451,1,7,,0,2,3,1,A01
202100038452,2,7,,0,2,2,1,B01
202100038452,1,2,,3,2,1,13,A01
202100038453,2,33,,0,6,1,1,A01
202100038454,0,7,,0,2,3,16,A01
202100038454,3,1,,0,2,1,9,B01
202100038455,1,7,,0,2,8,1,A01
202100038455,2,7,,0,2,1,19,B01
202100038456,0,7,,0,2,5,15,A01
202100038456,0,33,,0,2,1,1,B01
202100038457,0,38,1.0,0,1,2,1,A01
202100038458,2,7,,0,0,0,17,B01
202100038458,2,33,,13,0,3,17,A01
202100038459,2,7,,0,2,3,10,A01
202100038459,2,2,,0,2,1,17,B01
202100038460,2,31,,0,2,1,17,A01
202100038460,1,7,,0,2,1,2,B01
202100038461,2,7,,2,0,7,1,A01
202100038462,2,7,,0,0,4,1,B01
202100038462,2,7,,0,2,1,1,A01
202100038463,2,7,,0,1,1,1,A01
202100038464,2,7,,0,2,6,10,A01
202100038464,1,33,,0,2,1,1,B01
202100038465,2,7,,0,2,3,19,A01
202100038465,1,33,,0,2,1,1,B01
202100038466,2,7,,2,0,1,13,A01
202100038467,1,7,,0,2,2,17,B01
202100038467,1,7,,0,2,8,15,A01
202100038468,0,15,,0,0,6,24,B01
202100038468,0,2,,1,0,1,0,A01
202100038469,1,2,,0,1,1,19,A01
202100038470,1,7,,0,2,2,1,A01
202100038470,1,1,,0,2,6,0,B01
202100038471,2,3,,0,1,1,19,A01
202100038472,2,10,,9,1,2,14,A01
202100038473,0,7,,13,0,0,0,A01
202100038474,1,7,,0,2,3,15,A01
202100038474,2,2,,0,2,8,15,B01
202100038475,1,7,,13,0,6,1,A01
202100038476,1,7,,0,1,1,1,A01
202100038477,2,2,,0,2,1,2,B01
202100038477,1,7,,0,2,5,10,A01
202100038478,2,7,,0,2,4,15,A01
202100038478,2,7,,0,2,1,2,B01
202100038479,1,7,,0,2,3,1,B01
202100038479,3,7,,0,2,2,19,A01
202100038480,2,7,,0,0,4,1,D01
202100038480,2,7,,3,2,4,1,C01
202100038480,2,7,,0,2,4,1,B01
202100038480,2,7,,0,2,1,11,A01
202100038481,2,7,,16,0,0,1,A01
202100038482,2,7,,0,0,4,23,A01
202100038482,2,7,,0,2,4,23,B01
202100038482,2,13,,0,2,1,2,C01
202100038483,2,7,,0,2,4,1,B01
202100038483,2,7,,0,2,1,2,A01
202100038484,2,7,,0,2,5,0,B01
202100038484,2,7,,0,2,2,2,A01
202100038485,2,7,,0,2,1,2,B01
202100038485,2,10,,0,2,4,1,A01
202100038486,1,7,,0,2,1,2,C01
202100038486,1,10,,0,2,5,1,D01
202100038486,1,7,,0,2,3,2,E01
202100038486,1,10,,0,2,4,1,A01
202100038486,1,7,,0,2,4,2,B01
202100038487,1,7,,0,2,4,2,A01
202100038487,1,7,,14,2,4,2,B01
202100038487,1,7,,0,2,1,2,C01
202100038488,2,7,,0,0,7,1,A01
202100038489,1,7,,0,2,4,2,B01
202100038489,1,7,,0,2,1,2,A01
202100038490,1,7,,0,2,7,1,B01
202100038490,1,33,,0,2,3,11,A01
202100038491,1,7,,0,2,1,2,A01
202100038491,1,7,,0,2,4,2,B01
202100038491,1,10,,0,2,4,2,C01
202100038492,1,32,,0,0,0,15,A01
202100038493,2,7,,14,0,0,0,Z01
202100038493,2,7,,0,2,0,24,B01
202100038494,1,7,,0,2,4,1,B01
202100038494,1,33,,0,2,1,1,A01
202100038495,1,10,,4,0,8,13,A01
202100038496,1,7,,3,0,1,1,A01
202100038497,2,10,,0,2,1,1,A01
202100038497,2,10,,0,2,4,1,B01
202100038497,2,7,,0,2,4,1,C01
202100038498,1,10,,4,2,1,1,A01
202100038499,1,7,,0,0,4,1,B01
202100038499,1,7,,0,2,8,1,A01
202100038500,1,7,,3,0,1,15,A01
202100038501,2,7,,0,2,4,2,C01
202100038501,2,7,,0,2,4,2,B01
202100038501,2,7,,0,2,1,2,A01
202100038502,1,33,,14,0,9,3,A01
202100038503,1,7,,0,2,7,1,A01
202100038503,1,80,,0,2,2,11,B01
202100038504,2,7,,5,0,1,14,A01
202100038505,1,10,,0,2,2,26,B01
202100038505,2,7,,0,2,3,1,A01
202100038506,1,2,,0,1,7,0,A01
202100038507,1,7,,0,2,1,1,C01
202100038507,1,7,,0,2,3,21,B01
202100038507,1,7,,0,2,1,5,A01
202100038508,2,30,,12,0,0,0,A01
202100038509,1,7,,0,2,8,15,B01
202100038509,1,7,,0,2,1,17,A01
202100038510,1,7,,0,1,4,20,A01
202100038511,1,7,,0,1,1,25,A01
202100038512,3,30,,0,2,2,1,B01
202100038512,3,7,,0,2,3,15,A01
202100038513,2,1,,0,2,8,1,A01
202100038513,2,10,,0,2,2,17,Z01
202100038514,2,7,,0,2,1,2,A01
202100038514,2,7,,0,2,4,2,B01
202100038514,2,7,,0,0,4,2,C01
202100038515,0,7,,0,2,1,26,A01
202100038515,0,7,,0,2,1,26,B01
202100038516,3,7,,0,2,3,15,A01
202100038516,3,34,,0,2,7,1,B01
202100038517,3,7,,0,2,3,1,B01
202100038517,3,7,,0,2,7,1,A01
202100038518,1,7,,0,2,0,1,B01
202100038518,1,7,,0,2,1,13,A01
202100038519,2,7,,0,2,4,2,B01
202100038519,2,7,,0,2,4,2,C01
202100038519,2,7,,0,2,1,2,A01
202100038520,2,10,,0,5,9,21,A01
202100038521,3,7,,1,2,1,17,B01
202100038521,3,7,,1,2,1,17,A01
202100038522,2,99,,0,0,0,25,Z01
202100038522,1,40,,0,1,7,23,A01
202100038523,1,7,,0,2,1,1,B01
202100038523,2,7,,0,2,1,13,A01
202100038524,2,7,,0,2,7,12,A01
202100038524,2,7,,0,2,8,1,B01
202100038525,2,10,,0,2,2,13,A01
202100038525,2,7,,0,2,6,1,B01
202100038526,1,7,,0,2,4,23,B01
202100038526,1,7,,0,2,3,2,A01
202100038527,1,32,,0,2,0,1,B01
202100038527,2,7,,0,2,3,1,A01
202100038528,3,30,,0,2,1,17,B01
202100038528,3,7,,0,2,8,15,A01
202100038529,2,7,,0,2,6,22,A01
202100038529,2,7,,0,2,7,1,B01
202100038530,1,7,,0,2,2,15,A01
202100038530,2,1,,0,2,1,1,B01
202100038531,2,1,,0,2,7,1,B01
202100038531,2,7,,0,2,8,22,A01
202100038532,2,50,,0,2,1,2,A01
202100038532,2,50,,0,2,4,2,B01
202100038533,2,7,,0,1,2,15,A01
202100038534,1,7,,0,1,1,15,A01
202100038535,3,10,,1,2,3,20,B01
202100038535,3,30,,0,2,1,15,A01
202100038536,1,7,,1,2,1,2,B01
202100038536,1,7,,0,2,4,23,A01
202100038537,2,31,,0,2,1,2,A01
202100038537,1,30,,0,0,2,15,B01
202100038538,2,34,,0,2,1,3,A01
202100038538,2,7,,0,2,3,1,B01
202100038539,1,50,,0,0,0,0,A01
202100038540,1,7,,0,1,2,26,A01
202100038541,2,7,,0,1,1,1,A01
202100038542,1,7,,1,0,1,13,A01
202100038543,0,37,1.0,0,1,3,16,A01
202100038544,2,1,,0,2,1,9,A01
202100038544,1,60,,0,2,2,25,B01
202100038545,2,7,,0,2,1,15,A01
202100038545,1,2,,0,2,8,1,B01
202100038546,2,30,,0,0,0,1,A01
202100038547,1,34,,0,2,2,17,A01
202100038547,1,7,,0,2,8,15,B01
202100038547,1,7,,0,2,2,23,C01
202100038548,2,33,,0,2,1,0,A01
202100038548,2,7,,0,2,5,1,B01
202100038549,2,7,,4,0,8,1,A01
202100038550,3,7,,0,1,4,1,B01
202100038550,3,7,,0,2,1,1,A01
202100038551,1,7,,0,2,3,26,B01
202100038551,2,7,,0,2,1,1,A01
202100038552,1,7,,0,2,1,2,A01
202100038552,1,7,,0,2,4,1,B01
202100038553,2,2,,6,0,1,2,A01
202100038554,1,33,,0,0,1,14,A01
202100038555,1,7,,2,0,9,1,A01
202100038556,2,34,,3,2,9,1,B01
202100038556,1,7,,0,2,4,15,A01
202100038557,1,7,,0,2,2,1,B01
202100038557,1,2,,0,2,1,19,A01
202100038558,1,33,,6,0,1,19,A01
202100038559,0,7,,0,2,3,13,A01
202100038559,1,2,,12,2,3,1,B01
202100038560,2,7,,13,0,1,14,A01
202100038561,1,14,,0,0,9,0,A01
202100038562,2,99,,1,2,1,17,A01
202100038562,1,7,,0,2,2,1,B01
202100038563,1,7,,0,2,5,1,A01
202100038563,1,7,,0,2,3,1,B01
202100038564,2,1,,0,1,1,0,A01
202100038565,2,7,,0,2,3,1,A01
202100038565,1,17,,0,2,3,1,B01
202100038566,1,7,,0,0,0,0,A01
202100038567,2,7,,0,2,3,13,A01
202100038567,1,7,,3,2,3,1,B01
202100038567,1,7,,0,2,1,1,C01
202100038568,1,7,,0,2,3,16,A01
202100038568,2,7,,0,2,1,1,B01
202100038569,1,36,,6,0,3,0,A01
202100038570,2,33,,0,0,0,0,A01
202100038571,1,15,,0,2,6,1,A01
202100038571,2,7,,0,2,3,1,B01
202100038572,2,33,,13,0,7,1,A01
202100038573,2,7,,0,2,1,1,B01
202100038573,2,7,,0,2,3,1,A01
202100038574,3,7,,0,0,1,13,A01
202100038575,0,31,,0,2,8,0,B01
202100038575,3,2,,0,2,1,0,A01
202100038576,2,7,,0,0,4,23,E01
202100038576,2,7,,0,0,4,23,D01
202100038576,2,7,,0,2,4,2,C01
202100038576,2,7,,0,2,4,2,B01
202100038576,2,7,,0,2,1,2,A01
202100038576,2,7,,0,2,4,2,F01
202100038577,3,7,,13,0,1,13,A01
202100038578,1,7,,0,0,6,1,B01
202100038578,1,7,,0,2,2,1,A01
202100038579,2,7,,0,2,8,10,A01
202100038579,1,7,,0,2,1,1,B01
202100038580,3,7,,1,1,3,26,B01
202100038581,2,7,,0,0,9,1,A01
202100038582,2,7,,0,2,8,15,B01
202100038582,2,33,,0,2,1,13,A01
202100038583,1,33,,16,0,1,0,A01
202100038584,2,10,,0,2,3,15,B01
202100038584,2,7,,0,2,1,17,A01
202100038585,2,7,,13,0,2,1,A01
202100038586,1,7,,0,1,3,15,A01
202100038587,0,33,,0,2,1,1,B01
202100038587,0,7,,0,2,4,9,A01
202100038588,1,33,,0,2,1,13,A01
202100038588,2,7,,0,2,3,1,B01
202100038589,1,99,,0,2,4,1,J01
202100038589,1,7,,3,0,1,1,K01
202100038589,1,7,,0,2,1,1,L01
202100038589,1,7,,1,2,2,1,D01
202100038589,1,7,,0,0,7,1,E01
202100038589,1,10,,0,0,6,26,F01
202100038589,1,7,,0,2,0,2,B01
202100038589,1,7,,0,9,4,2,A01
202100038589,1,7,,0,9,1,2,C01
202100038589,1,7,,0,2,8,1,G01
202100038589,1,7,,0,2,8,1,I01
202100038589,1,7,,0,0,8,1,H01
202100038590,0,7,,0,0,1,0,B01
202100038590,0,7,,1,0,1,1,A01
202100038591,1,7,,0,2,1,12,A01
202100038591,1,7,,4,2,4,1,B01
202100038592,2,7,,3,0,1,21,A01
202100038593,2,7,,3,0,1,1,A01
202100038594,2,7,,0,2,4,1,B01
202100038594,2,7,,0,2,1,1,A01
202100038595,1,7,,6,0,1,1,A01
202100038596,1,7,,0,1,3,1,A01
202100038597,1,10,,6,0,1,16,A01
202100038598,3,7,,0,2,3,19,A01
202100038598,3,34,,0,2,1,1,B01
202100038599,1,31,,0,2,3,13,A01
202100038599,1,7,,0,2,8,1,B01
202100038600,1,7,,0,9,2,9,A01
202100038600,1,1,,0,2,1,1,B01
202100038601,3,7,,0,2,6,1,B01
202100038601,1,30,,0,2,1,1,A01
202100038602,1,7,,9,2,6,14,A01
202100038602,1,7,,0,2,1,0,B01
202100038603,1,7,,0,2,2,15,A01
202100038603,2,7,,0,2,8,2,B01
202100038604,1,7,,0,2,1,1,A01
202100038604,2,1,,0,2,7,1,B01
202100038605,2,99,,0,2,1,1,B01
202100038605,1,7,,0,2,2,16,A01
202100038606,2,43,,0,1,2,1,A01
202100038607,1,7,,0,2,4,23,B01
202100038607,1,30,,0,2,1,2,A01
202100038608,2,7,,0,2,3,9,A01
202100038608,2,7,,0,2,5,16,B01
202100038609,2,37,4.0,0,2,3,1,B01
202100038609,2,7,,0,2,3,1,A01
202100038610,3,38,1.0,0,2,0,0,B01
202100038610,3,7,,0,2,1,0,A01
202100038611,1,32,,0,2,1,1,B01
202100038611,1,7,,0,2,3,16,A01
202100038612,3,30,,0,2,1,1,A01
202100038612,1,7,,0,2,3,15,B01
202100038613,1,7,,0,1,1,2,A01
202100038614,0,36,,0,0,0,0,A01
202100038615,1,7,,4,0,1,21,A01
202100038616,2,7,,0,2,2,16,A01
202100038616,2,2,,1,2,8,1,B01
202100038617,1,7,,0,0,1,13,A01
202100038618,2,1,,0,2,1,1,B01
202100038618,2,7,,0,9,7,1,A01
202100038619,1,7,,0,2,4,23,B01
202100038619,1,33,,0,2,3,21,A01
202100038620,1,7,,8,0,8,1,A01
202100038621,2,7,,8,0,7,1,A01
202100038622,1,7,,3,0,2,14,A01
202100038623,0,7,,0,2,3,1,B01
202100038623,0,7,,0,2,3,13,A01
202100038624,2,7,,0,2,1,1,A01
202100038624,2,7,,0,2,7,15,B01
202100038625,0,3,,0,1,1,1,A01
202100038626,1,7,,0,2,3,1,A01
202100038626,1,7,,0,2,4,15,B01
202100038627,1,7,,0,2,8,26,A01
202100038627,1,7,,0,2,1,26,B01
202100038628,1,7,,0,1,1,15,A01
202100038629,2,7,,6,0,1,1,A01
202100038630,3,7,,0,2,1,1,B01
202100038630,3,7,,0,2,8,15,A01
202100038631,2,33,,0,2,1,1,B01
202100038631,0,7,,0,2,2,11,A01
202100038632,0,0,,0,1,0,0,Z01
202100038633,1,7,,0,2,2,18,A01
202100038633,1,7,,0,2,6,0,B01
202100038634,1,7,,0,2,1,0,Z01
202100038634,1,2,,0,2,4,0,A01
202100038635,0,33,,0,2,8,1,B01
202100038635,1,7,,0,2,1,9,A01
202100038636,2,7,,0,2,6,19,A01
202100038636,2,33,,0,2,1,19,B01
202100038637,1,33,,0,2,1,1,A01
202100038637,1,7,,0,2,4,1,B01
202100038638,1,7,,0,1,4,26,A01
202100038639,1,7,,0,2,1,11,A01
202100038639,1,13,,0,2,4,0,B01
202100038640,3,7,,1,0,2,0,A01
202100038640,3,7,,0,2,2,0,B01
202100038640,3,7,,0,2,0,0,C01
202100038641,1,7,,0,2,7,19,A01
202100038641,2,33,,0,2,1,1,B01
202100038642,3,33,,0,0,7,16,A01
202100038643,1,2,,1,0,0,14,A01
202100038644,1,7,,0,0,4,26,A01
202100038644,1,7,,0,2,1,2,B01
202100038645,3,7,,0,2,2,1,A01
202100038645,0,7,,0,2,8,1,B01
202100038646,2,7,,0,2,6,23,B01
202100038646,2,80,,0,2,1,2,A01
202100038647,1,33,,1,2,1,20,A01
202100038647,2,1,,0,2,1,1,B01
202100038648,1,7,,0,2,2,12,B01
202100038648,1,32,,0,2,8,1,A01
202100038649,0,32,,0,2,2,16,A01
202100038649,0,7,,0,2,3,1,B01
202100038650,2,7,,0,2,8,11,A01
202100038650,2,33,,0,2,1,1,B01
202100038651,2,7,,0,2,8,1,B01
202100038651,2,30,,0,2,1,1,A01
202100038652,1,7,,8,2,0,21,B01
202100038652,1,7,,0,2,0,1,A01
202100038653,2,2,,0,2,1,17,A01
202100038653,2,7,,0,2,3,15,B01
202100038654,2,7,,0,2,2,15,A01
202100038654,1,2,,0,2,1,1,B01
202100038655,2,7,,0,2,8,1,A01
202100038655,2,7,,0,2,0,15,B01
202100038656,2,32,,0,2,1,2,B01
202100038656,2,7,,0,2,4,2,A01
202100038657,1,7,,0,2,2,2,A01
202100038657,1,7,,0,2,3,0,B01
202100038658,1,7,,9,0,3,13,A01
202100038659,3,10,,0,2,8,10,B01
202100038659,3,32,,0,2,1,13,A01
202100038660,1,7,,9,2,1,26,A01
202100038660,2,7,,0,2,3,15,B01
202100038661,1,7,,0,1,1,9,A01
202100038662,2,33,,0,2,1,26,A01
202100038662,2,7,,0,2,4,1,B01
202100038663,1,30,,14,0,1,2,A01
202100038664,2,60,,1,0,6,1,A01
202100038665,1,33,,0,0,7,1,A01
202100038666,1,32,,0,1,1,2,Z01
202100038667,2,99,,13,0,7,26,A01
202100038668,1,33,,0,2,0,1,A01
202100038668,2,7,,0,2,0,1,B01
202100038669,1,7,,0,0,1,1,A01
202100038670,2,7,,8,2,1,14,A01
202100038670,1,7,,0,2,1,1,B01
202100038671,2,7,,0,2,3,13,A01
202100038671,1,7,,2,2,2,1,B01
202100038672,3,2,,2,0,0,21,A01
202100038673,1,7,,0,0,4,1,A01
202100038673,1,7,,0,2,9,2,C01
202100038673,1,7,,0,2,1,2,E01
202100038673,1,7,,0,2,9,2,D01
202100038673,1,7,,0,2,1,2,B01
202100038674,1,7,,0,2,2,1,B01
202100038674,2,7,,0,2,3,21,A01
202100038675,1,33,,13,0,1,1,A01
202100038676,0,7,,0,2,3,9,A01
202100038676,0,2,,0,2,7,1,B01
202100038677,2,7,,0,0,0,17,A01
202100038678,2,7,,13,0,9,1,A01
202100038679,1,7,,0,2,3,13,B01
202100038679,2,7,,0,2,3,1,A01
202100038680,2,3,,0,0,3,1,A01
202100038681,2,7,,2,0,2,14,A01
202100038682,2,7,,13,2,2,1,A01
202100038682,1,7,,7,0,1,1,B01
202100038683,1,33,,16,0,0,5,A01
202100038684,2,7,,0,2,1,15,A01
202100038684,1,7,,0,2,1,1,B01
202100038685,1,7,,0,2,2,23,D01
202100038685,2,7,,1,2,1,1,B01
202100038685,1,7,,0,2,1,15,A01
202100038686,2,10,,0,2,7,17,A01
202100038686,2,2,,0,2,8,15,B01
202100038687,1,7,,0,2,3,1,B01
202100038687,2,31,,0,2,3,5,A01
202100038688,3,1,,0,0,0,1,A01
202100038689,2,7,,0,2,3,13,A01
202100038689,1,21,,0,2,8,1,B01
202100038689,1,7,,0,2,3,1,C01
202100038690,0,7,,0,0,1,1,D01
202100038690,0,7,,0,0,4,1,C01
202100038690,0,7,,0,0,5,11,B01
202100038690,0,7,,0,2,2,0,A01
202100038691,1,7,,0,0,4,16,B01
202100038691,1,7,,0,2,1,2,A01
202100038692,1,7,,0,2,1,21,A01
202100038692,2,33,,0,2,3,1,B01
202100038692,1,7,,0,2,4,23,E01
202100038692,1,7,,0,0,4,23,D01
202100038692,1,7,,0,2,4,23,C01
202100038693,1,7,,0,2,3,16,B01
202100038693,1,7,,0,2,1,1,A01
202100038694,0,36,,0,2,7,0,B01
202100038694,3,31,,1,0,8,0,A01
202100038695,1,7,,2,0,2,1,A01
202100038696,1,7,,0,2,3,1,B01
202100038696,0,7,,0,2,2,19,A01
202100038697,1,7,,13,0,3,1,A01
202100038698,2,60,,0,2,2,19,B01
202100038698,2,7,,0,2,2,1,A01
202100038699,2,10,,2,0,1,6,A01
202100038700,2,1,,0,1,1,1,A01
202100038701,1,7,,3,0,3,0,A01
202100038702,1,7,,0,0,0,13,A01
202100038703,2,7,,6,0,1,0,A01
202100038704,1,33,,6,0,1,1,A01
202100038705,1,33,,7,0,1,0,A01
202100038706,2,33,,0,0,0,1,A01
202100038707,2,7,,0,9,1,1,B01
202100038707,1,33,,2,0,9,1,A01
202100038708,3,7,,0,2,2,1,A01
202100038708,3,7,,0,2,2,13,B01
202100038709,2,7,,0,2,3,1,C01
202100038709,1,7,,0,2,5,15,B01
202100038709,1,7,,13,2,3,18,A01
202100038710,1,33,,0,2,1,13,B01
202100038710,2,7,,0,2,3,21,A01
202100038711,3,7,,0,9,0,2,A01
202100038711,0,1,,0,0,4,2,B01
202100038712,2,7,,0,2,3,13,A01
202100038712,1,7,,3,2,3,21,B01
202100038713,1,7,,0,2,1,1,A01
202100038713,3,1,,0,2,5,1,B01
202100038714,1,7,,0,2,1,1,B01
202100038714,0,7,,0,2,1,15,A01
202100038715,3,7,,0,2,3,15,B01
202100038715,3,1,,0,2,1,16,A01
202100038716,2,7,,13,0,2,15,A01
202100038717,1,7,,8,0,3,14,A01
202100038718,1,7,,0,2,2,12,B01
202100038718,1,32,,0,0,7,1,A01
202100038719,1,7,,0,2,1,2,C01
202100038719,1,7,,0,2,1,2,B01
202100038719,1,7,,0,2,4,1,A01
202100038720,2,7,,0,2,8,1,B01
202100038720,2,7,,0,2,8,1,A01
202100038721,1,7,,0,2,4,2,B01
202100038721,1,7,,0,2,2,2,A01
202100038722,2,7,,0,0,9,2,A01
202100038723,2,7,,0,2,4,2,A01
202100038723,2,7,,0,2,8,2,B01
202100038723,2,7,,0,2,1,2,C01
202100038723,2,7,,0,2,2,2,D01
202100038724,1,7,,4,0,0,1,A01
202100038725,1,33,,0,2,1,1,A01
202100038725,1,7,,0,2,5,1,B01
202100038726,1,7,,4,0,3,13,A01
202100038727,2,7,,4,0,1,1,A01
202100038727,2,10,,0,2,1,1,B01
202100038727,2,7,,0,2,2,1,C01
202100038728,1,7,,0,2,1,1,E01
202100038728,1,7,,0,2,1,1,D01
202100038728,1,7,,0,2,4,1,C01
202100038728,1,7,,0,2,9,1,B01
202100038728,1,7,,0,2,9,1,A01
202100038729,2,7,,0,2,6,11,B01
202100038729,2,33,,0,2,7,1,A01
202100038730,2,33,,4,0,7,1,A01
202100038731,2,7,,0,2,4,2,B01
202100038731,2,7,,0,2,1,0,A01
202100038732,2,7,,0,2,1,1,A01
202100038732,2,7,,0,2,4,1,B01
202100038732,2,7,,0,2,4,1,C01
202100038733,3,1,,0,0,0,19,A01
202100038734,2,7,,1,0,7,2,A01
202100038735,3,7,,0,2,1,0,B01
202100038735,3,7,,0,2,1,13,A01
202100038736,3,7,,0,2,8,1,B01
202100038736,3,7,,0,2,1,2,C01
202100038736,3,7,,0,2,1,21,A01
202100038737,3,32,,0,2,1,17,A01
202100038737,3,7,,0,2,3,15,B01
202100038738,3,7,,0,2,3,16,B01
202100038738,3,7,,0,2,3,15,A01
202100038739,2,7,,0,2,4,1,B01
202100038739,2,10,,0,2,1,1,A01
202100038740,3,7,,0,2,3,9,A01
202100038740,3,33,,0,2,1,19,B01
202100038741,1,7,,0,1,1,9,A01
202100038742,3,7,,8,0,8,0,A01
202100038743,1,7,,0,2,2,2,A01
202100038743,1,7,,0,2,6,2,B01
202100038743,1,7,,0,2,4,2,C01
202100038744,1,7,,0,2,8,13,A01
202100038744,2,33,,0,2,3,1,B01
202100038745,2,7,,9,2,3,16,A01
202100038745,2,33,,0,2,1,1,B01
202100038746,1,7,,0,2,2,15,B01
202100038746,1,7,,0,2,1,1,A01
202100038747,1,7,,0,2,1,17,A01
202100038747,2,7,,0,2,1,2,B01
202100038748,0,7,,0,9,2,19,A01
202100038748,0,50,,0,2,1,1,B01
202100038749,3,7,,0,2,6,3,A01
202100038749,3,7,,0,2,2,2,B01
202100038750,1,7,,0,2,8,1,B01
202100038750,1,7,,0,2,2,1,C01
202100038750,1,2,,0,2,1,19,A01
202100038751,0,3,,1,2,1,2,A01
202100038751,0,7,,0,2,4,2,B01
202100038752,2,7,,0,2,3,1,B01
202100038752,2,3,,0,2,3,15,A01
202100038753,1,7,,0,2,1,2,A01
202100038753,1,7,,0,2,5,2,C01
202100038753,1,7,,0,2,1,23,B01