Num_Acc,senc,catv,occutc,obs,obsm,choc,manv,num_veh
202100038754,3,32,,0,2,7,0,B01
202100038754,3,7,,0,2,3,0,A01
202100038755,1,7,,8,0,1,16,A01
202100038756,1,30,,0,2,2,17,A01
202100038756,3,7,,0,2,0,15,B01
202100038757,1,7,,0,2,1,2,A01
202100038757,1,7,,0,2,4,1,B01
202100038758,1,7,,6,2,1,1,A01
202100038758,1,15,,0,2,7,1,B01
202100038759,3,7,,0,2,3,15,A01
202100038759,3,7,,0,2,1,1,B01
202100038760,1,7,,0,9,1,1,A01
202100038760,2,1,,0,2,1,5,B01
202100038761,1,7,,0,1,1,1,A01
202100038762,1,7,,0,9,2,16,A01
202100038762,1,1,,0,2,1,16,B01
202100038763,3,7,,0,1,4,20,A01
202100038764,2,15,,0,2,5,1,A01
202100038764,2,1,,0,2,3,1,B01
202100038765,1,7,,0,1,1,2,A01
202100038766,1,31,,0,1,1,17,A01
202100038767,1,33,,0,2,1,17,A01
202100038767,1,10,,0,2,4,15,B01
202100038768,1,30,,2,0,1,1,A01
202100038769,2,2,,0,2,1,17,B01
202100038769,2,7,,0,2,3,15,A01
202100038770,1,7,,1,0,1,26,A01
202100038770,1,7,,0,2,4,23,B01
202100038771,2,31,,0,2,2,3,A01
202100038771,2,7,,4,2,6,1,B01
202100038772,1,80,,0,2,1,2,A01
202100038772,1,7,,0,2,4,23,B01
202100038773,1,32,,0,1,3,9,A01
202100038774,1,2,,0,2,7,17,B01
202100038774,1,7,,0,2,3,15,A01
202100038775,1,7,,0,2,8,15,B01
202100038775,1,30,,0,2,2,17,A01
202100038776,1,7,,12,0,9,13,A01
202100038777,1,2,,0,2,4,2,B01
202100038777,1,7,,0,2,1,2,A01
202100038778,2,32,,0,2,2,17,A01
202100038778,2,7,,0,2,3,15,B01
202100038779,2,10,,0,2,8,22,A01
202100038779,2,1,,0,2,1,1,B01
202100038780,1,7,,0,2,1,1,A01
202100038780,1,7,,1,2,8,1,B01
202100038781,2,7,,0,2,8,22,A01
202100038781,2,2,,0,2,1,1,B01
202100038782,1,31,,0,0,7,1,A01
202100038783,0,7,,3,0,1,1,A01
202100038783,0,2,,0,2,4,24,B01
202100038784,1,1,,0,2,5,14,A01
202100038784,1,80,,0,2,3,18,B01
202100038785,1,10,,0,2,1,2,A01
202100038785,1,7,,0,2,4,23,B01
202100038786,2,1,,0,2,1,25,B01
202100038786,2,7,,0,2,8,9,A01
202100038787,2,33,,12,0,1,0,A01
202100038788,1,99,,0,2,1,15,A01
202100038788,2,99,,0,2,1,1,B01
202100038789,1,7,,0,2,2,14,A01
202100038789,1,31,,0,2,8,1,B01
202100038790,1,2,,0,2,3,1,B01
202100038790,2,10,,0,2,2,10,A01
202100038791,1,7,,0,2,1,2,A01
202100038791,1,7,,0,2,4,2,B01
202100038791,1,7,,0,2,4,15,C01
202100038792,1,7,,0,1,3,2,A01
202100038793,2,7,,0,2,1,15,B01
202100038793,2,32,,0,2,6,21,A01
202100038794,3,7,,0,2,4,0,B01
202100038794,3,7,,0,2,1,1,A01
202100038795,1,10,,0,2,1,15,A01
202100038795,2,7,,0,2,1,16,B01
202100038796,1,7,,0,2,2,9,B01
202100038796,1,3,,1,0,0,11,A01
202100038797,1,32,,1,0,1,1,A01
202100038798,2,33,,8,0,1,0,A01
202100038799,1,7,,13,0,8,1,A01
202100038800,1,33,,0,0,6,1,A01
202100038801,2,7,,0,2,8,15,A01
202100038801,2,32,,0,2,1,17,B01
202100038802,1,33,,0,2,1,1,B01
202100038802,2,7,,0,2,1,9,A01
202100038803,2,33,,0,2,1,13,A01
202100038803,1,7,,0,2,3,1,B01
202100038804,1,7,,0,2,5,16,A01
202100038804,1,33,,0,2,3,1,B01
202100038805,1,7,,0,2,2,21,B01
202100038805,1,7,,0,2,6,11,A01
202100038806,2,20,,0,2,6,1,B01
202100038806,1,31,,0,2,8,1,A01
202100038806,2,10,,0,2,3,1,C01
202100038807,3,2,,0,2,2,19,A01
202100038807,1,7,,0,2,2,0,B01
202100038808,2,33,,0,0,9,1,A01
202100038809,1,33,,0,0,0,0,A01
202100038810,2,2,,0,0,1,1,A01
202100038811,1,1,,0,0,4,1,B01
202100038811,1,7,,0,2,2,1,A01
202100038812,1,36,,3,0,2,1,A01
202100038813,1,7,,13,0,1,5,A01
202100038814,3,80,,0,0,0,1,A01
202100038815,1,7,,0,2,3,13,A01
202100038815,2,43,,0,2,3,1,B01
202100038816,2,33,,2,0,1,1,A01
202100038817,0,7,,6,0,2,1,A01
202100038818,1,2,,0,1,1,1,A01
202100038819,2,33,,0,0,8,26,A01
202100038820,3,2,,14,0,1,1,A01
202100038821,2,7,,13,0,9,15,A01
202100038822,2,7,,3,0,8,1,A01
202100038823,2,10,,6,0,3,13,A01
202100038824,2,34,,0,0,7,1,A01
202100038825,2,1,,0,2,8,1,B01
202100038825,2,7,,0,2,7,17,A01
202100038826,3,21,,13,0,2,16,A01
202100038827,1,7,,2,0,7,13,A01
202100038828,2,33,,0,6,1,1,A01
202100038829,1,10,,0,1,2,21,A01
202100038830,2,7,,0,2,3,1,B01
202100038830,1,33,,0,2,1,17,A01
202100038831,3,7,,0,0,0,1,B01
202100038831,0,1,,6,0,0,1,A01
202100038832,1,33,,3,0,7,2,A01
202100038833,1,7,,0,2,7,15,A01
202100038833,2,33,,0,2,1,1,B01
202100038834,2,7,,0,2,2,5,B01
202100038834,1,33,,0,2,1,21,A01
202100038835,1,33,,11,0,1,6,A01
202100038836,0,7,,8,2,1,17,A01
202100038836,0,7,,0,2,3,15,B01
202100038837,3,34,,0,0,8,1,A01
202100038838,1,7,,3,0,1,14,A01
202100038839,2,33,,12,2,3,6,A01
202100038839,1,7,,0,2,1,1,B01
202100038840,3,31,,8,0,1,13,A01
202100038841,2,7,,0,0,1,0,A01
202100038842,2,10,,8,0,1,14,A01
202100038843,2,7,,0,2,3,1,A01
202100038843,1,32,,0,2,1,1,B01
202100038844,1,7,,0,2,1,1,B01
202100038844,2,7,,0,2,1,15,A01
202100038845,1,7,,0,0,9,17,A01
202100038846,1,7,,0,2,3,1,B01
202100038846,2,7,,0,2,3,15,A01
202100038847,3,7,,0,2,6,9,B01
202100038847,0,33,,0,2,1,1,A01
202100038848,0,7,,0,0,1,9,A01
202100038848,3,30,,0,0,8,9,B01
202100038849,1,50,,10,0,1,0,A01
202100038850,2,7,,0,0,0,1,A01
202100038851,1,1,,0,0,0,19,A01
202100038852,1,2,,0,2,1,1,A01
202100038852,2,7,,0,2,6,11,B01
202100038853,2,7,,0,2,1,13,A01
202100038853,1,33,,0,2,1,1,B01
202100038854,1,7,,13,0,3,15,A01
202100038855,1,33,,2,0,0,0,A01
202100038856,2,1,,0,2,1,1,B01
202100038856,2,7,,0,9,2,15,A01
202100038857,2,2,,0,2,1,1,B01
202100038857,1,7,,0,2,3,15,A01
202100038858,1,7,,0,1,1,1,A01
202100038859,2,7,,0,2,1,2,B01
202100038859,2,33,,0,2,4,1,A01
202100038860,1,7,,13,0,1,1,A01
202100038861,2,7,,0,2,2,1,B01
202100038861,2,7,,0,2,6,1,A01
202100038862,2,7,,0,2,4,1,B01
202100038862,2,31,,0,2,1,1,A01
202100038863,1,33,,0,2,8,1,A01
202100038863,1,7,,0,2,6,1,B01
202100038864,2,7,,0,2,1,1,A01
202100038864,2,7,,0,2,4,2,B01
202100038864,2,7,,0,2,4,2,C01
202100038865,2,7,,0,2,4,1,C01
202100038865,2,7,,0,2,4,0,B01
202100038865,2,7,,0,2,1,1,A01
202100038866,1,7,,0,2,1,1,A01
202100038866,1,7,,0,2,4,1,B01
202100038867,2,7,,0,2,1,1,A01
202100038867,2,7,,0,2,4,1,C01
202100038867,2,7,,0,2,4,1,B01
202100038868,2,7,,0,2,1,1,B01
202100038868,2,7,,0,2,4,1,A01
202100038869,1,7,,0,1,1,1,A01
202100038870,0,7,,2,2,3,7,A01
202100038870,0,7,,0,2,2,1,B01
202100038871,2,33,,0,1,2,17,A01
202100038872,1,7,,1,0,3,1,A01
202100038873,3,7,,0,1,4,20,A01
202100038874,2,10,,0,1,2,1,A01
202100038875,3,33,,1,0,1,14,A01
202100038875,3,7,,0,2,3,14,B01
202100038876,3,10,,0,2,3,9,A01
202100038876,3,1,,0,2,7,1,B01
202100038877,2,2,,0,2,1,17,B01
202100038877,2,7,,0,2,6,15,A01
202100038878,3,7,,0,2,8,15,A01
202100038878,1,7,,0,2,6,1,B01
202100038879,0,7,,0,1,1,18,A01
202100038880,2,1,,0,2,7,1,Y01
202100038880,1,7,,0,2,7,9,A01
202100038881,1,30,,12,0,1,1,A01
202100038882,3,30,,16,0,0,13,A01
202100038883,3,7,,14,0,2,1,A01
202100038884,1,30,,0,0,7,1,A01
202100038885,2,7,,0,1,4,20,A01
202100038886,1,7,,0,0,6,16,A01
202100038886,1,7,,0,2,2,12,B01
202100038887,3,7,,6,0,3,26,A01
202100038888,1,33,,0,2,1,17,B01
202100038888,1,7,,0,2,8,15,A01
202100038889,2,7,,0,2,3,15,B01
202100038889,1,33,,0,2,1,1,A01
202100038890,1,7,,0,1,2,26,A01
202100038891,2,7,,0,2,1,0,B01
202100038891,1,7,,0,2,1,1,A01
202100038892,2,10,,13,2,1,14,A01
202100038892,2,7,,0,2,5,2,B01
202100038893,1,7,,0,2,4,2,B01
202100038893,1,7,,0,2,4,2,C01
202100038893,1,7,,0,2,1,2,A01
202100038894,1,7,,0,1,7,1,A01
202100038895,0,7,,8,0,1,14,A01
202100038896,1,7,,0,2,0,15,A01
202100038896,1,32,,0,2,0,1,B01
202100038897,2,7,,0,2,3,13,A01
202100038897,1,7,,0,2,1,1,B01
202100038897,2,37,1.0,0,2,3,1,C01
202100038898,0,7,,0,0,2,1,A01
202100038899,1,15,,0,2,1,0,B01
202100038899,1,34,,0,2,1,26,A01
202100038900,3,31,,0,0,1,2,A01
202100038901,1,7,,0,2,7,1,A01
202100038901,2,1,,0,2,1,1,B01
202100038902,3,33,,0,2,8,9,A01
202100038902,3,7,,0,2,7,9,B01
202100038903,2,7,,0,1,1,16,A01
202100038904,1,1,,0,2,1,1,A01
202100038904,2,7,,0,2,5,16,B01
202100038905,1,7,,0,2,1,1,A01
202100038905,1,7,,0,2,4,23,B01
202100038906,2,7,,8,2,1,13,A01
202100038906,1,7,,0,2,2,1,B01
202100038907,1,30,,12,0,8,13,A01
202100038908,2,33,,0,2,1,26,B01
202100038908,1,7,,0,2,7,15,A01
202100038909,2,1,,0,2,1,1,B01
202100038909,1,7,,0,2,7,15,A01
202100038910,1,7,,9,2,1,1,B01
202100038910,1,7,,9,2,3,19,A01
202100038911,0,3,,0,0,0,0,B01
202100038911,1,7,,0,2,7,19,Z01
202100038912,1,7,,0,1,1,1,A01
202100038913,2,14,,0,1,1,1,A01
202100038914,1,99,,0,2,1,1,B01
202100038914,1,99,,0,0,3,23,A01
202100038915,1,7,,15,0,1,13,A01
202100038916,1,3,,0,0,1,26,A01
202100038917,3,7,,13,0,1,14,A01
202100038918,2,7,,0,2,2,1,A01
202100038918,2,1,,0,2,1,1,Y01
202100038919,1,30,,0,2,1,21,B01
202100038919,1,7,,0,2,3,11,Z01
202100038920,3,7,,0,2,8,15,B01
202100038920,1,32,,0,2,1,1,A01
202100038921,2,33,,1,0,4,14,A01
202100038922,2,1,,0,1,1,1,B01
202100038923,2,7,,0,2,1,2,B01
202100038923,2,7,,0,2,4,1,A01
202100038924,1,7,,0,2,3,9,A01
202100038924,1,32,,0,2,2,1,B01
202100038925,2,7,,0,2,7,15,A01
202100038925,1,7,,0,2,1,1,B01
202100038926,1,7,,0,2,7,15,B01
202100038926,1,32,,0,2,1,0,A01
202100038927,2,7,,0,2,1,0,B01
202100038927,1,7,,0,2,1,11,A01
202100038928,3,10,,0,2,6,16,B01
202100038928,2,2,,0,2,1,19,A01
202100038929,0,37,1.0,0,2,1,1,B01
202100038929,3,7,,0,2,2,16,A01
202100038930,1,7,,0,2,6,2,B01
202100038930,1,33,,14,0,1,2,A01
202100038931,1,7,,0,2,1,9,A01
202100038931,1,30,,0,2,4,0,B01
202100038932,3,2,,1,2,4,24,B01
202100038932,3,7,,1,0,1,24,A01
202100038933,1,7,,0,2,3,9,B01
202100038933,1,7,,0,2,1,1,A01
202100038934,1,7,,0,2,7,1,B01
202100038934,1,7,,0,2,8,10,A01
202100038935,1,7,,1,0,1,1,A01
202100038936,0,7,,0,1,1,1,A01
202100038937,2,1,,0,0,0,0,B01
202100038937,1,33,,12,2,2,14,A01
202100038938,1,30,,0,2,8,19,A01
202100038938,2,32,,0,2,1,3,B01
202100038939,2,32,,11,0,1,2,A01
202100038940,1,31,,0,2,1,5,A01
202100038940,1,7,,0,2,3,13,C01
202100038940,1,7,,0,0,3,16,B01
202100038941,3,7,,0,1,1,9,A01
202100038942,1,7,,0,1,1,1,A01
202100038943,1,7,,0,2,1,1,A01
202100038943,1,7,,0,2,4,1,B01
202100038944,0,7,,2,0,1,1,A01
202100038945,0,7,,6,0,1,9,A01
202100038946,1,31,,1,0,7,21,A01
202100038947,1,30,,0,0,3,1,A01
202100038948,1,10,,0,1,2,1,A01
202100038949,1,34,,0,0,8,26,A01
202100038950,1,7,,0,1,2,16,A01
202100038951,2,7,,0,2,4,23,B01
202100038951,2,30,,0,2,1,1,A01
202100038952,1,7,,0,1,1,0,A01
202100038953,1,15,,0,2,6,1,B01
202100038953,1,7,,0,2,2,11,A01
202100038954,2,33,,0,0,7,3,A01
202100038955,2,50,,0,2,7,25,A01
202100038955,1,60,,0,2,1,25,B01
202100038956,2,30,,0,1,7,1,A01
202100038957,1,34,,0,1,0,1,A01
202100038958,2,1,,0,2,5,1,B01
202100038958,2,10,,0,2,5,16,A01
202100038959,1,32,,0,2,7,17,A01
202100038959,1,10,,0,2,3,15,B01
202100038960,1,32,,0,1,8,15,A01
202100038961,3,32,,0,2,4,1,A01
202100038961,3,7,,0,2,3,13,Z01
202100038962,2,32,,0,2,9,3,A01
202100038962,2,13,,0,2,5,23,B01
202100038962,2,37,1.0,0,2,6,23,C01
202100038963,1,7,,0,1,1,1,A01
202100038964,0,33,,0,2,1,1,A01
202100038964,2,7,,0,2,1,15,Z01
202100038965,1,14,,0,2,1,2,A01
202100038965,1,7,,0,2,4,2,B01
202100038966,3,1,,0,0,0,1,A01
202100038967,1,7,,0,2,7,1,B01
202100038967,1,30,,0,2,2,20,A01
202100038968,2,30,,0,1,1,1,A01
202100038969,1,43,,0,1,1,1,A01
202100038970,1,1,,0,2,7,5,A01
202100038970,1,1,,0,2,1,1,Z01
202100038971,2,50,,0,2,1,1,B01
202100038971,2,10,,0,2,8,22,A01
202100038972,2,7,,0,2,2,1,A01
202100038972,2,32,,0,2,1,1,B01
202100038973,3,1,,0,0,1,26,A01
202100038974,2,32,,0,1,1,1,A01
202100038975,1,10,,0,9,2,12,A01
202100038975,1,1,,0,2,0,1,B01
202100038976,3,7,,0,1,7,1,A01
202100038977,1,7,,0,2,5,1,B01
202100038977,1,2,,0,2,3,11,A01
202100038978,1,33,,0,2,1,2,A01
202100038978,1,7,,0,9,7,20,B01
202100038979,3,30,,15,0,0,1,A01
202100038980,1,7,,0,1,1,1,A01
202100038981,2,7,,0,2,4,0,B01
202100038981,2,7,,0,2,1,2,A01
202100038982,3,7,,0,2,1,16,A01
202100038982,0,7,,0,2,7,1,B01
202100038983,1,7,,0,2,3,15,B01
202100038983,1,7,,0,2,2,5,A01
202100038984,2,34,,0,2,1,1,A01
202100038984,1,7,,0,2,3,15,B01
202100038985,3,80,,0,2,7,0,B01
202100038985,3,7,,0,2,3,26,A01
202100038986,1,7,,0,2,8,13,B01
202100038986,1,33,,0,2,7,17,A01
202100038987,1,7,,0,2,6,2,B01
202100038987,1,7,,0,2,2,2,A01
202100038988,2,7,,0,1,2,1,A01
202100038989,3,10,,1,2,2,0,C01
202100038989,1,7,,0,2,0,0,B01
202100038989,1,33,,0,2,2,13,A01
202100038990,0,7,,1,0,1,2,A01
202100038991,1,7,,0,1,1,19,A01
202100038992,1,7,,0,2,8,1,A01
202100038992,2,7,,0,2,8,1,B01
202100038993,2,7,,0,1,1,9,A01
202100038994,3,1,,0,0,0,0,B01
202100038994,3,30,,0,0,0,0,A01
202100038995,1,1,,0,2,1,17,B01
202100038995,3,7,,0,2,3,9,A01
202100038996,2,7,,0,1,4,26,A01
202100038997,1,32,,0,2,1,1,A01
202100038998,1,43,,0,2,2,17,A01
202100038998,1,1,,0,2,6,13,B01
202100038999,1,1,,0,0,8,1,C01
202100039000,2,33,,0,2,1,1,B01
202100039000,1,7,,0,2,5,1,A01
202100039001,1,7,,0,2,8,23,A01
202100039001,1,50,,0,2,3,17,B01
202100039002,1,1,,0,2,3,19,A01
202100039002,2,7,,0,2,2,1,Z01
202100039003,1,7,,0,2,0,0,C01
202100039003,1,7,,0,2,1,1,B01
202100039003,1,7,,0,2,1,2,A01
202100039004,2,33,,0,2,1,1,A01
202100039004,2,33,,0,2,4,1,B01
202100039005,2,7,,8,0,3,0,A01
202100039006,3,7,,0,2,8,15,A01
202100039006,1,31,,0,2,1,17,B01
202100039007,2,7,,8,0,3,0,A01
202100039008,2,7,,15,0,1,20,A01
202100039009,2,10,,0,2,8,17,B01
202100039009,2,33,,0,2,7,17,A01
202100039010,2,7,,0,2,1,17,A01
202100039010,2,7,,0,0,4,15,B01
202100039011,2,10,,0,2,3,15,A01
202100039011,1,33,,0,2,1,1,B01
202100039012,3,7,,2,0,3,0,A01
202100039013,2,7,,0,2,1,17,A01
202100039013,1,7,,0,2,1,1,B01
202100039014,0,34,,0,0,1,1,A01
202100039015,2,7,,0,2,3,13,A01
202100039015,1,37,16.0,0,2,3,1,B01
202100039016,2,7,,0,2,3,1,B01
202100039016,1,7,,0,2,3,5,A01
202100039017,1,7,,2,0,4,1,A01
202100039018,3,7,,15,0,2,1,A01
202100039019,2,7,,2,0,1,0,A01
202100039020,2,36,,2,0,1,1,A01
202100039021,1,7,,9,2,7,1,A01
202100039021,1,7,,0,2,1,1,B01
202100039022,3,7,,0,9,6,15,B01
202100039022,3,1,,0,2,4,16,A01
202100039023,1,7,,2,0,1,14,A01
202100039024,2,7,,6,0,1,1,A01
202100039025,2,7,,0,2,3,17,A01
202100039025,1,7,,0,2,3,21,B01
202100039026,1,33,,0,2,1,1,B01
202100039026,2,7,,0,2,8,15,A01
202100039027,2,7,,13,0,1,1,A01
202100039028,2,7,,0,9,3,1,B01
202100039028,2,1,,0,2,7,12,A01
202100039029,2,33,,0,0,0,1,A01
202100039030,1,7,,7,0,1,1,A01
202100039031,1,7,,0,0,2,0,A01
202100039031,2,1,,0,2,1,0,B01
202100039032,1,7,,6,2,3,13,A01
202100039032,2,33,,0,2,1,13,B01
202100039033,0,7,,1,0,3,1,A01
202100039034,1,7,,0,2,7,16,A01
202100039034,1,33,,0,2,1,18,B01
202100039035,3,33,,13,0,0,21,A01
202100039036,1,7,,0,2,2,19,A01
202100039036,1,7,,0,2,3,1,B01
202100039037,0,7,,0,2,6,19,A01
202100039037,0,33,,0,2,8,19,B01
202100039038,3,7,,0,0,0,1,A01
202100039039,2,33,,1,0,3,13,A01
202100039040,1,7,,0,2,4,1,B01
202100039040,1,7,,0,2,4,1,C01
202100039040,1,7,,0,2,1,1,D01
202100039040,1,7,,0,2,4,1,A01
202100039041,1,10,,0,2,1,2,B01
202100039041,1,7,,0,2,4,2,A01
202100039042,1,7,,0,2,2,0,A01
202100039042,1,7,,0,2,6,0,B01
202100039042,1,7,,0,2,4,1,C01
202100039042,1,15,,0,2,8,1,D01
202100039043,2,7,,0,2,8,11,A01
202100039043,2,33,,0,2,1,3,B01
202100039044,2,7,,0,2,0,12,A01
202100039044,2,33,,0,2,1,21,B01
202100039044,2,15,,0,2,4,1,C01
202100039045,1,33,,0,2,3,3,B01
202100039045,1,7,,0,2,2,12,A01
202100039045,1,7,,0,2,6,1,C01
202100039046,1,7,,0,2,1,1,B01
202100039046,1,7,,4,2,8,12,A01
202100039047,1,7,,0,2,5,12,A01
202100039047,1,33,,0,2,8,3,B01
202100039048,2,10,,0,2,4,1,B01
202100039048,2,33,,0,2,1,1,A01
202100039049,1,7,,0,2,1,26,A01
202100039049,1,7,,0,2,4,0,B01
202100039050,1,33,,4,2,1,3,A01
202100039050,1,7,,4,2,6,11,B01
202100039051,2,14,,0,2,1,2,B01
202100039051,2,17,,0,2,4,2,A01
202100039052,2,7,,4,0,1,9,A01
202100039053,3,7,,0,2,1,9,B01
202100039053,3,7,,0,2,3,15,A01
202100039054,0,7,,0,1,2,1,A01
202100039055,2,7,,0,2,2,16,B01
202100039055,0,1,,12,2,8,1,A01
202100039056,1,7,,0,1,2,9,A01
202100039057,2,7,,0,1,1,1,A01
202100039058,3,37,3.0,0,0,0,26,A01
202100039059,2,7,,0,2,3,15,B01
202100039059,2,7,,8,2,2,17,A01
202100039060,1,31,,0,2,3,1,B01
202100039060,2,7,,0,2,1,19,A01
202100039061,1,1,,0,2,8,15,B01
202100039061,2,7,,0,9,4,4,A01
202100039062,2,1,,0,4,1,19,B01
202100039062,0,40,,0,2,2,1,A01
202100039063,1,7,,0,1,2,2,A01
202100039064,1,7,,1,0,1,2,A01
202100039064,1,7,,1,0,4,2,B01
202100039065,2,7,,1,0,2,1,A01
202100039066,2,10,,0,2,1,16,Z01
202100039066,1,1,,0,2,8,19,B01
202100039067,3,10,,0,1,3,26,A01
202100039068,1,7,,8,0,1,14,A01
202100039069,2,7,,0,1,2,1,A01
202100039070,1,7,,0,2,1,0,A01
202100039070,3,33,,0,2,4,16,B01
202100039071,3,1,,0,2,1,1,B01
202100039071,3,7,,0,9,7,1,A01
202100039072,1,10,,0,2,5,1,A01
202100039072,2,80,,0,2,1,1,B01
202100039073,2,10,,0,2,2,12,B01
202100039073,2,33,,0,2,1,3,A01
202100039074,2,7,,0,2,3,1,B01
202100039074,0,50,,0,2,1,19,A01
202100039075,1,32,,12,0,1,14,A01
202100039076,1,7,,0,2,2,15,A01
202100039076,2,7,,0,2,2,1,B01
202100039077,1,7,,0,1,1,19,A01
202100039078,0,7,,0,2,4,2,B01
202100039078,0,7,,0,2,1,2,A01
202100039078,0,10,,0,2,4,2,C01
202100039079,0,7,,0,2,4,2,C01
202100039079,0,7,,0,2,4,1,B01
202100039079,0,7,,0,2,1,2,A01
202100039080,3,7,,0,1,0,1,A01
202100039081,2,7,,2,0,3,13,A01
202100039082,3,30,,0,2,1,5,A01
202100039082,3,7,,0,2,3,1,B01
202100039083,3,30,,0,2,2,1,A01
202100039083,3,7,,0,2,8,9,B01
202100039084,1,7,,0,1,1,1,A01
202100039085,2,7,,0,2,5,23,B01
202100039085,2,30,,0,2,1,1,A01
202100039086,2,7,,0,2,1,15,Z01
202100039086,1,1,,0,2,7,19,A01
202100039087,1,7,,0,2,1,1,A01
202100039087,1,7,,0,2,4,1,B01
202100039088,1,7,,0,2,1,1,B01
202100039088,2,7,,0,2,1,13,A01
202100039089,1,7,,0,2,4,1,B01
202100039089,1,32,,0,2,1,1,A01
202100039090,2,7,,0,2,1,1,B01
202100039090,2,1,,0,2,6,19,A01
202100039091,2,7,,0,2,6,1,B01
202100039091,1,7,,0,2,1,10,A01
202100039092,2,31,,0,2,1,17,B01
202100039092,2,7,,0,2,3,15,A01
202100039093,1,7,,0,2,3,19,A01
202100039093,2,31,,0,2,1,17,B01
202100039094,3,30,,14,0,8,11,A01
202100039095,3,7,,0,2,3,1,B01
202100039095,3,30,,0,2,1,15,A01
202100039096,2,7,,0,2,2,15,A01
202100039096,1,31,,0,2,1,1,B01
202100039097,2,7,,0,2,4,23,B01
202100039097,2,10,,0,2,1,2,A01
202100039098,1,7,,0,1,1,1,A01
202100039099,2,7,,0,2,2,1,B01
202100039099,2,50,,0,2,1,16,A01
202100039100,1,7,,0,2,1,1,B01
202100039100,1,7,,0,2,7,1,A01
202100039101,3,7,,1,0,1,1,A01
202100039102,1,7,,0,1,3,0,A01
202100039103,1,34,,0,2,2,1,B01
202100039103,0,7,,0,2,3,15,A01
202100039104,1,7,,0,1,1,1,A01
202100039105,1,7,,0,2,8,10,A01
202100039105,1,2,,0,2,1,1,B01
202100039106,1,7,,0,2,3,5,Z01
202100039106,3,7,,0,2,3,1,B01
202100039106,1,7,,0,2,3,1,A01
202100039107,3,7,,0,2,2,12,A01
202100039107,3,7,,0,2,3,16,B01
202100039108,1,7,,0,2,8,1,C01
202100039108,2,7,,0,2,8,1,B01
202100039108,1,7,,0,2,3,21,A01
202100039109,2,7,,0,1,1,1,A01
202100039110,3,1,,0,2,3,1,B01
202100039110,3,7,,0,2,3,23,A01
202100039111,1,13,,0,1,2,15,A01
202100039112,2,30,,0,4,7,19,A01
202100039112,0,40,,0,2,3,1,B01
202100039113,3,0,,0,1,0,2,A01
202100039114,2,33,,0,2,1,1,B01
202100039114,1,7,,0,2,2,15,A01
202100039115,2,7,,0,5,1,1,A01
202100039116,3,7,,8,0,3,13,A01
202100039117,1,10,,0,1,3,15,A01
202100039118,1,1,,0,2,1,0,B01
202100039118,1,7,,0,2,1,1,A01
202100039119,3,7,,0,2,3,1,B01
202100039119,3,1,,0,2,1,15,A01
202100039120,3,33,,0,0,2,26,A01
202100039121,2,7,,0,2,7,1,B01
202100039121,1,7,,0,2,1,9,A01
202100039122,0,7,,0,2,1,1,B01
202100039122,0,2,,0,2,1,13,A01
202100039123,1,30,,0,0,3,1,A01
202100039124,0,7,,0,0,0,0,A01
202100039124,0,60,,0,0,0,0,B01
202100039125,3,7,,0,9,3,15,A01
202100039125,3,1,,0,2,3,1,B01
202100039126,1,7,,0,2,1,2,A01
202100039126,1,50,,0,2,8,16,B01
202100039127,2,7,,0,2,0,0,B01
202100039127,1,1,,0,2,0,1,A01
202100039128,1,7,,0,1,2,2,A01
202100039129,1,99,,0,2,6,1,B01
202100039129,2,7,,0,2,1,19,A01
202100039130,3,7,,1,9,1,13,A01
202100039130,3,7,,0,9,0,26,B01
202100039131,1,7,,0,2,1,1,A01
202100039131,1,43,,0,2,7,1,B01
202100039132,2,7,,0,1,0,26,Z01
202100039133,1,33,,0,2,3,3,A01
202100039133,1,7,,0,2,3,1,C01
202100039133,1,10,,0,2,5,1,B01
202100039134,2,10,,0,2,7,12,B01
202100039134,2,33,,0,2,3,3,A01
202100039135,1,32,,0,2,1,2,A01
202100039135,1,7,,0,2,4,2,B01
202100039136,2,34,,0,2,3,3,B01
202100039136,2,7,,0,2,5,14,A01
202100039137,3,33,,0,2,1,5,A01
202100039137,3,32,,0,2,8,15,B01
202100039138,1,7,,0,2,5,15,A01
202100039138,1,7,,0,2,1,21,B01
202100039138,2,2,,0,2,1,1,C01
202100039139,1,30,,0,2,1,2,A01
202100039139,1,7,,0,2,5,23,B01
202100039140,1,2,,0,2,2,17,Z01
202100039140,1,1,,0,2,6,15,A01
202100039141,1,1,,0,2,5,15,A01
202100039141,2,2,,0,2,1,1,B01
202100039142,2,7,,1,1,1,1,A01
202100039143,2,34,,0,2,1,17,A01
202100039143,2,32,,0,2,3,15,B01
202100039144,1,60,,0,2,8,19,A01
202100039144,1,7,,0,2,1,16,Z01
202100039145,1,10,,0,2,4,2,B01
202100039145,1,1,,0,2,1,2,A01
202100039146,2,32,,0,2,7,1,B01
202100039146,2,10,,0,2,3,22,A01
202100039147,2,10,,0,2,2,1,B01
202100039147,1,1,,0,2,0,13,A01
202100039148,2,1,,0,1,8,1,A01
202100039149,1,7,,0,2,1,1,B01
202100039149,3,10,,0,2,4,20,A01
202100039150,3,33,,0,2,1,17,A01
202100039150,3,10,,0,2,6,15,B01
202100039151,2,7,,0,2,0,0,B01
202100039151,2,2,,0,2,1,11,A01