Num_Acc,senc,catv,occutc,obs,obsm,choc,manv,num_veh
202100039152,2,7,,0,2,4,16,A01
202100039153,2,7,,0,2,4,1,C01
202100039153,2,7,,0,2,4,1,B01
202100039153,2,7,,0,2,1,1,A01
202100039154,3,7,,0,2,3,0,B01
202100039154,3,7,,0,2,3,13,A01
202100039155,1,32,,0,2,1,2,B01
202100039155,1,7,,0,2,6,10,A01
202100039156,0,7,,0,1,1,1,A01
202100039157,3,7,,1,1,3,26,A01
202100039158,1,10,,0,1,2,26,A01
202100039159,1,7,,0,2,3,15,B01
202100039159,2,30,,0,2,7,17,A01
202100039160,2,7,,0,1,0,1,A01
202100039161,0,7,,0,2,1,1,C01
202100039161,0,7,,0,2,0,1,A01
202100039161,0,37,2.0,0,2,1,1,B01
202100039162,2,30,,0,2,1,2,A01
202100039162,2,10,,0,2,6,23,B01
202100039163,1,2,,0,2,7,16,B01
202100039163,2,10,,0,2,1,16,A01
202100039164,2,7,,0,2,6,23,B01
202100039164,2,2,,0,2,1,1,A01
202100039165,2,7,,0,2,2,15,A01
202100039165,1,1,,0,2,8,1,B01
202100039166,2,7,,0,1,4,4,A01
202100039167,2,7,,0,2,4,1,C01
202100039167,2,43,,0,2,4,2,B01
202100039167,2,7,,0,2,1,2,A01
202100039168,2,50,,0,2,1,1,B01
202100039168,2,7,,0,2,3,20,A01
202100039169,1,10,,2,0,3,13,A01
202100039170,1,7,,7,0,3,0,A01
202100039171,1,7,,0,2,4,2,B01
202100039171,1,7,,0,2,4,2,C01
202100039171,1,7,,0,2,4,2,D01
202100039171,1,7,,0,2,1,2,A01
202100039172,1,7,,0,2,4,11,A01
202100039172,2,7,,0,2,1,1,B01
202100039173,0,1,,0,0,8,2,A01
202100039174,2,33,,13,0,8,1,A01
202100039175,2,10,,0,9,3,1,B01
202100039175,1,1,,0,2,8,19,A01
202100039176,1,10,,0,2,4,2,C01
202100039176,1,10,,0,2,4,2,B01
202100039176,1,10,,0,2,1,2,A01
202100039177,1,10,,0,1,2,1,A01
202100039178,2,33,,0,6,3,14,A01
202100039179,2,7,,13,0,9,1,A01
202100039180,3,60,,0,0,0,0,A01
202100039181,2,7,,2,0,1,1,A01
202100039182,2,3,,0,2,3,13,A01
202100039182,1,17,,0,2,3,1,B01
202100039183,1,7,,0,0,1,1,A01
202100039184,2,7,,6,0,3,2,A01
202100039185,1,10,,0,2,1,1,B01
202100039185,2,7,,0,2,3,19,A01
202100039186,2,15,,0,1,1,9,A01
202100039187,3,7,,13,0,3,2,A01
202100039188,1,33,,0,2,1,1,A01
202100039188,2,7,,0,2,3,1,B01
202100039189,1,1,,0,2,1,1,B01
202100039189,2,7,,0,2,2,15,A01
202100039190,3,7,,0,2,3,1,A01
202100039190,3,7,,0,2,3,13,B01
202100039191,2,7,,5,0,1,1,A01
202100039192,1,2,,0,2,2,17,A01
202100039192,1,7,,0,2,8,15,B01
202100039193,1,14,,15,2,1,13,B01
202100039193,2,7,,0,2,1,17,A01
202100039193,2,10,,0,0,8,1,D01
202100039193,2,15,,0,0,6,0,C01
202100039194,1,7,,0,2,1,1,A01
202100039194,3,7,,7,2,6,19,B01
202100039195,2,7,,0,2,1,15,A01
202100039195,2,7,,0,2,4,15,B01
202100039196,1,7,,0,1,7,1,A01
202100039197,2,10,,0,0,9,0,A01
202100039197,1,7,,4,0,9,0,B01
202100039198,1,7,,13,0,3,1,A01
202100039199,2,7,,0,2,1,1,B01
202100039199,1,7,,0,2,7,5,A01
202100039200,2,7,,0,2,2,1,B01
202100039200,2,7,,0,2,6,11,A01
202100039201,1,7,,0,2,3,1,B01
202100039201,1,33,,0,2,6,11,A01
202100039201,1,7,,3,0,2,1,C01
202100039202,1,7,,13,2,2,1,A01
202100039202,1,15,,0,2,8,1,B01
202100039203,2,17,,0,2,3,1,B01
202100039203,1,33,,0,2,3,13,A01
202100039204,2,34,,0,2,1,21,B01
202100039204,1,7,,0,2,1,15,A01
202100039205,1,7,,0,0,4,1,B01
202100039205,1,33,,0,0,1,1,A01
202100039206,1,7,,0,2,1,1,B01
202100039206,2,7,,0,2,5,19,A01
202100039207,2,33,,0,2,7,17,B01
202100039207,2,20,,0,0,8,15,A01
202100039208,1,2,,0,0,2,1,A01
202100039209,1,7,,0,2,8,13,B01
202100039209,1,33,,2,2,2,17,A01
202100039210,1,7,,0,2,1,13,A01
202100039210,2,15,,0,2,1,1,B01
202100039211,2,7,,0,2,1,1,B01
202100039211,1,7,,0,2,1,13,A01
202100039212,2,7,,0,2,1,1,B01
202100039212,1,7,,0,2,1,13,A01
202100039213,1,17,,0,2,3,1,A01
202100039213,2,3,,0,2,3,1,B01
202100039214,1,7,,0,1,2,1,A01
202100039215,2,2,,0,0,1,13,A01
202100039216,1,7,,0,2,3,13,A01
202100039216,2,33,,0,2,8,1,B01
202100039217,2,7,,0,2,3,13,A01
202100039217,1,17,,0,2,3,1,B01
202100039218,1,33,,0,5,1,1,A01
202100039219,3,7,,0,1,3,15,A01
202100039220,3,2,,8,0,1,14,A01
202100039221,2,7,,0,2,1,1,B01
202100039221,1,7,,0,2,1,21,A01
202100039222,1,33,,0,2,1,13,A01
202100039222,2,7,,0,2,2,1,B01
202100039223,1,7,,0,2,4,2,A01
202100039223,1,7,,0,2,1,2,B01
202100039224,2,7,,0,2,5,12,B01
202100039224,2,33,,0,2,1,1,A01
202100039225,2,7,,0,2,1,14,A01
202100039226,1,10,,0,2,4,1,A01
202100039226,1,32,,0,2,1,3,B01
202100039227,1,7,,0,2,3,9,A01
202100039227,1,33,,0,2,7,1,B01
202100039228,2,7,,0,2,5,2,A01
202100039228,2,7,,0,2,4,2,B01
202100039228,2,7,,0,2,1,2,C01
202100039229,2,7,,0,2,1,1,D01
202100039229,2,10,,0,2,1,1,C01
202100039229,2,7,,0,2,4,23,B01
202100039229,2,7,,0,2,4,23,A01
202100039230,2,33,,14,0,0,26,A01
202100039231,2,10,,0,2,0,0,A01
202100039231,2,7,,0,2,0,0,B01
202100039232,1,7,,0,2,0,26,D01
202100039232,1,7,,0,0,4,0,C01
202100039232,1,7,,0,2,9,0,B01
202100039232,1,7,,0,2,1,26,A01
202100039233,1,7,,0,2,4,26,C01
202100039233,1,7,,0,2,1,0,B01
202100039233,1,13,,0,2,1,26,A01
202100039234,1,10,,0,2,1,2,A01
202100039234,1,7,,0,2,4,2,B01
202100039235,1,7,,0,2,2,14,A01
202100039235,1,17,,0,2,2,0,C01
202100039235,1,7,,4,2,3,1,B01
202100039236,1,7,,0,2,5,26,A01
202100039236,1,15,,0,2,1,1,B01
202100039237,2,7,,3,0,3,13,A01
202100039238,1,7,,0,2,1,2,A01
202100039238,1,7,,0,2,4,2,B01
202100039238,1,7,,0,2,4,2,C01
202100039238,1,7,,0,2,4,2,D01
202100039239,1,31,,0,2,1,1,B01
202100039239,1,10,,0,2,6,13,A01
202100039240,2,7,,4,0,1,14,A01
202100039241,2,7,,0,2,4,2,B01
202100039241,2,7,,0,2,1,2,A01
202100039242,1,7,,0,2,7,1,C01
202100039242,2,7,,0,2,8,2,B01
202100039242,1,17,,0,2,2,12,A01
202100039243,2,7,,0,2,1,2,B01
202100039243,2,7,,0,2,1,2,A01
202100039244,1,34,,0,2,1,3,A01
202100039244,1,7,,0,2,7,12,B01
202100039245,2,31,,0,2,0,3,A01
202100039245,2,13,,0,2,6,1,B01
202100039246,1,7,,0,1,1,9,A01
202100039247,1,7,,0,1,1,1,A01
202100039248,3,7,,0,1,1,26,A01
202100039249,2,30,,0,2,1,1,B01
202100039249,2,7,,0,2,3,15,A01
202100039250,2,31,,0,2,7,0,B01
202100039250,2,7,,0,2,3,11,A01
202100039251,2,7,,0,2,7,16,A01
202100039251,3,1,,0,2,1,15,B01
202100039252,3,32,,0,2,2,17,B01
202100039252,3,10,,0,2,8,15,A01
202100039253,3,2,,0,2,1,17,A01
202100039253,3,7,,0,2,3,15,B01
202100039254,1,2,,0,2,4,26,A01
202100039254,1,1,,0,9,4,1,Z01
202100039255,2,7,,0,2,1,16,A01
202100039255,1,1,,0,2,8,0,B01
202100039256,3,50,,0,2,1,1,B01
202100039256,0,7,,0,2,2,19,A01
202100039257,1,7,,0,2,0,0,B01
202100039257,1,7,,0,2,0,0,C01
202100039257,1,3,,0,2,0,26,A01
202100039258,1,7,,0,2,4,23,B01
202100039258,1,30,,1,0,1,18,A01
202100039259,2,33,,0,2,1,1,B01
202100039259,1,7,,0,2,7,15,A01
202100039260,1,7,,0,2,0,0,C01
202100039260,0,99,,0,0,0,0,B01
202100039260,1,99,,0,2,4,26,A01
202100039261,3,7,,0,2,0,1,B01
202100039261,0,33,,0,2,0,0,A01
202100039262,3,7,,1,2,1,1,A01
202100039262,3,7,,3,2,3,1,B01
202100039263,1,10,,1,0,2,1,A01
202100039264,1,30,,0,2,8,1,B01
202100039264,1,7,,0,2,8,12,A01
202100039265,1,32,,11,0,1,26,A01
202100039266,0,7,,0,2,1,15,A01
202100039266,0,7,,0,2,3,1,B01
202100039267,0,7,,0,2,4,23,B01
202100039267,0,1,,0,2,1,2,A01
202100039268,0,7,,0,2,5,1,B01
202100039268,0,50,,0,2,0,5,A01
202100039269,2,33,,12,0,2,1,A01
202100039270,1,33,,0,2,7,2,B01
202100039270,1,7,,0,2,8,11,A01
202100039271,2,7,,0,2,2,17,A01
202100039271,2,50,,0,2,4,13,B01
202100039272,3,50,,0,2,1,1,B01
202100039272,3,1,,0,2,3,19,A01
202100039273,2,1,,0,2,1,1,B01
202100039273,1,7,,0,2,8,1,A01
202100039274,2,1,,0,2,1,1,B01
202100039274,2,7,,0,2,5,16,A01
202100039275,1,30,,0,2,3,1,B01
202100039275,1,7,,0,2,1,15,A01
202100039276,2,7,,0,2,2,15,B01
202100039276,2,32,,0,2,1,18,A01
202100039277,1,7,,0,2,3,1,A01
202100039277,3,50,,0,2,9,1,B01
202100039278,3,17,,0,2,6,24,B01
202100039278,3,7,,1,0,1,1,A01
202100039279,1,7,,0,1,2,1,A01
202100039280,1,7,,0,2,4,23,A01
202100039280,1,7,,14,0,0,0,Z01
202100039281,2,7,,0,9,1,0,A01
202100039281,0,1,,0,2,8,26,B01
202100039282,0,7,,0,2,4,1,B01
202100039282,0,2,,0,2,1,1,A01
202100039283,1,7,,0,1,2,1,A01
202100039284,1,7,,0,9,1,26,A01
202100039284,1,50,,0,2,1,26,B01
202100039285,1,7,,0,2,3,15,A01
202100039285,2,7,,0,2,2,21,B01
202100039286,1,7,,0,1,1,1,A01
202100039287,1,7,,0,2,4,1,C01
202100039287,1,7,,0,2,4,2,B01
202100039287,1,7,,0,2,1,2,A01
202100039288,0,30,,0,0,2,1,A01
202100039289,0,7,,0,2,1,1,B01
202100039289,0,7,,0,2,1,13,A01
202100039290,1,7,,0,1,1,9,A01
202100039291,0,7,,0,2,3,15,B01
202100039291,0,7,,0,2,2,1,A01
202100039292,1,7,,0,2,5,1,B01
202100039292,1,2,,0,2,2,15,A01
202100039293,1,7,,0,2,4,2,B01
202100039293,1,30,,0,2,1,1,A01
202100039294,1,7,,0,2,6,15,A01
202100039294,2,33,,0,2,2,1,B01
202100039295,1,31,,0,2,6,1,B01
202100039295,2,7,,0,2,3,15,A01
202100039296,3,7,,1,0,5,4,A01
202100039296,3,7,,15,0,8,24,B01
202100039297,1,7,,0,2,1,1,A01
202100039297,2,7,,0,2,1,1,B01
202100039298,3,7,,0,2,6,0,C01
202100039298,3,7,,0,2,8,1,B01
202100039298,3,10,,0,2,2,9,A01
202100039299,0,7,,0,2,5,1,B01
202100039299,0,7,,0,2,3,1,A01
202100039300,1,7,,0,2,4,1,B01
202100039300,1,7,,0,2,1,1,A01
202100039301,1,37,1.0,0,2,3,0,A01
202100039301,1,30,,0,2,1,1,B01
202100039302,1,33,,11,2,3,2,A01
202100039302,1,7,,0,0,0,0,Z01
202100039303,3,7,,6,1,2,14,A01
202100039304,0,10,,0,2,4,17,Z01
202100039304,0,30,,0,2,1,2,A01
202100039305,1,37,4.0,15,2,3,21,B01
202100039305,2,7,,0,2,1,13,A01
202100039306,1,33,,0,2,1,1,B01
202100039306,1,7,,0,2,6,20,A01
202100039307,2,7,,0,2,3,15,A01
202100039307,0,32,,0,2,2,17,B01
202100039308,2,33,,0,2,0,0,B01
202100039308,1,7,,0,2,0,10,A01
202100039309,1,31,,0,2,1,1,B01
202100039309,2,7,,0,2,1,15,A01
202100039310,3,1,,8,0,1,0,A01
202100039311,1,7,,0,1,2,19,B01
202100039312,2,33,,0,1,3,26,A01
202100039313,1,2,,1,1,1,17,A01
202100039314,0,10,,0,2,3,1,B01
202100039314,1,30,,0,2,1,17,A01
202100039315,0,7,,0,1,1,26,A01
202100039316,2,7,,0,2,3,1,A01
202100039316,3,30,,0,2,4,23,B01
202100039317,2,50,,0,0,0,14,B01
202100039317,1,50,,0,2,1,1,A01
202100039318,3,43,,0,2,2,2,A01
202100039318,3,7,,14,2,2,14,B01
202100039319,1,43,,0,1,1,1,A01
202100039320,1,43,,0,2,7,17,A01
202100039320,1,7,,0,2,6,15,B01
202100039321,1,7,,0,2,2,16,A01
202100039321,1,30,,0,2,8,18,B01
202100039322,2,7,,0,2,2,1,A01
202100039322,2,60,,0,2,0,19,B01
202100039323,2,30,,0,2,1,17,A01
202100039323,2,7,,0,2,3,1,B01
202100039324,0,7,,0,2,7,12,A01
202100039324,0,33,,0,2,8,1,B01
202100039325,2,10,,0,1,0,0,Z01
202100039326,1,2,,0,2,7,1,B01
202100039326,1,7,,0,2,3,11,A01
202100039327,2,7,,1,2,3,1,A01
202100039327,1,7,,0,2,3,1,B01
202100039328,2,7,,0,2,1,5,A01
202100039328,1,7,,0,2,1,1,B01
202100039329,2,7,,0,2,3,15,A01
202100039329,2,2,,0,2,7,2,B01
202100039330,0,10,,0,2,1,26,A01
202100039330,0,3,,1,2,4,23,B01
202100039330,0,3,,1,0,4,24,C01
202100039331,3,7,,1,2,3,1,B01
202100039331,3,7,,0,2,3,13,A01
202100039332,1,7,,8,2,9,16,A01
202100039332,1,7,,0,2,2,1,B01
202100039333,2,7,,0,2,3,1,A01
202100039333,1,7,,0,2,2,1,B01
202100039334,2,7,,6,0,1,26,A01
202100039335,3,7,,15,0,1,9,A01
202100039336,1,10,,0,2,1,1,B01
202100039336,2,14,,0,2,1,5,A01
202100039337,3,7,,0,1,6,20,A01
202100039338,0,31,,15,0,8,13,A01
202100039339,3,1,,0,2,2,1,A01
202100039339,3,7,,0,9,3,1,B01
202100039340,2,7,,0,2,1,13,A01
202100039340,1,7,,0,2,3,1,B01
202100039340,1,99,,0,2,6,1,C01
202100039341,2,7,,6,0,1,14,A01
202100039342,2,7,,4,2,2,26,A01
202100039342,1,7,,4,2,3,26,B01
202100039343,1,7,,0,0,0,21,B01
202100039343,2,33,,0,2,1,13,A01
202100039343,1,31,,0,2,1,0,C01
202100039344,1,7,,8,0,1,1,A01
202100039345,0,7,,6,0,1,1,A01
202100039346,2,7,,0,2,1,15,B01
202100039346,2,33,,0,2,1,1,A01
202100039347,2,7,,0,2,1,1,B01
202100039347,1,7,,0,2,1,15,A01
202100039348,0,7,,0,2,4,1,A01
202100039348,0,7,,0,2,1,1,B01
202100039349,3,2,,0,2,7,1,A01
202100039349,3,7,,0,2,2,9,B01
202100039350,1,7,,0,2,3,1,A01
202100039350,2,7,,0,2,6,1,B01
202100039351,3,33,,0,2,8,1,B01
202100039351,3,7,,0,2,3,1,A01
202100039352,2,2,,0,2,8,15,B01
202100039352,2,7,,0,2,7,17,A01
202100039353,3,7,,0,2,1,1,B01
202100039353,3,7,,0,2,1,13,A01
202100039354,2,33,,0,0,7,1,A01
202100039355,1,7,,1,0,2,1,A01
202100039356,1,7,,0,1,1,1,A01
202100039357,3,7,,0,2,8,1,B01
202100039357,3,7,,0,2,2,9,A01
202100039358,2,7,,0,9,1,1,A01
202100039358,2,10,,0,0,0,1,B01
202100039359,0,33,,0,0,7,16,A01
202100039360,1,7,,0,2,3,14,A01
202100039360,2,7,,0,2,3,14,B01
202100039361,3,2,,0,2,2,1,A01
202100039361,3,7,,0,2,8,15,B01
202100039362,1,10,,0,2,2,14,B01
202100039362,1,80,,0,0,2,23,A01
202100039363,2,2,,0,2,1,13,A01
202100039363,1,10,,0,2,3,21,B01
202100039364,1,2,,0,2,3,1,A01
202100039364,1,7,,0,2,2,19,B01
202100039365,2,7,,0,1,6,4,A01
202100039366,3,31,,0,0,0,1,A01
202100039367,2,15,,0,2,8,1,B01
202100039367,1,2,,0,2,3,13,A01
202100039368,2,17,,0,0,4,2,B01
202100039368,2,17,,0,2,1,2,A01
202100039369,1,33,,0,0,8,26,A01
202100039370,3,33,,0,2,1,1,B01
202100039370,3,7,,0,2,3,15,A01
202100039371,3,30,,6,0,3,13,A01
202100039372,3,2,,12,0,0,15,A01
202100039373,2,2,,0,2,1,1,B01
202100039373,2,7,,0,2,7,15,A01
202100039374,2,2,,0,0,0,1,A01
202100039375,1,1,,0,2,1,0,B01
202100039375,1,7,,0,9,2,0,A01
202100039376,1,33,,0,1,1,1,A01
202100039377,0,7,,0,0,1,5,B01
202100039377,0,33,,0,2,1,1,A01
202100039378,3,2,,0,2,2,0,A01
202100039378,0,7,,0,2,2,11,B01
202100039379,2,33,,0,0,0,17,A01
202100039380,2,7,,16,0,1,1,A01
202100039381,2,2,,0,2,6,2,B01
202100039381,2,7,,0,2,6,2,A01
202100039382,2,1,,0,2,1,1,B01
202100039382,1,7,,0,0,1,15,A01
202100039383,3,33,,15,2,2,17,B01
202100039383,3,7,,0,2,8,15,A01
202100039384,2,10,,0,2,7,15,A01
202100039384,1,33,,0,2,1,1,B01
202100039384,2,7,,0,9,2,1,C01
202100039385,2,7,,0,1,7,13,A01
202100039386,1,7,,0,0,0,2,A01
202100039387,2,17,,0,2,1,2,B01
202100039387,2,38,4.0,0,9,3,2,C01
202100039387,2,15,,0,0,4,2,A01
202100039388,2,17,,0,2,2,24,B01
202100039388,2,7,,1,0,2,1,A01
202100039388,2,99,,0,2,7,24,C01
202100039389,2,17,,0,2,4,2,D01
202100039389,2,7,,0,2,4,2,C01
202100039389,2,17,,0,2,1,1,A01
202100039389,2,17,,0,2,4,2,B01
202100039390,1,10,,0,2,1,2,A01
202100039390,1,7,,0,2,4,2,B01
202100039390,1,10,,0,2,3,21,C01
202100039391,2,33,,4,0,8,13,A01
202100039392,2,17,,4,0,2,21,A01
202100039393,1,32,,0,2,8,1,B01
202100039393,1,14,,0,2,7,1,A01
202100039394,1,10,,0,2,1,2,A01
202100039394,1,7,,0,2,4,2,B01
202100039394,1,7,,0,2,5,0,C01
202100039395,2,7,,0,2,4,1,B01
202100039395,2,7,,0,2,1,1,A01
202100039396,1,7,,0,2,6,2,B01
202100039396,1,15,,0,2,2,11,A01
202100039397,1,17,,0,2,2,12,A01
202100039397,1,7,,0,2,3,2,B01
202100039398,1,7,,0,2,1,1,A01
202100039398,1,10,,0,2,4,23,B01
202100039399,2,7,,0,2,1,1,A01
202100039399,2,10,,0,2,4,0,B01
202100039399,2,7,,0,2,4,1,C01
202100039400,2,33,,0,5,7,21,A01
202100039401,2,15,,0,2,2,1,A01
202100039401,2,7,,0,2,3,11,B01
202100039402,2,7,,4,0,3,1,A01
202100039403,1,7,,0,2,1,1,B01
202100039403,1,50,,0,2,8,19,A01
202100039404,2,7,,0,1,1,1,A01
202100039405,1,30,,0,1,0,17,A01
202100039406,1,7,,0,1,2,1,A01
202100039407,1,7,,0,1,7,19,A01
202100039408,3,7,,0,1,0,1,Z01
202100039409,1,7,,0,1,1,1,A01
202100039410,0,2,,0,2,1,1,B01
202100039410,3,7,,0,2,3,19,A01
202100039411,1,33,,0,2,1,1,A01
202100039411,1,33,,0,2,4,1,B01
202100039412,0,7,,0,2,3,15,A01
202100039412,0,34,,0,2,8,1,B01
202100039413,1,31,,0,2,3,1,A01
202100039413,1,7,,0,2,2,1,B01
202100039414,3,7,,0,1,4,26,A01
202100039415,1,7,,0,2,1,2,A01
202100039415,1,7,,0,0,4,2,B01
202100039416,1,7,,0,2,1,15,A01
202100039416,2,34,,0,2,1,1,B01
202100039417,3,34,,0,2,8,0,B01
202100039417,3,7,,0,2,7,15,A01
202100039418,3,7,,8,0,1,26,A01
202100039419,3,7,,0,1,3,1,A01
202100039420,3,7,,0,2,1,1,A01
202100039420,3,7,,0,2,7,1,B01
202100039421,1,7,,0,2,1,1,A01
202100039421,3,50,,0,2,1,9,B01
202100039422,2,7,,0,2,1,2,B01
202100039422,1,10,,0,2,4,23,A01
202100039423,1,7,,0,2,2,9,A01
202100039423,1,33,,0,2,4,2,B01
202100039424,2,10,,0,2,2,1,A01
202100039425,2,32,,0,2,1,1,A01
202100039425,3,7,,0,2,8,19,B01
202100039426,1,2,,0,2,0,1,B01
202100039426,1,7,,0,2,3,19,A01
202100039427,3,10,,0,1,5,4,A01
202100039428,1,99,,6,0,1,14,A01
202100039429,1,7,,13,0,2,26,A01
202100039430,1,7,,0,9,1,9,A01
202100039430,3,50,,0,2,7,1,B01
202100039431,2,7,,0,1,4,26,A01
202100039432,2,34,,0,1,3,17,A01
202100039433,2,7,,0,1,1,1,A01
202100039434,0,7,,0,2,1,9,A01
202100039434,0,7,,0,2,7,1,B01
202100039435,2,7,,0,2,1,1,B01
202100039435,1,7,,0,2,2,15,A01
202100039436,1,7,,0,1,2,15,A01
202100039437,1,33,,0,2,2,17,A01
202100039437,1,7,,0,2,6,15,B01
202100039438,2,7,,0,2,3,10,A01
202100039438,2,2,,0,2,1,1,B01
202100039439,2,7,,13,0,1,1,A01
202100039440,0,1,,0,9,4,2,B01
202100039440,3,7,,0,9,1,2,A01
202100039441,2,7,,0,2,1,1,B01
202100039441,2,10,,0,2,8,1,A01
202100039442,1,7,,0,1,1,1,A01
202100039443,1,10,,0,1,2,1,A01
202100039444,1,7,,0,1,1,1,A01
202100039445,1,30,,0,2,1,1,A01
202100039445,1,7,,0,9,2,1,B01
202100039446,2,7,,0,2,3,1,B01
202100039446,1,7,,0,2,3,1,A01
202100039447,1,33,,0,2,5,9,A01
202100039448,2,1,,0,2,3,19,B01
202100039448,2,7,,0,2,2,1,A01
202100039449,0,7,,8,0,1,16,A01
202100039450,1,1,,0,9,1,26,A01
202100039451,2,0,,0,1,1,0,A01
202100039452,3,37,3.0,0,0,0,1,A01
202100039453,3,7,,0,2,3,19,A01
202100039453,3,7,,0,2,2,1,B01
202100039454,1,7,,0,2,6,26,A01
202100039454,1,34,,0,2,1,2,B01
202100039455,0,2,,0,2,1,1,B01
202100039455,1,13,,0,2,1,26,A01
202100039456,2,13,,0,2,4,1,B01
202100039456,2,1,,0,2,1,1,A01
202100039457,1,1,,0,2,1,1,B01
202100039457,1,7,,0,2,3,22,A01
202100039458,2,7,,0,2,1,16,Z01
202100039458,1,1,,0,2,8,5,A01
202100039459,1,7,,0,2,3,1,B01
202100039459,1,1,,0,2,1,19,A01
202100039460,1,10,,0,2,2,21,A01
202100039460,1,7,,0,2,4,1,B01
202100039461,1,7,,2,0,1,14,A01
202100039462,2,1,,0,2,8,0,B01
202100039462,2,33,,0,2,1,2,A01
202100039463,2,7,,0,2,4,0,B01
202100039463,2,7,,0,2,1,2,A01
202100039464,2,33,,14,2,1,1,A01
202100039464,2,30,,0,2,0,23,B01
202100039465,0,7,,0,1,2,1,A01
202100039466,3,14,,0,1,0,26,A01
202100039467,0,7,,0,2,6,20,A01
202100039467,0,7,,0,2,2,1,Z01
202100039468,3,7,,0,1,1,1,A01
202100039469,2,2,,0,2,1,1,C01
202100039469,1,7,,0,2,3,1,B01
202100039469,2,7,,0,0,0,16,A01
202100039470,2,7,,0,2,4,23,B01
202100039470,2,7,,0,2,1,2,A01
202100039470,2,7,,0,2,4,23,C01
202100039471,1,7,,0,2,5,1,B01
202100039471,1,7,,4,2,9,13,A01
202100039472,1,7,,0,1,2,1,A01
202100039473,1,7,,0,2,2,9,A01
202100039473,1,33,,0,2,2,17,B01
202100039474,1,7,,0,2,2,16,A01
202100039474,1,1,,0,2,2,7,B01
202100039475,2,7,,0,2,3,15,A01
202100039475,2,30,,0,2,1,17,B01
202100039476,1,14,,0,2,7,16,A01
202100039476,1,1,,0,2,3,1,B01
202100039477,2,31,,0,2,1,1,B01
202100039477,2,7,,0,2,3,15,A01
202100039478,3,80,,0,0,0,1,A01
202100039479,1,30,,0,0,7,16,A01
202100039480,2,34,,0,2,1,1,A01
202100039480,2,7,,0,2,8,1,B01
202100039481,2,60,,0,2,1,1,A01
202100039481,2,0,,0,0,0,0,B01
202100039482,2,10,,0,2,6,13,A01
202100039482,2,7,,0,2,2,1,B01
202100039483,2,7,,0,1,4,4,Z01
202100039484,3,50,,0,0,1,25,B01
202100039484,3,7,,0,0,2,1,A01
202100039485,0,7,,0,1,3,9,A01
202100039486,1,7,,0,2,4,23,B01
202100039486,1,7,,0,2,1,2,A01
202100039487,0,7,,0,2,6,15,B01
202100039487,0,30,,0,2,1,3,A01
202100039488,2,7,,1,0,1,13,A01
202100039489,1,10,,0,2,1,26,A01
202100039489,1,7,,0,2,0,1,C01
202100039489,1,7,,0,2,9,1,B01
202100039490,1,30,,0,2,0,7,A01
202100039490,1,7,,0,2,2,16,B01
202100039491,1,7,,0,1,2,1,A01
202100039492,2,2,,0,2,1,2,B01
202100039492,2,7,,0,0,6,23,A01
202100039493,1,7,,0,0,1,15,B01
202100039493,2,7,,0,2,1,17,A01
202100039494,1,32,,0,2,1,5,B01
202100039494,2,7,,0,2,1,1,A01
202100039495,3,1,,0,2,2,25,B01
202100039495,3,7,,0,2,3,26,A01
202100039496,0,7,,0,2,3,0,A01
202100039496,0,38,2.0,0,2,3,1,B01
202100039497,1,7,,0,2,3,1,A01
202100039497,3,7,,0,2,2,15,B01
202100039498,1,7,,0,2,2,13,B01
202100039498,2,7,,0,2,1,1,A01
202100039499,3,7,,0,9,1,1,A01
202100039499,3,1,,0,2,8,19,B01
202100039500,2,33,,16,0,0,1,A01
202100039501,2,7,,0,2,3,13,A01
202100039501,1,38,1.0,0,2,3,1,B01
202100039502,3,1,,0,2,3,13,A01
202100039502,3,7,,0,2,8,1,B01
202100039503,2,7,,13,2,1,13,B01
202100039503,1,7,,3,2,1,1,A01
202100039504,1,7,,7,0,1,14,A01
202100039505,3,7,,6,0,8,1,A01
202100039506,2,7,,0,2,1,13,A01
202100039506,1,7,,0,2,8,1,B01
202100039506,1,10,,0,2,8,1,C01
202100039507,2,7,,0,2,1,15,A01
202100039507,1,7,,0,2,1,1,B01
202100039508,1,1,,5,0,2,1,A01
202100039509,2,7,,0,2,2,1,A01
202100039509,2,1,,0,2,4,16,B01
202100039510,2,14,,0,2,1,1,B01
202100039510,1,7,,0,2,6,9,A01
202100039511,1,7,,5,0,1,1,A01
202100039512,3,7,,0,1,1,1,A01
202100039513,1,32,,0,2,1,1,B01
202100039513,2,7,,0,2,2,15,A01
202100039514,2,7,,13,0,0,1,A01
202100039515,3,10,,0,2,8,19,A01
202100039515,2,10,,0,2,1,21,B01
202100039516,2,15,,0,2,1,1,B01
202100039516,1,7,,0,2,1,13,A01
202100039517,1,13,,0,2,3,1,B01
202100039517,2,7,,0,2,1,13,A01
202100039518,2,7,,0,2,8,15,B01
202100039518,1,38,1.0,0,2,3,1,A01
202100039519,1,10,,0,2,3,13,B01
202100039519,1,33,,0,2,7,17,A01
202100039520,1,7,,1,0,1,1,A01
202100039520,1,10,,0,0,4,24,B01
202100039521,2,7,,3,2,1,1,B01
202100039521,2,7,,3,0,1,1,A01
202100039522,1,7,,0,2,3,13,A01
202100039522,2,7,,0,2,8,1,B01
202100039522,0,7,,0,2,3,1,C01