Num_Acc,senc,catv,occutc,obs,obsm,choc,manv,num_veh
202100039523,3,7,,2,0,1,19,A01
202100039524,3,34,,0,2,1,17,A01
202100039524,3,10,,0,2,1,1,B01
202100039525,2,7,,0,2,3,17,A01
202100039525,1,7,,0,2,3,17,B01
202100039526,2,7,,0,2,1,17,A01
202100039526,1,7,,0,2,1,2,C01
202100039526,1,7,,0,2,1,2,D01
202100039526,1,7,,0,2,2,2,B01
202100039527,2,33,,0,2,3,15,B01
202100039527,2,7,,0,2,2,17,A01
202100039528,1,7,,0,9,3,1,A01
202100039528,2,1,,0,2,7,19,B01
202100039529,2,7,,0,0,2,1,B01
202100039529,2,7,,0,0,0,10,A01
202100039530,2,7,,0,2,3,1,A01
202100039530,2,10,,0,2,2,1,B01
202100039531,3,7,,0,2,1,1,B01
202100039531,3,7,,0,2,1,13,A01
202100039532,2,1,,0,2,1,1,B01
202100039532,1,7,,0,2,5,15,A01
202100039533,1,7,,0,2,4,2,A01
202100039533,1,7,,0,2,4,0,B01
202100039533,1,7,,0,2,1,2,C01
202100039534,1,7,,0,2,8,11,C01
202100039534,1,7,,4,0,7,21,B01
202100039534,1,14,,0,2,2,1,A01
202100039535,1,7,,0,2,2,1,C01
202100039535,1,15,,0,2,8,1,B01
202100039535,1,31,,0,2,3,3,A01
202100039536,2,7,,4,2,1,2,D01
202100039536,2,10,,4,2,4,2,C01
202100039536,2,10,,4,2,4,2,B01
202100039536,2,10,,4,2,4,2,A01
202100039537,2,7,,3,2,4,2,B01
202100039537,2,7,,16,2,4,2,A01
202100039538,1,7,,0,2,1,2,A01
202100039538,1,10,,0,2,4,2,B01
202100039539,2,14,,0,2,1,1,A01
202100039540,2,33,,0,2,3,3,A01
202100039540,2,7,,0,2,7,12,B01
202100039541,2,7,,4,0,2,0,A01
202100039542,2,3,,0,2,4,2,A01
202100039542,2,7,,0,2,3,11,B01
202100039542,2,7,,0,2,3,1,C01
202100039543,2,10,,0,2,1,1,A01
202100039543,2,7,,0,9,4,2,B01
202100039544,1,10,,3,0,1,12,A01
202100039545,1,7,,0,2,8,13,A01
202100039545,1,7,,0,2,0,0,B01
202100039545,2,7,,0,2,0,0,C01
202100039546,3,0,,0,1,1,15,Z01
202100039547,0,7,,0,1,1,15,A01
202100039548,1,7,,0,1,1,1,A01
202100039549,0,34,,0,2,8,1,B01
202100039549,0,7,,0,2,0,0,A01
202100039550,1,7,,0,1,3,1,A01
202100039551,2,7,,0,2,1,2,E01
202100039551,2,7,,0,2,4,2,D01
202100039551,2,7,,0,2,4,2,A01
202100039551,2,7,,0,2,4,1,B01
202100039551,2,7,,1,0,4,1,C01
202100039552,1,7,,0,1,1,1,A01
202100039553,3,7,,0,1,5,1,A01
202100039554,1,7,,0,2,3,9,A01
202100039554,1,33,,0,2,1,3,B01
202100039555,1,7,,0,1,3,16,A01
202100039556,1,50,,0,2,1,25,B01
202100039556,1,7,,0,2,3,26,A01
202100039557,2,7,,0,2,0,0,C01
202100039557,2,33,,0,2,0,0,B01
202100039557,2,10,,0,2,0,0,A01
202100039558,1,30,,1,2,1,13,A01
202100039558,2,7,,1,2,3,1,B01
202100039559,1,7,,0,2,6,11,B01
202100039559,1,16,,0,2,7,12,A01
202100039560,0,7,,13,0,9,1,A01
202100039561,1,7,,0,2,3,9,A01
202100039561,1,1,,0,2,4,1,B01
202100039562,1,7,,0,2,3,1,B01
202100039562,1,33,,0,2,1,5,A01
202100039563,1,1,,0,2,1,1,B01
202100039563,2,7,,0,9,5,16,A01
202100039564,1,7,,0,1,3,15,A01
202100039565,2,33,,0,2,1,1,B01
202100039565,1,7,,0,2,5,15,A01
202100039566,1,7,,0,1,2,1,A01
202100039567,1,7,,0,2,2,15,A01
202100039567,2,33,,0,2,1,1,B01
202100039568,2,10,,0,2,7,17,B01
202100039568,2,7,,0,2,8,17,A01
202100039569,2,7,,0,2,5,15,B01
202100039569,2,33,,0,2,1,17,A01
202100039570,1,7,,0,2,1,15,A01
202100039570,2,31,,0,2,1,1,B01
202100039571,1,99,,0,2,4,1,C01
202100039571,1,7,,0,2,1,9,A01
202100039571,1,99,,0,2,3,1,B01
202100039572,2,7,,0,2,1,2,Z01
202100039572,2,30,,0,2,4,1,B01
202100039573,1,7,,0,1,2,1,A01
202100039574,1,7,,0,2,2,26,A01
202100039574,1,7,,0,2,1,0,B01
202100039575,3,7,,0,2,3,15,A01
202100039575,1,7,,0,2,1,1,B01
202100039576,3,10,,0,1,0,0,A01
202100039577,1,50,,0,0,0,1,A01
202100039578,3,1,,0,2,3,15,A01
202100039578,3,33,,0,2,1,1,B01
202100039579,1,1,,0,2,7,16,B01
202100039579,0,7,,0,2,0,0,A01
202100039580,2,7,,0,2,4,1,B01
202100039580,2,10,,0,2,1,1,A01
202100039580,2,10,,0,2,0,9,C01
202100039580,2,7,,0,0,0,0,D01
202100039581,0,7,,0,2,3,26,A01
202100039581,0,1,,0,2,1,1,B01
202100039582,1,33,,0,2,1,1,B01
202100039582,2,7,,0,2,5,15,A01
202100039583,1,7,,0,2,1,15,A01
202100039583,2,7,,0,9,8,1,B01
202100039584,1,7,,0,2,7,1,B01
202100039584,2,7,,0,2,1,1,A01
202100039585,0,50,,0,1,1,25,A01
202100039586,1,7,,13,0,1,1,A01
202100039587,1,7,,0,1,3,0,A01
202100039588,0,34,,9,0,9,1,A01
202100039589,3,33,,0,2,1,1,B01
202100039589,0,7,,0,2,8,15,A01
202100039590,0,7,,0,2,3,16,A01
202100039590,0,7,,0,2,1,1,B01
202100039591,1,34,,0,2,1,0,A01
202100039591,2,37,1.0,0,2,8,0,B01
202100039592,1,7,,0,2,1,16,A01
202100039592,1,32,,0,2,8,1,B01
202100039593,2,0,,0,1,1,25,A01
202100039594,1,7,,0,2,1,11,A01
202100039594,1,7,,0,2,8,2,C01
202100039594,1,7,,0,2,4,2,B01
202100039595,0,7,,6,0,3,1,A01
202100039596,1,7,,0,2,4,1,B01
202100039596,1,7,,0,2,1,1,A01
202100039597,1,7,,0,2,5,1,B01
202100039597,1,7,,0,2,3,13,A01
202100039598,2,33,,0,0,7,1,A01
202100039599,3,30,,12,0,1,14,A01
202100039600,1,7,,0,2,1,1,B01
202100039600,2,7,,9,2,7,1,A01
202100039601,2,80,,0,1,1,1,A01
202100039602,1,10,,0,1,4,4,Z01
202100039603,2,7,,0,2,4,23,B01
202100039603,2,31,,0,2,1,2,A01
202100039604,1,30,,0,1,1,1,Z01
202100039605,2,30,,0,1,1,25,A01
202100039606,1,10,,0,2,5,24,B01
202100039606,1,7,,0,2,3,13,A01
202100039607,2,7,,0,2,3,15,A01
202100039607,2,1,,0,2,7,1,B01
202100039608,2,7,,0,2,5,1,B01
202100039608,1,30,,0,2,1,1,A01
202100039609,1,7,,0,1,3,9,A01
202100039610,1,1,,0,1,1,1,A01
202100039611,1,1,,0,1,1,1,Z01
202100039612,1,32,,0,2,2,1,B01
202100039612,1,50,,0,2,4,18,A01
202100039613,1,30,,0,0,3,1,A01
202100039614,1,32,,0,0,0,1,A01
202100039615,1,7,,0,2,1,2,A01
202100039615,1,7,,0,2,4,2,B01
202100039616,3,7,,0,2,1,2,A01
202100039616,3,7,,0,2,1,2,B01
202100039616,3,10,,0,2,4,2,C01
202100039617,3,3,,1,0,1,2,B01
202100039617,3,3,,1,0,3,19,A01
202100039618,0,7,,0,2,2,15,A01
202100039618,1,2,,0,2,2,1,B01
202100039619,2,1,,0,2,1,13,A01
202100039619,1,7,,0,2,1,1,B01
202100039620,1,30,,0,2,4,9,B01
202100039620,1,7,,0,1,1,1,Z01
202100039621,0,30,,14,0,1,18,A01
202100039622,1,7,,0,2,2,15,A01
202100039622,1,33,,0,2,1,19,B01
202100039623,1,7,,0,2,5,15,A01
202100039623,2,2,,0,2,1,1,B01
202100039624,1,33,,0,2,3,1,B01
202100039624,1,10,,0,2,3,11,A01
202100039625,1,7,,0,1,1,0,A01
202100039626,1,15,,0,2,8,1,B01
202100039626,2,7,,0,2,8,13,A01
202100039627,2,32,,0,2,1,2,A01
202100039627,2,37,1.0,0,0,4,2,B01
202100039628,2,7,,0,2,1,5,A01
202100039628,1,14,,0,2,1,1,B01
202100039629,1,7,,0,1,3,1,A01
202100039630,0,2,,0,0,0,1,A01
202100039631,1,7,,13,0,0,1,A01
202100039632,1,7,,4,0,7,1,A01
202100039633,2,7,,0,0,3,9,B01
202100039633,1,33,,0,2,1,1,A01
202100039634,2,10,,2,0,1,16,A01
202100039635,2,7,,0,2,6,15,A01
202100039635,2,33,,0,2,1,2,B01
202100039636,2,7,,0,0,4,2,B01
202100039636,2,33,,0,2,1,2,A01
202100039637,1,33,,0,2,1,1,B01
202100039637,2,3,,0,2,2,15,A01
202100039638,0,7,,0,2,1,2,B01
202100039638,1,31,,0,0,4,1,A01
202100039639,1,17,,0,2,5,2,B01
202100039639,1,17,,0,2,1,2,A01
202100039640,0,2,,2,0,1,0,A01
202100039641,2,7,,16,0,1,1,A01
202100039642,3,7,,8,2,7,19,A01
202100039642,1,7,,0,0,1,1,B01
202100039643,1,20,,0,2,0,1,B01
202100039643,1,7,,0,0,0,0,A01
202100039644,3,33,,0,2,1,1,A01
202100039644,3,7,,0,2,3,1,B01
202100039645,2,7,,16,0,2,1,A01
202100039646,1,7,,13,2,3,14,A01
202100039646,1,13,,0,2,3,1,B01
202100039647,1,7,,0,1,2,1,A01
202100039648,1,10,,0,1,1,1,A01
202100039649,1,7,,0,0,9,1,A01
202100039650,2,7,,6,0,1,1,A01
202100039651,0,1,,0,2,1,1,B01
202100039651,0,7,,0,2,4,4,A01
202100039652,1,7,,6,0,1,1,A01
202100039653,3,7,,0,5,3,1,A01
202100039654,2,33,,0,2,1,2,A01
202100039654,2,17,,0,2,4,1,B01
202100039655,2,7,,0,2,1,0,A01
202100039655,2,15,,0,2,4,1,B01
202100039656,1,32,,12,0,7,1,A01
202100039657,3,10,,0,1,2,14,A01
202100039658,2,7,,0,2,1,2,B01
202100039658,2,7,,0,6,1,1,A01
202100039659,2,7,,0,2,3,13,A01
202100039659,1,7,,0,2,1,1,B01
202100039660,2,7,,0,2,2,1,C01
202100039660,2,7,,13,2,3,1,B01
202100039660,1,7,,0,2,1,13,A01
202100039661,1,2,,0,2,1,1,B01
202100039661,2,7,,0,2,3,19,A01
202100039662,2,7,,6,0,5,1,A01
202100039663,1,17,,0,0,4,2,B01
202100039663,1,17,,0,2,1,2,A01
202100039664,2,7,,0,0,1,1,F01
202100039664,2,7,,0,0,1,1,B01
202100039664,2,7,,0,0,4,1,A01
202100039664,2,7,,0,0,1,1,G01
202100039664,2,7,,0,0,1,1,E01
202100039664,2,7,,0,0,1,1,D01
202100039664,2,7,,0,0,1,1,C01
202100039665,1,7,,0,2,4,2,C01
202100039665,1,10,,0,2,1,2,A01
202100039665,1,7,,0,2,1,2,B01
202100039666,1,10,,0,2,2,1,C01
202100039666,1,7,,0,2,1,1,B01
202100039666,1,10,,0,2,1,5,A01
202100039667,2,10,,0,2,1,2,A01
202100039667,2,7,,0,2,4,2,B01
202100039667,2,7,,0,2,4,2,C01
202100039667,2,7,,0,2,4,2,D01
202100039668,1,7,,4,0,2,0,A01
202100039669,1,7,,0,9,4,23,A01
202100039669,1,7,,1,0,0,23,B01
202100039669,1,7,,0,1,0,0,C01
202100039669,1,7,,0,2,0,0,D01
202100039670,1,7,,3,0,3,13,A01
202100039671,1,7,,4,0,7,1,A01
202100039672,2,7,,4,0,1,1,A01
202100039673,2,33,,0,2,6,2,B01
202100039673,2,7,,0,2,2,2,Z01
202100039674,1,7,,4,0,2,1,A01
202100039675,2,7,,0,2,1,1,A01
202100039675,2,7,,0,2,8,1,B01
202100039676,1,7,,4,0,3,12,A01
202100039677,2,7,,4,0,1,0,A01
202100039678,1,7,,0,2,1,2,A01
202100039678,1,7,,1,0,4,2,B01
202100039678,1,10,,4,0,2,2,C01
202100039678,1,7,,4,0,1,2,D01
202100039679,2,7,,0,2,4,23,A01
202100039679,2,7,,0,2,4,23,B01
202100039679,2,7,,0,2,4,23,C01
202100039679,2,7,,0,2,4,23,D01
202100039679,2,7,,0,2,1,1,E01
202100039680,1,7,,12,2,1,1,A01
202100039680,2,7,,0,2,1,1,B01
202100039680,2,7,,0,2,8,1,C01
202100039681,1,30,,0,2,1,1,A01
202100039681,2,7,,0,2,7,1,B01
202100039682,1,7,,0,2,3,15,B01
202100039682,1,7,,0,2,2,5,A01
202100039683,2,32,,0,2,1,26,B01
202100039683,2,7,,0,2,5,15,A01
202100039684,3,7,,0,2,1,1,B01
202100039684,3,7,,0,2,7,19,A01
202100039685,1,7,,0,2,8,15,B01
202100039685,1,30,,0,2,1,19,A01
202100039686,1,10,,2,0,1,1,A01
202100039687,1,7,,0,1,8,1,A01
202100039688,3,33,,0,0,0,1,B01
202100039688,3,7,,0,0,0,9,A01
202100039689,1,30,,0,0,0,0,A01
202100039690,3,7,,0,1,1,1,A01
202100039691,1,1,,0,2,1,25,A01
202100039691,1,7,,0,2,1,1,C01
202100039691,1,3,,9,9,7,1,B01
202100039692,1,7,,0,9,2,16,A01
202100039692,1,1,,0,2,1,1,B01
202100039693,3,7,,0,1,3,1,A01
202100039694,3,7,,8,0,1,0,A01
202100039695,1,7,,13,0,7,1,A01
202100039696,2,7,,3,0,0,26,A01
202100039697,1,7,,0,9,1,15,A01
202100039697,2,34,,0,2,1,2,B01
202100039698,3,7,,0,1,3,9,A01
202100039699,2,7,,13,0,6,1,A01
202100039700,1,7,,0,1,3,15,A01
202100039701,1,10,,0,2,2,12,A01
202100039701,1,31,,0,2,8,0,B01
202100039702,1,7,,0,2,1,2,A01
202100039702,1,7,,0,2,4,2,B01
202100039703,1,7,,14,0,9,1,A01
202100039704,1,7,,0,2,4,2,B01
202100039704,1,7,,0,2,1,2,A01
202100039705,1,7,,9,2,1,13,A01
202100039705,1,7,,0,2,6,1,B01
202100039706,1,1,,0,2,3,7,B01
202100039706,1,7,,0,2,2,16,A01
202100039707,2,7,,0,2,6,23,A01
202100039707,2,30,,0,2,4,23,B01
202100039707,2,7,,0,2,1,2,C01
202100039708,1,30,,0,2,8,7,A01
202100039708,1,7,,0,2,2,16,B01
202100039709,1,7,,0,1,2,1,Z01
202100039710,1,30,,0,2,1,10,B01
202100039710,2,32,,0,2,3,1,A01
202100039711,2,30,,0,2,1,2,A01
202100039711,2,33,,0,2,4,23,B01
202100039712,2,30,,0,2,3,1,A01
202100039712,2,7,,0,2,8,10,B01
202100039713,1,1,,14,0,7,12,A01
202100039714,2,10,,0,2,1,2,B01
202100039714,2,7,,0,2,4,23,A01
202100039715,2,50,,0,2,8,1,B01
202100039715,1,7,,8,2,2,15,A01
202100039716,1,30,,0,2,1,1,A01
202100039716,2,7,,0,2,7,1,B01
202100039717,0,30,,0,0,3,1,A01
202100039717,0,7,,0,0,0,1,Z01
202100039718,1,30,,0,2,1,2,A01
202100039718,1,7,,0,2,4,23,B01
202100039719,1,1,,0,2,1,9,A01
202100039719,2,7,,0,2,1,1,B01
202100039720,2,7,,0,2,4,2,C01
202100039720,2,7,,0,2,4,2,B01
202100039720,2,7,,0,2,1,2,A01
202100039721,1,50,,0,0,1,1,A01
202100039722,0,30,,0,0,0,1,A01
202100039723,3,2,,0,2,1,16,B01
202100039723,2,7,,0,2,2,1,A01
202100039724,2,7,,1,2,4,20,A01
202100039725,2,7,,0,2,2,1,D01
202100039725,2,7,,0,2,3,1,C01
202100039725,2,7,,0,2,1,1,B01
202100039725,2,7,,11,2,9,6,A01
202100039726,2,7,,0,2,1,1,A01
202100039726,1,7,,0,2,3,16,B01
202100039727,-1,60,,0,2,0,19,B01
202100039727,-1,7,,0,9,0,1,A01
202100039728,2,7,,0,9,3,1,B01
202100039728,2,1,,0,2,1,1,A01
202100039729,0,32,,0,2,8,1,A01
202100039729,1,7,,0,0,0,0,B01
202100039730,1,7,,0,1,3,9,A01
202100039731,1,33,,0,2,7,1,B01
202100039731,1,7,,0,0,0,9,A01
202100039732,1,1,,0,2,1,5,A01
202100039732,1,7,,0,2,8,1,B01
202100039733,1,30,,0,0,0,1,A01
202100039734,2,7,,15,0,1,1,A01
202100039735,2,7,,8,2,2,17,A01
202100039735,1,7,,0,2,3,1,B01
202100039736,1,7,,0,1,2,1,A01
202100039737,1,2,,0,2,1,0,A01
202100039737,1,7,,0,0,8,0,B01
202100039738,1,17,,0,0,6,1,B01
202100039738,1,7,,0,2,2,12,A01
202100039739,1,1,,0,0,0,2,A01
202100039740,3,10,,6,0,3,1,A01
202100039741,2,7,,0,2,2,12,A01
202100039741,2,7,,0,0,3,1,B01
202100039742,3,1,,13,2,1,19,B01
202100039742,3,7,,0,9,2,26,A01
202100039743,3,7,,0,1,2,0,A01
202100039744,2,7,,16,6,0,21,A01
202100039745,2,7,,0,2,1,2,C01
202100039745,2,7,,0,2,4,1,B01
202100039745,2,7,,0,2,4,1,A01
202100039746,2,7,,0,2,3,0,A01
202100039746,3,3,,0,2,1,9,B01
202100039747,1,7,,13,0,1,1,A01
202100039748,1,7,,0,2,1,1,B01
202100039748,2,7,,0,2,8,13,A01
202100039749,1,7,,2,0,1,1,A01
202100039750,2,7,,0,2,3,11,A01
202100039750,1,13,,0,2,8,12,B01
202100039750,1,7,,0,2,1,0,C01
202100039751,1,7,,0,2,7,13,A01
202100039751,2,7,,0,2,1,1,B01
202100039752,2,7,,0,0,9,1,A01
202100039753,1,7,,0,2,3,13,A01
202100039753,2,7,,0,2,8,1,B01
202100039754,0,36,,0,0,1,26,A01
202100039755,1,7,,8,0,1,13,A01
202100039756,2,36,,0,0,0,1,A01
202100039757,2,7,,0,2,3,2,B01
202100039757,1,1,,0,2,2,17,A01
202100039758,1,7,,2,0,1,1,A01
202100039759,2,14,,0,2,1,2,D01
202100039759,2,15,,0,2,4,23,C01
202100039759,2,7,,0,2,4,23,B01
202100039759,2,15,,0,0,4,23,A01
202100039760,2,7,,0,1,2,1,A01
202100039761,1,34,,0,2,1,17,B01
202100039761,0,7,,0,2,3,9,A01
202100039762,2,7,,0,2,3,1,A01
202100039762,2,1,,0,2,9,5,B01
202100039763,1,7,,0,1,1,1,A01
202100039764,3,34,,6,0,1,1,A01
202100039765,3,32,,0,0,1,1,A01
202100039766,2,1,,0,2,3,13,B01
202100039766,2,38,1.0,0,9,5,2,A01
202100039767,2,7,,0,0,1,1,B01
202100039767,1,7,,0,2,1,13,A01
202100039768,1,7,,0,0,6,23,B01
202100039768,1,1,,1,0,1,1,A01
202100039769,1,7,,0,1,2,1,A01
202100039770,2,33,,0,2,1,13,A01
202100039770,1,33,,0,2,1,1,B01
202100039771,1,7,,9,0,1,0,A01
202100039772,1,7,,2,0,1,16,A01
202100039773,1,33,,0,2,1,2,A01
202100039773,1,7,,0,0,4,2,B01
202100039774,3,1,,0,0,0,2,B01
202100039774,3,37,1.0,0,0,0,2,A01
202100039775,2,7,,2,0,1,1,A01
202100039776,3,7,,13,2,3,1,A01
202100039776,3,2,,0,2,1,1,B01
202100039777,0,33,,12,0,0,26,A01
202100039778,0,7,,0,1,1,17,A01
202100039779,2,7,,13,0,3,1,A01
202100039780,2,7,,0,2,4,2,A01
202100039780,2,7,,0,2,4,2,B01
202100039780,2,7,,0,2,1,2,C01
202100039781,1,7,,0,2,2,2,A01
202100039781,1,7,,0,2,5,2,B01
202100039782,2,33,,0,2,7,1,B01
202100039782,2,15,,0,2,8,13,A01
202100039783,1,7,,0,2,0,2,C01
202100039783,1,7,,0,2,4,2,D01
202100039783,1,7,,0,2,4,2,E01
202100039783,1,7,,0,2,4,2,B01
202100039783,1,7,,0,2,1,1,A01
202100039784,1,7,,0,2,1,2,A01
202100039784,1,7,,0,2,4,2,B01
202100039785,1,7,,4,0,1,1,A01
202100039786,2,10,,0,2,3,1,A01
202100039786,2,7,,0,2,2,23,B01
202100039786,2,7,,0,2,4,23,C01
202100039787,2,7,,4,0,5,1,A01
202100039788,2,10,,3,2,8,12,B01
202100039788,2,10,,4,2,6,17,A01
202100039789,1,7,,3,0,2,26,A01
202100039790,2,33,,0,2,1,2,A01
202100039790,2,7,,0,2,4,2,B01
202100039791,1,7,,1,0,2,26,A01
202100039791,1,7,,0,2,6,24,B01
202100039792,1,7,,0,2,4,1,C01
202100039792,1,7,,0,2,4,1,B01
202100039792,1,7,,0,2,1,1,A01
202100039793,1,7,,0,0,4,6,B01
202100039793,1,33,,0,2,1,1,A01
202100039794,2,7,,0,2,1,2,C01
202100039794,2,7,,0,2,9,2,B01
202100039794,2,7,,0,2,4,2,A01
202100039795,1,7,,0,2,7,17,A01
202100039795,1,7,,0,2,1,1,B01
202100039796,2,7,,0,2,1,1,A01
202100039796,2,7,,0,2,4,1,B01
202100039796,2,7,,0,2,4,1,C01
202100039796,2,7,,0,2,4,0,D01
202100039796,2,7,,0,2,4,0,E01
202100039797,1,7,,13,0,1,14,A01
202100039798,1,7,,0,1,2,1,A01
202100039799,1,7,,0,0,0,1,A01
202100039800,1,7,,0,2,3,1,B01
202100039800,1,7,,0,2,1,1,A01
202100039801,1,7,,0,2,3,1,B01
202100039801,1,7,,0,2,2,1,A01
202100039802,1,7,,0,2,4,2,B01
202100039802,1,7,,0,2,1,2,A01
202100039803,2,7,,0,2,1,17,A01
202100039803,1,7,,0,2,3,2,B01
202100039804,2,1,,0,2,7,1,A01
202100039804,2,7,,0,2,3,1,B01
202100039805,3,7,,0,2,1,15,A01
202100039805,3,2,,0,2,1,1,B01
202100039806,1,7,,0,2,6,17,A01
202100039806,1,7,,0,2,2,1,B01
202100039807,3,7,,0,9,2,1,A01
202100039807,3,1,,0,2,1,1,Y01
202100039808,1,99,,8,0,2,13,A01
202100039809,3,32,,0,2,1,17,B01
202100039809,3,7,,0,2,8,15,A01
202100039810,3,7,,17,0,0,1,A01
202100039811,1,2,,0,2,4,23,B01
202100039811,1,7,,0,2,0,0,A01
202100039812,2,10,,0,9,7,16,A01
202100039812,2,1,,0,2,0,0,B01
202100039813,2,7,,0,2,1,1,A01
202100039813,1,50,,0,2,0,5,B01
202100039814,1,7,,0,2,6,2,B01
202100039814,1,7,,1,2,2,2,A01
202100039815,1,7,,0,2,1,1,A01
202100039815,2,2,,0,2,8,7,B01
202100039816,2,2,,0,9,1,1,A01
202100039816,2,1,,0,2,3,19,B01
202100039817,0,7,,2,0,2,1,A01
202100039818,0,7,,0,2,1,1,A01
202100039818,0,7,,0,2,5,1,B01
202100039819,1,7,,0,2,3,15,A01
202100039819,0,1,,0,0,0,0,B01
202100039820,1,7,,0,1,1,26,A01
202100039821,1,7,,8,0,7,1,A01
202100039822,1,7,,0,2,8,1,B01
202100039822,1,50,,0,2,0,13,A01
202100039823,0,30,,0,2,7,9,A01
202100039823,0,30,,0,0,0,1,B01
202100039824,0,7,,0,2,3,15,A01
202100039824,0,7,,0,2,3,15,B01
202100039825,2,7,,0,2,1,2,B01
202100039825,1,7,,0,2,7,13,A01
202100039826,2,7,,0,2,2,15,B01
202100039826,2,7,,0,2,1,1,A01
202100039826,1,7,,0,2,3,1,C01
202100039827,1,7,,13,0,1,26,A01
202100039828,1,7,,0,2,1,1,A01
202100039828,2,7,,0,2,1,15,B01
202100039829,1,3,,0,0,0,9,A01
202100039830,3,7,,0,2,5,1,B01
202100039830,3,10,,0,2,1,1,A01
202100039831,1,7,,0,0,1,0,A01
202100039832,1,33,,0,2,7,1,B01
202100039832,3,7,,0,2,8,20,A01
202100039833,1,7,,0,1,1,15,A01
202100039834,3,7,,3,0,3,26,A01
202100039835,1,7,,0,1,1,1,A01
202100039836,3,10,,0,2,1,1,B01
202100039836,3,10,,0,2,7,1,A01
202100039837,1,7,,0,2,9,1,A01
202100039837,2,7,,0,2,1,1,B01
202100039837,2,7,,0,2,4,23,C01
202100039838,0,10,,0,2,3,1,B01
202100039838,1,43,,0,2,3,1,A01
202100039839,1,30,,0,0,7,21,A01
202100039840,2,7,,0,2,2,1,A01
202100039840,1,33,,0,2,1,1,B01
202100039841,2,7,,1,0,2,14,A01
202100039842,1,10,,0,2,1,1,A01
202100039842,1,7,,0,2,4,1,B01
202100039842,1,7,,0,2,4,1,C01
202100039843,2,30,,0,2,1,17,A01
202100039843,2,7,,0,2,8,15,B01
202100039844,1,7,,0,2,3,1,A01
202100039844,2,7,,0,2,6,1,B01
202100039845,0,50,,0,0,0,19,A01
202100039846,0,7,,0,2,7,19,A01
202100039846,3,37,1.0,0,2,1,1,B01
202100039847,1,31,,0,2,8,1,A01
202100039847,2,7,,0,2,4,10,B01
202100039848,2,1,,0,2,1,1,A01
202100039848,3,7,,0,2,3,1,B01
202100039849,2,7,,9,0,1,15,A01
202100039850,1,1,,0,2,1,26,A01
202100039850,1,7,,0,9,3,15,B01
202100039851,0,7,,0,2,1,1,B01
202100039851,0,7,,0,2,7,15,A01
202100039852,3,7,,0,2,3,2,B01
202100039852,3,10,,3,2,5,1,A01
202100039853,3,7,,1,1,1,18,A01
202100039854,1,7,,0,2,4,1,B01
202100039854,1,7,,0,2,1,11,A01
202100039855,1,7,,0,2,6,24,A01
202100039855,1,1,,1,0,6,1,B01
202100039856,2,7,,0,2,3,13,A01
202100039856,1,38,3.0,0,2,3,1,B01
202100039857,1,7,,13,0,1,13,A01
202100039858,3,50,,0,0,0,1,A01
202100039859,1,7,,13,0,2,1,A01
202100039860,2,33,,0,0,0,1,A01
202100039861,2,7,,9,2,3,6,A01
202100039861,1,7,,12,2,3,1,B01
202100039862,1,36,,13,0,0,2,A01
202100039862,1,36,,0,0,0,2,B01
202100039863,3,7,,2,0,2,1,A01
202100039864,1,10,,6,0,1,1,A01
202100039865,0,7,,0,2,3,15,A01
202100039865,2,33,,0,2,1,1,B01
202100039866,1,7,,2,0,7,1,A01
202100039867,2,7,,0,2,4,1,C01
202100039867,2,7,,0,2,2,17,B01
202100039867,2,33,,0,2,1,11,A01
202100039868,1,7,,0,2,3,1,B01
202100039868,2,7,,0,2,8,1,A01
202100039869,2,7,,2,0,1,1,A01
202100039870,1,7,,2,0,2,1,A01
202100039871,2,7,,6,0,1,0,A01
202100039872,1,33,,0,0,7,1,A01
202100039873,1,1,,0,0,0,0,A01
202100039874,0,2,,1,0,1,26,A01
202100039875,3,31,,14,0,0,0,A01
202100039876,1,2,,0,2,7,14,A01
202100039876,3,7,,0,2,3,23,B01
202100039877,2,7,,2,0,1,1,A01
202100039878,3,7,,0,2,2,1,A01
202100039878,3,33,,0,2,1,19,B01
202100039879,1,7,,0,2,2,1,A01
202100039879,1,7,,0,0,3,1,B01
202100039880,2,33,,3,0,1,0,A01
202100039881,1,7,,0,2,3,1,A01
202100039881,1,2,,0,2,1,19,B01
202100039882,2,7,,0,2,2,12,A01
202100039882,2,33,,0,2,3,3,B01
202100039883,2,7,,0,0,2,0,B01
202100039883,1,7,,0,0,1,1,A01
202100039884,1,33,,8,0,7,1,A01
202100039885,2,13,,0,2,1,1,A01
202100039885,1,7,,0,2,1,1,B01
202100039886,1,7,,13,0,0,1,A01
202100039887,2,7,,15,0,4,19,A01
202100039888,2,1,,0,2,2,15,A01
202100039888,1,7,,0,9,2,1,B01
202100039889,3,7,,2,0,1,1,A01
202100039890,1,7,,0,2,1,5,A01
202100039890,1,33,,0,2,1,2,B01
202100039891,2,7,,13,0,3,14,A01
202100039892,0,7,,15,2,1,1,B01
202100039892,3,10,,15,2,2,1,A01
202100039893,1,10,,10,0,2,1,A01
202100039894,1,7,,15,0,2,1,A01
202100039895,2,7,,0,2,1,2,B01
202100039895,2,7,,0,2,4,1,A01
202100039896,1,7,,0,2,2,14,A01
202100039896,1,7,,4,0,0,0,B01
202100039897,1,7,,4,0,1,1,A01
202100039898,2,7,,0,2,1,2,A01
202100039898,2,7,,0,2,4,2,B01
202100039899,1,7,,4,0,2,1,A01
202100039900,1,7,,3,0,1,1,A01