Num_Acc,senc,catv,occutc,obs,obsm,choc,manv,num_veh
202100039901,1,7,,4,0,1,9,A01
202100039902,2,7,,0,2,4,1,B01
202100039902,2,7,,0,2,1,1,A01
202100039903,2,17,,0,2,4,26,B01
202100039903,2,10,,0,2,1,26,A01
202100039904,1,7,,0,2,2,16,B01
202100039904,1,32,,0,2,1,7,A01
202100039905,1,7,,15,2,1,1,B01
202100039905,2,7,,9,2,1,15,A01
202100039906,2,10,,0,2,4,23,B01
202100039906,2,10,,0,2,1,1,A01
202100039906,2,10,,0,2,4,23,D01
202100039906,2,7,,0,2,4,23,C01
202100039907,1,7,,0,1,2,1,A01
202100039908,3,7,,0,2,4,1,B01
202100039908,2,2,,0,2,1,1,A01
202100039909,2,7,,0,2,1,2,A01
202100039909,2,7,,0,2,4,2,B01
202100039910,1,33,,0,2,2,0,B01
202100039910,1,7,,0,2,2,15,A01
202100039911,1,7,,0,2,3,2,B01
202100039911,2,7,,0,2,3,15,A01
202100039912,3,7,,0,9,1,1,A01
202100039912,1,50,,0,2,6,25,B01
202100039913,0,7,,0,1,1,1,A01
202100039914,1,7,,0,2,4,2,C01
202100039914,1,7,,0,2,4,2,B01
202100039914,1,7,,0,2,1,2,A01
202100039915,1,7,,0,2,6,1,B01
202100039915,1,7,,0,2,2,9,A01
202100039916,2,7,,1,0,4,23,B01
202100039916,2,14,,1,0,1,23,A01
202100039917,3,7,,0,1,5,23,A01
202100039918,2,7,,0,2,8,1,A01
202100039918,1,7,,0,2,1,1,B01
202100039919,1,2,,0,2,1,16,A01
202100039919,2,7,,0,2,0,5,B01
202100039920,1,7,,0,1,2,16,A01
202100039921,2,7,,0,2,2,1,B01
202100039921,2,7,,11,2,1,6,A01
202100039922,0,7,,0,1,0,19,A01
202100039923,1,1,,0,2,4,1,B01
202100039923,1,7,,0,2,1,9,A01
202100039924,2,7,,0,2,1,9,A01
202100039924,2,7,,0,2,5,1,B01
202100039925,2,7,,0,2,1,0,A01
202100039925,2,7,,0,2,4,23,C01
202100039925,2,7,,0,2,9,0,B01
202100039926,2,7,,0,2,2,1,B01
202100039926,1,1,,0,2,0,19,A01
202100039927,3,7,,0,2,1,15,A01
202100039927,3,7,,0,2,3,2,B01
202100039928,2,7,,0,2,1,1,A01
202100039928,2,10,,0,2,6,23,B01
202100039929,3,30,,0,0,3,1,A01
202100039930,1,7,,0,0,-1,1,A01
202100039930,2,7,,0,9,1,1,B01
202100039931,0,40,,0,0,7,24,B01
202100039931,2,1,,0,4,0,2,A01
202100039932,1,33,,0,2,9,2,B01
202100039932,1,7,,0,2,1,15,A01
202100039933,2,7,,0,2,1,9,A01
202100039933,1,1,,0,2,7,1,B01
202100039934,1,7,,0,1,2,15,A01
202100039935,1,7,,15,0,1,0,A01
202100039936,2,10,,0,2,8,19,B01
202100039936,2,7,,0,2,1,19,A01
202100039937,0,7,,6,0,1,16,A01
202100039938,1,7,,0,1,1,19,A01
202100039939,2,7,,0,2,1,9,A01
202100039939,2,7,,0,2,3,1,B01
202100039940,1,1,,1,0,1,17,A01
202100039940,1,7,,1,0,3,22,B01
202100039941,3,7,,0,1,2,26,A01
202100039942,1,7,,0,2,3,9,A01
202100039942,2,2,,0,2,7,1,B01
202100039943,1,7,,0,2,3,1,B01
202100039943,1,1,,0,2,1,1,A01
202100039944,2,7,,0,2,8,1,B01
202100039944,2,7,,0,2,3,1,A01
202100039945,2,7,,0,1,2,1,A01
202100039946,2,7,,0,2,3,1,C01
202100039946,1,7,,0,2,5,2,B01
202100039946,1,7,,0,2,3,2,A01
202100039947,0,37,1.0,0,2,0,1,B01
202100039947,0,30,,0,2,0,0,A01
202100039948,2,1,,0,2,1,1,B01
202100039948,2,7,,0,2,6,9,A01
202100039949,1,7,,0,2,2,1,A01
202100039949,1,31,,0,2,3,1,B01
202100039950,1,7,,6,2,1,14,A01
202100039951,2,7,,0,2,1,1,B01
202100039951,1,7,,0,2,1,1,A01
202100039952,3,7,,0,2,1,2,Z01
202100039952,1,7,,0,2,4,1,B01
202100039953,1,33,,0,1,1,0,A01
202100039954,1,33,,0,2,1,17,B01
202100039954,3,7,,0,2,6,13,A01
202100039955,2,7,,2,0,2,14,A01
202100039956,3,30,,6,0,1,15,A01
202100039957,2,7,,0,2,1,1,B01
202100039957,1,7,,0,2,1,15,A01
202100039958,2,33,,0,2,1,17,B01
202100039958,2,7,,0,2,8,10,A01
202100039959,1,1,,4,0,1,1,A01
202100039960,1,43,,0,2,2,1,A01
202100039960,1,7,,0,2,8,22,B01
202100039961,1,7,,0,2,5,12,A01
202100039961,1,32,,0,2,1,3,B01
202100039962,3,32,,14,0,1,15,A01
202100039963,1,7,,0,2,6,19,A01
202100039963,2,2,,0,2,1,1,B01
202100039964,1,7,,0,2,3,16,B01
202100039964,3,7,,0,2,2,1,A01
202100039965,1,7,,0,2,8,1,B01
202100039965,2,14,,0,2,3,1,A01
202100039966,1,33,,0,2,4,2,B01
202100039966,1,7,,0,2,1,1,A01
202100039967,1,10,,0,2,4,23,B01
202100039967,1,7,,0,2,1,2,A01
202100039968,2,33,,0,0,0,26,A01
202100039969,1,32,,0,2,2,5,B01
202100039969,1,7,,0,2,3,15,A01
202100039970,3,30,,0,2,0,0,A01
202100039970,1,7,,0,0,0,0,B01
202100039971,3,7,,0,1,2,1,A01
202100039972,2,7,,0,2,3,15,B01
202100039972,2,33,,0,2,2,1,A01
202100039973,1,7,,1,0,3,5,A01
202100039974,1,37,1.0,0,2,6,1,A01
202100039974,2,30,,0,2,1,1,B01
202100039975,2,10,,0,1,1,7,A01
202100039976,1,2,,0,0,8,1,A01
202100039977,1,30,,14,0,1,19,A01
202100039978,2,15,,0,0,2,0,A01
202100039979,1,7,,3,2,5,5,A01
202100039979,2,7,,0,2,2,1,B01
202100039980,2,7,,0,0,4,2,B01
202100039980,2,17,,0,2,1,2,A01
202100039981,1,33,,0,2,1,2,A01
202100039981,1,33,,0,0,4,2,B01
202100039982,1,7,,2,0,3,13,A01
202100039982,2,2,,0,2,1,1,B01
202100039983,1,7,,15,9,1,16,A01
202100039984,1,33,,12,0,1,1,A01
202100039985,2,3,,0,2,3,15,B01
202100039985,2,33,,0,2,2,17,A01
202100039986,1,36,,0,0,0,14,A01
202100039987,1,7,,0,2,1,1,A01
202100039987,3,7,,0,2,2,1,B01
202100039988,3,7,,0,2,3,1,A01
202100039988,3,7,,0,2,3,1,B01
202100039989,3,2,,0,2,1,0,A01
202100039989,3,7,,0,2,2,16,B01
202100039990,1,2,,0,2,0,1,B01
202100039990,1,7,,0,2,3,9,A01
202100039991,2,7,,15,2,7,1,A01
202100039991,1,7,,15,2,1,1,B01
202100039992,2,1,,0,2,1,1,B01
202100039992,1,7,,0,9,6,15,A01
202100039993,2,31,,0,0,0,17,A01
202100039994,1,7,,0,0,1,1,A01
202100039995,1,33,,0,2,8,15,A01
202100039995,1,33,,0,2,7,1,B01
202100039996,1,10,,0,0,6,2,B01
202100039996,1,1,,0,2,1,2,A01
202100039997,2,7,,13,0,2,1,A01
202100039998,0,7,,0,2,2,1,B01
202100039998,3,7,,0,2,1,19,A01
202100039999,1,36,,0,0,0,0,A01
202100040000,1,33,,14,6,1,1,A01
202100040001,2,7,,0,2,3,10,A01
202100040001,1,43,,0,2,2,1,B01
202100040002,2,1,,0,2,8,2,B01
202100040002,1,7,,0,2,7,17,A01
202100040003,2,33,,0,0,7,1,A01
202100040004,2,7,,3,0,9,1,A01
202100040005,2,7,,0,2,3,1,A01
202100040005,1,7,,0,2,3,1,B01
202100040006,1,7,,0,2,1,1,B01
202100040006,2,7,,0,2,8,19,A01
202100040007,2,33,,2,0,1,2,A01
202100040008,1,10,,1,0,1,0,A01
202100040008,1,7,,0,0,4,23,B01
202100040009,1,7,,2,0,1,13,A01
202100040010,3,7,,0,1,2,16,A01
202100040011,1,7,,0,0,6,1,B01
202100040011,2,7,,0,2,3,13,A01
202100040012,2,10,,0,1,2,15,A01
202100040013,1,2,,0,0,1,0,A01
202100040014,2,7,,0,2,1,1,B01
202100040014,2,7,,0,0,7,1,A01
202100040015,1,7,,4,0,2,14,A01
202100040016,3,7,,3,0,2,1,A01
202100040017,2,33,,0,2,1,2,A01
202100040017,2,7,,0,2,4,2,B01
202100040018,2,10,,4,0,3,2,A01
202100040019,1,7,,4,0,3,13,A01
202100040020,2,7,,3,0,2,12,A01
202100040021,2,31,,0,0,0,21,A01
202100040022,1,7,,0,2,8,1,B01
202100040022,1,7,,0,2,1,12,A01
202100040023,2,7,,0,1,0,1,A01
202100040024,0,7,,0,1,5,20,A01
202100040025,2,7,,16,0,9,14,A01
202100040026,1,30,,0,2,1,13,A01
202100040026,2,7,,0,2,1,1,B01
202100040027,1,10,,0,2,3,10,A01
202100040027,2,31,,0,2,1,1,B01
202100040028,3,30,,0,2,1,1,A01
202100040028,3,7,,0,2,4,15,B01
202100040029,3,7,,8,2,1,1,A01
202100040029,1,7,,0,2,8,1,B01
202100040030,1,7,,0,2,8,15,A01
202100040030,2,2,,0,2,8,18,B01
202100040031,3,2,,0,2,1,10,B01
202100040031,3,7,,0,2,1,1,A01
202100040032,3,7,,0,2,0,0,Z01
202100040032,3,1,,0,2,0,0,B01
202100040033,2,7,,0,2,1,9,A01
202100040033,2,7,,0,2,5,1,B01
202100040034,3,10,,0,1,8,15,A01
202100040035,2,1,,0,2,4,1,B01
202100040035,2,7,,0,2,2,13,A01
202100040036,3,32,,0,0,0,0,A01
202100040037,3,30,,0,9,1,14,A01
202100040037,3,1,,0,2,8,0,B01
202100040038,2,10,,0,2,5,23,B01
202100040038,2,30,,0,2,1,3,A01
202100040039,3,7,,14,0,3,14,A01
202100040039,3,7,,0,2,3,23,B01
202100040040,2,7,,0,9,0,2,A01
202100040040,2,7,,0,9,1,2,B01
202100040040,2,7,,0,9,1,2,C01
202100040041,2,7,,0,2,2,1,B01
202100040041,1,7,,0,2,1,15,A01
202100040042,1,7,,0,9,2,14,A01
202100040043,1,10,,0,2,6,15,B01
202100040043,1,7,,0,2,1,17,A01
202100040044,1,30,,8,2,7,21,A01
202100040045,2,30,,0,2,1,1,A01
202100040045,1,7,,0,2,3,15,B01
202100040046,1,7,,0,2,1,1,B01
202100040046,1,7,,0,2,7,15,A01
202100040047,1,7,,0,9,1,26,A01
202100040048,2,7,,0,2,1,26,B01
202100040048,1,10,,10,2,1,13,A01
202100040049,2,7,,0,2,1,1,B01
202100040049,1,30,,0,2,3,16,A01
202100040050,2,30,,0,0,2,26,A01
202100040051,1,7,,0,2,1,1,A01
202100040051,1,7,,0,2,4,1,B01
202100040051,1,7,,0,2,4,1,C01
202100040051,1,7,,0,2,4,2,D01
202100040052,1,30,,0,0,8,2,A01
202100040053,3,1,,0,2,7,19,B01
202100040053,1,7,,0,2,1,1,A01
202100040054,1,33,,0,2,2,1,B01
202100040054,1,7,,0,2,3,20,A01
202100040055,2,2,,0,2,2,14,A01
202100040055,1,7,,0,2,3,1,B01
202100040056,2,7,,0,2,8,1,B01
202100040056,2,1,,0,2,8,26,A01
202100040057,1,7,,0,2,3,15,A01
202100040057,1,2,,0,2,1,17,B01
202100040058,2,30,,0,2,1,17,A01
202100040058,2,7,,0,2,3,15,B01
202100040059,1,33,,0,0,0,21,A01
202100040060,1,7,,0,2,9,1,B01
202100040060,3,7,,0,2,1,1,A01
202100040061,2,99,,0,1,1,1,Z01
202100040062,3,10,,0,2,3,9,B01
202100040062,3,10,,0,2,1,0,A01
202100040063,1,10,,0,2,8,10,A01
202100040063,2,7,,0,2,1,1,B01
202100040064,1,33,,0,2,3,1,A01
202100040064,2,7,,0,2,3,15,B01
202100040065,2,7,,0,2,7,1,B01
202100040065,1,15,,0,2,2,19,A01
202100040066,1,30,,0,0,0,1,A01
202100040067,0,7,,1,0,6,20,A01
202100040067,3,30,,0,2,1,24,B01
202100040068,2,32,,0,2,1,1,B01
202100040068,2,3,,0,2,3,10,A01
202100040069,2,7,,0,2,6,15,A01
202100040069,2,34,,0,2,1,8,B01
202100040070,2,99,,0,1,3,16,A01
202100040071,1,2,,0,2,1,17,A01
202100040071,1,7,,0,2,4,23,B01
202100040071,1,33,,0,2,4,2,C01
202100040072,1,7,,0,2,4,23,A01
202100040072,1,7,,0,2,1,2,B01
202100040073,2,7,,0,2,2,12,A01
202100040073,2,30,,0,2,1,1,B01
202100040074,1,1,,0,2,1,1,B01
202100040074,2,7,,0,2,2,26,A01
202100040075,1,7,,0,2,1,0,A01
202100040075,1,30,,0,2,1,0,B01
202100040076,0,7,,12,0,3,21,A01
202100040077,2,10,,14,2,2,21,A01
202100040077,2,7,,0,0,6,23,B01
202100040078,2,2,,0,2,8,1,B01
202100040078,2,7,,0,2,2,16,A01
202100040079,1,7,,0,2,4,1,Z01
202100040079,1,1,,0,2,1,1,A01
202100040080,2,7,,0,2,1,15,A01
202100040080,1,30,,0,2,8,1,B01
202100040081,1,7,,0,2,1,1,B01
202100040081,1,32,,0,2,3,1,A01
202100040082,2,2,,0,2,4,1,B01
202100040082,2,34,,0,2,1,2,A01
202100040083,3,7,,0,2,2,9,B01
202100040083,2,2,,0,2,1,1,A01
202100040084,1,34,,0,2,1,15,A01
202100040084,1,7,,0,2,3,1,B01
202100040085,1,7,,0,2,1,2,A01
202100040085,1,7,,0,2,4,2,B01
202100040085,1,7,,0,0,4,26,C01
202100040086,1,7,,2,0,2,0,A01
202100040087,1,7,,0,2,1,2,A01
202100040087,1,7,,0,2,4,1,B01
202100040088,3,7,,0,2,1,13,B01
202100040088,3,1,,0,2,1,1,A01
202100040089,2,7,,13,0,9,14,A01
202100040090,2,7,,0,2,3,5,B01
202100040090,1,7,,0,2,3,5,A01
202100040091,2,7,,0,2,1,13,A01
202100040091,1,7,,0,2,1,1,B01
202100040092,3,21,,16,0,2,1,A01
202100040093,1,7,,0,0,8,21,A01
202100040093,2,7,,0,0,8,13,B01
202100040094,3,1,,0,0,2,1,A01
202100040095,2,7,,2,0,0,0,A01
202100040096,2,7,,6,0,1,1,A01
202100040097,3,7,,12,0,6,1,A01
202100040098,1,43,,0,2,7,17,A01
202100040098,1,7,,0,2,8,20,B01
202100040099,3,7,,15,0,1,1,A01
202100040100,1,7,,0,2,1,19,A01
202100040100,2,7,,3,2,3,1,B01
202100040101,2,7,,0,1,1,1,A01
202100040102,3,7,,0,1,2,18,A01
202100040103,1,7,,0,2,3,2,C01
202100040103,1,33,,0,2,4,2,B01
202100040103,1,7,,0,0,4,2,A01
202100040104,2,7,,0,2,2,0,A01
202100040104,2,1,,0,2,1,1,B01
202100040105,2,30,,0,2,1,1,B01
202100040105,1,10,,0,2,3,13,A01
202100040106,1,7,,13,0,3,1,A01
202100040107,1,21,,13,0,1,1,A01
202100040108,1,10,,0,2,2,13,A01
202100040108,2,7,,0,2,2,21,B01
202100040109,2,7,,6,0,2,13,A01
202100040110,1,7,,9,0,1,1,A01
202100040111,1,2,,0,2,1,15,B01
202100040111,2,7,,0,2,3,1,A01
202100040112,2,7,,0,2,2,2,A01
202100040112,2,17,,0,2,6,2,B01
202100040113,1,3,,0,2,6,2,B01
202100040113,1,10,,0,2,2,2,A01
202100040114,2,7,,3,2,1,2,A01
202100040114,2,15,,0,0,6,2,B01
202100040115,1,33,,13,0,1,0,A01
202100040116,2,7,,0,2,1,13,A01
202100040116,1,7,,0,2,1,15,B01
202100040117,1,32,,12,0,8,1,A01
202100040118,3,7,,0,2,2,1,A01
202100040118,3,1,,0,2,4,1,B01
202100040119,2,33,,13,0,1,1,A01
202100040120,0,7,,0,0,5,15,A01
202100040120,0,2,,0,0,1,18,B01
202100040121,0,2,,0,2,2,17,A01
202100040121,0,15,,0,2,3,15,B01
202100040122,1,1,,14,0,0,1,A01
202100040123,2,7,,13,0,1,1,A01
202100040124,3,7,,0,1,3,9,A01
202100040125,2,15,,0,2,7,1,B01
202100040125,2,2,,0,2,8,20,A01
202100040126,1,2,,0,2,1,1,B01
202100040126,1,10,,0,2,3,19,A01
202100040127,2,7,,0,2,6,19,B01
202100040127,1,33,,0,2,1,1,A01
202100040128,0,1,,8,0,1,0,A01
202100040129,2,7,,0,2,4,1,A01
202100040129,2,7,,0,2,4,2,B01
202100040129,2,7,,0,2,1,2,C01
202100040129,2,7,,0,2,1,2,D01
202100040130,1,7,,0,2,1,13,A01
202100040130,1,7,,0,2,9,2,B01
202100040130,1,10,,0,2,6,1,C01
202100040130,1,7,,0,2,4,1,D01
202100040130,1,17,,0,2,4,1,E01
202100040131,1,33,,7,0,3,12,A01
202100040132,1,7,,0,2,1,2,A01
202100040132,1,7,,0,2,4,2,B01
202100040132,1,7,,0,2,4,2,C01
202100040133,1,7,,3,0,2,14,A01
202100040134,2,33,,0,0,9,1,A01
202100040135,2,33,,0,2,1,12,A01
202100040136,2,1,,0,2,2,1,A01
202100040136,2,1,,0,2,6,1,B01
202100040137,1,10,,0,2,1,2,A01
202100040137,1,7,,0,2,4,2,B01
202100040138,1,33,,0,2,8,17,B01
202100040138,1,13,,0,2,1,2,A01
202100040139,1,2,,0,0,1,1,A01
202100040140,1,30,,0,2,1,1,A01
202100040140,1,50,,0,2,0,0,B01
202100040141,1,7,,0,9,2,1,A01
202100040141,3,80,,0,2,1,0,B01
202100040142,1,7,,0,2,3,0,B01
202100040142,1,7,,0,2,2,0,A01
202100040143,1,7,,0,2,1,0,A01
202100040143,1,10,,0,2,4,4,B01
202100040144,1,7,,9,0,1,15,A01
202100040145,1,10,,0,2,0,9,Z01
202100040145,1,43,,0,2,1,1,A01
202100040146,1,30,,8,0,3,15,A01
202100040147,2,7,,0,2,6,15,A01
202100040147,1,32,,0,2,1,1,B01
202100040148,2,2,,0,2,1,17,B01
202100040148,2,7,,0,2,3,10,A01
202100040149,2,1,,0,2,8,1,A01
202100040150,1,7,,0,2,1,1,B01
202100040150,1,7,,0,2,2,17,A01
202100040151,3,7,,0,1,1,1,A01
202100040152,1,50,,0,1,1,14,A01
202100040153,1,7,,0,0,1,1,A01
202100040154,2,7,,0,0,4,15,B01
202100040154,2,7,,0,2,1,1,A01
202100040155,1,7,,0,2,1,1,B01
202100040155,1,10,,0,2,1,1,A01
202100040156,1,7,,0,2,2,19,A01
202100040156,2,7,,0,2,8,1,B01
202100040157,0,30,,0,0,0,14,A01
202100040158,1,33,,0,2,1,1,A01
202100040158,1,7,,0,2,6,1,B01
202100040159,1,7,,0,2,3,10,A01
202100040159,2,2,,0,2,7,1,B01
202100040160,1,2,,0,2,1,2,B01
202100040160,2,7,,0,2,6,15,A01
202100040161,2,30,,0,2,2,1,A01
202100040161,2,10,,0,2,6,1,B01
202100040162,2,7,,0,2,2,16,A01
202100040162,2,1,,0,2,3,1,B01
202100040163,3,7,,0,1,5,20,A01
202100040164,3,7,,6,0,1,14,A01
202100040165,1,7,,7,0,2,16,A01
202100040166,1,7,,0,2,2,1,A01
202100040166,2,7,,0,2,3,1,B01
202100040167,0,37,1.0,0,1,1,1,A01
202100040168,0,30,,15,0,1,14,A01
202100040169,2,7,,0,1,2,16,A01
202100040170,1,7,,0,2,3,9,A01
202100040170,1,33,,0,2,5,1,B01
202100040171,3,2,,0,2,1,1,B01
202100040171,3,7,,0,2,2,12,A01
202100040172,2,7,,6,0,2,14,A01
202100040173,1,7,,0,2,1,2,A01
202100040173,1,7,,0,2,4,1,D01
202100040173,1,7,,0,2,4,1,C01
202100040173,1,7,,0,2,4,1,B01
202100040174,1,1,,0,2,1,1,B01
202100040174,2,7,,0,2,2,15,A01
202100040175,1,7,,0,9,1,1,A01
202100040175,1,2,,0,2,1,1,B01
202100040176,1,7,,1,0,2,14,A01
202100040176,3,14,,0,2,6,23,B01
202100040177,2,10,,0,9,3,20,A01
202100040177,2,1,,1,0,1,0,B01
202100040178,1,1,,0,0,0,26,A01
202100040179,1,7,,0,4,1,26,A01
202100040180,1,1,,0,2,3,0,B01
202100040180,1,7,,0,9,2,26,A01
202100040181,3,7,,0,2,2,1,A01
202100040181,2,7,,0,2,8,14,B01
202100040182,1,42,,0,2,1,1,A01
202100040182,1,7,,0,2,4,1,B01
202100040183,0,33,,13,0,1,26,A01
202100040184,2,7,,0,2,8,15,A01
202100040184,1,37,1.0,0,2,1,1,B01
202100040185,2,7,,0,2,4,1,B01
202100040185,2,7,,0,2,1,1,A01
202100040186,2,30,,0,0,7,26,A01
202100040187,2,7,,0,1,1,1,Z01
202100040188,1,7,,0,2,4,26,B01
202100040188,1,7,,0,2,1,26,A01
202100040189,1,1,,1,2,7,17,B01
202100040189,1,17,,0,2,8,22,A01
202100040190,0,7,,0,1,1,16,A01
202100040191,2,30,,0,4,8,19,A01
202100040191,2,40,,0,2,1,1,B01
202100040192,1,7,,0,2,2,2,A01
202100040192,1,7,,0,2,6,1,B01
202100040193,2,7,,0,2,3,1,A01
202100040193,2,1,,0,2,7,25,B01
202100040194,1,2,,0,2,2,1,A01
202100040194,1,7,,0,2,5,16,B01
202100040195,2,7,,0,2,1,1,B01
202100040195,1,7,,0,2,2,15,A01
202100040196,1,7,,0,2,4,2,B01
202100040196,1,7,,0,2,1,2,A01
202100040197,1,7,,0,2,2,15,A01
202100040197,1,2,,0,2,8,21,B01
202100040198,0,1,,0,2,3,1,B01
202100040198,0,37,2.0,0,2,2,1,A01
202100040199,3,7,,0,1,1,9,A01
202100040200,1,7,,0,2,4,2,B01
202100040200,1,7,,0,2,1,2,A01
202100040201,3,2,,0,2,9,17,A01
202100040201,3,7,,0,9,8,2,B01
202100040201,3,10,,0,9,8,0,C01
202100040202,1,1,,0,2,7,3,A01
202100040202,1,7,,0,2,1,1,B01
202100040203,1,7,,0,2,1,0,C01
202100040203,2,7,,0,2,7,1,B01
202100040203,2,7,,0,2,1,17,A01
202100040204,1,7,,0,2,3,23,C01
202100040204,1,34,,0,2,1,1,B01
202100040204,1,32,,0,2,1,2,A01
202100040205,0,31,,0,2,2,12,B01
202100040205,3,7,,0,2,3,1,A01
202100040206,3,7,,0,1,5,20,A01
202100040207,2,7,,0,1,2,1,A01
202100040208,1,10,,0,2,1,0,A01
202100040208,1,10,,0,2,4,0,B01
202100040209,2,7,,-1,2,8,1,B01
202100040209,2,7,,-1,2,6,10,A01
202100040210,2,7,,0,1,1,1,A01
202100040211,3,7,,6,0,1,14,A01
202100040212,2,7,,0,2,8,10,B01
202100040212,2,10,,0,2,2,17,A01
202100040213,3,7,,0,2,4,9,B01
202100040213,3,7,,0,2,1,9,A01
202100040214,1,33,,0,2,8,12,A01
202100040214,1,10,,0,2,5,1,B01
202100040215,1,32,,0,2,3,3,A01
202100040215,1,7,,0,2,7,12,B01
202100040216,2,7,,0,2,1,2,A01
202100040216,2,7,,0,2,4,2,B01
202100040216,2,7,,0,2,6,1,C01
202100040216,2,7,,0,2,5,2,D01
202100040217,2,7,,0,1,2,1,A01
202100040218,1,30,,0,2,1,3,B01
202100040218,2,7,,0,2,2,9,A01
202100040219,2,2,,0,2,7,2,A01
202100040219,2,30,,0,2,7,13,Z01
202100040220,2,50,,0,1,1,5,A01
202100040221,1,7,,0,2,6,22,B01
202100040221,1,30,,0,2,0,18,A01
202100040222,1,7,,0,1,1,1,A01
202100040223,2,34,,0,2,4,2,A01
202100040223,2,7,,0,2,0,2,Z01
202100040224,1,7,,0,2,4,2,A01
202100040224,1,1,,0,2,1,2,B01
202100040225,2,50,,0,0,0,15,A01
202100040226,3,7,,0,2,1,1,B01
202100040226,3,1,,0,2,7,7,A01
202100040227,2,7,,0,2,1,1,A01
202100040227,2,7,,0,2,4,1,B01
202100040228,1,43,,0,1,1,1,A01
202100040229,2,30,,0,2,0,0,B01
202100040229,2,30,,0,2,3,13,A01
202100040230,1,2,,0,2,1,2,A01
202100040230,3,7,,0,2,6,23,B01
202100040231,1,7,,15,0,1,16,A01
202100040232,3,7,,0,2,0,0,A01
202100040232,3,31,,0,2,0,0,B01
202100040233,2,7,,0,2,8,15,A01
202100040233,2,32,,0,2,1,1,B01
202100040234,1,7,,0,0,1,1,A01
202100040234,1,3,,0,0,4,1,B01
202100040235,2,31,,0,2,3,3,B01
202100040235,2,7,,0,2,2,12,A01
202100040236,1,14,,0,1,5,1,A01
202100040237,2,1,,1,0,1,1,B01
202100040237,2,7,,0,2,3,22,A01
202100040238,2,1,,0,2,3,0,B01
202100040238,1,7,,0,2,3,15,A01
202100040239,1,30,,0,0,0,0,A01
202100040240,1,7,,0,2,0,15,A01
202100040240,2,1,,0,2,0,1,B01
202100040241,1,7,,11,0,1,13,A01
202100040242,1,7,,0,2,3,15,B01
202100040242,1,31,,0,2,1,3,A01
202100040243,1,7,,0,0,4,1,A01
202100040243,1,7,,0,2,1,2,B01
202100040244,3,7,,0,2,1,16,A01
202100040244,3,1,,0,2,1,15,B01
202100040245,2,7,,0,0,0,0,A01
202100040246,2,7,,13,0,9,1,A01
202100040247,1,33,,4,0,8,1,A01
202100040248,2,7,,2,0,1,1,A01
202100040249,2,33,,0,0,7,1,A01
202100040250,1,7,,13,0,2,1,A01
202100040251,1,7,,0,1,2,1,A01
202100040252,1,7,,10,0,8,1,A01
202100040253,2,7,,0,9,1,17,B01
202100040253,2,1,,0,9,4,15,A01
202100040254,1,33,,16,0,1,1,A01
202100040255,1,7,,13,0,1,1,A01
202100040256,0,7,,0,0,3,1,B01
202100040256,0,7,,0,2,3,13,A01
202100040257,3,32,,14,0,0,0,A01
202100040258,1,33,,0,0,0,1,A01
202100040259,1,7,,0,2,2,21,B01
202100040259,1,7,,0,2,1,9,A01
202100040260,2,30,,0,2,1,1,B01
202100040260,0,10,,0,2,3,15,A01
202100040261,2,7,,6,0,3,1,A01
202100040262,3,1,,0,2,1,1,B01
202100040262,3,2,,0,9,1,1,A01
202100040263,1,2,,12,0,9,1,A01
202100040264,2,2,,0,2,1,1,B01
202100040264,1,7,,0,2,1,15,A01
202100040265,1,10,,0,2,1,0,A01
202100040265,1,50,,0,2,4,0,B01
202100040266,1,33,,0,6,1,1,A01
202100040267,1,2,,0,0,7,1,A01
202100040268,0,7,,0,0,8,15,A01
202100040268,1,7,,0,2,3,1,B01
202100040269,2,7,,8,0,1,13,A01
202100040270,1,15,,0,2,1,1,C01
202100040270,2,7,,0,2,1,1,B01
202100040270,2,7,,0,2,1,13,A01
202100040271,1,7,,0,0,3,2,B01
202100040271,1,2,,0,2,2,2,A01
202100040272,2,33,,0,2,1,17,B01
202100040272,2,7,,0,2,3,15,A01
202100040273,1,33,,0,2,1,2,B01
202100040273,1,7,,0,0,4,2,A01
202100040274,1,33,,0,0,7,1,A01
202100040275,0,2,,0,0,1,6,A01
202100040276,2,10,,0,1,3,0,A01
202100040277,1,33,,2,0,8,1,A01
202100040278,2,7,,8,0,1,1,A01
202100040279,2,7,,0,2,3,19,A01
202100040279,1,33,,0,2,2,1,B01
202100040280,3,7,,0,2,2,13,A01
202100040280,3,2,,0,2,1,1,B01
202100040281,2,33,,0,2,2,2,A01
202100040281,2,7,,0,0,6,2,B01
202100040282,0,7,,4,0,2,2,A01
202100040283,2,33,,0,0,0,0,A01
202100040284,2,7,,13,0,1,1,A01
202100040285,1,7,,0,2,3,1,B01
202100040285,2,7,,0,2,3,1,A01
202100040286,2,15,,0,2,3,1,A01
202100040286,1,7,,0,2,1,1,B01
202100040286,2,7,,0,2,1,1,C01
202100040286,1,7,,0,2,1,13,D01
202100040287,2,7,,4,0,2,13,A01
202100040288,2,7,,0,2,4,1,A01
202100040288,2,10,,0,2,1,2,B01
202100040288,2,10,,0,2,1,2,C01
202100040289,1,7,,0,2,5,14,B01
202100040289,1,33,,0,2,0,1,A01
202100040290,2,14,,0,0,2,1,A01
202100040291,2,32,,0,2,1,12,A01
202100040291,2,7,,0,0,4,1,B01
202100040292,2,7,,0,1,3,2,C01