Num_Acc,senc,catv,occutc,obs,obsm,choc,manv,num_veh
202100040292,2,7,,0,2,5,2,B01
202100040292,2,32,,0,2,1,3,A01
202100040293,1,15,,0,2,4,2,C01
202100040293,1,15,,0,2,1,2,A01
202100040293,1,7,,0,2,4,2,B01
202100040294,1,7,,0,2,6,12,B01
202100040294,1,33,,0,2,1,3,A01
202100040295,2,2,,0,1,1,17,A01
202100040296,1,32,,0,2,2,21,A01
202100040296,2,32,,0,2,1,0,B01
202100040297,1,7,,0,1,0,26,A01
202100040298,0,10,,0,1,1,1,A01
202100040299,1,7,,1,1,7,1,A01
202100040300,3,7,,0,1,2,1,A01
202100040301,3,33,,0,2,1,1,B01
202100040301,3,7,,0,2,1,15,A01
202100040302,3,33,,0,2,7,17,B01
202100040302,3,7,,0,2,8,1,A01
202100040303,2,7,,0,2,1,1,B01
202100040303,1,7,,0,2,1,13,A01
202100040304,3,33,,0,2,0,21,A01
202100040305,3,30,,0,2,1,2,A01
202100040305,3,7,,0,2,4,0,B01
202100040306,2,7,,0,2,4,16,B01
202100040306,2,7,,0,2,1,1,Z01
202100040307,3,50,,4,0,1,1,A01
202100040308,2,2,,0,2,1,0,B01
202100040308,2,7,,0,2,7,16,A01
202100040309,2,7,,0,2,2,1,B01
202100040309,2,7,,0,2,7,15,A01
202100040310,1,31,,0,2,1,1,B01
202100040310,2,7,,0,2,8,15,A01
202100040311,1,1,,0,2,7,1,A01
202100040311,1,7,,0,2,1,1,B01
202100040312,1,33,,0,2,9,3,B01
202100040312,1,7,,0,2,3,11,A01
202100040313,2,1,,15,0,1,16,A01
202100040314,3,7,,0,2,7,1,A01
202100040314,3,7,,0,2,1,1,B01
202100040315,1,7,,0,1,2,1,A01
202100040316,3,7,,0,2,1,1,A01
202100040316,3,7,,0,2,4,23,B01
202100040317,2,7,,6,0,9,1,A01
202100040318,3,7,,0,2,3,1,B01
202100040318,1,2,,0,2,1,26,A01
202100040319,0,7,,8,1,1,1,A01
202100040320,0,7,,0,1,2,5,A01
202100040321,1,1,,0,2,2,1,B01
202100040321,1,7,,0,2,1,1,A01
202100040322,0,1,,0,2,8,1,B01
202100040322,0,7,,0,2,3,9,A01
202100040323,1,31,,0,2,5,0,B01
202100040323,1,7,,0,2,3,9,A01
202100040324,3,10,,0,2,8,1,A01
202100040324,1,50,,0,2,1,1,B01
202100040325,2,7,,0,2,3,1,B01
202100040325,1,30,,0,2,6,15,A01
202100040326,1,33,,0,2,4,23,A01
202100040326,1,7,,0,2,1,2,Z01
202100040327,1,33,,12,0,8,1,A01
202100040328,3,7,,0,2,3,11,A01
202100040328,3,2,,0,2,7,1,B01
202100040329,1,7,,0,1,3,26,A01
202100040330,0,7,,0,2,4,2,B01
202100040330,0,7,,0,2,1,2,A01
202100040331,0,7,,0,2,8,24,A01
202100040331,0,1,,0,2,7,1,B01
202100040332,0,10,,0,2,8,23,B01
202100040332,2,33,,0,2,1,26,A01
202100040332,0,7,,0,2,6,23,C01
202100040333,1,7,,0,2,7,17,A01
202100040333,1,2,,0,2,8,1,B01
202100040334,2,7,,0,1,1,1,A01
202100040335,1,7,,0,1,7,14,A01
202100040336,1,7,,0,1,4,20,A01
202100040337,0,50,,0,0,1,15,A01
202100040338,1,37,1.0,0,2,3,0,B01
202100040338,1,7,,0,2,0,26,A01
202100040339,1,7,,0,2,3,26,A01
202100040339,1,1,,0,2,0,26,B01
202100040340,1,7,,0,2,5,16,A01
202100040340,1,37,1.0,0,2,3,1,B01
202100040341,3,33,,0,0,0,21,A01
202100040342,1,1,,0,2,0,17,B01
202100040342,1,2,,0,2,0,15,A01
202100040343,1,7,,0,2,2,0,A01
202100040343,1,7,,0,2,6,1,B01
202100040344,1,7,,0,2,1,1,A01
202100040344,1,7,,0,2,8,1,B01
202100040345,2,40,,0,1,2,1,A01
202100040346,2,7,,0,2,6,1,B01
202100040346,2,7,,0,2,1,1,A01
202100040347,2,30,,0,2,7,21,A01
202100040347,2,7,,0,2,6,16,B01
202100040348,1,7,,0,2,7,1,B01
202100040348,1,1,,0,2,1,15,A01
202100040349,1,1,,0,2,1,1,B01
202100040349,2,7,,0,2,3,9,A01
202100040350,2,7,,0,1,2,1,A01
202100040351,1,50,,0,1,1,1,A01
202100040352,1,36,,13,0,1,1,A01
202100040353,1,7,,0,1,1,1,Z01
202100040354,2,7,,0,2,6,23,B01
202100040354,2,7,,0,2,1,23,C01
202100040354,2,7,,0,2,0,13,Z01
202100040354,1,33,,0,2,1,13,A01
202100040355,2,30,,0,1,1,26,Z01
202100040356,3,10,,0,2,0,0,B01
202100040356,3,7,,0,2,1,2,A01
202100040357,0,32,,0,2,1,2,A01
202100040357,0,7,,0,2,6,13,B01
202100040358,1,10,,0,2,1,1,A01
202100040358,1,7,,0,2,4,23,B01
202100040359,1,34,,0,2,1,26,A01
202100040359,1,7,,0,9,4,2,B01
202100040359,1,7,,0,2,1,2,C01
202100040360,1,7,,0,2,6,1,B01
202100040360,2,7,,0,2,8,0,A01
202100040361,0,7,,0,2,5,4,A01
202100040361,0,2,,0,2,2,1,B01
202100040362,3,7,,0,1,1,26,A01
202100040363,2,2,,0,2,2,2,B01
202100040363,2,7,,0,2,8,15,A01
202100040364,2,1,,1,0,7,18,A01
202100040365,1,7,,0,2,3,15,A01
202100040365,1,33,,0,2,2,17,B01
202100040366,1,1,,0,2,8,17,B01
202100040366,1,7,,0,2,2,17,A01
202100040367,2,7,,0,2,1,2,A01
202100040367,2,7,,0,2,4,23,B01
202100040368,2,50,,0,1,1,25,A01
202100040369,2,7,,14,1,1,14,A01
202100040370,0,10,,0,1,2,16,A01
202100040371,2,1,,0,1,1,1,A01
202100040372,3,7,,0,1,2,17,A01
202100040373,1,43,,0,2,2,15,A01
202100040373,2,1,,0,2,1,1,B01
202100040374,1,80,,0,2,7,17,A01
202100040374,1,80,,0,2,8,13,B01
202100040375,1,33,,0,2,1,1,B01
202100040375,2,7,,0,2,2,15,A01
202100040376,3,7,,0,2,1,1,A01
202100040376,1,7,,1,2,8,1,B01
202100040377,2,1,,0,2,4,1,A01
202100040377,2,10,,0,2,1,1,Z01
202100040378,1,1,,0,2,0,1,A01
202100040378,1,1,,0,0,0,17,B01
202100040378,1,32,,0,0,0,17,C01
202100040379,1,10,,0,2,2,14,A01
202100040379,1,33,,0,2,2,0,B01
202100040380,1,7,,0,2,3,9,B01
202100040380,1,31,,0,2,1,19,A01
202100040381,1,7,,1,1,0,1,A01
202100040382,3,7,,0,1,1,1,A01
202100040383,3,7,,0,1,1,26,A01
202100040384,3,7,,0,2,1,9,A01
202100040384,3,7,,0,2,4,23,B01
202100040384,3,7,,0,2,5,23,C01
202100040385,3,7,,1,1,4,26,A01
202100040386,3,7,,0,2,1,26,A01
202100040386,3,7,,0,2,6,1,B01
202100040387,2,7,,0,1,1,1,A01
202100040388,2,7,,0,2,2,10,A01
202100040388,2,33,,0,2,1,1,B01
202100040389,1,7,,11,0,1,13,A01
202100040390,2,7,,0,0,2,12,A01
202100040391,2,7,,0,1,3,1,A01
202100040392,1,7,,0,2,1,13,A01
202100040392,2,7,,0,2,1,1,B01
202100040393,1,3,,6,0,3,1,A01
202100040394,1,38,1.0,0,2,3,1,B01
202100040394,2,7,,6,2,1,13,A01
202100040395,1,7,,0,2,3,1,B01
202100040395,2,2,,0,2,1,13,A01
202100040396,0,1,,0,0,0,16,A01
202100040397,3,7,,0,2,1,9,A01
202100040397,1,7,,0,2,2,1,B01
202100040398,2,31,,2,0,1,0,A01
202100040399,1,7,,16,0,2,1,A01
202100040400,1,7,,6,0,1,21,A01
202100040401,2,7,,0,2,1,1,B01
202100040401,1,7,,0,2,2,15,A01
202100040402,2,33,,13,0,1,1,A01
202100040403,3,7,,0,2,3,1,A01
202100040403,3,2,,0,2,3,1,B01
202100040404,3,7,,0,2,1,16,B01
202100040404,3,7,,0,0,7,15,A01
202100040405,1,15,,13,0,1,13,A01
202100040406,3,7,,0,2,7,1,A01
202100040406,0,7,,0,2,1,1,B01
202100040407,2,10,,0,2,3,13,A01
202100040407,1,33,,13,2,3,1,B01
202100040408,1,2,,0,0,4,2,B01
202100040408,1,2,,0,0,1,1,A01
202100040409,2,7,,0,2,3,1,B01
202100040409,1,7,,0,2,3,1,A01
202100040410,1,7,,0,2,1,1,A01
202100040410,2,2,,0,2,1,13,B01
202100040411,0,7,,0,2,1,21,A01
202100040411,0,7,,0,2,1,13,B01
202100040412,2,7,,2,6,1,1,A01
202100040413,1,7,,0,2,3,16,A01
202100040413,1,7,,6,2,7,1,B01
202100040414,3,7,,0,9,1,1,A01
202100040414,3,1,,0,2,4,1,B01
202100040415,1,33,,3,0,0,1,A01
202100040416,2,7,,3,0,4,2,B01
202100040416,2,7,,0,2,1,2,A01
202100040417,2,33,,3,0,1,0,A01
202100040418,2,7,,0,0,2,13,A01
202100040418,2,7,,0,0,3,19,B01
202100040419,1,7,,0,1,1,1,A01
202100040420,3,7,,0,2,1,1,B01
202100040420,3,2,,0,2,1,9,A01
202100040421,2,7,,2,0,1,13,A01
202100040422,3,7,,0,2,3,1,A01
202100040422,3,1,,0,2,1,17,B01
202100040423,1,33,,0,0,7,1,A01
202100040424,2,2,,14,0,1,1,A01
202100040425,2,15,,0,2,0,2,Z01
202100040425,2,7,,0,2,1,2,B01
202100040425,2,10,,0,2,1,2,A01
202100040426,1,10,,0,2,1,1,A01
202100040426,1,7,,0,2,4,2,B01
202100040427,1,7,,0,2,8,2,A01
202100040428,2,33,,0,2,9,0,C01
202100040428,2,7,,0,2,4,0,D01
202100040428,2,7,,0,2,1,0,A01
202100040428,2,7,,0,2,4,0,B01
202100040429,1,7,,3,2,1,18,A01
202100040429,1,15,,0,2,4,1,B01
202100040430,1,7,,0,2,4,2,B01
202100040430,1,7,,0,2,1,1,A01
202100040431,1,30,,0,2,2,0,B01
202100040431,1,7,,0,2,3,1,A01
202100040432,2,33,,0,2,8,2,A01
202100040432,2,7,,0,2,2,14,B01
202100040433,2,31,,0,2,7,3,C01
202100040433,2,10,,0,2,8,1,B01
202100040433,2,33,,0,2,8,3,A01
202100040434,2,33,,3,0,2,1,A01
202100040435,2,7,,0,2,6,1,C01
202100040435,2,43,,0,2,1,3,B01
202100040435,2,7,,0,2,5,11,A01
202100040436,2,33,,0,2,3,3,B01
202100040436,2,7,,0,2,2,14,A01
202100040437,1,33,,0,2,1,1,B01
202100040437,1,7,,0,2,3,9,A01
202100040438,1,31,,0,2,1,17,A01
202100040438,2,7,,0,2,3,15,B01
202100040439,1,30,,0,2,1,1,A01
202100040439,2,7,,0,2,1,1,B01
202100040440,2,32,,0,2,1,17,B01
202100040440,2,7,,0,2,6,13,A01
202100040441,3,7,,0,2,3,2,A01
202100040441,0,1,,0,2,1,2,B01
202100040442,2,7,,0,2,4,23,A01
202100040442,2,7,,0,2,1,1,B01
202100040443,1,7,,0,2,8,15,A01
202100040443,2,33,,0,2,1,13,B01
202100040444,1,10,,0,0,4,1,B01
202100040444,1,2,,0,2,1,2,A01
202100040445,1,2,,0,2,4,1,B01
202100040445,1,7,,0,9,1,2,A01
202100040446,1,2,,0,2,8,1,B01
202100040446,1,7,,0,9,7,15,A01
202100040447,1,7,,0,9,2,16,A01
202100040447,1,1,,0,2,3,2,B01
202100040448,0,7,,9,0,9,14,A01
202100040449,3,7,,0,2,3,1,B01
202100040449,3,7,,0,2,1,13,A01
202100040450,2,0,,0,0,0,17,A01
202100040450,2,1,,0,0,0,1,B01
202100040451,1,7,,8,1,1,0,A01
202100040452,1,43,,0,2,7,2,B01
202100040452,1,7,,0,2,6,3,Z01
202100040453,3,7,,0,2,8,15,B01
202100040453,3,10,,0,2,2,17,A01
202100040454,2,33,,9,0,1,26,A01
202100040455,3,1,,0,2,7,0,C01
202100040455,3,1,,0,2,7,0,B01
202100040455,3,7,,0,2,3,0,A01
202100040456,1,7,,0,1,3,1,A01
202100040457,2,7,,0,2,7,1,B01
202100040457,1,1,,0,2,1,9,A01
202100040458,2,7,,0,2,1,1,B01
202100040458,1,7,,0,2,7,15,A01
202100040459,1,7,,1,2,3,15,B01
202100040459,1,10,,1,2,2,17,A01
202100040460,1,2,,0,2,1,1,B01
202100040460,2,7,,0,2,3,15,A01
202100040461,1,7,,0,2,0,26,B01
202100040461,3,7,,0,2,0,19,A01
202100040462,3,32,,0,2,1,1,B01
202100040462,2,7,,0,2,2,1,A01
202100040463,1,7,,0,1,1,1,A01
202100040464,2,7,,0,2,5,2,C01
202100040464,2,7,,0,2,6,2,B01
202100040464,2,33,,0,2,1,17,A01
202100040465,0,7,,8,0,3,13,A01
202100040466,0,30,,1,0,7,14,A01
202100040467,-1,7,,0,2,1,1,B01
202100040467,3,50,,0,2,8,19,A01
202100040468,1,7,,0,2,2,15,A01
202100040468,2,7,,0,2,1,1,B01
202100040469,1,30,,0,2,1,1,A01
202100040469,1,10,,0,2,4,1,B01
202100040470,2,33,,0,2,1,1,A01
202100040470,2,7,,0,2,4,1,B01
202100040471,1,2,,0,2,3,7,B01
202100040471,1,7,,0,2,2,14,A01
202100040472,1,2,,0,2,1,18,A01
202100040472,1,7,,0,2,7,16,B01
202100040473,1,33,,0,2,1,1,B01
202100040473,1,2,,0,2,7,10,A01
202100040474,3,7,,9,0,1,1,A01
202100040475,3,7,,0,1,2,1,A01
202100040476,1,30,,7,0,1,13,A01
202100040477,1,7,,0,2,1,1,B01
202100040477,1,1,,0,2,1,1,A01
202100040478,3,1,,0,2,1,1,B01
202100040478,3,10,,0,2,3,15,A01
202100040479,3,30,,0,0,7,1,A01
202100040480,1,7,,0,1,2,26,A01
202100040481,2,7,,0,1,3,1,A01
202100040482,2,10,,0,2,1,2,A01
202100040482,2,7,,0,2,4,2,C01
202100040482,2,7,,0,2,4,2,B01
202100040483,2,7,,0,9,2,1,A01
202100040483,1,50,,0,2,6,1,B01
202100040484,2,1,,0,2,1,1,B01
202100040484,2,7,,0,2,1,15,A01
202100040485,1,7,,0,2,1,1,B01
202100040485,3,7,,0,2,3,16,A01
202100040486,2,7,,0,2,1,1,A01
202100040486,2,7,,0,2,4,23,B01
202100040487,1,7,,0,1,1,9,A01
202100040488,2,33,,0,2,1,1,B01
202100040488,1,7,,0,2,3,15,A01
202100040489,1,7,,0,2,8,22,A01
202100040489,1,1,,1,2,7,1,B01
202100040490,3,33,,0,2,1,1,B01
202100040490,3,7,,0,2,5,15,A01
202100040491,3,7,,0,2,8,1,A01
202100040491,1,7,,0,2,1,1,B01
202100040492,1,7,,0,1,2,1,A01
202100040493,0,7,,0,1,1,1,Z01
202100040494,1,7,,6,0,1,1,A01
202100040495,1,7,,0,2,7,20,B01
202100040495,1,30,,0,2,1,18,A01
202100040496,2,17,,2,0,1,1,A01
202100040497,1,7,,0,2,2,15,A01
202100040497,2,1,,0,2,1,1,B01
202100040498,2,7,,0,2,8,1,B01
202100040498,2,31,,0,2,7,3,A01
202100040499,1,7,,0,2,4,2,C01
202100040499,1,7,,0,2,4,23,B01
202100040499,1,14,,0,2,2,2,A01
202100040500,1,17,,0,2,2,12,A01
202100040500,1,7,,0,2,8,1,B01
202100040501,1,7,,0,2,1,1,Z01
202100040501,1,1,,0,2,0,15,A01
202100040502,2,7,,0,2,7,15,B01
202100040502,1,10,,0,2,1,1,A01
202100040503,1,30,,0,2,1,13,A01
202100040503,1,1,,0,2,8,1,B01
202100040504,3,10,,0,2,1,1,A01
202100040504,1,1,,0,2,4,1,B01
202100040505,1,30,,0,2,2,10,A01
202100040505,2,10,,0,2,0,1,Z01
202100040506,1,7,,0,2,3,22,A01
202100040506,1,1,,0,2,2,1,B01
202100040507,2,10,,0,2,3,15,A01
202100040507,2,30,,0,2,7,17,Z01
202100040508,1,10,,0,1,1,1,A01
202100040509,1,7,,0,1,7,15,A01
202100040510,1,10,,0,2,0,1,B01
202100040510,1,7,,0,2,3,22,A01
202100040511,3,10,,1,2,1,1,B01
202100040511,2,7,,0,2,1,1,A01
202100040512,1,7,,0,1,4,4,A01
202100040513,1,7,,0,2,2,22,A01
202100040513,1,1,,0,2,2,1,B01
202100040514,1,1,,0,2,1,5,A01
202100040514,2,1,,0,2,1,1,Z01
202100040515,2,7,,0,1,1,2,A01
202100040516,1,7,,0,2,3,26,A01
202100040517,1,10,,0,2,1,2,B01
202100040517,1,31,,0,2,4,23,A01
202100040518,1,7,,0,2,2,2,A01
202100040518,1,7,,0,2,3,1,B01
202100040519,1,7,,0,0,0,24,B01
202100040519,1,7,,0,0,0,1,A01
202100040520,2,34,,0,2,3,3,A01
202100040520,2,7,,0,2,5,23,B01
202100040521,2,33,,0,0,7,1,A01
202100040522,0,7,,0,1,1,1,A01
202100040523,1,7,,0,2,4,1,C01
202100040523,1,7,,0,2,4,1,B01
202100040523,1,7,,0,2,1,2,A01
202100040524,1,3,,0,2,2,14,A01
202100040524,1,33,,0,2,7,1,B01
202100040525,1,7,,0,2,3,11,A01
202100040525,1,33,,0,2,2,1,B01
202100040526,1,7,,0,2,3,1,B01
202100040526,1,3,,0,2,5,17,A01
202100040527,3,7,,0,1,4,4,A01
202100040528,0,1,,12,0,1,1,A01
202100040529,1,10,,0,2,1,1,A01
202100040529,1,7,,0,2,7,1,B01
202100040530,0,7,,0,1,1,15,A01
202100040531,2,10,,0,2,1,2,A01
202100040531,2,7,,0,2,4,23,B01
202100040532,1,7,,0,2,2,9,A01
202100040532,1,7,,0,2,3,1,B01
202100040533,2,33,,1,2,3,21,A01
202100040534,1,7,,0,1,1,1,A01
202100040535,1,7,,0,2,1,2,A01
202100040535,1,7,,0,2,4,2,B01
202100040535,1,7,,0,2,4,1,C01
202100040536,2,7,,0,2,1,16,A01
202100040536,3,1,,0,2,1,19,B01
202100040537,2,7,,13,0,1,14,A01
202100040538,2,33,,13,0,9,1,A01
202100040539,2,1,,0,0,9,2,A01
202100040540,2,30,,6,0,1,2,A01
202100040541,3,7,,17,0,2,0,A01
202100040542,2,33,,0,2,2,17,A01
202100040542,1,7,,0,2,3,15,B01
202100040543,1,7,,0,2,3,13,A01
202100040543,2,7,,0,2,2,1,B01
202100040544,1,7,,0,2,1,2,A01
202100040544,1,7,,0,2,4,2,B01
202100040545,1,10,,0,2,1,0,B01
202100040545,2,7,,0,2,1,0,A01
202100040546,3,1,,0,2,7,15,A01
202100040546,3,7,,0,9,3,1,B01
202100040547,2,21,,0,0,0,19,A01
202100040547,1,7,,0,2,1,1,C01
202100040548,2,7,,0,1,3,1,A01
202100040549,3,7,,6,0,3,1,A01
202100040550,1,33,,0,2,1,13,A01
202100040550,2,7,,0,2,1,1,B01
202100040551,2,7,,0,2,7,2,B01
202100040551,2,80,,0,2,8,15,A01
202100040552,1,33,,3,0,9,1,A01
202100040553,1,14,,0,2,2,23,B01
202100040553,2,7,,0,2,1,1,A01
202100040554,2,7,,0,1,9,1,A01
202100040555,2,7,,0,2,2,15,A01
202100040555,1,7,,0,2,3,1,B01
202100040556,2,7,,2,0,1,0,A01
202100040557,0,2,,17,0,1,0,A01
202100040558,3,13,,0,2,1,19,B01
202100040558,2,7,,0,0,8,1,A01
202100040559,2,33,,3,0,1,1,A01
202100040560,1,7,,2,0,1,0,A01
202100040561,1,7,,0,1,2,1,A01
202100040562,1,7,,0,2,1,13,A01
202100040562,2,7,,0,2,1,0,B01
202100040563,3,7,,0,1,2,1,A01
202100040564,1,7,,0,2,1,13,A01
202100040564,1,7,,0,0,6,1,B01
202100040565,2,1,,0,2,7,19,B01
202100040565,1,7,,0,2,1,1,A01
202100040566,1,3,,6,0,1,1,A01
202100040567,2,10,,0,2,2,1,A01
202100040567,2,2,,0,2,1,1,B01
202100040568,1,7,,6,0,9,1,A01
202100040569,1,33,,13,0,7,1,A01
202100040570,1,7,,0,2,2,1,A01
202100040570,3,1,,0,2,8,19,B01
202100040571,2,7,,0,2,1,26,B01
202100040571,1,33,,0,2,2,1,A01
202100040572,1,7,,2,0,1,1,A01
202100040573,1,7,,2,0,1,1,A01
202100040574,2,33,,15,0,8,17,A01
202100040575,1,7,,0,0,0,13,A01
202100040576,1,17,,0,2,6,13,A01
202100040576,2,7,,0,2,8,1,B01
202100040577,1,33,,0,0,0,1,A01
202100040578,1,7,,0,0,9,0,A01
202100040579,1,15,,0,2,4,1,A01
202100040579,1,10,,0,2,1,1,B01
202100040579,1,10,,0,2,1,1,C01
202100040580,2,37,1.0,0,2,1,2,A01
202100040580,2,10,,0,2,4,2,B01
202100040580,2,7,,0,2,4,2,E01
202100040580,2,10,,0,2,4,2,D01
202100040580,2,10,,0,2,4,2,C01
202100040581,1,14,,0,2,2,1,A01
202100040581,1,7,,0,2,3,9,B01
202100040582,1,15,,0,2,3,0,B01
202100040582,1,7,,0,2,6,12,A01
202100040583,1,7,,4,0,1,26,A01
202100040584,2,33,,0,2,7,3,A01
202100040584,2,7,,0,2,5,1,C01
202100040584,2,7,,0,2,8,13,B01
202100040585,2,7,,0,0,9,1,A01
202100040586,2,10,,0,2,1,13,A01
202100040586,1,7,,0,2,1,1,B01
202100040587,2,7,,0,2,7,1,B01
202100040587,2,37,1.0,0,2,3,16,A01
202100040588,2,10,,0,1,2,1,A01
202100040589,1,10,,0,2,3,15,B01
202100040589,1,80,,0,2,1,17,A01
202100040590,0,7,,0,2,8,15,A01
202100040590,3,1,,0,2,7,17,B01
202100040591,1,2,,0,2,7,15,B01
202100040591,2,7,,0,2,7,21,A01
202100040592,2,7,,0,2,1,19,Z01
202100040592,0,1,,0,0,0,0,B01
202100040593,0,7,,0,2,8,1,B01
202100040593,0,7,,0,2,1,9,A01
202100040594,1,7,,0,2,2,26,A01
202100040594,1,34,,1,2,1,0,B01
202100040595,1,33,,0,2,0,15,A01
202100040595,1,33,,0,1,0,1,B01
202100040596,1,33,,0,0,0,1,A01
202100040597,2,7,,0,0,4,23,B01
202100040597,2,31,,0,2,1,1,A01
202100040598,1,7,,0,2,1,26,A01
202100040598,1,7,,0,1,4,26,B01
202100040599,3,1,,0,2,1,25,A01
202100040599,3,7,,0,2,2,26,B01
202100040600,3,7,,0,2,1,15,A01
202100040600,3,7,,0,2,2,1,B01
202100040601,1,7,,0,2,8,10,A01
202100040601,1,32,,0,2,1,1,B01
202100040602,0,7,,0,2,1,19,B01
202100040602,0,60,,0,2,0,1,A01
202100040603,2,7,,0,0,5,0,B01
202100040603,2,33,,0,2,5,26,A01
202100040604,2,99,,0,2,1,1,B01
202100040604,1,7,,0,2,1,5,A01
202100040605,2,7,,0,2,0,1,A01
202100040605,2,32,,0,2,0,2,B01
202100040606,1,7,,0,9,2,0,A01
202100040607,2,7,,0,2,2,1,B01
202100040607,2,7,,0,2,1,0,A01
202100040608,1,2,,0,2,1,0,B01
202100040608,1,7,,0,2,5,26,A01
202100040609,3,36,,0,0,0,14,A01
202100040610,2,80,,0,0,0,2,A01
202100040611,3,50,,0,0,0,1,A01
202100040612,2,7,,0,0,9,2,A01
202100040613,2,7,,13,0,7,14,A01
202100040614,1,7,,0,2,1,1,A01
202100040614,1,7,,0,2,8,1,B01
202100040615,1,7,,12,0,2,14,A01
202100040616,1,7,,0,2,1,13,A01
202100040616,2,7,,0,2,1,1,C01
202100040616,1,7,,0,2,3,1,B01
202100040617,1,33,,0,2,1,2,C01
202100040617,1,7,,0,2,9,2,B01
202100040617,1,7,,0,2,4,26,A01
202100040618,1,2,,0,2,1,26,B01
202100040618,2,7,,0,2,3,15,A01
202100040619,2,10,,0,2,2,19,B01
202100040619,2,7,,0,2,7,1,A01
202100040620,1,10,,0,2,1,15,A01
202100040620,1,7,,0,2,1,1,B01
202100040621,2,7,,0,1,3,1,A01
202100040622,3,7,,0,2,1,15,A01
202100040622,3,31,,0,2,6,15,B01
202100040623,2,7,,0,2,8,22,Z01
202100040623,2,31,,0,2,5,3,A01
202100040624,1,7,,0,2,4,2,B01
202100040624,1,32,,0,2,1,2,A01
202100040625,2,50,,0,2,1,1,B01
202100040625,0,7,,0,2,1,15,A01
202100040626,1,7,,0,2,5,15,A01
202100040626,3,1,,0,2,1,1,B01
202100040627,2,7,,0,1,2,1,A01
202100040628,1,30,,0,2,3,9,A01
202100040628,1,7,,0,2,2,7,B01
202100040629,2,7,,0,2,3,15,A01
202100040629,1,30,,0,2,3,1,B01
202100040630,1,7,,0,2,3,10,A01
202100040630,1,34,,0,2,2,2,B01
202100040631,1,7,,0,2,2,1,A01
202100040631,2,10,,0,2,2,15,B01
202100040632,2,32,,0,2,1,1,B01
202100040632,1,7,,0,2,1,1,A01
202100040633,2,1,,0,2,8,1,A01
202100040633,2,7,,0,2,0,17,Z01
202100040634,0,7,,0,2,1,1,A01
202100040634,0,99,,0,0,0,0,C01
202100040634,0,99,,0,0,0,0,B01
202100040635,2,34,,0,2,1,1,B01
202100040635,1,7,,0,2,7,1,A01
202100040636,3,7,,0,1,3,1,A01
202100040637,3,34,,0,2,1,19,A01
202100040637,3,7,,0,2,1,9,B01
202100040638,1,10,,0,1,3,1,A01
202100040639,2,7,,15,0,9,0,A01
202100040640,1,7,,2,0,1,14,A01
202100040641,1,7,,0,2,3,15,A01
202100040641,1,30,,0,2,1,1,B01
202100040642,0,2,,13,0,2,1,A01
202100040643,2,33,,0,2,3,1,B01
202100040643,1,7,,0,2,3,20,A01
202100040644,1,7,,6,0,1,7,A01
202100040645,2,7,,0,0,9,0,A01
202100040646,2,10,,0,1,2,1,A01
202100040647,3,10,,0,2,1,15,A01
202100040647,3,31,,0,2,3,1,B01
202100040648,0,1,,0,0,0,0,A01
202100040649,3,31,,0,0,7,1,A01
202100040650,2,33,,0,0,0,1,A01
202100040651,2,10,,0,9,8,15,A01
202100040651,2,32,,0,2,2,17,B01
202100040652,1,7,,8,0,1,14,A01
202100040653,1,21,,0,0,0,19,B01
202100040653,2,33,,0,0,2,1,A01
202100040654,1,33,,0,2,1,13,B01
202100040654,1,7,,0,2,3,11,A01
202100040655,-1,7,,13,0,1,1,A01
202100040656,1,7,,13,0,1,13,A01
202100040657,2,33,,10,0,8,16,A01
202100040658,1,33,,0,0,0,1,A01
202100040659,0,7,,0,2,1,1,B01
202100040659,3,7,,0,2,6,16,A01
202100040660,1,7,,0,2,1,1,A01
202100040660,2,7,,2,2,1,1,B01
202100040661,2,10,,0,2,3,21,B01
202100040661,1,7,,0,2,1,13,A01
202100040662,3,7,,0,0,0,0,A01
202100040663,2,1,,0,0,8,1,A01
202100040664,1,2,,6,1,1,1,A01
202100040665,1,7,,0,2,1,15,A01
202100040665,1,7,,0,2,1,1,B01
202100040666,0,7,,0,2,1,19,B01
202100040666,2,21,,0,2,5,1,A01
202100040667,1,10,,2,0,3,1,A01
202100040668,3,2,,5,0,2,0,A01
202100040669,1,7,,0,2,8,1,C01
202100040669,1,1,,0,2,1,1,B01
202100040669,1,1,,0,2,1,1,A01
202100040670,1,7,,2,0,8,1,A01
202100040671,2,33,,0,0,5,0,A01
202100040672,1,33,,8,0,1,1,A01
202100040673,2,1,,0,2,9,1,B01
202100040673,1,1,,0,2,1,1,A01
202100040674,2,33,,0,2,1,1,B01
202100040674,1,7,,0,2,3,19,A01
202100040675,1,31,,0,0,1,13,A01
202100040676,1,7,,0,2,7,17,A01
202100040676,1,7,,0,2,3,10,B01
202100040677,2,33,,0,2,0,17,B01
202100040677,2,21,,0,0,0,15,A01
202100040678,1,2,,0,2,8,1,B01
202100040678,1,10,,0,2,2,15,A01
202100040679,0,2,,8,0,1,1,A01
202100040680,1,7,,0,2,4,2,B01
202100040680,1,7,,0,2,1,2,A01
202100040681,2,7,,0,2,1,2,B01
202100040681,0,7,,0,2,2,19,A01
202100040682,2,7,,0,2,1,13,A01
202100040682,1,7,,0,2,8,1,B01
202100040683,1,1,,0,2,8,1,B01
202100040683,2,7,,0,2,3,1,A01