Num_Acc,senc,catv,occutc,obs,obsm,choc,manv,num_veh
202100040684,3,32,,13,0,0,26,A01
202100040685,2,10,,0,2,8,13,A01
202100040685,2,33,,0,2,7,1,B01
202100040686,1,10,,2,0,1,1,A01
202100040687,1,7,,0,0,4,0,B01
202100040687,1,33,,0,2,1,1,A01
202100040688,1,32,,0,0,0,0,A01
202100040689,2,7,,13,0,0,1,A01
202100040690,1,7,,0,2,2,19,A01
202100040690,1,33,,0,2,1,1,B01
202100040691,2,7,,0,2,3,1,B01
202100040691,1,7,,0,2,3,1,A01
202100040692,2,33,,0,0,1,1,B01
202100040692,2,7,,0,0,4,1,A01
202100040693,0,43,,0,2,3,1,A01
202100040693,0,99,,0,2,3,0,B01
202100040694,1,7,,0,2,3,1,B01
202100040694,2,7,,0,2,3,13,A01
202100040695,1,1,,0,0,2,1,B01
202100040695,2,7,,0,2,2,15,A01
202100040696,1,2,,0,6,1,1,A01
202100040697,2,7,,0,2,3,1,B01
202100040697,1,33,,0,2,1,5,A01
202100040698,3,21,,0,0,0,1,A01
202100040699,-1,10,,3,2,1,0,B01
202100040699,-1,7,,0,2,7,13,A01
202100040700,1,7,,1,2,1,1,A01
202100040700,0,1,,0,2,5,19,B01
202100040701,1,7,,6,2,1,1,C01
202100040701,2,7,,4,2,1,2,A01
202100040701,2,7,,0,2,0,2,D01
202100040701,2,7,,0,2,6,2,B01
202100040702,1,7,,0,2,4,24,A01
202100040702,1,15,,1,0,1,1,B01
202100040703,1,10,,0,2,6,2,A01
202100040703,1,7,,0,2,1,13,B01
202100040704,1,33,,0,2,3,2,B01
202100040704,1,7,,0,2,6,1,A01
202100040705,1,7,,4,2,4,23,B01
202100040705,1,7,,0,2,1,12,A01
202100040706,1,7,,0,2,4,2,C01
202100040706,1,10,,0,2,4,2,B01
202100040706,1,7,,0,2,4,2,D01
202100040706,1,37,1.0,0,2,1,1,A01
202100040707,2,7,,0,2,6,2,C01
202100040707,2,7,,0,2,5,2,B01
202100040707,2,7,,4,2,1,21,A01
202100040708,2,34,,0,2,1,2,A01
202100040708,2,7,,0,2,6,2,B01
202100040709,2,7,,0,2,1,26,A01
202100040709,2,7,,0,2,6,1,B01
202100040710,2,7,,0,2,1,1,A01
202100040710,2,7,,0,2,5,1,C01
202100040710,2,33,,0,2,1,3,B01
202100040711,2,7,,0,2,4,2,B01
202100040711,2,7,,0,2,1,2,A01
202100040712,1,33,,0,0,7,1,A01
202100040713,1,7,,0,2,5,1,C01
202100040713,1,43,,0,2,2,3,B01
202100040713,1,7,,0,2,3,11,A01
202100040714,2,7,,0,2,4,2,B01
202100040714,2,7,,4,2,1,14,A01
202100040715,2,7,,0,2,1,2,A01
202100040715,2,7,,0,2,1,26,B01
202100040715,2,7,,0,2,4,23,C01
202100040716,1,33,,13,0,9,14,A01
202100040717,2,7,,0,2,8,17,C01
202100040717,2,33,,0,2,7,3,B01
202100040717,2,7,,0,2,4,1,A01
202100040718,2,33,,0,2,1,13,B01
202100040718,2,7,,0,2,6,1,A01
202100040719,1,10,,0,2,3,1,B01
202100040719,0,7,,0,2,2,19,A01
202100040720,1,33,,0,2,1,1,B01
202100040720,2,7,,0,2,7,15,A01
202100040721,2,34,,9,0,1,1,A01
202100040722,1,7,,0,2,1,15,A01
202100040722,2,1,,0,2,1,7,B01
202100040723,1,30,,12,0,3,16,A01
202100040724,3,7,,6,0,1,13,A01
202100040725,1,37,1.0,0,2,3,26,A01
202100040725,1,7,,0,2,2,0,B01
202100040726,1,7,,0,1,2,19,A01
202100040727,3,7,,0,1,4,26,A01
202100040728,2,33,,0,2,5,5,B01
202100040728,2,7,,0,2,1,1,A01
202100040729,2,7,,0,2,2,17,A01
202100040729,2,7,,0,0,6,2,B01
202100040729,1,7,,0,2,8,5,C01
202100040730,3,33,,14,0,1,0,A01
202100040731,0,7,,6,0,1,13,A01
202100040732,1,7,,0,0,0,1,A01
202100040733,0,7,,0,2,1,1,A01
202100040733,0,7,,0,2,8,1,B01
202100040734,1,30,,0,1,1,25,A01
202100040735,2,7,,0,1,1,1,A01
202100040736,3,7,,0,1,2,16,A01
202100040737,0,7,,0,2,3,0,B01
202100040737,0,7,,0,2,3,16,A01
202100040738,2,30,,0,2,8,5,B01
202100040738,2,30,,0,2,7,5,A01
202100040739,2,7,,0,2,3,15,A01
202100040739,2,31,,0,2,1,17,B01
202100040740,1,7,,0,1,2,1,A01
202100040741,1,7,,0,1,2,19,A01
202100040742,3,7,,0,0,0,0,A01
202100040742,3,2,,0,0,0,0,B01
202100040743,2,7,,0,2,8,15,B01
202100040743,1,30,,0,2,1,1,A01
202100040744,1,7,,0,2,1,1,B01
202100040744,2,7,,0,2,2,15,A01
202100040745,2,7,,0,2,4,23,B01
202100040745,2,2,,0,2,7,2,A01
202100040746,3,7,,0,2,2,15,A01
202100040746,3,1,,0,2,1,1,B01
202100040747,3,7,,0,2,1,0,Z01
202100040747,3,1,,0,2,1,26,A01
202100040748,2,7,,0,2,1,2,Z01
202100040748,2,7,,0,2,4,23,A01
202100040749,1,7,,1,0,4,4,A01
202100040750,3,33,,0,2,1,1,B01
202100040750,3,7,,0,2,8,15,A01
202100040751,1,7,,0,2,1,1,B01
202100040751,1,10,,0,2,5,9,A01
202100040752,2,33,,1,0,1,5,A01
202100040753,1,31,,0,2,4,2,B01
202100040753,1,7,,0,2,1,2,A01
202100040754,0,37,2.0,0,2,1,1,B01
202100040754,0,14,,0,2,7,19,A01
202100040755,1,7,,1,0,1,1,A01
202100040756,1,7,,14,0,1,1,B01
202100040756,1,7,,11,0,1,1,A01
202100040757,1,7,,0,2,3,2,B01
202100040757,1,33,,0,2,1,2,A01
202100040758,3,7,,2,0,0,26,A01
202100040759,1,7,,0,1,2,26,A01
202100040760,1,7,,4,0,3,26,A01
202100040761,1,43,,0,2,3,3,C01
202100040761,1,7,,0,2,4,2,B01
202100040761,1,7,,0,2,1,2,A01
202100040762,1,7,,0,2,4,23,B01
202100040762,1,10,,0,2,1,2,A01
202100040763,1,7,,0,1,2,2,A01
202100040763,1,7,,0,2,1,2,B01
202100040764,2,7,,0,1,2,1,A01
202100040765,2,30,,0,2,4,13,B01
202100040765,2,32,,0,2,8,21,A01
202100040766,3,33,,0,0,0,1,A01
202100040767,1,10,,0,2,1,1,B01
202100040767,1,30,,0,2,9,1,A01
202100040768,1,1,,0,2,7,1,B01
202100040768,1,10,,0,2,8,15,A01
202100040769,1,10,,15,0,1,13,A01
202100040770,1,32,,0,2,6,9,A01
202100040770,1,7,,0,2,1,1,B01
202100040771,1,7,,0,2,3,22,B01
202100040771,1,7,,0,2,2,1,C01
202100040771,1,32,,0,2,1,18,A01
202100040772,2,1,,0,0,0,21,A01
202100040773,1,7,,0,2,6,15,A01
202100040773,1,1,,0,2,1,1,B01
202100040774,2,7,,0,2,3,13,A01
202100040774,2,33,,0,2,2,1,B01
202100040775,2,1,,0,1,2,1,A01
202100040776,1,33,,0,1,1,26,A01
202100040777,1,7,,0,1,6,20,A01
202100040778,2,30,,0,2,1,15,A01
202100040778,2,1,,0,2,2,1,B01
202100040779,3,10,,0,2,1,1,B01
202100040779,3,33,,0,2,8,1,A01
202100040780,2,7,,0,2,5,22,A01
202100040780,2,1,,1,0,1,1,B01
202100040781,3,36,,0,2,8,26,B01
202100040781,2,7,,0,2,1,1,A01
202100040782,1,33,,0,2,8,17,B01
202100040782,1,7,,0,2,7,17,A01
202100040783,1,33,,0,0,0,14,A01
202100040784,1,7,,13,0,2,1,A01
202100040785,2,7,,0,0,1,13,A01
202100040786,0,1,,0,2,1,26,B01
202100040786,0,2,,15,9,1,26,A01
202100040787,1,7,,0,2,6,11,A01
202100040787,1,7,,0,2,2,1,B01
202100040788,1,7,,0,2,1,2,A01
202100040788,1,7,,0,0,4,1,B01
202100040789,2,7,,2,0,1,15,A01
202100040790,2,33,,13,0,2,2,A01
202100040791,1,7,,0,0,6,1,D01
202100040791,2,7,,0,0,0,21,C01
202100040791,2,7,,0,2,1,1,B01
202100040791,1,7,,0,2,3,17,A01
202100040792,3,7,,9,0,5,9,A01
202100040792,1,7,,0,0,1,1,B01
202100040793,1,7,,0,2,1,1,A01
202100040793,2,1,,0,2,1,5,B01
202100040794,2,7,,8,0,1,1,A01
202100040795,1,33,,0,0,0,1,A01
202100040796,3,33,,13,0,1,17,A01
202100040797,2,33,,15,0,1,15,A01
202100040798,1,33,,0,0,0,1,A01
202100040799,2,43,,13,0,1,13,A01
202100040800,3,7,,0,2,1,16,A01
202100040800,1,33,,0,2,8,1,B01
202100040801,2,33,,0,0,1,2,A01
202100040802,2,2,,0,2,6,15,B01
202100040802,2,2,,0,2,1,1,A01
202100040803,3,7,,13,0,9,2,A01
202100040804,2,7,,15,0,9,13,A01
202100040805,3,7,,0,0,1,1,A01
202100040806,1,33,,14,0,1,1,A01
202100040807,2,33,,3,0,2,2,A01
202100040808,1,2,,0,2,1,5,A01
202100040808,1,7,,0,2,5,1,B01
202100040809,2,7,,6,0,5,0,A01
202100040810,1,7,,3,2,0,0,B01
202100040810,1,7,,3,2,0,0,A01
202100040811,1,43,,0,2,1,16,B01
202100040811,1,7,,0,0,4,1,A01
202100040812,1,31,,13,0,0,1,A01
202100040813,1,1,,0,0,8,0,A01
202100040814,3,7,,13,0,3,13,A01
202100040815,2,7,,16,0,1,1,A01
202100040816,1,2,,0,2,1,13,A01
202100040816,2,7,,0,2,1,5,B01
202100040817,2,1,,0,0,0,1,A01
202100040818,2,7,,0,1,1,1,A01
202100040819,2,33,,0,2,1,2,A01
202100040819,2,7,,0,0,6,2,B01
202100040820,1,7,,13,0,7,1,A01
202100040821,2,31,,13,0,8,1,A01
202100040822,3,7,,0,2,3,16,A01
202100040822,3,1,,0,2,1,1,B01
202100040823,1,33,,13,0,0,1,A01
202100040824,2,1,,0,0,0,21,A01
202100040825,0,7,,2,0,1,1,A01
202100040826,2,34,,0,9,9,1,A01
202100040827,1,7,,13,0,1,1,A01
202100040828,2,7,,0,1,1,16,A01
202100040829,1,7,,4,2,3,1,A01
202100040829,1,7,,0,2,2,1,B01
202100040830,1,10,,13,0,2,14,A01
202100040831,1,2,,8,0,1,14,A01
202100040832,1,7,,16,1,2,1,A01
202100040833,2,7,,0,2,2,1,B01
202100040833,1,33,,0,2,1,13,A01
202100040834,3,31,,6,0,1,1,A01
202100040835,1,1,,1,0,1,26,A01
202100040836,2,33,,2,0,1,14,A01
202100040836,2,33,,13,0,0,14,B01
202100040837,1,7,,5,0,2,1,A01
202100040838,1,33,,8,0,1,1,A01
202100040839,1,7,,3,0,1,0,A01
202100040840,1,7,,0,2,2,15,A01
202100040840,2,34,,0,2,1,18,B01
202100040841,1,33,,0,2,2,1,A01
202100040841,3,7,,0,2,3,16,B01
202100040842,1,32,,13,0,1,0,A01
202100040843,2,33,,0,2,1,1,A01
202100040843,2,33,,0,2,8,15,B01
202100040844,1,33,,0,0,9,1,A01
202100040845,3,33,,0,2,1,26,B01
202100040845,3,7,,0,0,3,9,A01
202100040846,1,7,,0,2,6,1,C01
202100040846,1,10,,0,2,6,1,B01
202100040846,2,33,,0,2,0,13,A01
202100040847,1,2,,0,9,2,14,A01
202100040847,1,1,,0,2,8,1,B01
202100040848,2,7,,0,2,8,10,A01
202100040848,2,7,,0,2,2,17,B01
202100040849,1,1,,0,0,4,0,B01
202100040849,1,33,,0,2,1,0,A01
202100040850,1,7,,0,2,1,15,A01
202100040850,2,31,,0,2,1,1,B01
202100040851,1,7,,6,0,3,21,A01
202100040852,1,7,,0,2,4,1,C01
202100040852,1,7,,0,2,4,1,B01
202100040852,1,10,,0,2,1,12,A01
202100040853,2,7,,0,2,1,2,C01
202100040853,2,7,,0,2,1,1,B01
202100040853,2,7,,0,2,4,1,A01
202100040854,1,7,,0,2,7,12,A01
202100040854,1,34,,0,2,8,1,B01
202100040855,2,7,,4,2,3,1,B01
202100040855,2,14,,0,2,7,12,A01
202100040856,1,7,,0,2,1,1,B01
202100040856,1,7,,0,2,4,11,A01
202100040857,2,7,,0,2,8,11,B01
202100040857,2,32,,0,2,7,17,A01
202100040858,2,7,,0,2,4,2,B01
202100040858,2,7,,0,2,1,2,A01
202100040859,1,31,,0,2,7,3,A01
202100040859,1,7,,0,2,8,1,B01
202100040859,1,7,,0,2,7,1,C01
202100040860,1,33,,0,2,1,3,A01
202100040860,1,31,,0,2,6,3,B01
202100040861,1,33,,0,2,2,3,A01
202100040861,1,7,,0,2,6,1,B01
202100040861,1,7,,0,2,5,1,C01
202100040862,1,7,,0,2,1,2,A01
202100040862,1,7,,0,2,4,2,B01
202100040863,3,33,,0,2,1,1,B01
202100040863,3,7,,0,2,7,15,A01
202100040864,3,7,,0,1,3,1,A01
202100040865,3,1,,0,2,1,1,B01
202100040865,3,1,,0,2,1,13,A01
202100040866,1,2,,0,2,2,1,B01
202100040866,2,7,,0,2,3,15,A01
202100040867,3,7,,0,2,2,2,B01
202100040867,3,30,,0,2,5,2,A01
202100040868,2,2,,0,2,0,1,Z01
202100040868,1,7,,0,2,7,16,A01
202100040869,1,7,,0,2,8,1,B01
202100040869,1,2,,0,2,1,5,A01
202100040870,2,30,,0,2,0,0,B01
202100040870,2,50,,0,2,3,1,A01
202100040871,2,7,,1,0,2,14,A01
202100040871,2,7,,1,0,6,0,B01
202100040871,2,7,,1,2,4,0,C01
202100040872,2,7,,8,0,1,16,A01
202100040873,2,7,,0,2,1,15,A01
202100040873,1,7,,0,2,2,1,B01
202100040874,2,99,,0,2,4,13,B01
202100040874,2,30,,0,2,4,17,A01
202100040875,2,43,,0,2,0,0,B01
202100040875,1,32,,0,2,0,26,A01
202100040876,1,7,,0,0,3,1,A01
202100040876,1,7,,15,0,1,1,B01
202100040877,1,7,,4,0,1,19,A01
202100040878,1,1,,0,2,1,0,B01
202100040878,2,7,,0,9,3,26,A01
202100040879,2,7,,0,1,1,1,A01
202100040880,1,7,,0,2,1,2,A01
202100040880,1,7,,0,2,4,2,B01
202100040881,1,7,,1,0,1,1,A01
202100040882,1,3,,0,1,3,1,A01
202100040883,2,31,,0,2,1,17,A01
202100040883,1,7,,0,2,3,9,B01
202100040884,2,7,,0,2,1,2,A01
202100040884,1,7,,0,2,4,2,B01
202100040885,1,7,,0,2,1,2,B01
202100040885,1,7,,0,2,4,2,A01
202100040886,0,7,,0,1,2,1,A01
202100040887,0,7,,0,2,3,15,B01
202100040887,0,7,,0,2,0,0,A01
202100040888,3,7,,0,9,3,2,A01
202100040888,3,1,,0,2,8,19,B01
202100040889,2,31,,0,2,8,1,A01
202100040890,0,7,,0,1,2,1,A01
202100040891,3,60,,0,2,7,1,B01
202100040891,3,7,,0,2,2,1,A01
202100040892,2,7,,0,1,1,1,A01
202100040893,1,10,,0,1,4,20,A01
202100040894,1,7,,0,2,2,10,A01
202100040894,1,1,,0,2,1,1,B01
202100040895,1,7,,0,2,5,16,B01
202100040895,1,1,,0,2,1,1,A01
202100040896,1,10,,0,2,1,9,A01
202100040896,2,1,,0,2,7,1,B01
202100040897,1,7,,0,1,1,1,A01
202100040898,0,7,,0,2,8,1,FA01
202100040898,1,33,,0,2,0,0,B01
202100040899,1,7,,0,1,3,1,A01
202100040900,1,33,,0,2,7,1,B01
202100040900,2,7,,0,2,1,15,A01
202100040901,1,80,,0,2,7,1,B01
202100040901,3,7,,0,2,1,9,A01
202100040902,1,7,,0,9,7,17,A01
202100040902,2,1,,0,2,8,2,B01
202100040903,1,7,,0,9,8,10,A01
202100040903,1,33,,0,2,1,1,B01
202100040904,1,7,,0,2,8,1,B01
202100040904,1,10,,0,2,1,1,A01
202100040905,1,7,,0,2,8,1,A01
202100040905,1,7,,0,2,1,1,B01
202100040906,2,10,,0,1,1,1,A01
202100040907,1,7,,0,2,8,9,A01
202100040907,1,1,,0,2,7,1,B01
202100040908,0,7,,1,0,1,14,A01
202100040909,0,7,,0,2,1,1,B01
202100040909,0,1,,0,2,1,19,A01
202100040910,1,7,,0,2,1,15,B01
202100040910,1,30,,0,2,1,26,A01
202100040911,2,7,,0,2,8,15,A01
202100040911,1,2,,0,2,1,1,B01
202100040912,3,1,,0,2,9,18,B01
202100040912,3,14,,0,2,7,16,A01
202100040913,1,30,,0,2,1,2,A01
202100040913,1,7,,0,2,4,2,B01
202100040914,1,7,,0,2,1,1,A01
202100040914,1,7,,8,2,5,1,B01
202100040915,3,7,,0,2,8,15,B01
202100040915,3,7,,0,2,1,1,A01
202100040916,3,37,1.0,0,1,2,16,A01
202100040917,1,14,,0,2,2,1,B01
202100040917,1,7,,0,2,5,15,A01
202100040918,1,7,,0,2,1,2,A01
202100040918,1,7,,0,2,4,1,B01
202100040919,1,2,,0,2,7,1,B01
202100040919,1,7,,0,2,8,9,A01
202100040920,1,7,,0,2,1,19,A01
202100040920,1,7,,0,2,4,1,B01
202100040920,1,7,,0,2,4,1,C01
202100040920,1,7,,0,2,0,0,D01
202100040921,2,10,,0,2,1,2,A01
202100040921,2,7,,0,2,6,23,B01
202100040922,3,50,,0,2,1,1,B01
202100040922,3,10,,0,2,3,1,A01
202100040923,1,7,,1,0,3,5,A01
202100040924,3,2,,0,2,1,17,B01
202100040924,3,7,,0,2,3,10,A01
202100040925,3,2,,0,2,1,1,B01
202100040925,3,7,,0,2,1,15,A01
202100040926,2,7,,0,2,0,15,Z01
202100040926,2,30,,0,2,0,1,B01
202100040927,2,10,,0,2,5,15,A01
202100040927,2,1,,0,2,2,1,B01
202100040928,0,7,,0,1,4,20,A01
202100040929,2,31,,0,2,1,1,A01
202100040929,2,7,,0,2,8,15,B01
202100040930,1,7,,0,1,3,1,A01
202100040931,2,30,,0,2,1,26,A01
202100040931,1,7,,0,2,3,9,B01
202100040932,3,7,,0,2,8,15,A01
202100040932,3,7,,0,2,2,17,B01
202100040933,1,0,,0,2,9,26,C01
202100040933,1,31,,0,2,1,1,B01
202100040934,0,2,,0,2,0,1,B01
202100040934,0,7,,0,2,0,0,A01
202100040935,3,30,,0,2,4,12,B01
202100040935,3,7,,0,2,1,0,A01
202100040936,0,2,,0,2,2,3,A01
202100040936,0,7,,0,2,3,15,B01
202100040937,3,0,,0,1,1,26,A01
202100040938,2,7,,0,2,3,1,B01
202100040938,1,7,,0,2,2,14,A01
202100040939,2,33,,0,2,1,2,B01
202100040939,1,30,,0,2,1,17,A01
202100040940,3,10,,0,2,2,1,A01
202100040940,3,10,,0,2,6,1,B01
202100040941,3,1,,0,2,7,1,B01
202100040941,3,7,,0,2,1,1,A01
202100040942,1,7,,0,2,2,21,A01
202100040942,1,7,,0,2,6,1,B01
202100040943,3,7,,0,2,6,13,C01
202100040943,1,33,,0,2,8,1,B01
202100040943,1,33,,4,0,3,13,A01
202100040944,1,1,,0,2,8,2,B01
202100040944,1,7,,0,2,2,2,A01
202100040945,3,30,,0,2,0,0,A01
202100040945,3,7,,0,9,0,0,B01
202100040946,2,7,,0,2,2,22,A01
202100040946,2,80,,0,2,8,18,B01
202100040947,1,7,,0,2,1,1,A01
202100040947,1,33,,0,2,3,1,B01
202100040948,1,10,,0,2,6,10,A01
202100040948,1,80,,0,2,1,1,B01
202100040949,1,14,,0,2,8,10,B01
202100040949,1,32,,0,2,2,1,A01
202100040950,2,7,,0,2,6,23,B01
202100040950,2,34,,0,2,2,9,A01
202100040951,2,7,,0,2,2,9,A01
202100040951,2,30,,0,2,1,1,B01
202100040952,2,10,,0,1,2,16,A01
202100040953,1,33,,0,2,6,1,A01
202100040953,1,7,,0,2,0,12,Z01
202100040954,2,1,,0,2,8,13,A01
202100040954,2,7,,0,2,7,1,B01
202100040955,1,80,,0,2,5,1,B01
202100040955,1,7,,0,2,1,1,A01
202100040956,1,1,,0,0,1,1,A01
202100040957,2,32,,0,0,0,1,A01
202100040958,2,30,,8,0,1,16,A01
202100040958,2,7,,8,0,7,1,B01
202100040959,3,7,,0,2,3,15,A01
202100040959,3,1,,0,2,1,1,B01
202100040960,1,7,,0,2,2,1,A01
202100040960,3,7,,0,2,0,0,B01
202100040961,2,32,,8,2,3,18,A01
202100040961,2,7,,0,2,2,16,B01
202100040962,2,30,,0,2,1,1,A01
202100040962,2,7,,0,2,2,16,B01
202100040963,0,7,,0,2,3,15,A01
202100040963,1,31,,0,2,3,1,B01
202100040964,3,7,,0,2,7,12,A01
202100040964,3,10,,0,2,5,1,C01
202100040964,3,32,,0,2,8,1,B01
202100040965,3,7,,0,2,2,1,B01
202100040965,3,15,,0,0,6,1,A01
202100040966,1,7,,0,2,2,16,A01
202100040966,1,33,,0,2,3,16,B01
202100040967,1,99,,0,0,4,0,B01
202100040967,1,7,,0,2,1,17,A01
202100040968,2,7,,9,0,8,9,A01
202100040969,3,30,,0,2,2,15,A01
202100040969,3,7,,0,2,2,16,B01
202100040970,2,7,,1,2,1,13,A01
202100040970,2,7,,0,2,8,13,B01
202100040971,0,7,,0,1,2,2,A01
202100040972,3,7,,0,2,5,15,B01
202100040972,3,7,,0,2,3,1,A01
202100040973,1,7,,1,0,0,0,A01
202100040974,3,7,,0,1,0,0,A01
202100040975,1,10,,0,1,4,26,A01
202100040976,1,43,,0,2,1,2,B01
202100040976,1,7,,0,2,5,15,A01
202100040977,0,7,,8,0,1,26,A01
202100040978,1,7,,0,1,8,26,A01
202100040979,1,32,,0,2,2,21,B01
202100040979,1,7,,0,2,3,10,A01
202100040980,2,50,,0,2,1,5,A01
202100040980,1,1,,0,2,1,1,B01
202100040981,1,1,,0,2,0,17,A01
202100040981,1,1,,0,2,0,21,B01
202100040982,1,7,,0,2,3,11,A01
202100040982,2,7,,0,2,3,1,B01
202100040983,2,33,,13,0,1,1,A01
202100040984,2,1,,0,2,1,1,B01
202100040984,1,7,,13,2,3,21,A01
202100040985,2,33,,0,2,8,1,B01
202100040985,2,7,,0,2,3,1,A01
202100040986,2,2,,0,0,3,1,A01
202100040987,1,33,,0,2,1,2,A01
202100040987,1,7,,0,2,5,2,B01
202100040988,0,7,,2,9,3,1,A01
202100040988,0,1,,15,2,4,2,B01
202100040989,0,7,,0,1,4,20,A01
202100040990,2,7,,0,9,1,15,A01
202100040990,2,1,,0,2,4,1,B01
202100040991,3,10,,0,2,3,1,B01
202100040991,3,2,,0,2,3,1,A01
202100040992,2,7,,0,2,3,1,B01
202100040992,1,7,,0,2,3,1,A01
202100040993,1,33,,0,2,7,17,B01
202100040993,1,10,,0,2,3,15,A01
202100040994,1,7,,2,0,1,1,A01
202100040995,2,33,,0,2,1,1,C01
202100040995,1,7,,0,0,3,1,B01
202100040995,2,7,,0,2,4,1,A01
202100040996,2,35,,0,0,0,1,A01
202100040997,1,7,,0,2,1,2,A01
202100040997,1,7,,0,2,4,1,B01
202100040997,2,7,,0,2,8,1,C01
202100040998,1,31,,0,0,0,1,A01
202100040999,2,15,,0,9,0,1,A01
202100040999,1,1,,0,9,3,1,B01
202100041000,2,10,,0,2,7,5,A01
202100041000,1,33,,0,2,7,1,B01
202100041001,2,21,,0,2,1,9,A01
202100041001,1,10,,0,2,7,1,B01
202100041002,1,7,,0,2,3,1,A01
202100041002,2,33,,0,2,1,1,B01
202100041003,2,33,,0,2,3,1,B01
202100041003,1,33,,0,2,3,13,A01
202100041004,0,33,,0,0,2,1,A01
202100041005,0,36,,0,0,1,0,A01
202100041006,1,7,,0,2,1,0,B01
202100041006,1,10,,0,2,3,16,A01
202100041007,3,7,,6,0,3,1,A01
202100041008,2,7,,0,1,8,21,A01
202100041009,2,7,,0,0,8,1,B01
202100041009,2,7,,0,2,2,14,A01
202100041010,0,7,,0,2,1,23,C01
202100041010,0,2,,0,2,2,1,B01
202100041010,0,7,,0,2,1,16,A01
202100041011,1,7,,0,2,8,1,A01
202100041011,3,7,,0,2,1,1,B01
202100041012,1,7,,0,2,7,17,B01
202100041012,1,7,,3,2,8,13,A01
202100041013,0,7,,0,0,3,2,B01
202100041013,0,7,,0,0,6,2,A01
202100041014,3,1,,0,0,0,2,A01
202100041014,0,7,,0,9,0,1,B01
202100041015,1,10,,0,2,3,13,A01
202100041015,2,7,,0,2,3,1,B01
202100041016,1,7,,12,0,9,1,A01
202100041017,3,7,,0,2,3,1,B01
202100041017,1,34,,0,2,1,1,A01
202100041018,2,7,,0,2,1,1,B01
202100041018,1,7,,0,2,3,19,A01
202100041019,1,7,,0,2,9,1,B01
202100041019,2,7,,0,2,1,19,A01
202100041020,1,7,,0,2,1,2,B01
202100041020,2,33,,0,2,1,5,A01
202100041021,2,33,,0,0,0,1,A01
202100041021,2,33,,0,0,1,1,B01
202100041022,1,33,,13,0,1,1,A01
202100041023,0,2,,0,2,3,1,A01
202100041023,0,1,,0,2,5,19,B01
202100041024,1,7,,0,0,3,1,A01
202100041025,1,7,,0,2,5,17,A01
202100041025,1,1,,0,2,8,0,C01
202100041026,1,7,,0,2,1,1,B01
202100041026,2,7,,0,2,3,5,A01
202100041027,2,7,,13,0,2,14,A01
202100041028,2,2,,3,0,7,1,A01
202100041029,1,7,,3,0,2,1,A01
202100041030,1,10,,0,2,3,13,A01
202100041030,2,7,,0,2,3,1,B01
202100041031,0,7,,13,0,1,1,A01
202100041032,1,7,,0,2,4,1,A01
202100041032,1,10,,0,2,1,2,D01
202100041032,1,7,,0,2,4,2,C01
202100041032,1,7,,0,2,5,2,B01
202100041033,2,15,,0,2,2,1,A01
202100041033,2,7,,0,2,8,11,B01
202100041034,1,7,,0,2,1,2,B01
202100041034,1,7,,0,2,4,1,A01
202100041035,2,7,,0,2,1,2,C01
202100041035,2,10,,0,2,4,2,B01
202100041035,2,7,,0,2,4,1,A01
202100041036,2,7,,0,2,1,1,B01
202100041036,2,7,,0,2,4,1,A01
202100041037,1,10,,0,2,0,1,Z01
202100041037,1,7,,0,2,4,2,A01
202100041037,1,33,,0,2,1,2,B01
202100041038,1,7,,0,2,2,2,A01
202100041038,1,32,,0,2,4,1,B01
202100041039,2,7,,4,2,9,1,A01
202100041039,2,10,,0,2,0,0,B01
202100041040,2,7,,0,2,4,2,B01
202100041040,2,33,,0,2,1,2,A01
202100041041,1,7,,0,2,4,1,A01
202100041041,1,7,,0,2,1,2,B01
202100041042,2,7,,0,2,1,2,A01
202100041042,2,7,,0,2,4,2,B01
202100041043,2,10,,0,2,1,2,A01
202100041043,2,7,,0,2,4,2,B01
202100041044,1,33,,0,2,1,3,A01
202100041044,1,7,,0,2,4,1,B01
202100041045,2,30,,0,2,1,1,A01
202100041045,3,7,,0,2,5,26,B01
202100041046,1,7,,0,1,1,1,A01
202100041047,1,33,,4,0,7,18,A01
202100041048,2,7,,0,9,5,1,B01
202100041048,2,2,,0,2,0,1,A01
202100041049,2,7,,0,2,1,1,A01
202100041049,2,7,,0,2,4,1,B01
202100041050,0,2,,0,2,1,1,A01
202100041051,1,7,,0,2,1,1,B01
202100041051,2,3,,0,2,1,5,A01
202100041052,1,7,,0,2,1,1,A01
202100041052,1,7,,0,2,6,1,B01
202100041053,2,36,,12,0,0,0,A01
202100041054,2,7,,0,2,5,1,C01
202100041054,2,7,,0,2,7,1,D01
202100041054,2,7,,0,2,8,22,A01
202100041054,2,2,,1,2,1,1,B01
202100041055,1,10,,0,9,1,1,A01
202100041055,2,1,,0,2,7,19,B01
202100041056,2,20,,0,1,3,1,A01
202100041057,2,7,,0,2,1,1,A01
202100041057,1,32,,0,2,1,21,B01
202100041058,2,7,,1,2,7,20,A01
202100041058,2,7,,1,2,1,1,B01
202100041059,1,7,,0,2,1,26,A01
202100041059,1,10,,0,2,1,26,B01
202100041059,1,10,,0,2,4,2,C01
202100041059,1,7,,0,2,4,2,D01
202100041060,1,7,,0,2,7,15,A01
202100041060,1,1,,0,2,1,0,B01
202100041061,1,2,,0,2,1,1,B01
202100041061,1,7,,0,2,3,15,A01