Num_Acc,senc,catv,occutc,obs,obsm,choc,manv,num_veh
202100041062,3,7,,0,1,2,16,A01
202100041063,2,7,,0,2,3,5,C01
202100041063,3,7,,0,2,3,26,Z01
202100041063,3,7,,9,2,5,15,B01
202100041064,1,7,,0,2,4,2,B01
202100041064,1,7,,0,2,1,2,A01
202100041065,1,7,,9,0,1,26,A01
202100041066,1,7,,15,0,2,26,A01
202100041067,1,7,,0,2,3,13,A01
202100041067,2,7,,0,2,1,1,B01
202100041068,3,7,,0,2,1,15,A01
202100041068,3,7,,0,2,1,1,B01
202100041069,1,7,,13,0,7,14,A01
202100041070,1,7,,0,2,3,13,A01
202100041070,2,7,,0,2,3,1,B01
202100041071,1,10,,16,9,1,9,A01
202100041071,2,33,,0,2,1,5,B01
202100041072,3,7,,0,1,3,15,A01
202100041073,0,33,,14,0,3,13,A01
202100041074,3,7,,0,2,1,13,A01
202100041074,3,7,,0,2,1,1,B01
202100041075,3,7,,0,1,1,15,A01
202100041076,2,7,,13,0,2,17,A01
202100041077,1,7,,2,0,0,19,A01
202100041078,0,1,,0,2,8,15,B01
202100041078,0,7,,0,9,2,21,A01
202100041079,2,7,,6,0,0,1,A01
202100041080,0,30,,0,2,3,9,B01
202100041080,0,99,,0,2,1,1,A01
202100041081,2,7,,0,1,1,21,A01
202100041082,2,7,,0,1,7,1,A01
202100041083,1,1,,0,2,1,1,B01
202100041083,1,7,,0,2,1,16,A01
202100041084,1,7,,0,2,3,15,B01
202100041084,2,30,,0,2,1,1,A01
202100041085,1,33,,0,2,1,2,A01
202100041085,1,99,,0,0,0,2,T01
202100041085,1,7,,0,2,4,2,B01
202100041086,2,7,,0,2,4,2,B01
202100041086,2,7,,0,2,1,1,A01
202100041087,0,7,,0,1,1,1,A01
202100041088,1,7,,0,2,1,16,A01
202100041088,2,50,,0,2,1,25,B01
202100041089,1,7,,0,1,2,15,A01
202100041090,1,7,,0,2,3,13,B01
202100041090,2,36,,0,2,2,13,A01
202100041091,1,33,,0,2,2,1,B01
202100041091,2,7,,0,2,3,15,A01
202100041092,2,7,,0,2,1,2,A01
202100041092,2,7,,0,2,4,1,B01
202100041093,2,7,,0,1,1,1,A01
202100041094,1,33,,0,0,0,26,A01
202100041095,3,10,,0,2,1,2,A01
202100041095,3,7,,0,2,4,2,B01
202100041096,3,7,,0,2,1,2,A01
202100041096,3,7,,0,2,4,2,B01
202100041097,3,7,,0,2,2,22,A01
202100041097,3,1,,0,9,1,1,B01
202100041098,1,33,,0,2,1,2,B01
202100041098,1,7,,0,2,6,15,A01
202100041099,0,7,,6,0,1,1,A01
202100041100,0,7,,0,2,1,1,B01
202100041100,0,7,,0,2,1,15,A01
202100041101,1,30,,0,2,0,1,A01
202100041101,1,7,,0,2,0,0,B01
202100041102,3,7,,0,1,1,26,A01
202100041103,1,10,,14,2,4,23,B01
202100041103,1,7,,0,2,1,1,A01
202100041104,2,1,,0,0,0,1,A01
202100041105,1,30,,0,0,8,1,A01
202100041106,1,1,,0,2,1,21,B01
202100041106,1,7,,0,9,2,17,A01
202100041107,0,7,,0,2,1,2,A01
202100041107,0,7,,0,2,4,23,D01
202100041107,0,7,,0,2,4,23,C01
202100041107,0,7,,0,2,4,23,B01
202100041108,3,2,,0,2,1,1,B01
202100041108,3,7,,0,2,4,15,A01
202100041109,3,10,,0,0,2,0,A01
202100041110,0,7,,0,1,1,1,A01
202100041111,1,7,,0,2,2,1,B01
202100041111,2,2,,0,2,1,1,A01
202100041112,2,34,,1,2,1,7,A01
202100041112,2,7,,0,2,7,12,B01
202100041113,2,99,,0,2,3,10,B01
202100041113,1,99,,0,2,2,1,A01
202100041114,1,10,,0,2,3,26,A01
202100041114,1,1,,0,2,1,1,B01
202100041115,0,7,,0,2,8,9,A01
202100041115,2,1,,0,2,7,1,B01
202100041116,2,17,,0,2,6,1,A01
202100041116,1,7,,0,2,1,1,B01
202100041117,2,7,,0,2,1,9,A01
202100041117,1,1,,0,2,0,1,B01
202100041118,2,7,,1,0,7,1,A01
202100041118,2,7,,1,2,8,24,B01
202100041119,3,7,,0,1,2,1,A01
202100041120,2,33,,0,2,1,1,B01
202100041120,1,10,,0,2,6,15,A01
202100041121,1,7,,0,2,1,1,B01
202100041121,1,7,,0,2,1,1,A01
202100041122,1,30,,0,1,1,21,A01
202100041123,3,34,,0,2,1,1,B01
202100041123,3,7,,0,2,5,15,A01
202100041123,1,7,,0,2,0,23,T01
202100041124,1,33,,0,1,1,17,A01
202100041125,2,7,,0,2,2,1,B01
202100041125,3,50,,0,2,1,1,A01
202100041126,3,7,,0,2,7,15,A01
202100041126,3,2,,0,2,1,1,B01
202100041127,3,7,,0,2,5,2,B01
202100041127,3,7,,0,2,3,2,A01
202100041128,3,33,,0,1,3,3,A01
202100041129,3,7,,0,1,1,9,A01
202100041130,1,37,1.0,0,2,6,23,C01
202100041130,1,2,,1,2,1,21,B01
202100041130,1,7,,0,2,5,23,A01
202100041131,3,10,,8,2,5,19,A01
202100041131,3,7,,0,2,1,23,C01
202100041131,1,10,,8,2,1,1,B01
202100041132,3,1,,0,2,1,19,A01
202100041132,3,7,,0,2,8,1,B01
202100041133,1,7,,0,2,4,2,B01
202100041133,1,32,,0,2,1,1,A01
202100041134,3,2,,0,1,1,1,A01
202100041135,1,30,,0,2,1,17,A01
202100041135,1,7,,0,2,6,23,B01
202100041136,2,31,,0,2,1,1,A01
202100041136,1,7,,0,2,2,15,B01
202100041137,2,30,,0,2,7,17,A01
202100041137,2,14,,0,2,6,23,B01
202100041138,2,1,,0,2,7,19,A01
202100041138,2,7,,0,2,1,1,B01
202100041139,0,7,,0,2,4,9,A01
202100041139,0,30,,0,2,7,1,B01
202100041140,2,7,,0,2,3,9,A01
202100041140,1,32,,0,2,3,1,B01
202100041141,2,14,,0,2,2,14,A01
202100041141,2,7,,0,2,6,1,B01
202100041142,1,10,,0,2,1,2,A01
202100041142,1,7,,0,2,4,2,B01
202100041143,1,13,,0,2,2,2,A01
202100041143,1,31,,0,2,4,2,B01
202100041144,1,7,,0,2,8,15,B01
202100041144,2,7,,0,2,1,1,A01
202100041145,1,1,,0,2,1,18,B01
202100041145,1,7,,0,2,5,22,A01
202100041146,2,7,,0,2,1,2,A01
202100041146,2,7,,0,2,4,2,B01
202100041146,2,7,,0,2,4,2,C01
202100041147,2,7,,0,2,2,1,A01
202100041147,1,1,,0,2,8,1,B01
202100041148,1,30,,0,2,1,1,A01
202100041148,1,13,,0,2,8,1,B01
202100041149,1,50,,0,0,0,1,B01
202100041149,1,37,1.0,0,0,0,1,A01
202100041150,1,7,,0,2,6,26,A01
202100041150,1,10,,0,2,2,1,B01
202100041151,1,2,,0,2,1,1,B01
202100041151,1,7,,0,2,2,19,A01
202100041152,1,37,1.0,0,2,4,1,C01
202100041152,1,7,,0,2,4,1,B01
202100041152,1,7,,0,2,1,21,A01
202100041153,1,30,,0,2,2,14,A01
202100041153,1,10,,0,2,6,26,B01
202100041154,1,7,,0,2,7,1,B01
202100041154,1,3,,0,2,1,26,A01
202100041155,0,7,,0,2,3,1,B01
202100041155,0,7,,0,2,1,15,A01
202100041156,1,34,,0,2,1,17,B01
202100041156,2,7,,0,2,3,10,A01
202100041157,1,30,,0,2,1,1,B01
202100041157,2,7,,0,2,1,15,A01
202100041158,3,7,,0,0,0,0,B01
202100041158,0,34,,1,0,2,26,A01
202100041159,2,50,,0,2,1,1,A01
202100041159,2,7,,0,2,3,15,B01
202100041160,1,80,,12,0,1,19,A01
202100041161,1,1,,0,2,1,1,B01
202100041161,1,1,,0,2,1,26,A01
202100041162,1,1,,0,0,0,16,A01
202100041163,1,33,,0,2,3,1,A01
202100041163,1,7,,0,2,2,16,B01
202100041164,1,7,,0,2,1,2,B01
202100041164,1,7,,15,2,1,9,A01
202100041165,2,14,,0,2,3,22,C01
202100041165,2,7,,0,2,2,1,B01
202100041165,2,30,,0,2,2,18,A01
202100041166,1,14,,0,1,7,16,A01
202100041167,2,10,,0,2,5,23,B01
202100041167,2,30,,0,2,7,2,A01
202100041168,1,7,,0,2,2,10,A01
202100041168,1,2,,0,2,1,9,B01
202100041169,1,14,,0,2,3,1,B01
202100041169,3,7,,0,2,2,15,A01
202100041170,2,7,,16,0,0,0,A01
202100041171,2,16,,1,0,1,12,A01
202100041171,2,16,,0,0,7,24,C01
202100041171,2,16,,0,0,4,24,D01
202100041172,2,7,,0,2,8,1,A01
202100041172,2,1,,1,0,2,1,B01
202100041173,0,1,,0,9,1,15,A01
202100041173,0,1,,0,9,1,1,B01
202100041174,1,10,,0,2,8,15,B01
202100041174,1,2,,0,2,1,11,A01
202100041175,1,32,,0,2,1,18,A01
202100041175,1,7,,0,0,5,23,B01
202100041176,3,21,,0,2,6,14,B01
202100041176,0,33,,0,2,1,0,A01
202100041177,1,7,,2,0,8,17,A01
202100041178,2,7,,0,0,4,15,B01
202100041178,2,7,,0,2,1,1,A01
202100041179,3,2,,0,2,7,17,A01
202100041179,3,7,,0,2,8,15,B01
202100041180,2,7,,0,1,0,1,A01
202100041181,2,34,,0,2,1,1,A01
202100041181,1,7,,0,0,2,15,B01
202100041182,2,7,,2,0,2,1,A01
202100041183,1,7,,0,2,2,1,C01
202100041183,2,7,,0,2,1,13,A01
202100041183,1,7,,0,2,1,1,B01
202100041184,3,7,,13,0,0,16,A01
202100041184,3,7,,13,0,7,19,B01
202100041185,1,2,,6,0,1,21,A01
202100041186,1,7,,0,2,1,1,B01
202100041186,2,7,,0,2,1,5,A01
202100041187,3,7,,2,0,0,1,A01
202100041188,3,7,,0,2,2,19,B01
202100041188,1,7,,0,2,1,1,A01
202100041189,1,33,,0,2,1,9,A01
202100041189,2,7,,0,2,2,9,B01
202100041190,3,7,,0,1,2,1,A01
202100041191,1,7,,0,2,1,1,A01
202100041191,1,21,,0,2,4,15,B01
202100041192,2,33,,0,2,1,1,B01
202100041192,1,7,,0,2,7,15,A01
202100041193,2,7,,8,0,1,1,A01
202100041194,1,10,,6,0,1,14,A01
202100041195,1,7,,0,2,3,15,A01
202100041195,1,7,,0,2,2,1,B01
202100041196,3,31,,13,0,1,1,A01
202100041197,3,7,,13,0,2,1,A01
202100041198,3,1,,0,2,1,26,B01
202100041198,3,7,,0,2,3,9,A01
202100041199,2,10,,8,0,2,1,A01
202100041200,1,7,,2,0,2,1,A01
202100041201,1,10,,0,1,4,20,A01
202100041202,0,10,,0,1,0,0,A01
202100041203,1,7,,3,0,1,1,A01
202100041204,1,10,,0,2,3,15,B01
202100041204,2,2,,0,2,1,17,A01
202100041205,0,10,,0,0,2,9,A01
202100041205,0,7,,8,0,3,1,B01
202100041206,1,7,,2,0,1,1,A01
202100041207,1,7,,0,9,3,15,A01
202100041207,1,33,,0,0,7,17,B01
202100041208,2,10,,0,0,6,12,B01
202100041208,2,33,,0,2,1,3,A01
202100041209,1,15,,0,2,3,1,B01
202100041209,2,7,,0,2,3,13,A01
202100041210,1,1,,0,2,8,1,B01
202100041210,2,7,,0,9,1,19,A01
202100041211,1,7,,0,2,1,1,B01
202100041211,2,7,,0,2,1,13,A01
202100041212,1,7,,0,0,3,1,A01
202100041213,3,31,,0,2,0,1,B01
202100041213,3,7,,0,2,3,1,A01
202100041214,1,38,1.0,0,2,4,23,A01
202100041214,1,2,,1,2,1,26,B01
202100041215,2,7,,0,2,1,1,A01
202100041215,1,7,,0,2,1,1,B01
202100041216,2,7,,0,2,1,26,A01
202100041216,1,7,,0,2,2,1,B01
202100041217,3,1,,6,0,3,0,A01
202100041218,0,15,,0,2,1,1,B01
202100041218,0,7,,0,2,1,13,A01
202100041219,2,15,,0,2,1,2,A01
202100041219,2,7,,0,2,4,2,B01
202100041220,2,2,,0,2,1,9,B01
202100041220,2,7,,0,2,3,9,A01
202100041221,1,7,,0,2,4,1,A01
202100041221,1,7,,0,2,4,1,B01
202100041221,1,7,,0,2,1,1,C01
202100041222,1,7,,0,2,4,2,A01
202100041222,1,7,,0,2,1,2,B01
202100041223,2,17,,0,2,1,2,A01
202100041223,2,7,,0,2,4,2,B01
202100041223,2,7,,0,2,4,2,C01
202100041224,1,7,,0,0,9,13,A01
202100041225,1,31,,0,2,1,2,A01
202100041225,1,10,,0,2,6,2,B01
202100041226,2,10,,0,2,7,1,B01
202100041226,2,10,,0,2,3,1,A01
202100041227,1,33,,0,0,4,1,A01
202100041228,1,7,,4,0,9,1,A01
202100041229,1,10,,3,0,1,1,A01
202100041230,1,7,,0,2,0,11,A01
202100041230,1,7,,0,2,0,0,B01
202100041231,1,33,,0,2,0,26,A01
202100041232,1,7,,0,2,4,2,A01
202100041232,1,10,,0,2,1,2,B01
202100041233,2,7,,0,2,2,1,D01
202100041233,2,33,,0,2,6,2,C01
202100041233,2,33,,0,2,2,2,B01
202100041233,2,32,,0,2,3,9,A01
202100041234,1,7,,0,2,9,9,C01
202100041234,1,14,,0,2,5,1,B01
202100041234,1,7,,0,2,1,1,A01
202100041235,2,31,,0,2,1,2,B01
202100041235,2,7,,0,2,5,2,A01
202100041236,1,7,,4,0,3,26,A01
202100041237,2,7,,0,2,4,2,C01
202100041237,2,7,,0,2,4,1,B01
202100041237,2,7,,0,2,1,26,A01
202100041238,2,7,,4,0,1,1,A01
202100041239,1,7,,0,2,5,12,A01
202100041239,1,33,,0,2,6,3,B01
202100041240,2,7,,0,1,7,1,A01
202100041241,1,7,,0,2,7,17,A01
202100041241,1,1,,0,0,8,13,B01
202100041242,3,7,,0,1,1,1,A01
202100041243,3,30,,0,1,1,26,A01
202100041244,1,30,,0,2,1,1,A01
202100041244,2,1,,0,2,1,1,B01
202100041245,1,30,,12,2,1,1,A01
202100041245,2,30,,12,2,1,26,B01
202100041246,3,7,,8,0,1,13,A01
202100041247,2,2,,0,2,1,1,B01
202100041247,1,7,,0,2,8,9,A01
202100041248,1,32,,0,2,1,1,B01
202100041248,1,7,,0,2,2,16,A01
202100041249,1,7,,0,2,3,15,A01
202100041249,1,1,,0,2,1,1,B01
202100041250,1,7,,0,2,1,1,A01
202100041250,1,7,,0,2,4,1,B01
202100041250,1,7,,0,2,4,1,C01
202100041250,1,7,,0,2,4,1,D01
202100041251,3,7,,1,0,1,16,A01
202100041252,0,7,,0,2,3,26,A01
202100041252,0,41,,0,0,1,1,B01
202100041253,2,7,,0,2,2,1,B01
202100041253,1,10,,0,2,5,15,A01
202100041254,3,7,,0,2,7,26,A01
202100041254,3,7,,0,2,1,1,B01
202100041255,2,7,,0,2,4,1,A01
202100041255,2,34,,0,2,2,17,B01
202100041256,1,7,,0,2,6,2,B01
202100041256,1,30,,0,2,1,12,A01
202100041257,0,7,,0,2,4,2,B01
202100041257,0,7,,0,2,1,2,A01
202100041258,2,7,,0,1,3,15,A01
202100041259,2,99,,8,0,1,1,A01
202100041260,3,7,,0,1,1,15,A01
202100041261,1,50,,0,2,1,1,B01
202100041261,2,10,,0,2,4,4,A01
202100041262,0,7,,0,2,8,0,B01
202100041262,0,33,,0,2,7,10,A01
202100041263,1,7,,0,1,1,1,A01
202100041264,1,7,,0,1,1,9,A01
202100041265,3,7,,0,1,1,2,A01
202100041266,0,7,,0,1,7,9,A01
202100041267,3,1,,0,2,1,9,A01
202100041267,3,7,,0,2,3,23,B01
202100041268,3,7,,0,2,2,9,A01
202100041268,1,34,,0,2,2,1,B01
202100041269,1,30,,0,0,8,2,A01
202100041270,1,33,,0,0,8,21,A01
202100041271,3,7,,0,2,3,13,A01
202100041271,3,33,,0,2,2,17,B01
202100041272,1,7,,8,0,1,13,A01
202100041273,3,2,,0,2,3,5,B01
202100041273,3,7,,0,2,3,15,A01
202100041274,2,7,,0,2,1,1,B01
202100041274,2,7,,0,2,8,15,A01
202100041275,2,33,,0,2,1,26,A01
202100041275,2,7,,0,2,6,2,B01
202100041276,1,31,,0,0,7,1,A01
202100041277,3,7,,15,1,4,20,A01
202100041278,3,7,,12,0,2,14,A01
202100041279,1,7,,0,2,1,2,A01
202100041279,1,7,,0,2,4,2,B01
202100041280,0,7,,0,2,3,13,A01
202100041280,0,30,,0,2,1,13,B01
202100041281,0,7,,0,2,3,16,B01
202100041281,0,7,,0,2,7,1,A01
202100041282,3,7,,9,0,1,26,A01
202100041283,3,2,,0,0,8,1,A01
202100041284,3,7,,0,1,2,1,A01
202100041285,1,7,,0,1,3,1,A01
202100041286,1,7,,0,2,2,1,A01
202100041286,2,1,,0,2,8,0,B01
202100041287,0,7,,0,2,1,1,B01
202100041287,0,1,,0,2,8,19,A01
202100041288,3,7,,0,1,1,16,A01
202100041289,1,33,,0,2,1,1,A01
202100041289,1,7,,0,2,4,23,B01
202100041290,0,7,,0,1,2,1,A01
202100041291,1,33,,2,0,2,2,A01
202100041292,0,7,,0,2,1,6,A01
202100041292,1,7,,0,2,1,1,B01
202100041293,1,7,,0,1,1,1,A01
202100041294,1,7,,0,2,7,16,A01
202100041294,1,1,,0,2,3,1,B01
202100041295,1,7,,6,0,1,1,A01
202100041296,1,7,,0,2,3,13,A01
202100041296,2,7,,0,2,6,1,B01
202100041296,2,10,,0,2,6,1,C01
202100041297,0,32,,0,2,1,1,A01
202100041297,0,30,,0,2,6,13,B01
202100041298,2,7,,0,2,3,15,A01
202100041298,1,32,,0,2,1,1,B01
202100041299,1,7,,0,2,6,0,B01
202100041299,2,7,,0,2,1,21,A01
202100041300,1,30,,0,2,1,17,A01
202100041300,1,30,,0,2,8,15,B01
202100041301,1,7,,0,2,4,1,A01
202100041301,1,7,,0,2,4,1,B01
202100041301,1,7,,0,2,1,1,C01
202100041302,2,7,,0,1,2,1,A01
202100041303,3,7,,0,1,1,16,A01
202100041304,1,37,1.0,0,1,2,21,A01
202100041305,2,33,,0,2,1,1,B01
202100041305,1,7,,0,2,2,15,A01
202100041306,2,32,,0,2,8,11,A01
202100041306,2,33,,0,2,2,3,B01
202100041306,2,7,,0,2,6,1,C01
202100041307,3,33,,0,2,4,9,B01
202100041307,3,7,,0,2,1,1,A01
202100041308,3,30,,0,2,8,18,A01
202100041308,3,7,,0,2,2,12,B01
202100041309,1,7,,0,2,4,2,C01
202100041309,1,7,,0,2,4,2,B01
202100041309,1,7,,0,2,1,2,A01
202100041310,1,7,,0,1,7,15,A01
202100041311,1,30,,0,1,1,17,A01
202100041312,1,32,,0,2,7,1,A01
202100041312,3,10,,0,2,1,1,B01
202100041313,1,10,,0,2,3,15,A01
202100041313,1,33,,0,2,2,17,B01
202100041313,2,10,,0,2,3,23,C01
202100041314,2,31,,0,1,1,1,A01
202100041315,2,32,,0,0,7,16,A01
202100041316,2,7,,0,1,1,1,A01
202100041317,2,7,,0,2,5,15,B01
202100041317,1,32,,0,2,3,1,A01
202100041318,2,2,,0,2,1,2,A01
202100041318,2,7,,0,2,4,23,B01
202100041319,1,7,,0,2,1,2,A01
202100041319,1,1,,0,2,4,2,B01
202100041320,1,33,,0,1,2,1,A01
202100041321,1,30,,0,2,1,1,B01
202100041321,1,30,,0,2,1,10,A01
202100041322,1,30,,0,2,2,18,A01
202100041322,1,7,,0,2,7,1,B01
202100041323,1,7,,0,2,3,22,A01
202100041323,1,33,,0,2,2,3,B01
202100041323,2,7,,0,2,1,1,C01
202100041324,2,80,,0,2,7,1,A01
202100041324,1,7,,0,2,1,1,B01
202100041325,1,2,,0,2,2,2,B01
202100041325,1,7,,0,0,1,9,A01
202100041326,2,1,,0,2,1,5,A01
202100041326,1,7,,0,2,1,15,B01
202100041327,3,10,,0,2,3,1,B01
202100041327,3,14,,0,2,2,16,A01
202100041328,2,50,,0,2,8,25,B01
202100041328,1,7,,0,2,1,9,A01
202100041329,2,31,,0,2,1,1,B01
202100041329,2,7,,0,2,4,1,A01
202100041330,2,7,,0,2,3,2,A01
202100041330,2,7,,0,2,4,23,B01
202100041330,2,7,,0,2,4,23,C01
202100041331,2,1,,0,1,1,1,A01
202100041332,1,37,1.0,0,1,2,15,A01
202100041333,3,30,,0,0,1,1,A01
202100041334,3,10,,0,2,0,0,B01
202100041334,3,33,,1,2,8,1,A01
202100041335,2,7,,0,1,1,1,A01
202100041336,2,32,,0,2,3,1,B01
202100041336,2,7,,0,2,7,16,A01
202100041337,2,1,,0,1,1,1,A01
202100041338,3,7,,0,2,4,1,A01
202100041338,3,7,,0,2,1,2,B01
202100041339,3,7,,0,1,8,1,A01
202100041340,1,32,,0,2,2,16,A01
202100041340,2,7,,0,2,6,16,B01
202100041341,2,7,,0,2,1,1,B01
202100041341,1,7,,0,2,1,13,A01
202100041342,0,7,,0,2,3,1,B01
202100041342,3,7,,0,2,3,1,A01
202100041343,0,7,,0,1,1,9,A01
202100041344,1,31,,0,2,3,1,A01
202100041344,2,14,,0,2,8,13,B01
202100041345,2,33,,5,0,1,1,A01
202100041346,1,7,,0,2,3,16,A01
202100041346,2,30,,0,2,1,1,B01
202100041347,3,7,,5,0,8,15,B01
202100041347,3,10,,15,2,1,1,A01
202100041348,2,7,,0,2,8,15,A01
202100041348,1,10,,0,2,1,0,B01
202100041349,1,7,,0,0,1,1,A01
202100041350,2,7,,0,2,1,1,B01
202100041350,2,14,,0,2,7,19,A01
202100041351,1,1,,14,9,1,1,A01
202100041352,2,7,,0,2,1,15,B01
202100041352,1,7,,7,2,1,1,A01
202100041353,0,7,,0,2,1,1,A01
202100041353,0,7,,0,2,3,16,B01
202100041354,2,7,,0,2,8,2,B01
202100041354,2,33,,0,2,2,17,A01
202100041355,1,7,,0,1,3,1,A01
202100041356,1,10,,0,2,1,17,A01
202100041356,2,7,,0,2,1,1,B01
202100041356,1,7,,0,2,6,23,C01
202100041357,0,2,,0,2,7,1,A01
202100041357,0,7,,0,2,1,1,B01
202100041358,3,7,,0,2,2,19,A01
202100041358,3,1,,0,2,1,1,B01
202100041359,1,7,,0,2,1,1,B01
202100041359,2,7,,0,2,1,26,A01
202100041360,2,7,,0,2,3,13,A01
202100041360,1,7,,0,2,8,1,C01
202100041360,1,7,,0,2,8,1,B01
202100041360,1,13,,0,9,1,1,D01
202100041361,2,7,,0,2,4,2,B01
202100041361,2,33,,0,2,1,2,A01
202100041362,2,7,,0,1,3,15,A01
202100041363,2,7,,0,2,8,1,B01
202100041363,1,33,,0,2,8,1,A01
202100041364,1,7,,0,2,2,17,A01
202100041364,1,7,,0,2,3,15,B01
202100041365,2,7,,0,0,9,1,A01
202100041366,2,7,,8,0,1,13,A01
202100041367,1,33,,0,2,1,1,B01
202100041367,2,7,,0,2,2,15,A01
202100041368,1,38,1.0,0,2,2,1,B01
202100041368,2,7,,0,2,1,19,A01
202100041369,1,10,,0,2,6,9,B01
202100041369,1,7,,0,2,5,17,A01
202100041370,2,7,,0,2,1,1,C01
202100041370,2,33,,0,2,1,1,B01
202100041370,1,7,,0,2,1,5,A01
202100041371,1,15,,0,2,1,1,A01
202100041371,3,7,,13,2,8,19,B01
202100041372,2,7,,0,2,1,11,B01
202100041372,1,7,,0,2,1,1,A01
202100041373,2,7,,0,2,1,1,B01
202100041373,1,10,,0,2,1,13,A01
202100041374,2,20,,16,2,9,1,A01
202100041374,1,7,,0,9,8,1,B01
202100041375,3,7,,0,1,1,0,A01
202100041376,3,15,,0,2,8,9,B01
202100041376,1,34,,4,2,2,1,A01
202100041377,2,7,,0,2,1,13,A01
202100041377,1,7,,0,2,1,1,B01
202100041378,1,7,,2,0,8,17,A01
202100041379,3,7,,0,1,4,4,A01
202100041380,2,7,,13,0,2,1,A01
202100041381,2,7,,0,2,1,15,A01
202100041381,1,7,,0,2,8,1,B01
202100041382,3,13,,0,2,4,1,A01
202100041382,3,7,,6,2,3,0,B01
202100041383,0,7,,0,2,3,15,A01
202100041383,1,2,,0,2,1,17,B01
202100041384,2,33,,4,0,3,13,A01
202100041385,2,7,,0,0,0,26,A01
202100041386,2,15,,0,2,4,23,B01
202100041386,2,15,,0,2,4,23,C01
202100041386,2,15,,0,2,1,2,A01
202100041387,2,10,,0,2,2,11,A01
202100041387,2,33,,0,2,8,1,B01
202100041388,2,7,,0,2,4,2,D01
202100041388,2,7,,0,2,1,2,C01
202100041388,2,7,,0,2,4,2,B01
202100041388,2,7,,0,2,1,2,A01
202100041389,2,33,,0,0,0,1,A01
202100041390,1,7,,0,2,5,2,B01
202100041390,1,7,,0,2,3,2,A01
202100041391,2,34,,0,2,3,1,B01
202100041391,2,7,,0,2,5,12,A01
202100041392,2,14,,0,2,4,1,B01
202100041392,2,7,,0,2,1,1,A01
202100041393,2,33,,0,2,4,3,B01
202100041393,2,7,,0,2,2,14,A01
202100041394,1,33,,0,2,1,3,A01
202100041394,1,7,,0,2,4,1,B01
202100041394,1,7,,0,2,4,1,C01
202100041395,2,7,,0,2,1,26,A01
202100041395,2,7,,0,2,5,1,B01
202100041396,2,7,,4,0,8,1,A01
202100041397,2,7,,0,2,4,2,C01
202100041397,2,7,,0,2,4,2,B01
202100041397,2,7,,0,2,1,0,A01
202100041398,1,7,,0,0,0,0,B01
202100041398,1,7,,4,9,1,18,A01
202100041399,2,14,,0,2,1,1,A01
202100041399,2,7,,0,2,4,23,C01
202100041399,2,7,,0,2,4,23,B01
202100041399,2,7,,0,0,4,23,D01
202100041400,2,14,,0,2,2,16,A01
202100041400,2,2,,0,2,8,18,B01
202100041401,1,33,,0,2,4,17,A01
202100041401,1,7,,0,2,3,15,B01
202100041402,1,30,,0,2,3,9,A01
202100041402,1,7,,0,2,7,13,B01
202100041403,2,37,1.0,0,1,5,1,A01
202100041404,1,7,,0,1,4,4,A01
202100041405,2,7,,0,1,0,1,Z01
202100041406,2,30,,0,2,1,1,B01
202100041406,1,7,,0,2,5,15,A01
202100041407,2,7,,0,2,5,16,A01
202100041407,2,2,,0,2,8,1,B01
202100041408,2,30,,0,2,1,1,B01
202100041408,2,7,,0,2,8,15,A01
202100041409,3,33,,0,2,1,1,A01
202100041409,3,7,,0,2,5,12,B01
202100041410,0,1,,0,2,0,18,B01
202100041410,0,7,,0,2,2,14,A01
202100041411,2,32,,1,2,1,1,B01
202100041411,2,10,,0,2,8,22,A01
202100041412,3,33,,0,2,1,1,B01
202100041412,3,10,,0,2,5,14,A01
202100041413,1,80,,14,0,2,12,A01
202100041414,2,33,,0,0,0,1,A01
202100041415,1,7,,0,2,1,2,A01
202100041415,1,7,,0,2,4,2,B01
202100041416,1,7,,0,2,8,15,A01
202100041416,0,33,,0,2,1,17,B01
202100041417,1,7,,9,0,1,26,A01
202100041418,2,7,,0,2,3,1,A01
202100041418,1,2,,0,2,0,16,B01
202100041419,1,7,,0,2,2,1,A01
202100041419,1,7,,0,2,0,1,B01
202100041420,3,10,,0,2,6,4,A01
202100041420,3,30,,0,2,1,1,B01
202100041421,-1,31,,0,1,5,26,A01
202100041422,1,7,,0,1,2,1,A01
202100041423,1,33,,0,2,2,21,A01
202100041423,3,1,,0,2,3,9,B01
202100041424,1,7,,0,1,4,20,A01
202100041425,2,31,,0,2,1,3,B01
202100041425,2,7,,0,2,3,0,A01
202100041426,1,43,,0,2,7,1,B01
202100041426,1,7,,0,2,1,9,A01
202100041427,1,13,,0,2,3,15,A01
202100041427,1,2,,0,2,2,17,B01
202100041428,2,33,,0,2,2,17,A01
202100041428,2,7,,0,2,3,15,B01
202100041429,1,7,,0,2,8,10,A01
202100041429,1,34,,0,2,2,3,B01
202100041430,2,7,,0,2,7,1,A01
202100041430,2,2,,0,2,1,1,B01
202100041431,1,10,,0,2,3,15,A01
202100041431,1,33,,0,2,6,15,B01
202100041432,1,33,,0,2,5,3,A01
202100041432,1,10,,0,2,5,1,B01
202100041432,1,14,,0,2,6,1,C01
202100041433,1,32,,0,0,4,1,B01
202100041433,1,7,,0,2,1,2,A01
202100041434,3,7,,0,2,2,19,A01