Num_Acc,senc,catv,occutc,obs,obsm,choc,manv,num_veh
202100041434,2,7,,0,2,3,1,B01
202100041435,3,7,,0,2,3,1,B01
202100041435,3,33,,0,2,1,0,A01
202100041436,1,17,,1,1,2,2,B01
202100041437,1,10,,0,2,1,2,A01
202100041437,1,10,,0,0,4,2,B01
202100041437,1,10,,0,2,9,2,C01
202100041438,1,7,,13,0,9,1,A01
202100041439,2,2,,0,2,1,1,B01
202100041439,1,7,,0,2,2,15,A01
202100041440,1,7,,0,9,3,1,B01
202100041440,2,2,,0,2,1,13,A01
202100041441,2,33,,13,0,0,1,A01
202100041442,0,33,,0,2,8,9,A01
202100041442,1,7,,0,2,1,1,B01
202100041443,1,7,,0,2,1,5,A01
202100041443,2,7,,0,2,1,1,B01
202100041444,2,33,,15,0,1,1,A01
202100041445,1,33,,14,0,9,1,A01
202100041446,2,7,,0,2,1,13,A01
202100041446,1,7,,0,2,1,1,B01
202100041447,2,15,,0,2,3,1,B01
202100041447,1,7,,0,2,3,13,A01
202100041448,1,33,,8,0,3,14,A01
202100041449,2,7,,13,0,3,1,A01
202100041450,1,7,,10,0,1,1,A01
202100041451,0,7,,13,0,9,16,A01
202100041452,2,10,,11,0,1,1,A01
202100041453,1,15,,16,0,0,1,A01
202100041454,1,33,,0,2,3,1,A01
202100041454,2,7,,0,2,3,13,B01
202100041455,2,10,,0,2,2,17,B01
202100041455,2,7,,0,0,6,1,A01
202100041456,3,1,,0,2,4,15,B01
202100041456,1,7,,0,2,2,1,A01
202100041457,3,7,,0,2,1,15,B01
202100041457,2,7,,0,2,9,1,A01
202100041458,1,7,,0,2,3,11,A01
202100041458,2,7,,6,2,3,13,B01
202100041459,3,1,,0,2,7,19,B01
202100041459,3,7,,0,2,1,1,A01
202100041460,1,31,,7,0,1,17,A01
202100041461,1,14,,0,2,2,12,B01
202100041461,1,7,,4,2,6,2,A01
202100041462,1,7,,13,0,1,1,A01
202100041463,1,7,,0,2,2,17,B01
202100041463,2,20,,0,2,8,1,C01
202100041463,1,17,,0,2,6,17,A01
202100041464,0,10,,0,0,0,1,A01
202100041465,3,2,,0,2,1,2,B01
202100041465,3,2,,0,0,4,23,A01
202100041466,2,33,,0,0,1,2,A01
202100041466,2,10,,0,0,8,2,B01
202100041467,2,33,,0,2,1,1,B01
202100041467,1,7,,0,2,7,15,A01
202100041468,3,7,,0,1,8,1,A01
202100041469,3,7,,13,0,7,1,A01
202100041470,1,7,,0,2,4,1,A01
202100041470,1,7,,0,2,4,1,B01
202100041470,1,7,,0,2,1,1,C01
202100041471,2,33,,0,2,5,1,A01
202100041471,2,33,,0,2,1,2,B01
202100041471,2,10,,0,2,0,1,C01
202100041471,2,7,,0,2,1,1,D01
202100041472,2,33,,0,2,1,2,A01
202100041472,2,7,,0,2,4,1,B01
202100041473,1,7,,4,0,0,0,A01
202100041474,2,7,,0,2,8,2,A01
202100041475,1,7,,4,0,1,2,A01
202100041476,2,33,,4,0,8,1,A01
202100041477,1,7,,0,2,1,2,A01
202100041477,1,7,,0,2,4,2,B01
202100041478,1,33,,0,2,3,3,A01
202100041478,1,7,,0,2,7,0,B01
202100041479,1,13,,0,2,1,2,A01
202100041479,1,13,,0,2,4,2,B01
202100041480,1,7,,0,2,6,2,B01
202100041480,1,7,,0,2,4,2,C01
202100041480,1,7,,0,2,4,2,D01
202100041480,1,7,,0,2,4,2,E01
202100041480,1,10,,0,2,1,1,A01
202100041481,1,7,,3,0,1,1,A01
202100041482,2,10,,0,2,4,0,C01
202100041482,2,10,,0,2,0,0,B01
202100041482,2,7,,0,2,1,2,A01
202100041483,1,30,,0,1,1,1,A01
202100041484,1,7,,0,1,2,26,A01
202100041485,1,7,,0,0,2,14,A01
202100041486,3,7,,0,1,3,15,A01
202100041487,0,34,,0,2,1,3,A01
202100041487,0,7,,0,2,3,15,B01
202100041488,2,7,,0,1,1,15,A01
202100041489,2,7,,0,1,2,1,A01
202100041490,2,33,,16,2,2,1,B01
202100041490,2,7,,16,2,7,15,A01
202100041491,1,30,,0,2,1,1,B01
202100041491,2,7,,0,2,7,17,A01
202100041492,1,99,,1,2,1,15,B01
202100041492,2,33,,9,2,1,17,A01
202100041493,3,30,,0,0,0,0,A01
202100041494,2,7,,0,2,4,1,C01
202100041494,1,7,,0,2,4,1,B01
202100041494,1,7,,0,2,1,1,A01
202100041495,2,7,,0,2,6,0,B01
202100041495,1,30,,0,2,1,9,A01
202100041496,3,7,,1,1,1,1,A01
202100041497,1,1,,12,0,1,16,A01
202100041498,3,7,,0,9,1,16,B01
202100041498,3,1,,0,2,1,2,A01
202100041499,1,30,,0,2,4,26,A01
202100041500,1,37,1.0,0,1,2,21,A01
202100041501,2,7,,0,1,3,7,A01
202100041502,2,33,,4,0,8,13,A01
202100041503,1,7,,0,9,1,6,A01
202100041504,2,37,1.0,0,2,4,1,B01
202100041504,2,37,3.0,0,2,1,1,A01
202100041505,1,7,,0,2,0,2,B01
202100041505,1,2,,0,2,6,17,A01
202100041506,2,7,,12,0,9,13,A01
202100041507,1,80,,0,1,1,1,A01
202100041508,1,7,,0,2,4,2,B01
202100041508,1,7,,0,2,1,2,A01
202100041509,1,14,,0,2,2,12,A01
202100041509,1,7,,0,2,6,1,B01
202100041510,1,33,,0,2,1,1,A01
202100041510,2,33,,0,2,2,15,B01
202100041511,1,7,,12,0,3,26,A01
202100041512,3,7,,0,9,8,0,A01
202100041512,1,31,,0,2,3,0,B01
202100041513,0,15,,0,0,7,1,A01
202100041514,1,7,,11,0,6,15,B01
202100041514,1,7,,0,2,3,9,A01
202100041515,0,7,,0,2,8,1,B01
202100041515,0,32,,0,2,7,17,A01
202100041516,1,10,,0,2,3,13,A01
202100041516,2,1,,0,2,1,1,B01
202100041517,3,7,,14,0,1,1,A01
202100041518,1,7,,0,2,2,15,A01
202100041518,2,50,,0,2,1,1,B01
202100041519,1,7,,0,2,2,1,A01
202100041519,2,7,,0,2,4,1,B01
202100041520,1,7,,0,2,1,2,A01
202100041520,1,7,,0,2,4,2,B01
202100041521,3,7,,0,2,2,1,A01
202100041521,3,7,,0,2,1,1,B01
202100041522,2,31,,5,0,2,13,A01
202100041523,3,30,,1,0,2,21,A01
202100041523,3,7,,0,2,6,1,B01
202100041524,1,7,,0,2,1,1,B01
202100041524,1,33,,0,2,7,16,A01
202100041525,1,7,,0,2,1,15,B01
202100041525,2,2,,0,2,1,1,A01
202100041526,1,10,,0,2,6,1,B01
202100041526,2,33,,0,2,1,15,A01
202100041527,2,7,,0,2,1,1,B01
202100041527,1,30,,0,2,2,1,A01
202100041528,2,7,,0,2,1,16,B01
202100041528,2,7,,0,2,2,1,A01
202100041529,2,7,,0,2,4,1,C01
202100041529,2,7,,0,2,4,1,B01
202100041529,2,7,,0,2,1,2,A01
202100041530,0,33,,1,0,0,26,A01
202100041531,1,7,,0,1,3,1,A01
202100041532,3,7,,0,2,7,1,B01
202100041532,3,7,,0,2,1,15,A01
202100041533,3,7,,0,2,4,1,D01
202100041533,3,7,,0,2,4,1,C01
202100041533,3,10,,0,2,1,1,A01
202100041533,3,7,,0,2,4,1,B01
202100041534,3,7,,0,2,1,1,B01
202100041534,3,7,,0,2,1,15,A01
202100041535,2,43,,0,2,1,1,B01
202100041535,3,7,,0,2,1,11,A01
202100041536,2,7,,0,2,8,13,A01
202100041536,1,7,,0,2,6,0,B01
202100041536,1,7,,0,2,1,1,C01
202100041536,1,7,,0,2,1,2,D01
202100041537,3,37,1.0,0,2,3,15,A01
202100041537,3,30,,0,2,1,1,B01
202100041538,2,7,,0,1,3,1,A01
202100041539,3,1,,0,0,4,2,B01
202100041539,3,7,,0,9,2,2,A01
202100041540,0,7,,0,2,4,1,B01
202100041540,0,7,,0,2,1,1,A01
202100041541,1,32,,1,0,4,2,B01
202100041541,1,15,,0,2,4,23,A01
202100041542,1,7,,0,2,8,1,B01
202100041542,1,7,,0,2,1,26,A01
202100041543,2,7,,1,2,1,1,A01
202100041543,2,7,,6,2,7,1,B01
202100041544,2,50,,0,2,7,15,A01
202100041544,2,7,,0,2,3,1,B01
202100041545,2,36,,0,2,2,1,A01
202100041545,1,7,,0,2,2,15,B01
202100041546,2,33,,0,2,1,1,A01
202100041546,3,7,,0,2,2,1,B01
202100041547,1,10,,0,2,4,1,B01
202100041547,1,10,,0,2,1,1,A01
202100041548,1,7,,1,0,1,1,A01
202100041549,1,32,,0,2,1,2,A01
202100041549,1,10,,0,2,5,2,B01
202100041550,2,10,,0,2,6,1,B01
202100041550,2,7,,0,2,1,5,A01
202100041551,1,10,,0,2,5,16,B01
202100041551,1,30,,0,2,3,18,A01
202100041552,1,43,,0,1,1,16,A01
202100041552,1,33,,0,0,2,16,B01
202100041553,3,30,,0,1,1,1,Z01
202100041554,1,10,,0,1,1,15,A01
202100041555,2,10,,0,2,1,10,Z01
202100041555,1,32,,0,2,2,1,A01
202100041556,1,3,,0,2,9,14,A01
202100041556,1,7,,0,2,6,23,B01
202100041556,1,7,,0,2,2,1,C01
202100041557,1,7,,0,2,2,15,A01
202100041557,1,31,,0,2,1,1,B01
202100041558,2,7,,0,2,3,15,A01
202100041558,2,32,,0,2,2,2,B01
202100041559,2,1,,0,2,1,1,B01
202100041559,1,1,,0,2,1,17,A01
202100041560,1,10,,0,1,4,4,A01
202100041561,1,1,,14,0,7,13,A01
202100041562,0,7,,0,2,2,26,A01
202100041562,3,7,,0,2,3,1,B01
202100041563,2,7,,0,2,1,1,D01
202100041563,2,7,,0,2,4,1,C01
202100041563,2,7,,0,2,4,1,B01
202100041563,2,7,,0,2,4,1,A01
202100041564,1,1,,8,2,3,1,B01
202100041564,1,7,,0,2,4,20,A01
202100041565,1,10,,0,2,1,2,A01
202100041565,1,10,,0,2,4,2,C01
202100041565,1,7,,0,2,4,2,B01
202100041566,0,34,,0,0,5,0,B01
202100041566,0,7,,0,0,3,15,A01
202100041567,1,7,,0,2,8,22,A01
202100041567,1,2,,1,0,2,1,B01
202100041568,3,10,,0,2,0,0,B01
202100041568,3,60,,12,0,5,1,C01
202100041568,3,33,,0,2,2,0,A01
202100041569,1,7,,0,0,4,2,B01
202100041569,1,2,,0,2,1,2,A01
202100041570,2,10,,1,0,3,24,A01
202100041570,2,2,,1,0,2,3,B01
202100041571,1,50,,0,0,0,0,B01
202100041571,1,7,,0,2,2,1,A01
202100041572,1,7,,0,2,1,9,A01
202100041572,2,7,,0,2,2,5,B01
202100041573,3,7,,0,1,1,2,A01
202100041574,1,7,,0,1,1,17,A01
202100041575,0,10,,0,2,2,15,A01
202100041575,3,30,,0,2,1,3,B01
202100041576,-1,7,,0,2,1,1,B01
202100041576,-1,7,,0,2,1,26,A01
202100041577,2,1,,0,2,1,1,B01
202100041577,1,7,,0,2,1,1,A01
202100041578,1,7,,0,2,1,1,C01
202100041578,1,99,,0,2,4,23,B01
202100041578,1,10,,0,2,4,23,A01
202100041579,1,34,,0,0,3,21,A01
202100041580,3,7,,9,0,2,14,A01
202100041581,2,14,,6,0,1,1,A01
202100041582,0,2,,0,2,1,1,A01
202100041582,0,7,,0,2,3,1,B01
202100041583,2,7,,0,2,3,1,B01
202100041583,1,2,,0,2,1,17,A01
202100041584,1,2,,0,0,0,0,A01
202100041585,0,1,,0,0,0,1,A01
202100041586,1,33,,0,2,1,1,A01
202100041586,2,7,,0,2,8,15,B01
202100041587,1,2,,0,5,1,1,A01
202100041588,2,7,,0,2,8,9,A01
202100041588,1,33,,0,2,1,1,B01
202100041589,1,10,,0,9,1,1,A01
202100041589,2,1,,0,2,1,1,B01
202100041590,1,1,,8,0,1,1,A01
202100041591,2,7,,0,2,1,11,A01
202100041591,1,1,,0,2,1,1,B01
202100041592,3,3,,13,0,3,1,A01
202100041593,2,7,,0,2,3,13,A01
202100041593,1,10,,14,2,8,1,C01
202100041593,3,7,,0,2,3,23,B01
202100041594,2,7,,0,0,4,23,A01
202100041594,2,21,,0,2,1,2,B01
202100041595,2,10,,0,2,3,15,B01
202100041595,2,34,,0,2,1,17,A01
202100041596,1,2,,0,2,1,1,B01
202100041596,3,10,,0,0,2,1,A01
202100041597,1,7,,13,0,0,1,A01
202100041598,2,33,,0,0,0,0,A01
202100041599,1,7,,0,2,1,1,B01
202100041599,2,7,,7,2,1,6,A01
202100041600,2,7,,0,2,4,1,C01
202100041600,2,7,,0,2,4,1,B01
202100041600,2,10,,0,2,1,1,A01
202100041601,1,7,,2,0,2,1,A01
202100041602,2,7,,0,1,7,5,A01
202100041603,2,33,,0,0,7,1,A01
202100041604,1,10,,0,2,1,1,A01
202100041604,1,7,,0,0,4,1,B01
202100041605,1,7,,0,1,2,15,A01
202100041606,2,7,,0,0,0,11,A01
202100041606,2,33,,0,0,6,1,B01
202100041606,2,33,,0,2,1,1,C01
202100041607,2,7,,15,0,1,1,A01
202100041608,2,7,,2,0,1,14,A01
202100041609,2,7,,0,1,1,21,A01
202100041610,0,7,,0,2,6,0,A01
202100041610,0,1,,0,2,1,0,B01
202100041611,1,32,,0,2,8,1,B01
202100041611,2,7,,0,2,1,15,A01
202100041612,1,7,,0,2,3,11,A01
202100041612,1,34,,0,2,1,1,B01
202100041613,1,7,,0,2,1,13,A01
202100041613,2,33,,0,2,1,1,B01
202100041614,3,7,,1,2,1,13,A01
202100041614,3,7,,1,2,3,1,B01
202100041615,3,7,,0,2,3,9,A01
202100041615,2,1,,0,2,1,1,B01
202100041616,2,7,,13,0,2,1,A01
202100041617,3,7,,9,0,1,16,A01
202100041618,3,33,,0,2,1,1,B01
202100041618,3,7,,0,2,3,9,A01
202100041619,1,2,,0,2,1,0,A01
202100041619,1,7,,0,0,5,23,B01
202100041620,3,7,,0,1,2,16,A01
202100041621,1,7,,0,2,1,1,A01
202100041621,2,7,,0,2,1,5,B01
202100041622,2,7,,0,2,3,9,B01
202100041622,2,7,,0,2,2,1,A01
202100041623,2,7,,15,0,4,1,A01
202100041624,1,7,,0,2,0,0,D01
202100041624,1,7,,0,2,2,14,A01
202100041624,1,7,,0,2,9,0,B01
202100041624,1,7,,0,2,0,0,C01
202100041625,2,7,,3,0,9,2,A01
202100041626,2,10,,0,2,6,2,A01
202100041626,2,14,,0,2,2,0,B01
202100041627,1,7,,0,2,1,1,A01
202100041627,1,7,,0,2,4,1,B01
202100041628,1,7,,0,2,1,2,B01
202100041628,1,7,,0,2,4,2,C01
202100041629,2,7,,3,0,8,20,A01
202100041630,1,7,,0,2,1,2,A01
202100041630,1,7,,0,2,4,2,B01
202100041631,2,7,,0,2,1,2,A01
202100041631,2,7,,0,2,9,1,B01
202100041631,2,7,,0,2,4,1,C01
202100041632,2,7,,0,2,3,2,A01
202100041632,2,7,,0,2,5,2,B01
202100041633,2,14,,3,0,2,26,A01
202100041634,1,7,,0,2,8,1,A01
202100041634,1,7,,0,2,4,23,B01
202100041634,1,7,,0,2,4,23,C01
202100041635,1,7,,0,1,0,19,A01
202100041636,1,7,,0,2,2,1,A01
202100041636,2,7,,0,2,8,1,B01
202100041637,1,7,,0,1,1,18,A01
202100041638,1,7,,0,1,2,1,A01
202100041639,1,7,,1,0,3,9,A01
202100041640,3,7,,0,2,0,0,B01
202100041640,3,7,,0,2,0,0,A01
202100041641,1,7,,0,1,1,0,A01
202100041642,2,7,,0,2,3,1,C01
202100041642,-1,7,,0,2,3,9,B01
202100041642,1,33,,0,2,1,1,A01
202100041643,1,7,,0,1,3,15,A01
202100041644,1,7,,0,1,1,1,A01
202100041645,3,7,,0,1,1,1,A01
202100041646,1,30,,0,1,1,1,A01
202100041647,1,7,,0,1,3,16,A01
202100041648,2,30,,0,2,8,2,B01
202100041648,2,7,,0,2,2,16,A01
202100041649,3,10,,0,1,3,0,A01
202100041650,1,7,,0,1,1,1,A01
202100041651,2,7,,0,2,7,16,A01
202100041651,2,30,,0,2,8,16,B01
202100041652,1,7,,0,2,3,15,A01
202100041652,2,33,,0,2,1,1,B01
202100041653,0,7,,0,2,3,1,B01
202100041653,0,7,,1,2,2,1,A01
202100041654,2,7,,8,2,1,1,B01
202100041654,1,7,,8,1,8,1,A01
202100041655,1,31,,0,2,3,1,A01
202100041655,1,7,,0,2,0,1,B01
202100041656,1,7,,0,2,7,12,A01
202100041656,1,7,,0,2,8,2,B01
202100041656,1,7,,4,2,4,2,C01
202100041657,1,30,,0,1,1,7,A01
202100041658,3,34,,0,2,1,1,B01
202100041658,3,7,,0,2,1,13,A01
202100041659,2,30,,0,0,3,15,A01
202100041660,2,7,,0,2,3,15,B01
202100041660,2,7,,0,2,2,1,A01
202100041661,0,7,,0,2,3,1,B01
202100041661,0,7,,0,2,4,2,C01
202100041661,0,7,,0,2,3,13,A01
202100041662,3,7,,0,0,8,19,A01
202100041662,1,7,,0,0,0,0,B01
202100041663,3,33,,8,2,2,17,A01
202100041663,1,7,,0,2,3,15,B01
202100041664,1,7,,4,0,2,21,A01
202100041665,1,33,,0,0,3,1,A01
202100041666,2,7,,0,2,1,2,A01
202100041666,2,7,,0,1,4,23,B01
202100041667,1,7,,0,2,1,15,A01
202100041667,2,7,,0,2,3,1,B01
202100041668,1,7,,0,2,1,9,A01
202100041668,1,7,,0,2,8,1,B01
202100041669,2,30,,0,1,1,1,A01
202100041670,2,7,,13,0,9,14,A01
202100041671,1,7,,0,1,2,1,A01
202100041672,3,7,,13,0,1,0,A01
202100041673,2,7,,1,0,2,14,A01
202100041673,1,7,,1,0,2,26,B01
202100041674,1,7,,2,0,1,1,A01
202100041675,1,0,,0,1,0,1,Z01
202100041676,1,33,,0,2,4,23,B01
202100041676,1,33,,0,2,1,1,A01
202100041677,1,7,,0,0,1,1,A01
202100041678,1,7,,1,0,1,1,A01
202100041679,0,7,,13,0,1,14,A01
202100041680,1,50,,0,2,1,1,B01
202100041680,1,80,,0,2,8,1,A01
202100041681,1,33,,0,2,1,1,B01
202100041681,2,7,,0,2,2,15,A01
202100041682,1,2,,0,2,1,1,B01
202100041682,1,7,,0,2,8,22,A01
202100041683,1,1,,0,2,7,1,B01
202100041683,1,7,,0,2,8,9,A01
202100041684,3,32,,8,0,2,14,A01
202100041685,0,37,3.0,0,2,2,16,B01
202100041685,0,7,,0,2,5,15,A01
202100041686,2,7,,0,2,7,15,B01
202100041686,1,30,,0,2,2,1,A01
202100041687,1,7,,0,2,3,1,B01
202100041687,1,50,,0,2,1,1,A01
202100041688,1,32,,0,2,4,2,B01
202100041688,1,30,,0,2,1,2,A01
202100041689,2,7,,0,2,6,15,A01
202100041689,2,33,,0,2,1,17,B01
202100041690,2,30,,0,1,1,1,A01
202100041691,1,7,,0,2,5,16,A01
202100041691,0,34,,0,2,3,18,B01
202100041692,1,30,,0,1,7,1,A01
202100041693,0,50,,0,1,1,25,Z01
202100041694,1,7,,0,2,3,10,B01
202100041694,1,7,,0,2,2,17,A01
202100041695,2,1,,1,0,1,1,A01
202100041696,1,30,,0,2,1,1,A01
202100041696,0,7,,0,0,0,0,B01
202100041697,2,7,,6,0,1,1,A01
202100041698,1,7,,14,1,2,9,A01
202100041699,3,7,,0,2,1,9,A01
202100041699,3,33,,0,2,7,1,B01
202100041700,2,10,,0,1,3,16,A01
202100041701,3,7,,0,2,2,1,B01
202100041701,3,7,,0,2,3,19,A01
202100041702,2,7,,0,2,3,15,B01
202100041702,1,33,,0,2,2,3,A01
202100041703,0,7,,0,2,8,19,B01
202100041703,0,7,,0,2,1,19,A01
202100041704,1,10,,0,2,2,26,A01
202100041704,1,15,,0,2,6,1,B01
202100041705,3,7,,0,2,1,1,A01
202100041705,3,36,,0,2,2,15,B01
202100041706,2,15,,0,2,1,2,A01
202100041706,2,15,,0,0,4,2,B01
202100041707,3,33,,0,2,1,1,A01
202100041707,3,21,,0,2,3,9,B01
202100041708,1,7,,0,2,3,1,A01
202100041708,2,7,,0,2,3,1,B01
202100041709,1,15,,0,2,1,1,B01
202100041709,1,7,,0,2,3,16,A01
202100041710,1,7,,2,0,2,21,A01
202100041711,0,7,,0,2,3,23,A01
202100041711,1,1,,0,2,1,16,B01
202100041712,1,33,,13,0,1,14,A01
202100041713,1,7,,13,0,0,1,A01
202100041714,0,1,,0,0,8,19,A01
202100041714,0,33,,0,2,1,1,B01
202100041715,1,7,,6,0,1,1,A01
202100041716,1,37,1.0,0,2,2,9,B01
202100041716,1,1,,0,2,3,25,A01
202100041717,1,2,,0,2,1,1,A01
202100041717,1,7,,0,2,8,20,B01
202100041718,1,7,,0,2,1,1,A01
202100041718,2,7,,0,2,2,1,B01
202100041719,1,33,,8,0,1,1,A01
202100041720,2,2,,0,2,8,19,A01
202100041720,1,7,,0,2,1,1,B01
202100041721,2,7,,4,0,1,11,A01
202100041722,1,7,,13,0,1,1,A01
202100041723,1,7,,6,0,2,1,A01
202100041724,1,15,,0,2,6,1,A01
202100041724,1,10,,0,9,2,2,B01
202100041725,3,33,,0,0,1,1,A01
202100041726,2,15,,0,2,6,26,B01
202100041726,2,7,,0,2,1,26,A01
202100041727,2,7,,0,2,2,2,A01
202100041727,2,7,,4,0,4,1,B01
202100041728,2,7,,4,0,7,1,A01
202100041729,1,10,,2,0,7,14,A01
202100041730,2,7,,0,2,3,15,B01
202100041730,2,33,,0,2,7,17,A01
202100041731,1,7,,0,2,7,19,A01
202100041731,1,7,,0,2,1,1,B01
202100041732,2,7,,0,2,2,9,A01
202100041732,2,1,,0,2,8,1,B01
202100041733,1,15,,0,2,3,0,A01
202100041733,2,33,,0,2,3,0,B01
202100041734,1,2,,0,2,8,15,A01
202100041734,2,7,,0,2,1,1,B01
202100041735,2,7,,13,0,2,0,A01
202100041736,0,7,,2,0,3,1,A01
202100041737,0,31,,1,0,1,26,A01
202100041738,2,1,,0,2,8,1,A01
202100041738,2,7,,0,2,7,1,B01
202100041739,1,7,,0,0,1,1,A01
202100041740,1,7,,0,2,2,2,B01
202100041740,1,10,,0,2,6,1,A01
202100041741,1,7,,0,2,4,2,A01
202100041741,1,7,,0,2,1,2,Z01
202100041742,2,7,,0,2,1,2,B01
202100041742,2,7,,0,2,4,2,A01
202100041743,1,7,,0,2,1,0,B01
202100041743,1,7,,4,2,1,1,A01
202100041744,2,7,,0,0,0,2,A01
202100041745,1,7,,3,0,0,0,A01
202100041746,1,7,,0,2,3,1,C01
202100041746,1,15,,0,2,2,12,D01
202100041746,1,7,,0,2,7,1,A01
202100041746,1,7,,0,2,7,1,B01
202100041747,2,2,,0,2,8,14,B01
202100041747,2,7,,0,2,7,1,A01
202100041748,2,33,,3,0,3,1,A01
202100041749,1,7,,13,0,1,14,A01
202100041750,2,7,,3,2,1,14,A01
202100041750,2,7,,0,2,5,1,B01
202100041751,1,7,,0,2,3,5,A01
202100041751,2,7,,0,2,1,1,B01
202100041752,2,7,,0,2,1,2,A01
202100041752,2,7,,0,2,5,2,B01
202100041752,2,7,,0,2,4,2,C01
202100041752,2,7,,0,2,4,1,D01
202100041752,2,7,,0,2,4,1,E01
202100041753,1,7,,13,0,1,2,A01
202100041754,2,7,,6,0,2,1,A01
202100041755,1,7,,0,1,3,26,A01
202100041756,3,10,,0,1,2,1,A01
202100041757,1,7,,0,1,7,1,A01
202100041758,1,30,,0,1,1,0,A01
202100041759,1,50,,14,0,1,16,A01
202100041760,1,31,,0,2,1,13,B01
202100041760,2,7,,0,2,3,15,A01
202100041761,3,10,,0,1,3,1,A01
202100041762,3,50,,12,0,1,1,B01
202100041762,3,7,,0,0,1,14,A01
202100041763,1,7,,12,1,3,26,A01
202100041764,2,7,,0,2,3,1,A01
202100041764,2,50,,0,2,6,9,B01
202100041765,0,7,,0,1,2,15,A01
202100041766,3,7,,0,1,7,19,Z01
202100041767,2,1,,0,2,0,19,B01
202100041767,2,7,,0,2,3,1,A01
202100041768,1,7,,0,1,2,26,A01
202100041769,1,7,,0,1,1,14,A01
202100041770,2,32,,0,1,1,1,A01
202100041771,1,7,,0,1,1,1,B01
202100041772,1,2,,0,2,7,1,A01
202100041772,2,7,,0,2,1,15,B01
202100041773,2,7,,0,1,2,1,A01
202100041774,1,30,,16,0,0,26,A01
202100041775,1,30,,14,0,1,1,A01
202100041776,1,2,,0,0,0,1,A01
202100041777,2,7,,0,2,1,1,A01
202100041777,2,7,,0,2,1,5,B01
202100041778,2,1,,0,2,3,1,A01
202100041778,2,7,,0,2,1,0,B01
202100041779,2,7,,0,2,1,13,A01
202100041779,2,7,,0,2,1,1,B01
202100041780,1,30,,0,0,2,1,A01
202100041781,1,7,,1,2,1,26,C01
202100041781,1,30,,0,2,4,26,A01
202100041781,1,7,,0,9,4,1,B01
202100041782,2,7,,0,9,3,19,A01
202100041782,1,34,,0,2,1,1,B01
202100041783,2,7,,0,2,1,13,A01
202100041783,1,2,,0,2,1,1,B01
202100041784,3,7,,0,2,1,1,B01
202100041784,3,31,,0,2,1,13,A01
202100041785,0,99,,12,0,0,26,A01
202100041786,0,7,,0,2,0,0,C01
202100041786,0,3,,0,2,0,0,B01
202100041786,0,7,,0,2,0,0,A01
202100041787,1,10,,0,2,3,9,A01
202100041787,1,30,,0,2,5,1,B01
202100041788,3,7,,0,2,8,9,B01
202100041788,1,33,,0,2,1,17,A01
202100041789,3,7,,1,0,3,4,B01
202100041789,3,7,,0,2,5,24,A01
202100041790,1,1,,0,2,4,1,B01
202100041790,1,7,,0,2,1,1,A01
202100041791,2,7,,0,2,3,1,A01
202100041791,1,7,,0,2,3,23,B01
202100041792,2,7,,8,2,8,16,B01
202100041792,1,7,,0,2,2,12,A01
202100041793,2,7,,0,2,3,1,B01
202100041793,1,7,,0,2,1,5,A01
202100041794,2,1,,0,2,4,13,B01
202100041794,2,7,,8,2,1,2,A01
202100041795,1,7,,14,0,1,9,A01
202100041796,1,33,,0,2,8,1,B01
202100041796,1,7,,0,2,1,1,A01
202100041797,0,30,,0,0,0,15,A01
202100041798,3,1,,0,2,7,26,B01
202100041798,3,7,,0,2,3,9,A01
202100041799,2,7,,0,2,4,23,A01
202100041799,2,7,,0,2,4,23,B01
202100041799,2,7,,0,2,1,1,Z01
202100041800,2,33,,0,2,1,1,B01
202100041800,1,7,,0,2,1,15,A01
202100041801,1,33,,0,5,1,21,A01
202100041802,1,7,,0,2,1,1,A01
202100041802,1,7,,0,2,4,1,B01
202100041803,2,7,,0,2,3,18,A01
202100041803,2,7,,0,2,2,1,B01
202100041804,1,33,,0,0,5,9,A01
202100041805,2,7,,0,2,0,0,A01
202100041805,1,7,,0,2,1,13,B01
202100041806,1,31,,0,2,3,3,B01
202100041806,1,7,,0,2,5,12,A01
202100041807,1,33,,0,0,0,1,A01
202100041808,1,33,,0,1,1,1,A01
202100041809,3,33,,0,2,1,16,A01
202100041809,3,7,,0,2,2,15,B01
202100041810,2,1,,0,2,2,1,B01
202100041810,2,7,,0,2,3,10,A01
202100041811,1,10,,0,2,3,1,A01
202100041811,1,1,,0,2,1,1,B01
202100041812,1,34,,0,2,2,15,A01
202100041812,2,30,,0,2,3,1,B01
202100041813,1,7,,0,2,2,15,B01
202100041813,2,50,,0,2,1,1,A01
202100041814,1,7,,0,1,1,1,A01
202100041815,3,1,,0,2,1,1,B01
202100041815,3,1,,0,2,1,5,A01
202100041816,2,2,,0,2,1,1,B01
202100041816,2,7,,0,2,3,9,A01
202100041817,2,1,,1,0,8,14,A01
202100041818,2,1,,0,0,0,1,A01
202100041819,1,10,,0,2,1,1,B01
202100041819,2,33,,0,2,7,1,A01
202100041820,3,7,,0,2,1,2,A01
202100041820,3,7,,0,2,4,2,B01
202100041821,2,7,,0,1,2,1,A01
202100041822,1,50,,0,2,1,19,A01
202100041822,1,7,,0,2,3,1,B01
202100041823,1,7,,0,2,2,15,A01
202100041823,1,31,,0,2,6,1,B01
202100041824,1,7,,0,2,5,12,A01
202100041824,1,7,,0,2,3,18,B01