Num_Acc,senc,catv,occutc,obs,obsm,choc,manv,num_veh
202100041825,-1,7,,0,2,3,21,A01
202100041825,-1,7,,1,2,4,0,C01
202100041825,-1,10,,0,2,3,10,B01
202100041826,3,7,,0,1,1,15,A01
202100041827,2,7,,0,2,7,1,A01
202100041827,1,2,,0,2,1,1,B01
202100041828,1,7,,0,2,1,26,A01
202100041828,1,7,,0,2,4,2,B01
202100041829,2,7,,0,1,4,26,A01
202100041830,1,32,,11,0,3,13,A01
202100041831,2,7,,0,2,4,23,B01
202100041831,2,7,,0,2,1,2,A01
202100041832,2,7,,13,0,2,1,A01
202100041833,2,7,,13,0,0,13,A01
202100041834,1,31,,16,0,1,1,A01
202100041835,1,7,,13,0,2,13,A01
202100041836,3,7,,0,1,1,16,A01
202100041837,2,2,,0,0,0,15,A01
202100041838,0,7,,0,0,1,1,A01
202100041839,1,7,,0,2,1,5,A01
202100041839,2,7,,1,2,1,1,B01
202100041840,0,50,,0,0,-1,1,B01
202100041841,1,7,,13,0,2,1,A01
202100041842,2,33,,0,0,1,13,A01
202100041843,1,2,,0,0,0,1,A01
202100041844,2,33,,13,0,1,1,A01
202100041845,1,7,,13,0,1,13,A01
202100041846,2,31,,0,2,1,5,A01
202100041846,1,10,,0,2,0,1,B01
202100041847,1,7,,0,2,7,13,A01
202100041847,2,7,,0,2,1,1,B01
202100041848,3,7,,0,1,1,1,A01
202100041849,3,7,,13,0,7,1,A01
202100041850,2,33,,7,0,1,1,A01
202100041851,1,10,,6,0,3,1,A01
202100041852,2,7,,3,0,0,1,A01
202100041853,1,7,,4,0,2,2,A01
202100041854,1,7,,4,0,3,1,A01
202100041855,3,1,,0,0,1,25,A01
202100041855,3,7,,0,0,2,26,B01
202100041856,1,7,,0,1,2,1,A01
202100041857,2,2,,0,0,0,17,A01
202100041858,1,31,,16,0,0,1,A01
202100041859,1,7,,0,2,3,1,A01
202100041859,2,7,,0,2,8,1,B01
202100041859,2,7,,0,2,3,1,C01
202100041860,1,7,,0,2,4,15,B01
202100041860,1,31,,0,2,1,1,A01
202100041861,1,21,,0,9,0,0,A01
202100041862,1,7,,0,2,1,2,A01
202100041862,1,7,,0,2,4,2,B01
202100041862,1,7,,0,2,4,2,C01
202100041863,1,7,,0,2,8,2,B01
202100041863,1,7,,4,2,9,2,A01
202100041864,2,7,,14,0,1,1,A01
202100041865,2,7,,6,0,1,26,A01
202100041866,2,7,,0,2,4,1,B01
202100041866,2,7,,0,2,4,1,C01
202100041866,2,7,,0,2,4,1,D01
202100041866,2,7,,0,2,4,1,E01
202100041866,2,10,,0,2,1,1,A01
202100041867,1,10,,0,1,1,15,A01
202100041868,1,7,,0,2,1,1,A01
202100041868,1,7,,0,2,1,1,B01
202100041868,1,14,,0,2,4,1,C01
202100041869,1,7,,0,2,1,2,C01
202100041869,1,7,,0,2,4,0,B01
202100041869,1,7,,0,2,4,23,A01
202100041870,1,2,,0,2,1,1,B01
202100041870,2,7,,0,2,3,15,A01
202100041871,2,7,,0,1,1,15,A01
202100041872,0,7,,0,2,4,1,A01
202100041872,0,7,,0,2,1,0,B01
202100041873,2,1,,0,0,8,1,A01
202100041874,2,7,,0,2,8,1,B01
202100041874,2,7,,0,2,2,15,A01
202100041875,3,10,,0,2,1,1,B01
202100041875,3,7,,14,2,9,1,A01
202100041876,2,7,,0,1,0,0,A01
202100041877,1,15,,0,2,1,10,B01
202100041877,1,7,,0,2,3,1,A01
202100041878,1,10,,13,0,2,26,A01
202100041879,1,7,,0,2,1,9,A01
202100041879,1,7,,0,2,3,1,B01
202100041880,1,1,,0,2,1,25,B01
202100041880,2,7,,0,2,8,1,A01
202100041881,1,7,,0,2,2,15,A01
202100041881,2,7,,0,2,1,1,B01
202100041882,3,33,,0,2,1,1,B01
202100041882,3,37,1.0,0,2,8,9,A01
202100041883,1,7,,8,0,1,1,A01
202100041884,1,7,,0,2,3,1,B01
202100041884,1,7,,0,2,2,1,A01
202100041885,3,7,,0,2,4,23,B01
202100041885,3,7,,0,2,1,26,A01
202100041886,3,7,,0,1,3,26,A01
202100041887,1,31,,0,2,1,21,A01
202100041887,1,7,,0,2,3,26,B01
202100041888,0,7,,0,2,7,13,A01
202100041888,0,2,,0,2,1,1,B01
202100041889,3,7,,0,2,3,15,A01
202100041889,3,1,,0,2,1,1,B01
202100041890,1,33,,0,2,1,1,B01
202100041890,3,3,,0,2,2,9,A01
202100041891,1,7,,0,2,2,9,A01
202100041891,1,3,,0,2,2,2,B01
202100041892,2,7,,0,2,8,1,B01
202100041892,1,10,,0,2,3,15,A01
202100041893,1,7,,0,9,8,1,A01
202100041893,1,31,,0,2,2,1,C01
202100041894,0,1,,0,0,0,1,A01
202100041895,1,1,,0,2,4,1,B01
202100041895,1,7,,0,2,2,1,A01
202100041896,2,33,,0,0,0,0,B01
202100041896,1,7,,0,2,5,9,A01
202100041897,1,13,,0,2,1,2,A01
202100041897,1,7,,0,2,4,23,B01
202100041898,1,33,,0,2,1,1,B01
202100041898,2,7,,0,2,6,17,A01
202100041899,2,30,,0,0,1,16,A01
202100041900,2,7,,0,2,4,1,B01
202100041900,2,7,,0,2,9,26,A01
202100041901,2,1,,0,2,0,0,B01
202100041901,1,7,,0,2,4,26,A01
202100041902,1,1,,0,2,1,9,B01
202100041902,1,7,,0,2,2,9,A01
202100041903,1,7,,0,2,0,13,B01
202100041903,2,31,,0,2,2,17,A01
202100041904,3,14,,0,2,3,1,B01
202100041904,3,31,,0,2,2,13,A01
202100041905,0,80,,0,2,3,0,B01
202100041905,3,7,,0,2,3,26,A01
202100041906,3,7,,0,2,5,16,B01
202100041906,3,33,,0,2,3,26,A01
202100041907,2,33,,0,2,3,17,A01
202100041907,1,7,,0,2,3,1,B01
202100041908,1,7,,8,2,0,1,A01
202100041908,2,7,,15,2,1,19,B01
202100041909,3,7,,8,0,1,14,A01
202100041910,1,7,,0,2,2,26,A01
202100041910,2,80,,0,2,1,25,B01
202100041911,2,7,,0,2,1,2,A01
202100041911,2,7,,0,2,4,15,B01
202100041912,2,7,,3,2,9,9,A01
202100041913,2,7,,1,0,1,14,A01
202100041913,3,7,,1,2,6,24,B01
202100041914,1,30,,5,0,7,14,A01
202100041915,1,7,,0,2,3,15,A01
202100041915,2,2,,0,2,1,1,B01
202100041916,3,7,,6,0,1,0,A01
202100041917,2,32,,0,2,1,2,A01
202100041917,2,7,,0,2,6,15,B01
202100041918,1,7,,0,2,8,0,B01
202100041918,1,7,,0,2,1,0,A01
202100041919,1,30,,0,0,8,26,A01
202100041920,2,10,,15,2,3,15,A01
202100041920,2,7,,0,2,2,11,B01
202100041921,2,7,,0,2,3,9,B01
202100041921,1,7,,0,2,2,1,A01
202100041922,2,14,,0,0,4,1,B01
202100041922,2,7,,0,2,1,1,A01
202100041923,1,7,,0,2,1,13,A01
202100041923,2,7,,0,2,3,23,B01
202100041924,0,7,,0,2,2,1,A01
202100041924,1,14,,0,2,1,1,B01
202100041925,1,1,,0,2,4,1,B01
202100041925,1,10,,0,2,3,16,A01
202100041926,2,33,,0,2,3,21,B01
202100041926,1,10,,0,2,2,15,A01
202100041927,2,2,,0,2,7,9,A01
202100041927,2,1,,0,2,1,1,B01
202100041928,2,1,,0,1,1,25,A01
202100041929,2,1,,0,2,8,1,B01
202100041929,2,7,,0,2,2,16,A01
202100041930,1,7,,0,2,1,1,A01
202100041930,1,1,,0,2,7,16,B01
202100041931,1,7,,0,2,2,16,A01
202100041931,1,60,,0,2,1,1,B01
202100041932,1,7,,0,1,3,1,A01
202100041933,1,30,,8,0,8,14,A01
202100041934,2,50,,0,2,3,8,A01
202100041934,1,7,,0,2,3,7,B01
202100041935,3,2,,0,1,1,3,A01
202100041936,1,34,,15,2,3,1,A01
202100041936,1,7,,0,2,5,1,B01
202100041937,2,7,,0,2,3,10,B01
202100041937,1,7,,0,2,1,1,A01
202100041938,1,60,,1,0,1,25,A01
202100041938,1,7,,0,2,8,22,B01
202100041939,2,7,,4,0,2,0,A01
202100041940,3,1,,0,1,1,1,A01
202100041941,2,7,,0,2,4,0,B01
202100041941,2,7,,0,2,1,0,A01
202100041942,2,7,,0,1,1,1,A01
202100041943,1,7,,0,0,4,0,Z01
202100041943,1,1,,0,2,4,1,A01
202100041944,0,13,,0,2,3,19,A01
202100041944,0,33,,0,2,1,1,B01
202100041945,1,99,,0,2,3,2,B01
202100041945,1,7,,0,2,2,15,A01
202100041946,2,13,,0,2,3,15,B01
202100041946,1,2,,0,2,3,18,A01
202100041947,1,7,,0,2,3,1,B01
202100041947,1,7,,0,2,2,19,A01
202100041948,1,1,,0,2,1,1,B01
202100041948,1,7,,0,2,8,19,A01
202100041949,1,30,,0,1,1,1,A01
202100041950,-1,33,,0,2,1,1,A01
202100041950,-1,7,,0,2,1,0,B01
202100041951,-1,34,,0,2,6,1,A01
202100041951,-1,7,,0,2,3,15,B01
202100041952,2,30,,0,2,2,2,A01
202100041952,2,7,,0,2,3,2,B01
202100041953,2,33,,0,2,1,3,A01
202100041953,2,7,,0,2,6,15,B01
202100041954,1,43,,0,2,2,13,B01
202100041954,2,7,,0,2,3,9,A01
202100041955,1,1,,0,2,8,1,B01
202100041955,1,10,,0,2,2,2,A01
202100041956,2,30,,1,0,1,26,A01
202100041957,1,7,,0,2,3,15,B01
202100041957,1,32,,0,2,1,15,A01
202100041958,2,33,,0,2,2,3,B01
202100041958,1,30,,0,2,3,16,A01
202100041959,3,10,,0,2,2,12,A01
202100041959,3,32,,4,2,3,12,B01
202100041960,3,10,,0,2,6,2,A01
202100041960,3,43,,0,2,2,2,B01
202100041961,2,7,,17,0,1,0,A01
202100041962,2,7,,0,2,1,16,A01
202100041962,1,2,,0,2,1,1,B01
202100041963,0,7,,13,0,1,0,A01
202100041964,1,7,,0,2,3,5,A01
202100041964,1,7,,0,2,2,1,B01
202100041965,3,7,,14,0,9,1,A01
202100041966,1,7,,0,0,0,15,A01
202100041966,1,33,,0,0,2,1,B01
202100041967,3,2,,13,0,2,1,A01
202100041968,2,10,,0,2,2,17,B01
202100041968,2,7,,0,2,3,15,A01
202100041969,1,33,,3,0,3,1,A01
202100041970,1,33,,0,0,7,1,B01
202100041970,1,7,,0,2,1,9,A01
202100041971,2,7,,2,0,1,1,A01
202100041972,1,7,,0,2,8,15,A01
202100041972,1,32,,0,2,1,17,B01
202100041973,1,2,,8,0,1,26,A01
202100041974,1,33,,2,0,1,0,A01
202100041975,1,7,,14,2,1,1,A01
202100041976,1,7,,0,2,3,5,A01
202100041976,2,7,,0,2,3,1,B01
202100041977,3,7,,0,1,1,1,A01
202100041978,2,36,,0,0,0,10,A01
202100041979,2,7,,2,0,2,1,A01
202100041980,3,7,,0,0,4,1,B01
202100041980,3,7,,0,2,1,1,A01
202100041981,1,1,,0,2,1,1,A01
202100041981,1,7,,0,0,4,1,B01
202100041982,1,1,,0,2,6,13,B01
202100041982,1,7,,0,2,2,1,A01
202100041983,1,32,,3,0,0,9,A01
202100041984,2,33,,0,2,4,15,B01
202100041984,2,14,,0,2,3,1,A01
202100041985,0,43,,0,2,1,2,B01
202100041985,0,7,,0,2,6,16,A01
202100041986,3,7,,0,0,9,0,A01
202100041987,2,7,,0,2,1,1,B01
202100041987,2,10,,0,2,7,26,A01
202100041988,1,7,,3,2,3,2,B01
202100041988,1,7,,3,2,4,23,A01
202100041989,1,15,,0,2,1,12,B01
202100041989,1,7,,4,2,9,1,A01
202100041990,1,7,,0,0,9,2,A01
202100041991,2,7,,0,2,1,2,A01
202100041991,2,15,,0,2,4,2,B01
202100041992,2,7,,3,0,1,2,A01
202100041993,1,15,,0,2,4,2,B01
202100041993,1,7,,0,2,1,2,A01
202100041994,1,10,,0,2,6,11,B01
202100041994,1,33,,0,2,1,11,A01
202100041995,1,33,,0,2,8,1,B01
202100041995,1,7,,0,2,1,1,A01
202100041996,1,7,,0,1,7,26,A01
202100041997,1,10,,0,2,2,15,A01
202100041997,2,2,,0,2,1,1,B01
202100041998,3,7,,0,2,7,1,B01
202100041998,3,7,,0,2,1,0,A01
202100041999,2,7,,0,0,4,1,C01
202100041999,1,7,,0,2,4,0,B01
202100041999,2,7,,0,2,1,23,A01
202100042000,1,7,,0,2,3,1,A01
202100042000,1,7,,0,2,1,1,B01
202100042001,2,2,,0,2,2,17,B01
202100042001,2,10,,0,2,8,15,A01
202100042002,2,37,2.0,0,2,3,1,A01
202100042002,2,7,,0,2,2,5,B01
202100042003,3,7,,0,2,3,15,A01
202100042003,3,33,,0,2,1,1,B01
202100042004,3,33,,0,2,1,17,B01
202100042004,3,10,,0,2,8,15,A01
202100042005,3,7,,0,2,4,1,A01
202100042005,3,7,,14,9,4,1,B01
202100042006,1,50,,0,2,8,1,B01
202100042006,1,7,,0,2,1,19,A01
202100042007,2,7,,2,0,3,13,A01
202100042008,0,2,,0,2,1,1,A01
202100042008,0,7,,0,2,4,23,B01
202100042009,0,33,,0,2,1,21,A01
202100042010,2,1,,0,2,7,26,B01
202100042010,1,7,,0,2,1,26,A01
202100042011,1,7,,0,2,5,16,A01
202100042011,1,33,,0,2,3,1,B01
202100042012,1,10,,0,2,1,2,A01
202100042012,1,7,,0,2,4,23,B01
202100042013,2,7,,8,0,1,21,A01
202100042013,1,7,,8,0,3,1,B01
202100042014,2,7,,3,2,2,1,B01
202100042014,2,7,,0,2,4,11,A01
202100042015,2,1,,0,2,7,1,B01
202100042015,1,10,,0,2,2,1,A01
202100042016,2,7,,0,1,3,1,A01
202100042017,1,7,,0,2,4,15,B01
202100042017,1,7,,0,2,1,15,A01
202100042018,1,2,,1,0,4,1,A01
202100042019,2,7,,0,2,5,15,A01
202100042019,1,2,,0,2,1,1,B01
202100042020,1,7,,0,1,1,15,A01
202100042021,1,7,,0,2,4,1,A01
202100042021,1,7,,0,2,1,1,B01
202100042021,1,7,,0,2,1,1,C01
202100042022,1,7,,0,1,1,15,A01
202100042023,3,33,,0,0,0,1,A01
202100042024,3,7,,0,1,1,15,A01
202100042025,0,7,,0,1,2,1,A01
202100042026,2,7,,0,2,7,15,B01
202100042026,1,33,,0,2,1,1,A01
202100042027,1,7,,0,1,5,15,A01
202100042028,0,7,,0,2,7,0,B01
202100042028,0,7,,0,2,1,19,A01
202100042029,1,7,,0,2,2,1,B01
202100042029,1,7,,0,2,1,9,A01
202100042030,2,1,,0,2,1,1,B01
202100042030,1,7,,0,2,2,15,A01
202100042031,3,7,,0,2,1,1,B01
202100042031,3,32,,0,2,1,5,A01
202100042032,3,7,,0,2,3,1,A01
202100042032,3,1,,0,2,1,19,B01
202100042033,3,7,,0,1,2,26,B01
202100042034,1,7,,0,1,1,1,A01
202100042035,1,7,,6,0,5,0,A01
202100042036,2,10,,0,2,3,1,B01
202100042036,1,7,,0,2,3,13,A01
202100042037,3,80,,0,2,1,5,A01
202100042037,3,7,,0,2,2,16,B01
202100042038,1,10,,0,2,3,1,B01
202100042038,2,7,,0,2,1,13,A01
202100042039,2,33,,0,2,1,17,B01
202100042039,2,10,,0,2,3,13,A01
202100042040,1,32,,0,2,3,18,A01
202100042040,1,7,,0,2,7,16,B01
202100042041,1,2,,0,2,1,26,A01
202100042041,2,10,,0,2,6,0,B01
202100042042,2,33,,0,2,7,0,B01
202100042042,2,7,,0,2,3,9,A01
202100042043,1,1,,1,0,2,1,B01
202100042043,1,7,,0,2,3,22,A01
202100042044,1,7,,0,1,1,1,A01
202100042045,3,7,,3,2,1,18,A01
202100042045,3,15,,0,2,2,12,B01
202100042046,2,30,,12,0,7,1,A01
202100042047,0,43,,6,0,0,26,A01
202100042048,2,31,,0,2,1,12,B01
202100042048,1,7,,0,2,3,15,A01
202100042049,3,7,,0,2,1,1,A01
202100042049,1,7,,0,2,7,1,B01
202100042050,2,7,,0,2,7,15,B01
202100042050,1,7,,0,2,1,1,A01
202100042051,1,33,,1,2,9,17,B01
202100042051,1,10,,0,2,3,10,A01
202100042052,2,1,,0,2,1,19,A01
202100042052,2,1,,0,2,1,1,B01
202100042053,1,30,,12,0,1,13,A01
202100042054,1,2,,0,2,5,1,B01
202100042054,1,7,,0,2,3,13,A01
202100042055,2,80,,0,1,1,5,A01
202100042056,3,2,,0,2,3,1,B01
202100042056,3,15,,0,2,2,15,A01
202100042057,2,1,,0,2,2,1,B01
202100042057,1,30,,0,2,4,9,A01
202100042058,1,30,,0,0,1,1,A01
202100042059,2,7,,0,2,4,2,B01
202100042059,2,10,,0,2,1,2,A01
202100042060,2,1,,0,2,3,1,B01
202100042060,2,7,,0,2,7,17,A01
202100042061,2,1,,0,2,8,1,Z01
202100042061,1,80,,0,2,7,18,A01
202100042062,2,80,,0,0,0,1,A01
202100042063,1,1,,0,2,1,1,A01
202100042063,2,7,,0,9,3,15,B01
202100042064,1,7,,0,2,3,2,A01
202100042064,1,2,,0,2,5,23,B01
202100042065,0,40,,0,2,1,1,B01
202100042065,3,7,,0,4,6,9,A01
202100042066,2,33,,0,2,3,1,B01
202100042066,2,7,,0,2,3,9,A01
202100042067,2,7,,0,2,3,15,A01
202100042067,2,33,,0,2,1,3,B01
202100042068,1,7,,0,2,1,1,B01
202100042068,2,7,,0,2,3,15,A01
202100042069,1,10,,0,1,4,16,B01
202100042070,0,7,,0,2,1,26,A01
202100042070,1,31,,0,2,8,15,B01
202100042071,3,7,,0,2,5,1,A01
202100042071,2,7,,0,2,2,1,B01
202100042072,3,7,,0,9,3,15,A01
202100042072,3,1,,0,2,1,23,B01
202100042073,1,7,,0,0,3,26,A01
202100042073,1,2,,0,2,1,17,B01
202100042074,2,37,1.0,0,0,0,0,B01
202100042074,1,2,,1,0,1,1,A01
202100042075,3,30,,0,2,1,1,B01
202100042075,3,7,,0,2,3,10,A01
202100042076,1,33,,0,2,1,23,B01
202100042076,1,7,,0,2,4,4,A01
202100042077,1,7,,0,0,6,1,B01
202100042077,1,13,,0,2,2,2,A01
202100042078,1,33,,0,0,4,1,A01
202100042079,1,7,,0,2,2,19,A01
202100042079,2,43,,0,2,1,1,B01
202100042080,2,7,,0,2,3,9,A01
202100042080,2,1,,0,2,2,16,B01
202100042081,2,2,,0,2,1,1,A01
202100042081,2,7,,0,2,3,1,B01
202100042082,1,7,,2,0,3,1,A01
202100042083,2,2,,0,2,1,1,A01
202100042083,3,7,,0,2,6,15,B01
202100042084,2,34,,8,0,1,1,A01
202100042085,2,17,,0,2,8,2,B01
202100042085,2,33,,0,2,7,9,A01
202100042086,2,32,,0,0,0,16,A01
202100042087,1,7,,2,0,1,6,A01
202100042088,3,7,,9,1,3,4,A01
202100042089,1,43,,9,0,1,14,A01
202100042090,2,21,,0,1,5,17,A01
202100042091,1,7,,0,1,3,15,A01
202100042092,2,3,,0,2,3,1,B01
202100042092,2,7,,0,2,5,17,A01
202100042093,0,2,,13,0,0,1,A01
202100042094,1,7,,0,2,7,1,B01
202100042094,1,33,,0,2,3,9,A01
202100042095,0,21,,0,2,1,19,A01
202100042095,0,7,,0,2,8,1,B01
202100042096,3,7,,0,2,3,16,A01
202100042096,0,7,,0,1,3,1,B01
202100042097,2,7,,0,2,2,1,B01
202100042097,2,7,,0,0,6,1,A01
202100042097,1,7,,0,2,1,1,C01
202100042098,0,7,,0,2,2,1,A01
202100042098,2,33,,0,2,1,1,B01
202100042099,1,1,,0,2,1,1,B01
202100042099,2,2,,0,2,5,15,A01
202100042100,2,7,,2,0,2,0,A01
202100042101,1,7,,0,0,3,1,A01
202100042101,1,7,,0,0,3,1,B01
202100042102,2,10,,0,0,0,1,B01
202100042102,1,2,,0,2,0,1,A01
202100042103,3,1,,6,0,1,15,A01
202100042104,1,7,,3,0,9,1,A01
202100042105,2,7,,0,2,1,1,A01
202100042105,2,2,,0,2,2,1,B01
202100042106,1,7,,0,2,3,1,A01
202100042106,2,2,,0,2,1,1,B01
202100042107,2,7,,16,0,2,17,A01
202100042108,0,1,,0,2,1,19,B01
202100042108,1,7,,12,2,2,1,A01
202100042109,0,1,,0,2,8,2,B01
202100042109,3,1,,0,2,8,2,A01
202100042110,0,7,,0,2,7,14,B01
202100042110,0,37,1.0,0,2,3,1,A01
202100042111,2,17,,0,2,6,12,B01
202100042111,2,7,,0,2,1,21,A01
202100042112,1,7,,0,2,4,2,B01
202100042112,1,7,,0,0,4,1,A01
202100042112,1,7,,0,2,1,1,C01
202100042113,1,10,,0,2,1,1,C01
202100042113,1,7,,0,2,4,2,B01
202100042113,1,7,,0,0,4,2,A01
202100042114,2,7,,0,2,1,15,A01
202100042114,3,7,,0,2,7,1,B01
202100042115,1,7,,0,9,6,2,B01
202100042115,1,32,,0,2,1,2,A01
202100042116,0,32,,0,0,0,15,A01
202100042117,1,7,,0,1,2,15,A01
202100042118,1,17,,0,0,0,15,A01
202100042119,1,7,,0,2,1,1,C01
202100042119,2,10,,0,2,3,1,B01
202100042119,1,10,,0,2,1,13,A01
202100042120,1,30,,0,1,1,19,A01
202100042121,1,7,,12,0,2,1,A01
202100042122,2,10,,0,2,3,1,B01
202100042122,1,33,,0,2,1,17,A01
202100042123,2,33,,0,2,1,1,B01
202100042123,1,7,,0,2,3,15,A01
202100042124,2,2,,0,2,1,17,A01
202100042124,3,10,,0,2,3,19,B01
202100042125,1,2,,0,2,1,10,B01
202100042125,1,1,,0,2,1,1,A01
202100042126,1,7,,0,2,7,1,B01
202100042126,2,7,,0,2,3,1,C01
202100042126,1,7,,0,2,1,1,A01
202100042127,1,7,,7,0,1,1,A01
202100042128,2,7,,0,2,1,1,A01
202100042128,1,7,,6,2,3,1,B01
202100042129,1,10,,0,2,1,0,A01
202100042129,2,7,,0,2,1,0,B01
202100042130,2,33,,0,2,1,1,A01
202100042130,1,7,,0,2,8,19,B01
202100042131,3,10,,0,1,6,4,A01
202100042132,3,7,,0,1,4,4,A01
202100042133,3,1,,0,0,4,9,A01
202100042133,3,7,,0,2,2,1,B01
202100042134,3,7,,0,2,1,2,A01
202100042134,3,33,,0,0,4,23,B01
202100042135,3,2,,12,0,1,1,A01
202100042136,1,7,,0,2,1,9,B01
202100042136,1,2,,0,2,1,1,A01
202100042137,1,7,,14,0,1,1,A01
202100042138,1,7,,0,2,7,1,A01
202100042139,2,7,,0,2,6,1,B01
202100042139,2,17,,0,2,5,14,A01
202100042140,2,7,,0,9,9,26,A01
202100042140,2,7,,0,2,2,0,B01
202100042140,2,7,,0,2,4,23,C01
202100042140,2,7,,0,2,4,23,D01
202100042141,2,15,,0,2,2,12,A01
202100042141,2,7,,0,2,6,1,B01
202100042142,1,15,,0,2,2,14,B01
202100042142,1,7,,0,2,6,13,A01
202100042143,1,10,,0,2,0,14,A01
202100042143,1,7,,0,2,0,1,B01
202100042144,2,33,,0,0,9,2,A01
202100042145,1,32,,1,0,1,12,A01
202100042145,1,10,,0,2,4,26,B01
202100042146,1,33,,0,2,1,1,A01
202100042146,1,7,,0,2,0,17,B01
202100042147,1,10,,0,2,1,1,A01
202100042147,1,7,,0,2,4,1,B01
202100042148,1,30,,0,2,1,1,B01
202100042148,1,7,,0,9,6,9,A01
202100042149,2,7,,0,2,8,1,B01
202100042149,1,0,,0,0,8,26,A01
202100042150,1,7,,0,2,4,9,B01
202100042150,1,30,,0,2,1,18,A01
202100042151,2,60,,0,2,1,0,B01
202100042151,1,1,,0,2,1,25,A01
202100042152,2,2,,0,2,1,2,B01
202100042152,2,7,,0,9,8,15,A01
202100042153,2,1,,0,2,0,1,B01
202100042153,1,7,,0,2,1,15,A01
202100042154,2,31,,1,2,2,17,A01
202100042154,2,10,,0,2,3,26,B01
202100042155,1,7,,14,2,1,1,A01
202100042155,1,7,,14,2,4,15,B01
202100042156,1,7,,0,2,1,2,B01
202100042156,1,7,,0,2,4,26,A01
202100042157,0,7,,0,2,5,17,B01
202100042157,0,37,2.0,0,2,3,15,A01
202100042158,2,7,,0,2,1,19,A01
202100042158,2,7,,0,2,8,1,B01
202100042159,1,36,,0,2,1,19,A01
202100042159,1,7,,0,2,8,0,B01
202100042160,1,33,,15,0,2,26,A01
202100042161,3,7,,0,2,2,1,B01
202100042161,3,7,,0,2,8,9,A01
202100042162,3,33,,0,2,9,13,A01
202100042162,3,7,,0,2,7,1,B01
202100042163,3,7,,0,1,2,26,A01
202100042164,1,7,,0,1,1,1,A01
202100042165,2,7,,2,0,3,13,A01
202100042166,3,7,,0,1,1,15,A01
202100042167,2,7,,0,0,1,14,A01
202100042168,1,2,,0,0,0,0,B01
202100042168,1,7,,0,2,2,16,A01
202100042169,1,37,1.0,8,1,7,16,A01
202100042170,2,1,,0,2,1,1,B01
202100042170,1,7,,0,2,1,16,A01
202100042171,1,7,,0,2,5,1,B01
202100042171,2,7,,0,2,1,1,A01
202100042172,2,10,,0,2,0,19,B01
202100042172,0,1,,0,2,0,19,A01
202100042173,3,1,,0,2,4,2,B01
202100042173,3,7,,0,2,1,2,A01
202100042174,3,7,,0,1,1,1,A01
202100042175,3,7,,0,2,3,19,B01
202100042175,3,7,,0,2,1,19,A01
202100042176,1,15,,13,0,7,14,A01
202100042177,3,7,,13,0,9,14,A01
202100042178,2,30,,1,0,2,1,A01
202100042179,3,7,,0,1,3,1,A01
202100042180,1,7,,12,0,1,9,A01
202100042181,1,7,,0,1,8,1,A01
202100042182,3,60,,0,0,0,21,A01
202100042182,3,7,,0,-1,-1,1,Z01
202100042183,3,7,,0,2,2,15,A01
202100042183,3,1,,0,2,8,1,B01
202100042184,2,7,,6,2,9,14,A01
202100042185,3,7,,0,0,2,1,A01
202100042186,1,1,,0,2,1,15,B01
202100042186,1,7,,0,2,3,15,A01
202100042187,1,10,,0,0,7,9,A01
202100042187,1,1,,0,2,8,12,B01
202100042188,1,2,,0,2,1,1,B01
202100042188,1,7,,0,2,8,15,A01
202100042189,1,1,,0,2,4,19,A01
202100042189,2,7,,0,2,0,1,Z01
202100042190,1,33,,0,2,2,16,A01
202100042190,1,7,,0,2,3,1,B01
202100042191,2,7,,0,2,1,0,C01
202100042191,2,7,,0,2,6,9,B01
202100042191,2,7,,0,2,1,26,A01
202100042192,1,7,,1,2,3,1,B01
202100042192,2,7,,0,2,3,15,A01
202100042193,1,7,,2,0,2,14,A01
202100042194,2,33,,0,2,1,1,A01
202100042194,2,2,,0,2,8,15,B01
202100042195,1,1,,0,2,1,1,B01
202100042195,1,10,,0,2,7,16,A01
202100042196,1,7,,0,2,3,15,A01
202100042196,1,7,,0,2,1,1,B01
202100042197,1,7,,6,0,2,1,A01
202100042198,1,7,,0,2,1,1,B01
202100042198,1,7,,0,2,8,10,A01
202100042199,0,32,,5,2,0,18,A01
202100042199,3,7,,0,2,0,0,B01
202100042200,3,38,1.0,0,2,3,1,B01
202100042200,3,7,,0,2,3,5,A01
202100042201,2,7,,9,0,1,26,A01
202100042202,1,1,,0,2,7,1,B01
202100042202,2,7,,0,2,1,9,A01
202100042203,0,2,,0,0,0,15,A01
202100042204,3,7,,0,0,3,13,A01
202100042205,1,7,,8,0,3,1,A01
202100042206,3,7,,0,2,5,23,B01
202100042206,3,32,,14,0,1,1,A01
202100042207,1,32,,0,2,2,12,B01
202100042207,1,33,,0,2,3,3,A01
202100042208,1,32,,0,2,1,2,A01
202100042208,1,10,,0,2,4,2,B01
202100042209,2,2,,0,1,8,1,A01
202100042210,2,7,,0,2,7,22,A01
202100042210,2,1,,0,2,2,1,B01
202100042211,1,10,,0,2,8,22,A01
202100042211,1,80,,0,2,1,17,B01
202100042212,2,1,,0,1,1,1,A01
202100042213,1,33,,0,2,2,1,B01
202100042213,1,7,,0,2,3,15,A01
202100042214,3,7,,0,2,2,1,A01
202100042214,2,10,,0,2,8,1,B01
202100042215,1,1,,0,2,1,5,A01
202100042215,1,1,,0,2,1,1,B01
202100042216,2,1,,0,2,7,19,B01