Num_Acc,senc,catv,occutc,obs,obsm,choc,manv,num_veh
202100042216,2,32,,0,2,2,21,A01
202100042217,1,7,,0,1,5,2,A01
202100042218,2,31,,0,1,1,1,A01
202100042219,1,7,,0,1,1,2,A01
202100042220,3,7,,0,1,2,1,A01
202100042221,2,1,,0,2,4,15,A01
202100042221,2,7,,0,9,2,15,B01
202100042222,-1,7,,0,2,3,15,B01
202100042222,-1,7,,0,2,1,1,A01
202100042223,2,7,,0,2,2,15,B01
202100042223,1,34,,0,2,3,18,A01
202100042224,1,37,1.0,0,2,3,9,A01
202100042224,1,10,,0,2,5,17,B01
202100042225,1,7,,0,1,2,1,A01
202100042226,2,7,,0,2,8,10,A01
202100042226,2,33,,0,2,1,1,B01
202100042227,2,7,,0,9,1,21,C01
202100042227,1,10,,0,2,3,26,A01
202100042227,2,37,1.0,0,2,3,0,B01
202100042228,2,7,,0,1,1,10,A01
202100042229,2,30,,0,2,1,26,A01
202100042229,2,7,,0,2,5,2,B01
202100042230,1,7,,0,2,1,9,A01
202100042230,2,1,,0,2,3,1,B01
202100042231,1,7,,0,2,7,21,A01
202100042231,1,1,,0,2,8,1,B01
202100042232,1,43,,0,2,1,2,A01
202100042232,1,7,,0,2,4,1,B01
202100042233,3,1,,0,2,1,1,Y01
202100042233,3,10,,0,2,2,14,A01
202100042234,2,7,,0,1,1,1,A01
202100042235,1,32,,12,0,1,13,A01
202100042236,1,33,,0,2,4,12,B01
202100042236,1,10,,0,2,2,1,A01
202100042237,2,2,,0,2,1,1,B01
202100042237,1,7,,0,2,1,17,A01
202100042238,1,33,,0,0,8,1,A01
202100042239,1,2,,0,0,2,1,A01
202100042240,2,10,,0,2,9,1,A01
202100042240,1,10,,0,2,3,13,B01
202100042241,1,7,,0,2,2,15,A01
202100042241,2,7,,0,2,3,1,B01
202100042242,2,7,,0,0,9,19,A01
202100042243,3,31,,13,0,0,17,A01
202100042244,1,7,,0,2,3,1,B01
202100042244,2,33,,3,2,8,1,A01
202100042245,2,33,,14,0,1,0,A01
202100042246,0,7,,0,0,2,1,B01
202100042246,0,2,,0,2,1,5,A01
202100042247,3,33,,13,0,1,1,A01
202100042248,2,7,,8,2,3,1,B01
202100042248,2,7,,0,2,2,19,A01
202100042249,1,2,,0,2,1,13,A01
202100042249,1,7,,0,2,6,11,B01
202100042250,1,7,,6,0,2,1,A01
202100042251,3,7,,0,9,2,1,A01
202100042251,0,2,,0,2,7,15,B01
202100042252,1,33,,0,2,1,17,A01
202100042252,1,21,,0,2,6,15,B01
202100042253,3,37,1.0,0,1,7,1,A01
202100042254,3,7,,0,2,1,13,A01
202100042254,3,7,,0,2,1,1,B01
202100042255,1,7,,0,2,8,19,A01
202100042255,1,31,,0,2,1,1,B01
202100042256,2,7,,0,2,1,1,A01
202100042256,1,10,,0,2,1,1,B01
202100042256,1,7,,0,2,1,1,C01
202100042257,3,7,,0,2,1,1,B01
202100042257,3,7,,6,2,1,1,A01
202100042258,1,7,,0,0,4,16,B01
202100042258,1,2,,0,2,1,1,A01
202100042259,2,10,,0,2,1,11,A01
202100042259,1,7,,0,2,1,1,B01
202100042260,1,7,,2,0,1,15,A01
202100042261,3,7,,0,2,1,1,A01
202100042261,3,60,,0,2,0,19,B01
202100042262,2,10,,0,2,2,13,A01
202100042262,1,7,,0,2,2,1,B01
202100042263,2,10,,3,0,1,26,A01
202100042264,2,1,,0,2,2,26,B01
202100042264,1,7,,0,9,3,1,A01
202100042265,2,7,,6,0,1,13,A01
202100042266,2,7,,0,2,2,21,A01
202100042266,1,10,,0,2,3,1,B01
202100042267,1,7,,13,0,2,1,A01
202100042268,1,50,,0,2,1,9,B01
202100042268,1,10,,0,2,1,1,A01
202100042269,3,2,,0,0,0,1,A01
202100042270,2,7,,0,2,1,2,A01
202100042270,1,7,,9,0,4,1,B01
202100042271,1,7,,0,0,7,26,B01
202100042271,1,7,,0,2,3,26,A01
202100042272,3,10,,0,0,3,1,B01
202100042272,3,33,,0,0,0,0,A01
202100042273,2,34,,3,0,2,0,A01
202100042274,2,7,,4,0,1,0,A01
202100042275,1,7,,4,2,3,13,A01
202100042275,1,15,,0,2,6,1,B01
202100042276,2,7,,0,2,2,1,B01
202100042276,2,7,,0,2,3,11,A01
202100042277,1,33,,0,2,8,2,B01
202100042277,1,7,,0,2,4,2,D01
202100042277,1,7,,0,2,8,2,C01
202100042277,1,7,,0,2,7,1,A01
202100042278,1,14,,0,2,2,2,A01
202100042278,1,10,,0,2,4,2,B01
202100042278,1,7,,0,2,4,2,C01
202100042278,1,37,1.0,0,2,2,1,D01
202100042278,1,7,,0,2,4,2,E01
202100042279,0,7,,0,2,1,1,A01
202100042279,1,7,,0,2,4,1,B01
202100042280,2,7,,0,1,1,1,A01
202100042281,0,7,,0,2,0,0,A01
202100042281,0,15,,0,2,3,0,B01
202100042282,3,7,,0,2,5,26,A01
202100042282,3,7,,1,0,2,26,B01
202100042283,1,30,,0,0,8,1,A01
202100042284,3,0,,0,2,1,1,Z01
202100042285,1,7,,0,1,1,1,A01
202100042286,2,7,,0,2,1,13,A01
202100042286,1,2,,0,2,1,1,B01
202100042287,1,7,,0,2,6,15,A01
202100042287,1,33,,0,2,1,17,B01
202100042288,1,7,,0,2,1,2,B01
202100042288,1,7,,0,2,3,2,C01
202100042288,1,7,,0,2,6,2,A01
202100042289,1,7,,1,0,3,13,A01
202100042290,1,7,,0,2,1,2,A01
202100042290,1,14,,0,2,4,23,B01
202100042291,1,32,,0,2,1,1,B01
202100042291,1,7,,0,2,3,20,A01
202100042292,1,10,,12,0,1,13,A01
202100042293,1,99,,0,2,1,2,A01
202100042293,1,10,,0,9,4,23,B01
202100042294,2,2,,0,2,3,1,B01
202100042294,1,7,,0,2,3,1,A01
202100042295,2,7,,0,2,0,0,B01
202100042295,2,7,,0,2,4,23,C01
202100042295,2,7,,0,2,4,23,A01
202100042296,2,7,,0,1,5,1,A01
202100042297,0,10,,0,1,1,15,A01
202100042298,3,2,,0,2,8,1,A01
202100042298,3,2,,0,2,1,1,B01
202100042299,2,7,,0,2,1,1,A01
202100042299,1,10,,0,2,1,1,B01
202100042300,2,7,,0,1,0,21,A01
202100042301,1,30,,0,2,1,26,A01
202100042301,1,7,,0,2,4,2,B01
202100042302,2,7,,0,2,1,2,A01
202100042302,2,10,,0,2,4,23,B01
202100042303,2,7,,0,2,2,1,A01
202100042303,1,7,,0,2,3,1,B01
202100042304,2,7,,2,2,1,1,B01
202100042304,2,7,,0,2,3,15,A01
202100042305,3,15,,0,2,4,24,B01
202100042305,3,7,,1,0,1,1,A01
202100042306,1,7,,0,0,0,1,A01
202100042306,1,33,,0,0,1,1,B01
202100042307,1,32,,0,2,7,17,A01
202100042307,2,7,,0,2,3,15,B01
202100042308,3,7,,0,2,2,15,B01
202100042308,3,10,,0,2,1,9,A01
202100042309,3,7,,13,0,3,1,A01
202100042310,3,7,,0,1,4,4,A01
202100042311,1,7,,0,9,7,16,A01
202100042311,1,50,,0,2,1,1,B01
202100042312,3,7,,0,2,1,15,A01
202100042312,3,7,,0,2,3,1,B01
202100042313,2,7,,0,2,1,2,A01
202100042313,2,7,,0,2,4,2,D01
202100042313,2,7,,0,2,4,2,C01
202100042313,2,7,,0,2,4,2,B01
202100042314,3,7,,0,1,2,1,A01
202100042315,1,1,,0,2,1,15,B01
202100042315,0,7,,0,2,1,15,A01
202100042316,3,32,,0,2,1,17,A01
202100042316,3,7,,0,2,8,15,B01
202100042317,1,13,,0,2,8,1,A01
202100042317,2,7,,0,2,3,1,B01
202100042318,2,7,,0,2,2,15,A01
202100042318,2,2,,0,2,1,18,B01
202100042319,0,7,,0,2,2,15,A01
202100042319,0,33,,0,0,0,0,B01
202100042320,2,7,,0,1,3,15,A01
202100042321,3,2,,0,2,1,1,B01
202100042321,1,7,,0,2,3,9,A01
202100042322,3,7,,0,2,1,2,B01
202100042322,3,7,,0,2,1,0,A01
202100042323,0,1,,0,2,7,17,B01
202100042323,0,7,,0,2,3,15,A01
202100042324,1,14,,0,1,4,4,A01
202100042325,3,31,,3,0,7,21,A01
202100042326,3,7,,0,1,7,1,A01
202100042327,0,7,,0,1,2,1,A01
202100042328,1,7,,0,2,0,0,B01
202100042328,1,7,,0,2,4,2,A01
202100042328,1,7,,0,2,2,2,C01
202100042329,1,7,,0,2,1,1,B01
202100042329,1,7,,0,2,1,1,A01
202100042330,1,34,,0,1,1,1,A01
202100042331,2,7,,0,2,0,0,B01
202100042331,2,50,,0,2,1,26,A01
202100042332,1,7,,0,2,8,1,B01
202100042332,2,30,,0,2,8,13,A01
202100042333,1,7,,1,1,2,9,A01
202100042334,3,7,,0,2,7,1,A01
202100042334,3,7,,0,2,1,1,B01
202100042335,3,3,,0,1,3,15,A01
202100042336,3,7,,0,2,8,13,A01
202100042336,3,10,,0,2,0,0,B01
202100042337,0,50,,0,-1,1,15,A01
202100042337,0,40,,0,2,3,1,B01
202100042338,1,7,,0,2,1,2,A01
202100042338,1,7,,0,2,4,2,B01
202100042339,0,7,,0,2,7,14,A01
202100042339,3,7,,1,2,6,1,B01
202100042339,3,7,,0,2,3,24,D01
202100042339,3,7,,0,2,1,24,C01
202100042340,2,7,,4,0,1,1,A01
202100042341,1,7,,0,2,3,1,B01
202100042341,1,7,,0,2,3,9,A01
202100042342,2,31,,14,0,8,1,A01
202100042343,1,32,,0,2,1,15,A01
202100042343,2,31,,0,2,8,1,B01
202100042344,2,1,,0,2,4,17,B01
202100042344,2,7,,0,2,1,1,A01
202100042345,1,50,,0,0,0,21,A01
202100042346,1,32,,0,2,7,1,A01
202100042346,0,7,,0,2,7,11,Z01
202100042347,1,33,,0,2,1,1,A01
202100042347,2,1,,0,2,8,1,B01
202100042348,1,30,,0,0,3,15,A01
202100042349,2,33,,0,2,7,14,A01
202100042349,2,7,,0,2,8,1,B01
202100042350,1,7,,0,2,5,1,A01
202100042350,1,43,,0,2,1,1,B01
202100042351,3,7,,0,2,3,16,B01
202100042351,3,2,,0,2,2,17,A01
202100042352,2,1,,0,2,7,1,A01
202100042352,2,7,,0,0,8,1,B01
202100042353,2,50,,0,1,1,21,A01
202100042354,2,7,,0,2,3,1,B01
202100042354,1,32,,0,2,1,1,A01
202100042355,2,43,,0,2,5,17,B01
202100042355,2,1,,0,2,1,15,A01
202100042356,1,30,,0,2,8,13,A01
202100042356,1,7,,0,2,5,2,B01
202100042357,1,31,,0,1,1,1,A01
202100042358,2,50,,0,0,0,7,A01
202100042359,1,1,,0,0,0,1,A01
202100042360,0,31,,0,1,1,1,Z01
202100042361,1,50,,0,1,1,25,Z01
202100042362,1,14,,0,1,4,4,Z01
202100042363,1,37,1.0,0,1,0,1,A01
202100042364,2,32,,0,2,1,1,B01
202100042364,1,30,,0,2,2,1,A01
202100042365,3,50,,14,0,7,2,B01
202100042365,3,7,,14,0,1,2,A01
202100042366,2,34,,0,2,7,0,A01
202100042366,2,50,,0,2,7,1,B01
202100042367,3,7,,0,2,7,9,B01
202100042367,3,7,,0,2,2,1,A01
202100042368,1,2,,14,0,1,17,A01
202100042368,3,1,,0,2,8,1,B01
202100042369,-1,0,,0,2,0,0,Y01
202100042369,1,10,,0,1,0,20,A01
202100042370,3,10,,0,9,8,23,A01
202100042370,3,1,,0,2,1,25,B01
202100042371,2,7,,0,2,3,15,A01
202100042371,2,2,,0,2,7,1,B01
202100042372,2,7,,12,2,3,14,B01
202100042372,1,7,,0,2,3,26,A01
202100042373,3,7,,0,1,2,15,A01
202100042374,3,2,,0,2,1,17,B01
202100042374,3,7,,0,2,3,13,A01
202100042375,3,32,,0,2,1,0,A01
202100042375,3,7,,0,2,4,1,B01
202100042376,1,34,,1,1,1,1,A01
202100042377,1,7,,0,1,6,19,A01
202100042378,1,31,,15,0,1,13,A01
202100042379,1,1,,0,1,1,1,A01
202100042380,1,7,,0,2,5,16,B01
202100042380,1,1,,0,2,1,1,A01
202100042381,0,50,,0,2,0,26,A01
202100042381,2,7,,0,2,2,1,B01
202100042382,3,2,,0,2,1,16,A01
202100042382,3,7,,0,2,1,1,B01
202100042383,3,21,,0,0,2,1,A01
202100042383,3,33,,0,2,1,1,B01
202100042384,2,7,,0,2,6,15,B01
202100042384,1,33,,8,2,1,1,A01
202100042385,2,33,,0,0,1,1,A01
202100042386,1,10,,2,0,1,1,A01
202100042387,1,7,,0,2,1,1,B01
202100042387,2,7,,0,2,3,15,A01
202100042388,1,10,,9,0,2,1,A01
202100042389,1,10,,0,2,3,15,B01
202100042389,2,33,,0,2,8,1,A01
202100042390,3,7,,2,0,1,0,A01
202100042391,1,7,,0,2,1,1,C01
202100042391,1,13,,0,2,2,1,B01
202100042391,1,20,,0,0,6,1,A01
202100042392,2,7,,7,2,1,1,A01
202100042392,3,7,,0,2,8,1,B01
202100042393,3,2,,0,2,1,1,B01
202100042393,3,10,,0,2,2,6,A01
202100042394,1,2,,0,0,8,1,A01
202100042395,2,7,,0,2,3,1,A01
202100042395,2,7,,0,2,8,9,B01
202100042396,0,7,,0,0,5,17,A01
202100042396,0,7,,0,2,3,2,B01
202100042397,1,7,,0,2,1,1,B01
202100042397,3,7,,0,2,3,15,A01
202100042398,2,33,,13,0,1,17,A01
202100042399,2,7,,2,0,2,1,A01
202100042400,1,33,,0,2,8,1,A01
202100042400,1,7,,0,2,1,19,B01
202100042401,0,30,,0,2,1,1,B01
202100042401,0,7,,0,2,4,26,A01
202100042402,3,2,,0,1,1,1,A01
202100042403,2,7,,0,0,2,1,A01
202100042404,1,33,,0,0,0,1,B01
202100042404,1,33,,0,0,0,1,A01
202100042405,1,2,,0,2,1,1,A01
202100042405,2,7,,0,2,3,1,B01
202100042406,3,33,,0,0,0,1,A01
202100042407,1,15,,0,2,3,1,B01
202100042407,2,7,,0,2,1,13,A01
202100042408,0,50,,0,2,1,17,A01
202100042408,0,7,,0,9,6,15,B01
202100042409,1,7,,0,1,3,1,A01
202100042410,1,7,,3,2,7,13,A01
202100042410,2,17,,0,2,3,1,B01
202100042411,2,32,,0,2,3,1,B01
202100042411,2,7,,0,2,1,15,A01
202100042412,3,33,,0,0,1,1,A01
202100042413,2,7,,6,2,9,0,A01
202100042413,1,7,,6,2,1,0,B01
202100042414,2,7,,0,2,1,2,A01
202100042414,2,7,,0,2,4,2,B01
202100042414,2,7,,0,2,4,2,D01
202100042414,1,7,,0,2,4,2,C01
202100042415,1,7,,0,0,0,0,Z01
202100042415,1,34,,0,2,1,2,B01
202100042415,1,33,,4,2,2,3,A01
202100042416,2,7,,0,2,4,23,A01
202100042416,2,7,,0,2,1,1,B01
202100042416,2,7,,0,2,1,1,C01
202100042417,1,7,,4,0,8,1,A01
202100042418,1,7,,0,2,6,11,A01
202100042418,1,14,,0,2,2,1,B01
202100042419,2,7,,0,2,5,26,A01
202100042419,1,15,,0,2,3,21,B01
202100042420,2,7,,0,2,5,2,B01
202100042420,2,15,,0,2,3,2,A01
202100042421,2,7,,3,2,2,1,A01
202100042422,2,7,,0,2,6,23,B01
202100042422,2,33,,0,2,1,12,A01
202100042423,1,7,,9,2,1,2,A01
202100042423,1,7,,0,2,6,2,B01
202100042424,1,7,,0,2,4,23,B01
202100042424,1,10,,0,2,2,2,A01
202100042425,1,7,,0,2,2,0,B01
202100042425,1,7,,0,2,4,4,A01
202100042426,1,7,,0,2,1,9,A01
202100042426,1,1,,0,2,0,26,B01
202100042427,3,30,,0,2,4,26,A01
202100042427,3,7,,0,0,4,23,B01
202100042428,1,1,,0,2,8,1,A01
202100042428,1,7,,0,2,1,1,B01
202100042429,2,7,,3,0,1,1,A01
202100042430,1,99,,9,0,0,2,A01
202100042431,1,7,,0,0,4,1,C01
202100042431,1,7,,0,2,1,1,B01
202100042431,1,7,,0,2,1,21,A01
202100042432,1,33,,0,9,8,21,A01
202100042433,1,1,,0,2,1,2,A01
202100042433,1,7,,0,1,4,23,B01
202100042434,1,7,,1,2,5,1,A01
202100042434,1,31,,0,2,1,1,B01
202100042435,1,7,,0,1,2,1,A01
202100042436,1,30,,0,0,7,1,A01
202100042437,1,43,,0,2,1,1,A01
202100042437,1,7,,0,2,4,23,B01
202100042438,3,2,,0,0,8,21,A01
202100042439,2,32,,0,0,0,1,A01
202100042440,0,7,,0,2,6,1,B01
202100042440,0,50,,0,2,1,5,A01
202100042441,1,32,,0,2,0,1,B01
202100042441,1,10,,0,2,4,4,A01
202100042442,3,7,,3,2,2,1,B01
202100042442,3,7,,8,2,1,19,A01
202100042443,0,7,,0,2,1,1,A01
202100042443,0,99,,0,0,0,0,Z01
202100042444,1,7,,0,2,2,12,A01
202100042444,1,7,,0,2,4,1,B01
202100042444,1,7,,0,2,4,1,C01
202100042444,1,7,,0,2,4,1,E01
202100042444,1,7,,0,2,1,1,D01
202100042445,0,7,,0,2,2,15,A01
202100042445,3,7,,0,2,1,1,B01
202100042446,0,33,,1,0,1,14,A01
202100042447,2,2,,12,0,2,1,A01
202100042448,3,1,,0,0,0,1,A01
202100042449,1,33,,0,1,0,1,A01
202100042450,1,10,,0,2,2,17,A01
202100042450,1,7,,0,2,3,9,B01
202100042451,3,7,,0,9,3,1,A01
202100042451,3,1,,0,2,1,1,B01
202100042452,1,32,,0,2,1,12,B01
202100042452,3,7,,0,2,1,0,A01
202100042453,1,1,,0,2,2,1,B01
202100042453,1,7,,0,2,4,20,A01
202100042454,2,1,,0,2,5,1,B01
202100042454,1,30,,0,2,1,1,A01
202100042455,1,7,,0,2,1,26,A01
202100042455,2,31,,0,2,2,15,B01
202100042456,2,10,,0,2,1,2,B01
202100042456,1,7,,0,2,7,15,A01
202100042457,1,7,,0,2,0,9,A01
202100042457,2,1,,0,2,0,1,B01
202100042458,2,30,,11,0,8,1,A01
202100042459,0,30,,0,2,0,0,A01
202100042459,0,7,,0,2,0,0,B01
202100042460,0,2,,6,0,1,0,A01
202100042461,2,7,,0,2,8,24,A01
202100042461,2,1,,1,0,1,1,B01
202100042462,3,1,,0,4,7,21,A01
202100042462,3,39,,0,2,3,1,B01
202100042463,2,1,,0,2,7,1,B01
202100042463,2,7,,0,0,1,15,Z01
202100042464,3,7,,6,0,1,1,A01
202100042465,0,50,,0,0,0,0,A01
202100042465,1,7,,0,2,7,1,B01
202100042466,1,2,,0,0,7,1,A01
202100042467,2,50,,0,2,1,1,B01
202100042467,2,7,,0,2,2,16,A01
202100042468,1,7,,0,2,1,9,Z01
202100042468,1,1,,0,2,1,1,B01
202100042469,3,7,,0,2,0,0,B01
202100042469,3,7,,0,2,7,26,A01
202100042470,2,40,,0,1,1,9,A01
202100042471,3,7,,0,2,1,1,A01
202100042471,3,32,,0,2,1,1,B01
202100042472,3,80,,0,2,3,0,A01
202100042472,3,7,,0,2,3,15,B01
202100042473,3,7,,0,2,7,16,A01
202100042473,3,1,,0,2,0,1,B01
202100042474,1,7,,0,1,1,1,A01
202100042475,1,7,,0,2,2,20,A01
202100042475,1,33,,0,2,8,1,B01
202100042476,1,7,,0,1,2,1,A01
202100042477,3,30,,14,0,1,1,A01
202100042478,3,1,,0,2,8,0,B01
202100042478,3,7,,0,9,1,1,A01
202100042479,0,33,,0,0,8,15,A01
202100042480,1,10,,0,2,2,2,B01
202100042480,1,3,,0,2,6,2,A01
202100042481,2,7,,0,2,1,1,B01
202100042481,2,7,,0,2,4,23,A01
202100042482,2,7,,0,2,3,16,B01
202100042482,2,34,,0,2,7,1,A01
202100042483,1,7,,0,1,3,1,A01
202100042484,1,10,,0,2,1,1,B01
202100042484,1,30,,0,2,1,1,A01
202100042485,1,31,,0,2,1,2,Z01
202100042485,1,7,,0,2,6,23,B01
202100042485,1,33,,0,2,1,1,C01
202100042486,2,7,,0,2,0,20,A01
202100042486,1,2,,0,2,1,2,B01
202100042487,2,37,2.0,0,2,5,1,B01
202100042487,3,7,,0,2,1,1,Z01
202100042488,2,7,,0,1,1,16,Z01
202100042489,2,10,,0,2,2,1,A01
202100042489,2,10,,0,2,3,0,B01
202100042490,1,7,,0,2,1,15,A01
202100042490,1,7,,8,2,2,1,B01
202100042491,2,33,,3,0,7,1,A01
202100042492,2,7,,0,2,2,10,A01
202100042492,2,7,,0,0,5,24,C01
202100042492,2,33,,1,0,3,1,B01
202100042493,2,32,,0,2,1,18,B01
202100042493,2,33,,0,2,7,16,A01
202100042494,2,1,,0,2,3,1,B01
202100042494,1,10,,0,2,4,4,A01
202100042495,1,30,,0,1,1,1,A01
202100042496,2,14,,0,1,1,1,A01
202100042497,2,7,,0,2,8,15,B01
202100042497,2,34,,1,2,9,17,A01
202100042498,1,32,,0,0,7,16,A01
202100042499,1,34,,1,2,4,2,A01
202100042499,1,7,,0,2,4,23,Z01
202100042499,1,10,,0,2,5,24,B01
202100042500,1,30,,0,2,8,13,A01
202100042500,1,7,,0,2,7,1,Z01
202100042501,3,33,,0,2,6,18,A01
202100042501,3,10,,0,2,2,1,B01
202100042502,2,7,,0,2,7,1,B01
202100042502,2,30,,0,2,8,13,A01
202100042503,1,7,,0,2,3,15,A01
202100042503,2,33,,0,2,8,1,B01
202100042504,1,34,,0,1,1,1,A01
202100042505,1,32,,0,2,3,1,B01
202100042505,2,10,,0,2,5,4,A01
202100042506,1,7,,0,2,1,2,A01
202100042506,1,7,,0,2,2,2,C01
202100042506,1,30,,0,2,4,23,B01
202100042507,1,1,,0,0,0,1,A01
202100042508,1,1,,0,2,1,1,B01
202100042508,1,7,,0,2,2,16,A01
202100042509,1,7,,0,2,8,1,A01
202100042509,2,1,,0,2,1,1,B01
202100042510,1,7,,14,0,1,14,A01
202100042511,2,3,,0,1,7,1,A01
202100042512,2,7,,0,2,7,1,B01
202100042512,2,7,,0,2,1,26,A01
202100042513,1,3,,14,9,3,13,B01
202100042513,2,3,,0,2,3,26,A01
202100042514,1,34,,0,2,2,1,A01
202100042514,2,7,,0,2,3,9,B01
202100042515,-1,37,1.0,0,1,7,9,A01
202100042516,1,30,,0,2,1,18,A01
202100042516,1,7,,0,2,2,16,B01
202100042517,2,2,,0,2,6,15,B01
202100042517,2,7,,0,2,6,15,A01
202100042518,1,7,,0,2,3,13,A01
202100042518,2,38,1.0,0,2,3,21,B01
202100042519,1,7,,13,0,3,1,A01
202100042520,1,7,,15,0,1,13,A01
202100042521,2,33,,0,2,8,15,A01
202100042521,1,7,,0,0,2,2,B01
202100042522,0,2,,6,9,0,13,A01
202100042523,1,1,,0,0,1,1,B01
202100042523,2,21,,0,0,6,1,A01
202100042524,1,14,,0,0,5,15,A01
202100042524,1,10,,0,2,1,13,B01
202100042525,1,7,,2,0,3,0,A01
202100042526,2,7,,0,1,3,1,A01
202100042527,1,1,,13,0,1,19,A01
202100042528,3,1,,0,2,1,19,B01
202100042528,3,7,,0,2,7,1,A01
202100042529,3,2,,6,0,1,13,A01
202100042530,0,3,,0,1,1,1,A01
202100042531,2,7,,0,0,7,15,A01
202100042531,1,1,,0,2,1,1,B01
202100042532,3,7,,0,2,1,19,B01
202100042532,2,7,,0,2,2,1,A01
202100042533,2,10,,0,2,3,1,B01
202100042533,1,2,,0,2,1,1,A01
202100042534,3,2,,0,2,1,1,B01
202100042534,3,7,,0,2,2,19,A01
202100042535,1,7,,0,2,3,13,A01
202100042535,2,7,,0,2,3,1,B01
202100042536,1,7,,13,0,9,17,A01
202100042537,1,1,,0,0,7,2,A01
202100042538,3,7,,0,0,0,1,A01
202100042539,1,7,,0,2,3,1,B01
202100042539,2,21,,0,2,4,1,A01
202100042540,1,7,,0,1,5,15,A01
202100042541,2,7,,0,2,2,15,A01
202100042541,1,33,,0,2,1,1,B01
202100042542,0,7,,0,0,8,24,B01
202100042542,0,7,,1,0,5,4,A01
202100042543,0,7,,0,2,3,15,A01
202100042543,0,2,,0,2,1,17,B01
202100042544,1,10,,0,9,2,20,A01
202100042544,1,1,,0,2,1,0,B01
202100042545,2,17,,3,0,1,1,A01
202100042546,0,33,,0,0,9,26,A01
202100042547,1,17,,3,0,7,14,A01
202100042548,1,10,,0,2,3,11,A01
202100042548,2,15,,0,2,3,1,B01
202100042549,1,7,,0,0,1,17,A01
202100042549,2,7,,0,0,1,0,B01
202100042550,3,7,,0,0,3,15,A01
202100042550,3,31,,0,0,2,17,B01
202100042551,2,7,,0,2,8,9,A01
202100042551,2,1,,0,2,7,1,B01
202100042552,2,7,,2,0,3,1,A01
202100042553,1,10,,0,1,3,1,A01
202100042554,0,2,,0,2,3,2,B01
202100042554,0,7,,0,2,2,17,A01
202100042555,1,1,,0,0,1,18,A01
202100042556,1,7,,0,0,4,2,A01
202100042556,1,7,,0,2,4,2,B01
202100042556,1,10,,0,2,1,2,C01
202100042557,3,7,,0,2,1,1,A01
202100042557,3,1,,0,2,0,9,B01
202100042558,1,21,,0,2,3,15,A01
202100042558,1,2,,0,2,1,17,B01
202100042559,1,33,,0,2,2,1,A01
202100042559,1,7,,0,2,3,19,B01
202100042560,2,7,,0,9,7,17,A01
202100042560,2,1,,0,2,3,1,B01
202100042561,3,99,,0,1,4,4,A01
202100042562,1,7,,0,0,4,1,B01
202100042562,1,7,,0,2,1,1,A01
202100042563,2,7,,0,2,1,2,B01
202100042563,2,10,,13,2,4,1,A01
202100042564,2,14,,0,2,1,2,A01
202100042564,2,15,,0,2,4,1,B01
202100042565,2,33,,3,0,9,2,A01
202100042566,2,7,,0,2,4,2,B01
202100042566,2,7,,0,2,1,2,A01
202100042567,1,10,,0,2,5,14,A01
202100042567,1,33,,0,2,3,3,B01
202100042568,1,7,,0,2,1,2,A01
202100042568,1,7,,0,2,4,2,C01
202100042568,1,7,,0,2,1,2,B01
202100042569,1,33,,0,2,1,1,B01
202100042569,1,7,,0,2,2,12,A01
202100042570,2,7,,4,2,1,5,A01
202100042570,1,10,,0,2,8,1,D01
202100042570,1,10,,0,2,6,12,C01
202100042570,1,7,,4,2,2,17,B01
202100042571,1,7,,0,2,1,13,A01
202100042571,2,7,,0,2,8,1,B01
202100042572,2,7,,0,2,4,23,B01
202100042572,2,7,,0,2,1,23,A01
202100042573,1,30,,0,0,0,2,B01
202100042573,1,10,,0,0,0,18,A01
202100042574,1,7,,10,0,2,14,A01
202100042575,2,7,,0,2,1,1,A01
202100042575,2,60,,0,2,3,19,B01
202100042576,2,33,,0,2,3,13,A01
202100042576,2,7,,0,2,8,1,B01
202100042577,3,7,,0,1,0,26,A01
202100042578,1,7,,0,2,4,0,B01
202100042578,1,7,,0,2,1,0,A01
202100042579,3,10,,0,2,4,9,B01
202100042579,3,7,,0,2,2,14,A01
202100042580,0,7,,0,1,1,19,A01
202100042581,2,7,,0,2,1,15,A01
202100042581,1,33,,0,2,1,1,B01
202100042582,2,60,,0,2,8,7,B01
202100042582,1,20,,0,2,8,1,A01
202100042583,2,7,,0,2,1,1,A01
202100042583,2,7,,0,2,4,1,B01
202100042584,2,50,,12,1,8,13,A01
202100042585,2,2,,0,2,0,1,A01
202100042585,2,2,,0,2,1,1,B01
202100042586,3,31,,0,2,1,1,A01
202100042586,3,7,,0,2,8,15,B01
202100042587,0,32,,0,1,0,0,A01
202100042588,0,7,,0,2,1,15,A01
202100042588,0,7,,0,2,1,1,B01
202100042589,3,7,,0,2,3,15,A01
202100042589,3,33,,0,2,1,1,B01
202100042590,3,7,,0,2,3,15,B01
202100042590,3,33,,0,2,1,17,A01
202100042591,1,7,,3,0,1,13,A01
202100042592,1,7,,0,2,1,1,B01
202100042592,2,7,,0,2,3,1,A01
202100042593,3,7,,0,2,1,1,B01
202100042593,2,7,,0,2,3,15,A01
202100042594,1,7,,0,2,1,1,B01
202100042594,2,2,,0,2,3,1,A01
202100042595,2,7,,0,2,1,1,A01
202100042595,1,1,,0,2,1,13,B01
202100042596,3,31,,0,0,0,9,A01