Num_Acc,senc,catv,occutc,obs,obsm,choc,manv,num_veh
202100042597,3,31,,0,2,1,2,A01
202100042597,0,1,,0,0,4,15,B01
202100042598,1,32,,0,0,0,0,A01
202100042599,1,1,,0,1,4,25,A01
202100042600,3,7,,0,9,5,16,A01
202100042600,3,1,,0,0,0,0,B01
202100042601,2,7,,0,2,3,1,A01
202100042601,2,1,,0,2,1,1,B01
202100042602,1,7,,0,2,8,15,A01
202100042602,1,33,,0,2,1,17,B01
202100042603,2,7,,0,2,5,16,A01
202100042603,2,1,,0,2,1,1,B01
202100042604,2,7,,4,0,2,14,A01
202100042605,2,34,,0,2,2,17,B01
202100042605,2,7,,0,2,3,10,A01
202100042606,1,7,,0,2,3,1,A01
202100042606,2,1,,0,2,1,1,B01
202100042607,2,7,,0,2,4,2,B01
202100042607,2,7,,0,2,1,2,A01
202100042608,2,7,,0,9,1,15,A01
202100042608,1,60,,0,2,8,1,B01
202100042609,3,7,,0,2,7,1,B01
202100042609,1,7,,0,2,1,1,A01
202100042610,1,32,,0,1,2,19,A01
202100042611,2,7,,0,1,3,1,A01
202100042612,3,1,,0,0,0,1,A01
202100042613,0,1,,0,0,1,1,A01
202100042614,2,32,,0,0,8,16,A01
202100042615,1,7,,0,2,1,2,B01
202100042615,0,43,,0,2,1,2,A01
202100042616,1,7,,0,2,2,15,B01
202100042616,2,7,,0,2,5,1,A01
202100042617,1,7,,0,2,9,13,A01
202100042617,1,43,,0,2,4,1,B01
202100042617,1,7,,0,2,4,1,C01
202100042617,1,7,,0,2,6,1,D01
202100042618,3,7,,0,2,3,1,A01
202100042618,3,2,,0,2,3,1,B01
202100042619,2,33,,0,0,0,1,A01
202100042620,3,33,,0,2,1,17,A01
202100042620,3,7,,0,2,3,15,B01
202100042621,2,7,,2,0,3,1,A01
202100042622,2,7,,3,6,1,21,A01
202100042623,3,2,,6,0,1,26,A01
202100042624,2,33,,0,2,1,11,B01
202100042624,2,7,,6,2,6,15,A01
202100042624,2,33,,0,2,1,1,C01
202100042625,2,31,,0,2,8,1,B01
202100042625,1,7,,0,2,9,1,A01
202100042626,1,7,,0,2,2,1,A01
202100042626,1,1,,0,0,3,1,B01
202100042627,3,7,,0,2,8,10,A01
202100042627,3,33,,0,2,0,0,B01
202100042628,1,14,,4,0,1,1,A01
202100042629,3,36,,0,0,0,26,A01
202100042630,3,7,,0,2,3,1,A01
202100042630,0,1,,0,2,1,15,B01
202100042631,1,33,,7,0,1,1,A01
202100042632,1,33,,6,0,1,0,A01
202100042633,2,15,,0,1,1,1,A01
202100042634,2,7,,15,0,1,14,A01
202100042635,1,7,,8,0,9,1,A01
202100042636,1,7,,13,0,1,13,A01
202100042637,2,36,,0,0,3,1,A01
202100042638,1,2,,0,0,0,21,A01
202100042638,2,7,,0,0,0,5,B01
202100042639,0,7,,14,2,6,1,C01
202100042639,0,7,,0,2,4,15,B01
202100042639,0,15,,0,2,3,1,A01
202100042640,2,1,,0,2,3,1,B01
202100042640,2,7,,0,2,8,16,A01
202100042641,1,7,,0,2,1,15,B01
202100042641,2,2,,0,2,1,1,A01
202100042642,1,36,,0,0,0,16,A01
202100042643,3,37,1.0,0,2,6,1,B01
202100042643,3,1,,11,2,8,17,A01
202100042644,2,7,,0,0,8,1,B01
202100042644,1,2,,0,0,8,1,A01
202100042645,2,7,,13,0,1,1,A01
202100042646,2,7,,4,0,3,2,A01
202100042647,1,7,,1,0,2,0,A01
202100042648,3,7,,5,0,1,1,A01
202100042649,0,33,,0,0,8,0,A01
202100042650,1,7,,0,2,1,13,A01
202100042650,2,7,,0,2,1,1,B01
202100042651,1,7,,0,2,3,1,B01
202100042651,2,2,,0,2,1,13,A01
202100042652,1,7,,8,0,1,1,A01
202100042653,2,7,,2,0,7,0,A01
202100042654,2,7,,0,2,6,1,A01
202100042654,2,10,,0,2,2,12,B01
202100042655,1,7,,1,0,1,1,D01
202100042655,1,10,,1,0,3,13,C01
202100042655,1,7,,0,2,0,1,B01
202100042655,1,7,,4,0,2,11,A01
202100042656,1,7,,0,2,1,26,A01
202100042656,1,7,,0,2,4,0,B01
202100042657,2,7,,0,2,4,26,C01
202100042657,2,7,,0,2,1,26,A01
202100042657,2,7,,0,2,4,17,B01
202100042658,2,33,,3,0,0,13,A01
202100042659,2,33,,0,2,1,2,A01
202100042660,2,7,,0,2,8,11,A01
202100042660,2,33,,0,2,7,2,B01
202100042661,1,33,,4,0,3,1,A01
202100042662,2,33,,3,0,3,1,A01
202100042663,2,7,,8,0,4,0,A01
202100042664,1,7,,0,2,1,2,A01
202100042664,1,7,,0,2,4,23,B01
202100042665,1,10,,0,2,3,1,B01
202100042665,2,7,,0,2,2,15,A01
202100042666,1,33,,0,2,1,2,A01
202100042666,1,10,,0,2,4,2,B01
202100042667,2,7,,0,2,2,1,Z01
202100042667,1,2,,0,2,1,1,B01
202100042668,1,7,,0,2,1,1,B01
202100042668,2,50,,0,2,1,5,A01
202100042669,1,31,,0,2,1,26,A01
202100042669,1,7,,0,2,7,1,B01
202100042670,3,7,,0,2,1,5,A01
202100042670,3,7,,0,2,1,1,B01
202100042671,2,7,,0,1,1,26,A01
202100042672,1,32,,0,2,1,21,A01
202100042672,1,7,,0,2,3,15,B01
202100042673,2,7,,3,0,1,21,A01
202100042674,1,7,,0,2,2,2,B01
202100042674,1,30,,0,2,1,2,A01
202100042675,1,33,,0,2,3,21,A01
202100042675,1,33,,0,2,5,26,B01
202100042676,1,33,,0,2,1,1,A01
202100042676,1,7,,0,2,4,23,B01
202100042677,0,7,,0,1,2,1,A01
202100042678,3,7,,0,1,2,1,A01
202100042679,2,7,,8,0,1,21,A01
202100042680,0,33,,14,0,1,1,A01
202100042681,1,7,,2,0,6,13,A01
202100042682,3,30,,0,2,3,14,A01
202100042682,3,7,,0,2,2,0,B01
202100042683,3,34,,0,0,0,9,A01
202100042684,1,7,,0,9,8,1,B01
202100042684,1,1,,0,2,7,1,A01
202100042685,1,7,,0,2,1,1,A01
202100042685,1,7,,0,2,1,1,B01
202100042686,3,7,,0,1,2,21,A01
202100042687,3,7,,0,1,0,26,A01
202100042688,3,7,,0,2,6,15,B01
202100042688,3,33,,0,2,1,17,A01
202100042689,1,32,,0,0,3,0,A01
202100042690,1,2,,0,2,4,1,B01
202100042690,1,7,,0,2,1,2,Z01
202100042691,2,34,,0,2,1,1,B01
202100042691,1,7,,0,2,7,19,A01
202100042692,2,7,,0,1,1,1,A01
202100042693,3,7,,13,0,2,14,A01
202100042694,1,7,,0,2,1,2,ZZ01
202100042694,1,7,,0,2,4,2,D01
202100042694,1,7,,0,2,4,2,C01
202100042694,1,7,,0,2,1,2,Z01
202100042695,3,30,,0,2,1,5,A01
202100042695,3,7,,0,2,1,1,B01
202100042696,2,32,,0,2,1,1,B01
202100042696,1,7,,0,2,1,15,A01
202100042697,1,7,,1,0,1,14,A01
202100042698,1,32,,0,2,2,1,B01
202100042698,2,7,,0,2,8,9,A01
202100042699,1,1,,0,2,5,2,B01
202100042699,1,1,,0,2,1,2,A01
202100042699,1,1,,0,2,1,2,C01
202100042700,3,14,,0,2,2,1,A01
202100042700,3,1,,0,2,8,18,B01
202100042701,3,7,,0,1,7,4,A01
202100042702,1,33,,0,2,1,1,B01
202100042702,1,7,,0,2,2,15,A01
202100042703,3,1,,0,2,2,1,B01
202100042703,3,7,,0,2,3,9,A01
202100042704,1,1,,0,2,8,19,B01
202100042704,1,1,,0,2,1,1,A01
202100042705,1,7,,0,2,7,15,A01
202100042705,2,1,,0,2,1,1,B01
202100042706,1,10,,0,2,3,15,B01
202100042706,1,31,,0,2,7,17,A01
202100042707,2,32,,0,2,1,1,A01
202100042707,2,7,,0,2,4,16,B01
202100042708,1,7,,0,2,4,1,A01
202100042708,1,1,,0,2,4,12,B01
202100042709,0,7,,1,0,2,1,A01
202100042710,1,7,,0,1,1,15,A01
202100042711,3,7,,4,0,2,0,A01
202100042712,3,30,,15,0,0,0,A01
202100042713,1,7,,0,1,3,16,A01
202100042714,3,32,,0,2,1,26,A01
202100042714,1,7,,0,2,4,26,B01
202100042715,1,7,,0,0,0,0,C01
202100042715,1,7,,0,0,0,0,B01
202100042715,1,10,,0,0,0,0,A01
202100042715,1,7,,0,0,0,0,D01
202100042716,1,20,,0,1,2,15,A01
202100042717,1,7,,1,0,2,17,A01
202100042718,1,7,,0,2,1,1,A01
202100042719,3,7,,0,2,1,2,A01
202100042719,3,7,,0,2,4,1,B01
202100042720,0,7,,0,2,3,20,A01
202100042720,0,7,,0,2,2,1,B01
202100042721,1,30,,7,0,1,1,A01
202100042722,1,50,,0,0,0,1,A01
202100042723,3,33,,0,2,2,1,B01
202100042723,3,7,,0,2,1,23,A01
202100042724,1,7,,0,2,4,1,B01
202100042724,1,7,,0,2,1,2,A01
202100042725,1,7,,0,1,5,4,A01
202100042726,1,36,,1,0,1,1,A01
202100042726,0,7,,0,2,7,23,B01
202100042727,1,33,,6,0,1,1,A01
202100042728,1,7,,0,0,9,21,A01
202100042729,2,7,,0,2,2,2,A01
202100042729,2,1,,0,0,4,2,B01
202100042730,1,33,,6,0,1,1,A01
202100042731,2,33,,13,0,1,1,A01
202100042732,0,10,,0,2,3,1,A01
202100042732,0,7,,15,2,7,1,B01
202100042733,1,7,,0,2,3,13,B01
202100042733,2,7,,0,2,3,1,A01
202100042734,1,7,,0,9,1,1,A01
202100042734,0,1,,0,2,1,0,B01
202100042735,2,31,,0,2,3,1,B01
202100042735,1,7,,0,2,3,17,A01
202100042736,3,31,,0,2,1,19,A01
202100042736,0,7,,0,2,2,1,B01
202100042737,3,7,,0,0,9,1,A01
202100042738,2,7,,2,0,1,1,A01
202100042739,3,2,,0,2,1,1,B01
202100042739,1,7,,0,2,3,15,A01
202100042740,3,10,,0,1,2,20,A01
202100042741,1,7,,2,0,3,1,A01
202100042742,2,7,,3,0,1,14,A01
202100042743,3,33,,0,2,1,5,A01
202100042743,3,7,,0,2,1,1,B01
202100042744,1,2,,0,2,4,1,A01
202100042744,2,7,,0,2,3,1,B01
202100042745,1,7,,0,1,2,1,A01
202100042746,2,33,,3,0,3,0,A01
202100042747,1,34,,6,0,1,1,A01
202100042748,1,7,,13,2,2,16,A01
202100042748,2,7,,0,2,1,1,B01
202100042749,2,21,,0,2,3,15,B01
202100042749,1,33,,0,2,3,1,A01
202100042750,0,32,,0,0,2,0,A01
202100042751,1,7,,8,0,1,14,A01
202100042752,3,2,,17,0,1,0,A01
202100042753,2,31,,0,0,0,0,A01
202100042754,2,7,,0,2,3,2,B01
202100042754,2,2,,0,0,8,0,A01
202100042755,2,32,,0,1,1,1,A01
202100042756,2,33,,0,0,0,1,A01
202100042757,0,33,,1,0,1,1,A01
202100042758,1,7,,0,2,3,1,B01
202100042758,2,7,,0,2,3,13,A01
202100042759,1,7,,8,0,3,13,A01
202100042760,1,7,,2,0,3,1,A01
202100042761,1,33,,15,0,3,17,A01
202100042762,2,7,,2,0,7,13,A01
202100042763,1,33,,0,2,1,2,A01
202100042763,1,10,,0,0,7,16,B01
202100042764,1,7,,3,0,9,1,A01
202100042765,1,7,,5,2,5,19,A01
202100042765,1,7,,5,2,1,1,B01
202100042766,2,10,,0,1,2,1,A01
202100042767,3,7,,13,0,2,14,A01
202100042768,1,7,,3,0,2,1,A01
202100042769,3,7,,0,2,8,1,B01
202100042769,3,33,,0,2,8,13,A01
202100042770,3,7,,8,0,6,23,B01
202100042770,3,7,,1,0,2,1,A01
202100042771,2,7,,0,2,2,1,B01
202100042771,1,10,,0,2,0,13,A01
202100042772,2,10,,0,2,8,1,B01
202100042772,1,2,,0,2,3,1,A01
202100042773,1,7,,0,0,0,12,A01
202100042774,1,33,,0,2,1,2,B01
202100042774,1,7,,0,2,2,15,A01
202100042775,1,2,,0,0,0,1,A01
202100042776,1,2,,12,0,1,1,A01
202100042777,2,33,,0,1,7,17,A01
202100042778,1,7,,0,2,3,1,B01
202100042778,2,7,,0,2,3,13,A01
202100042779,1,33,,0,2,8,10,A01
202100042779,1,33,,0,2,1,1,B01
202100042780,1,33,,12,0,7,1,A01
202100042781,2,36,,13,0,2,1,A01
202100042782,2,33,,15,0,9,1,A01
202100042783,0,1,,0,2,1,9,B01
202100042783,3,7,,0,9,3,1,A01
202100042784,0,7,,13,0,1,1,A01
202100042785,2,33,,6,0,1,14,A01
202100042786,1,30,,8,0,1,10,A01
202100042787,1,33,,13,0,1,1,A01
202100042788,3,33,,2,0,1,0,A01
202100042789,3,31,,0,0,0,17,A01
202100042790,3,33,,0,0,0,0,A01
202100042791,2,7,,0,2,2,17,A01
202100042791,2,1,,0,0,4,1,B01
202100042792,1,7,,9,0,1,12,A01
202100042793,2,7,,6,0,1,1,A01
202100042794,1,7,,0,2,1,19,B01
202100042794,1,7,,0,2,1,1,A01
202100042795,2,7,,0,0,1,1,A01
202100042796,2,7,,0,2,1,2,B01
202100042796,2,7,,0,2,4,2,A01
202100042797,2,7,,3,0,1,14,A01
202100042798,2,7,,0,2,1,1,A01
202100042798,2,7,,0,2,4,1,B01
202100042799,1,7,,0,2,1,1,D01
202100042799,1,10,,0,2,4,1,C01
202100042799,1,10,,0,2,4,1,B01
202100042799,1,7,,0,2,4,1,A01
202100042800,2,2,,0,2,4,1,B01
202100042800,2,7,,0,2,1,1,A01
202100042801,2,33,,0,0,7,9,A01
202100042802,3,33,,0,1,7,0,A01
202100042803,1,7,,0,2,3,13,A01
202100042803,2,2,,0,2,1,2,B01
202100042804,1,32,,0,0,8,1,A01
202100042805,1,2,,0,2,1,16,B01
202100042805,1,7,,0,9,8,1,A01
202100042806,1,2,,0,2,1,1,B01
202100042806,1,7,,0,2,7,15,A01
202100042807,3,99,,13,0,1,26,A01
202100042808,3,1,,0,2,1,1,B01
202100042808,3,7,,0,2,2,15,A01
202100042809,2,7,,0,2,3,15,A01
202100042809,1,1,,0,2,3,1,B01
202100042810,1,10,,0,2,5,2,A01
202100042810,1,32,,0,2,7,2,B01
202100042811,3,7,,1,2,1,26,A01
202100042811,3,7,,0,2,8,1,B01
202100042812,2,2,,0,2,1,5,A01
202100042812,1,7,,0,2,3,1,B01
202100042813,1,30,,0,2,1,1,A01
202100042813,3,7,,0,2,2,1,B01
202100042814,1,7,,0,2,4,2,B01
202100042814,1,43,,0,2,1,2,A01
202100042815,1,33,,16,2,0,21,A01
202100042816,1,7,,0,1,7,1,A01
202100042817,3,1,,0,1,7,0,A01
202100042818,2,7,,0,2,3,26,A01
202100042818,2,2,,0,2,7,12,B01
202100042819,3,39,,0,1,3,1,A01
202100042820,2,1,,0,0,0,1,A01
202100042821,2,7,,9,1,1,14,Z01
202100042822,1,7,,0,2,8,15,B01
202100042822,1,33,,0,2,1,17,A01
202100042823,1,34,,0,2,7,1,B01
202100042823,3,7,,0,2,3,9,A01
202100042824,0,7,,0,2,1,1,B01
202100042824,0,30,,0,2,1,5,A01
202100042825,0,7,,0,1,3,1,A01
202100042826,3,7,,0,2,3,15,A01
202100042826,1,1,,0,2,1,1,B01
202100042827,1,7,,0,2,5,2,B01
202100042827,1,33,,0,2,1,2,A01
202100042828,0,7,,0,2,2,0,B01
202100042828,0,33,,0,2,1,0,A01
202100042829,0,31,,0,2,6,23,A01
202100042829,0,15,,0,2,1,0,B01
202100042830,0,7,,2,0,1,1,A01
202100042831,0,32,,8,0,2,13,A01
202100042832,3,33,,12,0,1,0,A01
202100042833,2,7,,0,0,2,0,A01
202100042834,1,1,,0,2,3,1,B01
202100042834,1,32,,0,2,2,9,A01
202100042835,2,31,,0,2,1,19,A01
202100042835,1,7,,0,2,3,19,B01
202100042836,1,7,,0,2,3,13,A01
202100042836,2,7,,0,2,3,1,B01
202100042837,2,32,,0,9,1,1,B01
202100042837,2,1,,0,2,8,15,A01
202100042838,1,7,,0,2,3,10,A01
202100042838,1,1,,0,2,3,2,B01
202100042839,1,7,,0,1,1,1,A01
202100042840,1,30,,0,1,1,1,A01
202100042841,2,40,,0,2,1,1,B01
202100042841,1,7,,0,4,5,1,A01
202100042842,2,13,,0,2,1,15,B01
202100042842,1,7,,0,2,3,15,A01
202100042843,2,7,,0,2,8,1,B01
202100042843,1,7,,11,2,3,13,A01
202100042844,1,10,,0,1,7,1,A01
202100042845,1,7,,0,1,3,15,A01
202100042846,2,7,,0,0,0,0,Z01
202100042846,1,50,,0,2,1,1,A01
202100042847,2,30,,0,2,1,1,B01
202100042847,1,7,,0,2,3,15,A01
202100042848,1,7,,1,0,2,14,A01
202100042849,2,7,,0,2,2,15,A01
202100042849,1,1,,0,2,1,1,B01
202100042850,2,1,,0,2,7,1,B01
202100042850,2,7,,0,2,3,9,A01
202100042851,1,1,,0,2,8,1,B01
202100042851,1,7,,0,0,0,0,Z01
202100042852,1,7,,0,2,1,1,A01
202100042852,2,7,,0,2,3,15,B01
202100042853,3,7,,0,9,1,0,A01
202100042853,3,1,,0,2,5,2,B01
202100042854,1,7,,0,2,6,15,A01
202100042854,1,33,,0,2,1,17,B01
202100042855,2,1,,0,2,1,5,B01
202100042855,1,7,,0,2,1,1,A01
202100042856,1,7,,0,2,8,9,A01
202100042856,1,33,,0,2,1,1,B01
202100042857,2,7,,0,0,5,2,B01
202100042857,2,2,,0,2,1,2,A01
202100042858,3,31,,8,0,0,26,A01
202100042859,1,7,,0,1,1,1,A01
202100042860,1,7,,0,2,8,10,A01
202100042860,0,33,,0,2,1,1,B01
202100042861,1,7,,0,2,3,17,B01
202100042861,1,7,,0,2,2,17,A01
202100042862,3,30,,0,0,0,15,A01
202100042863,3,32,,0,2,1,2,B01
202100042863,3,7,,0,2,3,11,A01
202100042864,2,7,,0,2,2,5,Z01
202100042864,1,7,,0,2,0,0,B01
202100042864,1,10,,0,2,0,0,C01
202100042865,2,7,,0,2,4,1,B01
202100042865,2,7,,0,2,1,2,A01
202100042866,0,7,,1,0,9,26,A01
202100042867,1,7,,0,2,3,15,B01
202100042867,1,2,,0,2,7,17,A01
202100042868,1,33,,0,2,4,1,B01
202100042868,1,7,,0,9,2,1,A01
202100042869,3,7,,0,1,1,16,A01
202100042870,2,2,,0,2,3,1,B01
202100042870,1,17,,0,2,3,15,A01
202100042871,1,30,,0,0,1,26,A01
202100042872,1,7,,0,2,0,0,A01
202100042872,1,2,,0,2,0,0,B01
202100042873,1,33,,0,2,1,1,A01
202100042873,2,7,,0,2,3,23,B01
202100042873,2,7,,0,2,6,23,C01
202100042874,3,32,,0,1,1,2,Z01
202100042875,3,31,,0,0,8,1,A01
202100042876,3,33,,0,2,7,1,B01
202100042876,3,7,,0,2,2,9,A01
202100042877,2,7,,0,1,0,1,A01
202100042878,3,37,3.0,0,2,3,1,A01
202100042878,1,7,,0,2,0,1,B01
202100042879,3,50,,0,2,0,19,B01
202100042879,3,7,,0,2,3,1,A01
202100042880,2,7,,0,2,8,24,C01
202100042880,2,10,,0,2,1,1,B01
202100042880,2,7,,1,2,2,13,A01
202100042880,2,10,,0,2,1,24,E01
202100042880,2,10,,0,2,6,24,D01
202100042881,0,7,,1,0,1,24,D01
202100042882,3,7,,0,2,7,1,B01
202100042882,3,30,,0,2,1,5,A01
202100042883,1,21,,0,0,4,9,B01
202100042883,2,7,,0,2,0,9,A01
202100042884,1,7,,0,2,2,1,A01
202100042884,3,7,,0,2,3,16,B01
202100042885,3,7,,0,2,1,1,B01
202100042885,3,7,,0,2,1,1,A01
202100042886,0,33,,0,2,1,1,B01
202100042886,3,7,,0,2,3,15,A01
202100042887,1,7,,0,2,4,15,A01
202100042887,1,7,,0,2,1,2,B01
202100042888,3,7,,15,0,1,16,A01
202100042889,2,7,,0,2,0,1,Z01
202100042889,2,30,,0,2,8,19,B01
202100042890,1,7,,0,2,8,0,B01
202100042890,1,30,,0,2,1,26,A01
202100042891,2,30,,0,9,1,1,A01
202100042892,0,7,,0,2,1,0,Z01
202100042892,0,31,,0,2,3,1,B01
202100042893,0,7,,9,0,1,15,A01
202100042894,2,2,,0,0,0,1,A01
202100042895,3,1,,0,2,8,1,A01
202100042895,3,7,,0,2,2,1,B01
202100042896,1,7,,0,2,2,1,A01
202100042896,1,33,,4,2,7,1,B01
202100042896,1,10,,0,2,6,13,C01
202100042897,2,7,,0,2,8,22,B01
202100042897,2,1,,1,0,1,26,A01
202100042898,1,7,,0,1,3,26,A01
202100042899,2,99,,0,0,0,26,A01
202100042900,1,7,,0,0,0,0,A01
202100042900,1,31,,0,2,1,15,B01
202100042901,2,33,,17,0,1,1,A01
202100042902,1,7,,0,2,8,12,B01
202100042902,1,43,,0,2,3,3,A01
202100042903,2,33,,0,2,1,3,A01
202100042903,2,7,,0,2,7,12,B01
202100042903,2,7,,0,2,5,1,C01
202100042904,1,14,,0,2,6,11,A01
202100042904,1,43,,0,2,2,1,B01
202100042905,2,2,,0,1,1,1,A01
202100042906,3,7,,0,1,1,1,A01
202100042907,2,10,,0,2,8,22,B01
202100042907,2,1,,0,2,1,1,A01
202100042908,2,7,,0,1,1,1,Z01
202100042909,1,50,,0,2,5,19,B01
202100042909,2,31,,0,2,1,1,A01
202100042910,1,30,,0,1,2,1,A01
202100042911,1,7,,0,2,3,1,B01
202100042911,2,30,,0,2,1,13,A01
202100042912,1,30,,0,2,4,24,B01
202100042912,1,32,,0,2,1,1,A01
202100042913,1,33,,0,1,1,1,A01
202100042914,1,1,,0,2,1,1,A01
202100042914,1,7,,0,2,3,22,B01
202100042915,1,1,,0,2,1,2,A01
202100042915,1,7,,0,2,6,23,B01
202100042916,3,14,,0,1,6,16,A01
202100042917,1,7,,0,2,6,16,B01
202100042917,1,30,,0,2,2,1,A01
202100042918,1,30,,7,0,1,13,A01
202100042919,1,7,,1,9,2,26,A01
202100042920,3,1,,0,2,8,0,B01
202100042920,3,7,,0,2,0,1,Z01
202100042921,3,1,,0,9,1,1,B01
202100042921,3,1,,0,2,1,1,A01
202100042922,2,7,,0,2,3,23,A01
202100042922,2,10,,0,2,2,9,B01
202100042923,1,33,,0,2,1,1,B01
202100042923,2,15,,0,2,3,15,A01
202100042923,1,80,,0,2,1,23,C01
202100042924,1,7,,2,2,1,1,B01
202100042924,2,7,,0,2,2,15,A01
202100042925,1,30,,0,9,0,0,B01
202100042925,1,50,,0,2,7,1,A01
202100042926,1,7,,0,1,1,1,A01
202100042927,1,7,,0,2,3,1,A01
202100042927,1,31,,6,0,7,1,B01
202100042928,1,30,,0,2,7,26,B01
202100042928,1,7,,0,2,1,1,A01
202100042929,3,10,,14,0,3,15,A01
202100042930,1,32,,0,2,1,1,B01
202100042930,1,7,,0,2,3,26,A01
202100042931,0,10,,8,0,1,26,A01
202100042932,3,10,,0,1,1,15,A01
202100042933,1,30,,0,2,1,1,B01
202100042933,1,7,,0,2,5,12,A01
202100042934,1,7,,0,2,4,23,A01
202100042934,1,30,,0,2,1,2,B01
202100042935,2,7,,0,2,3,16,A01
202100042935,2,2,,0,2,3,1,B01
202100042936,1,7,,0,2,1,2,B01
202100042936,1,7,,0,2,4,1,A01
202100042937,2,80,,0,2,3,1,A01
202100042937,1,1,,0,2,3,1,B01
202100042938,1,10,,0,2,1,1,A01
202100042938,1,7,,0,2,2,1,B01
202100042939,1,30,,0,2,2,1,B01
202100042939,1,7,,0,2,3,20,A01
202100042940,2,7,,0,1,2,16,A01
202100042941,2,33,,14,0,8,1,A01
202100042942,1,1,,0,2,1,1,A01
202100042942,2,7,,0,9,3,15,B01
202100042943,1,7,,0,2,3,17,A01
202100042943,2,1,,0,0,1,1,B01
202100042944,2,34,,0,2,1,17,A01
202100042944,2,7,,0,2,8,15,B01
202100042945,2,33,,0,2,1,5,A01
202100042945,1,7,,4,2,1,21,B01
202100042946,1,15,,0,0,7,1,B01
202100042946,1,50,,0,2,1,19,A01
202100042947,2,7,,0,1,1,1,A01
202100042948,3,33,,0,2,1,17,A01
202100042948,3,7,,0,2,6,15,B01
202100042949,2,7,,0,2,4,15,B01
202100042949,1,7,,0,2,1,1,C01
202100042949,2,10,,0,2,1,1,A01
202100042950,2,7,,2,0,1,1,A01
202100042951,0,33,,13,0,0,1,A01
202100042952,2,7,,0,9,1,1,A01
202100042952,2,1,,0,2,7,1,B01
202100042953,0,43,,0,0,2,15,A01
202100042953,1,33,,0,2,1,1,B01
202100042954,3,21,,0,2,2,1,B01
202100042954,3,2,,0,2,1,5,A01
202100042955,3,7,,0,2,8,19,A01
202100042955,1,7,,0,2,1,1,B01
202100042956,2,33,,0,2,1,13,A01
202100042956,1,7,,0,2,3,1,B01
202100042957,1,7,,15,0,7,1,A01
202100042958,1,2,,13,0,0,14,A01
202100042959,1,30,,0,2,7,17,B01
202100042959,1,20,,0,2,3,11,A01
202100042960,1,7,,0,0,9,1,A01
202100042961,0,21,,0,0,6,15,B01
202100042961,0,2,,0,2,1,17,A01
202100042962,1,7,,2,0,2,1,A01
202100042963,1,2,,0,0,4,0,A01
202100042963,1,7,,0,2,3,2,B01
202100042964,2,1,,0,9,1,0,A01
202100042965,1,33,,0,2,1,13,A01
202100042965,2,7,,0,2,3,1,B01
202100042966,2,7,,0,0,5,23,B01
202100042966,2,2,,0,2,1,1,A01
202100042967,1,7,,0,2,1,1,B01
202100042967,2,7,,0,2,1,15,A01
202100042968,1,2,,0,5,7,21,A01
202100042969,1,7,,13,0,2,0,A01
202100042970,2,7,,0,2,1,1,A01
202100042970,1,7,,0,2,1,5,B01
202100042971,0,7,,0,2,1,1,A01
202100042971,1,7,,0,2,8,1,B01
202100042972,1,33,,0,2,1,1,B01
202100042972,2,7,,0,2,7,15,A01
202100042973,2,33,,0,0,9,15,A01
202100042974,1,7,,3,0,1,13,A01
202100042975,2,7,,4,0,3,13,A01
202100042976,2,7,,0,2,1,17,A01
202100042976,1,1,,0,2,1,1,B01
202100042976,1,1,,0,2,0,1,C01
202100042977,2,7,,0,2,1,1,A01
202100042977,1,33,,0,2,1,1,B01
202100042977,1,10,,0,2,3,1,C01
202100042978,2,34,,0,0,9,0,A01
202100042979,3,7,,0,1,1,17,A01
202100042980,1,30,,0,2,7,17,B01
202100042980,1,3,,0,2,8,15,A01
202100042981,3,1,,0,2,2,0,B01
202100042981,3,13,,0,2,6,0,A01
202100042982,1,7,,0,1,1,16,A01
202100042983,1,7,,0,0,4,15,A01
202100042983,1,10,,0,2,3,17,B01
202100042984,2,7,,6,0,7,13,A01
202100042985,3,7,,0,2,7,19,A01
202100042985,2,7,,8,2,1,1,B01
202100042986,2,1,,0,0,0,1,A01
202100042987,1,1,,0,2,1,1,B01
202100042987,2,7,,0,2,3,15,A01
202100042988,3,7,,0,2,3,1,A01
202100042988,3,10,,0,2,3,1,B01
202100042989,1,7,,6,0,1,16,A01
202100042990,2,21,,13,0,3,0,A01
202100042991,2,10,,0,2,0,2,E01
202100042991,2,7,,0,2,1,2,D01
202100042991,2,7,,0,2,1,2,C01
202100042991,2,7,,0,2,1,1,B01
202100042991,2,7,,0,2,4,26,A01
202100042992,1,7,,3,0,2,1,A01
202100042993,1,31,,0,2,1,1,A01
202100042994,2,7,,0,0,9,26,A01
202100042995,1,7,,0,2,2,16,B01
202100042995,1,31,,0,2,1,7,A01
202100042996,2,7,,0,2,1,2,Z01
202100042996,2,7,,0,2,4,2,B01
202100042997,3,30,,0,0,8,1,A01
202100042998,2,7,,0,2,0,15,Z01
202100042998,1,30,,0,2,1,1,A01
202100042999,1,7,,0,2,1,1,A01
202100042999,1,7,,0,2,4,1,B01
202100043000,3,30,,0,2,1,1,B01
202100043000,3,7,,0,2,7,15,A01
202100043001,2,7,,0,1,3,19,A01
202100043002,1,31,,12,2,8,21,B01
202100043002,2,7,,0,2,8,9,A01
202100043003,1,7,,0,2,1,1,B01
202100043003,2,7,,0,2,2,15,A01