Num_Acc,senc,catv,occutc,obs,obsm,choc,manv,num_veh
202100043004,2,7,,0,1,1,1,A01
202100043005,1,7,,0,2,1,1,A01
202100043005,1,7,,0,2,5,1,B01
202100043006,2,7,,0,2,6,15,A01
202100043006,1,33,,0,2,1,1,B01
202100043007,0,7,,0,2,1,1,B01
202100043007,0,50,,0,2,4,19,A01
202100043008,3,7,,0,2,2,9,A01
202100043008,3,1,,0,0,0,0,B01
202100043009,3,7,,0,2,4,1,B01
202100043009,3,10,,0,2,1,0,A01
202100043010,2,10,,0,2,1,1,A01
202100043010,2,7,,0,2,4,1,B01
202100043011,2,10,,0,0,7,14,A01
202100043012,2,7,,8,4,8,1,A01
202100043012,1,40,,0,2,1,1,B01
202100043013,1,7,,0,1,1,15,A01
202100043014,2,32,,14,2,9,1,A01
202100043015,1,7,,8,0,1,16,A01
202100043016,1,7,,1,0,1,1,A01
202100043017,1,30,,8,0,1,14,A01
202100043018,0,2,,0,2,7,26,B01
202100043018,0,7,,0,2,8,26,A01
202100043019,1,30,,0,2,1,0,A01
202100043019,1,7,,0,2,2,1,B01
202100043020,3,7,,0,2,1,1,A01
202100043020,3,7,,0,2,2,1,B01
202100043021,2,33,,15,0,1,13,A01
202100043022,1,7,,0,2,3,1,A01
202100043022,1,2,,0,2,1,1,B01
202100043023,1,7,,0,1,7,1,A01
202100043024,3,7,,6,0,2,16,A01
202100043025,3,7,,0,2,3,26,A01
202100043025,3,1,,0,2,8,19,B01
202100043026,2,1,,0,2,1,1,A01
202100043026,0,7,,0,2,3,16,B01
202100043027,1,7,,0,2,0,1,A01
202100043027,1,7,,0,2,3,0,B01
202100043028,1,7,,0,1,4,4,A01
202100043029,0,7,,0,2,3,1,B01
202100043029,1,7,,0,2,1,1,A01
202100043030,3,7,,0,2,4,1,A01
202100043030,3,7,,0,2,1,2,B01
202100043031,1,32,,0,2,1,1,B01
202100043031,2,7,,0,2,1,15,A01
202100043032,2,7,,0,1,3,1,A01
202100043033,3,50,,0,2,7,19,B01
202100043033,1,7,,0,2,2,1,A01
202100043034,2,7,,0,2,1,9,A01
202100043034,2,7,,0,2,4,2,C01
202100043034,2,7,,0,2,4,2,B01
202100043035,1,30,,0,2,1,1,A01
202100043035,1,7,,0,2,6,15,Z01
202100043036,3,30,,0,0,2,16,A01
202100043037,2,7,,0,2,1,19,A01
202100043037,2,7,,0,2,7,1,B01
202100043037,1,7,,0,2,1,1,C01
202100043038,3,7,,8,0,3,13,B01
202100043039,2,7,,0,2,1,1,C01
202100043039,1,33,,0,2,1,1,B01
202100043039,2,7,,0,2,0,9,A01
202100043040,1,2,,0,0,7,1,A01
202100043041,3,33,,10,0,1,15,A01
202100043042,1,10,,0,2,1,1,B01
202100043042,1,7,,0,2,4,23,A01
202100043043,1,7,,0,1,1,9,A01
202100043044,3,7,,0,2,1,2,B01
202100043044,3,7,,0,2,2,1,A01
202100043045,1,7,,0,2,8,15,A01
202100043045,1,7,,0,2,1,1,B01
202100043046,1,7,,0,2,2,1,B01
202100043046,1,1,,0,2,1,1,A01
202100043047,1,7,,8,0,1,26,A01
202100043048,1,32,,0,2,1,21,B01
202100043048,1,3,,0,2,8,15,A01
202100043049,3,33,,0,9,8,1,A01
202100043049,3,13,,0,2,6,16,B01
202100043050,3,7,,1,0,4,26,C01
202100043050,3,43,,0,2,1,1,B01
202100043050,3,7,,0,2,3,11,A01
202100043051,1,10,,0,0,0,0,B01
202100043051,1,33,,3,0,1,17,A01
202100043052,2,33,,0,2,1,2,A01
202100043052,2,10,,0,2,4,2,B01
202100043053,3,7,,12,1,2,1,A01
202100043054,1,80,,0,2,4,23,B01
202100043054,1,7,,0,2,4,2,A01
202100043055,2,1,,0,1,1,21,A01
202100043056,2,7,,0,2,2,2,Z01
202100043056,2,2,,0,2,4,2,A01
202100043057,2,33,,0,1,1,1,A01
202100043058,1,7,,0,2,1,10,A01
202100043058,1,37,2.0,0,2,3,7,B01
202100043059,2,7,,0,1,7,16,A01
202100043060,1,7,,0,2,6,11,A01
202100043060,1,37,1.0,0,2,2,1,B01
202100043061,1,32,,0,2,2,1,A01
202100043061,1,7,,0,2,8,11,Z01
202100043062,1,1,,0,1,8,1,A01
202100043063,2,1,,0,2,0,21,A01
202100043063,2,10,,0,2,0,14,B01
202100043064,2,1,,1,2,8,17,A01
202100043064,2,7,,0,0,0,24,B01
202100043065,1,1,,0,2,5,1,B01
202100043065,2,7,,0,2,3,9,A01
202100043066,1,30,,0,2,1,17,A01
202100043066,1,7,,0,2,3,15,B01
202100043067,1,7,,0,2,2,19,A01
202100043067,2,33,,0,2,3,1,B01
202100043068,1,30,,0,1,1,1,A01
202100043069,2,7,,0,2,1,9,A01
202100043069,3,7,,0,2,1,1,B01
202100043070,1,7,,0,2,2,15,A01
202100043070,1,31,,0,2,1,1,B01
202100043071,-1,10,,0,2,3,11,C01
202100043071,-1,33,,0,2,2,2,B01
202100043071,-1,10,,0,2,6,23,A01
202100043072,1,7,,0,2,1,15,A01
202100043072,1,32,,0,2,2,3,B01
202100043073,1,2,,0,2,8,26,B01
202100043073,1,7,,0,2,2,11,A01
202100043074,2,7,,0,1,3,1,A01
202100043075,2,7,,0,1,1,1,A01
202100043076,1,10,,0,2,7,1,A01
202100043076,1,1,,0,2,8,1,B01
202100043077,0,33,,0,2,8,1,B01
202100043077,1,7,,0,2,2,1,A01
202100043078,1,10,,0,2,5,0,A01
202100043078,1,32,,0,2,1,0,B01
202100043079,1,60,,0,2,1,15,B01
202100043079,1,7,,0,2,7,1,A01
202100043080,3,7,,10,0,0,1,A01
202100043081,3,33,,6,0,1,0,A01
202100043082,1,10,,0,1,1,1,A01
202100043083,1,7,,0,1,1,9,A01
202100043084,1,17,,6,0,8,24,B01
202100043084,1,17,,1,9,2,0,A01
202100043085,3,7,,0,2,6,19,B01
202100043085,1,7,,0,2,1,1,A01
202100043086,2,32,,0,0,0,1,A01
202100043087,2,1,,0,2,2,1,A01
202100043087,1,10,,0,0,3,9,B01
202100043088,1,33,,0,2,1,1,B01
202100043088,1,7,,0,0,4,1,A01
202100043089,1,7,,0,2,8,15,A01
202100043089,2,2,,0,2,1,15,B01
202100043090,1,1,,0,2,1,1,A01
202100043090,1,1,,0,2,4,1,B01
202100043091,1,7,,0,0,4,15,B01
202100043091,1,1,,14,0,1,1,A01
202100043092,2,7,,0,0,1,2,B01
202100043092,2,7,,0,0,4,2,A01
202100043093,2,2,,0,0,0,1,A01
202100043094,1,7,,14,0,1,13,A01
202100043095,2,33,,0,2,1,1,B01
202100043095,1,7,,0,2,1,15,A01
202100043096,2,7,,0,1,3,1,A01
202100043097,2,33,,16,0,0,1,A01
202100043098,1,1,,0,2,1,1,B01
202100043098,2,7,,0,2,1,15,A01
202100043099,3,7,,0,0,5,19,A01
202100043099,1,33,,0,2,1,1,B01
202100043100,0,2,,0,0,0,1,A01
202100043101,2,10,,3,0,1,13,A01
202100043102,2,7,,13,0,1,1,A01
202100043103,2,13,,3,9,3,0,A01
202100043104,1,7,,0,1,2,1,A01
202100043105,1,7,,0,1,1,2,A01
202100043105,1,7,,0,0,8,2,C01
202100043105,1,7,,0,2,4,2,B01
202100043106,2,1,,0,2,1,1,B01
202100043106,1,7,,0,9,2,1,A01
202100043107,3,1,,0,2,8,1,B01
202100043107,3,7,,0,9,7,17,A01
202100043108,1,7,,0,2,1,1,A01
202100043108,1,7,,0,2,4,15,B01
202100043108,2,7,,0,2,1,1,C01
202100043109,2,7,,0,2,2,1,B01
202100043109,1,33,,0,2,1,13,A01
202100043110,1,1,,0,2,0,1,B01
202100043110,2,1,,0,2,0,1,A01
202100043111,1,7,,0,0,8,15,A01
202100043111,1,34,,0,2,2,21,B01
202100043112,1,21,,0,0,4,1,B01
202100043112,1,7,,0,2,1,1,A01
202100043113,1,1,,0,2,1,1,A01
202100043113,1,7,,0,2,8,15,B01
202100043114,0,2,,0,0,0,1,A01
202100043115,2,7,,0,2,1,15,A01
202100043115,1,7,,0,0,1,1,B01
202100043116,0,33,,0,2,1,16,B01
202100043116,-1,7,,0,0,4,23,A01
202100043117,1,7,,0,0,1,26,A01
202100043118,1,33,,12,0,7,1,A01
202100043119,1,7,,0,2,1,2,Z01
202100043119,1,7,,4,2,6,2,B01
202100043120,2,7,,13,0,1,2,A01
202100043121,2,13,,0,2,8,11,A01
202100043121,2,33,,0,2,7,11,B01
202100043122,1,33,,0,2,1,26,A01
202100043122,1,7,,0,9,4,1,B01
202100043123,1,7,,6,0,2,1,A01
202100043124,3,10,,0,2,3,15,B01
202100043124,3,30,,0,2,1,8,A01
202100043125,1,31,,0,2,2,1,B01
202100043125,1,7,,0,2,3,13,A01
202100043126,3,7,,0,1,1,15,A01
202100043127,1,7,,0,2,0,0,A01
202100043127,1,2,,0,2,1,26,B01
202100043128,3,7,,0,2,7,1,B01
202100043128,3,10,,0,2,1,1,A01
202100043129,1,33,,14,2,1,1,B01
202100043129,1,7,,14,0,4,1,A01
202100043130,1,31,,0,2,6,1,B01
202100043130,1,30,,0,2,7,16,A01
202100043131,1,7,,0,1,1,1,A01
202100043132,2,1,,0,1,1,1,A01
202100043133,2,80,,0,2,1,1,B01
202100043133,2,7,,0,2,3,26,A01
202100043134,2,7,,0,2,6,1,B01
202100043134,2,30,,0,2,1,21,A01
202100043135,3,7,,0,1,7,26,A01
202100043136,1,7,,0,2,8,9,A01
202100043136,1,7,,0,2,3,1,B01
202100043137,1,7,,0,1,1,1,A01
202100043138,2,7,,9,0,3,19,B01
202100043138,1,10,,0,2,2,19,A01
202100043139,1,7,,0,2,4,2,B01
202100043139,1,7,,0,2,1,2,A01
202100043140,1,7,,0,1,1,16,A01
202100043141,0,13,,0,1,1,1,A01
202100043142,0,7,,0,1,1,1,A01
202100043143,3,7,,0,1,2,26,A01
202100043144,1,10,,0,2,8,2,B01
202100043144,1,30,,0,2,1,2,A01
202100043145,1,10,,0,2,2,1,B01
202100043145,1,7,,0,2,3,15,A01
202100043146,1,7,,0,2,4,1,Z01
202100043146,1,7,,0,2,1,1,A01
202100043147,1,2,,0,2,1,3,A01
202100043147,1,1,,0,2,3,1,B01
202100043148,1,7,,2,2,1,9,B01
202100043148,3,1,,0,2,1,5,A01
202100043149,2,2,,0,2,7,1,B01
202100043149,1,7,,0,2,8,13,A01
202100043150,2,7,,0,9,1,13,A01
202100043150,1,1,,0,2,8,2,B01
202100043151,3,7,,0,2,8,1,B01
202100043151,0,7,,0,2,9,3,A01
202100043151,3,10,,0,2,3,1,C01
202100043152,1,7,,0,0,4,24,B01
202100043152,3,7,,1,0,1,17,A01
202100043153,1,7,,0,2,7,15,B01
202100043153,2,34,,0,2,2,1,A01
202100043154,3,10,,0,2,8,26,D01
202100043154,3,7,,0,2,4,0,C01
202100043154,3,7,,3,2,1,17,A01
202100043154,3,7,,0,2,9,26,B01
202100043155,2,1,,16,0,0,1,A01
202100043156,1,7,,16,0,2,1,A01
202100043157,1,7,,0,2,1,1,A01
202100043157,1,1,,0,2,8,19,B01
202100043158,1,7,,0,2,3,18,A01
202100043158,0,7,,0,2,3,1,B01
202100043159,2,7,,0,2,3,0,B01
202100043159,1,7,,0,2,3,1,A01
202100043160,2,7,,0,1,7,1,Z01
202100043161,1,7,,0,2,2,1,A01
202100043161,1,30,,0,2,4,0,B01
202100043162,1,30,,0,2,2,0,B01
202100043162,2,7,,0,2,8,0,A01
202100043163,1,7,,0,0,4,23,B01
202100043163,1,1,,0,2,1,2,A01
202100043164,1,34,,0,2,7,17,A01
202100043164,1,7,,0,2,3,1,B01
202100043165,1,7,,0,2,3,0,C01
202100043165,2,7,,0,2,2,0,A01
202100043165,1,7,,0,2,7,15,B01
202100043166,3,7,,0,2,7,1,B01
202100043166,3,7,,0,2,3,17,A01
202100043167,1,30,,0,2,1,1,A01
202100043167,1,7,,0,2,3,1,B01
202100043168,3,7,,0,2,5,15,B01
202100043168,3,34,,0,2,1,1,M01
202100043169,2,33,,0,2,1,23,A01
202100043169,2,10,,0,2,4,4,B01
202100043170,1,30,,0,2,2,1,A01
202100043170,0,7,,0,2,1,16,B01
202100043171,1,7,,0,2,2,15,A01
202100043171,2,31,,0,2,1,1,B01
202100043172,1,7,,0,4,1,9,A01
202100043172,1,7,,0,2,6,23,C01
202100043172,1,40,,0,2,1,1,B01
202100043173,1,1,,0,2,1,1,B01
202100043173,1,7,,0,9,3,1,A01
202100043174,1,33,,0,2,2,1,A01
202100043174,1,10,,0,2,3,1,B01
202100043175,1,7,,0,2,1,1,A01
202100043175,1,7,,0,2,4,1,C01
202100043175,1,10,,0,2,4,1,B01
202100043176,1,50,,0,2,1,25,A01
202100043176,3,7,,0,2,2,1,B01
202100043177,1,7,,0,1,5,16,A01
202100043177,1,7,,0,2,3,14,B01
202100043178,1,7,,14,0,4,2,A01
202100043178,2,7,,0,2,8,5,C01
202100043178,1,33,,0,0,4,2,B01
202100043179,2,7,,0,2,3,15,A01
202100043179,1,33,,0,2,1,2,B01
202100043180,0,99,,0,1,0,26,Z01
202100043181,2,0,,0,0,-1,1,Y01
202100043181,2,7,,0,1,2,1,A01
202100043182,1,7,,0,2,3,0,B01
202100043182,1,31,,1,2,7,17,A01
202100043183,1,30,,0,2,1,9,A01
202100043183,1,7,,0,2,3,1,Z01
202100043184,1,7,,0,1,4,4,A01
202100043185,1,33,,0,2,0,21,A01
202100043185,1,7,,0,0,0,3,B01
202100043186,2,7,,0,2,2,15,B01
202100043186,1,31,,0,2,1,1,A01
202100043187,3,7,,0,2,1,0,A01
202100043187,3,7,,0,2,2,1,B01
202100043188,3,7,,0,2,8,1,B01
202100043188,3,7,,0,2,7,17,A01
202100043189,3,7,,0,1,1,15,A01
202100043190,3,7,,0,2,2,13,A01
202100043190,0,1,,0,2,6,1,B01
202100043191,1,7,,0,2,5,23,B01
202100043191,1,43,,0,2,3,2,A01
202100043192,1,7,,0,2,2,1,A01
202100043192,1,32,,0,2,2,15,B01
202100043193,1,31,,0,2,3,17,A01
202100043193,1,10,,0,2,3,1,B01
202100043194,2,50,,1,0,6,13,A01
202100043195,2,7,,0,2,8,22,B01
202100043195,2,30,,0,2,7,7,A01
202100043196,1,7,,0,2,3,15,A01
202100043196,2,32,,0,2,8,1,B01
202100043197,1,32,,0,2,1,18,A01
202100043197,1,7,,0,2,3,16,B01
202100043198,3,7,,0,2,1,2,Z01
202100043198,1,7,,0,2,5,23,B01
202100043199,1,14,,0,2,5,15,B01
202100043199,1,37,1.0,0,2,8,7,A01
202100043200,2,1,,0,2,3,10,A01
202100043200,2,33,,0,2,1,1,B01
202100043201,2,1,,0,2,3,1,B01
202100043201,1,33,,0,2,1,10,A01
202100043202,1,2,,0,0,0,18,A01
202100043203,1,7,,0,2,3,9,A01
202100043203,2,1,,0,2,1,1,B01
202100043204,2,7,,0,2,2,1,A01
202100043204,2,33,,0,2,1,1,B01
202100043205,2,1,,0,1,1,1,A01
202100043206,3,7,,0,2,7,1,A01
202100043206,3,32,,0,2,1,1,B01
202100043206,3,7,,0,2,9,1,C01
202100043207,1,7,,0,2,2,15,A01
202100043207,2,31,,0,2,1,1,B01
202100043208,1,7,,0,2,5,16,A01
202100043208,1,33,,0,2,1,14,B01
202100043209,0,31,,0,2,0,0,A01
202100043209,0,32,,0,2,1,0,B01
202100043210,1,99,,0,2,1,2,B01
202100043210,2,7,,0,2,0,17,A01
202100043211,-1,7,,0,2,1,9,A01
202100043211,-1,7,,0,2,7,1,B01
202100043212,1,7,,0,1,1,1,A01
202100043213,1,1,,0,2,1,5,A01
202100043213,1,7,,0,2,3,15,B01
202100043214,1,7,,0,2,4,1,B01
202100043214,1,7,,0,2,1,2,A01
202100043215,3,10,,0,2,7,15,A01
202100043215,3,7,,0,2,2,1,B01
202100043216,1,7,,0,2,2,12,B01
202100043216,1,32,,0,2,3,1,A01
202100043217,3,50,,0,2,1,26,A01
202100043217,3,7,,0,2,7,16,B01
202100043218,3,1,,0,2,7,1,B01
202100043218,3,10,,0,2,2,16,A01
202100043219,2,7,,0,2,5,2,C01
202100043219,2,32,,0,2,6,1,B01
202100043219,1,7,,0,2,3,15,A01
202100043220,1,7,,0,2,3,15,A01
202100043220,1,1,,0,2,1,1,B01
202100043221,1,7,,1,2,2,16,A01
202100043221,1,31,,1,2,1,1,B01
202100043222,1,7,,0,2,2,20,B01
202100043222,2,33,,0,2,1,1,A01
202100043223,1,7,,2,0,1,1,A01
202100043224,1,33,,0,2,1,3,A01
202100043224,1,7,,0,2,6,1,B01
202100043225,3,1,,0,2,7,12,A01
202100043225,0,10,,0,2,8,1,B01
202100043226,3,43,,0,2,8,23,A01
202100043226,3,7,,0,2,2,16,B01
202100043227,2,7,,15,0,2,14,A01
202100043228,2,7,,0,2,1,5,A01
202100043228,2,7,,0,2,1,1,B01
202100043229,1,36,,13,0,2,1,A01
202100043230,2,15,,4,2,3,1,A01
202100043230,1,10,,0,2,1,13,B01
202100043231,1,7,,0,2,1,12,A01
202100043231,1,13,,0,0,5,1,B01
202100043232,1,7,,0,2,2,17,A01
202100043232,1,99,,0,0,6,1,B01
202100043233,1,7,,0,2,1,2,A01
202100043233,1,1,,0,0,4,2,B01
202100043234,1,33,,13,0,1,1,A01
202100043235,3,21,,0,0,0,14,A01
202100043236,1,2,,11,0,1,1,A01
202100043237,1,10,,0,2,1,13,A01
202100043237,2,7,,0,2,1,15,B01
202100043238,1,7,,0,1,0,15,A01
202100043239,2,2,,0,2,1,15,B01
202100043239,2,7,,0,2,1,1,A01
202100043240,2,7,,0,0,9,21,A01
202100043241,2,7,,5,2,3,13,B01
202100043241,1,13,,0,2,3,1,A01
202100043242,0,2,,16,0,8,0,A01
202100043243,1,7,,13,0,2,21,A01
202100043244,3,80,,0,2,1,13,A01
202100043244,3,2,,0,2,1,1,B01
202100043245,3,7,,2,0,0,0,A01
202100043246,1,7,,0,2,1,15,A01
202100043246,2,7,,0,2,3,1,B01
202100043247,1,10,,0,2,2,1,B01
202100043247,0,1,,0,2,1,9,A01
202100043248,1,7,,0,2,1,15,A01
202100043248,2,7,,6,2,1,1,B01
202100043248,1,7,,0,2,3,1,C01
202100043249,0,2,,0,0,2,0,A01
202100043249,0,7,,0,0,2,0,B01
202100043250,1,7,,13,0,2,1,A01
202100043251,3,2,,0,2,1,1,A01
202100043251,3,7,,0,2,8,1,B01
202100043252,1,1,,0,0,1,3,A01
202100043253,0,7,,0,2,3,2,C01
202100043253,1,7,,0,2,1,1,B01
202100043253,3,7,,0,2,3,19,A01
202100043254,1,33,,0,2,1,21,B01
202100043254,1,7,,0,2,3,19,A01
202100043255,3,1,,0,2,8,15,B01
202100043255,3,7,,0,2,1,1,A01
202100043256,1,1,,16,0,1,13,A01
202100043257,1,14,,0,2,3,1,C01
202100043257,2,15,,0,0,8,1,A01
202100043258,1,31,,0,0,0,0,A01
202100043259,2,7,,0,9,8,1,A01
202100043259,2,1,,0,2,7,1,B01
202100043260,2,33,,0,0,3,1,A01
202100043261,1,1,,0,0,7,1,A01
202100043262,1,31,,0,0,1,1,A01
202100043263,3,7,,6,0,2,1,A01
202100043264,2,3,,0,0,7,0,A01
202100043265,1,7,,0,2,4,1,B01
202100043265,1,7,,0,2,1,1,A01
202100043266,3,2,,0,0,0,1,A01
202100043267,1,7,,0,2,2,1,B01
202100043267,1,33,,0,2,4,26,A01
202100043268,2,7,,0,1,1,1,A01
202100043269,2,7,,0,0,0,0,A01
202100043270,1,17,,0,2,8,19,B01
202100043270,2,7,,0,2,2,1,A01
202100043271,1,10,,2,0,3,0,A01
202100043272,1,33,,0,6,1,1,A01
202100043273,1,7,,0,2,7,26,A01
202100043273,1,2,,0,2,8,1,B01
202100043274,2,31,,0,2,1,1,B01
202100043274,1,7,,0,2,3,15,A01
202100043275,3,7,,0,0,7,1,A01
202100043275,0,7,,0,2,1,1,B01
202100043276,1,14,,0,2,7,15,A01
202100043276,2,33,,0,2,1,1,B01
202100043277,3,33,,17,0,1,1,A01
202100043278,3,80,,0,0,7,1,A01
202100043279,1,15,,2,0,1,1,A01
202100043280,1,7,,2,0,8,21,A01
202100043281,1,7,,0,2,1,13,A01
202100043281,1,15,,0,2,2,1,B01
202100043282,1,1,,0,9,0,1,A01
202100043282,1,21,,0,9,0,26,B01
202100043283,1,7,,0,2,2,17,B01
202100043283,1,33,,8,0,6,26,A01
202100043284,1,7,,0,0,3,1,D01
202100043284,2,7,,0,2,1,1,C01
202100043284,2,7,,0,0,4,1,A01
202100043284,2,7,,0,2,5,1,B01
202100043285,3,33,,0,2,1,1,A01
202100043285,3,7,,0,2,7,15,B01
202100043286,1,7,,0,0,3,17,A01
202100043286,2,2,,0,0,3,1,B01
202100043287,0,7,,0,2,1,1,B01
202100043287,0,7,,8,2,1,13,A01
202100043288,1,31,,0,2,1,2,A01
202100043288,1,21,,0,2,4,2,B01
202100043289,2,7,,0,9,2,1,A01
202100043289,3,1,,0,2,1,1,B01
202100043290,2,43,,4,0,7,1,A01
202100043291,1,7,,0,5,1,19,A01
202100043292,2,10,,3,2,3,2,C01
202100043292,2,7,,3,2,3,19,B01
202100043292,2,7,,3,2,5,1,A01
202100043293,1,7,,0,-1,1,1,A01
202100043294,1,33,,0,1,1,17,A01
202100043295,2,33,,0,2,1,1,B01
202100043295,2,7,,0,2,6,15,A01
202100043296,0,34,,0,0,0,13,A01
202100043297,3,7,,0,2,2,1,A01
202100043297,3,1,,0,2,4,0,B01
202100043298,1,1,,0,2,8,15,B01
202100043298,2,7,,0,2,1,1,A01
202100043299,1,7,,0,2,1,2,A01
202100043299,1,7,,0,2,4,2,C01
202100043299,1,7,,0,2,4,2,B01
202100043300,2,7,,0,2,2,2,B01
202100043300,2,30,,0,2,0,9,A01
202100043301,1,2,,0,2,2,2,A01
202100043301,1,7,,0,2,3,15,B01
202100043302,1,7,,0,2,6,15,B01
202100043302,1,43,,0,2,1,1,A01
202100043303,2,7,,14,0,2,17,A01
202100043304,1,7,,4,2,1,11,B01
202100043304,1,10,,4,2,5,1,A01
202100043305,2,7,,14,2,1,19,A01
202100043305,3,7,,0,2,3,9,B01
202100043306,2,1,,0,0,8,1,A01
202100043307,1,33,,1,0,4,9,A01
202100043308,3,33,,0,2,3,2,A01
202100043308,3,33,,0,2,5,2,B01
202100043309,1,7,,0,1,3,1,A01
202100043310,0,7,,0,1,1,15,A01
202100043311,0,7,,0,2,3,15,B01
202100043311,0,32,,0,2,1,17,A01
202100043312,3,99,,0,1,1,1,A01
202100043313,3,7,,0,2,7,9,A01
202100043313,3,34,,0,2,1,1,B01
202100043314,1,7,,0,2,4,1,B01
202100043314,1,7,,8,2,1,2,A01
202100043315,0,1,,0,2,8,1,A01
202100043315,0,7,,0,2,1,9,B01
202100043316,1,50,,0,2,7,1,A01
202100043316,2,10,,0,2,1,1,B01
202100043317,1,7,,0,1,2,1,A01
202100043318,3,7,,0,1,0,0,Z01
202100043319,1,7,,0,2,3,10,A01
202100043319,2,2,,0,2,1,2,B01
202100043320,1,7,,0,2,3,1,B01
202100043320,1,7,,0,2,2,1,A01
202100043321,1,7,,0,2,1,1,B01
202100043321,1,7,,0,9,8,10,A01
202100043322,1,50,,0,2,4,1,B01
202100043322,2,7,,0,9,1,9,A01
202100043323,1,3,,16,0,1,26,A01
202100043324,1,7,,0,9,3,15,A01
202100043324,2,1,,14,0,0,0,B01
202100043325,2,10,,0,2,1,15,A01
202100043325,2,33,,0,2,1,1,B01
202100043326,1,0,,1,0,1,14,A01
202100043327,1,1,,0,2,8,16,B01
202100043327,2,1,,0,2,8,15,A01
202100043328,1,1,,14,0,0,1,A01
202100043329,0,10,,0,2,5,15,A01
202100043329,0,33,,0,2,1,2,B01
202100043330,1,7,,0,2,7,1,B01
202100043330,1,2,,0,2,1,19,A01
202100043331,3,1,,0,1,0,1,A01
202100043332,2,40,,0,2,3,1,A01
202100043332,1,60,,0,4,2,0,B01
202100043333,1,32,,0,1,1,1,A01
202100043334,1,1,,0,0,4,1,B01
202100043334,1,7,,0,2,2,1,A01
202100043335,1,7,,8,0,3,13,A01
202100043336,1,7,,6,0,1,1,A01
202100043337,1,7,,0,2,3,15,A01
202100043337,2,43,,0,2,1,1,B01
202100043338,0,7,,0,2,1,1,B01
202100043338,0,7,,0,2,1,13,A01
202100043339,1,34,,0,2,3,18,A01
202100043339,1,14,,0,2,2,1,B01
202100043340,1,7,,9,2,2,15,A01
202100043340,2,7,,0,2,2,1,B01
202100043341,1,1,,0,2,1,1,B01
202100043341,1,7,,0,2,1,9,A01
202100043342,0,3,,0,2,1,16,A01
202100043342,0,1,,0,2,1,13,B01
202100043343,3,31,,0,2,1,1,B01
202100043343,3,7,,0,2,3,15,A01
202100043344,1,10,,0,2,3,11,A01
202100043344,1,31,,0,2,7,1,B01
202100043345,1,7,,0,2,2,12,A01
202100043345,1,7,,0,2,6,1,B01
202100043346,1,7,,0,1,2,7,A01
202100043347,1,2,,0,2,1,1,A01
202100043347,1,37,1.0,0,2,6,23,B01
202100043348,1,34,,0,2,3,1,A01
202100043348,3,50,,0,2,1,19,B01
202100043349,2,10,,0,1,8,15,A01
202100043350,2,7,,1,1,2,1,A01
202100043351,2,7,,0,2,1,15,A01
202100043351,2,1,,0,2,3,1,B01
202100043352,1,80,,0,1,1,1,A01
202100043353,2,43,,1,0,3,18,A01
202100043354,1,7,,0,1,2,19,A01
202100043355,2,1,,0,0,0,0,B01
202100043355,2,10,,0,2,0,9,A01
202100043356,2,1,,0,2,4,1,B01
202100043356,2,30,,0,9,1,9,A01
202100043357,1,2,,0,2,8,1,B01
202100043357,2,7,,0,2,2,19,A01
202100043358,2,7,,0,1,2,2,A01
202100043359,2,2,,0,2,7,15,A01
202100043359,2,7,,0,2,1,1,B01
202100043360,0,10,,0,1,3,21,A01
202100043361,2,10,,0,2,3,1,B01
202100043361,2,7,,0,2,5,1,A01
202100043362,1,3,,0,1,4,4,A01
202100043363,-1,10,,0,1,6,4,A01
202100043363,1,7,,0,1,3,1,B01
202100043364,-1,7,,0,2,1,16,B01
202100043364,1,34,,0,2,1,1,A01
202100043365,1,10,,0,2,8,10,A01
202100043365,1,2,,0,2,1,17,B01
202100043366,1,37,1.0,1,1,1,19,A01
202100043366,1,99,,0,2,0,0,B01
202100043367,2,7,,0,2,7,1,A01
202100043367,2,7,,0,2,1,1,B01
202100043368,3,7,,0,1,4,0,Z01
202100043369,3,7,,0,9,3,26,A01
202100043369,3,1,,1,2,1,1,B01
202100043370,1,32,,0,2,7,15,A01
202100043370,2,7,,0,2,1,1,B01
202100043371,1,30,,0,2,7,9,A01
202100043371,3,34,,0,2,1,1,B01
202100043372,1,32,,0,2,0,0,B01
202100043372,1,30,,0,2,0,13,A01
202100043373,1,1,,0,2,1,1,B01
202100043373,1,7,,0,2,2,16,A01
202100043374,2,7,,0,2,1,15,B01
202100043374,1,32,,0,2,1,1,A01
202100043375,2,1,,0,2,1,1,B01
202100043375,3,7,,2,2,3,16,A01
202100043376,1,14,,0,2,2,16,A01
202100043376,1,2,,0,2,3,1,B01
202100043377,1,2,,0,2,1,1,B01
202100043377,3,7,,0,2,3,26,A01
202100043378,3,14,,0,1,4,4,A01
202100043379,1,7,,0,2,2,1,A01
202100043379,2,60,,0,2,8,19,B01
202100043380,1,32,,0,0,8,17,A01
202100043381,3,1,,6,0,1,1,A01
202100043382,1,7,,0,2,6,15,A01
202100043382,1,7,,0,2,2,17,B01
202100043383,2,7,,0,2,2,1,B01
202100043383,1,2,,0,2,1,1,A01
202100043384,1,7,,0,2,4,23,B01
202100043384,1,7,,0,2,1,1,A01
202100043385,2,2,,15,0,1,21,A01
202100043386,3,21,,0,1,2,1,A01
202100043387,1,33,,5,0,7,1,A01
202100043388,2,7,,0,2,3,1,B01