Num_Acc,senc,catv,occutc,obs,obsm,choc,manv,num_veh
202100043388,1,7,,0,2,3,1,A01
202100043389,0,7,,0,2,6,15,A01
202100043389,0,36,,0,2,1,1,B01
202100043390,0,7,,0,2,1,2,B01
202100043390,0,15,,0,2,7,2,A01
202100043391,1,2,,9,0,1,17,A01
202100043391,1,7,,0,0,0,15,B01
202100043392,0,7,,13,0,1,1,A01
202100043393,1,7,,4,0,3,17,A01
202100043394,2,33,,3,0,1,2,A01
202100043395,1,7,,13,0,2,1,A01
202100043396,1,7,,0,2,5,1,A01
202100043396,1,7,,0,2,3,11,B01
202100043397,1,7,,0,2,4,1,C01
202100043397,1,7,,0,2,3,12,B01
202100043397,1,7,,0,2,1,0,A01
202100043398,1,7,,4,0,3,21,A01
202100043399,1,7,,15,1,1,14,A01
202100043400,1,7,,0,2,4,23,A01
202100043400,1,7,,0,2,1,2,C01
202100043400,1,7,,0,2,4,2,B01
202100043401,2,7,,0,2,4,23,A01
202100043401,2,7,,0,2,4,23,B01
202100043401,2,7,,0,2,1,2,C01
202100043402,2,7,,14,0,0,0,C01
202100043402,2,10,,0,2,4,24,B01
202100043402,2,31,,1,0,7,1,A01
202100043403,1,10,,0,2,6,2,C01
202100043403,1,7,,0,0,0,0,B01
202100043403,1,7,,0,2,2,21,A01
202100043404,2,7,,0,2,4,1,B01
202100043404,2,43,,0,2,1,1,A01
202100043405,1,7,,0,1,2,1,A01
202100043406,1,33,,0,1,1,1,A01
202100043407,1,32,,4,0,7,1,A01
202100043408,1,30,,0,1,1,17,A01
202100043409,1,7,,6,2,1,17,A01
202100043409,2,2,,0,2,1,1,B01
202100043410,1,2,,0,0,7,9,A01
202100043411,1,2,,0,2,8,13,A01
202100043411,1,10,,0,2,4,1,B01
202100043412,2,7,,0,2,1,0,C01
202100043412,2,7,,1,2,8,1,B01
202100043412,1,7,,0,2,1,1,A01
202100043413,1,7,,0,0,8,1,A01
202100043414,1,50,,0,2,8,1,B01
202100043414,2,7,,0,2,2,15,A01
202100043415,3,7,,0,2,2,13,A01
202100043415,3,7,,0,0,4,2,C01
202100043415,3,7,,0,2,6,2,B01
202100043416,3,10,,0,2,3,1,B01
202100043416,3,10,,0,2,3,13,A01
202100043417,3,32,,0,0,9,15,A01
202100043418,0,7,,0,1,2,2,A01
202100043419,2,7,,1,2,4,2,B01
202100043419,2,15,,0,2,4,24,C01
202100043419,2,15,,0,2,1,2,A01
202100043420,1,3,,6,0,2,14,A01
202100043421,3,7,,0,1,3,1,A01
202100043422,3,7,,0,9,6,20,A01
202100043422,3,99,,0,2,1,1,B01
202100043423,0,7,,0,5,4,1,C01
202100043423,0,7,,0,2,4,1,B01
202100043423,0,7,,0,2,1,1,A01
202100043424,1,43,,0,2,7,17,B01
202100043424,1,7,,0,2,8,15,A01
202100043425,3,7,,0,1,1,16,A01
202100043426,0,10,,11,0,3,13,A01
202100043427,1,7,,0,2,1,0,A01
202100043427,2,30,,0,2,3,0,B01
202100043428,1,1,,0,2,1,17,A01
202100043428,1,1,,0,2,6,15,B01
202100043429,1,1,,0,1,0,1,Z01
202100043430,1,7,,0,2,1,15,A01
202100043430,1,7,,0,2,2,1,B01
202100043431,2,7,,0,2,3,1,B01
202100043431,2,7,,6,2,1,15,A01
202100043432,2,33,,0,2,1,1,B01
202100043432,1,7,,0,2,2,15,A01
202100043433,3,7,,0,2,2,1,A01
202100043433,1,7,,0,2,1,1,B01
202100043434,2,7,,0,2,2,19,B01
202100043434,1,7,,0,2,1,19,A01
202100043435,1,7,,0,2,1,0,B01
202100043435,1,7,,0,2,1,0,A01
202100043436,2,7,,0,1,2,1,A01
202100043437,0,50,,0,0,0,25,A01
202100043438,1,2,,0,2,0,0,A01
202100043438,1,7,,0,2,0,0,B01
202100043439,1,7,,0,2,4,0,D01
202100043439,1,7,,0,2,1,0,C01
202100043439,1,7,,0,2,1,1,A01
202100043439,1,7,,0,2,1,0,B01
202100043440,1,7,,0,2,0,0,A01
202100043440,1,50,,0,2,5,0,B01
202100043441,2,7,,0,2,6,15,B01
202100043441,2,30,,0,2,1,17,A01
202100043442,1,7,,4,1,3,1,A01
202100043443,3,10,,9,2,7,15,A01
202100043443,1,7,,9,2,1,1,B01
202100043444,1,7,,0,1,3,1,A01
202100043445,1,7,,0,2,2,1,B01
202100043445,1,7,,0,2,3,9,A01
202100043446,3,7,,0,2,0,1,A01
202100043446,3,7,,0,2,0,0,B01
202100043447,2,7,,0,2,1,1,A01
202100043447,1,1,,0,2,0,19,B01
202100043448,2,7,,0,2,1,26,B01
202100043448,1,7,,0,2,1,26,A01
202100043449,2,7,,0,2,1,19,A01
202100043449,2,10,,0,2,7,1,B01
202100043450,3,7,,0,2,3,16,B01
202100043450,3,31,,0,2,1,1,A01
202100043451,0,50,,0,2,7,16,A01
202100043451,0,7,,0,9,2,1,B01
202100043452,0,33,,0,2,1,1,B01
202100043452,0,7,,0,2,3,19,A01
202100043453,1,7,,0,2,3,1,B01
202100043453,1,1,,0,2,8,9,A01
202100043454,2,32,,0,2,9,2,B01
202100043454,2,7,,0,2,3,15,A01
202100043455,2,7,,7,0,2,1,A01
202100043456,1,7,,0,0,1,15,A01
202100043457,2,32,,0,0,0,26,A01
202100043458,1,33,,0,1,3,1,A01
202100043459,2,7,,0,2,4,2,B01
202100043459,2,7,,0,2,1,2,A01
202100043460,2,7,,0,2,2,1,B01
202100043460,1,7,,0,2,3,13,A01
202100043461,1,31,,4,0,1,1,A01
202100043462,3,1,,0,2,1,1,A01
202100043462,3,7,,0,2,4,23,B01
202100043463,2,30,,14,0,1,14,A01
202100043464,1,50,,0,2,7,17,A01
202100043464,1,50,,0,2,0,15,Z01
202100043465,3,7,,0,2,4,2,B01
202100043465,3,7,,0,2,1,2,A01
202100043466,1,7,,0,2,1,1,A01
202100043466,2,30,,0,2,0,1,B01
202100043467,2,31,,0,2,2,17,B01
202100043467,2,10,,0,2,3,13,A01
202100043468,1,7,,0,2,1,15,A01
202100043468,1,7,,0,2,6,1,B01
202100043469,3,2,,0,1,0,25,Z01
202100043470,2,10,,1,0,2,2,A01
202100043471,2,7,,0,2,3,15,A01
202100043471,2,32,,0,2,2,2,B01
202100043472,2,32,,0,2,1,1,B01
202100043472,1,7,,0,2,1,15,A01
202100043473,3,13,,0,2,4,2,B01
202100043473,3,37,1.0,0,2,1,1,A01
202100043474,1,7,,0,2,4,2,A01
202100043474,0,7,,0,2,4,2,B01
202100043475,1,20,,0,2,1,0,A01
202100043475,3,7,,0,2,3,0,B01
202100043476,-1,7,,0,1,3,1,A01
202100043477,2,7,,0,2,3,11,A01
202100043477,2,33,,0,2,1,1,B01
202100043478,1,32,,0,1,1,21,A01
202100043479,2,32,,0,2,3,2,A01
202100043479,0,7,,0,2,2,16,B01
202100043480,2,7,,0,2,2,16,A01
202100043480,2,7,,0,2,3,9,B01
202100043481,1,50,,8,0,1,1,A01
202100043482,2,2,,0,2,1,17,B01
202100043482,2,7,,0,2,6,10,A01
202100043483,1,30,,0,2,1,1,B01
202100043483,1,7,,0,2,3,9,A01
202100043484,1,33,,0,2,8,21,B01
202100043484,2,7,,0,2,8,19,A01
202100043485,2,32,,0,2,1,1,B01
202100043485,1,7,,0,2,3,15,A01
202100043486,2,7,,2,0,1,1,A01
202100043487,1,31,,0,2,1,1,B01
202100043487,1,7,,0,2,6,23,A01
202100043488,1,7,,10,2,1,13,A01
202100043488,1,7,,0,2,1,1,C01
202100043489,3,2,,0,0,0,1,A01
202100043490,2,7,,0,2,3,1,B01
202100043490,1,7,,0,2,3,13,A01
202100043491,2,33,,0,0,6,23,A01
202100043491,2,33,,0,2,2,2,B01
202100043492,2,7,,7,0,8,1,B01
202100043492,2,7,,7,2,1,19,A01
202100043493,1,7,,2,0,1,13,A01
202100043494,1,7,,0,2,3,1,B01
202100043494,2,2,,0,2,1,13,A01
202100043495,3,10,,0,1,5,4,A01
202100043496,1,33,,0,2,1,1,A01
202100043496,1,7,,0,0,6,1,B01
202100043497,1,7,,6,0,3,1,A01
202100043498,2,7,,0,2,2,1,A01
202100043498,2,80,,0,2,4,1,B01
202100043499,0,7,,2,0,9,1,A01
202100043500,3,31,,0,0,0,14,A01
202100043501,1,7,,0,1,1,1,A01
202100043502,1,31,,13,0,3,1,A01
202100043503,3,7,,0,9,5,1,A01
202100043503,3,1,,0,2,1,1,B01
202100043504,1,33,,0,0,0,2,A01
202100043505,1,7,,17,0,7,1,A01
202100043506,3,1,,0,2,0,15,B01
202100043506,0,7,,0,2,2,21,A01
202100043507,2,7,,0,2,3,5,A01
202100043507,1,7,,0,0,3,1,B01
202100043508,1,31,,0,2,1,2,A01
202100043508,1,7,,0,0,5,1,B01
202100043509,1,21,,0,0,0,16,B01
202100043509,2,14,,8,0,7,1,A01
202100043510,1,7,,0,2,3,15,A01
202100043510,3,33,,0,2,3,1,B01
202100043511,2,7,,0,2,1,1,B01
202100043511,1,7,,0,2,1,5,A01
202100043512,1,34,,0,2,1,1,B01
202100043512,1,7,,0,2,7,16,A01
202100043513,1,15,,0,2,1,1,B01
202100043513,2,7,,0,2,1,13,A01
202100043514,3,33,,13,0,1,1,A01
202100043515,2,7,,0,2,1,1,B01
202100043515,2,7,,0,2,8,5,A01
202100043516,2,34,,0,0,0,1,A01
202100043517,2,7,,6,2,3,0,A01
202100043517,1,33,,0,2,8,19,B01
202100043518,1,7,,0,2,1,5,A01
202100043518,2,14,,0,2,3,1,B01
202100043519,1,7,,0,2,2,1,B01
202100043519,3,10,,0,2,3,1,C01
202100043520,0,7,,15,0,7,15,A01
202100043521,3,7,,17,0,2,0,A01
202100043522,2,7,,0,2,6,15,B01
202100043522,2,7,,0,2,3,21,C01
202100043522,1,7,,0,2,3,1,A01
202100043523,1,7,,0,2,0,17,A01
202100043523,1,2,,0,2,3,1,B01
202100043524,1,7,,0,2,1,13,A01
202100043524,2,7,,0,2,1,1,B01
202100043525,3,2,,6,0,3,16,A01
202100043526,1,7,,0,2,1,10,A01
202100043526,2,7,,0,2,7,2,B01
202100043527,1,7,,2,0,9,1,A01
202100043528,2,7,,0,2,3,1,B01
202100043528,1,2,,0,2,3,13,A01
202100043529,2,7,,0,2,1,5,A01
202100043529,1,7,,0,2,1,1,B01
202100043530,2,43,,0,2,3,3,A01
202100043530,1,7,,0,2,7,0,B01
202100043531,1,14,,0,2,2,2,B01
202100043531,1,7,,0,2,3,1,A01
202100043532,1,3,,13,0,0,26,A01
202100043533,1,32,,0,2,8,1,B01
202100043533,2,10,,0,2,1,1,A01
202100043534,3,10,,0,1,4,26,A01
202100043535,1,10,,0,2,1,1,A01
202100043535,1,7,,0,2,7,1,B01
202100043536,1,1,,0,2,4,1,B01
202100043536,1,7,,0,2,2,1,A01
202100043537,-1,7,,4,0,4,2,B01
202100043537,-1,7,,0,2,1,2,A01
202100043538,2,7,,0,2,1,1,B01
202100043538,2,30,,0,2,1,17,A01
202100043539,2,7,,0,2,5,1,B01
202100043539,1,30,,0,2,1,1,A01
202100043540,2,7,,0,2,3,1,B01
202100043540,1,7,,0,2,1,13,A01
202100043541,3,7,,8,1,2,1,A01
202100043542,1,30,,0,2,1,1,A01
202100043542,1,7,,0,2,6,1,B01
202100043543,2,7,,0,1,6,4,A01
202100043544,1,31,,0,2,1,1,B01
202100043544,1,7,,0,2,2,15,A01
202100043545,1,7,,0,2,1,15,B01
202100043545,1,7,,0,2,7,1,A01
202100043546,3,7,,0,2,2,19,A01
202100043546,3,33,,0,2,1,1,B01
202100043547,1,33,,0,2,1,1,B01
202100043547,2,7,,0,2,2,15,A01
202100043548,1,7,,0,2,1,15,A01
202100043548,2,2,,0,2,1,1,B01
202100043549,2,1,,0,2,2,26,B01
202100043549,2,7,,0,2,2,1,Z01
202100043550,1,7,,0,1,3,1,A01
202100043551,1,7,,0,1,8,2,A01
202100043552,1,7,,0,1,1,1,A01
202100043553,1,33,,0,2,1,1,A01
202100043553,2,7,,0,2,1,15,B01
202100043554,3,10,,0,1,3,1,A01
202100043555,3,31,,14,0,1,14,A01
202100043556,2,1,,0,2,1,1,B01
202100043556,2,7,,0,2,2,22,A01
202100043557,3,30,,0,2,8,9,Z01
202100043557,1,1,,0,2,1,1,B01
202100043558,3,30,,0,0,0,1,A01
202100043559,1,7,,0,1,3,1,A01
202100043560,2,31,,0,2,7,1,B01
202100043560,2,7,,0,2,1,9,A01
202100043561,1,7,,0,0,1,1,A01
202100043561,2,7,,0,0,2,1,B01
202100043562,3,33,,0,2,1,1,B01
202100043562,3,7,,0,2,2,15,A01
202100043563,0,7,,0,2,1,16,A01
202100043563,0,32,,0,2,2,1,B01
202100043564,3,32,,0,1,0,26,A01
202100043565,1,7,,0,2,2,16,A01
202100043565,1,2,,0,2,1,1,B01
202100043566,0,30,,0,0,0,1,A01
202100043567,1,7,,0,2,5,12,B01
202100043567,1,43,,0,2,3,26,A01
202100043568,2,33,,0,2,8,15,A01
202100043568,2,7,,0,2,1,15,B01
202100043569,2,7,,1,0,3,13,A01
202100043570,2,7,,1,0,2,14,A01
202100043571,0,33,,0,0,1,14,A01
202100043572,1,10,,0,2,2,21,A01
202100043572,3,1,,0,2,1,19,B01
202100043573,1,34,,13,0,1,14,A01
202100043574,3,10,,0,2,3,1,A01
202100043574,3,7,,0,2,3,13,B01
202100043574,3,7,,0,2,8,1,C01
202100043575,1,7,,0,1,1,1,A01
202100043576,2,7,,0,2,4,2,B01
202100043576,2,32,,0,2,1,1,A01
202100043577,3,1,,0,0,0,1,A01
202100043578,3,7,,0,1,8,26,A01
202100043579,1,2,,0,0,0,0,A01
202100043580,1,33,,0,2,4,15,C01
202100043580,1,33,,0,2,8,15,B01
202100043580,1,7,,0,2,1,17,A01
202100043581,2,21,,0,2,3,1,B01
202100043581,1,33,,0,2,1,13,A01
202100043582,1,7,,0,2,2,13,A01
202100043582,2,7,,0,2,1,1,B01
202100043583,2,7,,0,2,3,1,A01
202100043583,1,7,,0,2,1,1,B01
202100043584,1,7,,0,2,3,0,A01
202100043584,2,1,,0,2,1,13,B01
202100043585,2,7,,0,2,1,2,A01
202100043585,2,10,,0,2,4,2,B01
202100043586,2,36,,13,0,2,1,A01
202100043587,2,50,,1,0,1,0,A01
202100043588,0,10,,7,0,2,15,B01
202100043588,0,7,,7,2,1,1,A01
202100043589,1,31,,0,0,8,1,A01
202100043590,1,7,,2,0,8,1,A01
202100043591,1,32,,3,0,1,1,A01
202100043592,3,1,,0,2,8,19,B01
202100043592,3,10,,0,2,3,1,A01
202100043593,1,7,,8,0,0,1,A01
202100043594,2,7,,0,1,1,1,A01
202100043595,2,7,,2,0,1,1,A01
202100043596,0,2,,0,9,3,1,A01
202100043596,3,1,,0,2,3,1,B01
202100043596,3,1,,0,2,3,1,C01
202100043597,2,7,,1,0,2,1,A01
202100043598,1,7,,8,0,9,2,A01
202100043599,1,7,,0,0,6,23,B01
202100043599,1,2,,0,2,1,1,A01
202100043600,1,1,,0,2,1,1,A01
202100043600,1,1,,0,2,4,2,B01
202100043601,1,33,,0,2,1,1,B01
202100043601,1,7,,0,2,2,2,A01
202100043602,1,7,,0,0,9,1,A01
202100043603,2,7,,4,0,2,1,A01
202100043604,1,7,,0,2,8,13,A01
202100043604,1,7,,0,2,1,2,B01
202100043605,2,7,,4,0,2,26,A01
202100043606,2,7,,0,0,1,13,A01
202100043607,2,7,,4,0,1,26,A01
202100043608,2,7,,4,0,1,14,A01
202100043609,3,7,,8,0,1,9,A01
202100043610,1,7,,0,2,7,19,A01
202100043610,1,33,,14,0,0,0,B01
202100043611,1,2,,0,2,7,1,B01
202100043611,1,7,,0,9,0,9,A01
202100043612,3,31,,0,2,1,1,B01
202100043612,3,7,,0,2,7,19,A01
202100043613,3,7,,0,2,8,10,A01
202100043613,3,33,,0,2,1,2,B01
202100043614,3,7,,0,2,3,9,B01
202100043614,3,7,,0,2,3,9,A01
202100043615,1,7,,0,1,3,1,A01
202100043616,2,10,,0,2,3,11,A01
202100043616,2,7,,0,2,2,26,B01
202100043617,3,33,,0,2,9,17,B01
202100043617,3,7,,0,2,8,1,A01
202100043618,2,1,,0,1,1,1,A01
202100043619,2,7,,0,2,1,15,A01
202100043619,1,7,,0,2,1,1,B01
202100043620,2,7,,6,0,1,14,A01
202100043621,2,7,,0,2,6,1,B01
202100043621,1,7,,0,2,1,1,A01
202100043622,1,10,,0,2,5,15,A01
202100043622,2,33,,0,2,1,1,B01
202100043623,2,7,,0,1,1,1,A01
202100043624,3,7,,0,2,3,9,B01
202100043624,2,7,,0,2,3,23,C01
202100043624,2,31,,0,2,1,17,A01
202100043625,3,2,,0,2,1,26,A01
202100043625,3,7,,0,2,4,2,B01
202100043626,1,7,,0,2,2,1,A01
202100043626,1,33,,0,2,3,15,B01
202100043627,2,37,2.0,0,2,1,1,A01
202100043627,2,1,,0,2,7,15,B01
202100043628,2,7,,0,2,4,1,B01
202100043628,2,3,,0,2,1,2,A01
202100043629,3,33,,0,2,1,1,B01
202100043629,3,7,,0,2,2,15,A01
202100043630,2,10,,0,2,4,2,B01
202100043630,2,7,,0,2,1,2,A01
202100043631,1,7,,0,2,4,1,B01
202100043631,1,7,,0,2,1,2,A01
202100043632,1,7,,0,2,2,1,B01
202100043632,2,2,,0,2,1,5,A01
202100043633,3,2,,0,2,2,14,B01
202100043633,3,7,,0,2,3,0,Z01
202100043634,1,7,,0,2,7,16,A01
202100043634,1,1,,0,2,1,1,B01
202100043635,1,7,,9,0,2,1,A01
202100043636,0,7,,0,2,8,1,B01
202100043636,0,30,,0,2,1,19,A01
202100043637,1,7,,0,2,2,15,A01
202100043637,0,7,,0,0,1,1,B01
202100043638,2,37,2.0,0,2,3,1,B01
202100043638,1,7,,0,2,3,13,A01
202100043639,2,30,,12,0,7,14,A01
202100043640,0,7,,0,2,0,26,A01
202100043640,1,32,,0,2,3,0,B01
202100043641,1,7,,0,2,1,26,A01
202100043641,1,7,,0,0,0,0,B01
202100043642,1,7,,0,2,4,0,B01
202100043642,1,7,,0,2,1,0,A01
202100043643,2,32,,0,2,1,1,A01
202100043643,2,7,,0,2,4,23,B01
202100043644,1,7,,0,2,3,13,A01
202100043644,1,80,,0,2,7,1,B01
202100043645,2,7,,0,2,5,10,A01
202100043645,1,31,,0,2,1,1,B01
202100043646,1,14,,0,2,2,1,A01
202100043646,1,1,,0,2,4,13,B01
202100043647,1,32,,0,2,8,1,A01
202100043647,1,60,,0,2,8,19,B01
202100043648,2,33,,0,1,1,1,A01
202100043649,2,32,,0,2,3,14,B01
202100043649,2,7,,0,2,5,17,A01
202100043650,1,7,,0,2,3,15,A01
202100043650,1,30,,0,2,8,1,B01
202100043651,1,32,,0,2,1,2,A01
202100043651,1,1,,0,2,6,15,B01
202100043652,3,1,,0,2,1,1,B01
202100043652,3,7,,0,2,3,22,A01
202100043653,3,1,,0,2,3,2,Z01
202100043653,1,60,,0,2,5,2,B01
202100043654,1,31,,0,2,1,26,A01
202100043654,0,7,,0,2,1,15,B01
202100043655,2,7,,0,2,7,19,A01
202100043655,1,2,,0,2,1,19,B01
202100043656,2,10,,0,0,6,20,A01
202100043656,2,31,,0,2,1,17,B01
202100043657,2,30,,0,1,1,1,A01
202100043658,2,2,,0,2,3,9,B01
202100043658,2,10,,0,2,2,9,A01
202100043659,3,7,,0,2,1,1,A01
202100043659,3,7,,0,2,2,15,B01
202100043660,2,33,,0,2,1,2,A01
202100043660,2,7,,0,2,5,1,B01
202100043661,1,1,,0,2,1,1,B01
202100043661,1,20,,0,2,2,16,A01
202100043662,-1,7,,1,2,1,26,C01
202100043662,-1,30,,1,0,2,26,A01
202100043663,2,7,,0,2,3,15,A01
202100043663,2,33,,0,2,2,17,B01
202100043664,3,40,,0,1,1,1,A01
202100043665,1,10,,0,1,0,9,B01
202100043665,3,7,,0,2,4,15,A01
202100043666,1,2,,0,2,3,13,B01
202100043666,1,7,,0,2,2,1,A01
202100043667,1,32,,0,1,1,16,A01
202100043668,2,7,,2,0,1,1,A01
202100043669,3,7,,6,0,1,2,A01
202100043670,3,7,,0,2,1,1,B01
202100043670,3,7,,0,2,1,13,A01
202100043671,2,10,,0,2,3,0,B01
202100043671,1,7,,0,2,8,13,A01
202100043672,3,7,,0,1,1,1,A01
202100043673,1,33,,0,0,1,1,A01
202100043674,2,1,,0,0,5,1,B01
202100043674,1,7,,0,9,3,9,A01
202100043675,2,7,,0,0,9,1,A01
202100043676,2,7,,0,9,3,1,B01
202100043676,1,2,,0,2,1,5,A01
202100043677,0,7,,0,0,8,1,A01
202100043677,0,7,,0,0,2,1,B01
202100043678,1,1,,0,2,3,1,B01
202100043678,2,7,,0,2,3,15,A01
202100043679,1,7,,14,0,1,1,A01
202100043680,1,2,,13,0,1,1,A01
202100043681,1,2,,12,0,1,1,A01
202100043682,1,36,,0,2,5,1,A01
202100043682,1,7,,0,2,3,13,B01
202100043683,3,7,,0,1,4,4,A01
202100043684,1,7,,6,0,9,1,A01
202100043685,1,15,,0,2,6,1,B01
202100043685,2,7,,0,2,3,1,A01
202100043686,0,31,,0,0,0,1,A01
202100043687,2,7,,2,0,3,1,A01
202100043688,3,7,,0,9,2,1,A01
202100043688,3,1,,0,2,3,1,B01
202100043689,3,31,,0,0,0,1,A01
202100043690,0,7,,1,0,1,13,A01
202100043691,1,33,,13,0,0,1,A01
202100043692,2,33,,0,2,1,5,A01
202100043692,1,10,,0,2,3,1,B01
202100043693,1,2,,0,2,2,1,A01
202100043693,2,7,,0,2,1,15,B01
202100043694,1,2,,0,2,1,1,B01
202100043694,1,2,,0,2,1,1,C01
202100043694,2,10,,0,2,3,16,A01
202100043695,1,33,,0,0,8,15,A01
202100043696,1,7,,13,0,2,1,A01
202100043697,1,7,,13,0,0,14,A01
202100043698,1,7,,0,2,2,2,A01
202100043698,1,1,,0,2,4,2,B01
202100043699,2,7,,15,0,1,0,A01
202100043700,3,33,,15,0,9,1,A01
202100043701,3,7,,2,0,1,1,A01
202100043702,3,31,,5,0,1,25,A01
202100043703,1,33,,0,0,0,0,A01
202100043704,1,7,,13,0,6,2,B01
202100043704,1,7,,0,2,2,2,A01
202100043705,2,3,,0,2,8,11,B01
202100043705,2,2,,0,2,2,1,A01
202100043706,3,10,,1,1,1,2,A01
202100043707,1,33,,8,9,2,26,A01
202100043708,1,1,,0,2,1,1,A01
202100043708,1,7,,0,2,3,1,B01
202100043709,2,7,,2,0,8,14,A01
202100043710,2,1,,0,0,0,1,A01
202100043711,2,10,,2,0,1,13,A01
202100043712,3,2,,0,1,1,1,A01
202100043713,3,7,,0,2,1,1,B01
202100043713,3,2,,0,2,1,1,A01
202100043714,1,10,,0,2,2,1,A01
202100043714,1,1,,0,2,7,19,B01
202100043715,3,7,,13,0,7,2,A01
202100043716,1,1,,0,2,6,9,A01
202100043716,2,7,,0,2,2,1,B01
202100043717,2,10,,0,2,1,1,B01
202100043717,1,7,,0,2,7,1,A01
202100043718,2,15,,0,2,7,12,B01
202100043718,2,7,,0,2,8,2,A01
202100043719,2,7,,0,0,1,1,A01
202100043720,1,7,,13,0,2,1,A01
202100043721,1,7,,0,2,4,1,A01
202100043721,1,7,,0,2,1,2,B01
202100043722,1,15,,0,2,3,9,A01
202100043722,1,7,,0,2,2,1,B01
202100043723,1,33,,4,2,7,1,B01
202100043723,1,7,,0,2,8,11,A01
202100043724,1,32,,0,2,3,1,C01
202100043724,1,7,,0,2,5,14,B01
202100043724,1,14,,0,2,0,12,A01
202100043725,1,7,,0,0,2,14,C01
202100043725,1,7,,0,2,6,1,B01
202100043725,1,7,,0,2,2,1,A01
202100043726,1,7,,0,2,0,0,Z01
202100043726,1,33,,0,2,1,1,A01
202100043727,1,7,,0,2,6,2,B01
202100043727,1,31,,0,2,1,12,A01
202100043728,1,7,,0,2,4,1,B01
202100043728,1,7,,0,2,1,2,A01
202100043729,2,7,,0,2,7,12,A01
202100043729,2,33,,0,2,3,3,B01
202100043730,2,7,,1,2,1,17,A01
202100043730,2,7,,0,2,6,16,B01
202100043731,1,7,,0,2,4,1,B01
202100043731,1,10,,0,2,1,2,A01
202100043732,3,33,,2,0,1,9,A01
202100043733,1,7,,2,2,0,26,A01
202100043734,2,7,,0,2,3,1,B01
202100043734,2,33,,11,2,7,17,A01
202100043735,2,7,,0,2,7,1,B01
202100043735,2,30,,0,2,1,9,A01
202100043736,1,31,,0,0,0,9,A01
202100043737,1,7,,0,2,2,14,A01
202100043737,2,7,,0,2,1,1,C01
202100043737,1,32,,0,2,1,14,B01
202100043738,3,7,,0,2,9,17,A01
202100043738,3,17,,0,2,8,1,B01
202100043738,3,10,,0,2,8,1,C01
202100043739,2,7,,0,2,8,0,A01
202100043739,1,30,,0,2,8,0,B01
202100043740,2,7,,0,2,3,1,B01
202100043740,2,7,,0,2,6,15,A01
202100043741,1,99,,0,2,3,1,B01
202100043741,1,7,,2,2,1,9,A01
202100043742,2,7,,0,2,3,13,B01
202100043742,1,7,,0,2,3,1,A01
202100043743,0,10,,0,2,2,1,A01
202100043743,3,1,,0,2,1,5,B01
202100043744,1,10,,4,0,1,2,A01
202100043745,1,7,,0,2,2,1,B01
202100043745,2,3,,0,2,1,14,A01
202100043746,2,7,,15,0,2,14,A01
202100043747,1,7,,0,2,3,1,B01
202100043747,2,30,,0,2,8,19,A01
202100043748,0,7,,0,2,1,13,A01
202100043748,0,7,,0,2,1,1,B01
202100043749,0,2,,0,2,1,1,B01
202100043749,0,7,,0,2,3,20,A01
202100043750,0,7,,1,0,9,1,A01
202100043751,1,32,,12,0,1,16,A01
202100043752,2,7,,0,2,1,5,A01
202100043752,1,7,,0,2,1,1,B01
202100043753,1,7,,0,2,1,11,B01
202100043753,2,7,,0,2,8,15,A01
202100043754,3,34,,0,2,1,26,A01
202100043754,3,7,,0,2,5,2,B01
202100043755,0,10,,0,1,2,15,A01
202100043756,0,7,,0,2,2,1,A01
202100043756,2,7,,0,2,3,9,B01
202100043757,1,7,,13,0,0,1,A01
202100043758,2,7,,0,2,2,1,B01
202100043758,2,7,,0,2,3,16,A01
202100043759,3,7,,0,2,3,15,A01
202100043759,3,7,,0,2,8,1,B01
202100043760,1,7,,0,2,7,15,A01
202100043760,2,2,,0,2,1,1,B01
202100043761,3,31,,0,0,1,26,A01
202100043762,3,10,,0,1,4,4,A01
202100043763,1,2,,0,2,1,17,A01
202100043763,1,7,,0,2,6,15,B01
202100043764,2,7,,0,1,1,1,A01
202100043765,2,7,,0,2,1,1,B01
202100043765,2,10,,0,2,7,1,A01
202100043766,2,37,1.0,0,1,8,15,A01
202100043767,2,7,,0,2,1,2,A01
202100043767,2,7,,0,2,4,1,B01
202100043768,2,7,,0,2,8,23,A01
202100043768,3,7,,0,2,3,13,B01
202100043769,2,2,,0,2,1,1,A01
202100043769,2,7,,0,2,4,1,B01
202100043770,2,7,,0,2,4,23,B01
202100043770,2,10,,0,2,1,1,A01
202100043771,2,30,,0,2,8,1,B01
202100043771,1,7,,0,2,1,15,A01
202100043772,2,33,,0,2,1,1,A01
202100043772,2,7,,0,2,6,1,B01
202100043773,1,33,,0,2,1,3,B01
202100043773,1,7,,0,2,6,15,A01
202100043774,3,34,,0,2,1,1,B01
202100043774,3,7,,0,2,7,15,A01
202100043775,1,7,,0,0,0,0,C01
202100043775,1,10,,0,0,1,2,A01
202100043775,1,7,,0,0,0,0,B01
202100043776,2,7,,0,2,4,2,B01
202100043776,2,2,,0,2,1,2,A01
202100043777,1,7,,0,2,1,1,B01
202100043777,1,50,,0,2,1,19,A01
202100043778,2,33,,0,2,7,12,A01
202100043778,2,7,,0,2,6,1,B01
202100043779,1,10,,0,1,7,1,A01
202100043780,2,33,,0,0,8,21,A01