Num_Acc,senc,catv,occutc,obs,obsm,choc,manv,num_veh
202100043781,1,7,,16,0,9,1,A01
202100043782,1,7,,0,2,1,1,A01
202100043782,1,7,,0,2,4,24,B01
202100043783,2,7,,0,2,2,15,A01
202100043783,1,2,,0,2,7,1,B01
202100043784,1,7,,0,2,5,15,A01
202100043784,1,2,,0,2,1,0,B01
202100043785,2,1,,0,2,2,1,B01
202100043785,1,7,,0,2,3,15,A01
202100043786,2,7,,0,2,4,2,B01
202100043786,2,32,,0,2,4,2,A01
202100043786,2,7,,0,2,1,2,Z01
202100043787,2,7,,0,2,1,2,A01
202100043787,2,7,,0,2,4,2,B01
202100043788,2,31,,0,2,1,2,A01
202100043788,2,7,,0,2,4,2,B01
202100043789,2,33,,0,2,3,3,A01
202100043789,2,7,,0,2,5,12,B01
202100043790,2,7,,0,1,1,1,A01
202100043791,2,50,,0,2,1,1,B01
202100043791,1,7,,0,2,1,16,A01
202100043792,1,37,1.0,0,2,2,16,A01
202100043792,1,1,,0,2,3,1,B01
202100043793,2,10,,0,2,7,16,B01
202100043793,2,80,,0,2,1,1,A01
202100043794,1,7,,0,1,1,15,Z01
202100043795,3,31,,0,2,1,1,B01
202100043795,3,30,,0,2,8,9,A01
202100043796,1,80,,0,2,8,1,B01
202100043796,1,7,,0,2,2,14,A01
202100043797,1,7,,0,2,3,1,A01
202100043797,1,7,,0,2,1,15,B01
202100043798,1,50,,0,2,8,1,B01
202100043798,1,7,,0,2,1,1,A01
202100043799,2,7,,0,1,2,9,A01
202100043800,3,7,,0,2,5,1,A01
202100043800,3,7,,0,2,2,9,B01
202100043801,2,10,,0,1,4,26,A01
202100043802,1,32,,0,2,1,3,B01
202100043802,1,7,,1,0,0,11,A01
202100043803,1,7,,0,2,2,10,A01
202100043803,1,37,1.0,0,2,5,9,C01
202100043803,1,7,,0,2,1,2,B01
202100043804,1,7,,0,2,1,13,A01
202100043804,2,7,,0,2,1,23,B01
202100043805,3,7,,0,2,3,15,A01
202100043805,3,7,,0,2,1,1,B01
202100043806,3,7,,0,2,3,1,B01
202100043806,3,30,,0,2,0,0,A01
202100043807,1,7,,0,2,3,2,B01
202100043807,1,32,,16,0,4,23,A01
202100043808,2,7,,1,0,2,0,B01
202100043808,1,7,,0,2,2,1,A01
202100043809,2,31,,0,2,2,0,B01
202100043809,2,7,,0,2,3,15,A01
202100043810,3,7,,0,1,1,1,A01
202100043811,1,30,,0,0,3,26,A01
202100043812,1,7,,0,2,4,1,B01
202100043812,1,7,,0,2,1,2,A01
202100043813,2,7,,0,2,8,22,A01
202100043813,2,1,,1,0,7,2,B01
202100043814,2,7,,0,1,4,4,A01
202100043815,1,30,,0,1,3,17,A01
202100043816,3,10,,0,2,8,13,B01
202100043816,3,30,,0,2,8,17,A01
202100043817,1,7,,1,1,3,14,A01
202100043817,1,7,,0,0,6,24,B01
202100043818,1,7,,0,2,8,1,B01
202100043818,2,7,,0,2,8,13,A01
202100043819,1,1,,0,9,1,0,A01
202100043820,2,7,,1,0,3,21,D01
202100043820,2,7,,3,2,7,17,C01
202100043820,2,17,,0,2,8,17,B01
202100043820,2,17,,0,0,5,24,A01
202100043821,0,7,,0,2,1,0,A01
202100043821,0,7,,0,2,4,0,B01
202100043822,2,31,,0,2,1,17,A01
202100043822,2,7,,0,0,3,15,B01
202100043823,0,7,,0,0,1,1,A01
202100043824,1,80,,0,0,0,0,A01
202100043825,1,7,,2,0,8,1,A01
202100043826,0,7,,0,2,8,15,A01
202100043826,2,30,,0,2,1,1,B01
202100043827,1,15,,0,2,2,15,A01
202100043827,2,33,,0,2,1,1,B01
202100043828,2,2,,0,2,1,17,A01
202100043828,2,7,,0,2,3,15,B01
202100043829,1,7,,0,2,1,1,B01
202100043829,2,7,,0,2,1,13,A01
202100043830,1,33,,13,9,9,13,A01
202100043831,3,32,,13,0,8,1,A01
202100043832,3,7,,0,2,3,1,A01
202100043832,3,7,,0,2,3,1,B01
202100043833,1,7,,2,0,5,14,A01
202100043834,3,2,,0,1,3,1,A01
202100043835,1,7,,0,2,9,1,D01
202100043835,1,7,,0,2,9,23,E01
202100043835,1,7,,0,2,1,1,A01
202100043835,1,7,,0,2,9,23,B01
202100043835,1,7,,0,2,9,23,C01
202100043836,2,17,,0,6,1,1,A01
202100043836,2,7,,0,6,2,1,B01
202100043836,2,7,,3,6,1,1,C01
202100043837,1,7,,0,2,7,13,A01
202100043837,2,7,,0,2,1,1,B01
202100043838,2,7,,0,2,3,19,A01
202100043838,1,32,,0,2,1,1,B01
202100043839,2,1,,0,2,1,19,B01
202100043839,2,7,,0,9,2,1,A01
202100043840,1,33,,0,2,1,0,B01
202100043840,2,7,,0,2,3,10,A01
202100043841,3,2,,0,2,1,1,B01
202100043841,3,2,,0,2,3,19,A01
202100043842,1,33,,4,0,7,1,A01
202100043843,1,33,,0,2,0,1,A01
202100043843,2,7,,0,2,1,1,B01
202100043844,2,31,,0,2,8,1,A01
202100043844,1,7,,0,2,3,13,B01
202100043845,0,10,,0,1,1,1,A01
202100043846,1,14,,0,2,2,12,A01
202100043846,2,7,,0,2,3,1,B01
202100043847,2,7,,0,2,1,2,A01
202100043847,2,7,,0,2,4,1,B01
202100043848,2,7,,14,0,1,0,A01
202100043849,1,7,,0,2,6,2,B01
202100043849,1,7,,0,2,2,2,A01
202100043850,1,34,,1,0,1,2,B01
202100043851,2,7,,0,2,4,24,C01
202100043851,2,10,,1,0,1,26,A01
202100043851,2,7,,0,2,4,24,B01
202100043852,1,7,,0,2,1,0,C01
202100043852,1,7,,0,2,4,0,B01
202100043852,1,7,,0,2,1,0,A01
202100043852,1,10,,0,2,4,0,D01
202100043852,1,10,,0,2,8,0,E01
202100043853,2,7,,0,2,3,1,B01
202100043853,2,34,,0,2,1,5,A01
202100043854,1,7,,0,2,1,26,Z01
202100043854,1,7,,0,2,8,23,A01
202100043855,1,17,,0,2,3,11,A01
202100043855,1,7,,0,2,5,1,B01
202100043856,3,37,1.0,0,2,3,1,A01
202100043856,3,7,,0,2,8,17,B01
202100043857,1,7,,0,2,2,1,B01
202100043857,1,7,,0,2,2,1,A01
202100043858,2,10,,0,1,3,15,A01
202100043859,2,99,,0,2,1,1,B01
202100043859,1,7,,0,2,0,0,A01
202100043860,3,7,,0,2,3,1,A01
202100043860,3,30,,0,2,1,0,B01
202100043861,3,7,,9,0,1,26,A01
202100043862,2,7,,6,9,1,1,A01
202100043862,1,1,,6,2,8,19,B01
202100043863,1,7,,0,1,1,1,A01
202100043864,1,14,,0,9,5,17,A01
202100043864,1,1,,0,0,0,2,B01
202100043865,2,7,,15,0,8,-1,A01
202100043866,2,7,,0,2,2,0,B01
202100043866,3,7,,0,2,8,9,A01
202100043867,1,7,,0,1,1,1,A01
202100043868,1,30,,12,0,8,13,A01
202100043869,2,1,,0,2,4,1,B01
202100043869,1,7,,0,2,3,16,A01
202100043870,1,2,,0,2,1,1,A01
202100043870,1,7,,0,2,4,2,B01
202100043871,2,7,,0,2,2,16,B01
202100043871,2,2,,0,2,2,18,A01
202100043872,1,99,,0,1,1,15,A01
202100043873,1,13,,5,2,2,12,A01
202100043873,1,7,,3,2,6,1,B01
202100043874,3,7,,0,1,8,15,A01
202100043875,2,7,,0,1,1,1,A01
202100043876,1,7,,0,2,1,1,A01
202100043876,2,7,,0,2,1,1,B01
202100043877,2,10,,0,0,8,15,B01
202100043877,2,31,,0,2,1,17,A01
202100043878,2,7,,0,1,7,1,A01
202100043879,1,7,,0,1,2,1,A01
202100043880,2,7,,0,2,1,1,A01
202100043880,2,7,,0,2,1,26,C01
202100043880,2,7,,9,0,5,15,B01
202100043881,1,7,,0,2,2,16,B01
202100043881,1,1,,0,2,1,1,A01
202100043882,1,15,,13,0,2,26,A01
202100043883,1,7,,0,0,0,0,C01
202100043883,3,3,,0,0,0,0,B01
202100043883,2,7,,0,0,0,0,A01
202100043884,1,7,,0,2,2,1,B01
202100043884,1,1,,0,2,1,9,A01
202100043885,1,50,,0,2,1,1,A01
202100043885,1,7,,0,2,5,2,B01
202100043886,0,37,2.0,0,2,0,0,B01
202100043886,0,10,,0,2,2,15,A01
202100043887,1,7,,0,2,2,15,A01
202100043887,2,31,,0,2,3,1,B01
202100043888,1,30,,0,1,1,11,A01
202100043889,1,7,,0,0,0,24,B01
202100043889,1,2,,0,2,2,21,A01
202100043890,3,7,,0,2,8,1,B01
202100043890,3,7,,0,2,1,1,A01
202100043891,2,7,,0,2,3,9,A01
202100043891,2,7,,0,2,1,1,B01
202100043892,0,2,,0,2,1,17,A01
202100043892,0,1,,0,2,4,15,B01
202100043893,1,15,,0,0,0,1,A01
202100043893,1,7,,4,0,0,1,B01
202100043894,2,7,,0,1,2,19,A01
202100043895,1,7,,3,2,3,19,A01
202100043896,3,7,,1,0,1,14,A01
202100043897,1,34,,0,2,4,23,B01
202100043897,1,7,,0,2,1,26,Z01
202100043898,1,33,,0,2,1,1,B01
202100043898,1,7,,0,2,3,10,A01
202100043899,3,30,,0,2,1,0,A01
202100043899,3,7,,0,2,1,0,B01
202100043900,2,31,,0,2,1,1,B01
202100043900,1,7,,0,2,0,15,A01
202100043901,3,7,,1,0,2,1,A01
202100043902,2,7,,0,2,5,1,A01
202100043902,3,13,,0,2,1,0,B01
202100043903,3,7,,0,2,3,1,A01
202100043903,3,32,,0,2,4,23,B01
202100043904,2,33,,0,2,4,2,A01
202100043904,2,7,,0,2,1,2,Z01
202100043905,2,80,,0,2,0,21,A01
202100043906,2,7,,0,2,2,1,B01
202100043906,2,50,,0,2,3,13,A01
202100043907,2,32,,0,2,1,1,A01
202100043907,2,1,,0,2,4,21,B01
202100043908,2,1,,0,2,4,17,B01
202100043908,2,7,,0,2,1,17,A01
202100043909,1,10,,0,2,5,2,B01
202100043909,1,33,,0,2,1,2,A01
202100043909,1,7,,0,2,6,1,C01
202100043910,2,7,,0,2,1,15,B01
202100043910,1,34,,0,2,3,7,A01
202100043911,1,50,,0,1,1,1,A01
202100043912,1,32,,9,0,5,13,A01
202100043913,1,33,,0,2,4,23,A01
202100043913,1,32,,0,2,1,2,Z01
202100043914,1,10,,0,2,2,16,A01
202100043914,1,1,,0,2,1,1,B01
202100043915,2,7,,0,1,4,4,A01
202100043916,3,7,,0,1,7,4,A01
202100043917,2,10,,7,0,3,1,A01
202100043918,3,7,,0,1,1,15,A01
202100043919,1,7,,0,2,3,2,A01
202100043919,3,1,,0,2,0,0,B01
202100043920,1,7,,0,1,0,0,A01
202100043921,3,7,,0,2,1,1,A01
202100043921,3,17,,0,2,4,23,B01
202100043922,1,30,,0,2,4,11,A01
202100043922,1,7,,0,2,1,1,B01
202100043923,0,0,,0,1,0,0,X01
202100043924,1,30,,0,2,2,17,A01
202100043924,2,10,,0,2,3,15,B01
202100043925,1,7,,0,2,4,15,B01
202100043925,1,7,,0,2,1,23,A01
202100043926,2,10,,0,2,1,1,A01
202100043926,2,7,,0,0,4,1,B01
202100043927,2,7,,0,1,3,1,A01
202100043928,1,10,,0,1,1,1,A01
202100043929,2,34,,0,2,8,18,B01
202100043929,2,37,1.0,0,2,2,16,A01
202100043930,1,7,,0,2,3,16,A01
202100043930,2,1,,0,2,1,1,B01
202100043931,2,31,,0,2,1,1,B01
202100043931,1,7,,0,9,2,10,A01
202100043932,-1,7,,0,2,3,15,A01
202100043932,-1,2,,0,2,1,17,B01
202100043933,3,37,1.0,0,2,2,17,A01
202100043934,2,7,,0,1,2,1,A01
202100043935,3,1,,13,0,1,26,A01
202100043936,1,7,,0,2,3,13,A01
202100043936,2,1,,0,2,3,21,B01
202100043937,2,30,,0,1,1,7,A01
202100043938,2,1,,1,0,1,1,B01
202100043938,2,7,,0,9,6,22,A01
202100043939,2,7,,8,0,1,13,A01
202100043940,3,14,,0,1,5,4,A01
202100043941,2,1,,0,1,3,1,A01
202100043942,2,32,,0,2,1,1,B01
202100043942,2,7,,0,2,3,15,A01
202100043943,1,7,,0,2,3,1,B01
202100043943,2,7,,0,2,3,1,A01
202100043944,3,10,,0,2,8,19,B01
202100043944,2,7,,0,2,1,1,A01
202100043945,2,7,,0,0,0,0,A01
202100043946,0,2,,0,2,1,1,B01
202100043946,0,2,,0,2,1,1,A01
202100043947,1,7,,0,2,2,15,A01
202100043947,2,7,,13,2,3,1,B01
202100043948,2,7,,13,0,9,1,A01
202100043949,1,7,,0,2,8,15,A01
202100043949,2,2,,0,2,1,17,B01
202100043950,1,7,,0,2,2,1,B01
202100043950,1,1,,0,0,4,1,A01
202100043951,1,17,,0,2,4,1,A01
202100043951,1,10,,0,2,1,2,B01
202100043952,1,2,,0,2,1,1,B01
202100043952,0,7,,0,2,4,20,A01
202100043953,1,2,,13,0,1,0,A01
202100043954,1,10,,0,2,3,15,B01
202100043954,1,7,,0,2,1,17,A01
202100043955,3,7,,0,2,2,13,A01
202100043955,3,10,,0,2,2,11,B01
202100043956,2,7,,13,0,2,1,A01
202100043957,1,7,,0,0,0,0,A01
202100043958,1,7,,0,0,0,17,A01
202100043958,1,17,,13,0,3,21,B01
202100043959,3,7,,6,0,3,1,A01
202100043960,3,31,,0,2,2,13,A01
202100043960,3,7,,0,2,2,1,B01
202100043961,1,7,,15,0,1,2,A01
202100043962,3,7,,0,1,3,2,A01
202100043963,1,7,,0,1,3,1,A01
202100043964,0,60,,0,2,0,23,A01
202100043964,0,41,,0,2,0,2,B01
202100043965,3,7,,0,0,3,1,A01
202100043965,3,7,,0,0,3,1,B01
202100043966,1,10,,0,2,2,2,B01
202100043966,1,7,,0,2,3,19,A01
202100043967,2,13,,13,0,1,1,A01
202100043968,1,7,,0,0,4,0,A01
202100043968,1,10,,0,2,1,1,B01
202100043969,1,7,,6,0,2,1,A01
202100043970,2,2,,0,2,1,21,A01
202100043970,3,10,,0,2,8,9,B01
202100043971,1,7,,0,2,2,15,B01
202100043971,1,7,,13,2,1,1,A01
202100043972,1,7,,0,2,3,19,A01
202100043972,2,37,1.0,0,2,2,1,B01
202100043973,1,33,,0,2,1,2,A01
202100043974,2,15,,0,2,1,1,B01
202100043974,1,7,,0,2,1,13,A01
202100043975,2,10,,0,2,1,2,A01
202100043975,2,7,,0,2,4,15,B01
202100043976,1,7,,11,0,1,2,A01
202100043977,1,80,,0,0,9,1,A01
202100043978,2,15,,0,0,9,1,A01
202100043979,1,2,,9,9,1,1,A01
202100043980,2,7,,0,0,3,1,A01
202100043980,3,10,,0,2,2,25,B01
202100043981,1,7,,0,0,9,1,A01
202100043982,2,15,,0,2,1,1,B01
202100043982,1,10,,0,2,1,5,A01
202100043983,1,7,,6,0,1,13,A01
202100043984,1,1,,0,2,1,1,B01
202100043984,1,7,,0,2,2,16,A01
202100043985,2,7,,13,0,2,1,A01
202100043986,1,2,,0,0,8,1,B01
202100043986,2,7,,0,2,3,15,A01
202100043987,2,7,,0,2,1,15,A01
202100043987,1,7,,0,2,1,1,B01
202100043988,1,7,,0,2,1,1,A01
202100043988,2,7,,0,2,7,19,B01
202100043989,1,13,,6,0,1,1,A01
202100043990,1,7,,0,2,1,2,C01
202100043990,1,7,,0,2,4,2,B01
202100043990,1,7,,0,2,4,1,A01
202100043991,2,10,,6,0,1,14,A01
202100043992,2,10,,0,2,4,2,C01
202100043992,2,7,,0,2,4,2,E01
202100043992,2,7,,0,2,1,0,D01
202100043992,2,7,,0,2,4,2,B01
202100043992,2,7,,0,2,1,2,A01
202100043993,1,7,,0,2,4,1,B01
202100043993,1,7,,0,2,1,1,A01
202100043994,2,10,,0,2,1,2,A01
202100043994,2,7,,0,2,4,2,B01
202100043994,2,7,,0,2,4,2,C01
202100043995,2,7,,0,2,3,9,A01
202100043995,2,31,,0,2,1,3,B01
202100043996,1,7,,0,2,6,9,Z01
202100043996,1,7,,0,2,1,1,A01
202100043997,1,7,,0,2,4,2,A01
202100043997,1,15,,0,2,1,2,B01
202100043998,2,7,,0,2,4,1,C01
202100043998,2,10,,0,2,1,1,A01
202100043998,2,7,,0,2,4,1,B01
202100043999,2,30,,0,2,7,17,A01
202100043999,2,7,,0,2,8,1,C01
202100043999,2,30,,0,2,9,17,B01
202100044000,3,7,,0,1,3,1,A01
202100044001,2,7,,0,2,4,26,A01
202100044001,2,1,,0,2,5,0,B01
202100044002,3,7,,0,1,1,15,A01
202100044003,1,7,,2,2,1,2,A01
202100044003,1,7,,1,2,4,2,B01
202100044004,1,10,,8,2,1,19,A01
202100044004,1,7,,0,2,3,1,B01
202100044005,1,7,,0,2,3,15,A01
202100044005,1,43,,0,2,7,1,B01
202100044006,3,7,,0,1,1,9,A01
202100044007,1,7,,0,1,3,20,A01
202100044008,1,33,,0,2,2,17,A01
202100044008,1,7,,0,2,3,15,B01
202100044009,1,7,,0,2,3,1,B01
202100044009,1,33,,0,2,2,16,A01
202100044010,2,7,,0,1,3,1,A01
202100044011,2,10,,0,2,4,2,C01
202100044011,2,7,,0,2,4,2,B01
202100044011,2,7,,0,2,1,1,A01
202100044012,1,1,,0,2,1,1,B01
202100044012,1,7,,0,2,7,20,A01
202100044013,1,7,,0,2,1,2,A01
202100044013,1,7,,0,2,4,23,B01
202100044014,2,7,,0,1,1,13,A01
202100044015,1,30,,0,1,7,26,A01
202100044016,0,7,,0,2,4,23,B01
202100044016,0,7,,0,2,1,2,A01
202100044017,0,2,,0,2,1,1,B01
202100044017,0,7,,0,2,3,9,A01
202100044018,1,7,,8,0,2,1,A01
202100044019,1,7,,0,2,2,15,A01
202100044019,1,32,,0,2,1,21,B01
202100044020,2,7,,0,2,3,15,A01
202100044020,3,7,,0,2,4,9,B01
202100044021,1,10,,1,2,7,19,A01
202100044021,1,7,,0,2,1,1,B01
202100044022,1,33,,0,0,0,14,A01
202100044023,1,1,,16,0,0,21,A01
202100044024,2,7,,0,2,4,26,C01
202100044024,1,7,,0,2,4,0,B01
202100044024,2,7,,0,2,1,1,A01
202100044025,1,10,,2,0,3,26,A01
202100044026,1,7,,0,2,1,20,A01
202100044026,1,31,,0,2,1,1,B01
202100044027,0,7,,0,2,5,16,B01
202100044027,0,33,,0,2,1,1,A01
202100044028,2,10,,0,2,4,1,B01
202100044028,2,30,,0,2,1,1,A01
202100044029,0,80,,0,2,8,19,B01
202100044029,0,7,,0,2,1,1,A01
202100044030,3,17,,0,2,4,2,B01
202100044030,3,37,1.0,0,2,1,2,A01
202100044031,1,7,,0,2,1,1,B01
202100044031,2,7,,0,2,7,1,A01
202100044032,3,33,,0,2,8,18,A01
202100044032,3,7,,0,2,2,2,B01
202100044033,1,7,,0,2,3,15,B01
202100044033,1,32,,0,2,2,17,A01
202100044034,3,7,,0,2,4,24,C01
202100044034,1,7,,0,2,2,0,A01
202100044034,1,31,,0,2,0,0,B01
202100044035,1,7,,0,2,2,1,B01
202100044035,2,32,,0,2,1,13,A01
202100044036,1,30,,0,2,5,2,A01
202100044036,1,7,,0,2,5,2,B01
202100044037,1,31,,0,2,1,2,B01
202100044037,1,7,,0,2,2,12,A01
202100044038,1,7,,0,1,1,1,A01
202100044039,1,7,,4,0,1,14,A01
202100044040,2,32,,0,2,4,1,B01
202100044040,2,7,,0,2,1,1,A01
202100044041,1,33,,0,0,3,1,A01
202100044042,1,7,,0,2,6,15,A01
202100044042,1,33,,0,2,2,1,B01
202100044043,2,7,,0,2,3,1,B01
202100044043,1,30,,0,2,1,17,A01
202100044044,1,2,,0,2,6,19,Z01
202100044044,2,1,,0,2,1,5,A01
202100044045,1,30,,0,2,1,18,A01
202100044045,1,14,,0,2,7,22,B01
202100044046,2,33,,0,2,1,1,B01
202100044046,2,33,,0,2,8,10,A01
202100044047,1,1,,0,2,1,21,A01
202100044048,2,50,,0,2,3,15,A01
202100044048,2,7,,0,2,2,2,B01
202100044049,1,1,,0,2,1,1,B01
202100044049,2,50,,0,2,1,5,A01
202100044050,2,1,,0,1,8,5,A01
202100044051,1,32,,0,2,1,2,A01
202100044051,1,32,,0,2,0,2,B01
202100044052,2,1,,12,0,1,14,A01
202100044053,1,1,,0,2,8,7,B01
202100044053,1,10,,0,2,2,16,A01
202100044054,1,7,,0,2,1,1,B01
202100044054,1,33,,0,2,3,1,A01
202100044055,3,43,,0,1,1,1,A01
202100044056,1,15,,0,0,3,0,B01
202100044056,1,7,,0,2,3,2,A01
202100044057,-1,7,,0,2,2,26,A01
202100044057,-1,33,,0,2,3,1,B01
202100044058,1,10,,0,1,1,16,A01
202100044059,3,10,,0,0,1,1,B01
202100044059,3,2,,15,2,1,16,A01
202100044060,1,10,,0,2,6,20,A01
202100044060,1,2,,2,2,3,24,B01
202100044061,2,10,,0,2,8,2,A01
202100044061,1,2,,0,2,1,1,B01
202100044062,1,7,,0,1,1,15,A01
202100044063,2,32,,0,2,4,1,A01
202100044063,2,7,,0,2,3,2,B01
202100044064,2,10,,0,1,1,1,A01
202100044065,3,7,,0,2,1,1,B01
202100044065,3,7,,0,2,3,10,A01
202100044066,1,7,,0,2,3,9,A01
202100044066,1,1,,0,2,1,1,B01
202100044067,2,7,,0,2,6,1,B01
202100044067,3,36,,0,2,2,9,A01
202100044068,1,10,,0,2,1,3,A01
202100044068,2,2,,0,2,1,1,B01
202100044069,3,33,,0,2,3,13,B01
202100044069,3,7,,0,2,3,1,A01
202100044070,1,2,,3,0,7,1,A01
202100044071,2,33,,3,0,3,1,A01
202100044072,1,10,,0,2,1,1,A01
202100044072,1,1,,0,0,8,15,B01
202100044073,1,7,,0,1,1,1,A01
202100044074,1,7,,0,2,3,17,A01
202100044074,2,7,,5,2,3,1,B01
202100044074,2,7,,0,2,3,1,C01
202100044075,2,7,,0,1,2,1,A01
202100044076,2,10,,0,2,2,1,B01
202100044076,1,7,,0,2,3,13,A01
202100044077,0,7,,0,2,1,13,A01
202100044077,0,7,,0,2,3,1,B01
202100044077,0,7,,0,2,1,1,C01
202100044078,1,7,,0,2,3,1,B01
202100044078,3,7,,0,2,2,1,A01
202100044079,1,33,,13,0,1,1,A01
202100044080,3,7,,13,0,2,1,A01
202100044081,2,17,,0,2,6,13,A01
202100044081,1,17,,0,2,3,1,B01
202100044082,1,7,,13,0,1,3,A01
202100044083,1,7,,0,2,3,1,B01
202100044083,2,7,,0,2,3,1,A01
202100044084,2,10,,0,2,2,1,B01
202100044084,2,32,,0,2,8,19,A01
202100044085,3,7,,0,1,3,1,A01
202100044086,1,7,,0,2,6,9,A01
202100044086,1,33,,0,2,1,1,B01
202100044087,2,7,,0,2,1,13,A01
202100044087,1,7,,0,2,1,1,B01
202100044088,3,7,,2,0,3,1,A01
202100044089,2,7,,6,0,0,1,A01
202100044090,2,10,,0,2,3,17,A01
202100044090,1,7,,0,2,3,1,B01
202100044090,2,17,,0,2,3,1,C01
202100044091,2,15,,0,2,2,1,B01
202100044091,1,7,,0,2,6,1,C01
202100044091,1,7,,0,2,1,13,A01
202100044092,2,33,,0,0,1,2,A01
202100044093,1,33,,0,2,8,1,A01
202100044093,2,7,,8,2,1,15,B01
202100044094,2,7,,4,2,3,11,A01
202100044094,2,7,,0,0,4,1,B01
202100044095,3,80,,0,2,3,1,B01
202100044095,3,33,,2,2,1,11,A01
202100044096,1,33,,13,0,1,1,A01
202100044097,3,7,,0,1,3,1,A01
202100044098,2,50,,0,0,2,1,A01
202100044098,1,7,,0,2,3,16,B01
202100044099,2,7,,0,0,1,1,A01
202100044100,3,1,,0,2,1,5,A01
202100044100,3,7,,0,2,1,1,B01
202100044101,2,7,,1,0,1,14,A01
202100044101,2,15,,0,2,4,24,B01
202100044102,1,7,,0,2,1,2,A01
202100044102,1,15,,0,0,4,2,B01
202100044103,1,13,,0,9,7,1,B01
202100044103,1,1,,0,2,8,9,A01
202100044104,1,7,,0,0,9,1,A01
202100044105,2,7,,0,2,2,1,B01
202100044105,2,7,,0,2,3,11,A01
202100044106,2,7,,0,2,1,26,A01
202100044106,2,7,,0,2,4,26,B01
202100044107,2,10,,1,0,2,1,A01
202100044107,2,7,,0,2,6,24,B01
202100044108,1,2,,0,2,2,15,A01
202100044108,2,10,,0,2,3,1,B01
202100044109,1,33,,0,2,8,1,B01
202100044109,0,7,,0,2,2,9,A01
202100044110,3,10,,0,9,2,14,A01
202100044110,3,80,,0,2,2,1,B01
202100044111,1,7,,0,2,6,26,A01
202100044111,2,7,,0,2,4,26,B01
202100044111,1,7,,0,2,1,26,C01
202100044112,2,80,,0,0,0,2,A01
202100044113,1,7,,0,2,5,15,B01
202100044113,1,30,,0,2,1,0,A01
202100044114,2,30,,0,2,8,16,B01
202100044114,2,7,,0,2,7,17,A01
202100044115,1,2,,0,2,1,1,B01
202100044115,0,7,,0,2,1,15,A01
202100044116,1,30,,0,2,4,2,A01
202100044117,1,7,,0,2,7,22,A01
202100044117,1,2,,0,2,3,1,B01
202100044118,2,2,,0,2,1,1,A01
202100044118,3,1,,0,2,8,1,B01
202100044119,3,32,,0,2,1,17,B01
202100044119,3,7,,0,2,8,15,A01
202100044120,1,1,,14,2,1,2,B01
202100044120,1,7,,0,2,4,26,A01
202100044121,3,7,,0,1,5,4,A01
202100044122,1,34,,0,2,7,17,B01
202100044122,3,7,,0,2,1,15,A01
202100044123,1,37,1.0,0,1,3,21,A01
202100044124,1,32,,0,2,1,17,A01
202100044124,1,10,,0,2,3,15,B01
202100044125,1,7,,0,1,1,19,A01
202100044126,3,31,,0,2,1,1,A01
202100044126,3,7,,0,0,5,23,B01
202100044127,1,33,,3,0,9,0,A01
202100044128,3,1,,0,2,0,1,B01
202100044128,0,7,,0,2,0,15,A01
202100044129,3,39,,0,1,3,1,A01
202100044130,1,1,,0,2,1,1,B01
202100044130,1,10,,0,2,3,9,A01
202100044131,1,7,,8,2,2,15,B01
202100044131,0,33,,0,2,7,17,A01
202100044132,3,7,,0,2,3,1,A01
202100044132,3,7,,0,2,7,15,B01
202100044133,1,7,,0,2,3,15,A01
202100044133,2,7,,0,2,3,1,B01
202100044134,1,7,,0,2,1,15,A01
202100044134,1,7,,0,2,4,15,B01
202100044135,0,7,,0,2,4,2,B01
202100044135,0,7,,0,2,1,2,A01
202100044136,3,30,,8,0,1,13,A01
202100044137,2,7,,0,2,4,1,B01
202100044137,2,7,,0,2,1,1,A01
202100044138,1,7,,0,0,2,1,A01
202100044139,1,30,,0,0,8,9,A01
202100044140,2,7,,0,2,1,1,A01
202100044140,2,99,,0,2,7,1,B01
202100044140,2,7,,0,2,8,23,C01
202100044141,2,7,,0,2,7,15,A01
202100044141,2,7,,0,2,1,1,B01
202100044142,1,7,,15,0,1,14,A01
202100044143,2,1,,0,1,2,1,A01
202100044144,1,7,,13,0,2,15,A01
202100044145,1,7,,2,0,1,13,A01
202100044146,2,7,,13,0,2,14,A01
202100044147,1,7,,0,1,3,1,A01
202100044148,1,30,,0,2,0,15,A01
202100044148,2,7,,0,2,3,1,B01
202100044149,1,50,,0,2,8,19,B01
202100044149,1,7,,0,2,1,1,A01
202100044150,3,10,,0,2,1,15,A01
202100044150,3,7,,0,2,4,15,B01
202100044151,1,33,,0,2,1,17,B01
202100044151,3,7,,0,2,3,15,A01
202100044152,2,7,,0,2,8,15,B01
202100044152,2,31,,0,2,7,3,A01
202100044153,2,7,,0,2,1,2,A01
202100044153,2,7,,0,2,4,2,B01
202100044153,2,32,,0,2,4,2,C01
202100044153,2,7,,0,2,4,2,D01
202100044154,0,7,,0,2,1,9,A01
202100044154,0,32,,0,2,2,3,B01
202100044155,2,43,,6,0,0,2,A01
202100044156,2,80,,0,2,3,25,B01
202100044156,2,7,,0,2,2,25,A01
202100044157,3,7,,0,2,1,9,B01
202100044157,2,7,,6,0,0,0,A01
202100044158,1,7,,0,2,1,2,A01
202100044158,1,10,,0,2,4,2,B01
202100044159,1,33,,0,2,2,17,B01