Num_Acc,senc,catv,occutc,obs,obsm,choc,manv,num_veh
202100044159,1,7,,0,2,3,15,A01
202100044160,2,1,,0,1,1,1,A01
202100044161,0,30,,0,2,2,1,B01
202100044161,0,7,,0,2,0,14,Z01
202100044162,2,2,,0,2,2,1,B01
202100044162,2,7,,0,2,4,20,A01
202100044163,2,30,,0,2,0,21,A01
202100044164,2,7,,0,2,2,15,B01
202100044164,1,43,,0,2,1,7,A01
202100044165,1,32,,0,2,3,1,B01
202100044165,1,30,,0,2,5,12,A01
202100044166,3,7,,0,2,1,1,A01
202100044166,3,7,,0,2,4,23,B01
202100044167,3,80,,0,0,0,1,A01
202100044168,1,30,,0,1,7,1,A01
202100044169,1,32,,0,2,1,1,A01
202100044169,0,1,,0,2,8,9,B01
202100044170,1,7,,0,2,2,16,B01
202100044170,1,32,,0,2,3,18,A01
202100044171,3,7,,0,2,7,1,B01
202100044171,2,1,,0,2,1,15,A01
202100044172,1,7,,0,2,4,2,B01
202100044172,1,14,,0,2,1,2,A01
202100044173,3,7,,0,2,4,2,A01
202100044173,2,10,,1,9,4,2,B01
202100044174,2,7,,0,2,4,2,B01
202100044174,2,30,,0,2,1,2,A01
202100044175,3,7,,0,2,8,1,B01
202100044175,3,7,,0,2,1,19,A01
202100044176,2,50,,0,1,1,25,Z01
202100044177,3,32,,0,2,1,1,A01
202100044177,3,7,,0,2,3,15,B01
202100044178,1,7,,1,0,2,14,A01
202100044179,1,7,,0,2,2,2,A01
202100044179,1,7,,0,2,0,0,B01
202100044180,2,32,,0,2,1,21,A01
202100044180,1,7,,0,2,3,21,B01
202100044181,1,7,,12,2,3,15,A01
202100044181,2,30,,0,2,1,1,B01
202100044182,2,33,,0,2,6,1,B01
202100044182,1,7,,0,2,3,2,A01
202100044183,1,50,,1,0,1,1,B01
202100044183,1,7,,0,2,8,22,A01
202100044184,3,7,,0,2,3,16,A01
202100044184,3,1,,0,2,3,5,B01
202100044185,1,7,,0,0,5,23,A01
202100044186,1,10,,0,2,3,16,A01
202100044186,3,1,,0,2,1,19,B01
202100044187,2,50,,0,1,0,19,A01
202100044188,1,30,,0,0,9,1,A01
202100044189,1,7,,0,1,1,9,A01
202100044190,2,33,,0,2,7,1,B01
202100044190,1,7,,0,2,1,1,A01
202100044191,1,7,,0,2,1,1,B01
202100044191,2,7,,3,2,1,13,A01
202100044192,3,1,,0,2,3,1,B01
202100044192,3,7,,13,2,3,1,A01
202100044193,0,7,,0,0,6,10,A01
202100044193,2,33,,0,2,1,1,B01
202100044194,2,33,,0,0,1,2,A01
202100044194,2,21,,0,2,5,15,B01
202100044195,1,7,,3,0,2,2,A01
202100044196,2,7,,0,2,1,17,A01
202100044196,1,33,,0,2,1,1,B01
202100044197,1,2,,0,0,0,1,A01
202100044198,2,7,,0,2,3,1,A01
202100044198,1,7,,0,2,3,1,B01
202100044199,2,13,,0,2,2,1,B01
202100044199,1,10,,0,2,2,13,A01
202100044200,1,10,,13,0,7,1,A01
202100044201,3,7,,0,2,3,14,B01
202100044201,3,7,,0,2,3,13,A01
202100044202,1,7,,0,0,9,1,A01
202100044203,1,7,,0,2,1,1,B01
202100044203,1,7,,0,2,3,9,A01
202100044204,3,32,,0,0,9,14,A01
202100044205,2,7,,0,2,3,13,A01
202100044205,1,15,,0,2,3,1,B01
202100044206,1,10,,0,0,4,1,B01
202100044206,1,10,,0,2,1,2,A01
202100044207,2,7,,5,0,1,0,D01
202100044207,2,10,,0,2,1,0,C01
202100044207,2,10,,1,0,1,0,B01
202100044207,2,7,,3,0,0,0,A01
202100044208,2,7,,0,2,2,5,A01
202100044208,1,7,,0,2,1,2,C01
202100044208,1,7,,0,2,1,5,B01
202100044209,3,10,,0,2,1,15,B01
202100044209,3,1,,0,2,1,1,A01
202100044210,1,2,,0,2,2,2,B01
202100044210,2,7,,0,2,3,9,A01
202100044211,1,33,,0,2,8,21,A01
202100044211,1,15,,0,2,2,16,B01
202100044212,1,2,,0,2,1,1,B01
202100044212,2,7,,0,2,2,15,A01
202100044213,2,7,,0,2,3,1,B01
202100044213,1,10,,0,2,6,13,A01
202100044214,3,7,,0,1,2,1,A01
202100044215,2,7,,0,1,5,4,A01
202100044216,1,7,,13,0,1,1,A01
202100044217,1,7,,13,0,9,1,A01
202100044218,1,7,,0,2,4,1,A01
202100044218,1,33,,0,2,1,1,B01
202100044219,1,10,,0,2,1,1,A01
202100044219,1,7,,0,2,4,1,B01
202100044220,1,7,,0,2,1,2,A01
202100044220,1,7,,0,2,4,1,B01
202100044221,2,15,,0,2,3,11,B01
202100044221,2,7,,0,2,2,1,A01
202100044222,1,7,,4,0,2,26,A01
202100044223,1,7,,0,2,1,1,A01
202100044223,1,7,,0,2,4,2,B01
202100044224,1,33,,0,2,0,26,A01
202100044224,1,7,,0,2,2,0,B01
202100044225,2,7,,0,2,1,2,B01
202100044225,2,7,,0,2,4,2,A01
202100044226,2,10,,0,2,4,2,A01
202100044226,2,13,,0,2,1,2,B01
202100044226,2,7,,0,2,4,0,C01
202100044226,2,10,,0,2,1,1,D01
202100044226,2,7,,0,2,4,2,E01
202100044226,2,7,,0,2,8,2,F01
202100044226,2,7,,0,2,0,2,G01
202100044227,1,7,,0,2,0,21,B01
202100044227,1,7,,0,2,6,26,A01
202100044228,2,33,,3,0,9,1,A01
202100044229,1,7,,0,2,6,1,C01
202100044229,1,7,,0,2,3,11,A01
202100044229,1,7,,0,2,2,1,B01
202100044230,1,10,,0,2,3,12,A01
202100044230,1,15,,0,2,5,11,B01
202100044231,1,10,,0,2,4,2,B01
202100044231,1,10,,0,2,1,2,A01
202100044231,1,7,,0,2,4,2,C01
202100044232,1,14,,0,2,3,2,A01
202100044232,1,7,,3,2,5,12,B01
202100044233,1,7,,0,2,1,26,A01
202100044233,1,7,,0,2,4,26,B01
202100044234,2,2,,0,2,1,1,B01
202100044234,2,7,,0,2,7,15,A01
202100044235,1,30,,0,1,1,1,A01
202100044236,1,7,,0,1,2,1,A01
202100044237,1,2,,0,0,9,1,A01
202100044238,1,7,,0,2,1,0,B01
202100044238,1,7,,0,2,4,0,A01
202100044239,1,50,,0,2,8,26,A01
202100044240,1,7,,4,0,2,1,A01
202100044241,1,33,,0,2,1,2,A01
202100044241,1,7,,0,2,4,2,B01
202100044242,1,7,,0,2,4,1,B01
202100044242,1,36,,1,2,1,1,A01
202100044243,2,7,,0,1,1,19,A01
202100044244,3,10,,14,0,3,1,A01
202100044245,2,1,,0,2,1,1,B01
202100044245,1,7,,0,2,5,15,A01
202100044246,1,2,,0,2,7,1,B01
202100044246,1,7,,0,2,8,11,A01
202100044247,1,10,,0,9,2,26,A01
202100044247,1,1,,0,2,7,26,B01
202100044248,0,7,,0,1,1,16,A01
202100044249,0,7,,0,2,7,0,B01
202100044249,2,7,,0,2,7,1,A01
202100044250,1,7,,0,2,6,22,A01
202100044250,1,50,,0,2,1,1,B01
202100044251,1,7,,0,2,8,1,A01
202100044251,0,50,,0,2,1,19,B01
202100044252,1,10,,0,2,1,9,A01
202100044252,2,33,,0,2,2,1,B01
202100044253,1,7,,0,2,8,19,B01
202100044253,1,7,,0,2,1,19,A01
202100044254,1,7,,0,2,1,2,A01
202100044254,1,7,,0,2,4,23,B01
202100044254,1,7,,0,2,4,23,C01
202100044255,2,7,,15,0,2,14,A01
202100044256,2,7,,0,2,3,1,A01
202100044256,1,7,,0,2,2,1,B01
202100044257,1,7,,0,2,7,1,B01
202100044257,1,2,,0,2,1,19,A01
202100044258,2,7,,0,2,1,2,C01
202100044258,2,7,,0,2,4,2,B01
202100044258,2,7,,0,2,4,15,A01
202100044259,-1,1,,0,2,1,19,B01
202100044259,2,7,,0,2,1,1,A01
202100044260,2,1,,1,0,1,1,B01
202100044260,2,10,,0,2,8,22,A01
202100044261,1,7,,1,2,1,2,A01
202100044261,2,7,,0,2,4,2,B01
202100044262,2,2,,0,0,7,26,B01
202100044263,1,80,,0,2,1,1,B01
202100044263,2,7,,0,2,2,15,A01
202100044264,3,7,,8,0,3,5,A01
202100044265,3,33,,1,0,1,26,A01
202100044266,3,50,,0,2,1,1,A01
202100044266,3,7,,0,2,3,1,B01
202100044267,1,7,,0,9,1,1,A01
202100044267,1,1,,0,2,8,1,B01
202100044268,0,10,,0,2,1,1,A01
202100044268,0,7,,0,2,5,1,B01
202100044269,0,7,,0,2,1,1,B01
202100044269,0,7,,0,2,1,13,A01
202100044270,1,2,,0,2,0,0,B01
202100044270,1,7,,0,2,1,15,A01
202100044271,2,7,,0,2,2,15,A01
202100044271,1,33,,0,2,1,1,B01
202100044272,1,7,,0,2,4,23,B01
202100044272,1,7,,0,2,1,2,A01
202100044273,1,10,,3,0,7,14,A01
202100044274,1,31,,0,2,1,1,B01
202100044274,2,7,,0,2,7,1,A01
202100044275,1,7,,0,2,1,2,A01
202100044275,1,7,,0,2,4,23,B01
202100044276,2,7,,8,0,1,1,A01
202100044277,1,7,,0,2,5,16,B01
202100044277,1,31,,0,2,1,7,A01
202100044278,1,7,,0,2,2,15,B01
202100044278,2,32,,0,2,1,1,A01
202100044279,3,33,,0,0,0,0,A01
202100044279,3,7,,0,0,0,0,B01
202100044280,3,7,,0,1,4,4,A01
202100044281,2,1,,0,2,1,19,A01
202100044281,1,7,,0,2,7,1,B01
202100044282,1,7,,0,2,2,12,Z01
202100044282,1,7,,0,2,7,1,B01
202100044282,1,38,1.0,0,2,3,1,A01
202100044283,3,7,,0,1,6,4,A01
202100044284,3,7,,0,2,1,2,A01
202100044284,3,7,,0,2,4,23,B01
202100044285,1,30,,0,2,9,0,B01
202100044285,2,7,,0,2,1,1,A01
202100044286,3,7,,0,2,1,26,A01
202100044286,3,7,,0,2,2,24,C01
202100044286,3,7,,0,2,7,1,B01
202100044287,3,7,,0,2,3,15,B01
202100044287,3,30,,0,2,7,17,A01
202100044288,2,10,,0,1,1,1,A01
202100044289,2,2,,0,2,1,1,A01
202100044289,2,7,,0,2,5,15,B01
202100044290,3,60,,0,2,1,19,D01
202100044290,1,7,,0,2,2,1,A01
202100044291,1,43,,0,2,4,3,B01
202100044291,1,7,,0,2,8,1,C01
202100044291,1,33,,0,2,1,3,A01
202100044292,1,7,,0,2,1,2,B01
202100044292,1,7,,0,2,4,2,A01
202100044293,1,33,,0,2,0,1,Z01
202100044293,1,1,,0,2,3,1,A01
202100044294,1,1,,0,2,8,19,B01
202100044294,2,7,,0,2,3,15,A01
202100044295,2,2,,0,2,5,1,B01
202100044295,2,7,,0,2,3,10,A01
202100044296,2,7,,0,2,8,22,B01
202100044296,2,1,,0,2,1,1,A01
202100044297,3,30,,0,2,1,17,B01
202100044297,3,80,,0,2,8,19,A01
202100044298,2,7,,0,2,3,2,A01
202100044298,2,32,,0,2,5,2,B01
202100044299,1,50,,0,1,1,5,A01
202100044300,2,7,,0,2,2,16,B01
202100044300,2,32,,0,2,3,18,A01
202100044301,2,33,,0,2,8,1,B01
202100044301,1,7,,0,2,3,15,A01
202100044302,2,50,,0,1,1,25,A01
202100044303,2,1,,0,1,1,1,A01
202100044304,1,30,,0,2,4,23,B01
202100044304,1,7,,0,2,1,2,A01
202100044305,1,7,,0,1,4,4,A01
202100044306,1,7,,0,1,3,1,A01
202100044307,1,7,,0,2,0,0,B01
202100044307,1,7,,0,2,0,19,A01
202100044308,2,7,,0,1,3,1,A01
202100044309,3,7,,0,2,0,0,C01
202100044309,-1,7,,0,2,8,1,B01
202100044309,-1,32,,0,2,1,1,A01
202100044310,1,10,,0,1,3,11,A01
202100044311,1,7,,0,1,0,11,A01
202100044312,1,7,,0,2,3,15,A01
202100044312,1,43,,0,2,1,17,B01
202100044313,1,7,,0,1,2,1,A01
202100044314,2,1,,0,1,1,1,A01
202100044315,0,7,,1,0,2,26,A01
202100044316,1,30,,0,2,1,1,A01
202100044316,2,10,,0,2,3,19,B01
202100044317,1,33,,0,1,1,1,A01
202100044318,1,7,,0,2,3,9,A01
202100044318,1,1,,0,2,7,1,B01
202100044319,2,7,,0,2,7,15,A01
202100044319,1,37,1.0,0,2,2,1,B01
202100044320,1,3,,0,2,1,1,A01
202100044320,1,1,,0,2,4,15,B01
202100044321,1,7,,0,2,3,19,A01
202100044321,2,2,,0,0,8,1,B01
202100044322,0,7,,0,2,2,1,A01
202100044322,0,2,,0,2,3,1,B01
202100044323,3,2,,0,0,8,15,A01
202100044324,3,21,,0,2,2,16,A01
202100044324,3,2,,0,2,1,18,B01
202100044325,1,10,,0,2,1,2,C01
202100044325,1,7,,0,2,3,1,B01
202100044325,1,7,,0,2,1,2,D01
202100044325,2,7,,0,2,3,13,A01
202100044326,2,7,,0,2,7,1,B01
202100044326,3,7,,0,2,1,19,A01
202100044327,2,7,,2,0,1,1,A01
202100044328,1,0,,0,2,0,0,A01
202100044328,1,1,,0,0,4,1,B01
202100044329,3,7,,1,2,7,13,A01
202100044329,3,7,,0,2,1,1,B01
202100044330,2,7,,13,0,1,14,A01
202100044331,1,17,,0,2,1,17,A01
202100044331,1,7,,0,2,8,26,B01
202100044332,2,2,,2,0,2,1,A01
202100044333,1,7,,0,2,1,1,A01
202100044333,2,7,,0,2,8,14,B01
202100044334,1,7,,2,0,3,13,A01
202100044335,0,7,,0,9,4,2,A01
202100044335,3,1,,0,0,4,1,B01
202100044336,2,7,,0,0,8,19,A01
202100044336,2,31,,0,2,3,21,B01
202100044337,1,10,,0,2,2,0,A01
202100044337,1,10,,0,2,6,0,B01
202100044338,1,10,,0,9,1,17,B01
202100044338,1,17,,0,2,0,1,A01
202100044339,3,7,,16,0,9,26,A01
202100044340,3,21,,0,1,5,17,A01
202100044341,1,7,,13,0,1,5,A01
202100044342,2,7,,13,0,1,1,A01
202100044343,1,7,,5,0,0,2,A01
202100044344,1,7,,0,2,1,1,B01
202100044344,2,7,,0,2,1,13,A01
202100044345,1,7,,0,0,1,1,A01
202100044346,2,14,,3,0,7,14,A01
202100044347,2,10,,0,2,8,21,B01
202100044347,1,7,,0,2,3,13,A01
202100044348,1,7,,0,2,7,2,A01
202100044349,1,10,,0,2,6,2,B01
202100044349,1,33,,0,2,1,2,A01
202100044350,1,10,,0,2,1,1,A01
202100044350,1,15,,0,2,4,2,B01
202100044351,2,7,,4,2,1,5,A01
202100044351,1,7,,4,2,1,1,B01
202100044352,3,7,,12,0,2,0,A01
202100044353,2,2,,9,0,0,1,A01
202100044354,1,7,,0,2,1,15,A01
202100044354,2,7,,8,2,3,1,B01
202100044355,2,7,,12,2,7,21,B01
202100044355,2,7,,0,1,1,9,A01
202100044356,2,7,,0,2,4,1,B01
202100044356,2,2,,0,2,2,1,A01
202100044357,3,30,,16,0,1,1,A01
202100044358,2,7,,0,2,1,16,A01
202100044358,2,7,,1,2,2,1,B01
202100044359,2,7,,3,0,1,16,A01
202100044360,2,7,,9,2,2,1,B01
202100044360,1,7,,0,2,2,15,A01
202100044361,1,7,,0,1,2,16,A01
202100044362,3,10,,2,0,3,1,A01
202100044363,1,7,,0,2,1,1,C01
202100044363,1,33,,3,2,1,1,B01
202100044363,1,7,,3,0,1,1,A01
202100044363,1,7,,0,2,3,1,D01
202100044364,1,7,,0,2,3,15,A01
202100044364,1,7,,0,2,3,1,B01
202100044365,1,7,,0,2,1,1,B01
202100044365,1,1,,0,2,8,15,A01
202100044366,1,7,,0,2,2,15,A01
202100044366,1,7,,0,2,3,1,B01
202100044367,1,10,,0,1,7,23,A01
202100044367,1,10,,0,2,1,2,B01
202100044368,3,30,,0,0,0,1,A01
202100044369,1,30,,0,2,1,1,B01
202100044369,2,30,,0,2,2,15,A01
202100044370,1,7,,0,2,2,1,A01
202100044370,1,37,1.0,0,2,1,1,B01
202100044371,1,30,,0,2,1,2,B01
202100044371,1,31,,0,2,4,23,A01
202100044372,1,0,,0,1,6,20,A01
202100044373,2,7,,1,0,2,14,A01
202100044374,3,7,,0,2,2,26,B01
202100044374,2,30,,0,2,2,26,A01
202100044375,0,10,,0,2,1,9,A01
202100044375,0,10,,0,2,8,1,B01
202100044376,1,7,,1,0,1,1,A01
202100044377,1,1,,0,2,1,1,A01
202100044377,0,3,,0,2,3,9,B01
202100044378,2,7,,8,0,3,13,A01
202100044379,2,7,,0,2,1,1,B01
202100044379,2,7,,0,2,6,13,A01
202100044380,2,7,,2,0,3,13,A01
202100044381,2,7,,4,0,6,1,A01
202100044382,3,7,,13,0,1,14,A01
202100044383,1,2,,0,2,8,13,A01
202100044383,2,10,,0,2,8,14,B01
202100044384,1,2,,0,0,0,1,A01
202100044385,2,7,,8,0,2,1,A01
202100044386,2,2,,6,0,2,1,A01
202100044387,0,7,,3,0,1,0,A01
202100044388,1,7,,0,2,3,15,B01
202100044388,2,33,,0,2,1,17,A01
202100044389,1,7,,0,1,1,16,B01
202100044390,1,7,,0,2,1,15,A01
202100044390,2,7,,0,2,1,1,B01
202100044391,1,7,,13,0,9,13,A01
202100044392,1,7,,12,0,1,2,A01
202100044393,1,1,,0,0,9,1,A01
202100044394,2,7,,13,0,2,0,A01
202100044395,1,7,,8,0,2,1,A01
202100044396,2,7,,13,0,7,1,D01
202100044396,1,7,,13,0,1,1,C01
202100044396,1,10,,0,2,3,1,B01
202100044396,1,10,,0,2,3,5,A01
202100044397,2,7,,0,2,1,1,B01
202100044397,2,7,,0,2,2,15,A01
202100044398,2,33,,0,0,0,1,A01
202100044399,1,33,,0,2,8,1,A01
202100044399,2,7,,0,2,8,0,B01
202100044400,2,33,,0,0,9,14,A01
202100044401,3,7,,13,2,1,1,B01
202100044401,3,7,,0,2,1,1,A01
202100044402,1,7,,0,2,3,13,A01
202100044402,2,7,,13,2,3,1,B01
202100044403,2,7,,2,0,2,1,A01
202100044404,1,7,,0,1,2,16,A01
202100044405,2,37,1.0,0,0,3,1,A01
202100044405,3,7,,0,0,1,15,B01
202100044406,2,7,,0,1,1,2,A01
202100044407,2,7,,2,0,1,14,A01
202100044408,3,7,,0,1,1,16,A01
202100044409,2,10,,0,2,3,0,B01
202100044409,1,10,,0,2,3,0,A01
202100044410,2,17,,13,0,8,1,B01
202100044411,1,7,,2,0,4,4,A01
202100044412,1,7,,13,2,7,13,A01
202100044412,2,7,,0,2,1,1,B01
202100044413,2,10,,0,2,5,23,B01
202100044413,2,30,,0,2,1,2,A01
202100044414,2,15,,3,0,3,2,A01
202100044415,1,7,,0,2,3,15,B01
202100044415,1,7,,13,2,2,17,A01
202100044416,1,7,,0,2,1,1,B01
202100044416,1,2,,0,2,4,2,A01
202100044417,2,7,,17,0,1,1,A01
202100044418,2,10,,0,2,3,1,B01
202100044418,1,7,,0,2,3,13,A01
202100044419,1,33,,0,0,9,1,A01
202100044420,1,7,,0,0,6,15,A01
202100044420,1,2,,0,2,3,1,B01
202100044421,1,2,,1,0,3,1,A01
202100044422,1,17,,0,0,3,1,A01
202100044423,2,7,,0,2,3,1,B01
202100044423,2,7,,0,2,7,4,A01
202100044424,1,7,,5,0,0,1,A01
202100044425,2,7,,0,2,1,0,Z01
202100044425,2,7,,0,2,4,1,A01
202100044426,1,7,,0,2,3,1,B01
202100044426,1,7,,0,2,1,17,A01
202100044426,1,7,,0,2,4,1,C01
202100044427,2,7,,0,2,2,1,A01
202100044427,2,33,,0,2,9,26,B01
202100044428,2,7,,0,0,3,13,A01
202100044429,1,7,,4,0,2,1,A01
202100044430,1,7,,0,2,6,2,B01
202100044430,2,7,,0,2,1,1,A01
202100044430,2,7,,0,2,1,1,C01
202100044431,1,7,,4,0,1,1,A01
202100044432,2,7,,0,0,9,1,A01
202100044433,1,7,,0,2,1,1,A01
202100044433,1,7,,0,2,4,2,B01
202100044434,2,7,,4,0,1,1,A01
202100044435,2,7,,4,0,1,1,A01
202100044436,1,7,,3,0,9,11,A01
202100044436,1,7,,0,9,0,0,B01
202100044437,2,7,,0,2,4,1,B01
202100044437,2,7,,0,2,4,1,C01
202100044437,2,7,,1,2,1,1,A01
202100044438,2,7,,3,0,9,1,A01
202100044439,1,7,,0,1,2,15,A01
202100044440,2,7,,0,2,3,15,A01
202100044440,1,2,,0,2,1,1,B01
202100044441,0,30,,1,0,2,26,A01
202100044442,1,7,,0,0,0,0,A01
202100044442,1,32,,0,0,0,0,B01
202100044443,3,10,,16,0,1,1,A01
202100044444,2,2,,0,2,8,1,A01
202100044444,2,7,,0,2,0,0,B01
202100044445,2,7,,4,0,1,1,A01
202100044446,1,7,,0,1,2,1,A01
202100044447,1,7,,0,2,7,2,B01
202100044447,1,7,,0,2,9,16,A01
202100044448,1,50,,12,0,8,26,A01
202100044449,1,7,,1,0,2,1,A01
202100044450,3,7,,0,1,0,1,A01
202100044451,3,7,,0,2,3,15,A01
202100044451,3,33,,0,2,1,1,B01
202100044452,1,7,,0,2,0,23,A01
202100044452,1,1,,1,0,7,1,B01
202100044453,1,7,,6,0,1,15,A01
202100044454,1,3,,8,0,3,14,A01
202100044455,1,2,,0,2,7,23,B01
202100044455,3,7,,0,2,5,20,A01
202100044456,2,7,,0,2,3,13,A01
202100044456,1,17,,0,2,3,21,B01
202100044457,1,1,,0,2,1,16,A01
202100044457,1,7,,0,9,8,1,B01
202100044458,0,2,,0,0,0,1,A01
202100044459,2,7,,3,0,6,15,A01
202100044460,2,7,,0,2,1,9,A01
202100044460,2,33,,0,2,7,1,B01
202100044461,3,33,,12,0,4,1,B01
202100044461,3,7,,0,2,2,2,A01
202100044462,2,7,,0,2,2,26,A01
202100044462,1,34,,0,2,1,1,B01
202100044463,1,7,,0,2,1,15,A01
202100044463,1,7,,0,2,3,0,B01
202100044464,2,1,,0,2,1,25,A01
202100044464,2,37,1.0,0,2,2,1,B01
202100044465,1,7,,0,2,4,1,B01
202100044465,1,10,,0,2,1,1,A01
202100044466,3,7,,7,0,3,1,A01
202100044467,2,7,,0,2,1,2,A01
202100044467,2,7,,0,2,4,2,B01
202100044468,1,7,,0,1,1,1,A01
202100044469,3,7,,0,2,3,15,A01
202100044469,3,32,,0,2,1,14,B01
202100044470,0,7,,0,2,3,15,B01
202100044470,0,30,,0,2,1,17,A01
202100044471,1,31,,12,0,3,14,A01
202100044472,2,33,,6,0,7,1,A01
202100044473,2,33,,0,2,3,3,A01
202100044473,2,10,,0,2,5,14,Z01
202100044474,1,32,,0,2,8,21,A01
202100044475,1,7,,0,2,4,23,C01
202100044475,1,7,,0,2,4,2,B01
202100044475,1,10,,0,2,1,2,A01
202100044476,3,33,,0,2,4,2,B01
202100044476,3,33,,0,2,1,2,A01
202100044477,1,7,,0,1,1,1,A01
202100044478,1,7,,0,1,1,1,A01
202100044479,2,50,,0,2,1,18,A01
202100044479,2,7,,0,2,2,22,Z01
202100044480,2,7,,0,2,0,10,Z01
202100044480,1,30,,0,2,1,1,A01
202100044481,2,80,,0,1,7,1,A01
202100044482,2,1,,0,2,1,1,B01
202100044482,2,7,,0,2,3,9,A01
202100044483,2,7,,0,2,7,16,A01
202100044483,2,1,,0,2,1,1,B01
202100044484,1,7,,0,2,2,15,A01
202100044484,2,32,,0,2,1,1,B01
202100044485,2,7,,0,2,3,15,A01
202100044485,2,30,,0,2,2,17,B01
202100044486,1,7,,7,0,1,1,A01
202100044487,2,1,,0,0,0,1,A01
202100044488,1,7,,0,2,1,1,B01
202100044488,1,2,,0,2,2,7,A01
202100044489,1,7,,0,9,7,16,A01
202100044489,1,1,,0,2,8,1,B01
202100044490,3,30,,4,0,3,17,A01
202100044491,1,7,,0,2,8,22,A01
202100044491,1,2,,14,2,1,17,B01
202100044492,0,31,,0,0,7,1,A01
202100044493,2,1,,14,2,3,1,B01
202100044493,2,7,,0,2,5,4,A01
202100044494,1,10,,0,2,5,23,B01
202100044494,1,30,,0,2,1,1,A01
202100044495,0,36,,0,0,2,0,A01
202100044496,2,7,,8,0,1,1,A01
202100044497,2,33,,0,0,0,1,A01
202100044498,2,7,,4,0,2,1,A01
202100044499,1,7,,0,2,1,1,B01
202100044499,1,7,,0,2,1,5,A01
202100044500,1,7,,2,0,1,1,A01
202100044501,3,7,,13,0,0,1,A01
202100044502,3,7,,0,0,9,0,A01
202100044503,2,7,,0,0,0,0,A01
202100044504,2,7,,17,0,1,1,A01
202100044505,1,7,,13,0,1,1,A01
202100044506,3,1,,0,2,7,2,A01
202100044506,3,1,,0,2,1,2,B01
202100044507,1,7,,0,5,1,1,A01
202100044508,2,2,,12,0,7,1,A01
202100044509,2,7,,2,0,1,1,A01
202100044510,1,7,,0,0,0,1,A01
202100044511,2,7,,2,0,2,13,A01
202100044512,1,10,,0,2,5,1,B01
202100044512,1,30,,0,2,8,9,A01
202100044513,2,7,,3,0,0,1,A01
202100044514,1,10,,13,0,1,0,A01
202100044515,0,30,,0,2,1,1,B01
202100044515,3,31,,0,2,1,5,A01
202100044516,3,7,,0,1,2,20,A01
202100044517,1,7,,0,2,3,13,A01
202100044517,2,7,,0,2,1,1,B01
202100044518,3,7,,0,1,4,4,A01
202100044519,2,7,,2,0,3,0,A01
202100044520,2,33,,12,0,8,1,A01
202100044521,1,7,,15,0,0,1,A01
202100044522,1,7,,0,1,3,11,A01
202100044523,3,7,,16,0,1,1,A01
202100044524,1,7,,13,0,9,1,A01
202100044525,1,2,,9,0,0,0,A01
202100044526,1,7,,14,0,1,1,A01
202100044527,1,7,,4,0,1,1,A01
202100044528,2,7,,4,2,9,1,A01
202100044529,1,7,,4,0,8,13,A01
202100044530,2,7,,4,0,0,0,A01
202100044531,1,7,,0,2,0,1,B01
202100044531,1,7,,0,2,3,1,A01
202100044532,1,33,,0,0,9,16,A01
202100044533,2,7,,0,2,2,1,A01
202100044533,2,7,,0,2,4,2,B01
202100044534,2,7,,13,0,9,26,A01
202100044535,1,30,,0,1,1,25,A01
202100044536,2,7,,0,2,2,1,A01
202100044536,2,7,,0,2,3,1,B01
202100044537,2,1,,0,1,1,1,A01
202100044538,2,33,,0,2,1,17,B01
202100044538,2,7,,0,2,3,10,A01
202100044539,2,32,,0,2,8,1,A01
202100044539,2,7,,0,2,2,15,B01
202100044540,1,33,,0,2,1,2,C01
202100044540,1,7,,0,2,9,2,B01
202100044540,1,13,,0,2,4,2,A01
202100044541,3,7,,0,2,1,2,B01
202100044541,3,7,,0,2,4,23,A01
202100044542,1,43,,0,2,1,2,B01
202100044542,1,7,,0,9,4,26,A01
202100044543,3,7,,0,2,2,1,A01
202100044543,3,7,,0,2,4,24,B01
202100044544,0,7,,0,2,1,1,B01
202100044544,0,7,,0,2,1,17,A01
202100044545,2,60,,0,2,3,13,A01
202100044545,2,7,,0,2,2,2,B01
202100044546,1,31,,14,0,7,1,A01
202100044547,2,7,,0,2,4,2,D01
202100044547,2,7,,0,2,4,2,C01
202100044547,2,7,,0,2,4,2,B01
202100044547,2,7,,0,2,1,2,A01
202100044548,1,7,,0,1,2,1,A01
202100044549,2,33,,0,2,1,1,B01
202100044549,0,2,,0,2,5,9,A01
202100044550,1,14,,0,2,3,1,B01
202100044550,2,7,,0,2,3,1,A01
202100044551,3,33,,0,2,1,25,B01
202100044551,3,7,,0,2,2,15,A01
202100044552,3,7,,0,1,1,1,A01
202100044553,1,7,,12,0,1,12,A01
202100044554,2,7,,0,2,1,1,A01
202100044554,1,10,,0,2,3,0,B01
202100044555,1,7,,0,2,8,22,A01
202100044555,1,1,,0,2,1,1,B01
202100044556,1,10,,0,1,1,0,A01
202100044557,2,7,,0,2,3,15,A01
202100044557,1,31,,0,2,8,1,B01
202100044558,2,10,,0,1,1,13,A01
202100044559,1,7,,0,2,6,1,B01
202100044559,1,1,,0,2,1,19,A01
202100044560,3,7,,0,2,1,2,A01
202100044560,3,7,,0,2,4,2,B01
202100044561,1,7,,0,2,9,1,A01
202100044561,1,7,,0,2,1,1,B01
202100044562,1,7,,0,2,1,1,B01
202100044562,1,7,,0,2,7,1,A01