Num_Acc,senc,catv,occutc,obs,obsm,choc,manv,num_veh
202100044563,2,7,,0,2,3,16,A01
202100044563,1,7,,0,2,1,1,B01
202100044564,1,7,,0,1,1,1,A01
202100044565,1,7,,0,1,4,1,B01
202100044565,1,7,,0,2,1,1,A01
202100044566,1,1,,0,2,3,19,B01
202100044566,1,0,,0,2,0,18,Z01
202100044567,1,7,,0,2,4,2,B01
202100044567,1,7,,0,2,1,2,A01
202100044568,1,2,,0,0,0,1,A01
202100044569,3,1,,0,2,1,2,A01
202100044569,1,7,,0,9,4,23,B01
202100044570,1,7,,0,2,1,1,A01
202100044570,2,13,,0,0,5,1,B01
202100044571,2,31,,8,0,1,26,RA01
202100044572,2,7,,2,0,1,1,A01
202100044573,0,7,,0,2,3,1,B01
202100044573,0,7,,0,2,1,15,A01
202100044574,3,7,,13,0,2,15,A01
202100044575,1,7,,0,2,4,2,B01
202100044575,1,7,,0,2,1,2,A01
202100044576,2,50,,0,2,1,15,A01
202100044576,1,7,,0,2,2,1,B01
202100044577,1,7,,0,2,1,2,A01
202100044577,1,2,,0,2,4,0,B01
202100044578,1,33,,1,2,1,1,E01
202100044578,2,7,,0,2,3,13,B01
202100044579,3,7,,0,2,3,2,B01
202100044579,3,15,,0,2,1,14,A01
202100044580,0,7,,0,2,1,26,A01
202100044580,0,7,,0,2,2,16,B01
202100044581,1,7,,0,2,1,15,A01
202100044581,1,10,,0,2,8,1,B01
202100044582,1,7,,0,2,6,19,A01
202100044582,1,50,,0,2,1,1,B01
202100044583,1,1,,5,0,1,1,A01
202100044584,1,7,,0,2,8,1,B01
202100044584,1,7,,0,2,1,1,A01
202100044585,2,10,,0,2,1,1,B01
202100044585,1,30,,0,2,1,17,A01
202100044586,0,7,,15,2,8,19,A01
202100044586,2,7,,0,2,1,21,B01
202100044587,1,7,,8,0,1,25,A01
202100044588,1,7,,0,2,2,9,A01
202100044588,1,30,,0,2,1,2,B01
202100044589,2,2,,0,1,1,1,Z01
202100044590,3,50,,0,1,1,1,A01
202100044591,2,43,,0,1,1,3,A01
202100044592,2,60,,0,2,8,16,C01
202100044592,2,1,,0,2,8,16,B01
202100044592,2,14,,0,2,2,16,A01
202100044593,3,10,,0,2,1,1,A01
202100044593,3,7,,0,2,4,23,B01
202100044594,2,2,,0,2,6,9,A01
202100044594,2,1,,0,2,1,1,B01
202100044595,1,7,,0,1,1,1,A01
202100044596,1,31,,0,0,3,15,A01
202100044597,2,10,,0,2,0,9,A01
202100044597,2,33,,0,2,0,21,B01
202100044598,1,7,,0,2,2,15,A01
202100044598,2,2,,0,2,1,1,B01
202100044599,2,31,,0,2,3,1,B01
202100044599,1,7,,0,2,1,15,A01
202100044600,1,7,,0,2,3,15,A01
202100044600,2,37,3.0,0,2,2,1,B01
202100044601,2,7,,0,2,3,15,A01
202100044601,1,31,,1,2,1,1,B01
202100044602,1,30,,0,2,1,2,A01
202100044602,1,7,,0,2,6,2,B01
202100044603,1,43,,0,2,1,1,A01
202100044603,1,7,,0,2,4,26,B01
202100044604,2,7,,0,2,1,2,A01
202100044604,2,7,,0,2,4,23,B01
202100044605,2,7,,0,1,1,1,A01
202100044605,1,7,,0,2,2,1,B01
202100044606,1,50,,0,1,1,0,A01
202100044607,1,33,,0,2,5,15,A01
202100044607,3,7,,0,2,4,26,B01
202100044608,1,7,,0,1,4,20,A01
202100044609,1,32,,0,2,1,1,B01
202100044609,1,10,,0,0,0,0,A01
202100044610,1,7,,0,9,1,1,A01
202100044610,3,99,,0,2,8,0,B01
202100044611,0,7,,1,2,1,26,B01
202100044611,1,30,,0,2,2,1,A01
202100044612,2,10,,0,2,3,15,A01
202100044612,2,32,,0,2,1,17,B01
202100044613,3,1,,0,1,8,1,A01
202100044614,2,1,,8,0,1,1,A01
202100044615,3,7,,0,2,1,9,Z01
202100044615,1,50,,0,2,7,1,B01
202100044616,1,32,,0,2,3,1,B01
202100044616,1,1,,0,2,2,12,A01
202100044617,2,7,,0,2,1,1,B01
202100044617,2,34,,0,2,1,1,A01
202100044618,2,7,,6,0,1,1,A01
202100044619,2,7,,15,0,2,14,A01
202100044620,1,7,,0,1,2,1,A01
202100044621,2,1,,0,0,0,0,A01
202100044622,3,7,,0,2,1,1,B01
202100044622,3,2,,0,2,1,13,A01
202100044623,3,7,,0,2,5,19,B01
202100044623,3,1,,0,2,3,1,A01
202100044624,1,2,,2,0,3,15,A01
202100044625,2,7,,0,0,0,19,B01
202100044625,1,33,,0,0,0,1,A01
202100044626,1,7,,0,2,1,1,B01
202100044626,2,7,,0,2,1,1,A01
202100044627,1,1,,0,0,8,15,A01
202100044627,1,2,,0,2,1,15,B01
202100044628,2,7,,8,2,3,13,A01
202100044628,1,7,,0,2,3,15,B01
202100044629,1,7,,2,0,1,1,A01
202100044630,3,7,,0,1,4,4,A01
202100044631,1,10,,0,0,1,1,B01
202100044631,2,7,,0,2,7,13,A01
202100044632,1,33,,0,2,3,17,B01
202100044632,1,7,,0,2,8,1,A01
202100044633,1,10,,0,1,2,1,A01
202100044634,1,7,,0,2,3,15,A01
202100044634,1,33,,0,2,1,17,B01
202100044635,1,7,,2,2,8,13,B01
202100044635,2,7,,2,2,8,1,A01
202100044636,2,33,,2,0,1,1,A01
202100044637,3,33,,0,2,2,17,A01
202100044637,3,21,,0,2,3,15,B01
202100044638,1,7,,2,0,1,2,A01
202100044638,1,7,,2,2,4,2,B01
202100044639,2,31,,2,2,1,0,A01
202100044639,2,33,,2,2,4,2,B01
202100044640,2,7,,0,9,8,1,A01
202100044640,1,1,,0,2,3,1,B01
202100044641,1,7,,0,0,3,13,A01
202100044641,2,7,,0,2,3,1,B01
202100044642,1,17,,0,2,2,1,A01
202100044642,1,13,,0,2,6,1,B01
202100044643,2,7,,0,2,6,1,B01
202100044643,2,7,,0,2,2,26,A01
202100044644,1,7,,0,2,8,2,C01
202100044644,1,7,,0,2,4,2,B01
202100044644,1,34,,0,2,1,2,A01
202100044645,2,7,,0,2,1,26,A01
202100044645,2,17,,0,2,4,0,B01
202100044646,1,7,,0,2,3,2,D01
202100044646,1,33,,0,2,0,3,B01
202100044646,1,7,,0,2,4,2,A01
202100044646,1,7,,0,2,2,2,C01
202100044647,1,7,,0,2,4,0,A01
202100044647,1,15,,0,2,2,0,B01
202100044648,1,10,,0,2,1,1,A01
202100044648,1,7,,0,2,4,1,B01
202100044648,1,7,,0,2,4,1,D01
202100044648,1,7,,0,2,4,1,C01
202100044649,1,14,,0,2,1,1,A01
202100044649,1,7,,0,2,4,1,B01
202100044650,1,7,,0,2,1,1,B01
202100044650,1,7,,0,2,0,0,A01
202100044651,2,7,,0,2,3,1,A01
202100044651,2,7,,0,2,7,16,B01
202100044652,3,7,,0,2,0,19,B01
202100044652,3,33,,0,2,7,1,A01
202100044653,3,7,,0,2,1,26,A01
202100044653,3,7,,0,2,1,0,B01
202100044654,2,2,,0,2,1,1,B01
202100044654,1,2,,0,2,1,1,A01
202100044655,0,2,,0,2,0,1,B01
202100044655,0,7,,0,2,0,1,A01
202100044656,2,1,,0,2,1,19,B01
202100044656,2,7,,0,2,2,1,A01
202100044657,1,7,,0,2,2,15,A01
202100044657,2,32,,0,2,1,1,B01
202100044658,3,10,,0,0,6,15,A01
202100044659,1,7,,0,1,4,26,B01
202100044659,1,7,,0,2,1,26,A01
202100044660,3,7,,0,2,3,1,A01
202100044660,3,7,,15,2,1,1,Z01
202100044661,1,1,,0,0,0,1,A01
202100044662,1,10,,0,1,2,15,A01
202100044663,2,7,,0,2,2,15,A01
202100044663,1,33,,0,2,1,0,B01
202100044664,-1,33,,0,2,8,1,B01
202100044664,-1,7,,0,2,8,13,A01
202100044665,1,7,,0,2,1,19,A01
202100044665,1,7,,0,2,2,1,B01
202100044666,3,37,1.0,0,1,1,1,A01
202100044667,3,7,,0,2,1,1,A01
202100044667,3,7,,8,2,3,1,C01
202100044667,3,7,,0,2,2,1,B01
202100044668,1,7,,0,2,3,1,B01
202100044668,1,30,,0,2,1,1,A01
202100044669,1,7,,0,2,1,1,B01
202100044669,2,7,,0,2,1,15,A01
202100044670,1,2,,0,2,1,1,B01
202100044670,2,7,,0,2,3,9,A01
202100044671,2,7,,0,2,2,16,A01
202100044671,2,30,,0,2,3,18,B01
202100044672,1,7,,0,2,8,15,B01
202100044672,1,30,,0,2,1,17,A01
202100044673,2,33,,0,2,1,13,A01
202100044673,1,7,,0,2,3,23,B01
202100044674,0,7,,0,2,8,9,A01
202100044674,1,7,,0,2,1,1,B01
202100044675,2,7,,0,2,1,1,A01
202100044675,1,30,,0,2,7,1,B01
202100044676,1,7,,0,2,1,9,A01
202100044676,1,7,,0,2,3,1,B01
202100044677,3,1,,0,2,7,19,B01
202100044677,2,7,,0,2,1,1,A01
202100044678,3,31,,0,1,1,1,A01
202100044679,1,7,,0,1,7,1,A01
202100044680,3,10,,0,2,6,16,B01
202100044680,3,33,,0,2,1,16,A01
202100044681,0,3,,0,2,0,15,A01
202100044681,0,32,,0,2,1,1,B01
202100044682,0,0,,0,2,1,2,B01
202100044682,2,30,,0,2,4,1,A01
202100044683,2,7,,0,2,6,15,B01
202100044683,2,33,,0,2,1,17,A01
202100044684,2,7,,0,2,3,1,B01
202100044684,1,31,,0,2,6,1,A01
202100044685,3,2,,0,2,7,0,B01
202100044685,3,7,,0,2,1,1,A01
202100044686,3,1,,0,2,8,0,B01
202100044686,3,7,,0,2,1,1,A01
202100044687,3,30,,14,0,9,1,A01
202100044688,3,1,,0,2,4,1,B01
202100044688,1,7,,0,2,1,1,A01
202100044689,0,7,,0,1,2,1,A01
202100044690,3,10,,0,0,0,9,A01
202100044690,1,80,,8,0,1,0,B01
202100044691,3,7,,0,1,1,1,B01
202100044692,1,0,,0,1,0,0,Z01
202100044693,1,33,,0,2,2,1,B01
202100044693,2,7,,0,2,3,9,A01
202100044694,2,7,,0,2,1,1,A01
202100044694,1,7,,0,2,2,1,B01
202100044695,2,7,,3,0,3,13,B01
202100044695,2,7,,0,2,7,1,A01
202100044696,0,7,,0,1,2,1,A01
202100044697,1,7,,0,2,1,1,B01
202100044697,1,7,,0,2,1,13,A01
202100044698,2,1,,0,2,8,1,B01
202100044698,2,7,,0,2,2,21,A01
202100044699,2,7,,0,2,3,9,B01
202100044699,1,7,,0,2,1,17,A01
202100044700,1,7,,0,2,3,1,A01
202100044700,1,7,,0,2,2,1,B01
202100044701,3,10,,0,2,3,9,A01
202100044701,3,7,,0,2,2,1,B01
202100044702,1,7,,0,1,2,9,A01
202100044703,3,7,,0,2,3,23,B01
202100044703,2,1,,0,2,1,1,A01
202100044704,1,7,,0,2,1,1,A01
202100044704,1,7,,0,2,4,23,B01
202100044705,1,7,,0,1,1,1,A01
202100044706,2,32,,0,0,2,1,A01
202100044707,1,10,,0,2,7,1,A01
202100044707,1,43,,0,2,1,1,B01
202100044708,3,33,,0,9,1,1,A01
202100044709,2,32,,9,2,8,1,A01
202100044709,3,7,,9,2,1,15,B01
202100044710,1,33,,0,2,4,1,B01
202100044710,1,10,,9,2,1,1,A01
202100044711,2,34,,0,2,5,1,B01
202100044711,2,7,,0,2,3,1,A01
202100044712,2,50,,0,1,1,14,A01
202100044713,1,80,,0,0,1,15,A01
202100044714,2,1,,0,1,7,1,A01
202100044715,3,31,,0,2,1,1,A01
202100044715,3,10,,0,2,4,16,B01
202100044716,1,10,,0,2,2,17,A01
202100044716,1,7,,0,2,3,15,B01
202100044717,1,1,,0,2,5,19,B01
202100044717,1,43,,0,2,2,1,A01
202100044718,2,7,,0,2,3,1,A01
202100044718,2,50,,0,2,4,1,B01
202100044719,2,7,,0,2,1,16,B01
202100044719,2,33,,0,2,7,1,A01
202100044719,1,7,,0,2,3,1,C01
202100044720,1,7,,0,2,3,13,A01
202100044720,1,30,,0,2,7,1,B01
202100044721,1,33,,0,2,1,1,B01
202100044721,1,7,,0,2,2,1,A01
202100044722,1,7,,0,2,7,16,A01
202100044722,1,1,,0,2,4,1,B01
202100044723,1,50,,1,0,1,1,B01
202100044724,2,7,,0,1,1,1,A01
202100044725,1,2,,0,2,8,1,B01
202100044725,1,7,,0,2,7,9,A01
202100044726,1,7,,11,2,2,1,A01
202100044726,1,10,,0,2,7,1,B01
202100044727,1,7,,0,2,3,15,A01
202100044727,1,2,,0,2,7,17,B01
202100044728,0,7,,0,1,1,15,A01
202100044729,3,7,,0,9,8,22,A01
202100044729,3,1,,1,0,1,1,B01
202100044730,3,1,,0,2,1,19,B01
202100044730,2,10,,0,2,7,1,A01
202100044731,1,10,,15,0,7,9,B01
202100044731,1,7,,0,2,1,1,A01
202100044732,1,1,,0,2,8,1,A01
202100044732,1,7,,0,2,2,1,B01
202100044733,1,7,,13,0,1,13,A01
202100044734,0,7,,0,1,4,4,A01
202100044735,1,10,,0,0,0,15,A01
202100044735,2,2,,0,0,0,5,B01
202100044736,1,7,,0,0,9,1,A01
202100044737,2,7,,2,0,2,1,A01
202100044738,1,7,,0,1,1,15,A01
202100044739,1,7,,0,0,3,13,A01
202100044739,1,31,,0,2,1,14,B01
202100044740,1,7,,13,0,1,0,A01
202100044741,1,50,,0,2,1,15,A01
202100044741,1,7,,0,2,1,0,B01
202100044742,2,10,,0,0,8,1,A01
202100044742,1,7,,0,2,3,1,B01
202100044743,2,34,,12,0,1,1,A01
202100044744,1,7,,0,2,4,2,B01
202100044744,1,7,,0,2,3,2,C01
202100044744,1,7,,0,2,4,2,A01
202100044745,1,7,,0,2,1,17,A01
202100044745,2,7,,0,2,1,1,B01
202100044746,1,7,,0,1,1,15,A01
202100044747,1,1,,0,0,1,0,A01
202100044748,2,7,,0,2,1,1,B01
202100044748,1,7,,0,2,2,15,A01
202100044749,2,7,,0,2,1,1,B01
202100044749,1,3,,0,2,3,11,A01
202100044749,2,7,,0,2,3,23,C01
202100044750,1,7,,0,2,5,1,A01
202100044750,1,33,,0,2,1,1,B01
202100044751,1,7,,0,0,1,1,B01
202100044751,1,7,,0,0,1,13,A01
202100044752,1,7,,0,2,1,13,A01
202100044752,2,7,,0,2,1,0,B01
202100044753,0,1,,0,2,8,1,A01
202100044753,1,7,,0,9,1,1,B01
202100044754,2,10,,0,2,1,1,B01
202100044754,1,31,,0,2,3,1,A01
202100044755,2,7,,13,0,1,1,A01
202100044756,2,33,,14,0,9,1,A01
202100044757,2,10,,15,0,3,1,A01
202100044758,3,7,,0,2,8,1,B01
202100044758,3,2,,0,2,1,1,A01
202100044759,2,15,,0,0,6,1,B01
202100044759,2,10,,0,2,2,1,A01
202100044760,1,15,,0,0,4,23,A01
202100044760,1,7,,14,2,1,1,B01
202100044760,1,7,,0,0,4,1,C01
202100044760,1,7,,14,2,1,1,D01
202100044760,1,10,,0,0,6,1,E01
202100044761,2,10,,3,2,3,1,B01
202100044761,1,7,,0,2,3,13,A01
202100044761,1,10,,0,2,3,1,C01
202100044762,1,7,,0,0,8,9,A01
202100044762,1,33,,0,2,1,1,B01
202100044763,1,7,,0,1,2,1,A01
202100044764,3,2,,0,2,1,13,B01
202100044764,3,7,,0,2,2,1,A01
202100044765,1,7,,0,0,3,1,A01
202100044765,1,7,,1,0,4,23,B01
202100044766,1,1,,0,2,1,19,A01
202100044766,2,38,1.0,0,2,1,1,B01
202100044767,2,7,,0,2,3,1,A01
202100044767,1,7,,0,2,3,1,B01
202100044767,2,7,,10,2,1,1,C01
202100044768,2,31,,13,9,2,1,A01
202100044769,1,17,,6,0,3,1,A01
202100044770,3,2,,0,0,3,0,A01
202100044771,-1,7,,0,2,1,0,B01
202100044771,-1,7,,0,2,1,13,A01
202100044772,1,2,,12,0,3,1,A01
202100044773,2,10,,0,2,1,1,B01
202100044773,2,36,,0,2,7,19,A01
202100044774,2,31,,0,2,8,1,A01
202100044774,2,0,,0,2,5,1,B01
202100044775,1,7,,0,2,8,1,B01
202100044775,1,15,,0,2,7,12,A01
202100044776,2,0,,0,2,1,2,Z01
202100044776,2,10,,0,2,4,1,A01
202100044777,2,7,,3,0,1,9,A01
202100044778,1,7,,0,2,6,1,B01
202100044778,1,33,,4,2,3,11,A01
202100044779,1,7,,0,2,5,1,B01
202100044779,1,7,,0,2,3,12,A01
202100044780,1,7,,0,2,5,12,A01
202100044780,1,10,,0,2,3,2,B01
202100044781,1,7,,0,2,4,1,B01
202100044781,1,10,,0,2,1,1,A01
202100044782,1,10,,0,2,5,12,A01
202100044782,1,33,,0,2,1,2,B01
202100044783,1,33,,5,2,1,1,A01
202100044783,1,7,,0,2,7,1,B01
202100044784,2,7,,0,2,6,1,A01
202100044784,2,10,,0,2,1,0,Z01
202100044785,2,15,,0,1,1,9,A01
202100044786,1,7,,0,2,2,19,A01
202100044786,2,32,,0,2,7,1,B01
202100044787,3,7,,0,1,1,15,A01
202100044788,1,7,,0,1,1,9,A01
202100044789,3,7,,0,1,3,15,A01
202100044790,2,7,,0,2,1,2,A01
202100044790,2,7,,0,2,4,2,B01
202100044791,1,10,,0,2,1,2,A01
202100044791,1,7,,0,2,4,2,B01
202100044792,1,7,,0,2,4,1,C01
202100044792,1,10,,0,2,2,2,A01
202100044792,1,7,,0,2,4,1,B01
202100044792,1,7,,0,2,6,1,D01
202100044793,2,7,,0,2,2,19,A01
202100044793,1,7,,0,2,2,16,C01
202100044793,2,7,,0,2,6,2,B01
202100044794,2,32,,0,0,8,1,A01
202100044795,3,7,,0,1,2,26,A01
202100044796,3,7,,0,1,2,15,Z01
202100044797,3,1,,0,2,1,26,B01
202100044797,3,7,,0,2,1,26,A01
202100044798,2,1,,0,0,7,1,A01
202100044799,2,1,,0,0,0,1,A01
202100044800,1,32,,0,2,1,1,A01
202100044800,2,7,,0,2,6,1,B01
202100044801,1,7,,0,1,2,1,A01
202100044802,1,7,,0,0,0,20,A01
202100044802,1,33,,6,0,3,21,B01
202100044803,1,7,,0,2,1,16,A01
202100044803,1,7,,0,2,1,1,B01
202100044804,1,33,,0,2,8,1,B01
202100044805,2,2,,0,2,1,2,A01
202100044805,2,7,,0,2,6,2,B01
202100044806,1,7,,0,1,1,15,A01
202100044807,1,7,,0,1,1,1,A01
202100044808,1,37,1.0,0,2,5,1,B01
202100044808,3,1,,0,2,1,19,A01
202100044809,1,1,,0,2,2,1,B01
202100044809,2,7,,0,2,3,15,A01
202100044810,3,7,,0,1,3,1,A01
202100044811,1,30,,0,0,0,1,A01
202100044812,1,10,,0,2,1,15,A01
202100044812,2,33,,0,2,1,1,B01
202100044813,1,7,,0,2,1,9,A01
202100044813,1,1,,0,2,7,0,B01
202100044814,1,7,,0,2,1,1,B01
202100044814,2,7,,0,2,7,19,A01
202100044815,2,7,,0,1,2,15,A01
202100044816,1,43,,0,2,1,2,A01
202100044816,1,7,,0,2,4,2,B01
202100044817,2,7,,0,2,2,9,A01
202100044817,1,7,,0,2,3,1,B01
202100044818,3,50,,0,2,8,19,B01
202100044818,3,7,,0,2,2,1,A01
202100044819,0,3,,0,1,4,4,A01
202100044820,3,7,,0,2,6,1,B01
202100044820,3,1,,0,2,1,19,A01
202100044821,1,7,,0,2,6,15,B01
202100044821,1,7,,0,2,1,2,A01
202100044822,2,1,,0,2,8,15,B01
202100044822,1,7,,0,2,3,15,A01
202100044823,3,7,,0,2,3,15,A01
202100044823,3,1,,0,2,8,1,B01
202100044824,0,1,,0,0,1,2,A01
202100044825,2,2,,0,2,4,1,B01
202100044825,2,7,,0,2,3,1,A01
202100044826,1,30,,0,1,1,18,A01
202100044827,3,7,,0,2,2,2,B01
202100044827,3,2,,0,2,1,9,A01
202100044828,3,1,,0,2,4,15,A01
202100044828,3,7,,0,2,0,0,Z01
202100044829,1,7,,0,2,4,2,C01
202100044829,1,10,,0,2,4,2,B01
202100044829,1,10,,0,2,1,2,A01
202100044830,2,43,,0,2,6,2,B01
202100044830,2,7,,0,2,1,2,A01
202100044831,1,10,,0,2,1,2,A01
202100044831,1,10,,0,2,4,2,B01
202100044832,1,10,,0,2,8,10,A01
202100044832,1,32,,0,2,2,1,B01
202100044833,2,7,,0,2,3,10,Z01
202100044833,1,32,,0,2,3,1,A01
202100044834,1,32,,0,2,3,18,A01
202100044834,1,38,1.0,0,2,2,12,B01
202100044835,1,50,,0,1,1,1,A01
202100044836,3,30,,8,0,3,16,A01
202100044837,1,7,,0,1,4,4,A01
202100044838,1,7,,0,2,1,1,A01
202100044838,2,1,,0,2,0,9,B01
202100044839,1,1,,0,2,8,18,B01
202100044839,1,13,,0,2,8,15,A01
202100044840,1,30,,1,0,1,17,B01
202100044840,1,7,,0,0,6,23,A01
202100044841,2,14,,0,0,0,0,A01
202100044842,1,30,,0,2,7,9,A01
202100044842,1,7,,0,2,1,1,B01
202100044843,1,7,,0,2,1,1,A01
202100044843,1,7,,0,2,6,1,B01
202100044844,2,30,,15,0,8,13,A01
202100044845,1,20,,0,2,7,24,B01
202100044845,1,7,,1,0,1,1,A01
202100044846,3,30,,0,1,1,17,A01
202100044847,1,2,,0,2,8,1,B01
202100044847,1,37,1.0,0,2,7,14,A01
202100044848,1,7,,0,2,1,26,B01
202100044848,1,7,,0,2,1,26,A01
202100044849,3,7,,0,1,3,26,A01
202100044850,1,32,,0,2,5,17,B01
202100044850,1,7,,0,2,2,9,A01
202100044851,2,7,,0,1,2,1,A01
202100044852,1,10,,0,2,4,1,C01
202100044852,1,7,,0,2,4,1,B01
202100044852,1,10,,0,2,4,1,A01
202100044853,1,7,,0,1,1,16,A01
202100044854,1,7,,0,2,3,15,A01
202100044854,1,32,,0,2,1,1,B01
202100044855,2,30,,0,2,2,1,A01
202100044855,2,7,,0,2,5,16,B01
202100044856,1,2,,0,2,4,15,B01
202100044856,1,10,,0,2,1,15,A01
202100044857,3,2,,0,0,1,1,A01
202100044858,1,7,,0,2,2,1,A01
202100044858,2,7,,0,2,1,1,B01
202100044859,3,7,,0,2,3,1,A01
202100044859,3,2,,0,2,1,0,B01
202100044860,2,10,,0,1,3,15,A01
202100044861,2,3,,0,2,3,19,A01
202100044861,2,31,,0,2,1,1,B01
202100044862,1,7,,0,2,8,1,B01
202100044862,2,33,,0,2,8,13,A01
202100044863,1,1,,0,2,1,19,B01
202100044863,1,7,,0,2,2,1,A01
202100044864,2,7,,0,2,2,24,B01
202100044864,0,7,,1,0,2,21,A01
202100044865,0,33,,0,2,1,21,B01
202100044865,0,10,,0,2,2,19,A01
202100044866,1,1,,0,2,8,15,B01
202100044866,1,7,,0,2,2,17,A01
202100044867,1,7,,0,1,2,1,A01
202100044868,3,7,,0,2,2,1,B01
202100044868,3,1,,0,2,1,19,A01
202100044869,1,7,,13,0,9,1,A01
202100044870,1,7,,13,0,1,13,A01
202100044871,3,1,,0,2,3,9,A01
202100044871,1,10,,0,9,7,1,B01
202100044872,2,7,,16,0,2,1,A01
202100044873,2,15,,0,2,2,1,B01
202100044873,2,7,,0,2,8,10,A01
202100044874,1,7,,0,0,3,23,B01
202100044874,1,7,,0,2,1,6,A01
202100044875,0,7,,0,1,2,0,A01
202100044876,3,7,,0,2,0,1,A01
202100044876,3,7,,0,9,3,1,B01
202100044877,1,80,,0,2,8,13,A01
202100044877,1,7,,0,9,2,17,B01
202100044878,1,33,,16,0,0,1,A01
202100044879,2,7,,0,0,0,1,A01
202100044880,2,7,,0,2,3,1,B01
202100044880,1,7,,0,2,3,13,A01
202100044881,1,7,,0,2,3,1,B01
202100044881,3,1,,0,2,1,19,A01
202100044882,0,7,,0,0,8,9,B01
202100044882,2,33,,1,2,1,1,A01
202100044883,1,7,,13,0,0,0,A01
202100044884,1,7,,0,1,0,1,A01
202100044885,3,31,,0,2,5,26,A01
202100044885,3,31,,0,2,5,26,B01
202100044886,2,7,,2,0,0,1,A01
202100044887,1,7,,0,2,8,23,B01
202100044887,1,7,,6,2,2,13,A01
202100044888,1,7,,0,2,3,1,B01
202100044888,2,7,,0,2,3,1,A01
202100044889,1,7,,0,2,2,17,A01
202100044889,1,21,,0,0,8,15,B01
202100044890,2,33,,0,2,7,17,A01
202100044890,2,10,,0,2,3,15,B01
202100044891,2,7,,4,0,1,1,A01
202100044892,2,17,,0,0,6,2,B01
202100044892,2,10,,0,2,2,1,A01
202100044893,2,7,,0,1,3,11,A01
202100044894,1,7,,0,5,1,1,A01
202100044895,1,7,,0,1,2,2,A01
202100044896,3,2,,0,2,1,1,A01
202100044896,3,1,,0,2,1,2,B01
202100044897,3,36,,6,0,3,1,A01
202100044898,3,2,,0,2,2,26,C01
202100044898,0,7,,0,0,6,9,A01
202100044899,0,1,,0,0,4,2,B01
202100044899,0,10,,0,2,2,1,A01
202100044900,1,7,,0,2,1,1,B01
202100044900,1,7,,0,2,4,9,A01
202100044901,1,15,,0,2,6,1,A01
202100044901,1,33,,0,2,1,3,B01
202100044902,1,43,,0,0,1,21,A01
202100044903,1,7,,0,1,1,1,A01
202100044904,1,7,,0,1,3,15,A01
202100044905,1,1,,0,2,8,26,A01
202100044905,1,7,,0,2,2,15,Z01
202100044906,2,33,,0,2,1,1,B01
202100044906,2,7,,0,2,8,10,A01
202100044907,1,7,,0,1,3,1,A01
202100044908,3,7,,0,1,2,15,A01
202100044909,2,7,,0,2,3,1,A01
202100044909,2,1,,0,2,7,1,Y01
202100044910,1,7,,0,2,5,16,A01
202100044910,1,37,3.0,0,2,3,1,B01
202100044911,1,7,,4,0,1,26,A01
202100044912,1,1,,0,2,0,0,B01
202100044912,1,7,,0,2,3,9,A01
202100044913,1,7,,0,1,2,1,A01
202100044914,2,30,,1,0,1,14,A01
202100044915,3,33,,0,2,1,17,B01
202100044915,3,7,,0,2,2,19,A01
202100044916,3,31,,0,0,1,1,A01
202100044916,3,7,,0,2,4,1,B01
202100044917,1,43,,0,2,2,17,B01
202100044917,1,7,,0,2,3,15,A01
202100044918,2,3,,0,0,1,13,A01
202100044919,1,7,,0,1,1,1,A01
202100044920,0,37,1.0,1,2,1,1,A01
202100044920,3,1,,0,2,1,1,B01
202100044921,3,7,,0,2,3,1,A01
202100044921,3,60,,8,2,2,19,B01
202100044922,2,7,,6,0,1,14,A01
202100044923,2,7,,0,2,3,16,A01
202100044923,2,7,,0,2,2,1,B01
202100044924,2,7,,0,2,1,0,A01
202100044924,2,7,,0,2,4,0,B01
202100044925,1,7,,0,1,1,1,A01
202100044926,3,7,,0,2,7,26,A01
202100044926,3,7,,0,2,1,1,B01
202100044927,1,7,,0,1,3,1,A01
202100044928,1,7,,0,1,3,17,A01
202100044929,1,32,,0,2,7,2,B01
202100044929,1,7,,0,2,0,2,Z01
202100044930,1,7,,0,9,1,1,A01
202100044930,1,50,,0,2,1,19,B01
202100044931,2,7,,0,2,3,1,A01
202100044931,2,7,,0,2,5,16,B01
202100044932,2,7,,0,2,2,15,A01
202100044932,1,2,,0,2,1,1,B01
202100044933,1,7,,0,1,4,4,A01
202100044934,2,2,,0,2,8,1,B01
202100044934,1,7,,0,2,2,15,A01
202100044935,2,34,,0,0,7,1,A01
202100044936,3,7,,0,1,3,1,A01
202100044937,3,32,,0,0,0,1,B01
202100044938,3,7,,1,0,2,13,A01
202100044939,1,30,,0,0,1,1,A01
202100044940,1,7,,13,0,3,13,A01
202100044941,2,33,,0,0,0,1,A01
202100044942,2,1,,0,2,8,1,B01
202100044942,2,10,,0,2,5,17,A01
202100044943,2,7,,0,2,4,1,B01
202100044943,2,30,,0,2,1,2,A01
202100044944,1,50,,0,2,4,0,A01
202100044944,1,7,,0,2,0,0,B01
202100044945,2,7,,0,2,1,1,B01
202100044945,3,7,,0,2,6,20,A01
202100044946,1,7,,0,2,1,2,A01
202100044946,1,7,,0,2,4,2,B01
202100044947,3,7,,0,2,5,15,B01
202100044947,3,7,,0,2,3,1,A01
202100044948,0,33,,13,0,0,26,A01
202100044949,2,1,,0,2,1,1,B01
202100044949,2,7,,0,2,2,9,A01