Num_Acc,senc,catv,occutc,obs,obsm,choc,manv,num_veh
202100044950,1,7,,0,2,7,1,A01
202100044950,1,7,,0,2,1,1,B01
202100044951,1,7,,0,0,1,1,A01
202100044952,3,2,,0,0,1,1,A01
202100044953,1,7,,0,2,4,2,B01
202100044953,1,7,,0,2,1,2,A01
202100044954,1,7,,0,9,3,0,A01
202100044954,3,1,,0,2,1,1,B01
202100044955,1,33,,0,0,1,26,A01
202100044956,0,33,,0,5,5,9,A01
202100044957,1,7,,0,2,4,1,C01
202100044957,1,7,,0,2,4,1,D01
202100044957,1,10,,0,2,1,1,A01
202100044957,2,7,,0,2,4,1,B01
202100044958,1,30,,8,0,1,21,A01
202100044959,3,33,,8,0,0,1,A01
202100044960,0,7,,0,2,2,19,A01
202100044960,0,7,,0,2,2,1,B01
202100044961,1,7,,0,2,3,1,A01
202100044961,1,33,,0,2,2,12,B01
202100044962,1,7,,0,2,1,1,Z01
202100044962,1,7,,0,2,3,15,A01
202100044963,0,10,,0,2,5,15,A01
202100044963,0,32,,0,2,1,1,B01
202100044964,3,7,,0,2,8,0,A01
202100044964,3,7,,0,2,1,0,B01
202100044965,3,1,,0,2,1,1,B01
202100044965,3,38,1.0,0,9,1,26,A01
202100044966,1,7,,0,2,2,20,B01
202100044966,1,30,,0,2,3,18,A01
202100044967,0,7,,0,2,1,13,A01
202100044967,0,7,,0,2,1,1,B01
202100044968,2,7,,0,2,3,15,A01
202100044968,2,32,,0,2,1,17,B01
202100044969,1,33,,0,2,3,17,B01
202100044969,1,7,,0,2,8,10,A01
202100044970,1,7,,0,2,1,1,A01
202100044970,1,7,,0,2,4,1,D01
202100044970,1,7,,0,2,4,1,C01
202100044970,1,7,,0,2,4,1,B01
202100044971,2,1,,12,0,0,15,A01
202100044972,3,50,,0,2,1,19,Z01
202100044972,1,7,,0,2,5,16,A01
202100044973,3,7,,11,0,1,13,A01
202100044974,1,31,,0,1,2,1,A01
202100044974,2,7,,0,2,3,1,B01
202100044975,2,1,,0,2,3,19,B01
202100044975,2,34,,0,2,1,1,A01
202100044976,2,1,,0,2,4,2,B01
202100044976,2,7,,0,2,1,2,A01
202100044977,1,10,,0,2,3,15,A01
202100044977,1,1,,0,2,1,1,B01
202100044978,1,7,,0,1,1,1,A01
202100044979,1,7,,0,2,1,1,A01
202100044979,1,10,,0,2,4,1,B01
202100044980,1,2,,0,2,1,1,B01
202100044980,2,10,,0,2,2,10,A01
202100044981,1,33,,0,1,1,1,A01
202100044982,1,7,,0,2,1,1,B01
202100044982,1,7,,0,2,8,1,A01
202100044983,0,7,,0,2,1,0,A01
202100044983,2,60,,0,2,7,19,Y01
202100044984,3,14,,1,0,4,23,B01
202100044984,3,34,,14,0,1,14,A01
202100044985,2,7,,0,2,5,15,A01
202100044985,1,2,,0,2,1,1,B01
202100044986,1,7,,2,0,1,0,A01
202100044987,-1,7,,0,2,1,1,B01
202100044987,-1,7,,0,2,7,15,A01
202100044988,2,2,,0,2,3,0,B01
202100044988,2,7,,0,2,2,16,A01
202100044989,2,7,,0,2,8,1,B01
202100044989,1,30,,0,2,1,15,A01
202100044990,1,7,,0,2,3,19,A01
202100044990,1,7,,0,2,2,19,B01
202100044991,3,10,,0,2,5,26,A01
202100044991,3,30,,0,2,1,0,B01
202100044992,1,50,,0,2,1,1,B01
202100044992,2,7,,0,2,8,10,A01
202100044993,2,43,,0,2,1,1,B01
202100044993,2,2,,0,2,6,9,A01
202100044994,2,15,,0,2,8,1,B01
202100044994,1,2,,0,2,8,13,A01
202100044995,0,2,,0,2,2,1,A01
202100044995,0,7,,0,2,3,10,B01
202100044996,2,1,,0,2,1,1,B01
202100044996,1,7,,0,9,2,15,A01
202100044997,1,7,,0,0,9,0,A01
202100044998,1,80,,0,2,8,1,B01
202100044998,1,7,,0,2,2,1,A01
202100044999,1,7,,0,2,3,1,A01
202100044999,2,2,,0,2,1,1,B01
202100044999,2,2,,0,2,1,13,C01
202100045000,3,2,,0,0,1,0,A01
202100045001,0,14,,2,0,1,1,A01
202100045002,1,16,,0,2,3,1,B01
202100045002,2,16,,3,2,1,13,A01
202100045003,2,13,,0,2,3,1,B01
202100045003,1,10,,0,2,8,10,A01
202100045004,1,7,,0,2,1,13,A01
202100045004,1,14,,0,2,1,1,B01
202100045004,1,7,,0,2,1,1,C01
202100045005,1,33,,0,2,1,1,B01
202100045005,2,7,,0,2,3,15,A01
202100045006,1,7,,0,9,1,1,B01
202100045006,2,7,,0,2,1,15,A01
202100045007,2,7,,13,0,2,1,A01
202100045008,2,7,,3,0,3,1,A01
202100045009,2,7,,0,2,7,2,A01
202100045009,2,10,,0,2,8,2,B01
202100045010,2,7,,0,2,5,2,B01
202100045010,2,10,,0,2,1,2,A01
202100045011,2,7,,0,2,5,1,B01
202100045011,2,7,,0,2,0,1,A01
202100045012,1,7,,0,2,8,11,A01
202100045012,1,10,,0,2,3,1,C01
202100045012,1,34,,0,2,2,3,B01
202100045013,2,33,,0,2,1,3,A01
202100045013,2,7,,0,2,4,2,C01
202100045013,2,10,,0,2,8,2,B01
202100045014,1,7,,0,1,2,1,A01
202100045015,1,10,,0,1,5,1,A01
202100045016,1,1,,0,2,8,1,B01
202100045016,2,7,,0,2,1,15,A01
202100045017,2,7,,0,2,1,1,A01
202100045017,1,50,,0,2,7,1,B01
202100045018,1,7,,0,2,3,15,A01
202100045018,2,7,,0,2,3,1,B01
202100045019,2,33,,0,2,1,13,A01
202100045019,1,7,,0,2,3,1,B01
202100045020,1,7,,0,1,2,2,A01
202100045021,1,7,,0,2,8,2,B01
202100045021,1,33,,0,2,2,1,A01
202100045022,1,7,,0,2,8,0,A01
202100045022,1,7,,0,2,1,1,B01
202100045023,1,34,,0,2,1,1,B01
202100045023,1,7,,0,2,7,9,A01
202100045024,1,10,,0,2,4,1,A01
202100045024,1,7,,0,2,1,1,B01
202100045025,3,30,,0,2,3,1,A01
202100045025,3,7,,0,2,2,1,B01
202100045026,2,7,,0,1,3,1,A01
202100045027,1,1,,0,2,0,1,B01
202100045027,1,7,,0,2,3,9,A01
202100045028,1,7,,0,2,4,26,C01
202100045028,2,7,,0,2,2,1,B01
202100045028,2,10,,0,2,0,23,A01
202100045029,2,32,,0,2,2,1,B01
202100045029,2,7,,0,2,3,11,A01
202100045030,1,30,,1,0,1,14,A01
202100045031,0,7,,0,2,2,16,A01
202100045031,0,32,,0,2,0,0,B01
202100045031,0,10,,0,2,0,0,C01
202100045032,1,7,,0,2,8,15,A01
202100045032,1,33,,0,2,1,1,B01
202100045033,1,7,,6,0,1,16,A01
202100045034,2,32,,12,0,1,12,A01
202100045035,3,7,,0,2,3,9,A01
202100045035,3,2,,0,2,7,1,B01
202100045036,1,30,,0,1,1,1,A01
202100045037,1,33,,0,2,3,1,B01
202100045037,1,7,,0,2,2,12,A01
202100045038,1,2,,0,2,1,17,B01
202100045038,2,7,,0,2,1,24,A01
202100045039,2,1,,0,2,2,1,Y01
202100045040,1,7,,1,0,3,26,A01
202100045041,3,7,,0,2,1,2,A01
202100045041,3,7,,0,2,4,1,B01
202100045042,1,7,,0,2,6,1,B01
202100045042,2,7,,0,2,1,10,A01
202100045043,-1,7,,0,1,0,0,A01
202100045044,2,7,,9,0,1,9,A01
202100045045,1,30,,0,0,1,21,B01
202100045045,2,2,,0,0,0,26,A01
202100045046,2,30,,0,2,1,1,B01
202100045046,2,7,,0,2,8,1,A01
202100045047,1,32,,0,2,1,2,A01
202100045047,1,7,,0,2,4,1,B01
202100045048,2,2,,0,2,1,17,B01
202100045048,2,7,,0,2,6,15,A01
202100045049,2,2,,6,0,8,13,A01
202100045050,1,31,,0,0,0,14,A01
202100045051,1,7,,0,2,4,15,A01
202100045051,1,32,,0,2,1,2,B01
202100045052,1,7,,0,2,1,1,B01
202100045052,2,7,,0,2,1,5,A01
202100045053,1,33,,0,0,7,0,A01
202100045054,2,7,,8,0,3,1,A01
202100045055,1,7,,0,2,1,1,B01
202100045055,2,7,,0,2,1,17,A01
202100045056,2,7,,0,0,6,15,B01
202100045056,2,33,,0,2,1,17,A01
202100045057,2,33,,0,2,1,2,A01
202100045057,2,7,,0,0,5,1,B01
202100045058,2,7,,0,2,1,1,B01
202100045058,1,7,,0,2,1,5,A01
202100045059,0,7,,0,1,1,1,A01
202100045060,1,10,,0,0,1,15,A01
202100045060,2,7,,0,0,2,1,B01
202100045061,1,2,,12,0,1,1,A01
202100045062,2,7,,1,2,3,1,A01
202100045062,1,7,,0,0,3,1,C01
202100045062,1,7,,0,0,3,1,B01
202100045063,2,7,,0,2,3,15,B01
202100045063,2,33,,0,2,1,17,A01
202100045064,2,7,,13,0,3,1,A01
202100045065,2,1,,0,0,0,0,A01
202100045066,2,7,,10,0,1,13,A01
202100045067,2,1,,0,2,1,2,A01
202100045067,2,1,,0,0,4,2,B01
202100045067,2,1,,0,2,1,2,C01
202100045068,2,7,,0,2,1,1,A01
202100045068,1,10,,0,2,1,1,B01
202100045069,1,2,,0,0,0,1,A01
202100045070,2,10,,15,0,9,2,A01
202100045071,2,80,,0,2,2,1,B01
202100045071,0,7,,0,2,3,9,A01
202100045072,3,7,,0,1,7,1,A01
202100045073,1,7,,0,1,2,0,A01
202100045074,2,15,,16,0,2,1,A01
202100045075,3,7,,0,2,2,1,A01
202100045075,3,1,,0,2,1,16,B01
202100045076,1,17,,3,0,8,19,A01
202100045077,2,10,,0,2,1,1,C01
202100045077,2,7,,1,2,2,12,A01
202100045078,2,31,,0,2,1,2,B01
202100045078,1,7,,0,2,1,5,A01
202100045079,1,10,,13,0,1,14,A01
202100045080,3,10,,0,0,9,15,A01
202100045081,1,33,,0,0,8,1,A01
202100045081,1,36,,0,2,1,10,B01
202100045082,1,10,,0,2,1,1,A01
202100045082,2,7,,5,2,2,5,B01
202100045083,2,10,,0,2,8,23,C01
202100045083,1,7,,0,2,1,15,A01
202100045083,2,10,,0,2,1,1,B01
202100045084,2,33,,10,0,9,1,A01
202100045085,2,1,,0,0,0,1,A01
202100045086,2,7,,0,1,2,0,A01
202100045087,2,33,,0,2,1,1,A01
202100045087,1,7,,0,0,3,1,B01
202100045088,2,7,,5,0,2,0,A01
202100045089,2,1,,0,0,1,1,A01
202100045089,2,1,,0,9,4,1,B01
202100045090,1,1,,0,2,3,15,B01
202100045090,1,2,,0,9,2,1,A01
202100045091,1,2,,2,0,1,1,A01
202100045092,1,7,,0,2,1,2,A01
202100045092,1,7,,0,2,0,2,B01
202100045092,1,7,,0,2,0,2,E01
202100045092,1,7,,0,2,0,1,F01
202100045092,1,7,,0,2,0,2,C01
202100045092,1,7,,0,2,0,2,D01
202100045093,2,7,,3,0,1,16,A01
202100045094,1,7,,4,0,2,2,A01
202100045095,2,17,,0,2,7,12,A01
202100045095,2,7,,0,2,8,2,B01
202100045096,2,7,,4,0,3,1,A01
202100045097,1,7,,0,1,1,1,A01
202100045098,1,7,,0,0,1,13,A01
202100045099,3,7,,0,1,4,26,A01
202100045100,3,7,,0,1,8,1,A01
202100045101,2,7,,12,1,1,26,A01
202100045102,0,10,,0,1,1,1,A01
202100045103,1,32,,0,1,1,0,A01
202100045104,2,7,,14,0,1,1,D01
202100045104,2,7,,1,0,1,1,E01
202100045104,2,7,,0,2,1,2,A01
202100045104,2,7,,0,0,4,2,B01
202100045104,2,7,,0,2,1,21,C01
202100045105,1,37,1.0,0,1,5,26,A01
202100045106,-1,7,,0,2,1,1,A01
202100045106,-1,7,,0,2,8,1,B01
202100045107,2,10,,0,1,1,1,A01
202100045108,1,30,,0,2,1,17,B01
202100045108,2,7,,0,2,8,15,A01
202100045109,1,7,,8,0,1,14,A01
202100045110,2,33,,0,2,1,1,B01
202100045110,2,50,,0,2,4,12,A01
202100045111,2,33,,0,0,7,26,A01
202100045112,1,7,,0,0,4,1,B01
202100045112,1,0,,0,2,1,1,A01
202100045113,2,30,,0,0,7,1,A01
202100045114,3,7,,0,1,1,1,A01
202100045115,2,2,,0,1,1,17,A01
202100045116,3,33,,0,2,2,17,A01
202100045116,3,7,,0,2,3,2,B01
202100045117,1,30,,0,2,1,1,B01
202100045117,1,30,,0,2,1,17,A01
202100045118,2,7,,0,2,5,15,A01
202100045118,1,33,,0,2,1,2,B01
202100045119,1,7,,0,9,1,16,A01
202100045119,1,1,,0,2,7,1,B01
202100045120,1,7,,2,0,1,13,A01
202100045121,2,31,,11,0,1,1,A01
202100045121,2,31,,11,0,1,1,B01
202100045122,2,7,,0,2,1,1,A01
202100045122,1,7,,0,2,7,1,B01
202100045123,3,7,,0,2,3,23,C01
202100045123,2,7,,0,2,7,19,A01
202100045123,1,7,,0,2,1,1,B01
202100045124,2,7,,0,2,1,13,A01
202100045124,1,7,,0,2,3,1,B01
202100045125,2,7,,0,2,1,1,B01
202100045125,2,7,,0,2,7,15,A01
202100045126,2,33,,7,0,6,13,A01
202100045127,1,1,,0,2,8,15,B01
202100045127,1,7,,0,2,1,1,A01
202100045128,1,80,,0,2,8,1,B01
202100045128,1,7,,0,9,3,9,A01
202100045129,3,7,,0,2,2,19,A01
202100045129,3,7,,0,2,1,0,B01
202100045130,2,7,,0,2,4,1,A01
202100045130,2,7,,0,2,1,2,B01
202100045131,2,7,,0,2,2,1,A01
202100045131,2,1,,0,2,1,1,B01
202100045132,1,7,,0,2,3,10,B01
202100045132,1,7,,0,2,1,1,A01
202100045133,1,32,,12,0,1,1,A01
202100045134,1,33,,0,2,0,0,B01
202100045134,1,7,,0,2,0,26,A01
202100045135,1,33,,0,2,1,1,B01
202100045135,1,7,,0,2,7,15,A01
202100045136,1,7,,0,2,3,15,B01
202100045136,1,30,,0,2,1,17,A01
202100045137,3,7,,0,2,2,15,B01
202100045137,3,33,,1,2,1,1,A01
202100045138,2,7,,0,2,3,15,A01
202100045138,2,2,,0,2,2,1,B01
202100045139,2,7,,0,2,2,12,A01
202100045139,2,31,,0,2,8,3,B01
202100045140,1,33,,0,0,0,3,A01
202100045141,2,30,,0,2,1,1,B01
202100045141,2,7,,0,2,3,9,A01
202100045142,2,1,,0,1,1,21,A01
202100045143,2,7,,0,2,8,1,B01
202100045143,1,7,,0,2,6,1,C01
202100045143,2,7,,0,2,1,1,A01
202100045144,3,1,,8,0,1,21,A01
202100045145,1,30,,9,0,1,15,A01
202100045146,2,7,,0,0,6,23,B01
202100045146,2,7,,0,2,2,2,A01
202100045147,3,1,,0,2,1,1,A01
202100045147,3,7,,0,9,2,2,B01
202100045148,2,0,,0,2,7,14,B01
202100045148,2,31,,0,2,2,1,A01
202100045149,1,7,,0,0,4,23,B01
202100045149,1,30,,0,2,1,1,A01
202100045150,0,7,,0,2,2,9,A01
202100045150,2,7,,1,2,2,1,B01
202100045151,2,7,,0,2,1,1,A01
202100045151,2,7,,0,2,4,23,B01
202100045152,0,60,,0,2,0,26,B01
202100045152,1,7,,0,2,1,19,A01
202100045153,-1,30,,0,2,8,15,B01
202100045153,-1,7,,0,0,8,15,A01
202100045154,1,7,,0,2,4,9,B01
202100045154,1,7,,0,2,1,9,A01
202100045155,1,33,,0,2,4,15,A01
202100045155,1,30,,0,2,1,17,B01
202100045156,3,7,,0,9,2,1,A01
202100045156,3,1,,0,2,1,1,B01
202100045157,2,7,,0,2,1,1,B01
202100045157,1,10,,9,2,3,15,A01
202100045158,-1,7,,4,0,1,19,A01
202100045159,1,7,,0,2,3,15,B01
202100045159,1,7,,0,2,3,1,A01
202100045160,1,7,,0,2,1,0,A01
202100045160,1,7,,0,2,4,0,B01
202100045161,0,7,,0,2,1,1,A01
202100045161,0,31,,0,2,3,15,B01
202100045162,1,32,,0,2,1,1,A01
202100045162,2,7,,0,2,2,15,B01
202100045163,2,7,,6,0,1,1,A01
202100045164,2,7,,5,0,0,1,A01
202100045165,2,33,,0,0,0,1,A01
202100045166,1,33,,0,2,1,1,B01
202100045166,2,7,,0,2,3,15,A01
202100045167,1,7,,15,0,2,2,A01
202100045168,1,10,,8,0,6,16,A01
202100045168,2,7,,0,2,1,19,B01
202100045169,1,7,,0,0,9,1,A01
202100045170,2,7,,13,0,1,1,A01
202100045171,2,7,,0,2,3,11,A01
202100045171,1,7,,0,2,3,1,B01
202100045172,1,33,,0,0,0,1,A01
202100045173,2,7,,0,2,3,1,B01
202100045173,1,2,,0,2,3,13,A01
202100045174,3,33,,3,0,7,1,A01
202100045175,0,7,,0,1,2,1,A01
202100045176,2,33,,0,0,9,17,A01
202100045177,2,10,,0,2,1,17,A01
202100045177,2,7,,6,2,6,15,B01
202100045178,2,7,,1,0,1,13,A01
202100045179,1,33,,13,0,2,1,A01
202100045180,1,7,,0,2,1,15,A01
202100045180,1,33,,0,2,7,1,B01
202100045181,3,33,,0,0,1,1,A01
202100045182,1,36,,6,0,2,1,A01
202100045183,2,7,,13,0,3,1,A01
202100045184,2,1,,0,2,1,1,B01
202100045184,1,7,,0,2,1,1,A01
202100045185,1,2,,0,2,1,17,B01
202100045185,1,7,,0,2,3,15,A01
202100045186,2,7,,3,0,2,14,A01
202100045187,1,2,,0,0,0,1,A01
202100045188,1,7,,0,2,3,1,B01
202100045188,2,1,,0,2,1,13,A01
202100045189,1,7,,0,1,5,1,A01
202100045190,3,7,,0,2,1,19,A01
202100045190,1,33,,0,2,8,1,B01
202100045191,1,7,,0,2,2,1,A01
202100045191,2,1,,0,2,1,5,B01
202100045192,1,7,,0,9,2,17,A01
202100045192,1,1,,0,2,3,2,B01
202100045193,1,7,,0,2,1,0,A01
202100045193,1,33,,0,2,4,0,B01
202100045194,1,7,,0,2,1,1,C01
202100045194,1,7,,0,2,8,1,B01
202100045194,2,7,,0,2,7,17,A01
202100045195,1,31,,0,2,3,1,A01
202100045195,2,31,,0,2,3,0,B01
202100045196,1,7,,13,0,1,1,A01
202100045197,1,7,,15,0,2,14,A01
202100045198,3,7,,0,0,9,1,A01
202100045199,2,7,,0,2,4,2,A01
202100045199,2,7,,0,2,4,2,B01
202100045199,2,7,,0,2,4,2,C01
202100045199,2,7,,0,2,4,2,D01
202100045199,2,7,,0,2,1,2,E01
202100045200,2,7,,13,0,1,1,A01
202100045201,1,7,,0,2,0,0,Z01
202100045201,1,7,,0,2,1,1,D01
202100045201,2,7,,0,2,1,1,C01
202100045201,2,7,,0,2,4,1,B01
202100045201,2,7,,0,2,4,1,A01
202100045202,2,7,,0,5,2,21,A01
202100045203,1,33,,4,0,2,14,A01
202100045204,1,7,,0,1,7,1,A01
202100045205,1,7,,0,2,6,16,B01
202100045205,2,7,,0,2,6,16,C01
202100045205,1,7,,0,2,3,1,E01
202100045205,1,7,,0,2,1,1,D01
202100045205,1,7,,0,2,3,15,A01
202100045206,1,7,,0,4,8,26,A01
202100045206,2,40,,0,2,1,1,B01
202100045207,3,7,,0,1,2,26,A01
202100045208,1,7,,8,0,2,26,A01
202100045209,1,7,,0,2,1,2,A01
202100045209,1,10,,0,2,4,2,B01
202100045210,2,7,,0,2,2,15,A01
202100045210,1,2,,0,2,1,1,B01
202100045211,1,38,1.0,0,2,0,1,A01
202100045211,3,50,,0,2,7,19,B01
202100045212,2,7,,0,2,4,23,D01
202100045212,2,7,,0,2,4,23,C01
202100045212,2,7,,0,2,4,23,B01
202100045212,2,7,,0,2,1,1,A01
202100045213,1,7,,0,2,3,15,A01
202100045213,2,31,,0,2,6,18,B01
202100045214,2,10,,0,2,7,1,A01
202100045214,2,33,,0,2,3,13,B01
202100045215,1,7,,0,2,5,16,A01
202100045215,1,37,6.0,0,2,3,9,B01
202100045216,1,7,,0,2,3,15,A01
202100045216,2,30,,0,2,0,1,B01
202100045217,1,7,,0,2,7,1,A01
202100045217,2,7,,0,2,1,1,B01
202100045218,1,30,,0,0,2,9,A01
202100045218,2,7,,0,2,1,1,B01
202100045219,1,7,,0,2,8,10,A01
202100045219,1,7,,0,2,1,1,B01
202100045220,2,2,,0,2,1,1,B01
202100045220,1,7,,0,2,7,15,A01
202100045221,1,7,,0,2,4,1,B01
202100045221,1,2,,0,2,1,1,A01
202100045222,1,1,,0,0,0,26,B01
202100045223,1,2,,0,2,2,0,B01
202100045223,1,7,,0,2,0,0,A01
202100045224,1,7,,1,2,2,11,A01
202100045224,2,7,,0,2,2,21,B01
202100045225,1,37,1.0,0,0,0,0,B01
202100045225,1,31,,0,2,1,1,A01
202100045226,3,31,,0,2,7,15,B01
202100045226,3,7,,0,2,1,1,A01
202100045227,1,7,,0,0,0,2,A01
202100045228,3,7,,0,2,1,1,A01
202100045228,3,7,,0,2,4,1,B01
202100045229,2,50,,0,2,8,1,B01
202100045229,2,7,,0,2,1,17,A01
202100045230,3,10,,0,1,1,1,A01
202100045231,1,7,,0,2,3,15,B01
202100045231,0,30,,0,2,1,17,A01
202100045232,2,10,,0,2,4,23,B01
202100045232,2,7,,0,2,1,1,A01
202100045233,0,7,,0,2,1,9,A01
202100045233,0,99,,0,2,4,4,B01
202100045234,1,7,,0,1,1,1,A01
202100045235,0,3,,0,1,4,4,A01
202100045236,1,30,,0,2,1,2,A01
202100045236,1,7,,0,2,5,1,B01
202100045237,1,30,,0,1,1,1,A01
202100045238,3,7,,0,2,2,1,A01
202100045238,2,43,,0,2,2,1,B01
202100045239,2,7,,0,2,2,1,A01
202100045239,2,1,,0,2,1,9,B01
202100045240,2,7,,0,2,2,1,A01
202100045240,2,50,,0,2,1,9,B01
202100045241,3,32,,1,0,2,13,A01
202100045242,2,7,,0,2,2,1,A01
202100045242,2,2,,0,2,8,1,B01
202100045242,2,7,,0,2,8,1,Z01
202100045243,2,7,,0,2,1,1,A01
202100045243,1,2,,0,2,8,15,B01
202100045244,1,10,,0,2,0,16,B01
202100045244,1,1,,8,2,8,21,A01
202100045245,3,7,,0,2,1,5,B01
202100045245,3,34,,0,2,1,23,A01
202100045246,1,30,,0,2,7,5,B01
202100045246,2,30,,0,2,2,1,A01
202100045247,1,7,,0,2,1,2,Z01
202100045247,3,7,,0,0,5,15,A01
202100045248,2,2,,0,1,3,17,A01
202100045249,3,7,,0,2,5,22,A01
202100045249,3,1,,0,2,0,16,B01
202100045250,1,7,,0,2,3,2,B01
202100045250,2,50,,0,2,1,19,A01
202100045251,1,7,,0,2,5,23,B01
202100045251,1,2,,0,2,1,2,A01
202100045252,2,7,,0,2,3,15,A01
202100045252,2,2,,0,2,6,1,B01
202100045253,2,7,,0,2,3,1,B01
202100045253,2,33,,0,2,1,1,A01
202100045254,2,30,,0,1,2,1,A01
202100045255,3,10,,0,1,1,26,B01
202100045255,3,7,,0,1,6,26,A01
202100045256,2,10,,0,2,8,1,A01
202100045256,1,7,,0,2,1,1,B01
202100045257,3,30,,0,2,1,26,A01
202100045257,1,7,,0,2,3,19,B01
202100045258,0,7,,0,2,1,19,A01
202100045258,0,7,,0,2,1,1,B01
202100045259,2,7,,1,0,1,14,A01
202100045260,2,7,,0,2,7,17,B01
202100045260,2,7,,0,2,3,15,A01
202100045261,1,1,,0,2,8,1,A01
202100045261,1,7,,0,2,2,16,B01
202100045262,3,10,,0,2,2,1,B01
202100045262,3,10,,0,2,3,1,A01
202100045263,2,34,,0,2,1,1,B01
202100045263,1,7,,0,2,2,15,A01
202100045264,2,30,,0,2,1,1,A01
202100045264,3,1,,0,2,8,10,B01
202100045265,3,43,,0,2,8,9,B01
202100045265,3,30,,0,2,1,1,A01
202100045266,2,1,,0,2,1,5,C01
202100045266,2,1,,0,2,1,5,B01
202100045266,1,33,,0,2,1,13,A01
202100045267,3,7,,13,0,4,1,A01
202100045268,2,7,,0,2,4,19,B01
202100045268,2,33,,0,2,1,1,A01
202100045269,2,7,,0,2,3,1,B01
202100045269,3,10,,0,2,2,1,A01
202100045270,1,33,,15,0,3,1,A01
202100045271,2,7,,0,0,3,1,B01
202100045271,1,7,,0,2,3,1,A01
202100045272,2,30,,0,2,1,17,A01
202100045272,2,3,,0,2,2,1,B01
202100045273,2,7,,0,2,6,15,A01
202100045273,2,33,,0,2,1,17,B01
202100045274,1,7,,6,0,3,16,A01
202100045275,2,1,,0,2,3,15,B01
202100045275,2,7,,0,9,2,2,A01
202100045276,2,7,,0,2,1,2,B01
202100045276,2,7,,0,2,5,1,A01
202100045277,1,7,,13,0,1,1,A01
202100045278,3,7,,0,2,3,1,A01
202100045278,3,1,,0,2,1,1,B01
202100045279,2,7,,0,0,4,15,B01
202100045279,2,7,,0,2,1,2,A01
202100045280,1,7,,0,2,4,17,A01
202100045280,1,1,,0,2,1,1,B01
202100045281,1,2,,2,0,1,1,A01
202100045282,2,7,,2,0,1,1,A01
202100045283,1,33,,0,1,2,1,A01
202100045284,1,33,,0,2,1,1,B01
202100045284,3,7,,0,2,3,15,A01
202100045285,1,7,,0,1,1,1,A01
202100045286,1,10,,0,2,1,1,C01
202100045286,1,7,,0,0,4,23,A01
202100045286,1,7,,0,2,4,1,B01
202100045287,1,7,,0,2,8,15,B01
202100045287,1,33,,0,2,1,17,A01
202100045288,2,7,,0,9,1,1,C01
202100045288,1,7,,0,2,6,2,B01
202100045288,1,2,,0,2,1,2,A01
202100045289,1,2,,0,2,7,15,B01
202100045289,2,7,,0,2,2,1,A01
202100045290,2,33,,0,2,1,1,B01
202100045290,1,7,,0,2,2,15,A01
202100045291,1,21,,0,0,0,1,A01
202100045292,1,7,,0,2,1,19,A01
202100045292,2,7,,0,2,3,1,B01
202100045293,1,7,,0,0,8,1,B01
202100045293,2,10,,8,0,1,19,A01
202100045294,2,7,,2,0,1,1,A01
202100045295,3,36,,0,2,1,1,B01
202100045295,3,35,,0,2,1,1,A01
202100045296,1,7,,0,0,0,21,A01
202100045297,2,7,,0,2,3,21,A01
202100045297,1,7,,0,2,2,21,B01
202100045298,1,32,,12,0,1,1,A01
202100045299,2,33,,0,2,1,1,B01
202100045299,2,35,,0,0,4,2,A01
202100045300,1,1,,0,0,0,1,A01
202100045301,2,33,,13,0,1,1,A01
202100045302,1,31,,6,0,2,2,A01
202100045303,1,7,,2,0,1,13,A01
202100045304,1,7,,16,0,0,1,A01
202100045305,2,7,,0,1,1,1,A01
202100045306,1,7,,13,0,9,1,A01
202100045307,1,7,,0,2,3,1,B01
202100045307,2,7,,0,2,3,17,A01
202100045308,2,31,,0,0,0,1,A01
202100045309,2,33,,0,0,0,16,A01
202100045310,3,2,,0,1,1,1,A01
202100045311,3,7,,0,2,3,21,A01
202100045311,3,1,,0,2,4,13,C01
202100045311,3,1,,0,2,1,13,B01
202100045312,3,14,,0,0,8,1,A01
202100045313,2,33,,13,0,2,0,A01
202100045314,1,7,,0,0,2,1,A01
202100045315,3,7,,0,1,2,1,A01
202100045316,3,7,,0,2,3,15,A01
202100045316,0,31,,0,2,1,17,B01
202100045317,1,7,,0,1,3,1,A01
202100045318,1,7,,1,0,8,1,A01
202100045318,1,7,,0,0,5,23,B01
202100045319,1,50,,0,2,3,5,A01
202100045319,2,7,,0,2,8,1,B01
202100045320,0,7,,0,2,1,15,A01
202100045320,0,33,,0,2,7,1,B01
202100045321,3,7,,0,1,2,1,A01
202100045322,2,33,,0,0,0,1,A01
202100045323,1,1,,0,0,0,13,C01
202100045323,1,33,,0,2,1,1,B01
202100045323,1,7,,0,0,4,1,A01
202100045324,3,7,,0,2,0,1,A01
202100045324,0,7,,0,0,4,1,C01
202100045324,3,7,,0,2,4,1,B01
202100045325,1,36,,0,0,2,15,A01
202100045326,1,33,,0,0,8,1,A01
202100045327,1,7,,8,0,0,1,A01
202100045328,1,7,,13,0,1,1,A01
202100045329,2,7,,4,0,1,1,A01
202100045330,1,7,,7,0,1,1,A01
202100045331,2,7,,4,0,3,21,A01
202100045332,1,7,,4,0,9,1,A01
202100045333,2,7,,3,0,1,14,A01
202100045334,1,7,,0,0,9,0,A01
202100045335,1,15,,0,2,2,12,A01
202100045335,1,7,,0,2,6,1,B01