Num_Acc,senc,catv,occutc,obs,obsm,choc,manv,num_veh
202100045336,2,33,,14,0,9,12,A01
202100045337,2,7,,0,2,4,2,B01
202100045337,2,10,,0,2,1,2,A01
202100045338,2,7,,0,2,1,1,A01
202100045338,2,7,,0,1,4,1,B01
202100045339,2,7,,0,0,1,1,A01
202100045340,3,37,1.0,0,1,2,1,A01
202100045341,1,7,,0,0,0,0,C01
202100045341,1,7,,0,2,4,0,B01
202100045341,1,7,,0,2,1,2,A01
202100045342,2,7,,0,2,3,5,A01
202100045342,1,7,,0,2,3,1,B01
202100045343,1,43,,0,2,1,1,A01
202100045343,2,7,,0,2,3,15,B01
202100045344,1,7,,1,0,3,13,A01
202100045344,1,7,,1,1,5,0,B01
202100045345,1,7,,0,2,3,15,A01
202100045345,2,31,,0,2,1,1,B01
202100045346,1,7,,0,2,1,21,B01
202100045346,1,7,,0,2,3,9,A01
202100045347,2,40,,0,1,2,1,A01
202100045348,1,50,,0,2,7,1,B01
202100045348,2,7,,0,2,1,1,Z01
202100045349,2,7,,0,1,2,1,A01
202100045350,2,30,,14,0,1,13,A01
202100045351,1,7,,0,2,1,2,A01
202100045351,1,7,,0,2,3,16,B01
202100045352,1,10,,0,1,2,16,A01
202100045353,0,7,,0,2,3,9,B01
202100045353,0,33,,0,0,8,1,A01
202100045354,1,7,,0,1,4,26,A01
202100045355,1,10,,4,2,7,1,C01
202100045355,1,17,,0,2,7,1,B01
202100045355,1,7,,3,2,7,9,A01
202100045356,-1,7,,0,0,9,13,A01
202100045357,1,7,,0,1,1,1,A01
202100045358,2,7,,0,2,1,15,A01
202100045358,1,7,,0,2,1,1,B01
202100045359,2,7,,0,1,2,1,A01
202100045360,2,34,,0,2,1,26,A01
202100045360,2,80,,0,2,3,19,B01
202100045361,0,7,,0,2,1,1,A01
202100045361,0,7,,0,2,4,1,D01
202100045361,0,7,,0,2,4,1,C01
202100045361,0,7,,0,2,4,1,B01
202100045362,0,7,,0,2,4,1,D01
202100045362,0,7,,0,2,4,1,E01
202100045362,0,10,,0,2,1,1,A01
202100045362,0,7,,0,2,4,1,B01
202100045362,0,7,,0,2,4,1,C01
202100045363,2,1,,0,2,8,1,B01
202100045363,3,7,,0,2,1,1,A01
202100045364,1,33,,1,0,1,26,A01
202100045365,1,30,,0,2,1,1,B01
202100045365,1,-1,,0,2,8,15,A01
202100045366,3,7,,1,0,4,15,A01
202100045366,3,33,,0,2,4,26,B01
202100045367,1,1,,0,-1,1,19,A01
202100045367,1,40,,0,1,1,1,B01
202100045368,1,7,,0,2,7,1,B01
202100045368,3,1,,0,2,1,19,A01
202100045369,1,7,,0,1,2,9,A01
202100045370,1,33,,0,2,1,1,B01
202100045370,2,7,,0,2,5,15,A01
202100045371,1,43,,0,2,1,2,A01
202100045371,1,7,,0,2,4,2,B01
202100045372,3,7,,0,2,3,1,B01
202100045372,3,1,,0,2,3,1,A01
202100045373,2,33,,12,0,8,21,A01
202100045374,1,7,,0,2,4,23,B01
202100045374,1,37,1.0,0,2,1,26,A01
202100045375,2,7,,0,1,1,26,A01
202100045376,3,7,,0,1,3,1,A01
202100045377,1,7,,0,2,1,13,A01
202100045377,2,7,,0,2,1,1,B01
202100045378,2,7,,12,1,1,1,A01
202100045379,0,7,,0,2,1,17,A01
202100045379,0,1,,0,2,8,15,B01
202100045380,2,7,,0,2,1,18,A01
202100045380,2,7,,0,2,4,1,B01
202100045381,1,7,,0,2,3,1,A01
202100045381,2,7,,0,2,3,16,B01
202100045382,1,7,,0,0,7,2,B01
202100045382,1,1,,0,2,7,15,A01
202100045383,0,7,,0,2,7,19,A01
202100045383,0,7,,0,2,1,1,B01
202100045384,0,7,,1,2,5,1,B01
202100045384,0,2,,0,2,1,2,A01
202100045385,3,7,,0,1,1,1,A01
202100045386,3,50,,0,2,0,1,B01
202100045386,3,7,,0,2,0,0,A01
202100045387,3,1,,0,2,0,1,A01
202100045388,1,2,,0,2,7,14,C01
202100045388,1,30,,1,2,1,18,A01
202100045389,3,7,,1,2,3,16,B01
202100045389,1,7,,0,2,2,1,A01
202100045390,1,7,,0,1,2,1,A01
202100045391,1,7,,0,2,2,15,A01
202100045391,2,33,,0,2,7,1,B01
202100045392,3,30,,0,1,0,1,A01
202100045393,1,50,,0,2,1,5,A01
202100045393,2,7,,0,9,3,1,B01
202100045394,3,50,,0,0,0,1,A01
202100045395,1,33,,0,0,8,1,A01
202100045396,2,2,,0,2,7,12,A01
202100045396,2,7,,0,2,3,21,B01
202100045397,2,7,,1,0,2,1,A01
202100045398,1,50,,0,2,1,19,A01
202100045398,1,7,,0,2,3,1,B01
202100045399,2,33,,0,2,6,15,B01
202100045399,2,1,,0,2,2,15,A01
202100045400,1,1,,0,4,1,19,B01
202100045400,1,40,,0,2,1,1,A01
202100045401,2,7,,0,2,2,15,A01
202100045401,2,7,,0,2,5,1,B01
202100045402,1,7,,0,1,2,1,A01
202100045403,3,7,,0,2,1,1,A01
202100045403,3,7,,0,2,7,1,B01
202100045404,2,7,,0,2,4,2,D01
202100045404,2,7,,0,2,4,2,C01
202100045404,2,7,,0,2,4,2,B01
202100045404,2,7,,0,2,1,2,A01
202100045405,1,21,,0,2,4,1,B01
202100045405,1,7,,0,2,1,17,A01
202100045406,2,30,,0,2,5,15,A01
202100045406,1,33,,0,2,1,1,B01
202100045407,1,7,,0,2,8,1,A01
202100045407,1,50,,0,2,7,17,B01
202100045408,0,30,,12,0,0,1,A01
202100045409,2,7,,0,2,6,2,B01
202100045409,1,30,,0,2,1,5,A01
202100045410,2,43,,0,2,8,15,B01
202100045410,1,7,,0,2,3,1,A01
202100045411,1,7,,0,2,1,2,Z01
202100045411,2,50,,0,2,1,19,B01
202100045412,3,10,,0,1,7,1,A01
202100045413,1,7,,0,0,6,0,B01
202100045413,1,10,,0,2,1,1,A01
202100045414,1,7,,0,1,2,17,A01
202100045415,1,2,,0,1,1,1,A01
202100045416,3,7,,0,2,2,9,A01
202100045416,3,33,,0,2,1,1,B01
202100045417,1,10,,0,1,1,15,A01
202100045418,1,7,,0,2,6,23,C01
202100045418,1,7,,0,2,2,23,B01
202100045418,1,32,,0,2,3,3,A01
202100045419,1,7,,0,2,2,12,A01
202100045419,1,31,,0,2,3,2,B01
202100045420,3,10,,0,2,1,1,B01
202100045420,3,7,,0,2,2,1,A01
202100045421,3,7,,0,2,0,1,Z01
202100045421,3,33,,0,2,6,1,B01
202100045422,2,10,,0,2,3,1,A01
202100045423,2,30,,0,2,7,17,B01
202100045423,2,10,,0,2,3,15,A01
202100045424,1,7,,0,2,8,23,C01
202100045424,2,31,,0,2,3,15,A01
202100045424,1,43,,0,2,3,23,B01
202100045425,1,43,,0,2,2,1,A01
202100045425,3,2,,0,2,0,9,Z01
202100045426,1,33,,0,1,1,21,A01
202100045427,3,2,,0,2,3,1,B01
202100045427,3,7,,0,2,2,15,A01
202100045428,2,1,,0,1,4,25,A01
202100045429,2,50,,0,2,8,19,B01
202100045429,1,31,,0,2,2,1,A01
202100045430,1,50,,0,1,7,1,A01
202100045431,2,34,,0,0,1,1,A01
202100045432,1,30,,0,1,0,1,Z01
202100045433,2,33,,0,1,3,1,A01
202100045434,3,1,,0,0,0,21,A01
202100045435,3,7,,0,2,1,1,B01
202100045435,3,7,,0,2,2,1,A01
202100045436,2,7,,0,0,6,1,B01
202100045436,1,33,,0,2,3,15,A01
202100045437,1,7,,0,2,7,23,B01
202100045437,1,50,,0,2,1,18,A01
202100045438,1,7,,12,2,2,1,A01
202100045439,1,7,,0,1,2,1,A01
202100045440,2,60,,0,2,1,1,B01
202100045440,2,10,,0,2,2,16,A01
202100045441,2,7,,0,2,3,1,B01
202100045441,0,7,,0,2,1,1,A01
202100045442,2,3,,0,1,3,1,A01
202100045443,3,7,,1,0,1,21,A01
202100045444,-1,32,,0,2,2,1,A01
202100045444,-1,7,,0,2,5,15,B01
202100045445,1,7,,0,9,1,1,A01
202100045445,-1,50,,0,2,7,19,B01
202100045446,2,7,,0,1,0,1,A01
202100045447,1,1,,0,2,1,2,B01
202100045447,1,7,,0,9,3,2,A01
202100045448,1,7,,0,2,3,1,A01
202100045448,1,1,,0,2,7,0,B01
202100045449,1,7,,0,2,1,19,A01
202100045449,1,32,,0,2,8,1,B01
202100045450,1,7,,12,0,5,1,A01
202100045450,1,7,,0,2,3,1,B01
202100045451,1,7,,12,0,3,14,A01
202100045452,3,34,,0,2,1,1,B01
202100045452,3,7,,0,2,7,10,A01
202100045453,2,33,,0,2,9,17,A01
202100045453,1,7,,0,2,8,1,B01
202100045453,1,10,,0,2,3,1,C01
202100045454,2,7,,0,2,1,1,A01
202100045454,1,32,,0,2,8,1,B01
202100045455,2,80,,0,2,1,2,A01
202100045455,2,7,,0,2,4,23,B01
202100045456,1,1,,0,2,1,25,A01
202100045456,2,7,,0,2,7,1,B01
202100045457,1,34,,0,1,1,1,A01
202100045458,1,7,,0,2,4,1,B01
202100045458,1,33,,0,2,1,2,A01
202100045459,1,34,,0,2,3,15,B01
202100045459,1,30,,0,2,1,2,A01
202100045460,1,34,,0,1,0,19,Z01
202100045461,2,1,,0,2,1,1,B01
202100045461,1,7,,0,2,1,16,A01
202100045462,1,10,,0,2,3,15,A01
202100045462,1,31,,0,2,2,1,B01
202100045463,2,1,,0,2,1,13,A01
202100045463,1,7,,0,2,3,1,B01
202100045464,1,21,,0,2,6,1,B01
202100045464,2,30,,0,2,3,13,A01
202100045465,1,7,,0,2,3,1,B01
202100045465,2,31,,0,2,1,13,A01
202100045466,2,7,,3,0,1,0,A01
202100045467,2,2,,0,2,3,1,B01
202100045467,1,7,,0,2,3,1,A01
202100045468,0,7,,2,0,1,1,A01
202100045469,1,7,,0,2,1,2,A01
202100045469,1,33,,3,0,4,2,B01
202100045470,2,7,,0,2,1,1,B01
202100045470,1,7,,0,2,1,17,A01
202100045471,1,7,,16,0,1,0,A01
202100045472,1,33,,0,2,1,1,B01
202100045472,2,7,,0,2,7,15,A01
202100045473,2,31,,0,2,8,9,A01
202100045473,2,7,,0,2,7,1,B01
202100045474,2,2,,0,2,1,13,B01
202100045474,1,7,,0,2,1,1,A01
202100045475,1,33,,0,0,7,1,B01
202100045475,1,7,,0,2,1,9,A01
202100045476,2,7,,0,1,3,1,A01
202100045477,2,2,,0,2,7,2,B01
202100045477,2,7,,0,2,6,2,A01
202100045478,3,7,,0,2,3,1,B01
202100045478,3,7,,0,2,2,19,A01
202100045479,2,7,,15,0,1,1,A01
202100045480,2,7,,0,2,5,15,B01
202100045480,2,31,,0,2,1,1,A01
202100045481,1,7,,0,2,1,1,A01
202100045481,1,7,,0,2,7,1,B01
202100045482,1,7,,15,0,3,1,A01
202100045483,2,7,,13,0,1,1,A01
202100045484,3,7,,0,1,2,1,A01
202100045485,1,7,,0,2,3,1,B01
202100045485,2,33,,0,2,1,15,A01
202100045486,1,7,,1,1,1,17,A01
202100045487,3,7,,13,0,1,1,A01
202100045488,1,33,,13,0,1,26,A01
202100045489,1,7,,0,2,3,1,B01
202100045489,2,10,,0,0,0,1,A01
202100045490,1,33,,0,2,8,1,A01
202100045490,2,7,,0,2,3,1,B01
202100045490,1,33,,16,0,-1,1,C01
202100045491,2,33,,0,2,8,17,B01
202100045491,1,7,,0,2,2,16,A01
202100045492,2,7,,0,0,2,14,B01
202100045492,1,7,,0,2,8,20,A01
202100045493,3,10,,2,0,1,1,A01
202100045494,1,7,,17,0,1,1,A01
202100045495,2,7,,13,0,0,1,A01
202100045496,1,7,,2,2,8,1,B01
202100045496,1,7,,0,2,1,1,A01
202100045497,1,7,,0,2,1,5,A01
202100045497,2,7,,4,2,1,1,B01
202100045498,0,7,,2,0,0,0,A01
202100045499,1,10,,0,2,2,22,B01
202100045499,2,2,,0,2,6,18,A01
202100045500,2,7,,0,1,3,21,A01
202100045501,1,7,,2,0,9,17,A01
202100045502,1,1,,0,2,1,1,B01
202100045502,1,7,,0,2,1,15,A01
202100045503,1,7,,0,2,1,2,A01
202100045503,1,7,,0,0,4,2,B01
202100045504,2,7,,0,2,3,1,B01
202100045504,1,7,,0,2,3,1,A01
202100045505,2,7,,2,0,3,13,A01
202100045506,1,2,,0,0,8,1,A01
202100045507,1,31,,0,9,9,2,B01
202100045507,1,31,,0,9,9,2,A01
202100045508,2,7,,0,1,3,1,A01
202100045509,1,7,,0,2,3,13,A01
202100045509,2,7,,0,2,3,1,B01
202100045510,1,2,,0,0,8,20,A01
202100045511,1,33,,0,6,1,1,A01
202100045512,2,7,,8,2,8,1,B01
202100045512,1,7,,0,2,1,1,A01
202100045513,3,7,,0,1,5,1,A01
202100045514,3,33,,0,2,1,0,B01
202100045514,3,7,,0,2,3,13,A01
202100045515,3,7,,6,0,1,0,A01
202100045516,1,7,,0,2,8,2,A01
202100045516,1,7,,0,2,2,12,B01
202100045517,1,7,,0,2,4,2,A01
202100045517,1,7,,0,2,1,2,B01
202100045518,1,7,,0,2,6,1,B01
202100045518,1,7,,0,2,2,0,A01
202100045519,2,33,,0,2,1,2,A01
202100045519,2,7,,0,2,4,23,B01
202100045520,2,7,,0,2,2,1,A01
202100045520,2,7,,0,2,8,1,B01
202100045521,1,0,,0,2,0,12,B01
202100045521,1,7,,0,2,4,1,A01
202100045522,1,7,,0,2,6,1,B01
202100045522,1,7,,0,2,3,16,A01
202100045523,2,7,,0,2,4,2,D01
202100045523,2,7,,0,2,4,2,C01
202100045523,2,10,,0,2,4,2,B01
202100045523,2,7,,0,2,1,2,A01
202100045524,1,31,,0,2,0,26,A01
202100045524,1,10,,0,2,0,26,B01
202100045525,2,7,,0,1,3,0,A01
202100045526,1,34,,0,2,5,1,B01
202100045526,1,7,,0,2,3,11,A01
202100045527,2,32,,6,0,7,1,A01
202100045528,3,7,,0,1,1,1,A01
202100045529,1,37,1.0,0,1,2,1,A01
202100045530,1,7,,1,2,2,14,A01
202100045531,1,30,,0,2,2,2,A01
202100045531,1,7,,0,2,4,2,B01
202100045532,1,31,,0,2,2,2,A01
202100045532,1,7,,0,2,6,1,B01
202100045533,0,7,,0,2,7,1,A01
202100045533,2,1,,0,0,0,0,B01
202100045534,0,7,,0,2,7,19,A01
202100045534,1,2,,0,2,1,1,B01
202100045535,1,1,,0,2,1,1,A01
202100045535,1,7,,0,2,4,1,B01
202100045536,1,7,,0,2,2,15,A01
202100045536,1,7,,0,2,1,1,B01
202100045537,1,7,,0,2,8,15,B01
202100045537,2,50,,0,2,1,1,A01
202100045538,2,1,,0,2,1,1,B01
202100045538,2,7,,0,2,2,1,A01
202100045539,1,7,,0,2,1,26,A01
202100045539,1,7,,0,2,4,2,B01
202100045539,1,7,,0,2,4,26,C01
202100045540,1,7,,0,2,1,2,A01
202100045540,1,7,,0,0,0,0,B01
202100045541,3,7,,0,1,2,9,A01
202100045542,2,7,,0,2,3,19,A01
202100045542,2,7,,0,2,1,1,B01
202100045543,1,31,,0,2,1,2,B01
202100045543,1,7,,0,2,8,19,A01
202100045544,1,33,,11,0,1,3,A01
202100045545,1,7,,0,2,4,1,A01
202100045545,1,7,,0,2,4,1,B01
202100045545,1,7,,0,2,4,1,C01
202100045546,3,7,,9,2,3,13,A01
202100045546,3,7,,0,2,8,0,B01
202100045547,1,7,,0,1,2,17,A01
202100045548,1,7,,12,2,7,26,B01
202100045548,1,7,,0,2,1,26,C01
202100045548,2,37,1.0,0,2,1,26,A01
202100045549,2,32,,0,2,8,3,A01
202100045549,2,7,,0,2,8,22,Z01
202100045550,1,7,,0,2,3,15,B01
202100045550,1,7,,0,2,7,17,A01
202100045551,1,50,,0,2,7,1,B01
202100045551,1,7,,0,2,1,1,A01
202100045552,1,33,,0,2,8,2,A01
202100045552,1,7,,0,0,5,1,B01
202100045553,1,10,,0,1,2,1,A01
202100045554,2,7,,0,2,6,15,B01
202100045554,2,2,,0,2,2,15,A01
202100045555,0,7,,0,2,7,24,A01
202100045555,0,50,,1,0,0,1,B01
202100045556,2,33,,0,0,7,9,A01
202100045557,3,1,,0,1,1,1,A01
202100045558,1,30,,1,0,0,1,A01
202100045558,1,7,,1,0,0,1,B01
202100045559,2,33,,0,2,1,17,A01
202100045559,1,7,,0,2,3,15,B01
202100045560,0,7,,0,2,7,15,A01
202100045560,0,32,,0,2,3,1,B01
202100045561,2,10,,0,1,0,26,A01
202100045562,1,3,,6,0,3,1,A01
202100045563,1,7,,0,2,1,9,A01
202100045563,1,1,,0,2,7,1,B01
202100045564,1,1,,1,0,1,1,B01
202100045564,1,7,,0,2,8,22,A01
202100045565,1,7,,0,2,3,1,B01
202100045565,3,7,,0,2,3,20,A01
202100045566,2,1,,0,2,1,16,A01
202100045566,2,7,,0,2,3,1,B01
202100045567,1,2,,0,2,1,1,B01
202100045567,2,7,,0,2,2,15,A01
202100045568,1,31,,0,2,1,17,A01
202100045568,1,7,,0,2,3,13,B01
202100045569,1,7,,0,1,2,17,A01
202100045570,3,31,,12,0,2,14,A01
202100045571,2,7,,0,2,7,15,A01
202100045571,3,7,,8,0,8,23,C01
202100045571,1,7,,0,2,1,1,B01
202100045572,1,7,,0,1,1,1,A01
202100045573,1,10,,0,1,4,20,A01
202100045574,1,7,,0,2,1,19,A01
202100045574,1,33,,0,2,8,1,B01
202100045575,1,7,,0,2,2,15,A01
202100045575,2,32,,0,2,1,5,B01
202100045576,1,60,,0,2,0,2,A01
202100045576,0,7,,0,0,0,0,Z01
202100045577,3,7,,12,0,8,26,A01
202100045578,2,34,,0,2,1,1,B01
202100045578,1,7,,0,2,5,15,A01
202100045579,1,7,,0,2,1,16,A01
202100045579,1,1,,0,2,1,19,B01
202100045580,1,7,,0,9,0,1,C01
202100045580,1,31,,0,2,1,1,B01
202100045580,1,7,,0,2,1,17,A01
202100045581,1,7,,0,9,2,1,A01
202100045581,1,33,,0,2,1,0,B01
202100045582,1,43,,0,2,1,1,B01
202100045582,1,7,,0,9,8,15,A01
202100045583,1,7,,0,2,4,1,C01
202100045583,1,7,,0,2,4,1,B01
202100045583,1,7,,0,2,1,1,A01
202100045584,1,10,,0,2,2,1,B01
202100045584,1,7,,0,2,8,22,A01
202100045585,3,7,,0,0,2,14,A01
202100045586,2,33,,0,1,1,1,A01
202100045587,3,7,,0,2,1,1,A01
202100045587,3,1,,0,2,1,1,B01
202100045588,3,7,,0,1,3,1,A01
202100045589,1,33,,0,2,1,17,A01
202100045589,1,7,,0,2,6,15,B01
202100045590,1,33,,0,2,1,1,A01
202100045590,1,7,,0,2,4,1,B01
202100045591,1,31,,12,0,1,14,A01
202100045592,1,60,,0,2,1,1,B01
202100045592,3,7,,0,2,8,22,A01
202100045593,1,50,,0,2,1,25,A01
202100045593,1,7,,0,2,2,9,B01
202100045594,3,30,,0,2,1,13,A01
202100045594,3,7,,0,2,2,1,B01
202100045595,2,1,,0,2,1,1,B01
202100045595,2,7,,0,2,7,16,A01
202100045596,1,33,,0,2,3,1,B01
202100045596,2,7,,0,2,3,15,A01
202100045597,1,7,,0,2,2,17,A01
202100045597,1,1,,0,2,8,1,B01
202100045598,1,7,,0,1,2,15,A01
202100045599,1,7,,9,0,1,1,A01
202100045600,2,10,,0,2,8,10,A01
202100045600,1,32,,0,2,1,1,B01
202100045601,2,30,,0,0,1,1,A01
202100045602,3,99,,0,0,0,26,A01
202100045603,3,7,,0,1,4,20,A01
202100045604,2,31,,0,2,1,1,B01
202100045604,1,7,,0,2,6,15,A01
202100045605,1,31,,0,2,1,13,A01
202100045605,2,7,,0,2,3,1,B01
202100045606,0,30,,0,1,1,1,A01
202100045607,2,2,,0,2,1,1,B01
202100045607,1,7,,0,2,0,13,A01
202100045608,3,7,,0,9,7,15,A01
202100045608,3,50,,0,2,1,0,B01
202100045609,0,7,,0,1,3,16,A01
202100045610,2,7,,0,2,2,12,A01
202100045610,2,2,,0,2,3,1,B01
202100045611,3,7,,0,2,3,1,A01
202100045611,3,7,,0,2,3,1,B01
202100045612,1,30,,0,1,1,14,A01
202100045613,1,7,,14,1,4,26,A01
202100045614,1,1,,0,2,8,16,B01
202100045614,3,15,,0,2,5,16,A01
202100045615,1,7,,0,1,2,1,A01
202100045616,2,7,,0,2,8,1,B01
202100045616,0,7,,0,2,1,15,A01
202100045617,1,30,,0,2,1,1,A01
202100045617,1,10,,0,2,7,12,B01
202100045618,3,2,,0,2,1,1,A01
202100045618,3,7,,0,2,4,1,B01
202100045619,1,33,,1,2,1,1,B01
202100045619,1,7,,0,2,3,15,A01
202100045620,2,10,,0,1,1,1,A01
202100045621,1,30,,0,2,1,15,A01
202100045621,1,30,,0,2,3,1,B01
202100045622,1,7,,1,0,3,13,A01
202100045623,1,10,,0,1,7,16,A01
202100045624,1,7,,0,2,3,9,A01
202100045624,1,33,,0,2,2,1,B01
202100045625,1,10,,0,2,8,10,A01
202100045625,2,43,,0,2,1,1,B01
202100045626,1,7,,0,2,2,2,A01
202100045626,1,7,,0,2,6,23,B01
202100045627,3,7,,0,2,2,15,A01
202100045627,3,32,,0,2,1,1,B01
202100045628,2,37,2.0,0,0,0,21,A01
202100045629,1,1,,12,0,1,1,A01
202100045630,1,80,,0,1,1,1,A01
202100045631,1,7,,0,2,8,7,B01
202100045631,2,1,,0,2,8,13,A01
202100045632,1,32,,0,2,7,15,A01
202100045632,1,10,,0,2,8,15,B01
202100045633,3,30,,0,2,0,11,A01
202100045633,3,7,,0,2,2,17,B01
202100045634,2,1,,0,1,2,5,A01
202100045635,1,50,,0,2,1,1,B01
202100045635,1,10,,0,2,2,16,A01
202100045636,2,1,,0,0,1,16,A01
202100045637,1,7,,0,2,2,17,A01
202100045637,1,1,,0,2,0,13,B01
202100045638,2,1,,0,2,8,23,B01
202100045638,1,7,,0,2,7,1,A01
202100045639,1,33,,0,2,2,1,A01
202100045639,1,10,,0,2,1,1,B01
202100045640,1,1,,0,2,0,2,A01
202100045640,1,1,,0,2,4,2,B01
202100045641,3,33,,0,2,8,1,B01
202100045641,3,7,,0,2,2,14,A01
202100045642,3,7,,0,2,3,15,A01
202100045642,3,32,,0,2,2,13,B01
202100045643,1,7,,0,2,5,1,B01
202100045643,1,32,,0,2,1,2,A01
202100045644,1,2,,0,1,3,1,A01
202100045645,2,10,,0,2,2,1,B01
202100045645,1,60,,0,2,3,26,A01
202100045646,1,34,,0,2,3,18,A01
202100045646,1,7,,0,2,2,16,B01
202100045647,2,7,,0,2,1,5,A01
202100045647,2,7,,0,0,8,1,B01
202100045648,2,7,,0,2,5,1,B01
202100045648,2,7,,0,2,3,15,A01
202100045649,1,7,,1,0,3,1,A01
202100045650,2,7,,0,2,4,23,B01
202100045650,2,7,,1,2,1,2,A01
202100045651,2,33,,1,0,1,0,A01
202100045652,0,2,,9,2,0,25,Z01
202100045653,1,7,,0,1,3,16,A01
202100045654,1,7,,0,2,7,0,B01
202100045654,1,30,,0,2,7,19,A01
202100045655,3,43,,0,1,1,1,A01
202100045656,2,7,,0,2,3,0,A01
202100045656,1,7,,0,2,3,0,B01
202100045657,2,50,,1,0,1,18,B01
202100045657,2,10,,0,2,2,23,A01
202100045658,3,99,,0,2,1,0,A01
202100045658,3,7,,0,0,3,20,B01
202100045659,3,7,,0,1,1,25,A01
202100045660,2,7,,0,2,0,26,A01
202100045660,2,7,,0,2,0,0,EB01
202100045661,1,7,,0,2,2,16,A01
202100045661,1,1,,0,2,1,1,B01
202100045662,0,7,,0,2,4,16,B01
202100045662,0,37,4.0,0,2,2,16,A01
202100045663,0,60,,0,9,0,1,A01
202100045664,0,50,,0,0,0,0,A01
202100045665,1,1,,0,2,1,5,B01
202100045665,1,7,,0,2,3,1,A01
202100045666,1,7,,0,2,2,15,B01
202100045666,2,30,,0,2,3,1,A01
202100045667,1,7,,12,2,0,1,B01
202100045667,1,7,,6,2,0,1,C01
202100045667,1,10,,0,2,1,1,D01
202100045667,2,30,,0,0,0,5,Z01
202100045668,1,10,,0,0,8,1,B01
202100045668,1,33,,8,2,0,17,A01
202100045668,2,1,,0,0,0,1,C01
202100045669,3,7,,0,1,1,1,A01
202100045670,1,33,,5,0,1,1,A01
202100045671,1,1,,0,0,0,13,A01
202100045672,1,7,,0,2,8,1,C01
202100045672,2,15,,0,2,3,1,B01
202100045672,1,7,,0,2,1,13,A01
202100045673,2,33,,12,0,1,17,A01
202100045674,3,80,,0,2,2,1,B01
202100045674,3,80,,0,2,6,13,A01
202100045675,3,7,,13,0,1,1,A01
202100045676,1,7,,0,2,4,15,B01
202100045676,1,7,,0,2,1,17,A01
202100045677,3,2,,0,0,0,1,A01
202100045678,0,3,,0,0,2,15,A01
202100045678,0,7,,0,2,2,1,B01
202100045679,1,33,,13,0,1,1,A01
202100045680,2,21,,0,0,0,1,A01
202100045681,1,33,,0,6,1,1,A01
202100045682,2,7,,7,2,3,1,B01
202100045682,1,7,,0,2,2,11,A01
202100045683,1,33,,13,0,1,0,A01
202100045684,1,7,,0,2,6,21,D01
202100045684,1,15,,0,2,3,1,C01
202100045684,2,7,,0,2,1,1,B01
202100045684,1,7,,0,2,1,17,A01
202100045685,1,34,,0,0,2,1,A01
202100045686,1,33,,0,2,8,11,A01
202100045686,1,33,,8,0,4,1,B01
202100045686,2,7,,0,2,8,1,C01
202100045687,1,1,,0,1,1,2,A01
202100045688,1,7,,0,2,1,1,C01
202100045688,1,7,,0,2,1,1,B01
202100045688,2,7,,0,2,1,13,A01
202100045689,2,7,,13,6,1,21,A01
202100045690,2,7,,13,0,1,1,A01
202100045691,2,7,,13,0,1,0,A01
202100045692,1,7,,3,0,2,1,A01
202100045693,2,7,,0,0,2,15,A01
202100045693,1,1,,0,2,1,25,B01
202100045694,2,7,,13,0,1,26,A01
202100045695,2,7,,0,9,1,2,B01
202100045695,2,1,,0,0,4,2,A01
202100045696,1,33,,0,2,1,17,B01
202100045696,1,7,,0,2,8,15,A01
202100045697,1,43,,0,2,2,21,A01
202100045697,3,7,,0,2,3,16,B01
202100045698,2,7,,0,2,3,17,A01
202100045698,1,33,,0,2,1,26,B01
202100045699,1,1,,0,2,5,1,B01
202100045699,3,7,,0,2,1,9,A01
202100045700,2,14,,0,2,1,1,A01
202100045700,2,7,,0,2,4,15,B01
202100045701,2,7,,16,0,9,1,A01
202100045702,2,7,,0,1,1,15,A01
202100045703,3,36,,0,0,0,1,A01
202100045704,2,7,,0,1,3,15,A01
202100045705,2,7,,8,2,3,15,B01
202100045705,2,33,,8,2,1,17,A01
202100045706,1,30,,0,2,3,2,B01
202100045706,1,10,,0,2,5,2,A01
202100045707,2,7,,13,0,9,1,A01
202100045708,3,7,,0,2,3,1,A01
202100045708,3,33,,0,2,3,13,B01
202100045709,1,10,,0,9,2,1,A01
202100045709,1,1,,0,0,4,1,B01
202100045710,1,32,,0,0,7,1,A01
202100045711,3,3,,0,1,2,20,A01
202100045712,2,33,,6,2,1,2,B01
202100045712,2,7,,6,2,4,2,A01
202100045713,2,7,,0,0,9,1,A01
202100045714,2,31,,0,2,4,2,B01
202100045714,2,7,,0,2,1,2,A01
202100045715,2,7,,3,0,0,2,A01
202100045716,1,7,,0,2,4,2,D01
202100045716,1,7,,0,2,4,2,C01
202100045716,1,7,,0,2,4,2,B01
202100045716,1,7,,0,2,1,1,A01
202100045717,2,7,,13,2,1,1,A01
202100045718,1,32,,14,0,7,1,A01
202100045719,2,7,,0,2,8,9,A01
202100045719,2,17,,0,2,2,1,B01
202100045720,3,7,,0,1,4,26,A01
202100045721,1,7,,0,1,1,9,A01
202100045722,2,33,,0,1,3,1,A01
202100045723,1,7,,0,1,1,1,A01
202100045724,2,7,,0,2,3,1,B01
202100045724,1,7,,0,2,3,15,A01
202100045725,3,33,,0,0,0,1,A01
202100045726,2,7,,0,2,1,2,A01