Num_Acc,senc,catv,occutc,obs,obsm,choc,manv,num_veh
202100045726,2,7,,0,2,4,23,B01
202100045727,0,7,,0,1,1,15,A01
202100045728,1,7,,8,0,2,0,A01
202100045729,1,7,,0,9,2,15,A01
202100045729,2,1,,0,2,2,15,B01
202100045730,3,37,7.0,0,2,3,1,B01
202100045730,3,7,,0,9,2,19,A01
202100045731,2,34,,0,0,0,1,B01
202100045732,1,30,,0,0,0,16,A01
202100045733,0,30,,0,1,1,26,A01
202100045734,2,10,,0,2,6,19,A01
202100045734,2,2,,0,2,0,19,B01
202100045735,1,80,,0,2,1,9,B01
202100045735,1,7,,0,2,2,1,A01
202100045736,3,34,,0,1,0,26,A01
202100045737,0,1,,0,1,1,1,A01
202100045738,1,7,,0,2,1,1,A01
202100045738,1,7,,0,2,7,1,B01
202100045739,3,7,,0,2,8,15,B01
202100045739,3,31,,0,2,1,17,A01
202100045740,2,10,,0,2,1,1,A01
202100045740,2,7,,0,2,2,1,B01
202100045741,2,10,,0,2,5,1,B01
202100045741,2,7,,0,2,1,1,A01
202100045742,1,7,,0,2,1,1,A01
202100045742,1,1,,0,2,8,19,B01
202100045743,2,1,,0,2,6,19,B01
202100045743,1,7,,0,2,3,1,A01
202100045744,1,7,,0,2,4,12,B01
202100045744,1,7,,0,2,1,2,A01
202100045744,1,7,,0,2,4,1,C01
202100045745,2,7,,0,2,1,1,B01
202100045745,2,10,,0,2,1,15,A01
202100045746,1,7,,0,1,1,2,A01
202100045747,1,7,,0,2,3,15,B01
202100045747,1,30,,0,2,2,17,A01
202100045748,2,7,,0,2,8,1,B01
202100045748,1,30,,0,2,8,21,A01
202100045749,1,7,,0,2,8,11,A01
202100045749,1,33,,0,2,7,1,B01
202100045750,3,7,,0,2,6,2,B01
202100045750,1,32,,0,2,1,1,A01
202100045751,2,7,,0,2,1,19,A01
202100045751,2,31,,0,2,7,1,B01
202100045752,1,7,,0,2,1,1,B01
202100045752,1,2,,0,2,4,17,A01
202100045753,1,7,,0,2,1,13,A01
202100045753,2,7,,6,2,1,10,B01
202100045754,2,7,,0,2,1,1,A01
202100045754,2,7,,0,2,8,1,B01
202100045755,2,7,,0,0,3,26,A01
202100045756,1,1,,12,0,1,14,A01
202100045757,2,7,,0,2,4,1,B01
202100045757,2,7,,0,2,4,1,C01
202100045757,2,7,,0,2,1,2,A01
202100045758,3,17,,0,9,7,1,A01
202100045758,3,1,,0,2,8,1,B01
202100045759,3,1,,8,0,1,1,A01
202100045760,1,33,,0,2,8,15,B01
202100045760,2,7,,0,2,3,13,A01
202100045761,2,30,,0,0,8,15,A01
202100045762,1,7,,0,2,3,1,A01
202100045762,2,7,,0,2,3,1,B01
202100045763,3,7,,0,2,4,1,B01
202100045763,3,33,,0,2,1,1,A01
202100045764,3,17,,0,2,2,2,A01
202100045764,3,7,,0,2,4,9,B01
202100045765,3,34,,0,1,1,1,B01
202100045766,1,7,,0,1,2,2,Z01
202100045767,1,33,,0,2,7,1,B01
202100045767,1,7,,0,2,8,10,A01
202100045768,2,30,,0,2,1,1,A01
202100045768,2,7,,0,2,4,1,B01
202100045769,0,7,,0,0,3,1,B01
202100045769,0,50,,0,2,1,1,A01
202100045770,1,7,,0,1,2,9,A01
202100045771,2,80,,0,2,8,1,B01
202100045771,1,7,,0,2,3,15,A01
202100045772,1,30,,0,2,1,1,A01
202100045772,1,7,,0,2,1,15,B01
202100045773,1,7,,0,2,1,1,A01
202100045773,1,1,,0,2,1,1,B01
202100045774,0,7,,13,0,9,13,A01
202100045775,1,7,,0,2,1,26,A01
202100045775,1,7,,0,2,1,1,B01
202100045776,0,10,,0,2,1,1,A01
202100045776,0,7,,0,2,4,23,B01
202100045777,0,0,,0,2,1,0,B01
202100045777,0,7,,0,2,4,23,A01
202100045778,3,7,,0,2,4,2,B01
202100045778,3,2,,0,2,1,21,A01
202100045779,0,7,,0,1,3,1,A01
202100045780,2,32,,0,2,2,1,A01
202100045780,2,7,,0,2,1,1,B01
202100045781,1,10,,0,2,0,15,A01
202100045781,0,32,,0,2,0,21,B01
202100045782,1,7,,0,0,0,9,A01
202100045782,1,33,,0,0,0,1,B01
202100045783,3,7,,0,0,0,26,A01
202100045784,2,33,,0,2,8,1,B01
202100045784,2,7,,0,2,2,12,A01
202100045785,1,7,,0,2,2,1,A01
202100045785,1,7,,0,2,6,11,B01
202100045786,3,7,,0,2,1,1,A01
202100045786,3,7,,0,2,7,1,B01
202100045787,1,7,,0,2,3,22,A01
202100045787,1,1,,0,2,1,7,B01
202100045788,3,43,,0,2,2,1,A01
202100045788,1,7,,0,2,3,1,B01
202100045789,1,7,,0,2,3,1,A01
202100045789,1,30,,0,2,2,17,B01
202100045790,3,1,,0,0,0,1,A01
202100045791,2,7,,0,1,2,15,A01
202100045792,3,1,,0,1,1,1,A01
202100045793,1,7,,0,2,2,10,A01
202100045793,1,32,,0,2,1,1,B01
202100045794,1,2,,9,2,8,1,B01
202100045794,1,7,,0,2,7,12,A01
202100045795,2,33,,0,2,4,23,B01
202100045795,2,7,,0,2,1,16,A01
202100045796,2,7,,0,1,2,1,A01
202100045797,1,50,,0,2,7,16,B01
202100045797,1,1,,0,2,8,18,A01
202100045798,2,1,,0,2,4,23,B01
202100045798,2,1,,0,2,1,1,A01
202100045799,1,1,,0,0,0,21,A01
202100045800,1,7,,0,1,3,15,A01
202100045801,1,7,,0,2,4,23,B01
202100045801,1,2,,0,2,1,1,A01
202100045802,2,60,,0,2,1,13,D01
202100045802,2,1,,0,2,1,1,A01
202100045803,3,34,,14,0,2,1,A01
202100045804,3,2,,0,0,0,1,A01
202100045805,3,3,,0,1,2,1,A01
202100045806,1,10,,0,9,1,1,A01
202100045806,1,1,,0,2,0,0,B01
202100045807,0,7,,0,1,3,9,A01
202100045808,3,7,,0,2,0,2,A01
202100045808,3,1,,0,0,0,0,B01
202100045809,3,7,,12,1,1,2,A01
202100045810,-1,33,,0,2,1,0,B01
202100045810,-1,7,,0,2,6,15,A01
202100045811,0,10,,0,2,2,1,B01
202100045811,0,32,,0,2,1,1,A01
202100045812,2,7,,0,2,3,1,A01
202100045812,3,33,,0,1,3,1,B01
202100045813,2,30,,0,0,8,21,A01
202100045813,-1,7,,1,0,0,22,B01
202100045814,1,7,,0,1,3,15,A01
202100045815,1,32,,0,2,1,0,B01
202100045815,1,7,,0,2,8,15,A01
202100045816,2,7,,0,0,6,1,B01
202100045816,2,14,,0,0,1,9,A01
202100045817,0,7,,0,2,5,10,A01
202100045817,0,33,,0,2,1,2,B01
202100045818,1,7,,0,2,2,15,A01
202100045818,2,34,,0,2,1,1,B01
202100045819,2,32,,0,2,1,1,B01
202100045819,2,7,,0,2,5,16,A01
202100045820,1,7,,0,1,2,15,Z01
202100045821,1,10,,0,2,7,15,B01
202100045821,2,30,,0,2,1,1,A01
202100045822,2,33,,0,2,1,1,B01
202100045822,2,7,,0,2,3,15,A01
202100045823,1,7,,0,2,2,16,B01
202100045823,1,32,,0,2,1,18,A01
202100045824,1,7,,0,2,2,15,A01
202100045824,2,80,,0,2,7,1,B01
202100045825,2,7,,0,2,3,1,A01
202100045825,1,21,,0,2,6,1,B01
202100045826,3,7,,0,2,3,21,B01
202100045826,3,7,,0,2,3,23,A01
202100045827,1,2,,0,2,1,2,B01
202100045827,1,7,,0,0,6,23,A01
202100045828,1,1,,0,2,1,25,B01
202100045828,2,10,,0,2,2,16,A01
202100045829,-1,1,,0,2,8,2,B01
202100045829,-1,7,,0,2,2,2,A01
202100045830,3,7,,0,2,1,1,A01
202100045830,3,1,,0,2,1,5,B01
202100045831,2,7,,0,2,6,15,B01
202100045831,2,10,,0,2,1,17,A01
202100045832,2,7,,0,2,1,0,A01
202100045832,2,15,,0,0,4,0,B01
202100045833,2,7,,13,0,9,1,A01
202100045834,2,7,,0,2,3,15,B01
202100045834,2,33,,0,2,2,17,A01
202100045835,1,33,,2,2,2,17,A01
202100045835,1,7,,0,2,3,17,B01
202100045836,2,13,,0,2,1,1,A01
202100045836,2,15,,0,0,4,1,B01
202100045837,2,10,,0,2,2,15,A01
202100045837,1,31,,0,2,1,1,B01
202100045838,1,36,,0,0,0,0,A01
202100045839,2,33,,0,0,1,19,A01
202100045840,2,7,,0,2,2,10,A01
202100045840,2,33,,0,2,1,13,B01
202100045841,2,33,,0,5,1,1,A01
202100045842,2,7,,0,0,0,1,A01
202100045843,2,7,,16,0,1,1,A01
202100045844,1,7,,0,2,1,1,A01
202100045844,3,2,,0,2,3,1,B01
202100045845,3,7,,0,9,1,5,A01
202100045845,3,1,,0,2,1,1,B01
202100045846,0,2,,0,2,1,0,B01
202100045846,3,7,,0,2,3,19,A01
202100045847,2,7,,0,2,1,15,B01
202100045847,3,10,,13,2,3,1,A01
202100045848,1,7,,0,2,3,9,A01
202100045848,2,80,,0,2,7,15,B01
202100045849,2,33,,0,0,1,13,A01
202100045850,0,2,,0,2,3,9,A01
202100045850,0,7,,0,2,2,20,B01
202100045851,2,10,,6,0,3,13,A01
202100045852,2,1,,0,2,1,1,B01
202100045852,2,7,,0,2,2,19,A01
202100045853,2,7,,0,0,4,1,A01
202100045853,2,7,,0,2,1,1,B01
202100045854,3,7,,0,9,1,5,A01
202100045854,3,50,,0,2,1,1,B01
202100045855,0,7,,15,2,1,1,A01
202100045855,0,7,,0,0,7,23,B01
202100045856,1,1,,0,2,4,2,B01
202100045856,1,7,,0,9,3,2,A01
202100045857,3,2,,1,0,1,0,A01
202100045858,1,7,,0,2,8,9,A01
202100045858,1,1,,0,2,2,26,B01
202100045859,1,7,,2,0,1,1,A01
202100045860,1,7,,0,0,2,1,B01
202100045860,1,35,,0,0,8,19,A01
202100045861,1,2,,0,0,0,2,A01
202100045861,1,7,,0,0,0,0,B01
202100045862,2,1,,0,2,4,2,B01
202100045862,2,7,,0,2,5,2,A01
202100045863,2,7,,0,2,3,1,B01
202100045863,1,7,,0,2,3,17,A01
202100045864,3,14,,0,2,3,2,B01
202100045864,3,31,,0,2,0,21,A01
202100045865,1,7,,8,0,1,21,A01
202100045866,2,33,,0,0,0,1,A01
202100045867,2,7,,0,1,2,1,A01
202100045868,1,7,,0,2,7,9,A01
202100045868,1,33,,0,2,7,15,B01
202100045869,0,37,1.0,0,1,2,1,A01
202100045870,3,80,,0,2,7,17,B01
202100045870,3,1,,0,2,8,13,A01
202100045871,2,33,,17,2,1,14,A01
202100045871,1,7,,0,2,3,1,B01
202100045872,1,30,,0,2,3,1,B01
202100045872,1,7,,0,2,2,15,A01
202100045873,0,10,,0,2,3,13,A01
202100045873,0,7,,0,2,2,1,B01
202100045874,1,7,,8,0,1,0,A01
202100045875,1,7,,0,1,2,1,A01
202100045876,3,7,,0,0,7,15,A01
202100045876,3,1,,0,0,1,1,B01
202100045877,1,7,,13,0,1,13,A01
202100045878,1,7,,0,2,2,15,A01
202100045878,2,2,,0,2,1,1,B01
202100045879,0,1,,0,0,0,1,A01
202100045880,2,7,,0,0,1,1,A01
202100045881,2,7,,0,2,6,11,A01
202100045881,2,10,,0,2,2,1,B01
202100045881,2,7,,0,2,6,1,C01
202100045882,1,31,,4,0,8,2,A01
202100045883,1,33,,0,2,3,1,B01
202100045883,1,7,,0,2,5,9,A01
202100045884,1,10,,0,2,1,2,A01
202100045884,1,7,,0,2,4,2,B01
202100045884,1,7,,0,2,4,2,C01
202100045885,2,7,,0,2,1,21,A01
202100045885,2,7,,0,2,4,21,B01
202100045886,1,33,,0,2,7,17,C01
202100045886,1,7,,1,2,2,13,B01
202100045886,1,7,,0,2,6,23,A01
202100045887,1,7,,0,1,1,1,A01
202100045888,1,7,,0,1,8,19,A01
202100045889,2,10,,0,0,6,20,A01
202100045890,1,7,,0,1,2,1,A01
202100045891,0,7,,0,1,1,1,A01
202100045892,3,7,,0,1,1,1,A01
202100045893,1,33,,0,1,1,1,A01
202100045894,2,34,,0,1,1,1,A01
202100045895,1,10,,0,2,4,1,B01
202100045895,1,10,,0,2,1,1,A01
202100045896,2,33,,0,2,0,21,A01
202100045896,2,10,,0,0,0,14,B01
202100045897,1,7,,0,0,4,0,B01
202100045897,1,7,,0,2,1,1,A01
202100045898,1,7,,0,1,2,14,A01
202100045899,1,7,,0,2,1,1,B01
202100045899,1,7,,0,2,8,1,A01
202100045899,1,7,,0,2,2,12,Z01
202100045900,1,1,,0,1,1,25,A01
202100045901,2,7,,1,0,0,23,T01
202100045901,2,43,,0,1,1,1,A01
202100045902,2,7,,0,2,3,9,A01
202100045902,2,30,,0,2,1,2,B01
202100045903,2,33,,0,2,1,15,A01
202100045903,2,7,,0,2,3,0,B01
202100045904,1,33,,0,0,0,3,A01
202100045905,3,7,,0,2,4,23,B01
202100045905,3,7,,0,2,1,1,A01
202100045906,1,37,1.0,0,2,5,23,B01
202100045906,1,99,,0,2,3,2,A01
202100045907,1,31,,0,2,2,0,B01
202100045907,1,7,,1,0,1,15,A01
202100045908,1,20,,0,2,2,19,A01
202100045908,2,10,,0,2,1,1,B01
202100045909,1,32,,0,9,0,15,A01
202100045910,0,7,,0,2,1,14,A01
202100045910,0,10,,0,0,1,0,B01
202100045911,2,7,,0,2,1,2,A01
202100045911,2,99,,0,2,4,23,B01
202100045912,2,7,,0,2,1,1,B01
202100045912,1,7,,0,2,7,15,A01
202100045913,2,30,,14,0,0,0,A01
202100045914,2,33,,0,1,2,1,A01
202100045915,2,30,,0,2,4,23,B01
202100045915,1,7,,0,2,1,26,A01
202100045916,3,7,,0,1,3,1,A01
202100045917,1,7,,0,1,3,1,A01
202100045918,3,7,,0,2,2,1,B01
202100045918,0,7,,0,2,3,16,A01
202100045919,3,7,,0,1,2,1,A01
202100045920,0,2,,0,2,2,18,A01
202100045920,0,7,,0,0,2,1,B01
202100045921,0,7,,0,2,8,1,B01
202100045921,0,2,,0,2,7,17,A01
202100045922,0,7,,0,2,3,16,B01
202100045922,0,7,,0,2,3,15,A01
202100045923,3,33,,0,2,3,1,B01
202100045923,3,7,,0,2,6,15,A01
202100045924,2,1,,0,2,0,0,B01
202100045924,2,34,,0,2,0,0,A01
202100045925,1,7,,0,2,3,1,B01
202100045925,1,10,,0,2,7,1,A01
202100045926,3,7,,0,2,3,9,A01
202100045926,2,1,,0,2,7,1,B01
202100045927,2,1,,0,2,1,1,B01
202100045927,1,7,,0,2,1,9,A01
202100045928,2,1,,0,0,0,0,B01
202100045928,2,7,,0,2,0,0,A01
202100045929,1,7,,0,2,0,0,Z01
202100045929,1,33,,0,2,1,0,B01
202100045930,1,1,,0,2,1,19,A01
202100045930,2,7,,0,2,3,1,B01
202100045931,1,7,,0,2,1,1,B01
202100045931,2,10,,0,2,8,15,A01
202100045932,1,7,,0,2,1,26,A01
202100045932,1,34,,0,2,4,1,B01
202100045932,1,7,,0,2,4,26,C01
202100045933,1,7,,0,2,5,15,A01
202100045933,2,33,,0,2,1,1,B01
202100045934,1,7,,0,1,1,1,A01
202100045935,3,7,,15,0,1,16,A01
202100045936,3,7,,0,2,3,0,C01
202100045936,3,33,,0,2,8,9,B01
202100045936,3,7,,0,2,3,9,A01
202100045937,3,10,,0,9,8,1,A01
202100045937,3,30,,0,2,8,1,B01
202100045938,1,7,,15,1,1,26,A01
202100045939,3,7,,0,2,7,1,B01
202100045939,3,7,,0,2,1,1,A01
202100045940,1,2,,0,2,3,1,B01
202100045940,2,7,,0,2,2,1,A01
202100045941,2,7,,0,1,2,1,A01
202100045942,1,1,,0,2,1,1,B01
202100045942,1,7,,0,2,2,16,A01
202100045943,2,7,,15,0,1,14,A01
202100045944,1,1,,0,2,7,19,B01
202100045944,1,7,,0,2,1,16,A01
202100045945,2,30,,0,0,0,1,A01
202100045946,2,1,,0,2,1,1,B01
202100045946,2,7,,0,2,5,16,A01
202100045947,1,7,,0,2,1,15,A01
202100045947,2,33,,0,2,1,1,B01
202100045948,3,7,,0,2,7,16,B01
202100045948,0,7,,0,0,0,0,D01
202100045948,2,7,,1,2,1,18,Z01
202100045949,1,7,,0,2,3,1,B01
202100045949,0,10,,0,2,1,19,A01
202100045950,2,7,,0,2,1,2,A01
202100045950,2,7,,0,2,4,1,B01
202100045951,2,14,,0,2,5,12,A01
202100045951,2,7,,0,2,3,1,B01
202100045952,1,7,,3,0,2,14,A01
202100045953,1,7,,0,5,0,21,A01
202100045954,3,7,,0,9,0,1,A01
202100045954,0,1,,0,2,0,15,B01
202100045955,3,31,,0,1,2,21,A01
202100045956,0,32,,0,2,8,1,B01
202100045956,0,7,,0,2,8,15,A01
202100045957,1,7,,0,1,0,0,A01
202100045958,3,32,,0,2,1,1,A01
202100045958,0,7,,0,2,3,16,B01
202100045959,2,7,,0,2,8,1,B01
202100045959,1,7,,0,2,1,13,A01
202100045960,1,7,,0,1,1,1,Z01
202100045961,3,7,,0,2,2,9,A01
202100045961,1,33,,1,2,3,1,B01
202100045962,2,7,,0,2,4,15,A01
202100045962,2,33,,0,2,1,2,B01
202100045963,1,2,,0,2,1,1,B01
202100045963,2,7,,0,2,2,15,A01
202100045964,2,7,,0,2,5,16,B01
202100045964,2,30,,0,2,1,1,A01
202100045965,1,10,,0,1,1,1,A01
202100045966,3,7,,0,2,1,2,A01
202100045966,3,7,,0,2,5,2,B01
202100045967,2,7,,0,2,6,9,B01
202100045967,2,33,,0,2,1,17,A01
202100045968,1,7,,0,2,3,11,B01
202100045968,1,33,,0,2,2,3,A01
202100045969,2,14,,0,1,1,1,A01
202100045970,1,1,,0,2,7,16,B01
202100045970,1,33,,0,2,1,7,A01
202100045971,1,7,,0,1,4,1,A01
202100045972,3,32,,0,2,1,15,A01
202100045972,3,33,,0,2,1,1,Z01
202100045973,1,2,,0,2,1,17,A01
202100045973,1,7,,0,2,3,9,B01
202100045974,1,34,,0,2,6,18,A01
202100045974,3,10,,0,2,7,16,Z01
202100045975,2,7,,6,0,1,15,A01
202100045976,2,7,,0,2,2,17,Z01
202100045976,2,50,,0,2,6,1,A01
202100045977,1,33,,0,2,1,1,B01
202100045977,1,7,,0,2,8,10,A01
202100045978,1,1,,0,2,3,15,A01
202100045978,1,7,,0,2,2,1,B01
202100045979,2,1,,0,2,3,15,B01
202100045979,2,37,1.0,0,2,2,13,A01
202100045980,2,7,,0,2,4,23,B01
202100045980,1,33,,0,2,1,1,A01
202100045981,2,1,,0,2,7,1,B01
202100045981,2,1,,0,2,8,18,A01
202100045982,1,10,,0,1,1,15,A01
202100045983,3,1,,12,0,0,14,A01
202100045984,1,7,,0,1,8,1,A01
202100045985,2,1,,0,0,0,1,A01
202100045986,1,2,,0,1,1,1,A01
202100045987,1,50,,0,0,0,1,A01
202100045988,1,7,,0,1,3,1,A01
202100045989,2,7,,0,2,3,9,B01
202100045989,1,30,,0,2,1,21,A01
202100045990,0,7,,0,2,3,26,A01
202100045990,1,43,,0,2,1,1,B01
202100045991,0,10,,0,2,1,0,A01
202100045991,1,7,,0,2,1,0,B01
202100045992,3,33,,0,2,8,2,B01
202100045992,3,7,,0,2,3,0,A01
202100045993,1,7,,1,2,2,9,A01
202100045993,1,33,,1,2,3,2,B01
202100045994,1,10,,0,2,1,19,A01
202100045994,1,1,,0,2,1,19,B01
202100045995,2,7,,0,2,7,15,B01
202100045995,1,33,,0,2,1,1,A01
202100045996,1,33,,0,2,3,1,B01
202100045996,2,7,,0,0,2,10,A01
202100045997,1,1,,1,0,1,1,B01
202100045997,1,7,,0,2,8,24,A01
202100045998,1,7,,0,2,1,15,B01
202100045998,2,32,,0,2,1,1,A01
202100045999,1,7,,0,1,2,1,A01
202100046000,2,7,,1,0,4,24,D01
202100046000,2,33,,0,2,1,1,A01
202100046000,2,7,,1,0,8,24,C01
202100046000,2,7,,1,2,3,16,B01
202100046001,2,2,,0,2,1,23,B01
202100046001,2,2,,0,2,4,1,A01
202100046002,1,32,,0,2,2,1,B01
202100046002,2,50,,0,2,1,25,A01
202100046003,2,7,,2,0,8,26,A01
202100046004,1,7,,1,0,1,1,A01
202100046005,2,10,,3,0,2,11,A01
202100046006,1,7,,0,1,3,1,A01
202100046007,1,7,,0,0,4,1,B01
202100046007,2,33,,0,2,1,2,A01
202100046008,3,7,,0,1,1,1,A01
202100046009,0,1,,14,0,0,1,A01
202100046010,2,2,,0,2,1,1,B01
202100046010,0,7,,0,2,3,14,A01
202100046011,2,10,,3,2,1,0,A01
202100046011,2,15,,0,2,7,1,B01
202100046012,1,7,,0,6,4,1,B01
202100046012,1,37,1.0,0,2,1,1,A01
202100046013,2,10,,0,2,1,1,B01
202100046013,1,7,,0,2,1,13,A01
202100046014,1,7,,8,0,1,1,A01
202100046015,1,7,,0,0,2,1,B01
202100046015,2,7,,0,0,3,15,A01
202100046016,1,33,,0,0,9,1,A01
202100046017,2,1,,0,2,8,1,B01
202100046017,1,7,,0,9,1,15,A01
202100046018,2,1,,0,2,8,13,B01
202100046018,2,7,,0,9,7,17,A01
202100046019,2,7,,0,2,3,9,A01
202100046019,0,33,,0,0,7,1,B01
202100046020,2,33,,0,0,0,1,A01
202100046021,3,7,,0,1,0,19,A01
202100046022,2,7,,2,0,8,1,A01
202100046023,1,2,,0,2,1,2,A01
202100046023,1,7,,0,0,4,2,B01
202100046024,2,10,,0,2,3,1,A01
202100046024,1,31,,0,2,1,13,B01
202100046025,1,7,,9,0,1,9,A01
202100046025,0,7,,0,0,3,1,B01
202100046026,2,33,,0,0,4,23,B01
202100046026,2,33,,0,2,1,2,A01
202100046027,2,2,,0,2,3,1,B01
202100046027,1,7,,0,2,3,15,A01
202100046028,2,2,,0,2,1,1,B01
202100046028,1,7,,0,2,6,26,A01
202100046029,3,43,,0,1,0,1,A01
202100046030,1,7,,0,0,0,9,A01
202100046030,1,33,,0,0,8,1,B01
202100046031,2,10,,0,2,2,2,B01
202100046031,2,17,,0,0,6,2,A01
202100046032,3,33,,0,2,2,1,B01
202100046032,3,7,,0,2,3,16,A01
202100046033,1,7,,0,2,3,15,A01
202100046033,2,2,,0,2,1,1,B01
202100046034,2,7,,6,0,1,16,A01
202100046035,1,1,,0,0,2,1,A01
202100046035,1,1,,0,0,4,1,B01
202100046036,0,10,,0,1,3,26,A01
202100046037,1,32,,0,2,1,17,A01
202100046037,1,7,,0,0,6,13,B01
202100046038,1,10,,0,2,2,21,B01
202100046038,1,1,,0,2,8,19,A01
202100046039,2,7,,8,0,8,19,A01
202100046040,1,7,,0,2,2,15,A01
202100046040,2,2,,0,2,3,1,B01
202100046041,1,7,,0,0,4,23,B01
202100046041,1,7,,0,2,1,2,A01
202100046042,2,7,,0,2,3,15,A01
202100046042,2,31,,0,2,1,17,B01
202100046043,0,7,,0,9,6,4,B01
202100046043,0,1,,0,0,1,2,A01
202100046044,1,7,,0,0,6,1,E01
202100046044,1,7,,4,0,5,1,D01
202100046044,1,7,,3,2,7,1,A01
202100046044,1,7,,0,0,8,1,B01
202100046045,2,7,,0,2,3,1,A01
202100046045,1,7,,0,2,1,15,B01
202100046046,0,1,,0,0,0,0,A01
202100046047,1,32,,0,0,0,2,A01
202100046048,1,33,,0,2,3,1,B01
202100046048,1,7,,0,2,7,12,A01
202100046049,1,7,,0,0,1,1,A01
202100046050,1,17,,0,2,6,1,C01
202100046050,1,10,,0,2,1,1,A01
202100046050,1,7,,0,2,4,23,B01
202100046051,1,7,,11,0,1,13,A01
202100046052,1,7,,0,2,0,0,Z01
202100046052,1,2,,0,2,4,2,A01
202100046053,2,17,,0,2,6,23,C01
202100046053,2,10,,0,2,6,23,B01
202100046053,2,7,,0,2,2,2,A01
202100046054,2,7,,0,2,2,12,A01
202100046054,2,7,,0,2,6,1,B01
202100046055,1,7,,0,2,7,14,A01
202100046055,1,31,,0,2,1,18,B01
202100046056,2,10,,0,2,1,2,A01
202100046056,2,7,,0,2,4,2,D01
202100046056,2,7,,0,2,4,2,C01
202100046056,2,10,,0,2,4,2,B01
202100046057,1,7,,0,2,5,23,B01
202100046057,1,7,,0,2,1,1,C01
202100046057,1,33,,0,2,1,3,A01
202100046058,1,10,,0,1,1,1,A01
202100046059,2,7,,0,1,2,15,A01
202100046060,1,31,,0,1,8,1,A01
202100046061,2,43,,0,0,6,9,A01
202100046061,2,15,,0,2,3,15,B01
202100046062,2,33,,0,2,1,1,A01
202100046062,2,7,,0,2,3,15,B01
202100046063,3,7,,0,2,7,19,A01
202100046063,3,7,,0,2,2,1,B01
202100046064,3,33,,0,2,3,9,A01
202100046064,3,7,,0,2,5,12,B01
202100046065,2,32,,0,2,5,1,B01
202100046065,1,7,,0,2,5,0,A01
202100046066,3,7,,1,0,1,1,A01
202100046067,1,7,,1,1,1,1,A01
202100046068,2,7,,0,0,3,13,Z01
202100046068,1,7,,0,2,6,1,B01
202100046069,1,7,,0,2,1,1,B01
202100046069,1,33,,0,2,4,2,A01
202100046070,0,33,,0,2,8,17,A01
202100046070,3,10,,0,2,7,17,Z01
202100046071,2,7,,0,1,3,26,A01
202100046072,2,3,,6,0,1,13,A01
202100046073,2,34,,0,2,1,17,B01
202100046073,2,7,,0,2,8,15,A01
202100046074,1,7,,0,1,1,1,A01
202100046075,1,30,,0,2,7,2,A01
202100046075,1,7,,0,2,3,15,B01
202100046076,1,7,,0,2,2,15,A01
202100046076,2,7,,0,2,1,1,B01
202100046077,1,1,,0,2,7,0,B01
202100046077,1,7,,0,2,1,9,A01
202100046078,1,7,,0,2,4,2,B01
202100046078,1,7,,0,2,1,2,A01
202100046079,2,30,,14,0,8,26,A01
202100046080,1,7,,0,1,1,1,A01
202100046081,1,10,,8,0,2,26,A01
202100046082,1,7,,0,2,2,1,B01
202100046082,1,7,,0,2,1,9,A01
202100046083,2,7,,0,2,7,17,A01
202100046083,2,7,,0,2,8,15,B01
202100046084,1,7,,0,1,2,21,A01
202100046085,3,7,,0,2,3,1,B01
202100046085,3,30,,0,2,2,1,A01
202100046086,1,7,,0,1,1,1,A01
202100046087,1,31,,13,0,1,1,A01
202100046088,1,7,,1,2,2,15,A01
202100046088,2,1,,0,2,1,1,C01
202100046089,2,2,,1,0,1,14,A01
202100046090,2,7,,0,2,8,16,B01
202100046090,2,2,,0,2,1,1,A01
202100046091,1,7,,0,2,3,15,A01
202100046091,2,31,,0,2,1,1,B01
202100046092,0,1,,0,2,3,1,B01
202100046092,0,10,,0,2,3,16,A01
202100046093,2,7,,8,0,2,1,A01
202100046094,1,7,,1,0,2,16,A01
202100046095,2,7,,0,2,8,1,B01
202100046095,2,1,,0,2,1,1,A01
202100046096,0,7,,6,0,2,1,A01
202100046097,2,7,,13,0,1,14,A01
202100046098,1,33,,0,2,1,26,B01
202100046098,2,7,,0,9,8,9,A01
202100046099,2,33,,12,0,1,13,A01
202100046100,3,7,,2,0,1,26,A01
202100046101,3,7,,0,2,4,1,C01
202100046101,3,7,,0,2,1,1,A01
202100046101,3,7,,0,2,9,1,B01
202100046102,3,1,,0,9,0,1,A01
202100046103,2,7,,13,0,1,16,A01
202100046104,3,7,,0,2,8,23,B01
202100046104,3,7,,0,2,1,21,A01
202100046105,1,7,,0,1,5,1,B01
202100046106,1,33,,0,2,1,1,B01
202100046106,2,7,,0,2,2,15,A01
202100046107,2,1,,0,2,1,1,B01
202100046107,1,7,,0,2,5,15,A01
202100046108,2,7,,0,1,3,1,A01
202100046109,3,99,,0,1,1,26,Z01
202100046110,3,7,,0,2,3,16,A01
202100046110,3,33,,0,2,2,1,B01
202100046111,3,7,,0,1,4,4,A01
202100046112,2,7,,0,2,7,15,A01
202100046112,1,34,,0,2,1,1,B01
202100046113,3,7,,2,0,1,1,A01
202100046114,3,7,,0,2,1,15,A01
202100046114,3,7,,0,2,3,1,B01
202100046115,3,7,,0,2,1,1,A01
202100046115,0,7,,0,2,7,9,B01
202100046116,2,7,,0,1,2,15,A01