Num_Acc,senc,catv,occutc,obs,obsm,choc,manv,num_veh
202100046117,1,7,,15,0,1,14,A01
202100046118,1,7,,0,1,2,1,A01
202100046119,3,33,,0,2,1,1,B01
202100046119,3,7,,0,2,3,5,A01
202100046120,2,7,,0,0,5,2,B01
202100046120,2,7,,1,2,1,2,A01
202100046121,1,7,,0,2,1,16,A01
202100046121,1,2,,0,2,1,1,B01
202100046122,0,34,,0,2,1,1,B01
202100046122,3,7,,0,2,7,15,A01
202100046123,2,32,,0,2,1,13,A01
202100046123,1,7,,0,0,3,0,B01
202100046124,2,34,,0,1,1,1,A01
202100046125,1,7,,0,2,1,0,A01
202100046125,1,7,,0,2,4,1,B01
202100046126,3,7,,1,0,1,13,A01
202100046127,1,30,,0,2,4,1,B01
202100046127,1,7,,0,2,4,0,C01
202100046127,1,7,,0,2,1,2,Z01
202100046128,2,7,,0,2,3,9,A01
202100046128,3,1,,0,2,5,15,B01
202100046129,1,7,,0,2,1,1,A01
202100046129,1,1,,0,2,4,19,B01
202100046130,1,7,,0,2,7,15,A01
202100046130,2,33,,0,2,1,1,B01
202100046131,1,3,,9,0,1,14,A01
202100046132,3,7,,0,2,2,15,A01
202100046132,3,7,,0,2,6,26,C01
202100046132,3,7,,0,2,3,1,B01
202100046133,3,7,,0,2,6,1,B01
202100046133,3,7,,0,2,8,13,A01
202100046134,1,33,,0,2,7,1,A01
202100046134,1,7,,0,2,6,11,B01
202100046135,1,7,,0,2,4,23,B01
202100046135,1,7,,0,2,1,2,A01
202100046136,3,1,,0,2,7,9,B01
202100046136,2,1,,0,2,1,1,A01
202100046137,1,33,,1,2,2,17,A01
202100046137,1,7,,0,2,3,13,B01
202100046138,2,7,,0,2,2,1,A01
202100046138,2,1,,0,2,1,19,B01
202100046139,1,7,,0,2,4,2,B01
202100046139,1,7,,0,2,1,2,A01
202100046140,3,34,,0,2,1,2,A01
202100046140,3,43,,0,2,4,2,B01
202100046141,1,7,,1,0,1,13,A01
202100046142,1,7,,0,2,8,22,Z01
202100046142,1,1,,0,2,1,1,A01
202100046143,1,7,,0,2,1,1,B01
202100046143,3,1,,0,2,8,19,A01
202100046144,1,10,,0,2,2,5,A01
202100046144,3,1,,0,2,8,26,B01
202100046145,2,7,,0,1,7,1,A01
202100046146,1,7,,0,2,7,1,B01
202100046146,2,10,,0,2,3,1,A01
202100046147,1,10,,0,2,2,9,A01
202100046147,1,2,,0,2,8,1,B01
202100046148,1,36,,0,0,0,26,A01
202100046149,3,7,,0,1,0,26,Z01
202100046150,1,10,,1,0,1,17,A01
202100046151,2,7,,0,2,1,1,A01
202100046151,1,7,,0,2,1,20,B01
202100046152,0,7,,0,1,0,0,A01
202100046153,1,34,,0,2,7,1,B01
202100046153,1,30,,0,2,1,10,A01
202100046154,3,32,,0,0,0,26,A01
202100046155,1,7,,1,0,2,16,A01
202100046156,1,30,,0,0,0,0,A01
202100046157,2,30,,0,2,1,5,A01
202100046157,1,7,,0,2,3,19,B01
202100046158,2,1,,0,0,0,5,A01
202100046159,2,60,,0,2,8,19,Y01
202100046159,2,33,,0,1,1,1,A01
202100046160,0,7,,0,1,2,1,A01
202100046161,1,10,,0,2,3,1,B01
202100046161,1,1,,0,2,8,19,A01
202100046162,2,7,,8,0,1,5,A01
202100046163,1,31,,0,2,3,11,A01
202100046163,1,7,,0,2,5,1,B01
202100046164,1,33,,0,2,1,17,A01
202100046164,2,7,,0,2,3,1,B01
202100046165,1,7,,13,0,2,14,A01
202100046166,1,7,,0,0,5,23,A01
202100046166,1,7,,0,2,3,1,B01
202100046167,3,2,,13,0,1,1,A01
202100046168,1,7,,0,1,2,1,A01
202100046169,2,7,,0,2,1,1,B01
202100046169,2,7,,0,0,4,1,A01
202100046170,3,7,,0,2,2,15,A01
202100046170,3,7,,0,2,1,1,B01
202100046171,2,7,,0,0,8,15,B01
202100046171,2,33,,0,2,1,17,A01
202100046172,2,2,,0,2,1,17,A01
202100046172,2,7,,0,2,6,15,B01
202100046173,3,7,,6,0,7,1,A01
202100046174,2,7,,0,0,4,23,A01
202100046174,2,2,,0,2,1,1,B01
202100046175,2,7,,2,0,8,1,A01
202100046176,1,7,,13,0,2,0,A01
202100046177,1,7,,0,2,3,19,A01
202100046177,2,10,,6,2,8,1,B01
202100046178,1,7,,0,1,3,1,A01
202100046179,2,15,,0,2,3,1,B01
202100046179,1,7,,0,2,3,13,A01
202100046180,3,14,,0,2,0,17,A01
202100046180,3,1,,0,2,0,2,B01
202100046181,2,2,,0,2,1,1,B01
202100046181,1,7,,0,2,3,15,A01
202100046182,3,7,,0,1,7,1,A01
202100046183,2,33,,0,6,1,1,A01
202100046184,1,7,,1,0,1,12,A01
202100046185,0,2,,0,0,0,0,A01
202100046186,1,33,,0,0,0,0,A01
202100046187,2,7,,0,2,3,21,A01
202100046187,1,7,,0,2,3,17,B01
202100046188,1,7,,2,0,2,13,A01
202100046189,0,7,,0,1,3,2,A01
202100046190,2,15,,0,0,4,1,B01
202100046190,2,14,,0,2,1,2,A01
202100046191,2,7,,0,0,1,19,B01
202100046191,1,1,,0,0,7,1,A01
202100046192,0,99,,0,0,0,1,A01
202100046193,2,31,,11,0,2,1,A01
202100046194,1,10,,15,0,5,15,B01
202100046194,2,7,,0,0,2,1,A01
202100046195,3,33,,0,2,1,17,B01
202100046195,3,2,,0,0,4,15,A01
202100046196,0,10,,0,2,2,11,A01
202100046196,0,33,,0,2,1,1,B01
202100046197,3,7,,0,0,3,0,A01
202100046198,2,36,,8,0,2,26,A01
202100046199,3,1,,0,0,0,14,B01
202100046199,3,7,,0,0,0,21,A01
202100046200,2,7,,0,2,1,2,B01
202100046200,2,7,,0,2,4,2,A01
202100046201,2,10,,3,2,6,0,B01
202100046201,2,7,,0,2,1,2,A01
202100046202,2,7,,0,2,3,13,A01
202100046202,2,10,,0,2,5,1,B01
202100046203,2,7,,0,2,2,21,B01
202100046203,1,7,,0,2,1,13,A01
202100046204,1,15,,0,2,6,2,B01
202100046204,1,7,,0,2,1,2,A01
202100046205,2,33,,0,0,0,15,A01
202100046206,1,7,,0,2,1,1,B01
202100046206,1,7,,3,2,3,19,A01
202100046207,2,7,,0,2,1,26,A01
202100046208,2,7,,0,2,8,17,B01
202100046208,2,7,,0,2,8,17,A01
202100046209,1,7,,0,2,2,14,A01
202100046209,1,7,,0,2,3,16,B01
202100046210,1,7,,0,2,1,13,A01
202100046210,1,7,,0,2,3,1,B01
202100046211,2,7,,14,0,6,1,B01
202100046211,2,32,,14,0,1,11,A01
202100046212,2,7,,0,2,1,15,B01
202100046212,1,7,,0,2,2,1,A01
202100046213,1,7,,6,0,2,1,A01
202100046214,1,13,,0,2,1,2,A01
202100046214,1,7,,0,9,4,2,B01
202100046215,0,7,,0,2,7,9,A01
202100046215,1,31,,0,2,6,1,B01
202100046216,2,30,,0,1,1,1,A01
202100046217,1,99,,0,2,4,9,A01
202100046217,1,10,,0,9,0,2,B01
202100046218,2,7,,0,1,1,9,A01
202100046219,2,33,,1,0,3,13,A01
202100046220,0,7,,0,1,3,9,A01
202100046221,1,99,,0,0,0,16,A01
202100046222,3,7,,0,2,1,2,B01
202100046222,3,34,,0,2,8,2,A01
202100046223,2,7,,0,2,1,15,A01
202100046223,1,33,,0,2,1,1,B01
202100046224,3,7,,0,1,2,1,A01
202100046225,0,7,,0,1,4,20,A01
202100046226,3,7,,0,2,3,26,B01
202100046226,3,7,,0,2,1,26,A01
202100046227,0,7,,0,2,4,9,B01
202100046227,3,7,,0,2,1,1,A01
202100046228,1,7,,12,0,3,13,A01
202100046229,3,33,,0,0,7,17,A01
202100046230,0,7,,0,2,4,15,Z01
202100046230,0,2,,0,2,1,18,B01
202100046231,2,7,,0,2,3,23,B01
202100046231,1,30,,0,2,1,5,A01
202100046232,2,7,,0,2,1,14,Z01
202100046232,2,34,,0,2,4,13,A01
202100046233,1,32,,0,2,1,1,B01
202100046233,0,7,,0,2,5,15,A01
202100046234,1,33,,0,2,1,2,B01
202100046234,1,2,,0,2,6,15,A01
202100046235,0,10,,0,2,1,2,A01
202100046235,0,7,,0,2,4,2,B01
202100046236,1,7,,0,2,1,10,A01
202100046236,1,2,,0,2,1,1,B01
202100046237,1,7,,5,0,0,0,A01
202100046238,3,30,,0,2,0,0,A01
202100046238,1,7,,0,2,3,9,B01
202100046239,3,43,,0,9,4,0,B01
202100046239,3,7,,0,2,3,26,A01
202100046239,3,7,,0,2,1,26,Z01
202100046240,1,33,,6,0,1,1,A01
202100046241,3,7,,0,2,4,2,B01
202100046241,3,7,,0,2,1,2,A01
202100046242,2,33,,0,0,0,1,A01
202100046243,1,7,,1,0,1,13,A01
202100046244,1,1,,12,0,1,14,A01
202100046245,1,2,,0,2,1,1,B01
202100046245,1,7,,0,2,1,15,A01
202100046246,2,7,,0,2,6,1,B01
202100046246,2,30,,0,2,1,1,A01
202100046247,2,37,1.0,0,2,4,23,B01
202100046247,2,7,,14,0,1,2,A01
202100046248,1,7,,0,2,3,1,B01
202100046248,2,31,,0,2,2,15,A01
202100046249,0,50,,0,2,7,0,Y01
202100046249,3,7,,0,2,6,20,A01
202100046250,2,7,,1,0,1,1,A01
202100046251,2,7,,0,0,1,9,A01
202100046251,1,7,,0,0,8,1,B01
202100046252,1,1,,12,0,1,1,A01
202100046253,2,32,,0,1,1,1,A01
202100046254,1,7,,0,1,1,1,A01
202100046255,0,50,,0,2,1,1,B01
202100046255,0,7,,0,0,4,9,A01
202100046256,0,33,,0,2,1,1,A01
202100046256,0,37,2.0,0,2,8,1,B01
202100046257,1,7,,0,2,8,1,B01
202100046257,1,33,,0,2,7,17,A01
202100046258,3,33,,3,0,2,1,A01
202100046259,2,10,,0,0,7,15,B01
202100046259,1,33,,0,2,1,1,A01
202100046260,2,7,,0,1,2,1,A01
202100046261,0,36,,2,0,1,0,A01
202100046262,1,7,,0,2,4,1,A01
202100046262,2,7,,0,2,1,2,B01
202100046263,1,7,,0,2,3,1,B01
202100046263,2,7,,0,2,3,13,A01
202100046264,1,33,,0,0,1,1,A01
202100046265,1,7,,0,2,1,13,A01
202100046265,2,7,,0,2,1,1,B01
202100046266,2,7,,3,2,2,13,A01
202100046266,1,7,,0,2,1,1,B01
202100046267,1,2,,0,0,5,0,A01
202100046267,1,2,,0,2,2,2,B01
202100046268,1,7,,0,2,1,15,A01
202100046268,2,7,,12,2,3,1,B01
202100046269,3,7,,13,0,1,1,A01
202100046270,2,7,,0,0,0,0,B01
202100046270,2,30,,16,0,4,1,A01
202100046271,2,31,,0,0,0,1,A01
202100046272,1,31,,0,2,7,17,B01
202100046272,1,7,,0,2,8,17,A01
202100046273,1,7,,0,2,1,13,A01
202100046273,2,7,,0,2,1,1,B01
202100046274,0,31,,13,0,3,1,A01
202100046275,1,2,,0,0,0,1,A01
202100046276,2,7,,17,0,9,1,A01
202100046277,2,33,,0,2,1,17,A01
202100046277,2,1,,0,2,4,15,B01
202100046278,3,7,,13,2,1,1,B01
202100046278,3,7,,13,2,2,19,A01
202100046279,1,7,,0,9,2,2,A01
202100046279,2,1,,0,0,4,1,B01
202100046280,1,7,,2,0,1,14,A01
202100046281,0,7,,13,0,1,0,A01
202100046282,2,7,,0,1,3,1,A01
202100046283,1,7,,2,0,1,13,A01
202100046284,2,7,,0,2,1,1,A01
202100046284,3,7,,0,2,3,15,B01
202100046285,1,7,,13,0,2,21,A01
202100046286,2,7,,0,2,1,13,A01
202100046286,1,33,,0,2,1,1,B01
202100046286,1,33,,0,2,1,1,C01
202100046286,1,33,,0,2,1,1,D01
202100046286,1,33,,0,9,1,1,E01
202100046287,2,2,,13,0,0,1,A01
202100046288,1,7,,13,0,3,1,A01
202100046289,1,33,,0,0,0,1,A01
202100046290,2,33,,0,2,1,1,B01
202100046290,1,17,,0,2,3,15,A01
202100046291,3,7,,0,1,1,1,A01
202100046292,3,33,,0,0,7,1,A01
202100046293,1,7,,0,2,1,1,B01
202100046293,1,7,,0,2,3,15,A01
202100046294,1,10,,4,0,0,0,A01
202100046295,2,33,,0,2,7,17,B01
202100046295,2,7,,0,2,8,11,A01
202100046296,2,7,,4,0,1,1,A01
202100046297,2,10,,0,0,4,15,B01
202100046297,2,31,,0,2,1,17,A01
202100046298,2,7,,0,0,8,15,B01
202100046298,2,2,,0,2,2,17,A01
202100046299,1,7,,7,9,1,1,A01
202100046300,2,7,,0,2,3,1,A01
202100046300,2,7,,0,2,1,17,B01
202100046301,1,33,,0,2,1,1,A01
202100046301,1,7,,0,2,3,15,B01
202100046302,2,31,,0,2,2,17,A01
202100046302,2,7,,0,0,8,15,B01
202100046303,2,7,,0,2,3,1,B01
202100046303,1,7,,0,2,3,1,A01
202100046304,2,10,,0,2,1,1,B01
202100046304,1,33,,0,2,1,13,A01
202100046305,2,33,,0,2,3,0,C01
202100046305,1,33,,0,2,1,0,B01
202100046305,2,33,,0,2,1,17,A01
202100046306,2,33,,0,2,7,1,B01
202100046306,2,10,,0,2,2,19,A01
202100046307,1,10,,0,0,1,26,A01
202100046308,1,2,,0,2,1,17,B01
202100046308,1,21,,0,2,3,15,A01
202100046309,2,7,,0,2,3,1,B01
202100046309,1,1,,0,2,1,19,A01
202100046310,3,10,,0,2,3,0,B01
202100046310,3,7,,0,2,2,19,A01
202100046311,1,32,,0,2,7,3,B01
202100046311,1,7,,0,2,8,13,A01
202100046312,2,1,,0,2,1,15,B01
202100046312,1,7,,0,2,3,1,A01
202100046313,3,2,,13,0,1,14,A01
202100046314,1,43,,3,2,1,1,B01
202100046314,2,10,,0,2,3,1,A01
202100046315,0,2,,0,2,1,1,B01
202100046315,0,7,,0,0,5,20,A01
202100046316,2,33,,0,2,1,2,B01
202100046316,2,7,,0,2,4,1,A01
202100046317,2,7,,0,1,1,26,B01
202100046317,2,7,,15,0,0,1,A01
202100046318,1,7,,0,2,1,2,B01
202100046318,1,7,,0,2,4,9,A01
202100046319,2,33,,3,0,1,18,A01
202100046320,1,7,,0,2,2,12,A01
202100046320,1,7,,0,2,8,1,B01
202100046321,2,7,,4,2,3,1,A01
202100046321,2,7,,0,2,4,1,B01
202100046322,2,10,,0,2,4,23,D01
202100046322,2,7,,0,2,1,2,E01
202100046322,2,10,,0,2,4,23,C01
202100046322,2,7,,0,2,4,23,B01
202100046322,2,13,,0,2,4,23,A01
202100046323,2,7,,0,2,1,2,D01
202100046323,2,7,,0,2,4,23,A01
202100046323,2,7,,0,2,4,23,B01
202100046323,2,7,,0,2,4,23,C01
202100046324,1,7,,5,0,2,14,A01
202100046325,2,7,,0,0,0,1,A01
202100046326,1,7,,0,2,1,0,D01
202100046326,2,10,,0,2,2,0,C01
202100046326,1,10,,0,2,8,0,B01
202100046326,1,7,,0,2,2,3,A01
202100046327,2,7,,0,2,4,2,B01
202100046327,2,7,,0,2,1,1,Z01
202100046328,2,7,,0,2,3,1,A01
202100046328,2,7,,0,2,5,2,B01
202100046329,1,7,,15,0,7,1,A01
202100046330,2,7,,0,2,2,15,B01
202100046330,1,7,,0,2,1,1,A01
202100046331,1,30,,0,2,7,1,A01
202100046332,1,7,,14,0,1,1,B01
202100046332,1,7,,0,2,1,26,A01
202100046333,1,7,,4,0,1,1,A01
202100046334,2,7,,0,2,8,10,A01
202100046334,1,33,,0,2,1,1,B01
202100046335,3,13,,0,1,1,15,A01
202100046336,1,10,,12,0,1,14,A01
202100046337,1,7,,0,2,2,16,A01
202100046337,2,30,,0,2,1,1,B01
202100046338,2,30,,9,0,1,1,A01
202100046339,1,7,,6,2,1,13,A01
202100046339,2,7,,6,2,3,1,B01
202100046340,3,7,,0,2,8,15,B01
202100046340,3,7,,0,2,1,17,A01
202100046341,2,34,,0,0,8,9,A01
202100046342,3,50,,0,0,0,25,A01
202100046343,1,7,,0,2,1,1,A01
202100046343,1,7,,0,2,4,0,B01
202100046344,1,7,,0,2,4,4,A01
202100046344,1,7,,0,2,1,1,B01
202100046345,1,7,,0,2,0,0,C01
202100046345,1,7,,0,2,8,0,B01
202100046345,1,7,,0,2,2,21,A01
202100046346,1,7,,0,2,8,1,B01
202100046346,2,7,,0,2,2,1,A01
202100046347,2,30,,0,2,1,1,A01
202100046347,2,7,,0,2,4,1,B01
202100046348,2,7,,0,2,2,1,B01
202100046348,1,7,,9,2,3,1,A01
202100046349,1,7,,0,2,3,1,B01
202100046349,2,30,,0,2,3,17,A01
202100046350,2,7,,16,2,3,10,A01
202100046350,2,7,,0,2,1,1,B01
202100046351,3,33,,0,2,4,1,B01
202100046351,3,7,,0,2,3,2,A01
202100046352,3,7,,0,2,3,2,B01
202100046352,3,7,,0,2,6,15,A01
202100046353,1,7,,0,2,5,15,B01
202100046353,1,30,,0,2,8,1,A01
202100046354,1,7,,0,2,4,2,A01
202100046354,1,7,,0,2,1,2,B01
202100046355,3,33,,0,0,0,2,A01
202100046356,2,7,,1,0,2,15,A01
202100046357,0,32,,1,2,1,6,B01
202100046357,0,7,,0,2,3,9,A01
202100046358,1,31,,0,2,2,1,B01
202100046358,1,7,,0,2,3,11,A01
202100046359,1,30,,0,2,1,1,B01
202100046359,2,30,,0,2,8,19,A01
202100046360,2,33,,0,2,7,17,A01
202100046360,3,7,,0,2,2,15,B01
202100046361,3,32,,0,1,1,1,A01
202100046362,1,7,,1,0,4,23,A01
202100046362,1,7,,14,2,1,1,B01
202100046363,2,34,,0,2,7,17,B01
202100046363,2,10,,0,2,8,9,A01
202100046364,1,7,,0,2,1,1,A01
202100046364,1,32,,0,2,8,1,B01
202100046365,1,30,,0,2,1,2,B01
202100046365,1,1,,0,2,4,2,A01
202100046366,1,34,,0,0,8,1,A01
202100046367,3,80,,0,2,1,1,C01
202100046367,2,80,,0,2,1,1,B01
202100046367,1,80,,0,2,1,5,A01
202100046368,1,30,,0,0,0,1,A01
202100046369,2,43,,0,0,8,1,A01
202100046370,2,30,,0,2,1,9,B01
202100046370,2,32,,0,2,3,7,A01
202100046371,1,7,,0,2,2,22,Z01
202100046371,1,1,,0,2,8,1,A01
202100046372,3,2,,0,2,8,11,B01
202100046372,3,7,,0,2,2,1,A01
202100046373,1,7,,1,0,7,14,A01
202100046374,3,7,,11,0,9,1,A01
202100046375,2,1,,0,2,1,1,B01
202100046375,1,1,,0,2,1,14,A01
202100046376,1,50,,0,0,0,26,A01
202100046377,2,32,,0,2,1,1,A01
202100046377,2,1,,0,2,5,1,Z01
202100046378,2,32,,0,2,1,7,C01
202100046378,2,31,,0,2,5,7,B01
202100046378,2,32,,0,2,5,23,A01
202100046379,2,1,,0,2,7,1,B01
202100046379,2,10,,0,2,3,22,A01
202100046380,1,50,,0,2,0,21,B01
202100046380,1,10,,0,2,0,22,A01
202100046381,1,33,,1,0,1,14,A01
202100046382,1,34,,0,1,1,1,A01
202100046383,1,1,,0,2,1,1,B01
202100046383,1,7,,0,2,3,22,A01
202100046384,1,7,,0,2,2,1,A01
202100046384,1,33,,0,2,1,16,B01
202100046385,2,50,,0,2,8,7,B01
202100046385,2,37,1.0,0,2,7,14,A01
202100046386,1,33,,0,2,3,15,A01
202100046386,1,50,,0,2,2,1,B01
202100046387,1,1,,0,1,1,1,A01
202100046388,2,7,,1,0,2,14,A01
202100046389,2,3,,0,2,3,1,B01
202100046389,2,1,,0,2,1,2,Y01
202100046390,2,7,,0,2,2,15,A01
202100046390,1,31,,0,2,0,0,B01
202100046391,3,32,,0,2,8,1,B01
202100046392,3,7,,0,1,3,1,A01
202100046393,1,1,,0,2,7,15,B01
202100046393,1,7,,0,2,3,1,A01
202100046394,3,33,,0,2,1,1,B01
202100046394,1,7,,0,2,3,0,A01
202100046395,1,7,,8,2,3,26,A01
202100046395,1,30,,8,2,7,17,B01
202100046396,2,7,,0,1,8,1,A01
202100046397,1,7,,0,2,3,15,A01
202100046397,1,34,,0,2,7,17,B01
202100046398,-1,7,,0,2,3,15,A01
202100046398,-1,7,,8,2,3,1,B01
202100046399,0,7,,0,2,1,0,B01
202100046399,0,30,,0,2,4,1,A01
202100046400,3,7,,8,0,2,15,A01
202100046401,3,7,,0,0,4,1,A01
202100046401,3,0,,0,2,1,1,B01
202100046402,3,2,,0,2,2,1,B01
202100046402,3,7,,0,2,3,19,A01
202100046403,1,32,,1,0,1,26,A01
202100046404,2,7,,0,2,8,15,A01
202100046404,2,2,,0,2,1,1,B01
202100046405,1,31,,0,2,1,1,B01
202100046405,2,7,,0,2,3,1,A01
202100046406,1,7,,0,2,3,14,A01
202100046406,1,33,,0,2,1,17,B01
202100046407,2,7,,0,2,3,0,B01
202100046407,2,7,,0,2,1,0,A01
202100046408,2,7,,0,1,1,1,A01
202100046409,1,7,,6,0,0,0,A01
202100046410,2,33,,3,6,1,1,A01
202100046411,1,7,,13,0,1,1,A01
202100046412,2,7,,2,0,0,1,A01
202100046413,1,10,,0,2,5,15,B01
202100046413,2,33,,0,2,1,1,A01
202100046414,1,7,,0,0,3,2,B01
202100046414,1,7,,4,2,3,11,A01
202100046415,1,33,,0,2,1,1,B01
202100046415,2,10,,0,0,8,11,A01
202100046416,2,7,,2,0,3,1,A01
202100046417,2,7,,0,2,3,1,B01
202100046417,1,33,,0,2,4,1,A01
202100046418,2,7,,2,0,4,13,A01
202100046419,2,7,,0,2,1,13,A01
202100046419,2,37,1.0,0,2,3,21,B01
202100046420,0,2,,0,0,0,0,A01
202100046421,1,2,,0,2,1,1,A01
202100046421,1,7,,0,0,8,1,B01
202100046422,1,7,,13,0,0,1,A01
202100046423,2,36,,0,2,1,1,B01
202100046423,1,33,,0,2,1,1,A01
202100046424,2,1,,0,2,4,2,B01
202100046424,2,7,,0,2,1,2,A01
202100046425,1,7,,0,2,3,2,B01
202100046425,2,7,,0,0,8,1,C01
202100046425,1,7,,0,2,1,1,A01
202100046426,2,7,,2,0,2,1,A01
202100046427,2,33,,3,0,1,1,A01
202100046428,1,33,,0,0,1,1,A01
202100046429,1,32,,0,0,7,16,A01
202100046430,1,7,,0,0,2,1,A01
202100046431,2,7,,0,2,1,13,A01
202100046431,1,7,,0,2,1,1,B01
202100046432,2,7,,0,2,7,2,A01
202100046432,2,1,,0,2,8,2,B01
202100046433,0,7,,0,2,3,0,B01
202100046433,0,2,,0,2,2,0,A01
202100046434,2,7,,0,9,3,1,B01
202100046434,1,31,,0,2,0,13,A01
202100046435,2,33,,10,0,7,14,A01
202100046436,1,10,,0,0,7,19,A01
202100046436,1,33,,0,2,1,1,B01
202100046437,3,7,,2,0,2,14,A01
202100046438,2,1,,0,2,1,1,A01
202100046439,2,7,,0,2,3,1,B01
202100046439,1,7,,0,2,1,17,A01
202100046440,0,33,,13,0,1,1,A01
202100046441,2,31,,0,2,1,1,B01
202100046441,1,7,,0,2,3,15,A01
202100046442,2,7,,13,0,1,1,A01
202100046443,3,7,,6,0,0,1,A01
202100046444,3,7,,0,2,3,26,B01
202100046444,3,2,,0,2,3,16,A01
202100046445,1,36,,5,0,3,1,A01
202100046446,1,33,,0,1,1,13,A01
202100046447,0,2,,13,0,1,0,A01
202100046448,2,1,,0,2,7,1,C01
202100046448,2,1,,0,2,2,1,B01
202100046448,2,10,,0,2,6,4,A01
202100046449,2,1,,0,2,1,1,B01
202100046449,1,7,,0,0,7,15,A01
202100046450,3,2,,0,0,0,1,A01
202100046451,0,7,,0,1,3,1,A01
202100046452,2,7,,0,2,3,15,A01
202100046452,2,2,,0,2,1,1,B01
202100046453,1,7,,0,0,9,13,A01
202100046454,0,7,,0,2,3,9,A01
202100046454,2,31,,0,2,1,2,B01
202100046455,3,2,,0,6,1,1,A01
202100046456,2,7,,16,0,9,1,A01
202100046457,2,7,,0,2,1,2,A01
202100046457,2,7,,0,0,4,1,B01
202100046458,1,7,,0,2,1,1,B01
202100046458,1,7,,0,2,3,19,A01
202100046459,1,15,,0,0,3,1,B01
202100046459,2,7,,0,2,1,13,A01
202100046460,2,7,,0,0,4,15,A01
202100046460,2,2,,0,2,1,2,B01
202100046461,2,34,,0,2,1,17,B01
202100046461,1,7,,0,2,2,1,A01
202100046462,2,1,,0,2,1,17,B01
202100046462,1,33,,0,9,1,0,A01
202100046463,2,7,,0,2,1,1,C01
202100046463,2,7,,0,2,3,1,B01
202100046463,1,7,,0,0,1,1,A01
202100046464,1,7,,13,0,1,0,A01
202100046465,2,7,,15,0,1,0,A01
202100046466,1,1,,0,0,0,1,A01
202100046467,1,31,,11,0,8,1,A01
202100046468,2,7,,6,0,3,13,A01
202100046469,1,7,,2,0,0,0,A01
202100046470,1,7,,0,0,4,23,A01
202100046470,1,7,,0,2,1,23,B01
202100046471,2,33,,0,2,1,1,A01
202100046471,2,30,,0,2,4,15,B01
202100046472,2,1,,13,0,1,1,A01
202100046473,1,2,,6,0,8,19,A01
202100046474,2,7,,2,0,2,1,A01
202100046475,2,7,,5,2,8,1,B01
202100046475,2,17,,0,2,2,12,A01
202100046476,2,7,,3,0,1,13,A01
202100046476,2,10,,3,0,1,2,B01
202100046476,2,7,,14,0,3,21,C01
202100046477,1,7,,0,2,0,0,C01
202100046477,1,7,,0,2,0,0,B01
202100046477,1,7,,0,2,0,0,A01
202100046478,1,7,,0,2,1,1,A01
202100046478,1,10,,0,2,4,1,B01
202100046479,1,7,,0,2,2,2,B01
202100046479,1,10,,4,2,6,11,A01
202100046480,1,7,,0,2,4,2,B01
202100046480,1,7,,0,2,1,1,A01
202100046480,1,7,,0,2,4,2,C01
202100046481,2,33,,0,2,1,1,A01
202100046481,2,7,,0,2,4,2,B01
202100046481,1,7,,4,2,1,2,C01
202100046482,2,7,,3,0,1,11,A01
202100046483,1,33,,0,2,3,14,A01
202100046484,1,7,,4,0,1,21,A01
202100046485,3,7,,0,1,4,26,A01
202100046486,1,7,,0,1,2,1,A01
202100046487,1,32,,0,1,1,26,B01
202100046488,2,33,,0,0,1,1,A01
202100046489,1,7,,0,1,2,1,A01
202100046490,1,7,,0,2,1,2,B01
202100046490,1,10,,0,2,4,1,A01
202100046491,3,50,,0,2,1,19,A01
202100046491,3,7,,0,2,3,15,B01
202100046492,3,7,,0,2,1,23,B01
202100046492,1,3,,0,2,1,13,A01
202100046493,3,7,,0,2,2,15,A01
202100046493,3,30,,0,2,1,1,B01
202100046494,1,7,,0,2,1,1,Z01
202100046494,1,7,,0,2,4,1,B01
202100046494,1,7,,0,2,4,1,C01
202100046495,2,1,,0,0,0,1,A01
202100046496,1,7,,10,0,1,1,A01
202100046497,2,50,,0,2,4,15,Y01
202100046497,1,7,,0,9,3,15,A01
202100046498,1,7,,0,1,1,26,A01
202100046499,1,7,,0,2,7,15,A01
202100046499,2,33,,0,2,1,1,B01
202100046500,3,7,,0,2,8,1,B01
202100046500,3,7,,0,2,1,17,A01
202100046501,3,7,,0,2,5,1,A01
202100046501,2,1,,0,2,1,1,B01
202100046502,0,7,,0,1,0,1,A01
202100046503,1,7,,0,2,1,26,A01
202100046503,2,7,,0,2,7,15,B01
202100046504,0,7,,0,1,2,1,A01
202100046505,1,7,,0,2,8,1,C01
202100046505,2,10,,0,2,6,23,B01
202100046505,2,30,,0,2,1,1,A01
202100046506,1,7,,0,2,1,1,C01
202100046506,2,33,,0,2,7,17,A01
202100046506,1,7,,0,2,3,15,B01
202100046507,1,32,,0,2,6,1,B01
202100046507,1,7,,0,2,2,12,A01
202100046508,1,30,,0,0,7,26,A01
202100046509,2,33,,0,2,1,21,B01
202100046509,1,1,,0,2,6,2,A01
202100046510,2,7,,0,2,6,1,B01
202100046510,1,2,,0,2,1,1,A01
202100046511,1,7,,0,2,7,15,A01
202100046511,1,32,,0,2,7,1,B01
202100046512,2,7,,0,2,2,0,B01
202100046512,2,1,,0,2,7,26,A01
202100046513,1,1,,0,2,7,1,B01