Num_Acc,senc,catv,occutc,obs,obsm,choc,manv,num_veh
202100046513,2,7,,0,2,1,26,A01
202100046514,2,32,,0,2,1,21,A01
202100046514,1,7,,0,2,1,1,B01
202100046515,1,7,,0,1,1,1,A01
202100046516,2,1,,0,2,1,13,A01
202100046516,2,7,,0,2,3,0,B01
202100046517,1,7,,14,0,1,1,A01
202100046518,1,17,,0,9,1,1,C01
202100046518,1,10,,0,9,6,1,B01
202100046518,1,33,,0,2,1,1,A01
202100046519,1,10,,0,1,4,20,A01
202100046520,1,37,1.0,0,2,4,1,A01
202100046520,1,7,,0,2,1,1,B01
202100046521,1,7,,0,2,1,1,B01
202100046521,1,7,,0,2,7,15,A01
202100046522,0,50,,0,2,2,15,B01
202100046522,0,7,,0,2,8,0,A01
202100046523,3,30,,0,2,1,0,A01
202100046523,3,7,,0,2,8,1,B01
202100046524,0,7,,0,2,1,1,B01
202100046524,0,2,,0,2,1,1,A01
202100046525,3,7,,0,2,1,1,A01
202100046525,3,10,,0,2,1,1,B01
202100046526,3,33,,0,2,1,1,A01
202100046526,3,10,,0,2,4,1,B01
202100046527,3,50,,0,0,0,1,A01
202100046528,2,7,,0,2,3,1,B01
202100046528,1,7,,6,2,2,1,A01
202100046529,3,7,,0,1,2,16,A01
202100046530,3,7,,0,1,4,4,A01
202100046531,2,60,,0,2,8,19,A01
202100046531,1,43,,0,2,1,1,B01
202100046532,2,10,,0,2,1,1,A01
202100046532,2,7,,0,2,4,23,B01
202100046532,2,7,,0,2,4,23,C01
202100046533,3,32,,0,2,2,15,A01
202100046533,2,2,,0,2,1,7,B01
202100046534,0,7,,0,2,2,1,A01
202100046534,0,7,,0,2,1,16,B01
202100046535,1,7,,0,2,3,15,A01
202100046535,1,2,,0,2,0,2,B01
202100046536,1,31,,0,2,1,2,A01
202100046536,1,17,,6,0,4,2,B01
202100046537,1,7,,0,2,2,15,A01
202100046537,2,2,,0,2,1,1,B01
202100046538,2,7,,0,2,4,15,B01
202100046538,2,7,,0,2,1,1,A01
202100046539,3,10,,0,2,3,1,C01
202100046539,3,33,,0,2,2,1,B01
202100046539,3,10,,0,2,7,15,A01
202100046540,1,60,,0,2,4,1,B01
202100046540,1,7,,0,9,1,2,Z01
202100046541,0,7,,0,2,1,9,B01
202100046541,0,1,,0,2,3,25,A01
202100046542,1,34,,0,2,1,1,A01
202100046542,2,10,,0,2,6,0,B01
202100046543,2,33,,0,2,6,23,B01
202100046543,2,32,,0,2,1,1,A01
202100046543,2,7,,0,2,2,15,C01
202100046544,1,7,,0,2,8,1,B01
202100046544,1,7,,0,2,1,19,A01
202100046545,1,14,,0,1,1,26,A01
202100046546,2,7,,0,0,4,2,B01
202100046546,1,7,,0,2,1,1,A01
202100046547,3,10,,0,1,3,15,A01
202100046548,1,7,,0,2,2,15,A01
202100046548,2,33,,0,2,1,26,B01
202100046549,1,7,,0,2,4,1,A01
202100046549,1,10,,0,2,0,0,C01
202100046549,1,7,,0,2,0,0,D01
202100046549,1,7,,0,2,0,0,B01
202100046550,1,7,,0,2,1,2,C01
202100046550,0,7,,0,2,4,2,A01
202100046550,1,7,,0,2,4,2,B01
202100046551,1,7,,0,2,4,1,G01
202100046551,1,7,,0,2,9,1,F01
202100046551,1,7,,0,2,9,1,E01
202100046551,1,10,,0,2,1,1,D01
202100046551,1,7,,0,2,9,1,C01
202100046551,1,7,,0,2,5,1,B01
202100046551,1,15,,0,2,6,1,A01
202100046552,1,7,,0,2,4,23,B01
202100046552,1,7,,0,2,2,2,C01
202100046552,1,10,,0,2,1,2,A01
202100046553,2,10,,0,2,7,12,A01
202100046553,2,15,,0,2,4,24,C01
202100046553,2,7,,0,2,8,1,B01
202100046554,2,17,,3,0,1,13,A01
202100046555,2,33,,0,2,1,0,A01
202100046555,2,7,,0,2,5,0,B01
202100046556,1,7,,4,0,2,1,A01
202100046557,2,7,,0,9,1,9,A01
202100046558,1,7,,0,2,1,2,C01
202100046558,1,7,,0,2,1,1,B01
202100046558,1,7,,0,2,0,1,A01
202100046559,3,7,,0,1,1,25,A01
202100046560,2,30,,0,2,7,1,A01
202100046560,1,7,,0,2,1,1,B01
202100046561,2,14,,0,2,2,1,Z01
202100046561,2,50,,13,2,8,1,B01
202100046562,1,7,,0,0,0,16,A01
202100046562,1,2,,0,2,0,1,B01
202100046563,1,2,,0,2,8,1,A01
202100046563,2,7,,0,9,8,1,B01
202100046564,2,7,,0,2,1,21,A01
202100046564,2,30,,0,2,4,1,B01
202100046565,3,33,,0,2,0,1,A01
202100046566,1,7,,0,1,1,2,A01
202100046567,1,7,,0,2,1,1,A01
202100046567,1,7,,0,2,4,23,B01
202100046567,1,7,,0,2,6,15,C01
202100046568,3,1,,0,2,1,0,B01
202100046568,3,7,,0,2,3,26,A01
202100046569,2,30,,0,0,0,9,A01
202100046570,1,7,,0,9,8,1,A01
202100046570,1,50,,0,2,7,0,B01
202100046571,3,10,,0,1,1,1,A01
202100046572,2,7,,0,2,1,2,A01
202100046572,2,7,,0,2,6,2,B01
202100046573,1,33,,0,2,0,14,A01
202100046573,1,33,,0,2,0,0,B01
202100046574,1,7,,0,2,2,9,A01
202100046574,2,7,,0,2,1,1,B01
202100046575,1,2,,0,2,8,18,A01
202100046575,1,2,,0,2,5,23,B01
202100046576,3,7,,2,0,1,26,A01
202100046577,3,7,,0,1,1,16,A01
202100046578,0,7,,0,1,1,1,A01
202100046579,1,10,,0,2,4,20,A01
202100046579,1,30,,0,2,1,21,B01
202100046580,0,1,,0,0,0,0,B01
202100046580,0,7,,0,2,7,22,A01
202100046581,0,7,,0,0,0,0,B01
202100046581,0,7,,0,2,3,1,A01
202100046582,0,7,,0,1,1,1,A01
202100046583,3,7,,0,1,1,21,A01
202100046584,2,33,,6,0,0,26,A01
202100046585,1,7,,0,2,4,2,A01
202100046585,1,7,,0,2,4,1,B01
202100046586,1,1,,0,2,1,15,C01
202100046586,2,7,,0,2,3,16,A01
202100046587,1,7,,0,2,4,1,D01
202100046587,1,7,,0,2,1,1,B01
202100046587,1,7,,0,2,1,2,A01
202100046587,1,7,,0,2,1,1,C01
202100046588,1,7,,0,2,3,9,A01
202100046588,1,2,,0,2,1,16,B01
202100046589,2,10,,0,2,1,15,A01
202100046589,2,7,,0,2,2,1,B01
202100046590,2,7,,0,2,2,9,A01
202100046590,2,1,,0,2,1,1,B01
202100046591,1,50,,0,2,1,15,A01
202100046591,2,7,,0,2,1,1,B01
202100046592,1,7,,0,2,8,1,B01
202100046592,2,7,,0,2,2,1,A01
202100046593,1,7,,0,2,4,2,B01
202100046593,1,7,,0,2,1,2,A01
202100046594,3,7,,0,2,3,19,B01
202100046594,3,32,,0,2,7,19,A01
202100046595,2,10,,0,2,3,26,B01
202100046595,2,33,,0,2,5,16,A01
202100046596,2,7,,0,2,2,1,A01
202100046596,2,1,,0,0,0,0,Y01
202100046597,2,7,,0,2,1,9,B01
202100046597,1,7,,0,2,2,1,A01
202100046598,0,60,,0,2,8,19,B01
202100046598,0,7,,0,2,1,1,A01
202100046599,3,7,,0,1,1,1,A01
202100046600,1,3,,0,1,1,16,A01
202100046601,0,7,,1,0,1,1,A01
202100046602,3,1,,0,1,1,1,A01
202100046603,1,7,,0,1,3,13,A01
202100046604,2,7,,0,2,1,1,A01
202100046604,1,10,,0,2,1,0,B01
202100046604,2,10,,0,2,0,0,C01
202100046604,2,10,,0,2,0,0,D01
202100046605,2,7,,0,1,1,15,A01
202100046606,3,40,,0,2,1,1,B01
202100046606,3,34,,0,4,7,19,A01
202100046607,2,1,,0,2,8,0,B01
202100046607,2,14,,0,2,7,16,A01
202100046608,2,7,,6,0,1,1,A01
202100046609,1,7,,0,2,4,23,B01
202100046609,1,10,,0,2,4,23,C01
202100046609,1,7,,0,2,1,1,Z01
202100046610,2,15,,0,2,4,9,A01
202100046610,2,7,,0,2,7,1,B01
202100046611,3,31,,0,2,1,1,B01
202100046611,3,7,,0,2,3,20,A01
202100046612,2,7,,0,2,6,2,B01
202100046612,2,32,,0,2,7,17,A01
202100046613,3,30,,0,2,1,19,A01
202100046613,3,7,,0,2,2,1,B01
202100046614,1,7,,0,1,1,16,A01
202100046615,1,7,,0,1,1,1,A01
202100046616,2,10,,0,2,3,15,A01
202100046616,2,1,,0,2,2,1,B01
202100046617,3,7,,0,2,5,16,A01
202100046617,3,1,,0,2,0,0,Z01
202100046618,1,7,,3,0,7,1,A01
202100046619,1,32,,0,2,1,1,B01
202100046619,2,7,,0,2,7,15,A01
202100046620,1,7,,0,2,3,6,A01
202100046620,1,7,,0,2,2,1,B01
202100046621,0,7,,0,2,7,15,A01
202100046621,0,33,,0,2,1,1,B01
202100046622,0,7,,0,9,1,1,B01
202100046622,0,31,,0,2,1,13,A01
202100046623,3,10,,0,2,3,1,B01
202100046623,3,33,,0,2,1,1,A01
202100046624,2,7,,0,1,3,1,A01
202100046625,1,7,,0,9,4,23,A01
202100046625,1,7,,0,2,1,2,B01
202100046626,3,1,,0,9,4,21,B01
202100046626,3,1,,0,9,1,1,A01
202100046627,1,7,,0,1,2,1,A01
202100046628,0,31,,0,2,4,23,B01
202100046628,2,7,,0,2,3,1,A01
202100046629,1,7,,0,2,6,1,B01
202100046629,1,7,,0,2,1,1,C01
202100046629,1,15,,0,2,2,12,A01
202100046630,2,7,,0,2,5,12,B01
202100046630,2,43,,0,2,1,1,A01
202100046631,2,43,,0,2,1,3,A01
202100046631,2,7,,0,2,5,1,B01
202100046632,1,50,,0,2,1,1,B01
202100046632,2,31,,0,2,2,15,A01
202100046633,1,7,,0,2,2,1,B01
202100046633,1,30,,0,2,7,18,A01
202100046634,1,30,,0,2,7,13,Z01
202100046634,2,80,,0,2,1,1,B01
202100046634,2,80,,0,2,1,1,A01
202100046635,2,30,,14,0,8,1,A01
202100046636,1,7,,0,2,3,15,B01
202100046636,1,30,,0,2,7,7,A01
202100046637,2,7,,0,2,0,17,Z01
202100046637,2,30,,0,2,1,1,A01
202100046638,1,50,,0,0,0,1,A01
202100046639,2,10,,0,2,2,2,A01
202100046639,2,7,,0,2,6,23,B01
202100046640,2,7,,0,1,2,1,A01
202100046641,1,33,,0,2,1,18,A01
202100046641,2,7,,0,2,2,15,B01
202100046642,2,80,,0,1,1,1,A01
202100046643,1,7,,0,2,4,23,B01
202100046643,1,2,,0,2,1,2,A01
202100046644,1,1,,0,1,2,1,A01
202100046645,2,1,,0,2,0,1,B01
202100046645,2,10,,0,2,0,22,A01
202100046646,2,1,,0,2,8,18,B01
202100046646,2,15,,0,2,7,1,A01
202100046647,2,34,,0,2,4,17,B01
202100046647,2,1,,0,2,1,15,A01
202100046648,2,7,,0,2,2,16,A01
202100046648,1,1,,0,2,4,1,B01
202100046649,3,1,,0,2,8,1,B01
202100046649,0,7,,0,2,7,17,A01
202100046650,2,30,,0,1,1,1,A01
202100046651,1,7,,0,2,3,21,A01
202100046651,1,7,,0,2,5,2,B01
202100046652,0,7,,1,1,2,13,A01
202100046653,1,31,,0,1,1,26,A01
202100046654,1,7,,0,2,7,20,A01
202100046654,2,2,,0,2,1,1,B01
202100046655,1,1,,0,1,1,1,A01
202100046656,0,7,,0,2,2,17,A01
202100046657,3,7,,0,2,8,1,C01
202100046657,3,7,,0,2,3,15,B01
202100046657,3,33,,0,2,1,1,A01
202100046658,1,7,,0,2,4,0,B01
202100046658,1,7,,0,2,1,2,A01
202100046659,1,15,,0,1,0,19,A01
202100046660,3,60,,0,1,1,1,A01
202100046661,1,0,,0,1,0,1,A01
202100046662,1,7,,3,0,9,1,A01
202100046663,1,7,,0,1,2,1,A01
202100046664,3,34,,0,2,1,1,A01
202100046664,3,3,,0,2,5,9,B01
202100046665,2,30,,0,2,1,3,A01
202100046665,2,7,,0,2,0,26,T01
202100046665,1,37,1.0,0,2,3,1,C01
202100046665,2,7,,0,2,4,1,B01
202100046666,1,7,,0,2,2,16,B01
202100046666,1,50,,0,2,1,1,A01
202100046667,2,33,,0,2,1,1,B01
202100046667,1,15,,0,2,3,15,A01
202100046668,2,7,,1,0,2,1,A01
202100046669,1,7,,1,0,7,1,A01
202100046670,0,7,,13,0,3,26,A01
202100046671,2,7,,3,0,1,9,A01
202100046672,2,60,,0,0,7,15,B01
202100046672,2,7,,0,2,7,1,A01
202100046673,2,15,,0,2,7,17,A01
202100046673,2,1,,0,0,8,23,B01
202100046674,0,7,,0,1,8,2,A01
202100046675,1,15,,0,1,3,1,A01
202100046676,1,7,,0,2,1,1,B01
202100046676,1,7,,0,2,3,15,A01
202100046677,2,7,,0,2,1,1,B01
202100046677,1,7,,0,2,1,5,A01
202100046678,1,7,,1,0,2,1,A01
202100046678,1,10,,0,0,4,24,B01
202100046679,3,7,,0,0,8,23,A01
202100046680,3,7,,0,1,4,4,A01
202100046681,1,33,,0,6,1,1,A01
202100046682,2,7,,4,0,1,1,A01
202100046683,2,33,,10,0,1,1,A01
202100046684,1,1,,0,0,8,1,A01
202100046685,1,7,,0,2,2,15,A01
202100046685,2,33,,0,2,1,1,B01
202100046686,1,2,,0,2,7,19,A01
202100046686,2,15,,0,2,1,1,C01
202100046686,1,10,,0,2,3,1,B01
202100046687,1,1,,0,2,8,1,B01
202100046687,1,7,,0,2,7,17,A01
202100046688,1,7,,0,2,7,1,B01
202100046688,2,7,,0,2,3,15,A01
202100046689,0,7,,2,0,3,13,A01
202100046690,2,7,,13,0,2,1,A01
202100046691,3,7,,0,1,4,20,A01
202100046692,2,10,,0,2,0,1,A01
202100046692,1,7,,0,9,3,1,B01
202100046693,1,7,,0,1,2,1,A01
202100046694,1,32,,13,0,1,1,A01
202100046695,2,7,,2,0,3,1,A01
202100046696,1,10,,0,2,2,1,B01
202100046696,1,33,,0,2,0,18,A01
202100046697,1,7,,0,0,2,1,A01
202100046697,1,1,,0,2,3,13,B01
202100046698,0,7,,0,2,8,1,B01
202100046698,3,7,,0,2,3,26,A01
202100046699,3,1,,8,0,0,1,A01
202100046700,2,7,,0,0,4,2,C01
202100046700,2,7,,0,2,4,2,B01
202100046700,2,7,,0,2,1,2,A01
202100046701,2,7,,2,0,2,1,A01
202100046702,1,31,,0,2,1,1,B01
202100046702,2,7,,0,2,2,15,A01
202100046703,2,7,,13,0,2,1,A01
202100046704,3,33,,9,0,0,0,A01
202100046705,1,33,,0,0,0,1,A01
202100046706,1,7,,0,2,4,2,B01
202100046706,1,7,,0,2,1,2,C01
202100046706,1,7,,0,2,4,2,A01
202100046707,1,10,,0,2,4,2,A01
202100046707,1,7,,0,2,1,2,B01
202100046707,1,10,,0,2,1,2,C01
202100046708,1,7,,14,0,9,0,A01
202100046709,1,10,,0,2,3,21,B01
202100046709,1,7,,0,2,5,23,A01
202100046710,1,7,,0,2,1,2,C01
202100046710,1,7,,0,2,4,2,B01
202100046710,1,7,,0,2,4,2,A01
202100046711,2,7,,0,2,1,2,B01
202100046711,2,10,,0,2,4,1,A01
202100046712,1,7,,0,2,3,23,B01
202100046712,1,7,,0,2,1,2,A01
202100046713,2,7,,0,2,4,1,C01
202100046713,2,13,,0,2,1,2,A01
202100046713,2,7,,0,2,4,1,B01
202100046713,2,7,,0,2,4,2,D01
202100046713,2,7,,0,2,4,0,E01
202100046714,1,7,,0,2,0,0,A01
202100046714,1,7,,0,2,0,0,B01
202100046715,2,43,,0,2,7,3,A01
202100046715,2,7,,0,2,8,2,B01
202100046715,2,10,,0,2,5,2,C01
202100046716,2,7,,0,2,1,17,A01
202100046716,2,3,,3,2,4,1,B01
202100046717,2,33,,0,2,7,3,B01
202100046717,2,7,,0,2,8,11,A01
202100046718,2,33,,0,2,2,1,A01
202100046719,2,10,,0,2,1,1,A01
202100046719,2,7,,0,2,4,1,B01
202100046720,2,7,,0,1,6,4,A01
202100046721,1,7,,0,1,1,1,A01
202100046722,1,30,,0,2,4,1,A01
202100046722,1,7,,0,2,1,1,B01
202100046723,3,30,,12,0,0,0,A01
202100046724,1,0,,0,0,0,0,Z01
202100046724,1,2,,0,2,0,16,B01
202100046725,1,37,1.0,0,1,1,26,A01
202100046726,2,60,,0,2,1,1,B01
202100046726,2,7,,0,2,5,16,A01
202100046727,2,1,,0,2,1,1,B01
202100046727,2,7,,0,2,3,15,A01
202100046728,1,99,,0,0,0,26,A01
202100046729,2,7,,0,2,7,19,A01
202100046729,3,33,,0,2,1,19,B01
202100046730,1,30,,0,2,1,1,B01
202100046730,3,7,,0,2,3,15,A01
202100046731,1,31,,0,2,1,1,B01
202100046731,1,7,,0,2,5,21,A01
202100046732,2,10,,0,2,0,1,A01
202100046732,1,1,,0,2,0,0,B01
202100046733,2,7,,0,2,3,13,A01
202100046733,2,7,,0,2,4,1,C01
202100046733,2,7,,0,2,1,14,B01
202100046734,3,7,,0,2,2,15,A01
202100046734,0,33,,0,0,0,0,B01
202100046735,1,7,,0,1,3,16,A01
202100046736,0,80,,0,2,2,15,B01
202100046736,3,7,,0,1,3,2,A01
202100046737,2,10,,0,2,4,2,B01
202100046737,2,33,,0,2,1,2,A01
202100046738,1,80,,0,2,1,1,A01
202100046738,2,37,1.0,0,2,8,1,B01
202100046739,2,7,,0,2,2,15,A01
202100046739,1,2,,0,2,7,21,B01
202100046740,2,7,,0,2,4,2,C01
202100046740,2,7,,0,2,4,2,B01
202100046740,2,7,,0,2,1,2,A01
202100046741,2,7,,0,1,0,0,A01
202100046742,1,7,,0,1,1,16,A01
202100046743,2,7,,0,2,1,13,Z01
202100046743,1,7,,0,2,3,1,A01
202100046744,1,7,,1,0,1,14,A01
202100046744,1,7,,0,2,2,24,B01
202100046745,2,7,,0,1,1,15,A01
202100046746,1,7,,0,2,3,10,A01
202100046746,2,2,,0,2,1,1,B01
202100046747,1,10,,8,0,1,1,A01
202100046748,1,7,,0,2,1,15,A01
202100046748,3,60,,0,2,0,1,B01
202100046749,1,30,,0,2,3,1,B01
202100046749,1,30,,0,2,2,1,A01
202100046750,3,33,,0,0,1,1,A01
202100046751,1,7,,16,0,1,15,A01
202100046752,2,99,,0,1,2,19,A01
202100046753,3,7,,0,2,3,1,B01
202100046753,3,32,,0,2,8,15,A01
202100046754,1,7,,0,2,4,1,B01
202100046754,1,7,,0,2,1,1,A01
202100046755,1,7,,0,2,6,1,A01
202100046755,2,2,,0,2,1,1,B01
202100046756,1,7,,0,2,3,1,B01
202100046756,2,7,,0,2,2,1,A01
202100046757,3,1,,0,0,0,1,B01
202100046757,3,1,,0,0,0,1,A01
202100046758,3,7,,0,2,1,2,A01
202100046758,3,30,,0,2,4,23,B01
202100046759,2,7,,0,2,1,1,B01
202100046759,1,33,,14,2,1,13,A01
202100046760,0,37,2.0,0,2,2,1,B01
202100046760,0,7,,0,2,1,26,A01
202100046761,2,1,,0,2,0,26,A01
202100046761,1,7,,0,2,3,16,B01
202100046762,3,10,,0,2,2,1,B01
202100046762,2,7,,0,2,1,1,A01
202100046763,1,7,,0,1,2,1,A01
202100046764,1,7,,5,2,8,9,A01
202100046764,1,17,,5,2,7,1,B01
202100046765,1,10,,0,2,1,1,A01
202100046765,1,1,,0,2,4,23,B01
202100046766,2,1,,0,2,8,15,A01
202100046766,2,7,,0,2,0,1,B01
202100046767,1,7,,0,2,4,1,B01
202100046767,1,32,,0,2,1,2,A01
202100046768,1,10,,0,2,7,16,A01
202100046768,1,2,,0,2,3,0,B01
202100046769,1,7,,0,2,1,15,A01
202100046769,2,2,,1,2,1,1,B01
202100046769,0,7,,0,2,4,24,C01
202100046770,1,43,,0,2,1,0,A01
202100046770,1,7,,0,2,5,15,B01
202100046771,1,7,,0,1,2,14,A01
202100046772,1,99,,0,2,3,1,A01
202100046772,2,99,,0,2,3,1,B01
202100046773,3,33,,0,2,1,1,B01
202100046773,3,32,,0,2,1,1,A01
202100046774,0,30,,0,1,1,17,A01
202100046775,2,17,,0,2,2,12,A01
202100046775,2,7,,0,2,6,1,B01
202100046775,2,7,,0,2,6,1,C01
202100046776,1,33,,0,2,2,1,B01
202100046776,1,10,,0,2,3,11,A01
202100046777,1,32,,0,2,1,5,Z01
202100046777,2,1,,0,2,1,9,B01
202100046778,1,7,,0,2,1,1,Z01
202100046778,1,30,,0,2,7,1,B01
202100046779,2,10,,0,1,1,1,A01
202100046780,1,10,,0,1,7,1,A01
202100046781,3,10,,0,2,7,15,A01
202100046781,3,33,,0,2,1,1,B01
202100046782,2,10,,0,2,7,1,Z01
202100046782,2,7,,0,2,8,24,A01
202100046783,2,1,,12,0,0,1,A01
202100046784,2,2,,0,2,3,9,B01
202100046784,2,7,,0,2,2,1,A01
202100046785,2,50,,0,1,3,18,A01
202100046786,3,37,1.0,0,2,7,1,B01
202100046786,3,50,,0,2,1,16,A01
202100046787,2,50,,0,0,0,1,A01
202100046788,2,2,,0,2,1,15,Z01
202100046788,1,1,,0,2,1,1,A01
202100046789,3,37,1.0,0,2,1,2,A01
202100046789,3,7,,0,2,4,2,B01
202100046790,1,33,,0,1,1,1,A01
202100046791,2,1,,0,2,1,17,A01
202100046791,1,1,,0,2,1,1,B01
202100046792,2,1,,0,2,1,16,A01
202100046792,1,1,,0,2,1,1,B01
202100046793,1,1,,0,1,1,1,Z01
202100046794,2,1,,0,2,3,1,B01
202100046794,1,2,,0,9,0,19,Z01
202100046795,1,1,,0,2,8,10,B01
202100046795,1,7,,0,9,1,9,A01
202100046796,3,10,,0,1,4,4,A01
202100046797,1,30,,0,2,1,13,A01
202100046797,1,31,,0,2,8,15,B01
202100046798,2,7,,0,0,6,1,B01
202100046798,2,7,,0,2,0,1,A01
202100046799,2,31,,8,0,1,13,A01
202100046800,2,7,,0,2,0,15,A01
202100046800,1,1,,1,2,2,9,C01
202100046800,1,7,,0,2,5,26,D01
202100046801,1,7,,0,1,1,2,A01
202100046802,1,7,,0,2,8,1,A01
202100046802,2,7,,0,2,1,1,B01
202100046803,2,7,,0,1,3,1,A01
202100046804,3,7,,0,2,6,1,B01
202100046804,3,10,,0,2,1,9,A01
202100046805,1,7,,0,9,3,1,A01
202100046805,1,1,,0,2,0,0,B01
202100046806,2,7,,0,1,2,19,A01
202100046807,2,30,,0,1,0,26,A01
202100046808,1,34,,0,2,1,1,A01
202100046808,1,37,2.0,0,2,3,1,B01
202100046809,1,7,,0,0,2,16,A01
202100046810,3,7,,0,2,4,1,B01
202100046810,3,1,,0,2,1,2,A01
202100046811,3,7,,0,1,2,16,A01
202100046812,1,7,,0,1,1,1,A01
202100046813,1,10,,0,2,1,15,A01
202100046813,2,33,,0,2,1,1,B01
202100046814,2,33,,0,2,1,17,B01
202100046814,2,7,,0,2,6,17,A01
202100046815,1,33,,13,0,9,17,A01
202100046816,0,7,,2,0,1,0,A01
202100046817,2,7,,0,2,1,2,A01
202100046817,2,7,,0,2,4,1,B01
202100046818,1,30,,0,1,1,1,A01
202100046819,1,2,,0,2,1,1,B01
202100046819,3,7,,0,2,7,1,A01
202100046820,1,33,,0,2,1,1,B01
202100046820,2,10,,0,2,3,6,A01
202100046821,1,33,,0,2,1,3,A01
202100046821,2,7,,0,2,2,9,B01
202100046822,1,80,,0,2,8,15,B01
202100046822,1,80,,0,2,1,15,C01
202100046822,1,7,,0,2,2,17,A01
202100046823,2,17,,0,2,1,1,B01
202100046823,1,7,,14,2,1,6,A01
202100046824,1,33,,0,1,3,1,A01
202100046825,0,7,,0,2,1,5,A01
202100046825,0,7,,0,0,1,1,B01
202100046826,2,31,,0,6,1,1,A01
202100046827,2,33,,0,0,8,1,A01
202100046828,2,7,,0,2,1,15,B01
202100046828,1,7,,0,2,3,1,A01
202100046829,3,99,,12,0,3,13,A01
202100046830,1,7,,0,2,1,21,B01
202100046830,2,10,,0,2,1,13,A01
202100046831,2,7,,0,2,8,9,A01
202100046831,1,10,,0,0,2,1,B01
202100046832,2,7,,8,0,3,1,A01
202100046833,1,7,,0,2,2,13,A01
202100046833,2,7,,0,2,2,1,B01
202100046834,1,7,,0,0,2,1,A01
202100046834,1,1,,0,0,3,1,B01
202100046835,3,33,,0,0,0,14,A01
202100046836,1,7,,0,2,1,1,B01
202100046836,1,7,,0,2,8,9,A01
202100046837,2,7,,8,0,3,14,A01
202100046838,3,7,,0,1,1,15,A01
202100046839,2,33,,0,6,1,1,A01
202100046840,1,2,,0,2,4,11,A01
202100046840,2,7,,0,2,2,1,B01
202100046841,2,7,,0,2,1,1,A01
202100046841,2,1,,0,2,8,19,B01
202100046842,1,1,,0,2,4,2,B01
202100046842,1,7,,0,0,2,2,A01
202100046843,2,14,,0,2,3,26,B01
202100046843,2,33,,0,2,7,1,A01
202100046844,1,1,,0,2,8,1,B01
202100046844,1,7,,0,9,7,2,A01
202100046845,3,7,,0,2,8,19,A01
202100046845,1,7,,0,2,1,1,B01
202100046846,2,7,,0,2,5,13,A01
202100046846,1,7,,0,2,1,1,B01
202100046847,1,7,,0,2,3,19,B01
202100046847,1,33,,0,2,1,13,A01
202100046848,3,7,,10,0,3,2,A01
202100046849,1,7,,0,1,1,1,A01
202100046850,3,7,,0,2,3,9,A01
202100046850,3,1,,0,2,2,15,B01
202100046851,2,7,,0,2,2,21,A01
202100046851,1,14,,0,2,7,1,B01
202100046852,1,7,,0,9,7,17,A01
202100046852,1,1,,0,2,3,21,B01
202100046853,0,7,,13,0,1,0,A01
202100046854,2,2,,8,0,1,1,A01
202100046855,2,32,,0,2,1,1,B01
202100046855,2,7,,0,2,1,9,A01
202100046856,2,10,,0,2,5,14,A01
202100046856,2,33,,0,2,3,1,B01
202100046857,2,7,,0,2,4,2,B01
202100046857,2,7,,0,2,1,1,A01
202100046857,2,10,,0,2,4,2,C01
202100046858,2,7,,0,2,4,2,B01
202100046858,2,7,,0,2,1,2,A01
202100046858,2,10,,0,2,4,2,C01
202100046859,1,10,,0,1,2,2,A01
202100046860,2,7,,0,1,3,1,A01
202100046861,2,7,,0,2,1,1,A01
202100046861,1,7,,0,2,4,1,B01
202100046862,1,7,,0,2,3,15,A01
202100046862,2,32,,14,2,3,17,B01
202100046863,3,33,,0,2,1,2,A01
202100046863,0,7,,0,2,3,2,B01
202100046864,1,7,,0,2,7,15,A01
202100046864,1,2,,0,2,8,15,B01
202100046865,2,7,,0,2,1,1,B01
202100046865,1,7,,1,2,1,13,A01
202100046866,1,50,,0,2,1,1,B01
202100046866,1,7,,0,2,8,15,A01
202100046867,1,7,,0,2,2,2,A01
202100046867,1,32,,0,2,4,23,B01
202100046868,2,7,,1,0,1,1,A01
202100046869,2,80,,0,2,1,21,B01
202100046869,1,7,,0,2,3,1,C01
202100046870,3,50,,2,0,1,26,A01
202100046871,0,7,,0,2,2,1,B01
202100046871,0,7,,0,2,1,1,A01
202100046872,1,7,,0,2,3,9,A01
202100046872,1,10,,0,0,2,15,B01
202100046873,2,10,,0,2,1,9,A01
202100046873,2,1,,0,2,7,1,B01
202100046874,1,7,,0,2,3,15,A01
202100046874,2,2,,0,2,1,6,B01
202100046875,3,7,,0,1,6,4,A01
202100046876,1,33,,0,2,1,1,B01
202100046876,1,7,,0,2,7,9,A01
202100046877,3,33,,0,2,1,2,B01
202100046877,3,7,,0,2,3,26,A01
202100046878,2,10,,1,0,0,0,B01
202100046878,2,7,,1,0,1,13,A01
202100046879,3,7,,0,2,1,1,Z01
202100046879,3,37,1.0,0,2,4,2,C01
202100046879,3,7,,0,2,4,2,B01
202100046879,3,7,,0,2,4,2,A01
202100046880,2,7,,0,2,3,15,A01
202100046880,2,1,,0,2,1,1,B01
202100046881,0,33,,0,2,2,11,A01
202100046881,0,7,,0,0,6,1,B01
202100046882,0,7,,0,1,1,1,A01
202100046883,1,7,,0,1,3,1,A01
202100046884,1,1,,0,0,0,1,B01
202100046884,3,7,,1,0,0,22,A01
202100046885,3,7,,0,2,1,1,B01
202100046885,3,7,,0,2,1,5,A01
202100046886,1,7,,0,2,1,21,A01