Num_Acc,senc,catv,occutc,obs,obsm,choc,manv,num_veh
202100046886,1,7,,0,2,6,23,C01
202100046886,2,7,,0,2,1,9,B01
202100046887,3,10,,0,1,4,26,A01
202100046888,0,7,,0,2,1,26,A01
202100046888,0,2,,0,2,1,1,B01
202100046889,2,33,,0,0,7,21,A01
202100046890,2,7,,0,1,0,0,Z01
202100046891,2,7,,0,1,4,4,A01
202100046892,3,33,,0,1,2,21,A01
202100046893,1,7,,0,2,1,2,A01
202100046893,1,7,,0,2,4,23,B01
202100046894,2,2,,0,2,1,1,B01
202100046894,1,7,,0,2,8,15,A01
202100046895,1,7,,0,2,2,15,B01
202100046895,1,2,,0,2,1,1,A01
202100046896,1,7,,0,2,1,1,A01
202100046896,1,7,,0,2,4,2,B01
202100046897,0,7,,0,1,1,1,A01
202100046898,1,7,,0,0,4,1,A01
202100046898,1,7,,0,2,1,1,B01
202100046898,1,7,,0,2,1,1,C01
202100046899,1,7,,0,2,2,0,B01
202100046899,2,33,,0,2,1,18,A01
202100046900,1,7,,0,2,1,13,A01
202100046900,2,7,,0,2,1,1,B01
202100046901,1,7,,0,2,2,16,A01
202100046901,1,1,,0,2,0,0,B01
202100046902,1,30,,0,2,3,1,A01
202100046902,2,7,,0,2,2,1,B01
202100046903,2,7,,0,1,1,15,A01
202100046904,1,7,,0,2,1,26,A01
202100046904,1,1,,0,2,7,19,B01
202100046905,1,7,,0,2,8,15,A01
202100046905,1,1,,0,2,7,2,B01
202100046906,3,7,,0,2,5,15,A01
202100046906,3,7,,0,2,1,1,B01
202100046907,2,1,,0,0,4,2,B01
202100046907,2,7,,0,2,1,2,A01
202100046908,1,7,,0,2,2,9,A01
202100046908,1,1,,0,2,1,5,B01
202100046909,1,7,,0,1,3,1,A01
202100046910,3,1,,8,0,1,1,A01
202100046911,3,1,,0,2,1,1,A01
202100046911,3,7,,0,2,2,1,B01
202100046912,2,7,,0,2,0,2,A01
202100046912,2,1,,0,2,7,2,B01
202100046913,0,7,,0,2,3,24,A01
202100046913,3,1,,0,2,2,2,B01
202100046914,2,50,,0,2,1,25,B01
202100046914,1,7,,0,2,3,16,A01
202100046915,3,7,,12,0,2,14,A01
202100046916,2,33,,0,2,2,1,B01
202100046916,2,7,,0,2,6,19,A01
202100046917,1,7,,10,2,4,1,C01
202100046917,1,7,,0,2,1,1,A01
202100046917,1,7,,0,2,1,1,B01
202100046918,1,13,,4,0,0,26,A01
202100046919,1,7,,0,2,2,1,B01
202100046919,1,32,,0,2,3,18,A01
202100046920,0,7,,0,1,1,1,A01
202100046921,1,10,,0,2,5,15,A01
202100046921,0,31,,0,2,1,1,B01
202100046922,2,13,,0,2,7,1,C01
202100046922,2,7,,1,2,1,1,B01
202100046922,2,7,,0,2,4,23,A01
202100046923,1,7,,0,2,3,24,A01
202100046923,1,1,,0,2,9,1,B01
202100046924,0,37,1.0,0,1,1,1,A01
202100046925,1,7,,0,2,4,1,C01
202100046925,1,7,,0,2,9,1,B01
202100046925,1,10,,0,2,1,1,A01
202100046926,1,33,,0,2,4,1,B01
202100046926,1,7,,0,2,1,9,A01
202100046927,0,7,,8,0,1,26,A01
202100046928,0,7,,0,0,1,14,A01
202100046929,3,7,,0,1,1,15,A01
202100046930,1,7,,0,2,1,1,B01
202100046930,2,10,,0,2,8,15,A01
202100046931,3,7,,0,1,1,9,A01
202100046932,2,7,,0,0,4,2,B01
202100046932,2,7,,0,2,1,2,A01
202100046933,1,7,,3,2,1,21,A01
202100046934,2,33,,0,2,1,1,B01
202100046934,1,7,,0,2,3,15,A01
202100046935,1,10,,0,1,1,1,A01
202100046936,2,2,,0,2,7,1,B01
202100046936,2,7,,0,2,8,11,A01
202100046937,0,7,,1,0,7,1,A01
202100046937,1,7,,0,2,3,15,B01
202100046938,0,7,,0,2,1,0,B01
202100046938,0,7,,0,2,1,0,A01
202100046939,1,33,,0,2,7,2,B01
202100046939,1,7,,0,2,1,9,A01
202100046940,1,7,,0,2,7,15,A01
202100046940,1,33,,0,2,1,1,B01
202100046941,3,7,,0,2,3,1,B01
202100046941,3,7,,0,2,3,1,A01
202100046942,3,3,,0,2,8,2,A01
202100046942,2,1,,0,2,1,14,B01
202100046943,1,7,,0,2,8,15,A01
202100046943,1,2,,0,2,7,17,B01
202100046944,1,32,,0,2,1,1,B01
202100046944,2,7,,0,2,7,15,A01
202100046945,1,7,,0,1,1,1,A01
202100046946,1,1,,0,1,3,1,A01
202100046947,2,7,,0,1,0,1,Z01
202100046948,3,1,,0,2,8,19,B01
202100046948,2,32,,0,2,1,5,A01
202100046949,1,1,,0,0,0,21,A01
202100046950,1,7,,0,2,5,23,A01
202100046950,1,2,,0,2,3,7,B01
202100046951,3,7,,0,2,5,2,A01
202100046951,3,32,,0,2,4,2,B01
202100046952,2,1,,0,1,3,1,A01
202100046953,2,30,,0,2,3,18,A01
202100046953,2,7,,0,2,2,16,B01
202100046954,1,50,,7,2,2,17,A01
202100046954,1,50,,0,2,8,1,B01
202100046955,2,7,,0,2,6,23,A01
202100046955,2,33,,0,2,2,2,B01
202100046956,2,32,,0,2,1,18,A01
202100046956,2,7,,0,2,2,16,B01
202100046957,2,7,,0,2,3,9,B01
202100046957,2,33,,0,2,1,17,A01
202100046958,2,60,,1,0,1,17,A01
202100046959,2,7,,0,1,3,26,A01
202100046960,3,7,,0,1,2,1,A01
202100046961,1,10,,0,2,2,1,A01
202100046961,1,7,,1,0,4,23,B01
202100046962,3,30,,0,2,8,16,A01
202100046962,3,37,1.0,0,2,1,1,B01
202100046963,1,10,,0,1,5,4,A01
202100046964,1,7,,0,1,2,1,A01
202100046965,1,7,,0,2,2,0,B01
202100046965,3,31,,0,2,1,26,A01
202100046966,1,31,,14,0,1,14,A01
202100046967,2,10,,8,2,2,16,A01
202100046967,2,50,,8,2,3,18,B01
202100046968,2,7,,0,2,0,26,A01
202100046968,2,33,,0,2,0,0,B01
202100046969,3,1,,0,1,1,25,A01
202100046970,2,7,,15,0,1,1,A01
202100046971,1,1,,0,2,8,1,B01
202100046971,1,7,,0,2,7,17,A01
202100046972,2,7,,0,0,6,15,A01
202100046972,1,7,,0,2,1,1,B01
202100046972,2,33,,0,2,4,2,C01
202100046973,0,7,,0,9,5,16,A01
202100046973,0,1,,0,2,1,23,B01
202100046974,1,7,,0,2,3,15,A01
202100046974,1,33,,0,2,0,1,B01
202100046975,2,7,,0,0,1,1,A01
202100046976,1,7,,0,1,3,1,A01
202100046977,2,33,,0,0,8,17,A01
202100046977,2,21,,0,0,6,15,B01
202100046978,0,33,,0,0,0,1,A01
202100046979,2,33,,0,0,1,1,A01
202100046980,3,7,,0,0,2,1,A01
202100046981,2,33,,0,2,1,1,C01
202100046981,2,7,,0,2,3,1,B01
202100046981,1,7,,0,2,7,9,A01
202100046982,2,7,,0,2,3,13,A01
202100046982,1,17,,0,2,3,1,B01
202100046983,1,7,,8,0,5,13,A01
202100046984,1,10,,0,2,5,1,B01
202100046984,1,33,,0,2,1,1,A01
202100046985,2,7,,0,2,1,1,B01
202100046985,1,7,,0,2,1,15,A01
202100046986,1,2,,0,2,1,1,B01
202100046986,2,2,,0,2,8,9,A01
202100046987,3,7,,0,1,1,1,A01
202100046988,2,10,,13,0,7,21,A01
202100046989,0,1,,0,2,1,19,A01
202100046989,3,7,,0,9,7,1,B01
202100046990,2,2,,0,2,1,1,A01
202100046990,1,10,,0,0,6,16,B01
202100046991,2,7,,4,0,1,16,A01
202100046992,3,7,,0,1,1,20,A01
202100046993,2,17,,0,2,1,1,A01
202100046993,2,17,,0,0,4,1,B01
202100046994,2,7,,0,0,7,13,A01
202100046994,1,7,,0,2,2,15,B01
202100046995,1,7,,0,0,4,2,E01
202100046995,1,7,,0,2,4,2,D01
202100046995,1,7,,0,2,4,2,C01
202100046995,1,7,,0,2,1,2,A01
202100046995,1,7,,0,2,4,2,B01
202100046996,1,37,2.0,0,0,6,24,B01
202100046996,1,7,,1,0,1,1,A01
202100046997,2,7,,4,0,2,17,A01
202100046998,1,10,,0,2,1,1,B01
202100046998,1,7,,0,2,4,23,A01
202100046999,2,7,,0,1,2,1,A01
202100047000,2,7,,0,0,9,1,A01
202100047001,1,7,,0,2,1,1,A01
202100047001,1,7,,0,2,1,2,E01
202100047001,1,7,,0,2,1,2,D01
202100047001,1,7,,0,2,4,2,B01
202100047001,1,10,,0,2,4,2,C01
202100047002,1,7,,0,2,7,1,B01
202100047002,1,10,,0,2,3,13,A01
202100047003,1,7,,0,2,4,2,C01
202100047003,1,7,,0,2,4,2,B01
202100047003,1,7,,0,2,1,2,A01
202100047004,1,10,,0,2,1,1,A01
202100047004,1,7,,0,2,4,2,B01
202100047005,1,7,,0,2,1,2,A01
202100047005,1,7,,0,2,4,1,B01
202100047006,1,15,,0,0,9,1,A01
202100047007,1,7,,0,2,4,2,B01
202100047007,1,32,,0,2,1,2,A01
202100047008,2,7,,0,0,9,1,A01
202100047009,1,7,,0,2,3,9,A01
202100047009,1,7,,0,2,2,1,B01
202100047010,2,33,,0,2,1,1,B01
202100047010,2,7,,0,2,5,1,A01
202100047011,1,7,,4,0,2,12,A01
202100047012,2,14,,0,2,2,12,A01
202100047012,2,7,,0,2,5,1,C01
202100047012,2,7,,0,2,8,1,B01
202100047013,2,15,,0,2,1,1,C01
202100047013,2,15,,0,2,4,23,A01
202100047013,2,7,,0,2,1,1,B01
202100047014,2,7,,0,2,6,1,B01
202100047014,2,33,,0,2,1,1,A01
202100047015,1,7,,0,2,3,15,A01
202100047015,2,33,,0,2,8,1,B01
202100047016,3,7,,0,2,3,15,B01
202100047016,1,2,,0,2,3,3,A01
202100047017,1,7,,0,2,2,1,A01
202100047017,3,50,,0,2,1,19,B01
202100047018,2,10,,0,2,0,0,B01
202100047018,1,7,,7,0,7,15,A01
202100047019,1,7,,0,2,1,13,A01
202100047019,2,7,,0,2,1,1,B01
202100047020,1,7,,0,0,4,2,B01
202100047020,1,7,,0,2,1,17,A01
202100047021,1,7,,0,2,4,2,B01
202100047021,1,31,,0,2,1,2,A01
202100047022,1,34,,8,0,1,1,A01
202100047022,1,33,,0,0,4,2,B01
202100047023,2,7,,0,2,3,15,B01
202100047023,0,34,,0,2,2,2,A01
202100047024,1,7,,0,2,3,15,A01
202100047024,1,33,,0,2,1,17,B01
202100047025,2,7,,15,0,2,1,A01
202100047026,3,7,,0,0,-1,1,C01
202100047026,2,33,,0,2,1,9,B01
202100047026,1,7,,0,2,3,15,A01
202100047027,1,60,,0,0,7,1,A01
202100047028,0,7,,0,1,1,1,A01
202100047029,0,1,,0,2,1,25,A01
202100047029,0,7,,0,2,1,5,B01
202100047030,3,30,,0,2,1,1,A01
202100047030,-1,2,,0,2,7,-1,B01
202100047031,0,10,,0,2,7,10,A01
202100047031,0,7,,0,2,1,1,B01
202100047032,2,37,1.0,0,9,4,1,B01
202100047032,2,80,,0,2,1,16,A01
202100047033,2,7,,0,2,1,15,A01
202100047033,1,2,,0,2,3,1,B01
202100047034,2,33,,0,2,7,1,A01
202100047034,1,7,,0,2,5,15,B01
202100047035,3,7,,0,1,0,0,Z01
202100047036,3,7,,0,1,1,26,A01
202100047037,1,33,,16,0,3,13,A01
202100047038,2,10,,0,0,1,0,A01
202100047038,2,7,,0,0,4,0,B01
202100047039,1,7,,0,2,1,0,A01
202100047039,2,2,,0,2,1,1,B01
202100047040,2,99,,0,1,4,26,A01
202100047041,0,7,,0,2,2,15,A01
202100047041,1,33,,0,2,7,1,B01
202100047042,2,7,,0,2,2,1,B01
202100047042,3,7,,0,2,2,1,A01
202100047043,1,7,,0,2,5,1,B01
202100047043,1,3,,0,2,2,1,A01
202100047044,1,33,,0,2,4,1,B01
202100047044,1,10,,0,2,2,1,A01
202100047045,2,7,,0,2,4,2,B01
202100047045,2,7,,0,0,4,2,C01
202100047045,2,7,,0,2,1,1,A01
202100047046,3,7,,0,1,1,1,A01
202100047047,2,7,,0,1,3,26,A01
202100047048,0,7,,12,2,7,15,A01
202100047048,0,7,,12,2,1,1,B01
202100047049,1,7,,0,1,2,1,A01
202100047050,1,50,,0,2,8,19,B01
202100047050,1,7,,0,2,1,1,A01
202100047051,2,7,,0,2,1,1,A01
202100047051,2,7,,0,2,4,1,B01
202100047052,2,33,,1,0,8,26,A01
202100047052,2,10,,0,0,4,23,B01
202100047053,1,30,,0,0,7,15,A01
202100047054,2,1,,0,2,1,1,A01
202100047054,1,1,,0,2,2,15,B01
202100047055,1,30,,0,2,2,12,A01
202100047055,1,7,,0,2,3,1,B01
202100047056,2,10,,0,2,1,9,A01
202100047056,2,7,,0,2,2,1,B01
202100047057,2,7,,0,2,4,23,C01
202100047057,2,7,,0,2,4,23,B01
202100047057,2,7,,0,2,1,2,A01
202100047058,2,7,,0,1,1,1,A01
202100047059,1,10,,0,2,2,15,A01
202100047059,1,1,,0,2,2,1,B01
202100047060,2,1,,0,1,1,1,A01
202100047061,2,33,,0,2,0,1,B01
202100047061,2,7,,0,2,0,0,A01
202100047062,1,7,,0,2,2,9,A01
202100047062,1,50,,0,2,1,9,B01
202100047063,2,7,,0,2,7,1,A01
202100047063,2,30,,0,2,8,3,B01
202100047064,1,7,,0,2,2,1,B01
202100047064,1,7,,0,2,1,1,A01
202100047065,3,7,,0,1,4,26,A01
202100047066,1,2,,0,0,0,1,A01
202100047067,1,7,,1,2,2,14,A01
202100047067,1,7,,0,2,6,0,B01
202100047067,2,7,,0,2,1,1,C01
202100047068,2,2,,0,2,2,17,B01
202100047068,2,7,,0,2,6,15,A01
202100047069,2,7,,0,2,1,1,B01
202100047069,1,7,,0,6,1,13,A01
202100047070,0,7,,7,0,1,0,A01
202100047071,1,7,,0,2,8,1,B01
202100047071,1,7,,0,2,3,1,A01
202100047072,2,1,,0,0,1,0,A01
202100047073,1,7,,0,0,3,0,A01
202100047073,2,7,,0,2,2,0,B01
202100047074,1,3,,0,2,1,1,A01
202100047074,1,10,,0,2,7,1,B01
202100047075,2,33,,0,2,1,2,A01
202100047075,2,99,,0,0,4,2,B01
202100047076,3,7,,0,1,1,1,A01
202100047077,1,7,,0,0,3,1,C01
202100047077,2,31,,0,2,1,21,A01
202100047077,1,7,,0,0,6,1,B01
202100047078,3,10,,0,1,2,1,A01
202100047079,1,10,,0,2,6,1,B01
202100047079,1,7,,0,2,2,14,A01
202100047080,2,7,,0,2,1,15,A01
202100047080,1,33,,0,2,1,1,B01
202100047081,0,1,,0,2,4,2,B01
202100047081,0,7,,0,9,1,2,A01
202100047082,2,7,,0,2,3,11,B01
202100047082,2,7,,0,2,7,12,A01
202100047083,3,7,,0,0,3,16,A01
202100047083,1,7,,0,2,2,9,B01
202100047084,2,7,,6,0,1,13,A01
202100047085,3,2,,0,2,1,1,B01
202100047085,3,7,,0,2,3,16,A01
202100047086,2,7,,0,1,2,1,A01
202100047087,0,1,,0,0,0,0,A01
202100047088,1,17,,0,2,1,1,A01
202100047088,1,7,,0,0,4,1,D01
202100047088,1,7,,0,2,4,1,C01
202100047088,1,7,,0,2,4,1,B01
202100047089,1,7,,13,2,1,19,A01
202100047089,1,7,,13,2,8,1,B01
202100047090,2,7,,0,1,2,16,A01
202100047091,1,7,,0,2,3,5,A01
202100047091,2,7,,0,2,8,1,B01
202100047092,2,2,,0,0,0,21,A01
202100047093,2,7,,0,2,3,15,A01
202100047093,1,33,,0,2,7,1,B01
202100047094,1,7,,2,0,8,13,A01
202100047095,0,2,,0,0,0,1,A01
202100047096,3,7,,16,2,2,9,A01
202100047096,3,2,,16,2,1,1,B01
202100047097,2,33,,0,2,1,3,A01
202100047097,2,7,,0,2,8,15,B01
202100047098,1,7,,0,2,1,26,B01
202100047098,2,33,,0,2,1,13,A01
202100047099,3,2,,0,1,1,25,A01
202100047100,2,10,,0,2,3,1,B01
202100047100,1,3,,0,2,3,13,A01
202100047101,0,38,1.0,0,2,8,9,A01
202100047101,2,33,,0,2,1,1,B01
202100047102,2,7,,0,0,6,1,A01
202100047102,1,7,,0,2,2,15,B01
202100047103,3,31,,0,0,3,15,A01
202100047104,1,7,,0,0,4,2,B01
202100047104,1,7,,0,2,1,2,A01
202100047105,1,7,,0,2,9,1,B01
202100047105,1,15,,0,2,5,12,A01
202100047106,1,7,,0,2,1,2,C01
202100047106,1,7,,0,2,1,2,B01
202100047106,1,33,,0,2,4,2,A01
202100047107,2,7,,3,0,1,2,A01
202100047108,1,17,,0,2,1,2,A01
202100047108,1,7,,0,2,0,0,B01
202100047109,2,32,,0,0,9,9,A01
202100047110,2,7,,3,0,1,13,A01
202100047111,1,7,,0,2,4,2,B01
202100047111,1,7,,0,2,1,1,A01
202100047112,2,7,,0,2,4,2,B01
202100047112,2,10,,0,2,1,2,A01
202100047113,2,7,,0,2,8,11,A01
202100047113,2,33,,0,2,7,1,B01
202100047114,2,7,,0,2,4,1,C01
202100047114,2,7,,0,2,4,1,B01
202100047114,2,7,,0,2,1,1,A01
202100047115,1,7,,0,2,2,1,B01
202100047115,1,7,,0,2,9,11,A01
202100047116,1,1,,0,2,7,1,B01
202100047116,1,7,,0,2,1,1,A01
202100047117,1,7,,0,1,3,1,A01
202100047118,1,33,,12,0,0,14,A01
202100047119,3,1,,0,2,4,1,B01
202100047119,3,7,,0,9,3,9,A01
202100047120,1,1,,0,2,7,26,A01
202100047120,1,7,,0,2,1,9,Z01
202100047121,2,7,,6,2,7,1,B01
202100047121,2,7,,0,2,1,1,A01
202100047122,0,33,,0,2,5,9,B01
202100047122,0,7,,0,2,3,2,A01
202100047123,1,7,,0,2,2,1,A01
202100047123,1,7,,0,2,8,15,B01
202100047124,1,31,,0,2,1,1,A01
202100047124,2,7,,0,2,6,15,B01
202100047125,1,7,,0,9,7,14,A01
202100047125,1,1,,0,2,0,0,B01
202100047126,2,7,,0,2,4,23,B01
202100047126,2,7,,14,0,1,2,A01
202100047127,2,2,,0,2,1,16,B01
202100047127,1,10,,0,2,1,9,A01
202100047128,2,7,,1,0,2,14,A01
202100047129,1,2,,0,0,8,1,B01
202100047129,1,7,,0,2,1,1,A01
202100047130,1,2,,1,2,3,15,B01
202100047130,2,10,,1,2,2,1,A01
202100047131,2,33,,0,2,1,26,A01
202100047131,1,31,,0,2,1,1,B01
202100047132,3,32,,0,2,2,17,B01
202100047132,3,10,,0,2,3,13,A01
202100047133,2,7,,0,1,1,1,A01
202100047134,3,7,,0,2,3,15,A01
202100047134,3,7,,0,2,2,1,B01
202100047135,1,31,,0,2,7,9,B01
202100047135,1,7,,8,2,1,9,A01
202100047136,1,30,,0,1,1,1,A01
202100047137,2,33,,0,2,1,1,A01
202100047137,2,7,,0,2,1,15,B01
202100047138,3,7,,0,2,0,9,Z01
202100047138,3,1,,0,2,0,25,A01
202100047139,1,7,,0,2,2,22,A01
202100047139,1,1,,0,2,1,1,B01
202100047140,1,30,,0,2,1,2,A01
202100047140,1,7,,0,2,5,2,B01
202100047141,3,1,,0,0,0,1,A01
202100047142,2,30,,0,2,7,5,A01
202100047142,2,7,,0,2,1,9,B01
202100047143,1,7,,0,2,3,13,A01
202100047143,1,33,,0,2,1,17,B01
202100047144,1,7,,0,2,7,10,A01
202100047144,1,50,,0,2,3,1,B01
202100047145,1,7,,0,1,1,1,A01
202100047146,1,2,,0,2,4,1,B01
202100047146,1,7,,0,2,1,2,A01
202100047147,0,1,,0,0,0,26,A01
202100047148,2,7,,0,2,3,5,A01
202100047148,1,33,,0,2,3,5,B01
202100047149,1,7,,4,0,9,17,A01
202100047150,1,7,,3,0,1,26,B01
202100047150,1,10,,3,0,1,1,A01
202100047151,1,1,,0,2,3,1,B01
202100047151,1,33,,0,9,2,1,A01
202100047152,1,7,,0,2,1,1,B01
202100047152,2,7,,0,2,1,17,A01
202100047153,3,1,,0,0,0,1,A01
202100047154,3,7,,0,1,2,1,A01
202100047155,2,7,,0,2,1,21,C01
202100047155,2,7,,0,2,6,21,B01
202100047155,1,7,,0,2,1,5,A01
202100047156,1,7,,0,0,8,1,B01
202100047156,1,7,,0,2,1,1,A01
202100047157,3,21,,0,1,5,24,B01
202100047157,3,7,,0,9,2,17,A01
202100047158,2,15,,0,4,7,23,B01
202100047158,0,39,,1,0,3,1,A01
202100047159,2,1,,2,2,8,1,B01
202100047159,2,10,,0,9,2,17,A01
202100047160,3,10,,0,1,1,23,A01
202100047161,3,7,,17,0,3,0,A01
202100047162,2,7,,8,0,4,1,A01
202100047163,3,10,,0,1,8,18,A01
202100047164,1,7,,12,0,3,2,A01
202100047165,1,7,,0,2,3,1,A01
202100047165,2,1,,0,2,1,5,B01
202100047166,2,7,,0,0,8,15,A01
202100047166,2,7,,0,2,2,2,B01
202100047167,3,36,,1,0,1,1,A01
202100047168,2,7,,0,2,3,1,B01
202100047168,1,7,,0,2,3,13,A01
202100047169,2,7,,0,2,3,9,A01
202100047169,1,2,,0,2,1,1,B01
202100047170,2,17,,0,1,6,20,A01
202100047171,0,7,,0,2,5,15,A01
202100047171,0,34,,0,2,1,17,B01
202100047172,1,7,,0,2,2,1,A01
202100047172,2,7,,0,2,3,15,B01
202100047173,2,7,,0,2,3,1,B01
202100047173,1,37,1.0,0,2,3,21,A01
202100047174,2,14,,0,2,1,1,B01
202100047174,1,33,,0,2,1,17,A01
202100047175,1,7,,0,0,4,1,B01
202100047175,1,10,,0,2,1,1,A01
202100047176,2,10,,0,2,1,1,B01
202100047176,1,7,,0,2,1,13,A01
202100047177,2,7,,0,2,4,2,B01
202100047177,2,7,,4,2,1,17,A01
202100047178,1,7,,0,2,1,1,C01
202100047178,1,7,,0,2,3,1,B01
202100047178,2,7,,0,2,1,13,A01
202100047179,1,34,,12,0,0,1,A01
202100047180,1,10,,0,2,7,15,A01
202100047180,2,33,,0,2,1,1,B01
202100047181,2,7,,0,0,9,17,A01
202100047182,1,33,,0,2,1,2,A01
202100047182,1,7,,0,0,4,2,B01
202100047182,2,7,,0,2,3,1,C01
202100047183,1,7,,0,1,1,1,A01
202100047184,3,35,,7,0,1,1,A01
202100047185,2,33,,17,0,1,1,A01
202100047186,1,7,,0,1,1,1,A01
202100047187,2,10,,0,1,1,15,A01
202100047188,1,7,,0,9,9,1,A01
202100047188,1,10,,0,2,2,1,B01
202100047189,1,7,,0,2,4,1,A01
202100047189,1,33,,0,2,1,2,B01
202100047190,2,10,,0,2,3,11,A01
202100047190,2,33,,0,2,1,1,B01
202100047191,2,7,,0,2,3,13,A01
202100047191,2,7,,0,2,7,1,B01
202100047192,2,7,,4,0,3,26,A01
202100047193,2,7,,0,2,2,14,A01
202100047193,2,10,,0,2,3,1,B01
202100047194,2,7,,0,2,1,2,A01
202100047194,2,7,,0,2,4,2,B01
202100047195,1,7,,4,0,3,26,A01
202100047196,1,7,,0,2,4,2,B01
202100047196,1,33,,0,2,1,2,A01
202100047197,1,17,,0,2,8,13,B01
202100047197,1,7,,0,2,7,2,A01
202100047198,2,7,,8,0,1,18,A01
202100047199,3,7,,0,2,3,9,A01
202100047199,3,2,,0,2,1,1,B01
202100047200,1,7,,0,2,3,9,B01
202100047200,2,1,,0,2,1,5,A01
202100047201,1,7,,0,2,0,1,A01
202100047201,1,7,,0,2,0,9,B01
202100047202,0,7,,0,9,1,1,A01
202100047202,1,7,,0,2,3,1,B01
202100047203,2,7,,0,2,3,1,B01
202100047203,1,7,,0,2,2,15,A01
202100047204,2,7,,0,2,8,24,B01
202100047204,2,80,,1,0,2,1,A01
202100047205,3,7,,0,1,2,1,B01
202100047206,1,7,,0,2,4,26,B01
202100047206,1,7,,3,0,4,26,C01
202100047206,1,7,,0,2,1,26,A01
202100047207,3,7,,0,1,1,15,A01
202100047208,1,14,,0,2,2,1,A01
202100047208,1,7,,0,2,3,1,B01
202100047209,2,7,,0,2,4,23,B01
202100047209,2,7,,0,2,1,2,Z01
202100047210,1,7,,0,2,3,15,A01
202100047210,1,30,,0,2,7,17,B01
202100047211,2,7,,0,2,2,1,B01
202100047211,2,7,,0,2,3,9,A01
202100047212,1,30,,0,2,1,7,A01
202100047212,1,7,,0,2,7,16,B01
202100047213,1,30,,0,2,1,17,A01
202100047213,2,7,,0,2,1,1,B01
202100047214,1,33,,0,2,1,1,A01
202100047214,1,33,,0,2,4,23,B01
202100047215,1,7,,0,2,7,1,A01
202100047215,2,2,,0,2,1,1,B01
202100047216,2,7,,0,2,1,1,D01
202100047216,1,7,,0,2,6,0,B01
202100047216,1,33,,0,2,1,26,A01
202100047217,2,7,,0,1,3,16,A01
202100047218,1,32,,0,2,1,2,B01
202100047218,2,7,,0,2,8,10,A01
202100047219,3,7,,8,0,1,1,A01
202100047220,3,30,,0,2,1,1,A01
202100047220,0,7,,0,2,3,15,B01
202100047221,1,7,,0,2,2,15,A01
202100047221,2,33,,0,0,0,0,B01
202100047222,3,33,,0,2,2,1,B01
202100047222,3,7,,0,2,3,9,A01
202100047223,1,7,,12,0,1,1,A01
202100047224,1,7,,0,2,1,19,Z01
202100047224,2,60,,0,2,8,19,[01
202100047225,2,32,,0,2,3,2,A01
202100047225,1,7,,0,2,3,1,C01
202100047225,2,7,,0,2,6,1,B01
202100047226,1,7,,0,2,8,1,D01
202100047226,2,7,,0,2,1,1,C01
202100047226,1,33,,0,2,9,17,A01
202100047226,1,7,,0,2,3,17,B01
202100047227,1,7,,0,2,3,0,B01
202100047227,1,7,,0,2,1,19,A01
202100047228,1,7,,0,2,2,26,B01
202100047228,1,2,,0,2,1,1,A01
202100047229,1,7,,3,0,3,21,A01
202100047230,1,7,,1,0,7,1,A01
202100047231,3,7,,0,2,6,0,B01
202100047231,1,7,,0,2,3,2,A01
202100047232,3,33,,0,2,8,0,B01
202100047232,3,7,,0,2,2,15,A01
202100047233,1,7,,0,1,0,1,A01
202100047234,2,7,,0,2,0,19,A01
202100047234,1,7,,0,2,2,1,B01
202100047235,2,2,,0,2,4,26,A01
202100047235,2,7,,0,9,1,26,Z01
202100047236,2,7,,0,2,3,9,A01
202100047236,1,32,,0,2,3,1,B01
202100047237,1,7,,0,2,1,23,C01
202100047237,1,7,,0,2,0,23,B01
202100047237,2,7,,14,2,1,1,A01
202100047238,1,7,,0,2,3,1,A01
202100047238,3,7,,0,2,2,11,B01
202100047239,1,7,,0,2,3,15,A01
202100047239,2,33,,0,2,8,1,B01
202100047240,3,7,,0,9,1,1,D01
202100047240,3,7,,0,2,3,1,C01
202100047240,3,7,,0,2,6,1,B01
202100047240,3,33,,0,2,3,21,A01
202100047241,2,31,,8,0,1,6,A01
202100047242,3,7,,0,2,8,0,B01
202100047242,2,7,,0,2,1,0,A01
202100047243,1,37,10.0,2,0,1,14,A01
202100047244,2,10,,0,1,2,1,A01
202100047245,1,50,,0,2,1,1,A01
202100047245,1,1,,0,2,8,19,B01
202100047246,3,1,,0,1,1,1,A01
202100047247,2,80,,0,2,4,19,A01
202100047247,2,37,1.0,0,2,6,1,B01
202100047248,3,7,,11,0,1,1,A01
202100047249,1,32,,0,2,1,7,B01
202100047249,2,1,,0,2,1,5,A01
202100047250,2,7,,0,2,5,10,A01
202100047250,1,33,,0,2,1,1,B01
202100047251,1,1,,0,2,1,1,A01
202100047251,1,7,,0,2,5,1,B01
202100047252,2,7,,0,2,6,23,B01
202100047252,2,32,,0,2,2,1,A01
202100047253,3,32,,0,2,5,17,A01
202100047253,3,7,,0,2,3,15,B01
202100047254,1,1,,0,9,1,1,A01
202100047255,1,10,,15,0,4,2,B01
202100047255,1,33,,0,2,1,26,A01
202100047256,1,80,,1,0,1,1,B01
202100047256,1,7,,0,2,4,24,A01
202100047257,2,7,,0,1,0,0,A01
202100047258,1,30,,0,2,1,2,A01
202100047258,1,7,,0,2,0,0,B01
202100047259,1,7,,0,1,1,2,B01
202100047260,3,1,,0,2,1,26,B01
202100047260,3,7,,0,2,7,16,A01