Num_Acc,senc,catv,occutc,obs,obsm,choc,manv,num_veh
202100047261,1,7,,0,2,4,0,B01
202100047261,1,7,,14,2,1,26,A01
202100047262,3,7,,1,2,2,1,B01
202100047262,1,10,,0,2,3,26,A01
202100047263,-1,10,,0,2,3,1,B01
202100047263,2,7,,0,2,1,1,A01
202100047264,3,30,,0,2,8,1,A01
202100047264,0,7,,0,2,2,9,B01
202100047265,2,7,,0,1,2,19,A01
202100047266,1,7,,0,1,3,1,A01
202100047267,1,32,,0,2,1,17,B01
202100047267,1,7,,0,2,3,15,A01
202100047268,1,1,,0,2,1,2,A01
202100047268,1,10,,0,0,5,1,B01
202100047269,1,1,,0,2,1,1,B01
202100047269,2,7,,0,2,3,15,A01
202100047270,1,32,,0,2,7,25,A01
202100047270,2,7,,0,2,2,9,B01
202100047271,2,7,,9,2,1,1,B01
202100047271,1,7,,0,2,1,1,A01
202100047272,1,33,,0,0,8,1,A01
202100047273,2,2,,0,0,8,15,A01
202100047273,2,7,,15,2,5,17,B01
202100047274,2,7,,8,0,9,14,A01
202100047275,2,2,,0,2,1,1,A01
202100047275,1,10,,0,2,7,15,B01
202100047276,0,7,,0,2,3,15,A01
202100047276,0,33,,0,2,1,1,B01
202100047277,1,7,,0,2,3,9,A01
202100047277,1,33,,0,2,1,17,B01
202100047278,2,7,,0,2,5,2,A01
202100047278,2,2,,0,2,1,2,B01
202100047279,2,7,,0,2,3,1,B01
202100047279,1,10,,0,2,3,1,A01
202100047280,2,7,,0,2,8,1,B01
202100047280,1,33,,0,2,8,1,A01
202100047281,1,7,,0,0,0,1,A01
202100047282,3,7,,0,1,1,0,A01
202100047283,3,7,,1,0,1,13,A01
202100047284,2,2,,0,0,6,20,B01
202100047284,2,2,,0,2,1,1,A01
202100047285,1,1,,0,0,9,1,A01
202100047286,1,2,,0,2,1,2,A01
202100047286,1,7,,0,0,4,2,B01
202100047287,1,7,,0,2,3,13,A01
202100047287,2,7,,0,2,2,21,B01
202100047288,3,7,,0,2,1,0,A01
202100047288,3,7,,0,2,1,0,B01
202100047289,1,7,,0,2,2,1,B01
202100047289,2,33,,0,2,1,13,A01
202100047290,2,7,,0,9,3,1,A01
202100047290,1,1,,0,2,8,16,B01
202100047291,2,7,,13,0,2,1,A01
202100047292,3,7,,13,0,3,1,A01
202100047293,1,2,,0,0,0,1,A01
202100047294,3,7,,0,2,8,1,B01
202100047294,3,7,,0,2,1,1,A01
202100047295,1,7,,5,0,2,15,A01
202100047296,3,7,,2,0,2,1,A01
202100047297,2,2,,6,2,7,1,B01
202100047297,1,7,,0,2,2,15,A01
202100047298,1,17,,8,2,2,21,B01
202100047298,2,7,,6,0,8,15,A01
202100047299,1,7,,0,0,9,1,A01
202100047300,2,7,,0,1,3,21,A01
202100047301,3,32,,0,2,8,10,B01
202100047301,3,31,,0,2,1,21,A01
202100047302,1,31,,12,0,1,15,A01
202100047303,2,33,,0,2,1,1,A01
202100047303,1,7,,0,2,4,1,B01
202100047304,1,33,,0,2,1,1,A01
202100047304,2,7,,0,2,5,15,B01
202100047305,1,7,,9,0,1,0,A01
202100047306,1,7,,0,1,1,1,A01
202100047307,1,7,,0,2,2,1,B01
202100047307,2,31,,0,2,1,1,A01
202100047307,2,2,,0,2,1,1,C01
202100047307,2,7,,0,0,6,24,D01
202100047308,1,7,,8,0,0,1,A01
202100047309,1,7,,0,0,8,15,A01
202100047309,1,33,,13,2,9,17,B01
202100047310,2,7,,9,0,1,1,A01
202100047311,2,33,,0,2,6,1,A01
202100047311,2,7,,0,2,7,12,Z01
202100047312,2,7,,0,2,1,1,B01
202100047312,2,7,,0,2,4,1,A01
202100047313,2,7,,0,9,9,1,A01
202100047314,2,7,,0,2,4,1,C01
202100047314,2,7,,0,2,4,2,B01
202100047314,2,14,,0,2,3,2,A01
202100047315,2,14,,0,2,4,1,B01
202100047315,2,7,,0,2,1,13,A01
202100047316,1,10,,0,2,2,14,A01
202100047316,1,7,,0,2,6,1,B01
202100047317,1,7,,3,2,4,26,A01
202100047317,1,7,,0,2,1,1,Z01
202100047318,2,7,,0,2,0,0,Z01
202100047318,2,33,,0,2,7,26,A01
202100047319,1,7,,0,2,4,0,B01
202100047319,2,7,,0,2,1,0,A01
202100047320,2,31,,0,0,9,26,A01
202100047321,1,2,,0,2,8,1,B01
202100047321,1,7,,0,2,3,1,A01
202100047322,1,7,,2,0,0,14,B01
202100047322,2,30,,14,0,0,13,A01
202100047323,3,7,,0,1,1,19,A01
202100047324,3,7,,8,2,4,4,A01
202100047324,1,10,,0,2,1,1,B01
202100047325,3,14,,0,2,2,1,A01
202100047325,3,7,,0,2,3,1,B01
202100047326,1,37,1.0,0,1,3,1,A01
202100047327,2,32,,8,0,1,2,A01
202100047328,0,30,,1,0,7,16,A01
202100047329,0,7,,0,2,1,1,A01
202100047329,0,7,,0,2,2,1,B01
202100047330,1,7,,0,2,1,19,A01
202100047330,1,7,,0,2,8,15,B01
202100047331,1,7,,0,2,4,23,B01
202100047331,1,7,,0,2,1,2,A01
202100047332,1,7,,0,1,1,1,A01
202100047333,1,32,,0,2,1,2,A01
202100047333,1,7,,0,2,4,2,B01
202100047334,1,7,,0,2,4,1,C01
202100047334,1,17,,0,2,4,1,B01
202100047334,1,10,,0,2,1,2,A01
202100047335,1,7,,0,1,1,15,A01
202100047336,1,30,,0,2,1,2,A01
202100047336,1,7,,0,2,4,0,B01
202100047337,1,33,,0,2,1,2,A01
202100047337,1,7,,0,2,4,2,B01
202100047338,1,7,,0,2,1,9,A01
202100047338,1,2,,0,2,8,0,B01
202100047339,1,7,,0,1,1,26,A01
202100047340,1,7,,1,1,1,20,A01
202100047341,1,1,,12,0,1,16,A01
202100047342,1,7,,0,2,7,1,B01
202100047342,1,7,,0,2,8,1,A01
202100047343,1,7,,0,9,1,1,A01
202100047343,1,1,,0,2,8,19,B01
202100047344,1,7,,0,2,7,1,A01
202100047345,1,1,,0,1,1,25,A01
202100047346,2,7,,0,0,0,14,Z01
202100047346,2,2,,12,0,1,1,A01
202100047347,3,7,,0,1,4,26,A01
202100047348,3,7,,0,2,1,1,A01
202100047348,3,1,,0,2,4,2,B01
202100047349,3,7,,14,0,0,1,A01
202100047350,3,7,,0,1,1,1,A01
202100047351,3,10,,0,2,4,23,B01
202100047351,3,10,,0,2,1,1,A01
202100047352,1,7,,6,0,1,22,A01
202100047353,2,33,,0,0,0,21,B01
202100047354,2,14,,0,2,1,26,A01
202100047354,2,7,,0,2,4,26,B01
202100047355,2,7,,0,2,3,9,A01
202100047355,1,30,,0,2,7,9,B01
202100047356,1,7,,0,2,2,9,A01
202100047356,1,2,,0,2,8,17,B01
202100047357,1,7,,0,2,7,1,A01
202100047357,3,2,,0,2,8,9,B01
202100047358,1,10,,14,1,5,16,A01
202100047359,2,7,,0,1,2,17,A01
202100047360,2,7,,0,2,2,16,A01
202100047360,2,2,,0,2,3,1,B01
202100047361,0,7,,0,1,2,1,A01
202100047362,1,15,,0,2,2,16,A01
202100047362,1,80,,0,2,3,1,B01
202100047363,2,1,,0,2,1,1,B01
202100047363,2,7,,0,9,5,16,A01
202100047364,0,1,,0,0,0,0,B01
202100047364,0,7,,0,2,5,2,A01
202100047365,3,1,,0,2,4,16,B01
202100047365,3,7,,0,2,2,16,A01
202100047366,1,2,,0,0,0,16,A01
202100047367,2,7,,1,0,1,1,A01
202100047368,1,7,,0,2,1,1,B01
202100047368,0,33,,0,2,7,15,A01
202100047369,1,7,,0,2,1,13,A01
202100047369,2,7,,0,2,1,1,B01
202100047370,0,7,,0,2,6,26,A01
202100047370,0,7,,8,2,3,2,B01
202100047371,1,0,,0,1,1,26,A01
202100047372,2,7,,0,2,7,15,A01
202100047372,1,32,,0,2,1,1,B01
202100047373,3,33,,1,2,6,1,B01
202100047373,3,7,,0,2,1,19,A01
202100047374,0,34,,0,2,0,0,B01
202100047374,0,7,,0,2,3,20,A01
202100047375,2,10,,0,2,1,1,B01
202100047375,1,7,,0,2,8,19,A01
202100047376,2,32,,0,2,2,2,B01
202100047376,1,7,,0,2,3,9,A01
202100047377,1,32,,0,2,2,17,B01
202100047377,2,7,,0,2,3,10,A01
202100047378,2,50,,1,0,1,26,B01
202100047378,1,38,1.0,0,2,7,24,A01
202100047379,1,7,,0,2,1,2,A01
202100047379,1,7,,0,2,4,2,B01
202100047379,1,7,,0,2,6,2,C01
202100047380,3,7,,0,2,1,16,A01
202100047380,2,7,,0,2,5,1,B01
202100047381,3,7,,0,2,1,0,A01
202100047381,3,7,,0,2,5,0,B01
202100047382,1,7,,0,2,4,23,B01
202100047382,1,30,,0,2,1,2,A01
202100047383,1,10,,0,2,6,23,C01
202100047383,1,7,,0,2,7,1,B01
202100047383,1,33,,0,2,3,3,A01
202100047384,1,7,,0,2,1,1,A01
202100047384,1,17,,0,2,5,1,B01
202100047385,2,7,,0,2,3,1,A01
202100047385,2,10,,0,2,2,1,B01
202100047386,2,80,,0,2,7,1,A01
202100047386,2,10,,0,2,8,22,B01
202100047387,2,7,,1,2,2,9,A01
202100047387,2,43,,0,2,3,3,B01
202100047388,3,7,,0,1,3,1,A01
202100047389,3,10,,0,1,3,15,A01
202100047390,1,7,,0,2,5,15,A01
202100047390,2,33,,0,2,3,1,B01
202100047391,3,7,,0,2,5,2,B01
202100047391,3,34,,0,2,3,2,A01
202100047392,1,1,,0,1,1,1,Z01
202100047393,2,50,,0,2,7,1,A01
202100047393,1,10,,0,2,1,1,B01
202100047394,3,10,,0,2,8,2,B01
202100047394,3,33,,0,2,7,3,A01
202100047395,2,43,,0,2,7,5,B01
202100047395,3,7,,0,2,3,10,A01
202100047396,2,1,,0,0,0,21,A01
202100047397,1,7,,0,2,3,10,A01
202100047397,1,30,,0,2,1,1,B01
202100047398,2,32,,0,2,1,1,B01
202100047398,2,7,,0,2,3,15,A01
202100047399,1,34,,0,2,5,1,A01
202100047399,1,7,,0,0,1,0,B01
202100047400,1,7,,0,2,7,1,A01
202100047400,1,1,,0,2,8,1,B01
202100047401,1,33,,0,2,4,2,B01
202100047401,1,7,,0,2,1,2,A01
202100047402,1,30,,0,2,4,0,B01
202100047402,1,7,,0,2,1,0,A01
202100047403,2,7,,0,2,3,15,B01
202100047403,2,33,,0,2,1,11,A01
202100047404,1,7,,0,1,6,20,A01
202100047405,2,7,,1,2,0,13,A01
202100047405,1,7,,0,2,1,23,B01
202100047406,-1,34,,0,2,1,1,B01
202100047406,-1,7,,0,2,5,9,A01
202100047407,0,33,,0,2,1,2,B01
202100047407,0,10,,0,2,1,11,A01
202100047408,1,32,,0,2,1,2,A01
202100047408,1,7,,0,2,6,26,B01
202100047409,1,32,,12,0,7,1,A01
202100047410,2,30,,0,2,1,17,A01
202100047410,2,10,,0,2,8,15,B01
202100047411,2,10,,0,1,4,20,A01
202100047412,1,32,,0,2,2,21,B01
202100047412,1,7,,0,2,4,4,A01
202100047413,2,7,,0,1,1,20,A01
202100047414,3,1,,0,1,1,25,A01
202100047415,1,31,,0,2,1,1,A01
202100047415,1,7,,0,2,0,1,B01
202100047415,1,7,,0,2,0,1,C01
202100047416,3,31,,0,2,8,19,A01
202100047416,3,31,,0,2,1,1,B01
202100047417,3,33,,2,0,1,6,A01
202100047418,1,33,,8,2,1,17,A01
202100047418,1,7,,0,2,3,15,B01
202100047419,1,7,,0,2,1,2,A01
202100047419,1,17,,0,0,4,2,B01
202100047420,2,7,,0,2,1,1,A01
202100047420,1,7,,0,0,8,9,B01
202100047421,2,31,,0,2,8,1,A01
202100047421,1,33,,0,2,1,19,B01
202100047422,0,7,,0,2,3,1,B01
202100047422,3,2,,0,2,1,15,A01
202100047423,2,7,,0,0,9,1,A01
202100047424,3,2,,2,0,1,1,A01
202100047425,2,7,,0,2,3,13,A01
202100047425,1,7,,0,2,8,1,B01
202100047426,1,21,,0,2,3,1,B01
202100047426,1,7,,0,9,9,17,A01
202100047427,2,7,,2,0,1,14,A01
202100047428,2,1,,0,0,0,0,B01
202100047428,1,7,,0,9,1,1,A01
202100047429,2,7,,0,2,1,1,B01
202100047429,2,7,,0,2,8,15,A01
202100047430,1,99,,6,2,4,17,A01
202100047430,1,99,,0,2,0,2,B01
202100047431,1,7,,0,0,9,1,A01
202100047432,1,7,,0,9,1,23,B01
202100047432,2,33,,0,2,1,1,A01
202100047433,1,7,,0,0,9,5,A01
202100047434,3,7,,0,2,1,16,A01
202100047434,3,1,,0,2,6,9,B01
202100047435,2,7,,3,0,3,6,A01
202100047436,1,7,,13,0,1,1,A01
202100047437,3,7,,0,9,8,26,A01
202100047437,3,50,,0,2,1,1,B01
202100047438,1,7,,14,0,5,1,A01
202100047439,2,7,,0,2,4,2,B01
202100047439,2,7,,0,0,4,2,A01
202100047439,2,7,,0,2,1,2,C01
202100047440,2,10,,0,2,1,1,B01
202100047440,1,7,,0,2,1,5,A01
202100047441,2,7,,0,2,2,2,A01
202100047441,2,7,,0,0,4,2,B01
202100047442,2,7,,13,0,3,14,A01
202100047443,0,36,,15,0,3,17,B01
202100047443,3,2,,0,0,8,13,A01
202100047444,3,7,,0,2,2,2,A01
202100047444,3,7,,0,1,3,11,B01
202100047445,1,7,,0,2,2,1,A01
202100047445,1,50,,0,2,8,15,B01
202100047446,2,7,,0,2,1,1,B01
202100047446,1,7,,0,2,7,13,A01
202100047447,1,7,,9,0,1,0,A01
202100047448,1,31,,0,2,3,2,A01
202100047448,1,7,,0,0,5,15,B01
202100047449,1,7,,0,2,4,2,B01
202100047449,1,2,,0,2,1,2,A01
202100047450,0,7,,0,2,2,13,A01
202100047450,0,7,,0,2,3,1,B01
202100047451,2,10,,0,2,8,1,A01
202100047451,1,14,,0,2,1,1,B01
202100047452,1,2,,0,0,8,1,A01
202100047453,2,7,,0,2,1,19,A01
202100047453,2,33,,0,2,8,1,B01
202100047454,2,7,,6,0,1,1,A01
202100047455,1,33,,13,0,0,0,A01
202100047456,1,7,,0,2,4,0,B01
202100047456,1,7,,0,2,1,26,A01
202100047457,2,15,,0,2,2,12,B01
202100047457,1,7,,0,2,6,1,A01
202100047458,1,7,,0,2,2,3,A01
202100047458,1,7,,0,2,6,1,B01
202100047459,1,7,,0,2,4,1,C01
202100047459,1,7,,0,2,4,2,B01
202100047459,1,7,,0,2,1,2,A01
202100047460,1,33,,16,0,8,0,A01
202100047461,2,43,,0,2,1,2,A01
202100047461,2,7,,0,2,4,2,B01
202100047462,1,7,,0,2,4,11,B01
202100047462,1,33,,0,2,1,3,A01
202100047463,1,7,,0,2,4,2,B01
202100047463,1,7,,0,2,1,1,A01
202100047464,1,7,,3,0,3,1,A01
202100047465,2,43,,0,2,1,2,A01
202100047465,2,7,,0,2,6,1,B01
202100047466,2,43,,0,2,1,3,B01
202100047466,2,10,,0,2,7,23,C01
202100047466,2,7,,0,2,7,12,A01
202100047467,1,2,,0,2,1,1,A01
202100047467,1,7,,0,2,4,1,B01
202100047468,2,2,,0,2,1,1,B01
202100047468,1,7,,0,9,2,17,A01
202100047469,3,7,,0,2,1,13,A01
202100047469,3,7,,0,2,1,1,B01
202100047470,1,7,,0,9,8,16,B01
202100047470,1,2,,0,2,8,18,A01
202100047471,2,7,,0,2,2,15,B01
202100047471,1,50,,0,2,1,1,A01
202100047472,2,7,,0,1,4,4,A01
202100047473,1,7,,0,2,7,16,A01
202100047473,1,2,,0,2,1,18,B01
202100047474,2,33,,12,0,8,15,A01
202100047475,1,30,,0,2,1,17,A01
202100047475,1,7,,0,2,8,15,B01
202100047476,1,7,,0,1,3,1,A01
202100047477,1,7,,0,2,3,17,A01
202100047477,2,7,,0,2,3,1,B01
202100047478,2,7,,0,2,2,1,C01
202100047478,1,7,,0,2,1,13,A01
202100047478,1,7,,0,2,3,0,B01
202100047479,2,10,,0,4,2,16,A01
202100047479,3,39,,0,2,3,19,B01
202100047480,0,7,,0,2,2,10,A01
202100047480,0,33,,0,2,1,1,B01
202100047481,0,10,,0,1,7,1,A01
202100047482,0,7,,0,2,1,0,B01
202100047482,0,7,,0,2,2,1,A01
202100047483,3,7,,0,1,4,20,A01
202100047484,1,1,,0,2,1,19,A01
202100047484,2,7,,0,2,2,16,B01
202100047485,0,7,,0,2,1,1,A01
202100047485,1,7,,0,2,4,2,B01
202100047486,2,7,,0,2,3,1,B01
202100047486,1,7,,0,2,1,13,A01
202100047487,2,7,,0,2,1,5,A01
202100047487,1,7,,0,2,5,1,B01
202100047488,1,7,,0,2,4,23,A01
202100047488,1,2,,0,2,1,1,B01
202100047489,3,34,,0,2,1,1,B01
202100047489,3,7,,0,2,5,19,A01
202100047490,2,30,,0,0,3,17,A01
202100047491,1,7,,0,2,2,15,A01
202100047491,2,7,,0,2,1,1,B01
202100047492,2,32,,0,2,6,15,A01
202100047492,2,7,,0,2,1,2,B01
202100047493,2,7,,0,2,2,15,A01
202100047493,1,1,,0,2,2,1,B01
202100047494,3,10,,0,2,1,26,A01
202100047494,3,2,,0,2,1,26,B01
202100047495,2,7,,0,2,3,1,D01
202100047495,1,7,,0,2,6,1,C01
202100047495,1,7,,0,2,8,1,B01
202100047495,1,7,,0,2,1,17,A01
202100047496,1,33,,16,0,8,15,A01
202100047497,2,7,,0,2,1,1,B01
202100047497,2,7,,0,2,1,1,C01
202100047497,2,7,,0,2,9,1,A01
202100047498,3,7,,0,0,0,14,A01
202100047499,2,7,,0,2,2,19,A01
202100047499,2,1,,1,2,1,1,B01
202100047500,3,7,,0,1,1,1,A01
202100047501,2,33,,0,2,1,1,A01
202100047501,1,7,,0,2,1,15,B01
202100047502,1,7,,0,2,5,15,A01
202100047502,2,43,,0,2,1,18,B01
202100047503,1,7,,0,2,2,1,A01
202100047503,1,99,,0,2,4,26,C01
202100047504,1,34,,0,2,1,17,A01
202100047504,1,10,,0,2,4,15,B01
202100047505,1,7,,0,1,2,20,Z01
202100047506,3,10,,0,2,4,26,A01
202100047506,3,21,,0,2,7,0,B01
202100047507,1,30,,0,2,7,15,A01
202100047507,0,7,,0,2,2,1,B01
202100047508,2,7,,0,2,7,19,A01
202100047508,1,7,,0,2,3,1,B01
202100047509,1,7,,0,2,7,14,A01
202100047509,1,30,,0,2,8,1,B01
202100047510,1,7,,0,2,1,1,A01
202100047510,1,7,,0,2,4,23,B01
202100047511,2,10,,0,1,3,1,A01
202100047512,0,1,,0,2,8,19,B01
202100047512,1,34,,0,2,1,1,A01
202100047513,2,7,,0,2,4,1,B01
202100047513,2,1,,0,2,1,2,A01
202100047514,3,10,,0,1,2,26,A01
202100047515,1,7,,0,1,5,1,A01
202100047516,1,7,,0,2,8,9,A01
202100047516,1,32,,0,2,8,1,B01
202100047517,1,10,,0,1,2,1,A01
202100047518,1,7,,0,2,4,2,B01
202100047518,1,7,,8,2,1,2,A01
202100047519,2,33,,0,0,8,3,A01
202100047520,1,7,,0,1,2,1,A01
202100047521,2,2,,0,2,0,17,B01
202100047521,1,7,,0,2,3,15,A01
202100047522,3,7,,0,1,5,1,A01
202100047523,1,7,,0,2,5,12,A01
202100047523,1,33,,0,2,1,1,B01
202100047524,1,7,,0,1,3,15,A01
202100047525,1,1,,0,2,1,1,B01
202100047525,1,7,,0,2,3,22,A01
202100047526,1,2,,0,2,1,1,B01
202100047526,1,7,,0,2,3,22,A01
202100047527,1,10,,0,2,3,10,A01
202100047527,1,33,,0,2,2,1,B01
202100047528,2,7,,0,2,1,15,Z01
202100047528,1,33,,0,2,8,1,A01
202100047529,3,10,,0,2,2,1,B01
202100047529,3,7,,0,2,3,11,A01
202100047530,1,7,,0,2,7,16,A01
202100047530,1,1,,0,2,1,1,B01
202100047531,1,33,,0,2,1,15,A01
202100047531,1,1,,0,2,3,1,B01
202100047532,2,34,,0,2,1,1,B01
202100047532,2,7,,0,2,2,16,A01
202100047533,1,10,,0,2,2,16,B01
202100047533,1,30,,0,2,8,18,A01
202100047534,1,10,,0,1,1,1,A01
202100047535,2,33,,0,1,1,1,A01
202100047536,1,50,,0,2,1,2,B01
202100047536,2,1,,0,2,1,5,A01
202100047537,1,32,,0,2,4,17,B01
202100047537,1,10,,0,2,3,15,A01
202100047538,1,10,,0,1,2,10,Z01
202100047539,0,14,,0,1,7,16,A01
202100047540,0,7,,7,2,1,1,B01
202100047540,3,7,,0,2,2,15,A01
202100047541,2,2,,0,0,2,1,B01
202100047541,1,3,,0,2,0,15,A01
202100047542,2,7,,0,2,1,15,A01
202100047542,1,30,,0,2,3,1,B01
202100047543,2,7,,0,2,3,15,A01
202100047543,2,7,,1,2,5,1,B01
202100047544,1,34,,0,1,2,21,A01
202100047545,1,1,,0,0,0,1,A01
202100047546,3,1,,0,2,3,19,A01
202100047546,2,60,,0,2,1,1,B01
202100047547,1,7,,0,2,7,13,A01
202100047547,2,17,,0,2,1,1,B01
202100047548,2,7,,13,0,1,2,A01
202100047549,2,7,,2,0,9,21,A01
202100047550,3,7,,2,0,3,1,A01
202100047551,1,7,,2,0,1,1,A01
202100047552,1,7,,0,2,1,17,A01
202100047552,1,7,,0,2,3,1,B01
202100047552,2,7,,0,2,1,1,C01
202100047553,1,33,,6,0,0,1,A01
202100047554,2,7,,0,2,1,5,A01
202100047554,1,33,,0,2,3,1,B01
202100047555,2,7,,16,0,2,1,A01
202100047556,2,7,,13,0,3,13,A01
202100047557,2,7,,0,1,3,1,A01
202100047558,2,7,,0,0,4,23,C01
202100047558,2,7,,0,2,4,23,B01
202100047558,2,7,,0,2,1,1,A01
202100047559,1,7,,13,0,1,1,A01
202100047560,1,7,,0,2,1,2,A01
202100047560,1,7,,15,2,4,1,B01
202100047560,2,7,,0,2,1,1,C01
202100047561,1,2,,0,2,1,1,B01
202100047561,2,7,,0,2,3,1,A01
202100047562,3,7,,0,2,8,19,B01
202100047562,2,33,,0,2,1,1,A01
202100047563,1,7,,0,2,1,1,A01
202100047563,2,14,,0,2,1,1,B01
202100047564,1,7,,7,0,3,26,A01
202100047565,2,7,,0,5,1,1,A01
202100047566,1,7,,0,2,1,17,A01
202100047566,2,7,,0,2,1,1,B01
202100047567,1,7,,0,2,1,1,B01
202100047567,2,2,,0,1,1,17,A01
202100047568,1,15,,6,0,2,1,A01
202100047569,2,7,,0,2,6,11,A01
202100047569,2,7,,0,2,2,1,B01
202100047570,1,10,,0,2,2,24,B01
202100047570,2,10,,1,1,3,13,A01
202100047571,1,7,,0,0,4,1,C01
202100047571,1,7,,0,0,1,1,B01
202100047571,1,7,,0,0,4,1,A01
202100047572,1,33,,0,2,1,17,B01
202100047572,1,7,,0,2,3,13,A01
202100047573,0,10,,0,0,3,15,A01
202100047573,0,2,,0,0,1,0,B01
202100047574,3,2,,0,2,7,0,A01
202100047574,3,7,,0,2,0,0,B01
202100047575,3,7,,6,0,1,1,A01
202100047576,1,7,,0,2,3,1,B01
202100047576,2,33,,0,2,1,13,A01
202100047577,2,13,,0,2,1,1,A01
202100047577,1,14,,0,2,1,1,B01
202100047578,1,7,,0,2,3,1,B01
202100047578,2,7,,0,2,3,13,A01
202100047579,0,7,,13,0,2,1,A01
202100047580,1,10,,0,1,4,4,A01
202100047581,1,7,,0,2,3,17,B01
202100047581,1,37,1.0,0,2,8,1,C01
202100047581,2,7,,0,2,3,1,A01
202100047582,1,7,,0,2,4,1,A01
202100047582,1,7,,0,2,1,11,B01
202100047583,1,7,,0,2,4,1,B01
202100047583,1,7,,0,2,1,2,A01
202100047584,1,7,,0,2,7,17,A01
202100047584,1,37,1.0,0,2,8,1,B01
202100047585,1,7,,0,2,4,1,A01
202100047585,1,7,,0,2,3,12,B01
202100047586,1,7,,0,2,4,23,A01
202100047586,1,7,,0,2,4,23,B01
202100047586,1,7,,0,2,1,2,C01
202100047587,1,7,,0,2,2,1,B01
202100047587,1,7,,0,2,1,1,A01
202100047588,1,33,,0,2,9,3,B01
202100047588,1,7,,0,2,7,12,C01
202100047588,1,10,,0,2,6,1,A01
202100047589,1,7,,0,2,4,2,D01
202100047589,1,7,,0,2,4,2,C01
202100047589,1,7,,0,2,4,2,B01
202100047589,1,10,,0,2,1,2,A01
202100047590,1,15,,0,0,0,0,A01
202100047590,1,7,,0,2,0,1,B01
202100047590,1,7,,0,2,7,1,C01
202100047591,1,7,,0,0,1,2,A01
202100047592,2,7,,4,0,1,2,A01
202100047593,1,7,,0,2,1,2,A01
202100047593,1,7,,0,2,4,23,B01
202100047594,2,7,,0,2,1,12,D01
202100047594,2,7,,0,2,9,12,C01
202100047594,2,15,,0,2,4,1,A01
202100047594,2,7,,0,2,9,1,B01
202100047595,1,7,,0,2,1,1,B01
202100047595,1,7,,0,2,4,1,A01
202100047596,2,7,,0,2,6,15,B01
202100047596,1,7,,0,2,3,1,A01
202100047597,1,7,,0,2,2,1,A01
202100047597,2,30,,0,2,1,13,B01
202100047598,1,50,,0,2,8,1,A01
202100047598,2,7,,0,2,1,15,B01
202100047599,1,7,,0,1,3,1,A01
202100047600,3,7,,0,2,1,1,B01
202100047600,3,7,,0,2,7,10,A01
202100047601,1,7,,8,2,1,1,A01
202100047601,1,7,,0,2,6,1,B01
202100047602,1,30,,1,0,1,2,B01
202100047602,1,7,,1,0,4,20,A01
202100047603,2,7,,0,2,3,10,A01
202100047603,2,2,,0,2,2,17,B01
202100047604,2,7,,12,9,1,14,A01
202100047605,1,7,,0,2,1,17,A01
202100047605,2,7,,0,2,1,26,B01
202100047606,2,7,,0,2,3,1,A01
202100047606,2,10,,0,2,8,15,B01
202100047607,1,7,,0,2,1,1,A01
202100047607,1,7,,0,2,8,1,B01
202100047608,1,7,,0,2,7,15,A01
202100047608,1,30,,0,2,2,1,B01
202100047609,1,80,,0,0,0,0,A01
202100047610,2,1,,0,0,8,1,A01
202100047611,2,7,,0,2,1,1,B01
202100047611,2,7,,0,2,1,15,A01
202100047612,0,7,,0,1,1,16,A01
202100047613,1,7,,0,2,1,1,B01
202100047613,2,7,,0,2,1,15,A01
202100047614,1,31,,0,2,3,17,A01
202100047614,1,7,,0,2,8,15,B01
202100047615,3,10,,0,2,8,19,B01
202100047615,3,7,,0,2,1,13,A01
202100047616,1,7,,0,1,2,1,A01
202100047617,1,7,,0,2,7,1,B01
202100047617,1,7,,0,2,1,9,A01
202100047618,1,7,,0,2,1,1,A01
202100047618,2,7,,0,2,7,15,B01
202100047619,1,30,,0,1,1,17,A01
202100047620,1,7,,0,1,2,15,A01
202100047621,2,7,,0,2,8,15,B01
202100047621,2,2,,0,2,1,17,A01
202100047622,1,33,,0,2,7,15,B01
202100047622,3,99,,0,2,1,15,A01
202100047623,2,50,,0,2,8,1,B01
202100047623,2,7,,0,2,1,16,A01
202100047624,1,7,,0,2,1,1,B01
202100047624,1,7,,0,2,2,15,A01
202100047625,1,7,,0,1,2,1,A01
202100047626,1,30,,0,2,-1,-1,B01
202100047626,1,7,,0,2,3,1,A01
202100047627,1,7,,0,1,8,1,B01
202100047628,3,7,,0,2,3,0,D01
202100047628,2,7,,0,2,2,12,Z01
202100047628,2,32,,0,2,3,9,B01
202100047628,3,7,,0,2,4,0,C01
202100047629,2,10,,0,2,3,9,A01
202100047629,2,1,,0,2,1,1,B01
202100047630,2,7,,0,2,3,1,A01
202100047630,1,1,,0,2,1,1,B01
202100047631,1,7,,0,1,3,14,A01
202100047632,0,7,,0,2,3,1,B01
202100047632,0,7,,0,2,1,13,A01
202100047633,2,7,,0,1,1,1,A01
202100047634,1,7,,13,0,0,1,A01
202100047635,1,7,,0,2,1,1,A01
202100047635,1,7,,0,2,4,1,B01
202100047636,1,0,,0,0,0,26,A01
202100047637,2,30,,0,2,1,17,A01
202100047637,2,7,,0,2,8,15,B01
202100047638,0,7,,0,2,5,16,B01
202100047638,3,3,,0,2,3,1,A01
202100047639,3,7,,0,2,6,13,A01
202100047639,3,7,,0,2,3,26,B01