Num_Acc,senc,catv,occutc,obs,obsm,choc,manv,num_veh
202100047640,3,33,,0,2,8,11,A01
202100047640,3,7,,0,2,7,1,B01
202100047641,2,32,,0,1,1,1,A01
202100047642,1,1,,0,0,0,0,A01
202100047643,2,7,,0,0,6,1,C01
202100047643,2,7,,0,2,9,1,B01
202100047643,2,7,,0,2,1,1,A01
202100047644,3,7,,0,2,2,10,B01
202100047644,3,34,,0,2,1,1,A01
202100047645,2,7,,0,2,2,15,A01
202100047645,1,33,,0,2,1,1,B01
202100047646,2,43,,0,2,1,3,A01
202100047646,2,7,,0,2,5,12,B01
202100047647,1,7,,0,2,4,1,B01
202100047647,1,7,,0,2,1,1,A01
202100047648,1,17,,0,2,6,13,A01
202100047648,1,33,,0,2,7,3,B01
202100047649,2,10,,0,2,5,15,A01
202100047649,1,33,,0,2,8,1,B01
202100047650,1,7,,0,1,1,15,A01
202100047651,3,7,,0,2,8,10,A01
202100047651,3,33,,0,2,2,17,B01
202100047652,2,1,,0,0,3,15,A01
202100047653,2,1,,0,2,5,1,B01
202100047653,2,7,,0,2,7,14,A01
202100047654,1,33,,0,2,0,23,B01
202100047654,1,7,,0,2,2,1,A01
202100047655,2,7,,1,2,2,1,A01
202100047655,2,7,,1,2,3,1,B01
202100047656,2,7,,0,2,5,1,B01
202100047656,2,1,,0,2,5,2,A01
202100047657,1,10,,0,2,1,15,A01
202100047657,2,31,,0,2,8,1,B01
202100047658,1,7,,0,2,0,0,C01
202100047658,1,7,,0,2,1,15,A01
202100047658,2,7,,0,2,1,2,B01
202100047659,2,7,,1,2,1,20,B01
202100047659,1,34,,1,2,1,1,A01
202100047660,2,7,,0,2,1,10,A01
202100047660,1,1,,0,2,1,13,B01
202100047661,1,7,,0,2,3,1,A01
202100047661,2,7,,0,2,3,15,B01
202100047662,0,30,,0,2,7,26,A01
202100047662,0,13,,0,2,1,16,B01
202100047663,2,7,,0,2,6,9,B01
202100047663,1,34,,0,2,8,1,A01
202100047664,2,32,,0,2,0,9,B01
202100047664,1,31,,0,2,0,9,A01
202100047665,1,30,,0,2,0,0,B01
202100047665,1,10,,0,2,3,10,A01
202100047666,3,7,,0,1,1,16,A01
202100047667,1,33,,0,2,2,1,A01
202100047667,2,1,,0,2,3,11,B01
202100047668,1,7,,0,1,1,9,A01
202100047669,3,10,,0,1,4,4,A01
202100047670,3,33,,0,0,0,1,A01
202100047671,1,10,,0,9,8,1,B01
202100047671,1,15,,0,1,0,1,A01
202100047672,2,17,,3,0,2,1,A01
202100047673,3,7,,0,2,3,15,A01
202100047673,3,2,,0,2,1,3,B01
202100047674,1,7,,13,0,0,13,A01
202100047675,2,7,,6,2,2,17,A01
202100047675,2,32,,0,2,1,1,B01
202100047676,1,7,,0,0,6,4,A01
202100047677,2,33,,0,0,1,23,B01
202100047677,1,7,,0,2,3,17,A01
202100047678,1,7,,17,0,1,1,A01
202100047679,2,10,,13,0,2,1,A01
202100047680,3,2,,0,0,1,1,A01
202100047680,3,7,,0,0,5,23,B01
202100047681,2,10,,0,2,3,1,B01
202100047681,1,7,,0,2,3,13,A01
202100047682,2,7,,2,0,2,21,A01
202100047683,2,7,,0,1,1,15,A01
202100047684,2,7,,0,2,3,2,C01
202100047684,2,7,,0,2,6,2,B01
202100047684,1,7,,0,2,1,13,A01
202100047685,2,7,,13,0,1,1,A01
202100047686,1,7,,0,2,3,1,A01
202100047686,3,50,,0,2,2,19,B01
202100047687,3,10,,0,2,6,4,A01
202100047687,3,7,,0,0,2,23,B01
202100047688,2,7,,16,0,1,26,A01
202100047689,2,7,,6,0,2,0,A01
202100047690,1,1,,0,2,0,26,B01
202100047690,1,1,,0,2,0,1,A01
202100047691,1,32,,14,0,1,14,A01
202100047692,2,7,,3,2,6,9,A01
202100047692,2,14,,0,2,2,1,B01
202100047692,2,34,,0,2,7,17,C01
202100047693,2,7,,0,0,1,13,A01
202100047694,1,15,,0,2,4,23,D01
202100047694,1,10,,0,2,1,1,C01
202100047694,1,10,,1,2,1,1,B01
202100047694,1,7,,0,2,1,1,A01
202100047695,1,7,,0,2,4,1,B01
202100047695,1,10,,0,2,4,1,C01
202100047695,1,10,,0,2,1,1,A01
202100047696,1,7,,0,2,4,1,C01
202100047696,1,7,,0,2,1,1,A01
202100047696,1,7,,0,2,4,1,B01
202100047697,2,7,,0,2,3,1,C01
202100047697,2,7,,0,2,4,1,B01
202100047697,2,33,,0,2,1,1,A01
202100047698,1,7,,0,2,4,0,B01
202100047698,1,10,,0,2,1,2,A01
202100047699,2,17,,0,2,1,11,A01
202100047699,2,7,,0,2,0,2,B01
202100047699,2,7,,0,2,1,2,C01
202100047699,2,10,,0,2,1,2,D01
202100047700,2,7,,0,2,7,2,A01
202100047700,2,7,,0,2,7,1,B01
202100047701,2,7,,0,2,5,2,B01
202100047701,2,10,,0,2,3,1,A01
202100047702,2,7,,0,2,4,2,C01
202100047702,2,33,,0,2,1,3,B01
202100047702,2,10,,0,2,2,12,A01
202100047703,2,7,,0,2,2,2,A01
202100047703,2,32,,0,2,8,0,B01
202100047704,1,1,,0,2,4,13,B01
202100047704,1,10,,0,2,1,2,A01
202100047705,1,7,,0,1,1,1,A01
202100047706,2,7,,0,9,7,2,B01
202100047706,1,2,,0,2,1,26,A01
202100047707,1,2,,0,2,7,1,B01
202100047707,1,7,,0,2,1,15,A01
202100047708,1,10,,0,2,8,15,A01
202100047708,1,2,,0,2,1,3,B01
202100047709,3,1,,0,2,3,1,B01
202100047709,3,7,,0,2,2,9,Z01
202100047710,2,7,,0,2,2,15,A01
202100047710,1,32,,0,2,1,1,B01
202100047711,1,7,,0,2,0,1,A01
202100047711,1,1,,0,2,0,7,B01
202100047712,2,10,,0,2,3,15,A01
202100047712,2,43,,0,2,2,17,B01
202100047713,1,7,,2,2,9,17,A01
202100047713,1,14,,0,2,3,15,B01
202100047714,1,7,,0,2,7,15,A01
202100047714,2,33,,0,2,1,1,B01
202100047715,2,7,,1,0,2,1,A01
202100047716,2,2,,0,2,1,2,A01
202100047716,0,7,,0,2,4,2,B01
202100047717,3,3,,0,0,4,23,B01
202100047717,3,7,,0,2,1,16,A01
202100047718,0,7,,0,2,0,1,A01
202100047718,0,7,,0,2,0,0,B01
202100047719,0,7,,0,2,1,1,B01
202100047719,0,1,,0,2,1,15,A01
202100047720,3,7,,0,1,2,2,A01
202100047721,2,7,,0,1,2,16,A01
202100047722,2,10,,0,2,1,2,A01
202100047722,2,7,,0,2,6,2,B01
202100047723,1,10,,0,1,1,1,A01
202100047724,1,1,,0,2,1,1,B01
202100047724,1,7,,0,2,7,16,A01
202100047725,1,30,,0,2,1,2,A01
202100047725,1,7,,0,2,4,2,B01
202100047726,2,1,,0,2,4,2,B01
202100047726,2,7,,0,2,2,9,A01
202100047727,3,7,,0,2,2,15,A01
202100047727,2,7,,0,2,1,1,B01
202100047728,1,7,,0,1,1,1,Z01
202100047729,1,32,,0,2,1,17,B01
202100047729,1,10,,0,2,8,23,A01
202100047730,1,7,,0,2,2,15,A01
202100047730,1,7,,0,2,1,1,B01
202100047731,1,7,,0,1,2,14,A01
202100047732,1,30,,0,0,3,26,A01
202100047733,1,7,,0,2,1,1,B01
202100047733,1,10,,0,2,8,13,A01
202100047734,2,43,,0,2,3,1,B01
202100047734,2,10,,0,2,1,19,A01
202100047735,2,33,,0,0,8,1,A01
202100047736,1,7,,6,0,1,19,A01
202100047737,0,7,,0,2,3,15,A01
202100047737,3,80,,0,2,1,0,B01
202100047738,0,7,,0,2,1,9,A01
202100047738,1,1,,0,0,0,0,B01
202100047739,1,7,,0,1,3,1,A01
202100047740,1,7,,0,2,1,1,B01
202100047740,1,7,,0,2,7,1,A01
202100047741,3,7,,0,1,2,1,A01
202100047741,3,1,,0,0,0,0,Y01
202100047742,2,7,,0,2,4,1,A01
202100047742,2,7,,0,2,1,2,B01
202100047743,2,1,,0,2,1,1,B01
202100047743,2,7,,0,2,7,16,A01
202100047744,2,7,,4,0,1,1,A01
202100047745,0,7,,0,2,3,9,A01
202100047745,3,33,,0,2,7,1,B01
202100047746,1,7,,15,0,1,14,A01
202100047747,1,7,,0,1,1,1,A01
202100047748,1,32,,0,2,1,1,B01
202100047748,2,7,,0,2,5,15,A01
202100047749,3,32,,0,2,0,1,B01
202100047749,3,30,,0,2,0,0,A01
202100047750,1,7,,0,2,1,2,A01
202100047750,1,7,,0,2,4,2,B01
202100047751,1,7,,0,2,1,1,A01
202100047751,1,7,,0,2,4,1,C01
202100047751,1,7,,0,2,4,1,B01
202100047752,2,7,,0,1,3,1,A01
202100047753,1,33,,0,2,1,1,B01
202100047753,2,10,,0,2,7,10,A01
202100047754,1,7,,0,2,4,9,A01
202100047754,1,7,,0,2,1,2,B01
202100047755,1,7,,0,1,1,0,A01
202100047756,2,7,,3,2,2,2,A01
202100047756,2,7,,3,2,8,11,B01
202100047757,1,7,,0,2,6,15,A01
202100047757,1,2,,0,2,1,1,B01
202100047758,1,30,,0,2,1,17,A01
202100047758,1,7,,0,2,4,1,B01
202100047759,2,1,,0,1,0,0,A01
202100047760,1,7,,0,2,1,1,B01
202100047760,2,7,,0,2,7,1,A01
202100047761,3,7,,0,2,1,1,B01
202100047761,3,7,,1,2,7,1,A01
202100047762,1,15,,0,2,3,1,B01
202100047762,1,7,,0,2,4,19,A01
202100047763,1,7,,0,2,2,11,B01
202100047763,1,10,,0,2,6,11,A01
202100047764,1,7,,0,2,6,1,A01
202100047764,1,33,,0,2,1,1,B01
202100047765,1,10,,0,1,1,1,A01
202100047766,1,10,,0,2,1,2,B01
202100047766,0,7,,0,2,8,10,A01
202100047767,1,7,,0,1,2,16,A01
202100047768,0,2,,0,2,1,1,B01
202100047768,0,7,,0,2,3,16,A01
202100047769,2,7,,1,0,1,14,A01
202100047770,2,1,,0,0,0,0,A01
202100047771,1,7,,8,0,2,1,A01
202100047772,1,7,,0,1,3,1,A01
202100047773,1,7,,0,2,1,15,A01
202100047773,2,7,,0,2,1,1,B01
202100047774,2,7,,9,0,1,1,A01
202100047775,1,30,,0,2,1,1,A01
202100047775,2,7,,0,2,3,15,B01
202100047776,2,32,,0,2,1,1,A01
202100047777,1,7,,0,1,2,1,A01
202100047778,2,14,,0,2,2,1,A01
202100047778,2,7,,0,2,0,0,C01
202100047778,1,3,,0,2,3,15,B01
202100047779,1,7,,0,2,1,16,A01
202100047779,2,1,,0,2,2,1,B01
202100047780,2,7,,0,2,0,21,B01
202100047780,1,2,,0,2,0,25,A01
202100047781,1,7,,0,2,3,15,A01
202100047781,2,2,,0,2,1,1,B01
202100047782,1,7,,0,2,1,1,A01
202100047782,1,7,,0,2,4,1,B01
202100047783,1,7,,0,2,2,1,B01
202100047783,1,7,,0,2,1,1,A01
202100047784,2,2,,0,2,1,1,B01
202100047784,3,7,,0,2,3,9,A01
202100047785,1,7,,0,2,1,1,A01
202100047785,2,7,,0,2,4,2,B01
202100047786,2,7,,0,1,2,0,A01
202100047787,2,7,,0,2,1,15,B01
202100047787,3,14,,0,2,3,1,A01
202100047788,1,30,,14,0,1,13,A01
202100047789,3,7,,0,9,2,16,B01
202100047789,3,50,,0,2,1,26,A01
202100047790,0,7,,0,1,6,26,A01
202100047791,3,7,,0,2,1,1,B01
202100047791,3,33,,0,2,2,1,A01
202100047792,1,33,,0,0,0,14,A01
202100047793,3,7,,0,1,2,1,A01
202100047794,3,17,,0,1,4,20,A01
202100047795,2,7,,0,1,1,15,A01
202100047796,3,7,,0,2,7,15,A01
202100047796,3,7,,0,2,1,1,B01
202100047797,2,1,,12,0,0,0,A01
202100047798,2,31,,0,2,7,1,B01
202100047798,1,10,,0,2,2,19,A01
202100047799,2,7,,0,2,1,1,B01
202100047799,1,7,,0,2,1,15,A01
202100047800,1,7,,0,2,3,24,A01
202100047800,1,7,,1,0,2,1,B01
202100047801,1,10,,0,1,8,17,A01
202100047802,1,7,,0,2,0,2,B01
202100047802,1,7,,0,2,2,2,A01
202100047803,3,30,,0,1,1,1,A01
202100047804,1,1,,0,2,8,1,B01
202100047804,2,7,,0,2,2,15,A01
202100047805,2,7,,0,2,1,24,C01
202100047805,1,7,,0,2,1,1,B01
202100047805,1,7,,0,2,2,15,A01
202100047806,3,7,,0,2,2,9,B01
202100047806,2,2,,0,2,7,1,A01
202100047807,2,7,,0,1,7,1,A01
202100047808,1,10,,0,2,1,1,A01
202100047808,1,7,,0,2,4,1,B01
202100047809,1,7,,0,2,2,1,B01
202100047809,2,30,,0,2,0,5,A01
202100047810,2,7,,0,1,4,4,A01
202100047811,3,7,,1,2,6,9,A01
202100047811,3,10,,1,2,1,17,B01
202100047812,2,32,,0,2,1,1,B01
202100047812,1,7,,0,2,3,15,A01
202100047813,2,43,,0,2,1,1,A01
202100047813,2,7,,0,2,3,15,B01
202100047814,2,7,,0,2,3,1,B01
202100047814,1,7,,0,2,3,13,A01
202100047815,1,7,,2,0,1,14,A01
202100047816,1,7,,0,2,1,1,A01
202100047816,2,7,,0,2,1,1,B01
202100047817,3,43,,0,2,1,1,B01
202100047817,3,7,,0,2,2,15,A01
202100047818,2,7,,0,1,3,1,A01
202100047819,1,7,,0,2,3,15,A01
202100047819,1,2,,0,2,1,15,B01
202100047820,2,7,,0,2,3,15,A01
202100047820,1,43,,0,2,1,17,B01
202100047821,2,7,,0,1,2,2,A01
202100047822,1,30,,1,2,1,18,A01
202100047822,1,7,,0,2,1,20,B01
202100047823,1,7,,0,2,3,1,C01
202100047823,2,7,,0,2,6,16,B01
202100047823,2,30,,0,2,1,17,A01
202100047824,1,10,,0,2,1,2,A01
202100047824,1,7,,0,2,4,23,B01
202100047825,1,33,,0,2,1,1,B01
202100047825,1,7,,0,2,6,11,A01
202100047826,1,7,,0,1,3,15,A01
202100047827,1,30,,0,0,0,1,A01
202100047828,1,7,,0,2,1,1,A01
202100047828,2,43,,0,2,8,9,B01
202100047829,1,10,,0,1,1,15,A01
202100047830,2,32,,0,2,1,1,B01
202100047830,1,7,,0,2,5,10,A01
202100047831,2,7,,0,1,2,1,A01
202100047832,1,33,,0,1,1,1,A01
202100047833,2,60,,12,0,1,14,A01
202100047834,1,7,,14,2,6,17,A01
202100047834,3,7,,1,2,1,15,B01
202100047835,2,7,,0,2,4,2,A01
202100047835,2,7,,0,2,1,2,B01
202100047836,2,32,,0,1,1,13,A01
202100047837,2,30,,0,2,1,0,B01
202100047837,2,10,,0,2,4,26,A01
202100047838,1,7,,0,1,1,15,A01
202100047839,3,0,,0,1,7,0,B01
202100047840,3,7,,0,2,8,1,B01
202100047840,3,30,,0,2,2,3,A01
202100047841,3,7,,0,2,8,15,A01
202100047841,3,10,,0,2,2,1,B01
202100047842,0,7,,0,2,1,23,B01
202100047842,0,7,,0,2,3,1,A01
202100047843,2,33,,0,2,1,1,A01
202100047843,1,7,,0,2,2,15,B01
202100047844,1,1,,0,2,1,1,B01
202100047844,2,7,,0,9,7,1,A01
202100047845,1,80,,0,2,1,1,B01
202100047845,1,7,,0,2,3,15,A01
202100047846,1,30,,0,2,7,17,A01
202100047846,1,7,,0,2,8,15,B01
202100047847,2,33,,0,2,1,1,B01
202100047847,1,7,,0,2,5,10,A01
202100047848,2,2,,0,2,1,2,A01
202100047848,2,33,,0,2,4,1,B01
202100047849,1,7,,0,2,3,9,A01
202100047849,3,50,,0,2,2,9,B01
202100047850,0,7,,0,1,1,9,A01
202100047851,3,99,,0,2,1,19,B01
202100047851,3,7,,0,2,1,1,A01
202100047852,2,7,,10,0,2,6,A01
202100047853,1,31,,0,0,0,2,A01
202100047854,1,7,,0,2,3,1,C01
202100047854,1,7,,0,2,1,1,B01
202100047854,1,7,,0,2,1,5,A01
202100047855,3,2,,1,0,1,1,A01
202100047856,0,31,,0,0,0,21,A01
202100047857,1,7,,0,2,1,1,A01
202100047857,0,7,,0,2,7,19,B01
202100047858,0,7,,0,2,2,11,A01
202100047858,2,7,,0,2,2,1,B01
202100047859,3,32,,0,0,0,1,A01
202100047860,2,7,,15,0,8,1,B01
202100047860,1,7,,0,2,7,1,A01
202100047861,2,7,,0,0,9,1,A01
202100047862,1,7,,0,2,1,13,A01
202100047862,2,10,,0,2,1,1,B01
202100047863,0,7,,0,0,6,0,B01
202100047863,0,33,,0,2,1,0,A01
202100047864,1,34,,0,2,8,1,A01
202100047864,2,10,,0,2,6,9,B01
202100047865,2,10,,0,2,3,13,A01
202100047865,1,37,1.0,0,2,3,26,B01
202100047866,1,7,,0,2,1,1,B01
202100047866,2,7,,0,2,3,5,A01
202100047867,2,7,,0,1,7,1,A01
202100047868,2,14,,0,2,1,1,B01
202100047868,1,7,,0,2,1,0,A01
202100047869,1,1,,0,2,1,1,B01
202100047869,1,1,,0,2,4,1,A01
202100047870,1,1,,0,2,1,1,A01
202100047870,2,7,,0,0,7,15,B01
202100047871,2,15,,0,0,0,1,A01
202100047871,1,7,,0,9,1,1,C01
202100047871,1,7,,0,9,6,1,B01
202100047872,2,7,,0,0,0,17,A01
202100047872,1,7,,3,9,3,13,B01
202100047872,2,1,,0,2,0,1,K01
202100047872,2,1,,0,9,0,1,L01
202100047872,2,1,,0,9,0,1,M01
202100047872,2,1,,0,9,0,1,O01
202100047872,2,1,,0,0,0,1,P01
202100047872,2,1,,0,9,0,1,Q01
202100047872,2,1,,0,0,0,1,R01
202100047872,2,1,,0,0,0,1,S01
202100047872,2,1,,0,0,0,1,T01
202100047872,2,1,,0,0,0,1,C01
202100047872,2,1,,0,2,0,1,D01
202100047872,2,1,,0,2,0,1,E01
202100047872,2,1,,0,2,0,1,F01
202100047872,2,1,,0,2,0,1,G01
202100047872,2,1,,0,2,1,1,H01
202100047872,2,1,,0,2,1,0,I01
202100047872,2,1,,0,2,1,0,J01
202100047872,2,1,,0,9,0,1,N01
202100047873,2,7,,1,0,1,2,B01
202100047874,2,7,,0,2,2,0,B01
202100047874,1,7,,0,2,2,13,A01
202100047875,1,33,,0,0,8,1,A01
202100047876,2,7,,3,2,2,17,A01
202100047876,1,7,,0,2,2,1,B01
202100047877,1,2,,0,2,3,1,A01
202100047877,2,7,,0,2,2,15,B01
202100047878,2,7,,2,0,1,14,A01
202100047879,2,33,,8,0,1,1,A01
202100047880,2,7,,7,2,3,2,B01
202100047880,1,7,,7,2,2,2,A01
202100047881,3,2,,0,2,1,13,A01
202100047881,3,7,,0,2,3,1,B01
202100047882,2,34,,0,0,2,2,B01
202100047882,0,7,,0,2,1,9,A01
202100047883,2,7,,0,2,1,13,A01
202100047883,1,7,,0,2,1,1,B01
202100047884,2,10,,0,2,4,1,A01
202100047884,2,7,,0,2,1,2,B01
202100047885,2,31,,14,0,3,1,A01
202100047886,1,43,,0,0,0,26,A01
202100047886,1,7,,0,0,0,0,B01
202100047886,1,7,,0,0,0,0,C01
202100047887,1,7,,4,0,1,14,A01
202100047888,1,7,,0,2,8,11,A01
202100047888,1,15,,0,2,2,1,B01
202100047889,2,10,,0,2,1,2,C01
202100047889,2,34,,0,2,1,2,A01
202100047889,2,7,,0,2,4,2,B01
202100047890,1,7,,0,2,1,1,A01
202100047890,1,7,,0,2,4,2,B01
202100047891,2,7,,3,0,1,13,A01
202100047892,1,7,,0,2,2,17,A01
202100047892,1,7,,0,2,3,26,B01
202100047893,2,7,,0,2,3,2,D01
202100047893,2,33,,0,2,1,2,C01
202100047893,2,7,,0,2,6,13,B01
202100047893,2,14,,0,2,2,2,A01
202100047894,2,31,,0,1,7,1,A01
202100047895,2,30,,0,1,1,1,A01
202100047896,3,7,,0,2,5,1,A01
202100047896,3,7,,0,2,1,1,B01
202100047897,1,2,,0,2,1,2,A01
202100047897,1,7,,0,2,4,15,B01
202100047898,1,7,,0,2,7,16,B01
202100047898,1,2,,0,2,1,9,A01
202100047899,2,7,,1,0,1,1,A01
202100047899,1,7,,1,2,4,0,B01
202100047899,2,7,,0,2,0,0,C01
202100047900,2,13,,0,2,1,1,A01
202100047900,2,7,,0,2,3,16,B01
202100047901,2,7,,8,0,1,1,A01
202100047902,2,7,,8,0,3,17,A01
202100047903,2,7,,4,0,1,13,A01
202100047904,1,7,,0,2,3,1,B01
202100047904,2,7,,0,2,6,19,A01
202100047905,1,7,,0,2,3,9,A01
202100047905,2,33,,0,2,7,2,B01
202100047906,2,2,,0,0,0,0,A01
202100047907,1,7,,0,2,1,1,B01
202100047907,1,7,,0,2,4,9,A01
202100047908,2,7,,0,2,4,23,Z01
202100047908,2,7,,0,2,1,1,A01
202100047909,2,7,,0,9,3,23,C01
202100047909,2,7,,0,2,3,15,A01
202100047909,1,34,,14,2,1,1,B01
202100047910,3,7,,0,1,2,1,A01
202100047911,0,7,,0,1,4,4,A01
202100047912,2,7,,0,1,1,15,A01
202100047913,1,7,,0,2,2,17,A01
202100047913,1,15,,0,2,3,1,B01
202100047914,2,7,,0,2,1,2,A01
202100047914,2,7,,0,2,4,2,B01
202100047914,2,7,,0,2,4,2,C01
202100047914,2,7,,0,2,4,2,D01
202100047914,2,7,,0,2,4,2,E01
202100047915,1,17,,0,2,7,0,A01
202100047915,1,7,,0,2,8,0,B01
202100047916,3,7,,0,2,1,9,A01
202100047916,3,7,,0,2,8,1,B01
202100047917,2,7,,0,2,1,19,A01
202100047917,1,7,,0,2,8,1,B01
202100047918,2,7,,0,1,1,1,A01
202100047919,2,7,,6,0,2,14,A01
202100047920,1,7,,8,0,1,13,A01
202100047921,2,7,,0,2,1,1,A01
202100047921,2,30,,0,0,4,23,B01
202100047922,2,7,,0,1,8,1,A01
202100047923,1,7,,0,2,1,26,A01
202100047923,1,37,1.0,0,2,4,2,B01
202100047924,3,33,,13,0,1,1,A01
202100047925,2,7,,0,2,6,1,B01
202100047925,2,33,,0,2,1,2,A01
202100047926,3,7,,13,0,3,1,A01
202100047927,1,7,,0,2,4,2,A01
202100047927,1,7,,0,2,1,2,B01
202100047928,1,7,,0,2,6,10,A01
202100047928,2,7,,0,2,1,1,B01
202100047929,2,7,,0,2,3,1,B01
202100047929,1,14,,13,2,3,1,A01
202100047930,2,1,,0,2,1,1,B01
202100047930,2,7,,0,9,3,15,A01
202100047931,2,7,,0,1,2,1,A01
202100047932,0,7,,2,0,1,1,A01
202100047933,1,7,,3,0,8,1,A01
202100047934,2,7,,0,2,6,1,B01
202100047934,2,7,,0,2,1,2,A01
202100047935,1,7,,0,2,1,17,A01
202100047935,2,7,,0,2,1,1,B01
202100047936,2,7,,9,2,1,1,A01
202100047936,2,7,,9,2,1,1,B01
202100047937,1,7,,0,1,1,1,A01
202100047938,2,7,,0,2,8,0,B01
202100047938,1,7,,0,2,1,13,A01
202100047939,3,31,,0,2,1,2,B01
202100047939,3,7,,0,2,1,10,A01
202100047940,1,33,,4,0,1,1,A01
202100047941,0,31,,0,2,1,2,A01
202100047941,0,7,,0,2,4,2,B01
202100047942,1,80,,0,2,7,1,B01
202100047942,1,7,,0,2,6,9,A01
202100047943,1,2,,0,0,7,1,A01
202100047944,2,10,,0,2,2,2,B01
202100047944,2,7,,0,2,6,21,A01
202100047945,1,7,,0,2,1,26,A01
202100047945,1,2,,0,2,4,1,B01
202100047946,3,7,,0,2,3,15,B01
202100047946,3,32,,0,2,1,3,A01
202100047947,3,32,,0,2,2,3,B01
202100047947,3,7,,0,2,3,15,A01
202100047948,3,10,,0,2,1,26,A01
202100047948,3,7,,0,2,4,26,B01
202100047949,1,7,,8,0,2,1,A01
202100047950,2,31,,0,2,1,1,A01
202100047950,2,7,,0,0,8,15,B01
202100047951,0,7,,0,2,8,15,A01
202100047951,0,2,,0,2,1,1,B01
202100047952,1,31,,0,2,2,3,A01
202100047952,1,7,,0,2,6,11,B01
202100047953,2,31,,1,0,2,14,A01
202100047954,1,7,,0,1,2,1,A01
202100047955,1,7,,0,2,3,22,B01
202100047955,1,50,,0,2,1,1,A01
202100047956,2,33,,0,2,3,1,A01
202100047956,3,7,,0,2,2,1,B01
202100047957,2,1,,0,2,1,5,A01
202100047957,1,7,,0,2,3,1,B01
202100047958,1,7,,0,1,1,1,A01
202100047959,1,1,,0,2,5,1,A01
202100047959,1,7,,0,2,1,1,B01
202100047960,2,37,1.0,0,2,2,1,B01
202100047960,1,33,,0,2,1,13,A01
202100047961,3,37,1.0,0,2,6,16,A01
202100047961,3,37,2.0,1,0,5,24,B01
202100047962,0,7,,0,1,2,1,A01
202100047963,3,7,,0,1,7,1,A01
202100047964,1,7,,0,1,3,1,A01
202100047965,1,7,,0,9,6,23,A01
202100047965,1,33,,14,0,2,17,B01
202100047966,1,7,,0,2,2,17,A01
202100047966,1,7,,0,2,4,15,B01
202100047967,3,33,,1,0,1,26,A01
202100047968,2,7,,0,2,2,15,A01
202100047968,1,2,,0,2,1,1,B01
202100047969,1,30,,0,2,7,16,B01
202100047969,1,7,,0,2,3,16,A01
202100047970,2,7,,0,2,4,23,C01
202100047970,2,7,,1,2,1,23,B01
202100047970,2,10,,0,2,1,2,A01
202100047971,3,7,,1,0,2,26,A01
202100047972,1,37,2.0,0,2,4,1,B01
202100047972,1,14,,0,2,1,2,A01
202100047973,2,7,,0,2,3,2,A01
202100047973,2,33,,0,2,2,2,B01
202100047974,1,7,,1,0,3,1,A01
202100047975,1,1,,0,2,1,1,B01
202100047976,2,43,,0,0,0,1,A01
202100047977,2,10,,4,2,1,2,B01
202100047977,2,7,,4,0,5,2,A01
202100047978,2,7,,6,2,2,17,A01
202100047978,2,7,,0,2,3,1,B01
202100047979,1,7,,0,9,3,1,A01
202100047979,2,1,,0,2,7,1,B01
202100047980,3,1,,15,2,1,1,A01
202100047980,3,7,,0,9,1,1,B01
202100047981,1,33,,0,2,1,2,B01
202100047981,1,10,,0,2,6,10,A01
202100047982,1,7,,0,9,2,0,A01
202100047983,2,33,,0,0,1,13,A01
202100047984,1,7,,9,2,3,1,A01
202100047984,2,7,,0,2,2,15,B01
202100047985,1,33,,0,2,1,0,A01
202100047985,2,7,,6,2,3,1,B01
202100047986,2,10,,0,2,1,1,B01
202100047986,1,7,,0,2,1,13,A01
202100047987,3,1,,0,2,8,18,A01
202100047987,3,7,,0,2,3,1,C01
202100047987,3,7,,0,2,2,15,B01
202100047988,2,7,,6,0,0,13,A01
202100047989,2,7,,0,2,7,19,A01
202100047989,2,7,,0,2,1,1,B01
202100047990,1,14,,0,2,2,1,A01
202100047990,1,1,,0,2,8,19,B01
202100047991,1,7,,17,0,2,14,A01
202100047992,2,33,,4,0,8,13,A01
202100047993,2,33,,0,0,0,0,A01
202100047994,0,1,,0,2,8,16,B01
202100047994,0,7,,0,2,8,1,A01
202100047995,1,7,,0,2,3,13,A01
202100047995,2,7,,0,2,3,1,B01
202100047996,2,2,,1,0,2,2,A01
202100047996,2,7,,0,0,6,24,B01
202100047997,2,7,,0,2,1,1,B01
202100047997,0,7,,0,2,8,19,A01
202100047998,3,7,,2,0,0,1,A01
202100047999,1,7,,0,1,2,15,A01
202100048000,2,7,,3,0,1,13,A01
202100048001,2,7,,15,0,1,21,A01
202100048002,1,7,,6,0,6,1,A01
202100048003,2,7,,0,2,1,2,A01
202100048003,2,7,,0,2,4,2,B01
202100048004,1,7,,10,0,1,14,A01
202100048005,1,33,,0,0,7,1,A01
202100048006,1,7,,4,0,3,1,A01
202100048007,1,33,,0,2,3,1,B01
202100048007,1,10,,0,2,2,12,A01
202100048008,2,7,,3,0,1,1,A01
202100048009,1,7,,0,2,1,2,A01
202100048009,1,43,,3,2,4,2,B01
202100048010,1,7,,0,2,1,14,A01
202100048010,1,7,,0,2,4,1,B01
202100048011,2,7,,3,0,9,0,A01
202100048012,1,7,,17,0,1,13,A01
202100048013,1,7,,0,2,3,9,A01
202100048013,1,33,,0,2,2,1,B01
202100048014,2,40,,0,1,2,1,A01
202100048015,1,32,,0,1,1,2,A01