Num_Acc,senc,catv,occutc,obs,obsm,choc,manv,num_veh
202100048016,2,7,,0,2,1,2,A01
202100048016,2,7,,0,2,4,2,B01
202100048017,1,30,,0,2,1,1,B01
202100048017,2,7,,0,2,7,15,A01
202100048018,3,1,,1,0,5,1,A01
202100048018,3,7,,1,2,5,24,B01
202100048019,1,7,,0,1,7,16,A01
202100048020,1,7,,0,1,1,1,A01
202100048021,2,30,,16,0,1,26,A01
202100048022,3,31,,0,1,1,1,A01
202100048023,0,7,,1,0,1,23,A01
202100048023,0,7,,0,0,4,24,C01
202100048023,0,7,,1,0,4,23,B01
202100048024,1,1,,0,2,8,1,B01
202100048024,1,10,,0,2,1,1,A01
202100048025,1,33,,0,2,3,1,B01
202100048025,2,7,,0,2,3,15,A01
202100048026,0,7,,0,2,3,20,A01
202100048026,0,7,,0,2,5,20,B01
202100048027,3,7,,0,1,0,9,A01
202100048028,1,7,,0,2,3,1,A01
202100048028,1,7,,0,2,6,15,B01
202100048029,2,7,,0,2,2,19,A01
202100048029,1,1,,0,2,1,1,B01
202100048029,1,1,,0,2,1,1,C01
202100048030,1,7,,4,0,1,14,A01
202100048031,2,32,,8,0,1,25,A01
202100048032,1,30,,0,2,3,11,A01
202100048032,1,7,,0,2,2,1,B01
202100048033,1,7,,0,2,2,1,A01
202100048033,1,50,,0,2,3,1,B01
202100048034,3,32,,0,2,3,1,B01
202100048034,3,10,,0,2,5,16,A01
202100048035,2,30,,0,2,2,1,A01
202100048035,2,33,,0,2,8,1,B01
202100048036,2,7,,0,2,2,16,B01
202100048036,2,32,,0,2,3,18,A01
202100048037,2,30,,0,2,8,17,B01
202100048037,1,7,,0,2,8,22,A01
202100048038,1,1,,0,2,0,13,Z01
202100048038,1,50,,1,2,1,21,A01
202100048039,2,30,,1,0,7,14,A01
202100048040,3,30,,0,2,0,1,Z01
202100048040,1,30,,0,2,7,1,A01
202100048041,1,43,,1,0,7,21,A01
202100048042,2,7,,0,2,5,23,B01
202100048042,2,31,,0,2,1,2,A01
202100048043,1,30,,0,0,0,1,A01
202100048044,1,7,,0,2,0,0,Z01
202100048044,1,7,,11,0,4,26,A01
202100048045,0,1,,0,1,1,1,V01
202100048046,2,10,,8,0,1,26,A01
202100048047,0,7,,0,2,2,12,B01
202100048047,0,99,,0,2,3,26,A01
202100048048,1,7,,1,2,8,20,B01
202100048048,1,7,,1,2,1,1,A01
202100048049,2,7,,7,0,4,2,B01
202100048049,2,7,,7,2,1,2,A01
202100048050,3,7,,0,9,4,1,B01
202100048050,0,32,,0,2,1,2,A01
202100048051,1,7,,0,2,3,15,B01
202100048051,1,7,,6,1,1,1,A01
202100048052,1,7,,0,2,1,13,A01
202100048052,2,37,4.0,0,2,1,1,B01
202100048053,1,33,,0,2,6,26,A01
202100048053,1,7,,0,2,2,12,B01
202100048054,2,7,,0,2,2,1,B01
202100048054,1,7,,13,2,1,1,A01
202100048055,2,7,,4,0,8,2,A01
202100048056,1,7,,0,2,2,15,A01
202100048056,2,7,,0,2,1,1,B01
202100048056,1,7,,0,2,3,1,C01
202100048057,1,15,,0,0,8,1,B01
202100048057,1,7,,4,2,8,1,A01
202100048058,2,7,,13,0,3,0,A01
202100048059,1,10,,13,0,9,1,A01
202100048060,2,7,,0,0,4,23,A01
202100048060,2,7,,0,2,4,23,B01
202100048060,2,33,,1,0,1,2,C01
202100048061,2,7,,13,0,1,0,A01
202100048062,1,7,,0,2,5,5,A01
202100048062,2,14,,0,2,1,1,B01
202100048063,2,7,,0,2,3,13,A01
202100048063,2,10,,0,2,3,1,B01
202100048064,1,10,,0,1,3,15,A01
202100048065,2,36,,0,0,0,1,A01
202100048066,1,7,,6,0,1,1,A01
202100048067,2,7,,13,0,2,19,A01
202100048068,1,7,,0,0,0,17,A01
202100048068,1,33,,0,0,0,17,B01
202100048069,1,7,,0,2,3,13,A01
202100048069,2,7,,0,2,3,1,B01
202100048070,2,7,,6,0,3,0,A01
202100048071,1,33,,2,0,2,2,A01
202100048072,2,33,,13,0,9,17,A01
202100048073,1,7,,6,0,2,1,A01
202100048074,1,7,,0,0,0,1,A01
202100048075,1,7,,0,2,7,15,A01
202100048075,1,7,,0,2,1,1,C01
202100048075,2,2,,0,2,1,1,B01
202100048076,0,1,,0,0,4,1,B01
202100048076,0,7,,0,2,1,1,A01
202100048077,1,7,,13,0,2,1,A01
202100048078,3,32,,0,2,1,13,A01
202100048078,3,7,,0,2,2,1,B01
202100048079,2,7,,16,0,1,2,A01
202100048080,2,7,,13,0,0,1,A01
202100048081,1,7,,0,0,4,2,B01
202100048081,1,7,,0,2,1,2,A01
202100048082,2,7,,0,2,3,1,B01
202100048082,1,34,,0,2,0,13,A01
202100048083,2,7,,0,1,2,1,A01
202100048084,2,7,,15,0,1,1,A01
202100048085,2,32,,0,2,1,1,A01
202100048085,2,30,,0,2,4,1,B01
202100048086,1,7,,0,2,4,26,A01
202100048086,1,7,,0,2,1,2,B01
202100048087,1,33,,0,0,0,13,A01
202100048088,3,1,,0,0,4,19,B01
202100048088,2,7,,0,2,2,1,A01
202100048089,2,17,,1,0,2,2,A01
202100048090,0,20,,0,1,2,16,A01
202100048091,1,33,,15,0,7,1,A01
202100048092,2,7,,13,0,1,1,A01
202100048093,2,14,,6,2,2,13,B01
202100048093,1,7,,0,2,7,13,A01
202100048094,1,7,,0,2,1,1,B01
202100048094,1,7,,0,0,8,15,A01
202100048095,1,7,,2,0,1,0,A01
202100048096,1,7,,0,2,2,1,A01
202100048096,1,7,,0,0,3,19,B01
202100048097,1,10,,0,1,3,1,A01
202100048098,1,7,,0,2,1,19,A01
202100048098,2,17,,0,2,1,2,B01
202100048099,2,7,,3,2,1,5,C01
202100048099,2,7,,3,2,2,3,B01
202100048099,2,7,,3,2,8,2,A01
202100048100,1,7,,0,2,5,1,B01
202100048100,1,7,,0,2,4,1,A01
202100048100,1,7,,0,2,3,21,C01
202100048101,1,7,,4,0,2,14,A01
202100048102,2,10,,0,2,1,2,B01
202100048102,2,10,,0,2,4,1,A01
202100048103,1,7,,0,2,4,9,A01
202100048103,1,7,,0,0,4,2,B01
202100048103,1,7,,1,0,1,1,C01
202100048104,2,7,,0,2,3,2,B01
202100048104,2,10,,0,2,5,2,A01
202100048105,2,33,,0,2,1,2,A01
202100048105,2,7,,0,2,5,23,B01
202100048106,2,10,,0,2,1,9,A01
202100048106,2,10,,0,2,4,9,B01
202100048106,2,10,,0,2,4,23,C01
202100048107,2,10,,0,0,2,1,A01
202100048108,1,7,,3,0,6,1,A01
202100048109,2,33,,0,2,1,1,B01
202100048109,2,7,,0,2,6,11,A01
202100048110,2,10,,4,0,3,13,A01
202100048111,2,7,,0,2,1,1,A01
202100048111,2,7,,0,2,4,1,B01
202100048112,1,7,,0,2,4,23,A01
202100048112,1,10,,1,0,1,1,B01
202100048113,1,7,,0,2,4,1,B01
202100048113,1,7,,0,2,1,1,A01
202100048114,1,10,,0,2,1,2,A01
202100048114,1,7,,0,2,4,0,B01
202100048115,2,7,,1,0,7,1,C01
202100048115,2,7,,0,2,6,23,B01
202100048115,2,7,,3,0,1,1,A01
202100048116,1,7,,0,2,1,23,C01
202100048116,1,7,,0,0,1,23,B01
202100048116,1,7,,0,2,4,4,A01
202100048117,2,37,1.0,0,2,2,0,E01
202100048117,2,10,,0,2,8,2,D01
202100048117,2,10,,0,2,3,2,C01
202100048117,2,10,,0,2,3,2,B01
202100048117,2,10,,0,2,1,2,A01
202100048118,1,7,,0,1,7,0,A01
202100048119,1,30,,0,2,1,26,A01
202100048119,1,7,,0,2,3,0,B01
202100048120,0,7,,0,9,2,16,B01
202100048120,1,1,,0,2,1,19,A01
202100048121,3,7,,0,2,3,15,A01
202100048121,3,7,,0,2,3,19,B01
202100048122,2,1,,0,2,3,9,B01
202100048122,2,7,,0,2,2,26,A01
202100048123,2,7,,0,1,1,26,A01
202100048124,2,7,,0,1,2,1,A01
202100048125,2,7,,0,2,4,1,C01
202100048125,2,7,,0,2,9,1,B01
202100048125,2,7,,0,2,1,1,A01
202100048126,0,7,,0,1,1,15,A01
202100048127,1,7,,0,2,3,9,A01
202100048127,2,33,,0,2,7,16,B01
202100048128,1,10,,0,2,1,15,A01
202100048128,2,7,,0,2,7,1,B01
202100048129,2,31,,0,2,1,2,A01
202100048129,2,7,,0,2,4,1,B01
202100048130,2,30,,0,0,8,1,A01
202100048131,1,7,,11,0,1,1,A01
202100048132,3,3,,12,0,9,10,A01
202100048133,2,7,,2,0,7,1,A01
202100048134,2,7,,8,0,9,14,A01
202100048135,3,30,,0,0,0,1,A01
202100048136,2,2,,0,2,1,1,B01
202100048136,1,10,,0,2,2,15,A01
202100048137,1,7,,0,1,1,1,A01
202100048138,1,7,,13,0,1,18,A01
202100048139,2,7,,8,0,8,13,A01
202100048140,1,7,,2,0,1,1,A01
202100048141,1,34,,0,2,2,17,A01
202100048141,1,7,,0,2,3,15,B01
202100048142,0,7,,0,2,1,2,A01
202100048142,0,7,,0,2,4,2,B01
202100048143,0,2,,0,2,0,0,B01
202100048143,0,7,,0,2,3,9,A01
202100048144,1,40,,0,9,3,26,A01
202100048144,1,99,,0,2,7,0,B01
202100048145,1,33,,0,1,1,1,A01
202100048146,3,7,,0,2,2,9,A01
202100048146,3,1,,0,2,1,1,B01
202100048147,2,30,,0,2,2,1,A01
202100048147,1,10,,0,2,3,1,B01
202100048148,2,7,,0,2,1,15,Z01
202100048148,2,1,,0,2,8,1,B01
202100048149,1,2,,0,2,1,1,A01
202100048149,2,7,,0,2,3,10,B01
202100048150,2,1,,0,2,1,1,A01
202100048150,1,7,,0,2,3,1,B01
202100048151,2,30,,0,0,0,21,B01
202100048152,2,30,,0,2,1,13,Z01
202100048152,1,30,,0,2,1,23,B01
202100048153,1,10,,0,1,4,20,A01
202100048154,1,10,,0,2,6,10,A01
202100048154,1,32,,0,2,6,1,B01
202100048155,1,1,,0,2,8,10,B01
202100048155,1,33,,0,2,1,1,A01
202100048156,1,2,,0,2,1,1,B01
202100048156,1,7,,0,2,5,16,A01
202100048157,3,10,,0,2,1,26,A01
202100048157,3,10,,0,2,4,0,B01
202100048158,2,30,,15,0,0,1,A01
202100048159,-1,7,,0,2,3,1,A01
202100048159,-1,7,,0,2,1,1,B01
202100048160,-1,7,,0,2,1,2,A01
202100048160,-1,10,,3,0,4,2,B01
202100048161,1,2,,0,2,1,13,A01
202100048162,-1,10,,0,2,8,15,A01
202100048162,0,32,,0,2,2,2,B01
202100048163,3,7,,0,2,1,1,B01
202100048163,3,7,,0,2,6,1,A01
202100048164,2,7,,0,1,1,1,A01
202100048165,1,7,,0,2,4,1,B01
202100048165,1,30,,0,2,1,2,A01
202100048166,3,2,,0,2,4,23,B01
202100048166,3,7,,0,2,1,9,A01
202100048167,1,7,,0,0,5,1,B01
202100048167,1,10,,0,2,1,2,A01
202100048168,1,2,,0,2,3,15,B01
202100048168,1,7,,0,2,2,1,A01
202100048169,1,31,,0,2,3,1,B01
202100048169,2,10,,0,2,3,15,A01
202100048170,1,34,,0,0,2,1,A01
202100048171,3,50,,0,0,1,26,A01
202100048172,3,7,,0,0,3,23,E01
202100048172,2,7,,0,2,1,1,D01
202100048172,2,7,,0,0,4,23,B01
202100048172,2,7,,0,2,1,1,A01
202100048172,2,7,,0,2,1,1,C01
202100048173,2,7,,0,2,3,1,B01
202100048173,1,33,,0,2,1,17,A01
202100048174,3,7,,0,0,2,23,B01
202100048174,1,7,,0,2,1,1,A01
202100048175,1,7,,9,0,1,0,A01
202100048176,1,33,,0,2,2,2,B01
202100048176,1,33,,0,0,4,2,A01
202100048177,0,7,,6,0,1,16,A01
202100048178,1,7,,3,0,1,0,A01
202100048179,1,7,,4,2,1,2,A01
202100048179,1,7,,3,0,4,2,B01
202100048180,2,7,,0,2,3,2,B01
202100048180,3,10,,0,2,7,2,A01
202100048181,1,33,,0,0,1,0,A01
202100048182,1,33,,13,0,1,14,A01
202100048183,2,7,,0,0,0,0,A01
202100048184,1,7,,0,0,1,1,A01
202100048185,1,7,,13,0,1,1,A01
202100048186,2,7,,0,1,1,21,A01
202100048187,1,33,,13,0,2,1,A01
202100048188,1,7,,2,0,8,17,A01
202100048189,2,7,,6,0,1,0,A01
202100048190,1,2,,0,2,7,1,B01
202100048190,1,7,,0,2,1,1,A01
202100048191,1,33,,2,0,1,13,A01
202100048192,1,14,,13,0,1,1,A01
202100048193,1,33,,0,0,1,1,A01
202100048194,1,33,,13,0,7,2,A01
202100048195,1,7,,0,2,2,1,A01
202100048195,2,33,,0,2,1,13,B01
202100048196,2,7,,0,2,2,1,A01
202100048196,3,1,,0,2,1,26,B01
202100048197,0,10,,0,2,1,1,A01
202100048197,0,2,,0,2,1,1,B01
202100048198,2,7,,3,0,7,1,A01
202100048199,1,7,,3,0,9,1,A01
202100048200,1,7,,0,2,1,2,E01
202100048200,1,7,,0,2,2,2,D01
202100048200,1,7,,0,2,4,2,C01
202100048200,1,7,,0,2,4,2,B01
202100048200,1,7,,0,0,4,0,A01
202100048201,1,7,,2,0,1,1,A01
202100048202,1,33,,0,2,1,1,A01
202100048202,2,7,,0,2,1,1,B01
202100048203,1,2,,0,2,2,15,A01
202100048203,2,7,,0,2,1,1,B01
202100048204,0,7,,0,1,8,15,A01
202100048205,1,7,,0,2,8,1,A01
202100048205,1,0,,0,2,0,14,Z01
202100048206,2,7,,5,0,2,14,A01
202100048207,1,33,,0,2,8,18,B01
202100048207,1,10,,0,2,7,12,A01
202100048208,2,7,,4,0,1,13,A01
202100048209,2,7,,3,0,1,9,A01
202100048210,1,33,,16,0,8,0,A01
202100048211,1,7,,0,2,4,2,B01
202100048211,1,7,,0,2,1,2,A01
202100048212,2,15,,3,2,8,1,A01
202100048213,2,7,,0,2,1,1,A01
202100048213,2,7,,0,2,4,1,B01
202100048214,1,7,,0,2,5,1,F01
202100048214,1,7,,0,2,4,2,E01
202100048214,1,7,,0,2,4,2,D01
202100048214,1,10,,0,2,4,2,C01
202100048214,1,7,,0,2,4,2,B01
202100048214,1,14,,0,2,1,2,A01
202100048215,2,7,,0,2,1,9,A01
202100048215,2,7,,0,0,4,9,B01
202100048216,2,7,,0,2,1,1,A01
202100048216,1,7,,3,2,6,0,B01
202100048217,1,7,,3,2,1,1,A01
202100048217,1,15,,0,2,8,1,B01
202100048218,1,15,,4,2,4,1,B01
202100048218,1,7,,4,2,1,1,A01
202100048219,1,7,,3,0,1,16,A01
202100048220,1,7,,0,2,5,2,B01
202100048220,1,1,,0,2,1,2,A01
202100048221,1,31,,0,0,0,26,A01
202100048222,3,7,,0,2,2,1,A01
202100048222,3,7,,0,2,8,1,B01
202100048223,1,20,,0,0,1,26,A01
202100048224,1,10,,0,2,3,1,A01
202100048224,2,7,,0,2,2,1,B01
202100048225,2,7,,0,2,4,2,B01
202100048225,2,7,,0,2,1,2,A01
202100048226,0,32,,0,2,1,0,B01
202100048226,0,32,,0,2,1,0,A01
202100048227,2,2,,0,2,1,5,B01
202100048227,1,7,,0,2,3,1,A01
202100048228,2,7,,1,0,2,1,A01
202100048229,1,7,,0,2,1,5,A01
202100048229,2,7,,0,2,7,1,B01
202100048230,3,7,,0,2,1,1,A01
202100048230,3,7,,0,2,1,16,B01
202100048231,1,10,,14,9,1,26,A01
202100048232,1,7,,15,0,1,19,A01
202100048232,3,7,,0,2,1,1,B01
202100048233,3,7,,0,2,2,1,A01
202100048233,1,38,1.0,0,2,3,1,B01
202100048234,1,7,,0,2,1,2,A01
202100048234,1,7,,0,2,4,2,B01
202100048234,1,7,,0,2,4,2,C01
202100048235,2,10,,0,2,8,15,A01
202100048235,2,10,,0,2,1,1,B01
202100048236,1,7,,9,2,1,9,A01
202100048236,1,7,,0,2,5,1,B01
202100048237,1,7,,0,1,3,1,A01
202100048238,1,1,,0,2,1,15,A01
202100048238,1,7,,0,2,1,15,B01
202100048239,2,7,,0,2,1,1,B01
202100048239,1,32,,0,2,2,15,A01
202100048240,3,7,,1,0,5,4,A01
202100048240,3,7,,1,2,6,24,B01
202100048241,0,7,,0,2,3,26,A01
202100048241,0,33,,0,2,0,0,B01
202100048241,0,7,,0,2,1,0,C01
202100048242,0,7,,0,1,3,1,A01
202100048243,0,10,,0,2,2,15,A01
202100048243,0,99,,0,2,1,1,B01
202100048244,0,33,,0,2,1,17,B01
202100048244,0,10,,0,2,5,15,A01
202100048245,2,7,,0,1,2,26,A01
202100048246,1,7,,8,2,4,23,B01
202100048246,1,7,,0,2,4,23,C01
202100048246,1,10,,0,2,1,2,A01
202100048247,1,10,,6,0,1,1,A01
202100048248,2,7,,0,2,3,15,A01
202100048248,1,2,,0,2,9,1,B01
202100048249,1,7,,0,1,1,1,A01
202100048250,2,10,,0,2,5,15,A01
202100048250,1,2,,0,2,1,1,B01
202100048251,2,7,,0,2,4,2,B01
202100048251,2,7,,0,2,1,2,A01
202100048252,3,31,,0,2,4,2,B01
202100048252,3,7,,0,2,2,2,A01
202100048253,1,7,,0,2,4,1,B01
202100048253,1,7,,0,2,1,1,A01
202100048254,1,7,,6,0,1,16,A01
202100048255,2,7,,0,2,3,15,B01
202100048255,1,7,,11,2,1,1,A01
202100048256,3,7,,0,2,1,9,A01
202100048256,3,1,,0,2,7,1,B01
202100048257,2,7,,0,2,4,23,B01
202100048257,2,7,,0,2,1,1,A01
202100048258,3,33,,2,0,1,13,A01
202100048259,2,33,,0,2,1,1,B01
202100048259,1,7,,0,2,2,15,A01
202100048260,3,7,,0,9,7,0,B01
202100048260,3,1,,0,2,1,1,A01
202100048261,3,10,,0,9,4,1,B01
202100048261,3,1,,0,2,1,1,A01
202100048262,3,7,,2,0,7,15,A01
202100048263,3,7,,0,2,4,1,B01
202100048263,3,7,,0,2,1,1,A01
202100048264,2,30,,12,0,0,1,A01
202100048265,0,2,,0,2,8,1,B01
202100048265,0,7,,0,2,1,15,A01
202100048266,1,7,,0,1,1,1,A01
202100048267,3,7,,0,2,3,15,A01
202100048267,1,31,,0,2,6,1,B01
202100048268,1,33,,0,2,1,3,A01
202100048268,1,7,,0,2,8,15,B01
202100048269,3,7,,0,2,3,1,B01
202100048269,1,7,,0,2,1,1,A01
202100048270,1,7,,0,2,0,15,B01
202100048270,2,7,,0,2,8,1,A01
202100048271,2,1,,0,1,1,26,A01
202100048272,2,7,,0,2,1,1,A01
202100048272,2,7,,0,2,4,23,B01
202100048272,2,7,,0,2,4,23,C01
202100048273,1,7,,0,2,6,23,A01
202100048273,1,7,,0,2,2,26,B01
202100048274,1,7,,0,1,1,15,A01
202100048275,0,31,,0,2,0,17,A01
202100048275,3,7,,0,2,0,15,B01
202100048276,0,7,,0,0,2,14,A01
202100048277,1,50,,0,1,1,1,A01
202100048278,1,7,,0,2,4,2,C01
202100048278,1,7,,0,2,4,2,B01
202100048278,1,10,,0,2,1,2,A01
202100048279,1,7,,0,1,2,1,A01
202100048280,2,40,,0,1,3,1,A01
202100048281,1,30,,0,2,1,1,A01
202100048281,2,7,,0,2,2,15,B01
202100048282,2,2,,0,2,7,1,B01
202100048282,1,7,,0,2,1,19,A01
202100048283,2,1,,0,1,0,1,A01
202100048284,1,1,,0,1,1,8,A01
202100048285,1,1,,0,2,8,14,B01
202100048285,1,7,,0,2,5,16,A01
202100048286,2,10,,0,2,4,22,B01
202100048286,2,50,,0,2,1,1,A01
202100048287,1,32,,0,2,7,1,B01
202100048287,1,10,,0,2,8,10,A01
202100048288,2,7,,0,2,7,15,B01
202100048288,1,30,,0,2,1,1,A01
202100048289,1,33,,1,2,1,1,B01
202100048289,1,7,,0,2,5,9,A01
202100048290,3,7,,0,2,1,2,A01
202100048290,3,10,,0,2,4,2,B01
202100048291,1,7,,0,2,3,15,B01
202100048291,1,31,,0,2,1,17,A01
202100048292,1,7,,0,2,1,1,A01
202100048292,2,60,,0,2,8,19,B01
202100048293,1,7,,6,0,1,16,A01
202100048294,1,1,,0,0,0,1,A01
202100048295,1,7,,4,2,3,1,B01
202100048295,1,7,,0,2,1,15,A01
202100048296,2,1,,0,2,1,15,B01
202100048296,2,7,,0,2,2,7,A01
202100048297,1,30,,12,0,2,16,A01
202100048298,3,7,,14,0,2,15,A01
202100048299,1,7,,0,1,0,0,A01
202100048300,2,32,,0,0,3,1,B01
202100048300,3,7,,0,2,1,9,A01
202100048301,2,7,,0,1,0,2,A01
202100048302,1,7,,0,2,1,1,A01
202100048302,1,7,,0,2,7,1,B01
202100048303,3,16,,0,0,4,2,B01
202100048303,3,17,,0,2,0,26,A01
202100048304,1,7,,0,1,2,1,A01
202100048305,2,7,,0,2,1,1,A01
202100048305,2,7,,14,0,4,1,B01
202100048306,1,7,,0,1,1,16,A01
202100048307,3,7,,0,1,0,2,A01
202100048308,3,10,,0,2,6,15,A01
202100048308,3,2,,0,2,2,2,B01
202100048309,1,10,,0,2,1,9,A01
202100048309,1,43,,0,2,7,1,B01
202100048310,3,7,,0,1,4,4,A01
202100048311,0,30,,0,2,0,0,A01
202100048311,0,7,,0,2,0,0,Z01
202100048312,0,7,,0,2,8,19,A01
202100048312,1,7,,0,2,8,1,B01
202100048313,3,7,,0,2,4,2,B01
202100048313,3,7,,0,0,4,1,A01
202100048313,3,13,,0,2,1,2,C01
202100048314,2,99,,0,0,4,1,B01
202100048314,2,99,,0,2,2,14,A01
202100048315,2,30,,0,2,1,5,A01
202100048315,2,7,,0,2,1,16,B01
202100048316,2,7,,0,2,4,16,A01
202100048316,2,7,,0,2,1,16,B01
202100048316,3,7,,0,2,4,23,C01
202100048317,1,7,,0,2,7,9,A01
202100048317,1,30,,0,2,1,1,B01
202100048318,1,33,,13,0,1,1,A01
202100048319,2,7,,0,2,3,13,A01
202100048319,1,7,,0,2,8,1,B01
202100048320,2,7,,0,1,2,1,A01
202100048321,2,7,,13,0,3,1,A01
202100048322,1,7,,0,0,6,23,A01
202100048322,1,7,,0,2,2,1,B01
202100048323,2,7,,0,2,1,1,B01
202100048323,1,7,,0,2,7,1,A01
202100048324,1,7,,0,2,7,10,B01
202100048324,2,7,,0,2,1,1,A01
202100048325,1,33,,0,0,8,1,A01
202100048326,2,2,,1,0,2,13,A01
202100048326,1,1,,0,0,8,23,B01
202100048327,3,10,,0,2,1,1,B01
202100048327,3,10,,0,0,8,19,A01
202100048328,3,7,,0,2,8,16,B01
202100048328,3,2,,0,2,1,15,A01
202100048329,1,33,,5,0,7,1,A01
202100048330,1,2,,0,0,0,0,A01
202100048331,2,2,,0,2,3,15,B01
202100048331,2,7,,0,2,2,17,A01
202100048332,0,7,,0,0,4,1,B01
202100048332,0,2,,0,2,2,1,A01
202100048333,2,7,,6,0,1,13,A01
202100048334,2,7,,13,0,0,0,A01
202100048335,1,10,,0,1,3,1,A01
202100048336,2,7,,0,2,1,1,B01
202100048336,1,7,,0,2,1,15,A01
202100048337,2,7,,0,1,3,1,A01
202100048338,1,7,,16,0,9,1,A01
202100048339,1,7,,0,0,9,1,A01
202100048340,3,7,,13,0,0,1,A01
202100048341,2,7,,0,2,2,21,B01
202100048341,1,7,,0,2,3,19,A01
202100048342,1,1,,0,0,4,13,A01
202100048342,1,7,,0,0,1,17,B01
202100048343,1,31,,0,0,1,1,B01
202100048343,0,7,,0,0,2,15,A01
202100048344,2,7,,0,0,9,1,A01
202100048345,3,31,,0,0,7,13,A01
202100048346,0,7,,0,0,0,0,A01
202100048347,1,7,,0,2,4,15,B01
202100048347,1,7,,0,2,1,2,A01
202100048348,1,7,,0,2,4,23,C01
202100048348,1,7,,0,2,4,23,B01
202100048348,1,7,,0,2,1,1,A01
202100048349,2,14,,0,2,7,1,B01
202100048349,2,7,,0,2,1,13,A01
202100048350,1,7,,0,2,4,2,B01
202100048350,1,10,,0,2,1,1,A01
202100048350,1,7,,0,2,6,1,C01
202100048351,1,7,,0,2,4,2,D01
202100048351,1,7,,0,2,1,2,B01
202100048351,1,7,,0,2,1,2,A01
202100048351,1,7,,0,2,4,2,F01
202100048351,1,7,,0,2,1,2,E01
202100048351,1,7,,0,2,1,2,C01
202100048352,1,7,,4,0,7,1,A01
202100048353,2,7,,0,2,1,26,A01
202100048353,1,7,,0,2,1,1,B01
202100048354,2,43,,0,0,7,1,A01
202100048355,1,10,,0,2,5,12,A01
202100048355,1,7,,0,2,3,1,B01
202100048356,1,34,,0,2,8,3,B01
202100048356,1,7,,1,2,2,12,A01
202100048357,1,7,,3,0,1,14,A01
202100048358,2,33,,9,0,1,13,A01
202100048359,1,7,,4,0,1,1,A01
202100048360,1,17,,1,0,2,1,A01
202100048360,1,13,,0,2,6,2,B01
202100048361,2,10,,0,2,2,1,C01
202100048361,2,7,,0,2,6,1,B01
202100048361,2,33,,0,2,1,18,A01
202100048362,2,10,,0,1,1,1,A01
202100048363,1,10,,0,2,1,1,A01
202100048363,1,10,,0,2,4,23,B01
202100048364,2,7,,0,2,2,15,A01
202100048364,2,30,,0,2,1,1,B01
202100048365,1,7,,0,1,1,2,A01
202100048366,1,31,,0,2,7,17,A01
202100048366,1,7,,0,2,3,15,B01
202100048367,3,43,,12,0,1,11,A01
202100048368,1,7,,0,2,4,23,C01
202100048368,1,7,,0,2,4,23,B01
202100048368,1,7,,0,2,1,2,A01
202100048369,1,7,,0,1,2,15,A01
202100048370,1,7,,0,1,1,13,A01
202100048371,2,7,,0,2,6,11,A01
202100048371,2,32,,0,2,3,1,B01
202100048372,2,7,,0,1,2,9,A01
202100048373,2,7,,0,2,2,1,A01
202100048373,2,7,,0,2,4,1,B01
202100048374,2,7,,1,0,2,1,A01
202100048375,1,33,,0,2,8,1,B01
202100048375,1,7,,0,2,7,12,A01
202100048376,3,32,,0,2,2,26,A01
202100048376,3,10,,0,2,3,0,B01
202100048377,1,32,,0,0,2,16,A01
202100048378,3,10,,0,1,3,26,A01
202100048379,1,7,,0,2,2,21,A01
202100048379,2,7,,2,2,1,9,B01
202100048380,3,7,,0,2,3,1,B01
202100048380,3,2,,0,2,1,13,A01
202100048381,2,10,,12,0,9,1,A01
202100048382,2,1,,0,2,1,1,B01
202100048382,1,14,,0,9,3,16,A01
202100048383,0,7,,0,2,2,15,A01
202100048383,0,1,,0,2,1,25,B01
202100048384,0,7,,0,1,1,1,A01
202100048385,0,30,,0,2,1,0,A01
202100048385,0,7,,0,2,5,20,B01
202100048386,3,7,,0,1,1,1,A01
202100048387,0,7,,0,0,0,16,B01
202100048387,3,7,,0,2,5,21,A01
202100048388,3,33,,0,2,6,26,A01
202100048388,3,7,,0,2,3,15,B01
202100048389,0,10,,0,1,1,1,A01
202100048390,0,7,,0,2,7,1,A01
202100048390,0,7,,0,2,1,23,C01
202100048390,0,7,,0,2,1,1,B01
202100048391,2,7,,1,0,1,1,A01
202100048392,3,7,,0,2,8,0,B01
202100048392,1,7,,0,2,2,9,A01
202100048393,1,10,,0,2,3,1,A01
202100048393,2,7,,0,2,2,1,B01
202100048394,1,7,,0,2,2,19,A01
202100048394,2,7,,8,2,1,1,B01
202100048395,1,2,,0,2,7,20,B01
202100048395,1,7,,0,2,1,14,A01
202100048396,3,7,,0,2,3,16,A01
202100048396,3,7,,0,2,1,1,B01
202100048397,2,2,,0,2,1,2,A01
202100048397,2,7,,0,2,4,2,B01
202100048398,3,1,,0,2,6,1,B01
202100048398,3,7,,0,2,2,17,Z01
202100048399,1,7,,0,1,1,16,A01
202100048400,1,7,,0,1,8,26,A01
202100048401,2,30,,0,2,1,9,B01
202100048401,1,99,,0,2,5,9,A01
202100048402,2,7,,0,2,3,0,B01
202100048402,1,17,,0,2,3,13,A01
202100048403,2,10,,0,2,8,1,B01
202100048403,1,30,,0,2,1,13,A01
202100048404,1,7,,0,1,1,1,Z01
202100048405,3,7,,0,1,2,1,A01
202100048406,3,7,,0,1,2,9,A01