Num_Acc,senc,catv,occutc,obs,obsm,choc,manv,num_veh
202100048407,1,10,,0,1,1,16,A01
202100048408,1,7,,0,2,3,15,B01
202100048408,2,33,,0,2,1,1,A01
202100048409,3,7,,0,1,2,1,A01
202100048410,3,30,,0,2,1,2,A01
202100048410,3,7,,0,2,4,2,B01
202100048411,3,7,,0,2,1,1,B01
202100048411,0,31,,0,2,1,2,A01
202100048412,1,7,,0,2,1,1,A01
202100048412,1,7,,0,2,5,0,B01
202100048413,1,7,,0,2,1,1,B01
202100048413,1,7,,0,2,1,1,A01
202100048413,1,7,,0,2,4,1,C01
202100048414,3,14,,3,2,1,2,A01
202100048414,3,7,,3,2,9,2,B01
202100048414,3,7,,0,2,6,2,C01
202100048415,1,10,,0,2,3,9,A01
202100048415,1,7,,0,2,1,1,B01
202100048416,1,7,,0,2,1,15,A01
202100048416,1,7,,0,2,1,1,B01
202100048417,1,7,,0,9,7,21,A01
202100048418,0,7,,0,2,8,15,A01
202100048418,2,33,,0,2,1,1,B01
202100048419,1,32,,1,2,8,24,A01
202100048419,1,7,,1,2,0,2,Z01
202100048420,1,2,,0,2,1,2,B01
202100048420,2,7,,0,2,2,15,A01
202100048421,1,31,,0,1,1,25,A01
202100048422,2,34,,0,2,4,1,B01
202100048422,2,7,,0,2,1,2,A01
202100048423,1,1,,0,2,1,26,B01
202100048423,1,7,,0,2,7,1,A01
202100048424,1,34,,12,0,1,1,A01
202100048425,2,7,,1,0,1,1,A01
202100048426,1,7,,0,0,4,23,B01
202100048426,1,7,,0,2,1,1,A01
202100048427,3,10,,0,2,8,15,B01
202100048427,3,33,,0,2,1,17,A01
202100048428,2,7,,0,1,1,1,A01
202100048429,2,33,,0,2,3,2,A01
202100048429,2,10,,0,2,5,2,B01
202100048430,1,33,,0,2,1,3,A01
202100048430,1,33,,0,2,4,11,B01
202100048430,1,10,,0,2,7,1,C01
202100048431,1,7,,0,1,2,1,A01
202100048432,1,80,,0,2,8,1,B01
202100048432,1,7,,0,2,7,22,A01
202100048433,1,7,,0,1,2,1,A01
202100048434,1,7,,0,2,5,2,B01
202100048434,1,30,,0,2,1,2,A01
202100048435,1,1,,0,2,0,1,A01
202100048435,2,1,,0,2,0,1,Z01
202100048436,2,30,,0,2,1,1,B01
202100048436,1,7,,0,2,2,15,A01
202100048437,1,50,,0,2,0,1,B01
202100048437,1,7,,0,2,8,15,A01
202100048438,1,10,,0,2,8,22,B01
202100048438,1,1,,0,2,7,1,A01
202100048439,1,1,,0,2,2,2,B01
202100048439,1,7,,0,2,8,22,A01
202100048440,1,43,,0,2,0,1,C01
202100048440,1,34,,0,2,1,1,B01
202100048440,2,7,,0,2,0,15,A01
202100048441,3,30,,0,2,3,15,B01
202100048441,3,7,,0,2,1,1,A01
202100048442,1,1,,0,0,0,21,A01
202100048443,2,1,,0,2,1,1,B01
202100048443,1,1,,0,2,1,17,A01
202100048444,2,7,,0,1,4,20,A01
202100048445,1,7,,0,1,1,26,A01
202100048446,1,30,,0,2,9,1,A01
202100048446,2,7,,0,2,3,1,B01
202100048447,1,10,,7,0,1,1,A01
202100048448,1,1,,0,2,1,1,B01
202100048448,1,10,,0,2,3,13,A01
202100048449,2,7,,0,2,4,1,C01
202100048449,2,7,,0,2,4,1,B01
202100048449,2,7,,0,2,1,1,A01
202100048450,1,7,,0,1,1,15,A01
202100048451,0,30,,0,2,0,26,Z01
202100048452,-1,14,,0,2,8,2,A01
202100048452,-1,30,,0,2,7,2,B01
202100048453,1,10,,8,0,7,26,A01
202100048453,1,10,,0,2,1,0,B01
202100048454,0,99,,0,1,0,26,Z01
202100048455,1,7,,0,1,3,13,A01
202100048456,1,32,,0,2,1,2,A01
202100048456,1,7,,0,2,4,2,B01
202100048457,2,7,,0,2,2,26,A01
202100048457,2,7,,0,2,3,15,B01
202100048458,2,7,,0,2,1,2,A01
202100048458,1,7,,0,2,4,23,B01
202100048459,2,7,,12,1,9,23,A01
202100048459,2,10,,0,2,1,2,B01
202100048460,1,10,,0,2,6,20,B01
202100048460,1,31,,0,2,2,2,A01
202100048461,0,7,,0,0,9,1,A01
202100048462,1,1,,0,2,6,1,B01
202100048462,1,10,,0,2,2,2,A01
202100048463,2,7,,13,0,2,1,A01
202100048464,1,7,,0,2,4,2,B01
202100048464,1,7,,0,2,1,2,A01
202100048465,1,7,,0,0,0,1,A01
202100048466,2,7,,0,2,1,1,A01
202100048466,1,7,,0,2,1,13,B01
202100048467,1,10,,13,0,2,0,A01
202100048468,1,7,,0,2,3,15,B01
202100048468,1,7,,8,2,2,17,A01
202100048469,2,7,,1,0,8,26,A01
202100048470,2,7,,2,0,0,13,A01
202100048471,2,15,,0,2,6,1,A01
202100048471,1,7,,0,2,3,1,B01
202100048472,1,7,,0,1,1,16,A01
202100048473,2,7,,2,0,9,14,A01
202100048474,1,10,,0,2,2,1,B01
202100048474,2,33,,0,2,8,1,A01
202100048475,1,33,,13,0,1,1,A01
202100048476,2,7,,0,2,2,1,B01
202100048476,2,7,,0,2,3,9,A01
202100048477,2,7,,0,2,1,1,C01
202100048477,2,7,,0,2,1,1,B01
202100048477,1,7,,0,2,1,5,A01
202100048478,1,1,,0,2,3,21,A01
202100048478,1,15,,0,0,0,1,C01
202100048478,2,15,,0,2,3,1,B01
202100048479,2,3,,1,0,2,1,A01
202100048480,2,7,,0,0,3,1,B01
202100048480,1,7,,0,0,8,19,A01
202100048481,2,7,,0,2,8,1,B01
202100048481,1,10,,0,2,3,13,A01
202100048482,2,7,,6,0,9,14,A01
202100048483,3,7,,0,2,3,15,A01
202100048483,2,2,,0,2,1,1,B01
202100048484,2,7,,0,2,3,11,A01
202100048484,2,15,,0,0,5,1,B01
202100048484,2,7,,0,2,7,17,C01
202100048485,2,7,,4,0,3,1,A01
202100048486,1,7,,0,2,1,1,B01
202100048486,2,7,,0,2,7,13,A01
202100048487,1,7,,0,0,4,23,A01
202100048487,1,7,,0,0,1,26,B01
202100048488,1,10,,0,0,0,0,A01
202100048489,2,2,,0,2,1,17,A01
202100048489,1,7,,0,2,1,1,B01
202100048490,1,7,,0,0,3,1,B01
202100048490,2,7,,0,0,3,13,A01
202100048491,2,7,,0,2,1,2,B01
202100048491,2,7,,0,2,4,1,A01
202100048492,1,7,,0,2,4,1,A01
202100048492,1,7,,0,2,1,2,B01
202100048493,1,14,,0,2,5,12,A01
202100048493,1,7,,0,2,3,1,B01
202100048494,2,17,,0,2,6,1,B01
202100048494,2,10,,0,2,2,14,A01
202100048495,2,33,,0,2,3,1,A01
202100048495,2,7,,0,2,8,11,B01
202100048496,2,7,,0,0,0,26,A01
202100048496,2,7,,0,0,0,0,B01
202100048497,2,14,,0,2,0,1,A01
202100048497,2,7,,0,2,3,2,B01
202100048498,2,7,,0,2,1,2,A01
202100048498,2,7,,0,2,4,2,B01
202100048498,2,7,,0,2,4,2,C01
202100048499,1,30,,0,2,2,12,B01
202100048499,1,15,,0,2,6,1,A01
202100048500,2,33,,0,2,1,3,A01
202100048500,2,10,,0,2,8,11,B01
202100048501,0,39,,0,1,1,1,A01
202100048502,2,7,,0,1,1,1,A01
202100048503,2,33,,0,2,2,16,A01
202100048503,1,7,,0,2,3,1,B01
202100048504,2,7,,0,2,1,9,A01
202100048504,2,7,,0,2,4,23,B01
202100048505,3,1,,0,1,1,1,A01
202100048506,3,1,,0,0,4,15,B01
202100048506,3,7,,0,9,1,16,A01
202100048507,1,7,,0,2,6,21,B01
202100048507,1,7,,0,2,2,2,A01
202100048508,1,7,,0,2,3,9,A01
202100048508,3,1,,0,2,0,0,B01
202100048509,2,7,,0,1,1,16,Z01
202100048510,3,7,,0,2,1,17,A01
202100048511,3,7,,1,2,8,0,C01
202100048511,3,2,,0,2,3,1,B01
202100048511,3,7,,0,2,1,13,A01
202100048512,3,32,,0,2,3,17,A01
202100048513,3,37,1.0,0,1,2,1,Z01
202100048514,2,14,,0,2,1,1,A01
202100048514,2,7,,0,0,4,1,B01
202100048515,2,7,,0,2,4,0,B01
202100048515,2,2,,0,2,1,1,A01
202100048516,2,7,,0,2,8,9,A01
202100048516,1,30,,0,2,1,1,B01
202100048517,1,7,,0,2,6,23,B01
202100048517,1,7,,0,2,3,1,A01
202100048518,1,14,,0,2,1,13,A01
202100048518,2,17,,0,2,3,1,B01
202100048519,2,7,,15,0,1,1,A01
202100048520,1,7,,1,2,3,23,A01
202100048520,1,1,,14,0,2,25,B01
202100048521,1,10,,0,2,1,2,A01
202100048521,1,7,,0,2,4,23,C01
202100048521,1,7,,0,2,4,23,B01
202100048522,1,32,,0,2,1,1,A01
202100048522,2,7,,0,2,1,15,B01
202100048523,2,7,,0,2,6,15,B01
202100048523,1,7,,0,2,3,1,A01
202100048524,1,1,,0,2,7,19,B01
202100048524,2,7,,0,2,1,1,A01
202100048525,1,10,,0,2,1,1,A01
202100048525,2,1,,0,2,0,0,B01
202100048526,1,7,,0,2,1,15,A01
202100048526,2,7,,0,2,8,1,B01
202100048527,2,7,,0,2,0,0,B01
202100048527,1,2,,0,2,1,13,A01
202100048528,2,7,,8,2,1,1,A01
202100048528,3,7,,0,2,3,1,C01
202100048528,3,7,,0,2,6,1,B01
202100048529,2,80,,0,2,3,15,A01
202100048529,2,7,,0,2,2,23,B01
202100048530,2,10,,0,2,1,1,A01
202100048530,1,1,,0,2,3,15,B01
202100048531,2,7,,0,2,1,1,B01
202100048531,1,7,,0,2,7,15,A01
202100048532,1,2,,0,2,7,15,A01
202100048532,2,7,,0,2,2,1,B01
202100048533,3,7,,0,2,4,1,B01
202100048533,3,1,,0,2,1,2,A01
202100048534,1,30,,0,2,2,12,A01
202100048534,2,30,,0,2,3,1,B01
202100048535,1,7,,0,2,7,12,A01
202100048535,1,1,,0,2,8,0,B01
202100048536,0,7,,0,2,4,23,B01
202100048536,1,7,,0,0,4,23,C01
202100048536,1,37,1.0,0,2,1,2,A01
202100048537,3,7,,0,2,2,21,A01
202100048537,3,7,,0,2,3,9,B01
202100048538,1,17,,0,2,3,15,A01
202100048538,1,7,,0,2,0,1,B01
202100048539,1,10,,0,2,1,1,B01
202100048539,1,7,,0,2,8,16,A01
202100048540,1,7,,8,0,5,13,A01
202100048541,1,7,,0,2,2,1,A01
202100048541,3,80,,0,2,3,19,B01
202100048542,1,7,,0,1,8,1,A01
202100048543,2,7,,14,0,3,13,A01
202100048544,3,7,,0,2,1,2,A01
202100048544,3,7,,0,2,1,2,B01
202100048544,3,7,,0,9,4,2,C01
202100048545,2,7,,0,1,2,16,A01
202100048546,1,14,,0,2,0,0,B01
202100048546,1,7,,4,2,0,9,A01
202100048547,3,14,,0,2,2,1,B01
202100048547,0,7,,9,2,7,15,A01
202100048548,2,7,,0,2,1,1,B01
202100048548,2,7,,0,2,1,1,A01
202100048549,1,7,,0,2,3,15,A01
202100048549,2,10,,0,2,1,1,B01
202100048550,2,7,,0,2,1,0,A01
202100048550,2,7,,0,2,2,1,B01
202100048551,0,7,,0,1,2,1,A01
202100048552,3,7,,0,2,7,19,A01
202100048552,3,7,,0,2,1,26,B01
202100048553,3,80,,0,2,4,1,B01
202100048553,3,13,,0,2,4,4,A01
202100048554,2,7,,0,2,3,1,A01
202100048554,2,7,,0,2,4,0,B01
202100048554,2,7,,0,2,6,1,C01
202100048555,1,7,,0,1,2,1,A01
202100048556,1,10,,0,1,1,1,A01
202100048557,1,32,,0,1,8,1,B01
202100048557,2,7,,0,2,1,19,A01
202100048558,2,7,,0,2,1,19,A01
202100048558,2,7,,0,9,3,23,B01
202100048559,0,37,1.0,0,1,5,14,A01
202100048560,1,7,,0,2,2,1,A01
202100048560,1,32,,0,2,1,1,B01
202100048561,1,7,,0,1,1,1,A01
202100048562,1,2,,0,0,0,7,A01
202100048563,1,1,,12,0,1,9,A01
202100048564,1,10,,0,2,8,13,A01
202100048564,1,32,,0,2,7,1,B01
202100048565,2,31,,0,2,3,1,B01
202100048565,2,7,,0,2,2,1,A01
202100048566,3,7,,0,2,3,1,B01
202100048566,1,32,,1,2,1,1,A01
202100048567,1,30,,0,2,7,1,A01
202100048567,1,10,,0,2,1,15,B01
202100048568,1,1,,0,0,0,1,A01
202100048569,2,32,,0,2,1,1,B01
202100048569,1,7,,0,2,6,10,A01
202100048570,1,2,,0,2,2,17,B01
202100048570,1,7,,0,2,3,1,A01
202100048571,1,14,,0,2,3,13,B01
202100048571,1,34,,0,2,2,17,A01
202100048572,1,7,,0,2,3,9,A01
202100048572,1,30,,0,2,2,1,B01
202100048573,1,10,,0,1,4,20,A01
202100048574,1,7,,0,2,1,1,A01
202100048574,1,7,,0,2,4,24,B01
202100048575,2,10,,0,1,2,16,A01
202100048576,1,10,,0,2,1,1,A01
202100048576,2,14,,0,2,0,1,B01
202100048577,1,32,,0,2,1,2,Z01
202100048577,1,32,,0,2,4,23,A01
202100048578,2,7,,0,2,3,1,A01
202100048578,1,7,,0,2,1,15,B01
202100048579,2,80,,0,1,1,21,Z01
202100048580,2,10,,0,2,8,1,B01
202100048580,1,7,,0,2,1,1,A01
202100048581,1,10,,0,2,0,19,A01
202100048581,1,50,,0,2,6,1,B01
202100048582,2,7,,0,1,3,21,A01
202100048583,1,30,,0,0,1,1,A01
202100048584,2,2,,0,0,8,0,A01
202100048585,1,7,,0,1,2,1,A01
202100048586,2,43,,0,1,7,2,A01
202100048587,1,34,,0,2,2,17,A01
202100048588,3,10,,0,1,4,4,A01
202100048589,-1,7,,0,2,5,15,A01
202100048589,-1,33,,0,2,3,21,B01
202100048590,2,32,,0,2,8,1,B01
202100048590,1,7,,0,2,1,15,A01
202100048591,1,1,,0,2,1,26,Y01
202100048591,1,7,,0,0,3,9,A01
202100048592,-1,7,,0,2,0,0,B01
202100048592,0,7,,0,2,3,9,A01
202100048593,1,7,,1,0,2,1,A01
202100048594,1,7,,0,2,3,15,B01
202100048594,2,31,,0,2,3,1,A01
202100048595,1,7,,0,2,1,0,Z01
202100048595,1,30,,0,2,4,23,A01
202100048596,2,7,,0,2,2,15,A01
202100048596,1,33,,0,2,1,1,B01
202100048597,2,15,,0,1,3,13,A01
202100048598,1,7,,2,0,8,0,A01
202100048599,2,10,,0,1,1,1,A01
202100048600,3,7,,16,0,0,14,A01
202100048601,1,31,,0,2,1,1,A01
202100048601,2,7,,0,2,3,10,B01
202100048602,1,7,,0,2,2,16,A01
202100048602,2,50,,0,0,6,1,B01
202100048603,1,7,,0,2,2,1,A01
202100048603,1,80,,0,2,1,1,B01
202100048604,2,7,,0,2,1,1,B01
202100048604,1,31,,0,2,1,13,A01
202100048605,2,7,,10,0,1,19,A01
202100048606,3,14,,0,1,2,15,A01
202100048607,2,1,,1,0,1,2,B01
202100048607,2,14,,0,0,6,0,A01
202100048608,1,7,,0,1,3,15,A01
202100048609,3,2,,0,0,0,1,A01
202100048610,1,7,,10,0,2,1,A01
202100048611,2,7,,15,2,3,1,A01
202100048611,0,7,,7,2,7,1,B01
202100048612,3,7,,2,0,1,1,A01
202100048613,2,7,,2,0,1,19,A01
202100048614,2,10,,0,1,7,1,A01
202100048615,1,2,,0,0,0,1,A01
202100048616,1,33,,0,0,2,1,A01
202100048617,0,2,,0,0,6,2,A01
202100048618,1,7,,0,2,4,15,B01
202100048618,1,7,,0,2,1,1,A01
202100048619,2,7,,0,2,3,1,B01
202100048619,1,7,,0,2,3,0,A01
202100048620,1,7,,8,0,7,0,A01
202100048621,1,7,,0,1,3,17,A01
202100048622,1,7,,0,2,1,1,A01
202100048622,1,1,,0,2,4,14,B01
202100048623,1,7,,0,0,4,2,B01
202100048623,1,7,,0,0,1,2,A01
202100048624,2,7,,8,0,1,1,A01
202100048625,1,17,,0,0,4,1,E01
202100048625,1,17,,0,2,2,11,A01
202100048625,1,7,,0,2,4,1,B01
202100048625,1,7,,0,2,4,1,C01
202100048625,1,7,,0,2,4,1,D01
202100048626,1,17,,0,2,1,1,B01
202100048626,2,7,,0,2,2,1,A01
202100048627,1,33,,5,0,7,14,A01
202100048628,0,2,,0,2,1,18,B01
202100048628,0,7,,0,2,7,16,A01
202100048629,1,7,,0,2,2,2,B01
202100048629,1,10,,0,2,6,1,A01
202100048630,3,7,,0,2,3,19,B01
202100048630,2,7,,0,2,2,1,A01
202100048631,2,31,,0,2,1,1,A01
202100048631,2,7,,0,2,3,15,B01
202100048632,2,10,,0,2,3,1,B01
202100048632,1,7,,0,2,1,1,A01
202100048633,1,7,,2,0,8,13,A01
202100048634,2,33,,0,2,2,2,A01
202100048634,2,7,,0,2,3,1,B01
202100048635,2,10,,0,2,1,2,B01
202100048635,2,7,,0,2,4,2,A01
202100048636,2,7,,0,2,4,2,B01
202100048636,2,7,,0,2,4,2,A01
202100048636,2,10,,0,2,1,2,C01
202100048637,1,7,,0,2,5,1,C01
202100048637,2,7,,0,2,4,1,B01
202100048637,2,7,,0,2,1,11,A01
202100048638,2,7,,4,0,9,0,A01
202100048639,1,7,,0,2,4,2,A01
202100048639,1,7,,0,2,1,2,C01
202100048639,1,7,,0,2,4,2,B01
202100048640,2,7,,0,2,1,2,A01
202100048640,2,7,,0,2,4,2,B01
202100048640,2,7,,0,2,4,2,C01
202100048641,2,7,,4,0,2,0,A01
202100048642,1,33,,4,2,3,9,B01
202100048642,1,17,,0,2,7,1,A01
202100048643,2,7,,0,2,4,1,B01
202100048643,2,32,,0,2,1,0,A01
202100048644,3,7,,0,1,2,0,A01
202100048645,1,7,,0,2,5,15,A01
202100048645,1,32,,0,2,1,3,B01
202100048646,3,7,,0,1,1,1,A01
202100048647,1,7,,0,2,1,1,B01
202100048647,1,7,,0,2,2,1,A01
202100048648,1,7,,0,1,0,0,A01
202100048649,3,32,,0,1,1,0,A01
202100048650,2,7,,0,2,8,15,B01
202100048650,2,1,,0,2,1,17,A01
202100048651,2,2,,14,0,1,1,A01
202100048652,1,7,,0,2,1,2,A01
202100048652,1,7,,0,2,6,2,B01
202100048652,1,7,,0,2,4,21,C01
202100048653,2,33,,0,2,1,1,A01
202100048653,2,14,,0,2,2,15,B01
202100048654,3,37,1.0,1,1,5,16,A01
202100048655,1,7,,0,2,3,15,A01
202100048655,1,7,,0,2,1,1,B01
202100048655,1,7,,0,2,9,1,C01
202100048655,1,7,,1,0,4,24,D01
202100048656,2,7,,0,0,1,9,A01
202100048657,1,34,,0,2,1,1,B01
202100048657,2,7,,0,2,3,15,A01
202100048658,3,32,,0,2,7,1,B01
202100048658,3,7,,0,2,1,9,A01
202100048659,2,1,,0,2,1,26,B01
202100048659,0,7,,0,2,3,26,A01
202100048660,2,7,,0,1,2,1,A01
202100048661,3,33,,0,2,1,1,B01
202100048661,3,7,,0,2,2,17,A01
202100048662,0,7,,0,2,1,2,A01
202100048662,3,13,,0,2,4,23,B01
202100048663,2,32,,0,0,0,0,A01
202100048664,2,50,,0,2,1,1,B01
202100048664,1,10,,0,2,0,10,A01
202100048665,1,7,,0,2,3,9,B01
202100048665,1,7,,0,2,1,9,A01
202100048666,2,1,,0,2,1,15,A01
202100048666,1,7,,0,2,1,1,B01
202100048667,1,7,,0,2,1,20,A01
202100048667,3,7,,0,2,3,1,B01
202100048668,2,33,,15,0,1,14,A01
202100048669,1,7,,0,2,1,19,A01
202100048669,3,7,,0,2,7,1,B01
202100048670,1,2,,0,2,0,1,A01
202100048671,0,7,,0,1,3,9,Z01
202100048672,1,2,,0,2,8,9,A01
202100048672,2,7,,0,2,1,26,Z01
202100048673,1,31,,0,0,0,23,A01
202100048674,2,33,,0,2,2,12,B01
202100048674,2,7,,0,2,3,13,A01
202100048675,3,99,,0,1,0,17,Z01
202100048676,3,7,,0,2,8,1,B01
202100048676,2,7,,0,2,1,1,A01
202100048677,3,7,,0,2,1,2,A01
202100048677,3,13,,0,2,4,2,B01
202100048678,1,15,,0,2,5,14,A01
202100048678,1,80,,0,2,1,7,B01
202100048679,1,33,,0,2,2,1,B01
202100048679,1,7,,0,2,3,11,A01
202100048680,1,33,,14,0,3,12,A01
202100048680,1,7,,0,2,3,9,B01
202100048681,1,15,,0,2,7,17,A01
202100048681,1,3,,0,2,3,15,B01
202100048682,3,7,,0,2,2,1,B01
202100048682,3,7,,0,2,1,1,A01
202100048683,1,7,,0,2,2,1,B01
202100048683,2,30,,0,2,8,26,A01
202100048684,0,32,,0,1,2,17,A01
202100048685,2,7,,0,2,3,15,B01
202100048685,2,1,,0,2,1,1,A01
202100048686,1,7,,0,2,3,1,A01
202100048686,1,7,,0,2,0,0,Z01
202100048687,0,34,,0,2,1,1,A01
202100048687,0,7,,0,2,6,0,B01
202100048688,1,7,,0,2,0,0,A01
202100048688,1,3,,0,2,0,24,B01
202100048689,2,7,,0,2,8,1,C01
202100048689,1,30,,0,2,1,1,A01
202100048689,1,32,,0,2,1,1,B01
202100048690,1,34,,0,1,2,2,A01
202100048691,2,32,,1,0,1,2,B01
202100048691,2,15,,0,2,6,24,A01
202100048692,0,30,,0,0,0,1,A01
202100048693,2,10,,0,1,2,1,A01
202100048694,2,30,,1,1,1,1,A01
202100048695,3,7,,0,2,6,15,A01
202100048695,3,32,,0,2,7,17,B01
202100048696,2,50,,0,2,1,1,B01
202100048696,1,7,,0,2,5,15,A01
202100048697,3,34,,0,2,1,17,A01
202100048697,3,7,,0,2,8,10,B01
202100048698,1,7,,1,1,0,23,B01
202100048698,1,7,,0,2,1,1,A01
202100048699,1,7,,0,1,2,1,A01
202100048700,1,1,,0,1,1,21,A01
202100048701,1,1,,0,2,1,19,A01
202100048701,1,7,,0,2,6,15,B01
202100048702,2,7,,0,2,8,22,A01
202100048702,1,1,,0,2,1,1,B01
202100048703,1,7,,0,2,1,1,A01
202100048703,1,7,,0,2,1,11,B01
202100048704,1,7,,0,1,3,1,A01
202100048705,2,7,,1,1,3,1,A01
202100048706,2,33,,0,2,1,5,A01
202100048706,1,7,,0,2,1,1,B01
202100048707,2,10,,1,0,1,0,B01
202100048707,2,7,,1,0,0,0,A01
202100048708,1,7,,1,2,7,2,A01
202100048709,3,7,,0,1,2,2,A01
202100048710,3,30,,0,2,3,19,B01
202100048710,3,32,,0,2,5,9,A01
202100048711,2,10,,0,2,2,1,A01
202100048711,2,99,,0,2,3,9,B01
202100048712,2,34,,0,1,0,17,A01
202100048713,2,7,,1,1,3,17,A01
202100048714,1,30,,0,0,0,0,B01
202100048714,1,7,,0,0,1,15,A01
202100048715,0,7,,0,1,2,9,A01
202100048716,3,7,,15,2,1,13,A01
202100048717,1,60,,0,2,7,19,B01
202100048717,1,30,,0,2,1,18,A01
202100048718,3,7,,0,2,1,15,A01
202100048718,2,1,,0,2,1,1,B01
202100048719,2,17,,0,2,8,16,A01
202100048719,2,33,,0,0,0,1,B01
202100048720,2,7,,0,1,0,1,A01
202100048721,1,32,,0,2,1,1,B01
202100048721,1,7,,0,2,7,14,C01
202100048721,2,7,,0,2,1,15,Z01
202100048722,1,7,,0,2,1,15,B01
202100048722,2,10,,0,2,2,1,A01
202100048723,2,7,,0,2,5,1,B01
202100048723,2,7,,0,2,1,1,A01
202100048724,3,2,,13,0,1,1,A01
202100048725,1,10,,0,0,0,13,A01
202100048726,2,1,,0,2,8,2,B01
202100048726,2,7,,0,2,7,2,A01
202100048727,2,7,,0,2,1,1,B01
202100048727,0,7,,7,0,7,19,A01
202100048728,2,7,,0,0,2,1,A01
202100048728,2,33,,0,2,3,11,B01
202100048729,2,1,,0,2,8,1,B01
202100048729,1,7,,0,9,1,15,A01
202100048730,1,7,,0,2,4,2,A01
202100048730,1,7,,0,2,1,2,B01
202100048731,3,33,,0,0,1,1,A01
202100048732,2,10,,2,0,3,0,A01
202100048733,1,10,,0,2,3,15,A01
202100048733,2,33,,0,2,1,1,B01
202100048734,2,7,,0,2,4,1,B01
202100048734,2,33,,0,2,1,1,A01
202100048735,1,7,,6,0,8,1,A01
202100048736,2,7,,0,2,4,1,B01
202100048736,1,7,,0,2,2,1,A01
202100048737,1,7,,0,2,3,1,A01
202100048737,2,7,,0,2,1,19,B01
202100048738,1,7,,2,0,1,1,A01
202100048739,1,2,,13,0,0,1,A01
202100048740,1,7,,8,0,1,0,A01
202100048741,2,7,,0,2,3,1,B01
202100048741,1,7,,0,2,3,13,A01
202100048742,2,7,,0,2,7,1,B01
202100048742,1,7,,0,2,1,1,A01
202100048743,2,7,,0,2,8,19,A01
202100048743,1,7,,0,2,1,1,B01
202100048744,1,10,,3,2,4,11,B01
202100048744,1,7,,0,2,1,17,A01
202100048745,2,33,,0,2,1,1,B01
202100048745,2,7,,0,2,3,10,A01
202100048746,3,50,,14,0,1,1,A01
202100048747,2,1,,0,2,3,2,A01
202100048747,2,7,,0,9,2,0,B01
202100048748,2,7,,0,2,6,15,B01
202100048748,1,7,,0,2,1,1,A01
202100048749,2,7,,0,2,2,13,A01
202100048749,1,31,,0,2,1,0,B01
202100048750,3,1,,0,0,0,0,A01
202100048751,0,7,,0,2,2,19,A01
202100048751,1,7,,0,2,3,1,B01
202100048752,3,2,,0,2,1,1,A01
202100048752,3,7,,0,0,4,1,B01
202100048753,2,2,,17,0,1,1,A01
202100048754,1,7,,13,0,3,13,A01
202100048755,1,7,,0,1,2,2,A01
202100048756,2,7,,0,1,3,15,A01
202100048757,2,33,,0,0,0,0,A01
202100048758,1,7,,14,0,3,1,A01
202100048758,1,15,,0,2,5,23,B01
202100048759,1,7,,0,2,1,2,A01
202100048759,1,7,,0,2,4,21,B01
202100048759,1,7,,0,2,4,2,C01
202100048760,2,15,,0,2,2,12,B01
202100048760,2,7,,0,2,6,1,A01
202100048761,2,33,,0,0,0,0,A01
202100048762,2,7,,0,2,6,11,B01
202100048762,2,7,,0,2,2,1,A01
202100048763,1,13,,3,2,4,2,A01
202100048764,2,33,,0,0,2,1,A01
202100048765,1,7,,0,2,4,2,B01
202100048765,2,10,,0,2,1,2,A01
202100048766,2,7,,4,2,7,1,B01
202100048766,2,17,,0,2,8,11,A01
202100048767,2,7,,0,2,8,11,A01
202100048767,2,34,,0,2,7,1,B01
202100048768,1,32,,0,2,1,3,A01
202100048768,1,7,,0,2,2,12,B01
202100048769,1,10,,0,2,4,2,C01
202100048769,1,10,,0,2,1,2,A01
202100048769,1,7,,0,2,4,2,B01
202100048770,1,7,,0,2,1,1,A01
202100048770,1,10,,0,2,4,1,B01
202100048771,1,7,,5,0,1,14,A01
202100048772,1,31,,0,2,7,1,B01
202100048772,2,7,,0,2,1,9,A01
202100048773,3,7,,0,1,1,15,A01
202100048774,1,40,,0,1,7,1,A01
202100048775,1,7,,0,2,2,16,A01
202100048775,1,33,,0,2,0,1,B01
202100048776,2,7,,0,2,3,10,A01
202100048776,2,32,,0,2,7,17,B01
202100048777,3,32,,0,2,3,1,B01
202100048777,3,10,,0,2,2,12,A01
202100048778,2,7,,0,2,3,9,A01
202100048778,2,7,,0,2,2,1,B01
202100048779,3,1,,0,1,1,16,Z01
202100048780,2,1,,0,2,4,23,B01
202100048780,2,1,,0,2,1,1,A01
202100048781,2,1,,0,2,6,1,A01
202100048781,0,7,,0,2,0,14,Z01
202100048782,2,2,,0,0,7,1,A01
202100048783,1,7,,0,2,3,1,B01
202100048783,1,33,,0,2,1,1,A01
202100048784,1,32,,0,1,1,1,A01
202100048785,1,30,,0,0,3,1,A01
202100048786,2,1,,0,2,1,1,B01
202100048786,1,50,,0,2,1,13,A01
202100048787,1,7,,0,1,2,1,Z01
202100048788,2,7,,8,0,4,20,A01
202100048789,2,34,,0,2,7,1,B01
202100048789,3,7,,0,2,2,15,A01
202100048790,1,7,,0,2,1,19,A01
202100048790,3,7,,0,2,1,0,B01
202100048791,3,10,,0,2,1,1,B01
202100048791,-1,7,,0,2,8,10,A01
202100048791,3,7,,0,2,2,1,C01
202100048792,1,7,,15,1,1,1,A01