Num_Acc,senc,catv,occutc,obs,obsm,choc,manv,num_veh
202100049546,2,7,,0,2,1,1,A01
202100049547,3,33,,0,1,1,18,A01
202100049548,2,7,,0,2,1,16,A01
202100049548,3,80,,0,2,8,19,B01
202100049549,1,10,,8,0,1,2,A01
202100049550,0,7,,0,0,2,0,A01
202100049551,1,7,,3,2,1,9,A01
202100049551,1,7,,5,0,4,23,B01
202100049552,2,15,,0,0,0,14,A01
202100049553,1,7,,7,0,3,1,D01
202100049553,1,7,,0,2,8,1,C01
202100049553,1,7,,0,2,1,1,B01
202100049553,2,7,,0,2,3,1,A01
202100049554,1,7,,0,2,3,15,A01
202100049554,1,1,,0,2,1,17,B01
202100049555,2,7,,0,2,2,1,A01
202100049555,2,1,,0,2,8,1,B01
202100049556,2,33,,0,0,8,16,A01
202100049557,1,7,,0,2,1,1,B01
202100049557,2,7,,0,2,1,1,A01
202100049558,2,13,,0,2,3,1,B01
202100049558,1,7,,0,2,3,13,A01
202100049559,2,2,,0,2,8,1,A01
202100049559,2,10,,0,2,2,13,B01
202100049560,2,7,,0,0,1,1,B01
202100049560,1,7,,3,2,3,13,A01
202100049561,1,32,,3,2,1,2,A01
202100049561,1,7,,0,0,4,23,B01
202100049562,1,33,,0,0,8,0,A01
202100049563,1,7,,0,0,4,15,B01
202100049563,1,15,,0,0,1,1,A01
202100049564,2,7,,0,2,1,1,B01
202100049564,2,2,,0,0,8,15,A01
202100049565,3,33,,16,0,0,1,A01
202100049566,2,7,,0,1,3,15,A01
202100049567,0,7,,1,0,2,0,A01
202100049568,3,33,,0,2,1,2,A01
202100049568,3,7,,0,0,6,2,B01
202100049568,3,7,,0,2,3,1,C01
202100049569,1,1,,0,2,3,2,A01
202100049569,1,33,,0,2,0,17,B01
202100049570,1,7,,0,9,2,1,A01
202100049570,3,1,,0,2,2,9,B01
202100049571,1,7,,0,9,3,1,A01
202100049572,1,7,,0,2,1,21,A01
202100049572,1,7,,0,2,4,23,B01
202100049573,1,15,,0,2,2,0,B01
202100049573,1,7,,0,2,8,1,A01
202100049574,1,7,,0,2,0,23,A01
202100049574,1,7,,0,2,5,21,B01
202100049574,1,10,,0,2,3,21,C01
202100049575,1,7,,16,0,9,1,A01
202100049576,1,7,,0,2,3,1,C01
202100049576,1,15,,0,2,6,1,B01
202100049576,1,7,,0,2,2,11,A01
202100049577,2,7,,0,2,1,2,A01
202100049577,2,7,,0,2,5,2,B01
202100049578,1,7,,0,2,1,2,A01
202100049578,1,10,,0,2,4,2,B01
202100049579,2,32,,0,0,9,1,A01
202100049580,2,7,,4,0,3,26,A01
202100049581,2,17,,0,2,8,22,B01
202100049581,2,33,,0,2,1,3,A01
202100049582,2,33,,0,2,2,1,A01
202100049582,2,10,,0,2,4,13,B01
202100049583,1,10,,0,2,4,2,C01
202100049583,1,7,,0,2,4,2,B01
202100049583,1,7,,0,2,1,2,A01
202100049584,2,10,,0,2,1,1,D01
202100049584,2,17,,0,2,1,1,E01
202100049584,2,17,,0,2,3,11,A01
202100049584,2,7,,0,2,2,1,B01
202100049584,2,7,,0,2,7,1,C01
202100049585,2,7,,0,2,4,2,B01
202100049585,2,33,,0,2,1,2,A01
202100049586,1,33,,0,2,1,2,A01
202100049586,1,7,,0,2,4,2,B01
202100049587,2,10,,0,2,1,1,A01
202100049587,2,7,,0,2,4,23,B01
202100049587,2,7,,0,2,4,23,E01
202100049587,2,7,,0,2,1,1,F01
202100049587,2,7,,0,2,4,23,C01
202100049587,2,7,,0,2,4,23,D01
202100049588,2,7,,0,2,1,2,C01
202100049588,2,7,,0,2,2,12,B01
202100049588,2,10,,0,2,6,2,A01
202100049589,2,7,,0,2,4,2,A01
202100049589,2,7,,0,2,9,2,B01
202100049589,2,10,,0,2,1,2,C01
202100049590,2,17,,0,2,1,2,C01
202100049590,2,17,,0,2,4,2,D01
202100049590,2,17,,0,2,1,2,A01
202100049590,2,14,,0,2,1,2,B01
202100049591,3,30,,0,1,6,26,A01
202100049592,3,7,,15,0,1,1,A01
202100049592,3,7,,0,2,6,19,B01
202100049593,2,7,,0,2,5,1,A01
202100049593,2,1,,0,2,8,15,B01
202100049594,1,10,,0,1,7,20,A01
202100049595,1,7,,0,2,8,23,B01
202100049595,1,7,,0,2,1,26,A01
202100049596,1,33,,0,4,1,1,A01
202100049596,2,0,,0,-1,-1,26,Z01
202100049597,2,7,,15,0,2,12,A01
202100049598,2,7,,0,2,6,16,B01
202100049598,2,7,,0,2,2,1,A01
202100049599,2,30,,0,2,1,13,B01
202100049599,2,7,,0,2,2,26,A01
202100049600,1,7,,0,2,0,0,B01
202100049600,1,33,,0,2,1,2,A01
202100049601,3,33,,0,2,7,16,A01
202100049601,3,10,,0,2,2,1,B01
202100049602,3,7,,0,1,2,1,A01
202100049603,3,1,,0,2,3,1,B01
202100049603,3,10,,0,2,1,15,A01
202100049604,3,7,,8,2,7,2,A01
202100049605,1,7,,0,2,1,1,B01
202100049605,1,7,,0,2,7,1,A01
202100049606,3,7,,0,1,7,1,A01
202100049607,0,30,,0,0,7,2,B01
202100049607,1,30,,0,0,7,1,A01
202100049608,1,7,,0,2,1,2,A01
202100049608,1,7,,0,2,4,2,B01
202100049609,1,7,,0,2,1,1,B01
202100049609,1,7,,0,2,4,1,A01
202100049609,1,7,,0,2,1,1,D01
202100049609,1,7,,0,2,1,1,C01
202100049610,1,33,,0,2,8,1,A01
202100049610,1,7,,0,2,2,16,B01
202100049611,0,7,,0,2,1,15,B01
202100049611,0,7,,0,2,3,1,A01
202100049612,0,7,,0,2,2,15,A01
202100049612,0,33,,0,2,1,2,B01
202100049613,3,1,,0,2,5,19,B01
202100049613,3,7,,0,2,5,26,A01
202100049614,0,33,,0,2,1,1,A01
202100049614,0,7,,0,2,1,15,B01
202100049615,0,7,,1,0,1,21,A01
202100049616,0,7,,0,1,1,1,A01
202100049617,2,1,,0,0,0,1,A01
202100049618,1,3,,0,1,1,1,A01
202100049619,1,7,,0,2,1,1,A01
202100049619,2,7,,0,2,1,15,B01
202100049620,1,7,,0,1,0,9,A01
202100049621,1,30,,0,2,1,1,B01
202100049621,1,7,,0,2,5,15,A01
202100049622,1,80,,0,1,0,1,A01
202100049623,1,7,,0,1,1,1,A01
202100049624,1,1,,0,2,1,2,B01
202100049624,1,7,,0,2,4,2,A01
202100049625,1,7,,0,1,1,15,A01
202100049626,1,7,,0,2,4,2,C01
202100049626,1,7,,0,2,4,2,B01
202100049626,1,7,,0,2,1,2,A01
202100049627,1,7,,0,2,4,23,B01
202100049627,1,7,,0,2,1,1,A01
202100049627,1,7,,0,2,4,23,C01
202100049627,1,7,,0,2,4,23,D01
202100049628,2,7,,0,2,2,15,A01
202100049628,1,10,,0,2,1,1,B01
202100049629,2,7,,0,2,2,15,A01
202100049629,1,7,,0,2,3,1,B01
202100049630,1,1,,0,2,0,1,A01
202100049631,1,7,,0,2,0,0,A01
202100049631,3,7,,0,2,1,23,C01
202100049631,3,7,,0,2,1,9,B01
202100049632,1,7,,0,2,3,1,B01
202100049632,2,30,,0,2,1,13,A01
202100049633,2,33,,12,0,3,13,A01
202100049634,1,7,,0,2,2,15,A01
202100049634,1,33,,0,2,1,1,B01
202100049635,1,2,,15,0,1,1,A01
202100049636,1,7,,0,1,6,4,A01
202100049637,2,7,,0,2,2,1,B01
202100049637,3,10,,0,2,3,1,A01
202100049638,3,50,,0,2,0,1,B01
202100049638,3,7,,0,9,1,20,A01
202100049639,0,1,,0,2,1,5,A01
202100049639,0,1,,0,0,1,1,B01
202100049640,3,7,,0,2,1,15,A01
202100049640,3,1,,0,2,8,1,B01
202100049641,3,7,,0,1,1,1,A01
202100049642,2,7,,0,2,3,9,A01
202100049642,2,33,,0,2,5,1,B01
202100049643,2,2,,1,0,1,2,A01
202100049643,2,7,,0,2,6,23,B01
202100049643,1,15,,0,2,6,21,C01
202100049644,2,33,,0,2,1,1,B01
202100049644,2,7,,0,2,3,15,A01
202100049645,1,7,,0,2,7,1,B01
202100049645,3,7,,0,2,1,16,A01
202100049646,2,7,,0,2,8,1,B01
202100049646,2,7,,0,2,2,16,A01
202100049647,1,7,,0,2,3,15,B01
202100049647,1,33,,0,2,2,17,A01
202100049648,1,7,,0,2,3,21,A01
202100049648,1,2,,0,2,1,17,B01
202100049649,1,7,,0,2,3,1,[01
202100049649,2,7,,0,2,2,19,]01
202100049650,1,7,,1,2,8,16,B01
202100049650,1,7,,1,2,1,1,A01
202100049651,1,7,,0,1,2,1,A01
202100049652,1,10,,0,2,1,1,B01
202100049652,0,15,,0,2,6,19,A01
202100049653,1,33,,0,2,1,1,A01
202100049653,2,7,,0,2,2,15,B01
202100049654,0,10,,0,2,4,1,B01
202100049654,1,7,,0,2,1,1,A01
202100049655,1,7,,0,2,3,16,B01
202100049655,3,7,,0,2,3,19,A01
202100049656,1,2,,1,0,1,14,A01
202100049657,2,10,,0,2,2,12,A01
202100049657,2,31,,0,2,8,1,B01
202100049658,1,7,,0,0,9,13,A01
202100049659,1,7,,0,2,5,15,A01
202100049659,1,30,,0,2,1,18,B01
202100049660,1,2,,0,2,8,7,B01
202100049660,1,7,,0,2,7,16,A01
202100049661,3,31,,0,2,1,1,A01
202100049661,3,7,,0,2,5,23,B01
202100049662,2,10,,0,2,3,15,A01
202100049662,2,33,,0,2,7,17,B01
202100049663,1,7,,0,1,1,15,A01
202100049664,1,50,,0,2,8,1,B01
202100049664,1,7,,0,2,1,1,A01
202100049665,1,1,,0,2,1,21,A01
202100049666,1,32,,0,2,2,13,A01
202100049666,1,10,,0,2,6,23,B01
202100049667,1,30,,0,2,8,11,A01
202100049667,1,7,,0,2,0,1,B01
202100049668,1,2,,0,2,1,16,A01
202100049668,1,10,,0,2,4,26,B01
202100049669,1,50,,0,2,1,15,A01
202100049669,1,7,,0,2,3,1,B01
202100049670,1,33,,0,2,1,1,B01
202100049670,2,7,,0,2,3,15,A01
202100049671,1,7,,0,2,7,1,A01
202100049671,2,7,,1,2,2,1,B01
202100049672,2,7,,0,2,5,15,A01
202100049672,2,31,,0,2,2,1,B01
202100049673,2,33,,0,2,3,2,B01
202100049673,2,10,,0,2,7,2,A01
202100049674,2,7,,15,0,3,1,A01
202100049675,2,7,,0,2,8,11,A01
202100049675,2,43,,0,2,2,2,B01
202100049676,0,7,,0,1,1,1,A01
202100049677,1,7,,0,2,3,1,C01
202100049677,2,7,,0,2,2,13,A01
202100049677,2,7,,0,2,6,2,B01
202100049678,1,7,,0,2,4,23,B01
202100049678,1,7,,0,2,1,2,A01
202100049679,1,7,,14,0,4,2,B01
202100049679,1,7,,0,2,1,2,A01
202100049680,0,32,,0,2,3,1,B01
202100049680,0,7,,0,2,2,19,A01
202100049681,2,7,,0,2,2,2,B01
202100049681,2,7,,0,2,3,9,A01
202100049682,1,7,,0,2,6,15,B01
202100049682,1,33,,0,2,1,17,A01
202100049683,2,33,,0,2,1,19,B01
202100049683,2,7,,0,2,7,9,A01
202100049684,3,7,,0,2,1,1,B01
202100049684,3,7,,2,2,2,15,A01
202100049685,1,10,,0,1,3,15,A01
202100049686,1,7,,0,1,1,1,A01
202100049687,2,7,,0,1,1,1,A01
202100049688,1,7,,0,2,2,16,A01
202100049688,1,50,,0,2,1,1,B01
202100049689,1,10,,0,1,3,15,A01
202100049689,1,1,,0,2,4,23,B01
202100049690,1,7,,11,0,1,1,A01
202100049691,2,7,,0,1,1,1,A01
202100049692,0,7,,0,1,1,1,A01
202100049693,0,7,,2,0,9,0,A01
202100049694,0,32,,0,2,2,1,A01
202100049694,0,10,,0,2,3,9,B01
202100049695,1,7,,0,2,1,17,A01
202100049695,1,7,,0,2,6,15,B01
202100049696,2,7,,0,2,3,1,B01
202100049696,1,7,,0,0,1,13,A01
202100049697,1,7,,0,2,2,17,A01
202100049697,1,2,,0,2,8,15,B01
202100049698,1,7,,2,0,1,1,A01
202100049698,2,7,,0,9,8,1,B01
202100049699,1,33,,0,0,9,2,A01
202100049700,2,7,,0,0,4,15,A01
202100049700,2,14,,0,2,1,1,B01
202100049701,1,31,,9,0,1,1,A01
202100049702,2,7,,0,1,3,15,A01
202100049703,2,7,,3,2,1,14,A01
202100049703,1,7,,0,2,3,1,B01
202100049704,1,14,,8,0,1,1,A01
202100049705,2,7,,2,0,3,1,A01
202100049706,2,7,,16,0,0,13,A01
202100049707,0,10,,0,2,1,1,A01
202100049707,0,7,,0,2,8,15,B01
202100049708,1,7,,0,1,3,15,A01
202100049709,2,33,,16,0,0,1,A01
202100049710,2,7,,0,0,1,5,A01
202100049710,1,7,,0,2,1,1,B01
202100049711,1,7,,2,0,1,1,A01
202100049712,1,7,,0,2,2,1,B01
202100049712,1,2,,0,0,4,0,A01
202100049713,1,10,,0,2,5,15,A01
202100049713,2,33,,0,2,2,1,B01
202100049714,3,32,,0,2,1,1,A01
202100049714,3,7,,0,2,3,15,B01
202100049715,2,7,,0,1,5,4,A01
202100049716,1,7,,13,0,1,13,A01
202100049717,1,7,,0,2,6,13,A01
202100049717,1,33,,0,2,2,13,B01
202100049718,1,7,,13,6,1,1,A01
202100049719,2,7,,6,0,8,1,A01
202100049720,1,0,,0,1,2,0,A01
202100049721,2,7,,0,1,1,15,A01
202100049722,2,1,,0,2,1,1,B01
202100049722,1,7,,0,2,2,5,A01
202100049723,2,2,,0,1,1,1,A01
202100049724,2,7,,13,0,1,13,A01
202100049725,2,1,,0,2,1,1,B01
202100049725,1,7,,0,9,2,15,A01
202100049726,2,7,,15,2,3,1,B01
202100049726,1,7,,15,2,3,1,A01
202100049727,2,7,,7,2,7,19,A01
202100049727,1,10,,0,2,1,1,B01
202100049728,3,7,,0,1,3,15,A01
202100049729,1,39,,0,1,1,1,A01
202100049730,2,7,,0,2,1,2,A01
202100049730,2,7,,0,2,4,1,B01
202100049730,2,7,,0,2,4,1,C01
202100049731,2,7,,0,2,5,14,B01
202100049731,2,33,,0,2,3,3,A01
202100049732,2,7,,0,2,6,1,B01
202100049732,2,7,,0,2,2,14,A01
202100049733,1,33,,0,2,1,2,B01
202100049733,1,7,,0,2,6,1,A01
202100049734,2,7,,0,2,4,2,B01
202100049734,2,34,,0,2,1,3,A01
202100049735,2,32,,0,0,4,26,A01
202100049735,2,10,,0,2,1,26,B01
202100049736,1,7,,0,2,0,10,A01
202100049736,1,7,,0,2,1,1,B01
202100049736,1,7,,0,2,3,1,C01
202100049737,2,32,,0,2,1,1,B01
202100049737,1,7,,0,2,2,19,A01
202100049738,1,30,,0,2,2,1,A01
202100049738,1,7,,0,2,8,1,B01
202100049739,2,7,,0,2,3,1,B01
202100049739,1,7,,0,2,2,1,A01
202100049740,1,7,,0,2,3,15,A01
202100049740,1,50,,0,2,2,1,B01
202100049741,2,7,,0,2,8,1,B01
202100049741,1,50,,0,2,1,5,A01
202100049742,3,7,,0,1,1,16,A01
202100049743,1,10,,0,2,1,9,A01
202100049743,2,7,,0,2,0,0,B01
202100049744,1,10,,0,2,4,2,C01
202100049744,1,7,,0,2,8,1,D01
202100049744,1,7,,0,2,4,2,B01
202100049744,1,7,,0,2,1,2,A01
202100049745,2,7,,0,2,4,2,B01
202100049745,2,30,,14,0,1,2,A01
202100049746,0,31,,0,2,2,1,A01
202100049746,0,1,,0,2,0,0,Y01
202100049747,1,50,,0,2,1,18,T01
202100049747,1,7,,0,2,7,22,A01
202100049748,2,7,,0,2,2,1,B01
202100049748,1,7,,0,2,3,1,C01
202100049748,2,7,,0,2,1,1,A01
202100049749,2,7,,0,2,5,2,B01
202100049749,2,7,,0,2,2,2,A01
202100049750,1,33,,8,0,8,13,B01
202100049751,2,7,,8,0,3,1,A01
202100049752,2,33,,0,0,8,1,A01
202100049753,2,7,,0,1,1,1,A01
202100049754,0,7,,0,2,2,26,A01
202100049754,3,7,,0,2,1,1,B01
202100049755,1,1,,16,9,3,2,P01
202100049755,1,7,,16,0,2,2,Z01
202100049756,1,99,,0,2,6,2,B01
202100049756,1,31,,0,2,1,2,A01
202100049757,1,7,,0,2,1,1,A01
202100049757,1,7,,0,2,4,15,B01
202100049758,1,7,,0,2,3,9,A01
202100049758,0,33,,0,2,1,1,B01
202100049759,1,1,,1,0,2,0,A01
202100049760,0,7,,15,0,2,15,A01
202100049761,1,7,,0,1,3,1,A01
202100049762,3,10,,0,1,1,1,A01
202100049763,2,7,,0,2,6,1,B01
202100049763,2,31,,0,2,1,1,A01
202100049764,1,50,,0,2,1,1,A01
202100049764,1,7,,0,2,3,1,Z01
202100049765,3,7,,0,2,4,1,A01
202100049765,3,7,,0,2,1,1,B01
202100049766,3,30,,0,2,8,1,B01
202100049766,3,7,,0,2,1,15,A01
202100049767,3,7,,0,2,2,1,A01
202100049767,3,80,,0,2,7,19,B01
202100049768,1,7,,0,1,2,16,A01
202100049769,2,30,,0,2,1,1,B01
202100049769,2,30,,0,2,8,10,A01
202100049770,1,1,,0,2,4,7,B01
202100049770,1,37,1.0,0,2,2,7,A01
202100049771,2,7,,0,2,5,1,B01
202100049771,3,32,,0,2,1,1,A01
202100049772,1,30,,0,2,3,7,A01
202100049772,1,3,,0,2,7,16,B01
202100049773,2,1,,0,0,0,1,A01
202100049774,3,30,,0,2,0,17,A01
202100049774,0,10,,0,2,0,15,B01
202100049775,1,33,,7,0,1,21,A01
202100049776,1,1,,11,0,1,1,A01
202100049777,2,1,,0,1,5,1,A01
202100049778,2,50,,0,0,0,1,A01
202100049779,2,7,,0,2,2,2,B01
202100049779,1,7,,0,2,1,2,C01
202100049779,1,7,,0,2,3,16,A01
202100049780,1,7,,4,0,1,1,A01
202100049781,1,7,,0,1,1,1,A01
202100049782,2,7,,6,0,1,19,A01
202100049783,2,30,,0,2,0,0,B01
202100049783,1,10,,0,2,8,1,A01
202100049784,2,7,,0,2,3,16,B01
202100049784,2,7,,0,2,2,1,A01
202100049785,1,7,,0,1,1,1,A01
202100049786,1,32,,0,2,1,0,A01
202100049786,2,7,,0,2,1,15,B01
202100049787,0,10,,2,0,3,1,A01
202100049788,2,7,,5,0,1,1,A01
202100049789,1,10,,0,9,2,1,B01
202100049789,3,1,,0,2,1,15,A01
202100049790,2,33,,0,0,8,1,A01
202100049791,1,7,,0,2,1,9,A01
202100049791,1,33,,0,0,7,1,B01
202100049792,1,15,,0,2,4,1,B01
202100049792,1,10,,0,2,1,12,A01
202100049793,1,7,,4,0,1,13,A01
202100049794,1,7,,0,0,3,0,B01
202100049794,2,7,,8,2,1,13,A01
202100049795,1,7,,0,0,6,15,A01
202100049795,2,33,,0,2,1,1,B01
202100049796,1,7,,0,2,1,19,A01
202100049796,2,33,,0,2,7,1,B01
202100049797,2,7,,0,0,4,2,A01
202100049797,2,7,,0,0,4,2,B01
202100049797,2,7,,0,2,1,2,C01
202100049798,3,7,,2,0,1,0,A01
202100049799,2,7,,0,1,3,1,A01
202100049800,1,7,,2,0,3,19,A01
202100049801,1,7,,0,2,9,15,A01
202100049801,2,7,,2,2,3,1,B01
202100049801,3,7,,0,2,1,1,C01
202100049802,3,32,,9,0,1,1,A01
202100049803,2,10,,0,2,7,17,A01
202100049803,2,1,,0,0,8,1,B01
202100049804,1,10,,0,2,7,1,B01
202100049804,1,7,,0,0,1,1,A01
202100049805,1,7,,0,0,9,1,A01
202100049806,1,1,,0,2,1,2,B01
202100049806,1,7,,0,2,4,2,A01
202100049807,1,33,,7,0,8,1,A01
202100049808,1,2,,0,2,8,2,B01
202100049808,1,10,,0,2,7,17,A01
202100049809,2,1,,0,2,8,15,B01
202100049809,2,7,,0,9,7,17,A01
202100049810,2,7,,13,0,3,0,A01
202100049811,1,7,,0,1,1,1,A01
202100049812,3,3,,0,0,9,1,A01
202100049813,3,7,,13,0,1,1,A01
202100049814,2,2,,0,2,0,16,A01
202100049814,1,7,,0,2,1,0,B01
202100049815,2,7,,2,0,8,1,A01
202100049816,2,10,,8,0,1,13,A01
202100049817,2,33,,0,2,1,1,A01
202100049817,2,7,,0,0,4,1,B01
202100049818,1,7,,2,0,2,1,A01
202100049819,1,33,,0,2,8,3,B01
202100049819,2,7,,0,2,8,15,A01
202100049820,3,7,,0,2,2,26,A01
202100049820,3,43,,0,2,7,1,B01
202100049821,1,17,,0,0,0,2,B01
202100049821,1,7,,0,2,5,2,A01
202100049822,1,7,,0,2,1,2,A01
202100049822,1,7,,0,2,4,2,B01
202100049822,1,10,,0,2,1,2,C01
202100049822,1,7,,0,2,0,1,D01
202100049822,1,7,,0,2,4,1,E01
202100049822,1,10,,0,2,4,1,F01
202100049822,1,7,,0,2,4,1,G01
202100049823,1,33,,3,0,8,17,A01
202100049824,1,7,,0,2,3,9,A01
202100049824,2,33,,0,2,1,1,B01
202100049825,2,33,,0,0,7,16,A01
202100049825,2,7,,0,2,3,16,B01
202100049826,2,7,,0,2,2,1,A01
202100049826,1,7,,0,2,2,15,B01
202100049827,1,31,,2,0,1,0,A01
202100049828,1,7,,0,2,1,17,A01
202100049828,2,7,,0,2,1,1,B01
202100049829,0,36,,17,0,1,1,A01
202100049830,2,21,,0,0,8,1,A01
202100049831,0,7,,0,0,7,19,A01
202100049831,0,33,,0,0,0,1,B01
202100049832,2,7,,0,2,1,9,A01
202100049832,2,2,,0,2,7,21,B01
202100049833,3,33,,0,2,1,1,A01
202100049833,3,7,,0,2,2,19,B01
202100049834,1,2,,0,2,1,1,A01
202100049834,0,7,,0,0,3,9,B01
202100049835,2,17,,0,1,2,2,A01
202100049836,1,7,,0,2,1,1,C01
202100049836,1,7,,0,2,1,2,B01
202100049836,1,7,,0,2,4,23,A01
202100049837,1,7,,0,2,1,2,D01
202100049837,1,7,,0,2,4,2,C01
202100049837,1,7,,0,2,4,2,B01
202100049837,1,7,,0,2,4,1,A01
202100049838,2,7,,0,2,4,2,B01
202100049838,2,7,,0,2,1,2,C01
202100049839,2,7,,0,2,4,1,A01
202100049839,2,7,,0,2,1,2,B01
202100049840,1,7,,0,2,4,1,A01
202100049840,1,10,,0,2,3,2,B01
202100049841,2,7,,0,2,1,1,D01
202100049841,2,10,,0,2,4,2,C01
202100049841,2,7,,0,2,4,1,B01
202100049841,2,7,,0,2,4,1,A01
202100049842,1,7,,4,0,1,1,A01
202100049843,1,7,,0,2,4,23,B01
202100049843,1,99,,0,2,1,2,A01
202100049843,1,7,,0,2,4,23,D01
202100049843,1,7,,0,2,4,23,C01
202100049844,2,7,,0,2,4,2,B01
202100049844,2,33,,0,2,1,2,A01
202100049845,1,10,,4,0,3,2,A01
202100049846,2,7,,0,2,5,13,C01
202100049846,2,7,,0,2,3,18,A01
202100049846,2,7,,0,2,5,3,B01
202100049847,1,7,,0,2,2,1,A01
202100049847,1,7,,0,2,6,1,B01
202100049848,2,7,,3,0,1,9,A01
202100049849,1,7,,0,2,2,11,A01
202100049849,1,7,,0,2,3,1,B01
202100049850,1,7,,0,2,4,2,A01
202100049850,1,7,,0,2,1,2,B01
202100049850,1,7,,0,2,1,2,C01
202100049851,2,33,,0,2,9,3,B01
202100049851,2,7,,0,2,8,11,A01
202100049852,2,7,,0,2,1,1,C01
202100049852,2,7,,0,2,4,1,B01
202100049852,2,7,,0,2,4,1,A01
202100049853,1,7,,3,2,5,17,A01
202100049853,1,33,,0,2,1,17,B01
202100049854,1,10,,0,2,4,23,B01
202100049854,1,7,,0,2,1,2,A01
202100049855,2,7,,0,2,3,23,B01
202100049855,2,10,,0,2,6,20,A01
202100049856,2,33,,0,2,0,17,A01
202100049856,2,7,,0,2,0,11,B01
202100049857,1,7,,1,0,4,0,B01
202100049857,1,7,,16,0,6,0,C01
202100049857,1,7,,1,0,1,0,A01
202100049858,1,7,,0,2,5,13,A01
202100049858,1,7,,0,2,6,1,B01
202100049859,1,32,,0,1,8,26,A01
202100049860,3,33,,0,0,0,26,A01
202100049861,3,33,,0,0,0,1,A01
202100049862,2,43,,0,2,1,1,B01
202100049862,1,7,,0,2,2,15,A01
202100049863,2,7,,0,2,3,15,A01
202100049863,2,2,,0,2,1,17,B01
202100049864,1,7,,12,0,2,20,A01
202100049865,2,10,,15,0,1,1,A01
202100049866,2,7,,0,1,2,1,A01
202100049867,0,60,,0,2,7,1,B01
202100049867,2,7,,0,9,2,16,A01
202100049868,0,7,,0,1,1,1,A01
202100049869,2,7,,0,2,1,13,A01
202100049869,1,21,,0,0,0,0,B01
202100049870,3,7,,0,2,1,19,A01
202100049870,3,7,,0,2,4,1,B01
202100049871,1,7,,0,2,7,1,A01
202100049871,2,7,,0,2,1,16,B01
202100049872,2,7,,0,2,2,0,Z01
202100049872,2,1,,0,2,1,1,B01
202100049873,2,7,,0,2,2,15,A01
202100049873,1,33,,0,2,1,1,B01
202100049874,3,7,,0,2,3,15,A01
202100049874,3,2,,0,2,8,17,B01
202100049875,0,7,,0,1,3,16,A01
202100049876,2,7,,0,2,6,15,B01
202100049876,2,33,,0,2,1,17,A01
202100049877,1,7,,0,2,7,15,B01
202100049877,2,33,,0,2,1,1,A01
202100049878,2,1,,0,2,1,2,A01
202100049878,2,10,,0,2,5,2,B01
202100049879,0,7,,0,2,2,20,A01
202100049879,0,2,,0,2,2,1,B01
202100049880,3,2,,0,2,2,1,A01
202100049880,1,7,,0,2,3,1,B01
202100049881,2,33,,0,0,0,1,A01
202100049882,1,7,,9,0,1,13,A01
202100049883,2,7,,0,0,9,14,A01
202100049884,1,32,,0,2,1,1,A01
202100049884,2,10,,0,2,2,15,B01
202100049885,1,33,,0,2,1,2,A01
202100049885,1,7,,0,2,6,2,B01
202100049886,2,7,,0,1,0,1,A01
202100049887,1,7,,0,2,3,1,B01
202100049887,1,32,,0,2,1,25,A01
202100049888,1,33,,13,0,1,13,A01
202100049889,0,7,,0,2,4,2,B01
202100049889,2,7,,0,2,1,2,A01
202100049890,1,10,,0,1,2,1,A01
202100049891,0,7,,0,2,8,16,B01
202100049891,0,7,,0,2,1,16,A01
202100049892,1,7,,0,2,8,15,B01
202100049892,1,2,,0,2,1,17,A01
202100049893,2,7,,0,0,8,0,C01
202100049893,1,7,,0,0,3,21,B01
202100049893,1,33,,0,0,1,17,A01
202100049894,1,30,,0,0,7,2,A01
202100049895,3,7,,0,0,0,0,A01
202100049895,3,7,,0,2,3,0,B01
202100049896,2,7,,0,2,4,1,Z01
202100049896,2,2,,0,2,1,1,A01
202100049897,1,31,,0,2,1,1,B01
202100049897,2,7,,0,2,3,15,A01
202100049898,2,33,,0,2,3,3,B01
202100049898,2,7,,0,2,1,12,A01
202100049899,1,7,,0,2,4,23,B01
202100049899,1,7,,0,2,1,14,A01
202100049900,1,10,,7,0,1,1,A01
202100049901,1,7,,0,2,3,15,B01
202100049901,2,30,,0,2,7,1,A01
202100049902,3,33,,0,2,8,1,A01
202100049902,3,7,,0,2,0,23,B01
202100049903,2,10,,0,1,4,4,Z01
202100049904,2,7,,0,1,1,20,A01
202100049905,0,1,,0,2,6,1,B01
202100049905,0,7,,0,2,1,1,A01
202100049906,1,7,,0,2,6,2,A01
202100049906,1,7,,0,2,4,23,B01
202100049907,0,7,,0,2,8,15,A01
202100049907,0,1,,0,2,8,19,B01
202100049908,1,7,,0,2,1,0,B01
202100049908,2,7,,0,2,1,26,A01
202100049909,2,32,,11,0,1,13,A01
202100049910,1,32,,0,2,5,1,A01
202100049910,2,7,,0,2,2,15,B01
202100049911,1,7,,0,2,4,1,C01
202100049911,1,7,,0,2,1,2,B01
202100049911,1,10,,0,2,1,2,A01
202100049912,1,33,,10,0,1,1,A01
202100049913,1,7,,0,1,2,1,A01
202100049914,1,7,,0,2,1,2,A01
202100049914,1,7,,0,2,4,2,B01
202100049915,2,7,,4,0,3,1,A01
202100049916,1,2,,0,2,2,9,A01
202100049916,1,7,,0,2,1,1,B01
202100049917,2,7,,0,2,1,0,B01