Num_Acc,senc,catv,occutc,obs,obsm,choc,manv,num_veh
202100049917,1,7,,0,2,1,11,A01
202100049918,2,7,,6,0,2,1,A01
202100049919,2,33,,15,0,1,16,A01
202100049920,2,7,,0,1,2,1,A01
202100049921,2,7,,0,2,2,1,A01
202100049921,2,1,,0,0,4,1,B01
202100049922,1,33,,0,5,1,1,A01
202100049923,1,33,,0,2,8,13,A01
202100049923,1,33,,0,0,0,1,B01
202100049923,2,7,,0,2,3,1,C01
202100049924,1,33,,0,2,1,1,B01
202100049924,2,7,,0,2,5,15,A01
202100049925,1,7,,13,0,1,15,A01
202100049926,1,33,,16,0,1,1,A01
202100049927,1,33,,0,2,7,13,B01
202100049927,1,7,,0,2,3,15,A01
202100049928,2,1,,0,2,8,1,B01
202100049928,1,2,,0,9,1,15,A01
202100049929,3,10,,13,0,9,1,A01
202100049930,0,10,,13,0,1,1,A01
202100049931,2,7,,2,0,1,1,A01
202100049932,1,7,,0,2,2,15,A01
202100049932,2,7,,0,2,3,1,B01
202100049933,2,7,,0,2,1,1,B01
202100049933,1,7,,0,2,7,13,A01
202100049934,1,10,,0,0,2,1,B01
202100049934,2,7,,0,0,8,19,A01
202100049935,2,7,,0,2,8,1,B01
202100049935,1,7,,0,2,1,13,A01
202100049936,3,31,,8,0,2,1,A01
202100049937,2,31,,0,2,1,1,A01
202100049937,2,31,,0,0,4,1,B01
202100049938,1,7,,13,0,3,13,A01
202100049939,2,7,,5,0,2,2,A01
202100049940,2,10,,0,1,2,15,A01
202100049941,1,7,,0,2,3,15,B01
202100049941,1,33,,0,2,2,17,A01
202100049942,3,33,,0,0,1,1,A01
202100049943,1,7,,0,0,7,26,A01
202100049943,1,7,,13,2,1,2,B01
202100049944,1,33,,3,0,0,1,A01
202100049945,1,7,,0,0,1,1,B01
202100049945,3,7,,0,0,3,15,A01
202100049946,3,7,,6,0,1,0,A01
202100049947,1,33,,0,0,8,1,A01
202100049948,2,7,,0,2,1,1,B01
202100049948,1,7,,0,2,1,15,A01
202100049949,2,2,,15,0,2,1,A01
202100049950,1,33,,14,0,1,1,A01
202100049951,3,7,,0,1,1,1,A01
202100049952,2,7,,0,2,1,1,B01
202100049952,2,13,,0,0,4,1,A01
202100049953,1,7,,0,0,4,1,A01
202100049953,1,7,,0,2,1,1,B01
202100049954,1,7,,3,0,9,14,A01
202100049955,1,7,,0,2,2,21,A01
202100049955,2,2,,0,2,1,13,B01
202100049956,1,35,,0,2,8,19,B01
202100049956,1,7,,0,2,2,1,A01
202100049957,3,32,,6,0,1,1,A01
202100049958,2,7,,0,2,3,13,A01
202100049958,1,33,,0,2,1,1,B01
202100049959,2,7,,0,2,1,5,B01
202100049959,1,7,,0,2,1,1,A01
202100049960,2,7,,0,0,7,19,B01
202100049960,1,33,,0,2,8,1,A01
202100049961,2,7,,9,0,1,12,A01
202100049962,0,7,,0,2,3,2,B01
202100049962,0,7,,0,2,3,13,A01
202100049963,1,7,,13,0,2,1,A01
202100049964,2,7,,1,2,1,2,A01
202100049964,2,7,,0,0,5,2,B01
202100049965,1,7,,0,2,1,13,A01
202100049965,2,7,,0,2,1,1,B01
202100049966,3,1,,0,2,3,15,A01
202100049966,2,1,,0,2,1,1,B01
202100049967,2,7,,4,0,1,0,A01
202100049968,3,7,,0,2,3,1,A01
202100049968,3,1,,0,2,3,17,B01
202100049969,2,7,,2,0,1,13,A01
202100049970,1,2,,0,0,0,2,A01
202100049971,1,7,,6,0,1,1,A01
202100049972,1,7,,0,2,1,2,E01
202100049972,1,7,,0,2,1,1,D01
202100049972,1,7,,0,2,4,23,C01
202100049972,1,7,,0,2,2,21,B01
202100049972,1,7,,0,2,6,26,A01
202100049973,2,33,,0,2,1,2,A01
202100049973,2,7,,0,2,5,1,B01
202100049974,2,7,,0,2,4,2,D01
202100049974,2,7,,0,2,4,2,C01
202100049974,2,7,,0,2,4,2,B01
202100049974,2,7,,0,2,1,2,A01
202100049975,1,7,,0,2,7,12,B01
202100049975,1,33,,0,2,8,3,A01
202100049976,2,7,,0,2,4,2,D01
202100049976,2,7,,0,2,4,2,E01
202100049976,2,7,,0,2,4,2,F01
202100049976,2,7,,0,2,1,2,A01
202100049976,2,7,,0,2,4,2,B01
202100049976,2,7,,0,2,4,2,C01
202100049977,1,7,,0,2,1,1,B01
202100049977,1,7,,0,2,2,21,A01
202100049978,2,7,,0,2,4,2,A01
202100049978,2,7,,0,2,1,1,B01
202100049979,1,10,,0,2,4,1,B01
202100049979,1,7,,0,2,1,1,A01
202100049980,2,7,,0,2,4,2,B01
202100049980,2,7,,0,2,1,2,A01
202100049981,1,10,,0,2,3,13,A01
202100049981,2,7,,0,2,3,1,B01
202100049982,2,30,,12,0,1,14,A01
202100049983,3,30,,0,2,5,13,A01
202100049983,3,10,,0,2,5,1,B01
202100049984,3,7,,0,2,1,1,B01
202100049984,3,7,,0,2,3,15,A01
202100049984,3,7,,0,2,1,0,C01
202100049985,1,7,,0,2,1,1,B01
202100049985,1,7,,0,2,2,1,A01
202100049986,1,7,,0,2,2,17,B01
202100049986,1,7,,0,2,3,10,A01
202100049987,1,10,,1,0,1,1,A01
202100049988,3,0,,0,1,0,1,A01
202100049989,3,7,,15,0,7,9,A01
202100049990,2,7,,0,1,1,15,A01
202100049991,2,7,,0,1,3,15,A01
202100049992,1,32,,0,2,4,2,B01
202100049992,1,7,,0,2,1,2,A01
202100049993,3,7,,1,2,5,1,A01
202100049993,3,10,,0,1,2,1,B01
202100049994,3,7,,0,2,3,15,A01
202100049994,3,99,,0,2,0,0,B01
202100049995,0,38,3.0,1,0,2,24,A01
202100049996,1,10,,0,0,0,0,C01
202100049996,2,7,,0,2,3,13,A01
202100049996,1,7,,0,2,0,0,B01
202100049997,1,7,,0,2,1,2,A01
202100049997,1,7,,0,2,4,2,B01
202100049998,1,7,,0,1,1,2,A01
202100049999,2,30,,0,2,2,17,A01
202100049999,2,7,,0,2,3,15,B01
202100050000,0,7,,0,2,1,2,A01
202100050000,0,7,,0,2,4,2,B01
202100050001,3,7,,0,1,2,0,A01
202100050002,1,32,,12,0,7,1,A01
202100050003,1,7,,0,2,1,15,A01
202100050003,2,7,,0,2,3,1,B01
202100050004,1,7,,0,2,7,15,A01
202100050004,2,33,,0,2,1,1,B01
202100050005,1,7,,0,2,3,9,A01
202100050005,1,1,,0,2,1,1,B01
202100050006,1,7,,0,1,1,1,A01
202100050007,1,7,,0,0,1,1,A01
202100050008,1,10,,0,2,3,9,B01
202100050008,2,2,,0,2,1,17,A01
202100050009,1,30,,0,2,0,0,A01
202100050009,2,30,,0,2,0,0,B01
202100050010,1,32,,0,2,3,1,B01
202100050010,1,7,,0,2,7,9,A01
202100050011,3,7,,0,2,1,9,A01
202100050011,2,1,,0,2,1,25,B01
202100050012,1,7,,0,2,3,16,B01
202100050012,2,30,,0,2,1,1,A01
202100050013,1,2,,1,2,1,17,A01
202100050013,1,7,,0,2,8,20,B01
202100050013,1,7,,0,2,7,24,C01
202100050014,1,7,,0,1,3,19,A01
202100050015,1,50,,0,2,0,0,B01
202100050015,1,7,,0,2,0,26,A01
202100050016,1,10,,0,2,2,16,A01
202100050016,1,1,,0,2,1,1,B01
202100050017,3,7,,0,2,4,2,B01
202100050017,3,7,,0,2,1,2,A01
202100050018,2,7,,0,2,3,9,A01
202100050018,2,7,,0,2,2,1,B01
202100050019,1,7,,0,1,7,1,A01
202100050020,1,7,,0,2,4,2,B01
202100050020,1,7,,0,2,1,2,Z01
202100050021,1,7,,0,1,3,26,A01
202100050022,1,7,,0,2,3,9,A01
202100050022,1,7,,0,2,1,1,B01
202100050023,3,7,,0,2,5,1,A01
202100050023,2,7,,0,2,1,1,B01
202100050024,1,10,,0,2,2,15,A01
202100050024,2,33,,0,2,7,1,B01
202100050025,3,7,,0,2,1,15,A01
202100050025,1,7,,0,2,1,1,Z01
202100050026,3,7,,0,2,7,12,A01
202100050026,3,32,,0,2,7,1,B01
202100050027,2,33,,0,2,1,3,A01
202100050027,1,7,,0,2,1,15,B01
202100050027,2,7,,0,2,8,1,C01
202100050028,3,7,,0,2,1,15,B01
202100050028,3,10,,0,2,2,1,A01
202100050029,0,7,,0,1,2,1,A01
202100050030,1,31,,0,2,9,26,A01
202100050031,3,10,,0,2,8,1,B01
202100050031,3,33,,0,2,3,1,A01
202100050032,2,7,,0,2,3,1,A01
202100050032,1,2,,0,2,1,1,B01
202100050033,2,30,,0,2,8,17,B01
202100050033,1,7,,0,2,8,1,A01
202100050034,1,7,,0,1,2,1,A01
202100050035,3,33,,0,2,7,17,B01
202100050035,3,7,,0,2,3,15,A01
202100050036,2,7,,0,2,1,1,A01
202100050036,2,7,,0,2,4,1,B01
202100050036,2,7,,0,2,4,1,C01
202100050037,1,99,,6,0,1,16,A01
202100050038,1,10,,0,2,2,15,A01
202100050038,2,7,,0,2,1,1,C01
202100050038,2,7,,0,2,1,0,B01
202100050039,2,7,,0,2,3,1,B01
202100050039,2,30,,0,2,1,1,A01
202100050040,3,7,,0,2,1,18,A01
202100050040,3,7,,0,2,5,2,B01
202100050041,1,7,,0,2,1,0,B01
202100050041,1,31,,0,2,1,17,A01
202100050042,2,7,,0,2,1,15,A01
202100050042,1,33,,0,2,1,2,B01
202100050043,2,7,,8,0,1,14,A01
202100050044,2,7,,0,2,8,9,A01
202100050044,2,3,,0,2,7,15,B01
202100050045,2,7,,0,1,1,26,A01
202100050046,3,7,,0,2,3,15,A01
202100050046,3,7,,0,2,0,0,B01
202100050047,3,30,,0,2,1,1,B01
202100050047,2,7,,0,0,0,0,A01
202100050048,3,7,,0,2,3,1,A01
202100050048,3,7,,0,2,1,1,B01
202100050049,2,7,,0,2,1,2,A01
202100050049,2,7,,0,2,4,2,B01
202100050050,2,1,,0,2,4,14,A01
202100050050,2,7,,0,2,3,26,B01
202100050051,2,2,,0,2,1,1,B01
202100050051,1,7,,0,2,2,19,A01
202100050052,2,10,,4,0,1,14,A01
202100050053,1,7,,0,2,3,11,B01
202100050053,2,33,,0,2,7,3,A01
202100050054,3,33,,0,1,1,1,A01
202100050055,2,7,,0,1,1,1,A01
202100050056,2,33,,0,2,2,17,B01
202100050056,2,7,,0,2,3,15,A01
202100050057,3,50,,8,2,7,17,A01
202100050057,3,1,,0,2,8,13,B01
202100050058,3,1,,0,2,1,1,A01
202100050058,3,7,,0,2,5,23,B01
202100050059,2,31,,0,1,1,1,A01
202100050060,2,7,,0,2,0,15,A01
202100050060,2,1,,0,0,0,1,B01
202100050061,2,7,,0,1,1,10,A01
202100050062,1,7,,0,2,2,17,B01
202100050062,1,30,,0,2,3,13,A01
202100050063,0,50,,12,0,1,9,A01
202100050064,2,10,,0,2,8,10,A01
202100050064,2,2,,0,2,1,1,B01
202100050065,2,10,,0,2,2,22,A01
202100050065,2,1,,0,2,7,1,B01
202100050066,2,33,,15,0,1,1,A01
202100050067,1,1,,0,2,8,1,B01
202100050067,1,7,,0,2,7,2,A01
202100050068,2,7,,0,1,2,15,A01
202100050069,1,30,,12,0,3,18,A01
202100050070,2,33,,0,2,3,1,B01
202100050070,1,7,,0,2,1,17,A01
202100050071,3,7,,0,2,3,16,D01
202100050071,3,7,,0,2,9,1,C01
202100050071,3,7,,0,2,9,1,B01
202100050071,3,10,,0,2,1,1,A01
202100050072,0,33,,0,2,1,1,B01
202100050072,0,7,,0,2,6,15,A01
202100050073,0,30,,0,2,1,1,A01
202100050073,0,7,,0,2,5,1,B01
202100050074,1,2,,4,0,0,7,B01
202100050074,1,7,,0,2,0,16,A01
202100050075,1,10,,0,2,0,0,B01
202100050075,1,7,,0,2,4,1,C01
202100050075,1,10,,0,2,4,1,D01
202100050075,1,7,,0,2,1,0,E01
202100050075,1,10,,0,2,4,1,A01
202100050076,1,7,,1,0,3,15,A01
202100050076,1,2,,0,2,1,0,B01
202100050077,-1,32,,0,1,1,1,A01
202100050078,0,10,,0,2,3,0,B01
202100050078,3,7,,0,2,2,0,A01
202100050079,1,7,,0,1,2,20,A01
202100050080,1,33,,0,0,0,23,A01
202100050080,1,7,,0,2,1,1,C01
202100050080,1,7,,0,2,1,2,B01
202100050081,0,37,1.0,0,1,2,16,A01
202100050082,2,7,,0,1,1,21,X01
202100050083,3,30,,12,0,3,21,A01
202100050084,3,7,,0,2,8,22,A01
202100050084,3,1,,1,0,1,1,B01
202100050085,2,32,,0,2,1,1,B01
202100050085,1,7,,0,2,3,9,A01
202100050086,2,7,,0,2,6,1,B01
202100050086,2,30,,0,2,1,2,A01
202100050087,1,7,,0,2,4,1,B01
202100050087,1,10,,0,2,1,2,A01
202100050088,1,30,,0,2,3,1,A01
202100050088,2,30,,0,2,1,1,B01
202100050089,3,60,,0,2,1,25,B01
202100050089,1,7,,0,2,3,23,A01
202100050090,3,99,,16,0,0,1,A01
202100050091,1,33,,0,2,1,1,A01
202100050091,1,7,,0,2,5,23,B01
202100050092,2,33,,12,0,1,17,B01
202100050092,2,80,,12,0,4,15,A01
202100050093,3,7,,0,2,8,2,A01
202100050093,0,33,,0,2,7,2,B01
202100050094,2,7,,0,1,2,1,A01
202100050095,3,2,,0,2,1,1,B01
202100050095,3,7,,0,2,7,1,A01
202100050096,1,7,,7,0,2,0,A01
202100050097,0,36,,15,0,3,1,A01
202100050098,1,7,,2,2,3,1,B01
202100050098,2,7,,0,2,3,1,A01
202100050099,2,33,,0,2,7,1,B01
202100050099,2,7,,0,2,2,15,A01
202100050100,1,31,,0,2,1,1,B01
202100050100,1,2,,0,2,4,15,A01
202100050101,2,7,,6,2,1,13,A01
202100050101,1,10,,3,2,1,1,B01
202100050102,2,10,,0,0,6,2,A01
202100050102,2,32,,0,2,1,2,B01
202100050103,1,2,,0,2,2,17,A01
202100050103,1,7,,0,2,3,15,B01
202100050104,1,2,,0,2,1,2,A01
202100050104,1,7,,0,0,6,2,B01
202100050105,2,17,,0,0,4,1,A01
202100050105,2,33,,0,0,1,1,B01
202100050106,1,2,,0,2,1,1,A01
202100050106,2,7,,0,2,7,15,B01
202100050107,3,7,,8,0,1,14,A01
202100050108,3,1,,0,2,2,19,B01
202100050108,1,7,,0,2,1,1,A01
202100050109,2,7,,0,1,3,15,A01
202100050110,1,7,,0,2,2,15,A01
202100050110,1,33,,0,2,1,1,B01
202100050111,2,7,,2,0,2,1,A01
202100050112,2,7,,0,9,3,15,B01
202100050112,1,33,,0,2,2,1,A01
202100050113,1,7,,0,2,2,1,B01
202100050113,3,7,,0,2,3,15,A01
202100050114,2,7,,0,0,1,1,B01
202100050114,1,7,,0,2,3,15,A01
202100050115,1,7,,3,0,2,1,A01
202100050116,1,17,,0,2,5,1,A01
202100050116,1,7,,4,2,3,12,B01
202100050117,3,7,,0,1,2,16,A01
202100050118,2,7,,0,2,2,1,D01
202100050118,2,7,,0,0,0,1,E01
202100050118,2,7,,0,2,1,1,C01
202100050118,2,7,,3,2,3,1,B01
202100050118,2,7,,0,0,0,11,A01
202100050119,1,15,,3,2,2,1,B01
202100050119,1,7,,0,2,1,9,A01
202100050119,1,15,,0,2,4,1,C01
202100050120,1,7,,0,2,1,14,A01
202100050120,1,38,14.0,0,0,4,1,B01
202100050121,2,7,,0,2,3,1,A01
202100050121,1,33,,0,2,1,1,B01
202100050122,0,7,,0,1,2,0,A01
202100050123,3,7,,0,0,9,1,A01
202100050124,3,7,,0,2,1,1,B01
202100050124,3,7,,0,2,4,1,A01
202100050125,3,1,,0,2,9,15,C01
202100050125,3,10,,0,2,2,1,A01
202100050126,0,7,,0,0,1,21,B01
202100050126,0,7,,0,0,1,17,A01
202100050127,3,2,,0,1,1,1,A01
202100050128,2,7,,0,2,1,2,C01
202100050128,2,7,,0,2,4,2,B01
202100050128,2,10,,0,2,4,2,A01
202100050129,1,10,,0,0,0,0,T01
202100050129,1,7,,6,2,8,1,A01
202100050130,2,7,,0,2,4,1,A01
202100050130,2,7,,0,2,1,1,B01
202100050131,1,33,,0,2,1,3,A01
202100050131,1,7,,0,2,3,11,B01
202100050132,1,10,,0,2,1,21,A01
202100050132,1,33,,0,2,1,21,B01
202100050132,1,7,,0,2,3,2,C01
202100050133,1,7,,0,2,1,2,A01
202100050133,1,17,,0,2,4,2,B01
202100050134,1,31,,0,2,3,3,A01
202100050134,1,7,,0,2,5,2,B01
202100050135,1,7,,0,2,4,1,B01
202100050135,1,33,,0,2,1,13,A01
202100050136,1,10,,0,2,1,2,A01
202100050136,1,7,,0,2,4,2,B01
202100050136,1,7,,0,2,4,2,C01
202100050136,1,7,,0,2,4,2,D01
202100050136,1,7,,0,2,4,2,E01
202100050137,2,7,,0,2,1,1,A01
202100050137,2,7,,0,2,4,1,B01
202100050138,1,7,,0,2,4,2,B01
202100050138,1,7,,0,2,1,2,A01
202100050138,1,15,,0,2,2,2,D01
202100050138,1,7,,0,2,4,1,C01
202100050139,2,14,,0,2,1,2,A01
202100050139,2,7,,0,2,4,2,B01
202100050140,1,7,,3,0,1,1,A01
202100050141,3,7,,0,2,3,1,B01
202100050141,3,7,,0,2,3,13,A01
202100050142,3,10,,0,2,1,1,A01
202100050142,3,10,,0,2,4,1,B01
202100050142,3,10,,0,2,4,0,C01
202100050143,3,1,,0,2,2,0,B01
202100050143,3,7,,0,9,3,9,A01
202100050144,1,2,,0,2,8,1,B01
202100050144,1,99,,0,2,2,16,A01
202100050145,2,50,,0,2,1,1,B01
202100050145,1,1,,0,2,1,15,A01
202100050146,1,2,,0,2,1,1,B01
202100050146,2,7,,0,2,1,15,A01
202100050147,1,7,,0,1,2,1,A01
202100050148,3,7,,1,2,7,15,B01
202100050148,2,10,,0,2,1,1,A01
202100050149,2,15,,9,0,7,16,A01
202100050150,1,30,,0,2,1,9,A01
202100050150,1,7,,0,2,6,1,B01
202100050151,2,7,,0,0,6,2,D01
202100050151,2,7,,0,2,9,1,C01
202100050151,2,7,,15,0,8,2,B01
202100050151,2,7,,0,2,3,2,A01
202100050152,1,7,,0,1,1,1,A01
202100050153,3,7,,0,2,8,26,B01
202100050153,3,33,,0,2,1,17,A01
202100050154,1,7,,0,2,3,1,B01
202100050154,1,7,,0,2,3,13,A01
202100050155,2,7,,0,2,2,15,B01
202100050155,1,7,,0,2,3,1,A01
202100050156,0,33,,0,2,5,1,B01
202100050156,2,10,,0,2,3,16,A01
202100050157,1,33,,0,2,4,2,B01
202100050157,1,7,,0,2,3,1,A01
202100050158,0,37,1.0,0,1,3,26,A01
202100050159,2,7,,0,2,3,1,B01
202100050159,1,7,,0,2,3,13,A01
202100050160,1,10,,0,1,7,0,A01
202100050161,3,15,,0,2,3,2,A01
202100050161,3,7,,0,2,4,21,B01
202100050162,1,7,,0,2,3,13,A01
202100050162,2,7,,0,2,3,0,B01
202100050163,0,7,,0,2,3,0,A01
202100050163,0,33,,0,2,7,0,B01
202100050164,2,7,,0,2,1,15,A01
202100050164,1,33,,0,2,1,1,B01
202100050165,1,7,,0,2,8,15,B01
202100050165,1,7,,0,2,1,2,A01
202100050166,3,50,,0,1,0,0,A01
202100050167,1,7,,0,2,1,1,B01
202100050167,1,7,,0,2,1,9,A01
202100050168,3,7,,0,2,1,2,A01
202100050168,3,7,,0,2,6,2,B01
202100050169,1,7,,0,2,1,1,A01
202100050170,1,7,,0,2,3,1,B01
202100050170,1,2,,0,2,1,16,A01
202100050171,2,30,,0,2,1,2,B01
202100050171,2,33,,0,2,4,2,A01
202100050172,1,10,,0,1,1,16,A01
202100050173,0,7,,0,2,5,1,B01
202100050173,0,31,,0,2,1,1,A01
202100050174,0,1,,0,0,2,0,B01
202100050174,0,3,,0,2,2,26,A01
202100050175,2,7,,1,0,3,1,B01
202100050175,3,7,,0,2,5,24,C01
202100050175,2,7,,7,2,1,1,A01
202100050176,1,7,,6,2,1,15,A01
202100050177,1,7,,13,0,3,13,A01
202100050178,1,2,,0,2,7,15,B01
202100050178,2,7,,0,2,4,4,A01
202100050179,2,36,,12,0,4,4,A01
202100050180,3,7,,0,2,1,2,A01
202100050180,3,7,,0,1,4,2,B01
202100050181,3,7,,4,0,9,1,A01
202100050182,3,7,,0,2,1,1,B01
202100050182,3,7,,0,2,7,1,A01
202100050183,1,15,,0,2,3,2,A01
202100050183,1,7,,0,2,4,23,B01
202100050184,1,37,1.0,0,2,7,26,B01
202100050184,1,33,,0,2,8,18,A01
202100050185,1,10,,0,2,4,1,D01
202100050185,1,10,,0,2,1,2,A01
202100050185,1,7,,0,2,4,1,B01
202100050185,1,7,,0,2,4,1,C01
202100050186,2,7,,0,2,1,2,B01
202100050186,2,30,,0,2,4,2,A01
202100050187,0,10,,2,0,1,26,A01
202100050188,3,31,,0,2,1,1,A01
202100050188,3,7,,0,2,7,12,B01
202100050189,1,7,,0,2,1,15,A01
202100050189,2,1,,0,2,1,15,B01
202100050190,3,32,,0,2,7,17,B01
202100050190,3,7,,0,2,3,15,A01
202100050191,1,7,,0,2,1,15,A01
202100050191,2,2,,0,2,1,1,B01
202100050192,2,7,,0,2,1,15,A01
202100050192,1,33,,0,2,1,1,B01
202100050193,3,99,,0,1,4,20,A01
202100050194,0,7,,8,0,1,13,A01
202100050195,1,7,,0,1,2,26,A01
202100050196,3,7,,0,2,1,26,A01
202100050196,3,7,,0,2,8,1,B01
202100050197,2,7,,0,2,7,1,B01
202100050197,2,7,,0,2,1,1,A01
202100050198,1,7,,0,2,4,20,C01
202100050198,1,7,,0,2,4,23,B01
202100050198,1,7,,0,2,4,2,A01
202100050199,3,7,,0,2,2,15,A01
202100050199,3,7,,0,2,3,1,B01
202100050200,1,1,,0,2,1,1,B01
202100050200,1,7,,0,2,8,15,A01
202100050201,1,7,,0,2,3,9,A01
202100050201,1,7,,1,2,2,1,B01
202100050201,1,10,,0,2,5,23,C01
202100050202,2,1,,0,2,4,2,B01
202100050202,2,7,,0,2,1,2,A01
202100050203,3,7,,0,1,2,1,A01
202100050204,3,7,,0,1,1,1,A01
202100050205,2,7,,0,2,4,2,B01
202100050205,2,7,,0,2,1,26,A01
202100050206,2,7,,0,2,1,26,B01
202100050206,2,31,,0,2,4,26,A01
202100050207,2,33,,0,2,8,1,A01
202100050208,1,7,,0,2,3,11,Z01
202100050208,1,43,,0,2,2,1,A01
202100050209,2,43,,0,2,2,1,A01
202100050209,1,7,,0,2,3,9,B01
202100050210,0,30,,0,0,0,1,A01
202100050211,1,7,,0,2,2,1,D01
202100050211,1,7,,0,2,4,23,C01
202100050211,1,10,,0,2,4,23,B01
202100050211,1,7,,0,2,4,23,A01
202100050212,2,13,,0,1,2,1,A01
202100050213,2,7,,0,2,0,1,Z01
202100050213,2,30,,0,2,8,1,A01
202100050214,2,7,,0,2,2,16,B01
202100050214,2,32,,0,2,3,18,A01
202100050215,1,7,,0,2,8,1,B01
202100050215,1,2,,0,2,2,17,A01
202100050216,2,10,,0,2,3,1,A01
202100050216,2,1,,0,2,8,1,B01
202100050217,2,1,,0,0,0,1,A01
202100050218,3,10,,0,1,4,4,A01
202100050219,1,7,,0,2,2,15,A01
202100050219,2,2,,0,2,1,1,B01
202100050220,3,34,,0,2,5,23,B01
202100050220,3,10,,0,2,3,15,A01
202100050221,1,2,,0,2,2,17,B01
202100050221,1,7,,0,2,3,13,A01
202100050222,2,7,,0,2,3,1,B01
202100050222,1,1,,0,2,2,1,A01
202100050223,1,7,,0,2,7,1,A01
202100050223,1,33,,0,2,3,3,B01
202100050224,2,7,,0,2,2,15,B01
202100050224,2,2,,0,2,2,17,A01
202100050224,2,7,,0,2,1,0,C01
202100050225,1,7,,0,2,8,10,B01
202100050225,2,33,,0,2,3,1,A01
202100050226,2,37,1.0,0,1,6,24,B01
202100050226,2,7,,0,1,2,1,A01
202100050227,3,1,,0,0,0,0,A01
202100050228,2,7,,0,2,4,23,B01
202100050228,2,7,,0,2,1,1,A01
202100050229,1,10,,0,0,4,2,Z01
202100050229,1,30,,0,2,1,2,A01
202100050230,-1,7,,0,2,3,1,A01
202100050230,-1,30,,0,2,1,16,B01
202100050231,1,99,,0,1,1,1,A01
202100050232,3,7,,0,1,2,1,A01
202100050233,1,99,,0,1,8,21,A01
202100050234,1,32,,0,2,0,2,B01
202100050234,1,33,,0,2,7,23,A01
202100050235,3,7,,0,2,2,0,B01
202100050235,0,7,,0,2,6,9,A01
202100050236,1,7,,0,2,1,19,B01
202100050236,-1,7,,0,2,1,1,A01
202100050237,1,7,,0,0,9,1,A01
202100050238,1,7,,0,2,7,12,B01
202100050238,1,33,,0,2,8,12,A01
202100050239,3,7,,0,2,3,9,A01
202100050239,0,33,,0,2,1,1,B01
202100050240,2,33,,0,2,1,2,B01
202100050240,2,7,,0,2,5,1,A01
202100050241,2,10,,0,2,3,15,B01
202100050241,2,30,,0,2,2,17,A01
202100050242,1,7,,0,1,2,9,A01
202100050243,2,10,,0,1,2,16,A01
202100050244,1,36,,0,0,0,0,A01
202100050245,2,7,,3,0,7,1,A01
202100050246,1,7,,0,2,2,2,A01
202100050246,1,33,,0,0,4,2,B01
202100050247,1,7,,2,0,1,0,A01
202100050248,1,1,,0,0,0,1,A01
202100050249,1,7,,0,0,6,1,B01
202100050249,3,33,,0,2,1,19,A01
202100050250,2,1,,9,0,1,1,A01
202100050251,1,7,,0,2,3,13,A01
202100050251,2,33,,0,2,1,1,B01
202100050252,2,7,,0,1,3,1,A01
202100050253,2,7,,0,2,5,1,C01
202100050253,1,33,,0,2,1,1,B01
202100050253,1,2,,0,2,4,13,A01
202100050254,0,1,,6,0,8,16,A01
202100050255,3,7,,0,2,1,19,B01
202100050255,2,7,,0,2,8,1,A01
202100050256,0,7,,0,1,0,1,A01
202100050257,1,31,,0,2,2,1,A01
202100050257,2,7,,0,2,3,15,B01
202100050258,1,33,,0,2,1,1,B01
202100050258,2,10,,0,2,7,19,A01
202100050259,2,7,,0,2,3,1,B01
202100050259,1,7,,0,2,1,13,A01
202100050260,2,7,,13,0,0,1,A01
202100050261,1,7,,6,2,1,1,A01
202100050261,1,7,,12,2,8,0,B01
202100050262,2,33,,0,0,0,14,A01
202100050263,2,7,,13,0,9,1,A01
202100050264,3,2,,0,2,3,1,A01
202100050264,3,7,,0,2,8,1,B01
202100050265,1,7,,2,0,1,1,A01
202100050266,2,7,,0,2,3,15,A01
202100050266,1,33,,0,2,1,1,B01
202100050267,1,10,,0,1,1,1,A01
202100050268,3,7,,15,2,7,21,B01
202100050268,2,7,,0,2,1,19,A01
202100050269,1,7,,3,0,0,1,A01
202100050270,1,7,,2,6,1,0,A01
202100050271,1,17,,3,0,3,1,A01
202100050271,1,10,,0,9,1,2,B01
202100050272,2,33,,3,0,1,9,A01
202100050273,0,33,,0,0,1,17,A01
202100050273,0,7,,0,0,6,15,B01
202100050274,1,33,,0,2,1,1,A01
202100050274,1,7,,0,0,6,1,B01
202100050275,1,17,,0,0,6,1,B01
202100050275,1,7,,0,2,1,1,A01
202100050276,2,99,,0,2,0,17,B01
202100050276,2,7,,0,0,6,2,A01
202100050277,1,7,,0,2,3,13,A01
202100050277,2,7,,0,2,8,1,B01
202100050278,1,1,,0,2,1,1,B01
202100050278,2,7,,0,9,3,1,A01
202100050279,1,7,,0,0,3,1,B01
202100050279,2,7,,0,0,3,13,A01
202100050280,1,7,,0,2,1,0,A01
202100050280,2,7,,0,2,1,1,B01
202100050280,2,7,,0,2,3,2,C01
202100050281,1,33,,0,6,1,21,A01
202100050282,2,2,,0,2,6,1,A01
202100050282,2,2,,0,0,4,1,B01
202100050282,1,15,,0,9,6,1,C01
202100050283,1,7,,0,2,8,9,B01
202100050283,1,7,,0,2,1,1,A01
202100050284,1,7,,0,2,1,2,A01
202100050284,1,7,,0,2,4,2,B01
202100050285,1,33,,0,2,1,1,C01
202100050285,1,7,,0,2,4,1,B01
202100050285,1,7,,0,2,6,1,A01