Num_Acc,senc,catv,occutc,obs,obsm,choc,manv,num_veh
202100050286,2,7,,0,2,4,2,B01
202100050286,2,33,,0,2,1,2,A01
202100050287,1,7,,0,2,4,1,A01
202100050287,1,7,,0,2,4,1,B01
202100050287,1,7,,0,2,4,1,C01
202100050287,1,7,,0,2,4,1,D01
202100050287,1,10,,0,2,3,14,E01
202100050288,2,7,,0,2,1,26,A01
202100050288,1,10,,0,2,5,1,B01
202100050288,1,7,,0,2,6,1,C01
202100050288,1,10,,0,2,8,1,D01
202100050289,2,7,,0,2,2,12,A01
202100050289,2,34,,0,2,3,3,B01
202100050290,1,10,,1,0,1,14,A01
202100050290,1,17,,1,0,4,24,B01
202100050291,1,15,,0,2,2,0,A01
202100050291,1,7,,0,2,8,1,B01
202100050292,1,10,,0,2,2,12,A01
202100050292,1,7,,0,2,6,1,B01
202100050293,1,7,,0,0,0,0,B01
202100050293,1,32,,0,0,0,26,A01
202100050294,2,10,,0,2,4,2,A01
202100050294,2,10,,0,2,1,2,B01
202100050294,2,7,,0,2,1,2,C01
202100050295,2,7,,4,0,1,13,A01
202100050296,2,7,,0,2,1,2,A01
202100050296,2,7,,0,2,1,2,B01
202100050296,2,7,,0,2,4,2,C01
202100050297,2,7,,0,2,6,11,B01
202100050297,2,17,,0,2,2,1,A01
202100050297,2,10,,0,2,8,1,E01
202100050297,2,7,,0,2,7,1,D01
202100050297,2,33,,0,2,1,1,C01
202100050298,2,99,,0,9,3,26,A01
202100050298,1,1,,0,2,1,13,B01
202100050299,3,7,,0,2,3,15,B01
202100050299,3,33,,0,2,2,17,A01
202100050300,1,10,,0,2,7,1,B01
202100050300,2,7,,0,2,1,1,A01
202100050301,3,7,,0,2,1,15,A01
202100050301,3,7,,0,2,2,2,B01
202100050302,2,7,,0,2,1,26,B01
202100050302,2,50,,0,2,1,26,A01
202100050303,2,1,,0,2,1,15,B01
202100050303,2,7,,0,2,6,15,A01
202100050304,2,7,,0,2,6,9,B01
202100050304,2,7,,0,2,1,9,A01
202100050305,2,1,,0,0,7,15,A01
202100050306,2,7,,4,0,3,1,A01
202100050307,2,7,,0,2,1,15,B01
202100050307,1,34,,0,0,8,1,A01
202100050308,0,7,,1,0,1,1,A01
202100050309,2,7,,0,1,1,1,A01
202100050310,3,7,,0,1,3,26,A01
202100050311,2,7,,0,2,3,1,B01
202100050311,1,7,,0,2,2,15,A01
202100050312,2,7,,0,1,1,1,A01
202100050313,1,7,,3,0,1,13,A01
202100050314,0,7,,0,2,4,1,A01
202100050314,0,7,,0,2,1,1,B01
202100050314,0,1,,0,2,8,0,C01
202100050315,1,38,1.0,0,2,3,2,A01
202100050315,1,1,,0,2,7,19,B01
202100050316,1,7,,0,2,1,2,A01
202100050316,1,7,,0,2,4,2,B01
202100050316,1,7,,0,2,4,2,C01
202100050316,1,7,,0,2,7,1,D01
202100050317,2,31,,8,0,3,5,B01
202100050317,1,7,,0,2,3,23,A01
202100050318,1,7,,6,0,1,13,A01
202100050319,1,7,,0,1,1,1,A01
202100050320,2,7,,1,0,3,13,A01
202100050320,1,7,,0,2,8,24,B01
202100050321,1,7,,0,2,6,9,A01
202100050321,1,17,,0,2,2,15,B01
202100050322,2,7,,0,2,5,15,A01
202100050322,1,1,,0,2,1,1,B01
202100050323,1,30,,0,0,8,1,A01
202100050324,1,7,,0,1,1,26,A01
202100050325,3,10,,0,1,1,15,A01
202100050326,2,7,,0,2,5,15,A01
202100050326,1,34,,0,2,1,1,B01
202100050327,2,7,,5,2,3,13,A01
202100050327,2,7,,0,2,3,13,B01
202100050328,3,1,,0,2,1,26,B01
202100050328,1,7,,0,9,2,26,A01
202100050329,1,7,,0,2,8,10,A01
202100050329,1,33,,0,2,8,1,B01
202100050330,1,7,,0,1,2,2,A01
202100050331,0,10,,0,2,3,15,A01
202100050331,0,1,,0,2,1,1,B01
202100050332,3,7,,0,2,1,1,A01
202100050332,3,7,,0,2,9,1,B01
202100050332,3,7,,0,2,4,1,C01
202100050333,1,7,,0,2,3,1,A01
202100050333,3,50,,0,2,2,19,B01
202100050334,1,33,,4,0,5,0,A01
202100050335,1,33,,12,0,1,1,A01
202100050336,1,10,,0,2,1,18,Z01
202100050336,1,7,,0,2,4,18,C01
202100050336,1,1,,0,2,4,1,B01
202100050337,2,7,,0,2,4,23,B01
202100050337,2,30,,0,2,1,2,A01
202100050338,1,2,,0,2,1,1,A01
202100050338,1,7,,0,2,4,1,B01
202100050339,1,7,,0,1,3,15,A01
202100050340,2,7,,8,0,1,13,A01
202100050340,1,7,,8,0,1,1,B01
202100050341,3,7,,0,1,6,26,Z01
202100050342,2,99,,0,0,0,1,A01
202100050343,3,7,,0,2,3,15,A01
202100050343,3,7,,0,2,2,1,B01
202100050344,1,37,1.0,0,2,6,2,A01
202100050344,1,1,,0,2,1,2,B01
202100050345,1,7,,0,2,4,1,C01
202100050345,1,7,,0,2,1,1,B01
202100050345,1,7,,0,2,1,1,A01
202100050346,1,7,,0,0,8,1,A01
202100050347,-1,7,,0,2,7,1,B01
202100050347,2,7,,0,2,1,1,A01
202100050348,1,30,,0,2,4,11,A01
202100050348,1,7,,0,2,1,1,Z01
202100050349,3,7,,0,2,3,19,A01
202100050349,3,33,,0,-1,2,1,B01
202100050350,1,7,,0,2,2,15,B01
202100050350,2,7,,0,2,1,9,A01
202100050351,0,7,,0,2,2,15,B01
202100050351,1,33,,1,2,1,1,A01
202100050352,1,7,,0,2,3,15,B01
202100050352,2,1,,0,2,1,1,A01
202100050353,1,7,,0,1,1,16,A01
202100050354,1,10,,0,2,6,23,C01
202100050354,1,7,,0,2,5,23,B01
202100050354,1,10,,0,2,1,1,A01
202100050355,3,2,,0,2,0,26,A01
202100050355,3,7,,0,2,0,1,B01
202100050356,1,7,,0,2,4,2,B01
202100050356,1,7,,0,2,1,2,A01
202100050356,1,10,,0,2,4,2,C01
202100050357,1,7,,0,2,3,15,A01
202100050357,1,33,,0,2,2,3,B01
202100050358,1,50,,0,2,1,1,B01
202100050358,1,7,,0,2,8,22,A01
202100050359,1,7,,0,2,1,1,A01
202100050359,1,1,,0,2,4,23,B01
202100050360,1,1,,0,2,2,1,B01
202100050360,1,7,,0,2,3,22,A01
202100050361,2,1,,0,2,1,1,B01
202100050361,2,7,,0,2,6,15,A01
202100050362,2,33,,0,2,1,17,A01
202100050362,2,7,,0,2,6,15,B01
202100050363,1,7,,0,2,2,22,A01
202100050363,1,1,,0,2,1,1,B01
202100050364,2,32,,0,2,1,1,B01
202100050364,1,7,,0,2,2,15,A01
202100050365,2,7,,0,2,5,15,A01
202100050365,1,32,,0,2,1,1,B01
202100050366,1,33,,0,2,1,2,A01
202100050366,1,7,,0,0,6,2,B01
202100050367,2,10,,9,2,3,1,A01
202100050367,0,7,,0,2,1,1,B01
202100050368,1,7,,1,1,2,1,A01
202100050369,3,31,,0,2,3,0,B01
202100050369,3,7,,0,0,2,9,A01
202100050370,1,33,,0,2,8,3,A01
202100050370,2,7,,0,2,7,2,B01
202100050371,1,7,,0,0,9,2,A01
202100050372,2,7,,0,2,4,23,C01
202100050372,2,7,,0,2,1,2,B01
202100050372,2,7,,0,2,1,2,A01
202100050373,1,15,,0,0,4,1,B01
202100050373,1,7,,0,2,1,1,A01
202100050374,0,7,,0,1,1,15,A01
202100050375,3,7,,0,2,1,19,A01
202100050376,1,7,,0,1,3,16,A01
202100050377,2,10,,0,2,1,1,B01
202100050377,2,7,,0,2,2,1,A01
202100050378,0,7,,0,2,2,16,A01
202100050378,0,33,,0,0,4,23,B01
202100050379,3,10,,8,2,1,19,B01
202100050379,3,7,,0,2,8,2,A01
202100050380,2,7,,0,1,2,1,A01
202100050381,0,17,,0,2,2,9,A01
202100050381,0,1,,0,2,8,18,B01
202100050382,2,7,,9,2,2,16,A01
202100050382,1,37,1.0,0,2,2,1,B01
202100050383,2,30,,0,2,1,1,A01
202100050383,2,10,,0,2,7,1,B01
202100050384,1,10,,0,2,1,2,A01
202100050384,1,7,,0,2,4,23,B01
202100050385,1,7,,0,2,0,23,A01
202100050385,1,1,,0,2,0,1,B01
202100050386,2,7,,0,2,3,17,A01
202100050386,1,14,,0,2,3,1,B01
202100050386,2,10,,0,2,1,2,C01
202100050387,2,33,,0,2,1,17,A01
202100050387,2,10,,0,0,6,15,B01
202100050388,1,33,,16,0,2,1,A01
202100050389,1,7,,0,2,3,1,A01
202100050389,2,33,,0,2,1,17,B01
202100050390,2,2,,6,0,1,1,A01
202100050391,2,10,,0,2,3,2,B01
202100050391,1,7,,0,2,3,5,A01
202100050391,2,10,,0,9,1,2,C01
202100050392,1,10,,0,2,1,1,C01
202100050392,1,10,,0,2,8,1,B01
202100050392,2,7,,0,2,1,13,A01
202100050393,1,31,,0,0,9,1,A01
202100050394,3,1,,0,2,3,1,B01
202100050394,1,10,,0,2,2,1,A01
202100050395,1,7,,0,2,1,1,B01
202100050395,3,7,,0,2,2,19,A01
202100050396,3,7,,0,2,3,16,A01
202100050396,3,1,,0,2,0,26,B01
202100050397,1,32,,0,2,1,1,A01
202100050397,1,1,,0,0,4,11,B01
202100050398,1,7,,6,2,7,17,A01
202100050398,1,7,,0,2,8,17,B01
202100050399,2,7,,8,0,1,1,A01
202100050400,2,33,,12,0,1,0,A01
202100050401,2,1,,0,2,8,1,B01
202100050401,1,3,,0,9,1,1,A01
202100050402,1,21,,0,0,4,1,B01
202100050402,1,10,,0,2,1,2,A01
202100050403,3,7,,2,0,1,13,A01
202100050404,2,33,,0,0,0,1,A01
202100050405,1,2,,0,2,1,1,A01
202100050405,3,7,,0,2,6,19,B01
202100050406,1,7,,0,2,8,2,B01
202100050406,1,2,,0,2,7,2,A01
202100050407,3,10,,0,1,3,9,A01
202100050408,1,7,,0,2,3,10,A01
202100050408,1,33,,0,2,1,17,B01
202100050409,2,33,,16,0,0,1,A01
202100050410,2,14,,0,2,2,1,B01
202100050410,2,33,,0,0,6,23,A01
202100050411,2,7,,13,0,8,1,A01
202100050412,1,7,,0,1,2,1,A01
202100050413,0,10,,6,1,1,1,A01
202100050414,3,1,,0,2,7,1,B01
202100050414,3,1,,0,2,8,13,A01
202100050415,2,1,,0,2,3,15,B01
202100050415,2,7,,0,2,2,1,A01
202100050416,1,2,,0,2,1,1,B01
202100050416,2,7,,0,2,1,15,A01
202100050417,1,7,,0,2,3,1,A01
202100050417,2,7,,13,2,3,1,B01
202100050418,0,33,,15,9,7,1,A01
202100050419,2,7,,0,2,1,1,B01
202100050419,1,7,,0,2,3,13,A01
202100050420,2,7,,0,2,2,0,B01
202100050420,2,50,,0,2,8,0,A01
202100050421,1,10,,0,2,8,1,C01
202100050421,1,7,,0,2,1,1,B01
202100050421,1,7,,0,2,4,12,A01
202100050422,2,7,,0,9,2,1,C01
202100050422,2,7,,0,2,5,1,B01
202100050422,2,7,,0,2,3,0,Z01
202100050423,1,7,,4,0,2,16,A01
202100050424,2,7,,4,0,3,11,A01
202100050425,1,7,,0,2,1,2,A01
202100050425,1,7,,1,2,4,2,B01
202100050425,1,7,,0,2,4,2,C01
202100050425,1,7,,0,2,4,24,D01
202100050426,2,7,,0,1,1,15,A01
202100050427,1,1,,0,2,1,19,B01
202100050427,1,7,,0,2,1,1,A01
202100050428,0,7,,0,2,1,1,A01
202100050428,2,7,,0,2,3,1,B01
202100050429,1,30,,0,0,7,1,A01
202100050430,1,7,,0,2,3,15,A01
202100050430,1,2,,0,2,1,1,B01
202100050431,0,10,,0,2,7,16,A01
202100050431,3,1,,0,2,1,1,B01
202100050432,2,1,,0,2,0,1,B01
202100050432,2,7,,0,2,3,9,A01
202100050433,3,7,,0,9,2,1,A01
202100050433,3,50,,0,2,5,19,B01
202100050434,1,7,,0,2,3,0,B01
202100050434,1,33,,0,2,4,2,A01
202100050435,2,7,,0,0,9,26,A01
202100050436,2,7,,0,2,1,13,A01
202100050436,1,7,,0,2,3,1,B01
202100050437,1,7,,13,0,1,13,A01
202100050438,0,7,,0,2,3,15,A01
202100050438,0,34,,0,2,7,2,B01
202100050439,1,7,,0,1,8,1,A01
202100050440,2,30,,0,0,0,21,A01
202100050441,2,7,,4,0,6,13,A01
202100050442,3,7,,0,1,8,1,A01
202100050443,3,7,,0,1,1,1,A01
202100050444,1,2,,0,2,1,2,A01
202100050444,1,7,,0,2,4,2,B01
202100050445,1,2,,0,2,7,15,B01
202100050445,1,7,,0,2,3,26,A01
202100050446,3,7,,0,2,8,26,A01
202100050446,3,33,,0,2,9,0,B01
202100050446,3,33,,0,2,9,0,C01
202100050447,1,7,,0,1,1,15,A01
202100050448,1,1,,14,0,1,1,A01
202100050449,1,1,,0,2,1,1,B01
202100050449,2,7,,0,2,2,9,A01
202100050450,1,7,,0,1,1,1,A01
202100050451,2,7,,0,2,4,16,C01
202100050451,2,10,,0,2,4,23,B01
202100050451,2,7,,0,2,1,2,A01
202100050452,2,1,,0,0,0,26,A01
202100050453,2,2,,0,2,0,9,A01
202100050453,3,7,,0,2,3,26,B01
202100050454,1,33,,0,2,5,1,B01
202100050454,1,7,,0,2,1,15,A01
202100050455,3,7,,0,2,2,16,A01
202100050455,3,1,,0,2,8,1,B01
202100050456,1,7,,0,2,4,2,C01
202100050456,1,7,,0,2,4,2,B01
202100050456,1,7,,0,2,1,2,A01
202100050457,1,10,,0,2,2,1,B01
202100050457,2,7,,0,2,3,9,A01
202100050458,2,7,,0,2,3,26,B01
202100050458,1,7,,0,2,3,13,A01
202100050459,1,7,,0,2,1,2,A01
202100050459,1,7,,0,2,4,2,B01
202100050459,1,7,,0,0,4,0,C01
202100050460,2,1,,0,2,7,1,B01
202100050460,2,7,,0,2,1,9,A01
202100050461,1,30,,0,2,1,1,A01
202100050461,1,30,,0,2,2,1,B01
202100050462,3,7,,1,2,2,2,B01
202100050462,3,7,,1,2,3,2,A01
202100050463,1,7,,0,2,2,15,A01
202100050463,2,7,,0,2,1,1,B01
202100050463,1,10,,0,2,8,1,C01
202100050464,1,1,,0,2,0,2,B01
202100050464,1,38,1.0,0,2,5,2,A01
202100050465,2,7,,0,2,1,1,B01
202100050465,1,7,,0,2,2,16,A01
202100050466,2,1,,0,2,2,1,B01
202100050466,2,7,,0,2,1,9,A01
202100050467,1,7,,0,1,7,1,A01
202100050468,2,7,,0,1,2,1,A01
202100050469,3,1,,0,2,5,1,B01
202100050469,3,7,,0,9,3,9,A01
202100050470,3,14,,0,2,2,16,A01
202100050470,3,1,,0,2,3,0,B01
202100050471,2,7,,0,2,1,2,B01
202100050471,1,7,,0,2,6,2,C01
202100050471,1,7,,0,2,1,13,A01
202100050472,0,7,,0,2,1,1,Z01
202100050472,1,50,,0,2,7,1,B01
202100050473,1,2,,0,2,8,1,B01
202100050473,1,10,,0,2,2,1,C01
202100050474,1,7,,0,1,1,1,A01
202100050475,1,7,,0,2,3,15,A01
202100050475,2,7,,0,2,2,1,B01
202100050476,2,43,,0,1,1,1,A01
202100050477,1,7,,0,2,2,26,B01
202100050477,2,7,,0,2,1,9,A01
202100050478,1,7,,6,0,1,1,A01
202100050479,2,7,,0,2,1,1,B01
202100050479,1,7,,0,2,5,1,A01
202100050480,1,30,,0,0,0,16,A01
202100050481,2,1,,0,2,8,7,B01
202100050481,2,7,,0,2,2,15,A01
202100050482,1,33,,0,2,1,1,A01
202100050482,1,32,,0,2,3,1,B01
202100050483,1,1,,0,1,3,1,A01
202100050484,2,30,,0,2,3,15,B01
202100050484,1,30,,0,2,1,17,A01
202100050485,1,10,,0,2,8,20,A01
202100050485,1,33,,1,2,2,1,B01
202100050486,3,10,,0,2,4,23,B01
202100050486,3,7,,0,2,1,2,A01
202100050487,2,50,,0,2,1,1,B01
202100050487,2,10,,0,2,7,22,A01
202100050488,2,37,1.0,0,1,2,26,A01
202100050489,2,7,,0,1,1,19,A01
202100050490,1,7,,0,1,3,26,A01
202100050491,3,7,,0,2,2,1,B01
202100050491,1,7,,9,2,8,1,A01
202100050492,1,7,,6,2,2,1,B01
202100050492,2,7,,0,2,3,15,A01
202100050493,0,43,,0,2,1,26,A01
202100050493,0,7,,0,0,5,11,B01
202100050494,3,7,,0,1,1,1,A01
202100050495,-1,7,,0,0,1,10,A01
202100050495,-1,2,,0,0,1,1,B01
202100050496,2,7,,0,1,1,1,A01
202100050497,1,7,,0,2,1,9,A01
202100050497,2,1,,0,2,8,1,B01
202100050498,1,50,,0,2,4,19,B01
202100050498,1,10,,0,1,1,19,A01
202100050499,3,30,,9,1,1,25,A01
202100050500,1,7,,0,2,1,1,B01
202100050500,2,30,,0,2,7,5,A01
202100050501,1,30,,12,0,8,14,A01
202100050502,2,30,,0,1,1,18,A01
202100050503,3,10,,0,2,1,0,B01
202100050503,3,7,,6,2,1,0,A01
202100050504,2,7,,8,0,1,1,A01
202100050505,1,17,,0,2,2,1,A01
202100050505,1,7,,0,0,4,23,B01
202100050506,1,10,,0,2,1,1,A01
202100050506,1,7,,0,0,4,1,B01
202100050507,2,17,,3,0,3,6,A01
202100050508,2,1,,0,2,1,5,B01
202100050508,1,7,,0,9,1,1,A01
202100050509,1,7,,0,1,2,16,A01
202100050510,3,7,,0,2,3,1,A01
202100050510,3,10,,0,2,2,15,B01
202100050511,2,33,,13,0,9,14,A01
202100050512,1,7,,0,2,1,1,B01
202100050512,2,7,,0,2,1,15,A01
202100050513,3,1,,0,2,1,1,A01
202100050513,3,7,,0,0,1,15,B01
202100050514,3,7,,0,2,1,19,B01
202100050514,1,7,,0,2,6,1,A01
202100050515,1,33,,0,0,0,1,A01
202100050516,1,1,,0,2,1,1,B01
202100050516,2,7,,0,9,7,1,A01
202100050517,1,33,,0,0,1,1,A01
202100050517,2,10,,0,0,5,15,B01
202100050518,1,1,,0,0,0,16,A01
202100050519,2,33,,0,2,1,1,B01
202100050519,1,14,,0,2,7,15,A01
202100050520,1,7,,0,2,8,3,A01
202100050520,2,33,,0,2,8,1,B01
202100050521,3,7,,0,9,6,0,B01
202100050521,3,31,,0,2,3,0,A01
202100050522,2,7,,0,2,5,19,A01
202100050522,2,10,,0,2,1,2,B01
202100050523,1,7,,0,2,1,1,A01
202100050523,1,21,,0,2,6,1,B01
202100050524,1,1,,0,0,0,1,A01
202100050525,2,2,,0,2,8,15,B01
202100050525,1,7,,0,2,1,1,A01
202100050526,3,43,,6,0,2,1,A01
202100050527,1,31,,12,0,1,1,A01
202100050528,2,33,,9,0,1,1,A01
202100050529,1,17,,0,2,8,9,A01
202100050529,1,10,,0,2,2,2,B01
202100050530,1,7,,0,0,9,1,A01
202100050531,0,1,,0,2,7,26,B01
202100050531,0,7,,0,9,3,9,A01
202100050532,2,7,,0,1,2,1,A01
202100050533,0,33,,0,2,1,2,A01
202100050533,0,7,,0,2,5,2,B01
202100050534,2,7,,0,2,2,21,B01
202100050534,2,7,,8,2,8,15,A01
202100050535,0,2,,0,2,2,21,B01
202100050535,1,7,,0,2,6,16,A01
202100050536,2,10,,0,2,1,2,C01
202100050536,2,7,,0,0,4,23,A01
202100050536,2,7,,0,2,4,23,B01
202100050537,1,7,,0,1,2,1,A01
202100050538,1,7,,0,2,4,1,A01
202100050538,1,7,,0,2,1,2,B01
202100050539,1,13,,0,2,4,23,A01
202100050539,1,7,,0,2,1,2,C01
202100050539,1,7,,0,2,4,2,B01
202100050540,1,7,,0,2,1,2,A01
202100050540,1,7,,0,2,4,2,B01
202100050541,2,10,,0,2,7,2,C01
202100050541,2,43,,0,2,7,1,A01
202100050541,2,7,,0,2,8,2,B01
202100050542,1,7,,3,5,1,1,A01
202100050543,1,7,,0,5,1,12,A01
202100050544,2,15,,0,2,6,1,B01
202100050544,2,32,,0,2,1,3,A01
202100050545,2,7,,0,2,4,2,B01
202100050545,2,33,,0,2,1,2,A01
202100050546,2,7,,4,2,7,1,A01
202100050546,2,14,,0,2,3,11,B01
202100050547,1,7,,1,0,5,12,Z01
202100050547,1,7,,0,2,3,23,A01
202100050548,2,7,,0,2,4,2,B01
202100050548,2,10,,0,2,1,0,A01
202100050548,2,10,,0,2,4,2,D01
202100050548,2,7,,0,2,4,2,C01
202100050549,2,10,,0,2,1,2,B01
202100050549,2,7,,0,2,6,2,A01
202100050549,2,7,,0,2,1,2,C01
202100050550,2,7,,0,0,0,0,E01
202100050550,2,10,,0,2,3,1,D01
202100050550,2,7,,0,2,4,1,C01
202100050550,2,7,,0,2,1,1,B01
202100050550,2,7,,0,2,4,2,A01
202100050551,2,7,,0,2,6,1,A01
202100050551,2,7,,0,2,1,3,Z01
202100050552,2,7,,6,0,1,13,A01
202100050553,2,33,,0,6,1,1,A01
202100050554,1,2,,0,2,7,1,B01
202100050554,2,7,,0,2,3,9,A01
202100050555,2,7,,0,1,2,1,A01
202100050556,3,2,,0,2,1,17,A01
202100050556,3,7,,0,2,3,15,B01
202100050557,1,2,,0,0,0,9,A01
202100050558,1,7,,0,1,3,15,A01
202100050559,1,50,,0,2,3,26,B01
202100050559,1,7,,0,9,1,26,A01
202100050560,1,7,,6,1,6,14,A01
202100050561,2,33,,14,0,1,26,A01
202100050562,1,30,,0,2,3,1,A01
202100050562,1,10,,0,2,0,26,B01
202100050563,3,7,,0,1,3,20,A01
202100050564,3,80,,0,2,8,19,B01
202100050564,2,30,,0,2,1,0,A01
202100050565,1,14,,0,2,1,2,A01
202100050565,1,13,,0,1,4,1,B01
202100050566,2,7,,13,0,2,15,A01
202100050567,2,7,,0,2,5,2,A01
202100050567,2,33,,0,2,1,2,B01
202100050568,0,34,,0,2,1,1,B01
202100050568,0,7,,0,2,7,15,A01
202100050569,2,7,,0,2,1,2,A01
202100050569,2,1,,0,2,4,2,B01
202100050570,2,7,,0,2,3,20,B01
202100050570,1,50,,0,2,1,5,A01
202100050571,2,1,,0,2,1,1,B01
202100050571,1,7,,0,2,2,15,A01
202100050572,2,1,,0,2,7,1,B01
202100050572,2,37,1.0,0,2,6,1,A01
202100050573,2,7,,0,2,3,1,B01
202100050573,1,2,,0,2,1,1,A01
202100050574,3,7,,0,2,3,16,A01
202100050574,3,1,,0,2,7,16,B01
202100050575,3,7,,0,1,2,16,A01
202100050576,1,33,,0,2,1,1,B01
202100050576,1,7,,0,2,6,12,A01
202100050577,2,7,,2,0,1,1,A01
202100050578,2,1,,0,2,1,19,A01
202100050578,1,7,,0,2,5,15,B01
202100050579,2,31,,15,2,1,17,A01
202100050579,2,10,,0,2,8,15,B01
202100050580,2,7,,9,1,2,9,A01
202100050581,1,7,,0,2,1,1,A01
202100050581,1,7,,2,0,9,13,B01
202100050581,2,7,,0,2,1,13,C01
202100050582,2,7,,0,1,1,9,A01
202100050583,2,7,,0,2,2,17,D01
202100050583,2,1,,0,2,4,15,A01
202100050584,2,7,,3,2,1,5,A01
202100050584,2,7,,0,2,1,1,B01
202100050585,1,7,,0,2,8,0,B01
202100050585,1,7,,6,2,8,17,A01
202100050586,1,7,,0,2,3,15,A01
202100050586,1,31,,0,2,1,1,B01
202100050587,3,33,,0,2,9,26,B01
202100050587,3,7,,0,2,7,15,A01
202100050588,2,7,,0,2,1,15,A01
202100050588,1,2,,0,2,1,1,B01
202100050589,3,7,,0,1,1,1,A01
202100050590,2,7,,0,2,1,17,A01
202100050590,1,7,,0,2,4,1,B01
202100050590,2,7,,0,2,1,1,C01
202100050591,2,7,,0,2,0,0,A01
202100050591,3,7,,0,0,0,0,B01
202100050592,1,7,,0,1,1,1,A01
202100050593,2,10,,0,2,3,15,B01
202100050593,2,30,,0,2,0,17,A01
202100050594,2,0,,0,1,0,0,Z01
202100050595,0,7,,0,1,6,20,A01
202100050596,2,10,,0,2,2,2,B01
202100050596,2,7,,0,2,3,1,A01
202100050597,0,37,1.0,0,1,3,15,A01
202100050598,2,33,,8,0,3,13,A01
202100050599,1,7,,0,0,0,0,A01
202100050599,1,10,,12,0,0,0,B01
202100050600,1,7,,0,2,1,2,A01
202100050600,1,7,,0,2,4,26,B01
202100050601,2,7,,0,0,4,1,B01
202100050601,2,7,,0,2,1,2,A01
202100050602,1,3,,0,1,1,1,A01
202100050603,2,50,,0,2,1,0,B01
202100050603,2,7,,0,2,6,15,A01
202100050604,1,7,,0,1,2,1,A01
202100050605,3,7,,0,1,1,1,A01
202100050606,-1,7,,0,2,6,23,A01
202100050606,-1,7,,0,2,4,23,B01
202100050606,-1,7,,0,2,2,2,C01
202100050607,1,30,,0,2,7,1,B01
202100050607,3,7,,0,2,1,9,A01
202100050608,2,30,,0,1,7,1,Z01
202100050609,1,7,,0,2,2,16,A01
202100050609,1,2,,0,2,3,18,B01
202100050610,1,7,,0,2,2,1,B01
202100050610,2,7,,0,2,1,13,A01
202100050611,2,7,,8,0,1,1,A01
202100050612,1,7,,0,2,3,1,B01
202100050612,2,33,,0,2,3,11,A01
202100050613,2,10,,0,2,1,14,C01
202100050613,2,10,,0,0,4,1,A01
202100050614,2,7,,0,1,1,0,A01
202100050615,2,33,,13,0,9,1,A01
202100050616,1,1,,0,0,0,16,A01
202100050617,2,2,,1,0,1,1,A01
202100050617,2,7,,0,0,4,0,B01
202100050618,1,7,,0,1,1,19,A01
202100050619,1,2,,0,2,1,1,A01
202100050619,1,15,,0,0,4,15,B01
202100050620,3,7,,8,2,3,1,A01
202100050620,3,7,,0,2,2,1,B01
202100050621,1,7,,0,2,2,1,A01
202100050621,1,1,,0,0,4,1,B01
202100050622,3,7,,0,0,7,19,A01
202100050622,2,33,,0,2,3,0,B01
202100050623,3,33,,0,2,1,1,B01
202100050623,3,10,,0,2,7,15,A01
202100050624,2,7,,0,2,3,0,B01
202100050624,1,7,,0,2,2,15,A01
202100050625,3,7,,0,1,1,1,A01
202100050626,2,33,,0,2,1,17,A01
202100050626,2,7,,0,2,6,15,B01
202100050627,1,10,,0,2,8,13,A01
202100050627,1,7,,0,2,7,17,B01
202100050628,2,7,,0,2,5,15,A01
202100050628,1,33,,0,2,1,1,B01
202100050629,1,7,,0,0,5,11,A01
202100050629,2,33,,0,2,1,1,B01
202100050630,1,33,,0,0,0,0,A01
202100050631,-1,7,,0,9,1,16,A01
202100050631,-1,1,,0,2,0,19,B01
202100050632,2,1,,0,2,8,1,B01
202100050632,2,7,,0,2,7,17,A01
202100050633,2,33,,0,2,1,1,E01
202100050633,1,7,,0,2,1,15,A01
202100050634,0,33,,0,0,1,0,A01
202100050634,0,7,,0,9,3,1,B01
202100050635,3,7,,8,0,6,1,A01
202100050636,1,17,,3,0,5,1,A01
202100050636,1,7,,0,2,1,1,B01
202100050636,1,10,,0,2,1,2,C01
202100050637,2,7,,0,1,1,16,A01
202100050638,1,7,,0,2,5,1,D01
202100050638,1,7,,0,2,3,1,C01
202100050638,1,7,,0,2,6,1,B01
202100050638,1,33,,0,2,1,1,A01
202100050639,1,15,,0,2,3,15,B01
202100050639,2,33,,0,2,8,1,A01
202100050640,0,1,,0,2,1,1,B01
202100050640,0,7,,0,0,2,1,A01
202100050641,2,7,,0,0,5,16,B01
202100050641,2,7,,0,2,1,26,A01
202100050642,2,33,,15,9,1,1,B01
202100050642,3,7,,0,0,2,26,A01
202100050643,2,7,,0,2,1,1,A01
202100050643,0,1,,0,2,7,26,B01
202100050644,2,7,,2,0,2,1,A01
202100050645,1,7,,0,2,2,1,B01
202100050645,1,1,,0,2,3,9,A01
202100050646,2,7,,0,2,3,13,A01
202100050646,1,7,,0,2,3,1,B01
202100050647,3,10,,0,1,3,1,A01
202100050648,1,7,,3,2,1,2,A01
202100050648,1,7,,4,0,4,1,B01
202100050649,2,7,,0,2,1,1,A01
202100050649,2,7,,0,2,9,2,B01
202100050649,2,7,,0,2,4,2,C01
202100050650,1,7,,4,0,2,2,A01
202100050651,2,7,,0,2,4,2,B01
202100050651,2,7,,0,2,1,2,A01
202100050652,1,17,,0,2,1,2,A01
202100050652,1,7,,0,2,4,2,B01