Num_Acc,senc,catv,occutc,obs,obsm,choc,manv,num_veh
202100050653,2,7,,0,2,4,0,C01
202100050653,2,7,,0,2,3,13,B01
202100050653,2,10,,0,2,1,2,A01
202100050654,2,7,,4,0,1,1,A01
202100050655,2,7,,6,0,1,0,A01
202100050656,1,37,1.0,0,2,7,1,A01
202100050656,1,30,,0,2,1,16,B01
202100050657,1,7,,0,2,2,1,A01
202100050657,1,10,,8,2,3,1,B01
202100050658,2,7,,0,2,2,16,A01
202100050658,2,1,,0,2,3,1,B01
202100050659,0,3,,8,0,1,1,A01
202100050660,2,7,,0,2,1,1,B01
202100050660,1,7,,0,2,3,15,A01
202100050661,1,30,,0,2,1,1,A01
202100050661,2,7,,0,2,2,1,B01
202100050662,1,33,,0,0,0,1,A01
202100050663,3,7,,0,1,1,1,A01
202100050664,1,2,,0,2,1,1,B01
202100050664,1,7,,0,0,4,16,A01
202100050665,2,7,,17,0,2,1,A01
202100050666,0,7,,0,0,1,0,A01
202100050667,3,1,,0,2,4,2,B01
202100050667,3,7,,0,9,2,2,A01
202100050668,1,33,,0,2,1,1,A01
202100050668,2,7,,0,2,2,15,B01
202100050669,1,7,,3,0,3,17,A01
202100050670,1,7,,0,2,1,5,A01
202100050670,1,10,,0,2,2,1,B01
202100050671,3,7,,0,2,3,1,C01
202100050671,3,2,,0,2,1,1,A01
202100050672,1,33,,0,0,8,15,A01
202100050673,1,7,,13,0,2,1,A01
202100050674,2,7,,0,2,2,1,A01
202100050674,2,1,,0,0,1,2,B01
202100050675,1,7,,0,0,8,15,A01
202100050675,1,33,,0,2,1,17,B01
202100050676,1,7,,13,0,8,1,A01
202100050677,2,7,,0,2,3,13,A01
202100050677,1,17,,0,2,3,1,B01
202100050677,2,7,,13,2,8,1,C01
202100050678,1,7,,2,0,3,13,A01
202100050679,1,33,,14,0,1,1,A01
202100050680,3,1,,15,0,0,21,A01
202100050681,1,7,,13,0,3,1,A01
202100050682,3,7,,0,9,1,0,A01
202100050683,1,7,,0,2,1,1,A01
202100050683,1,7,,0,2,4,1,B01
202100050684,2,2,,0,2,0,21,A01
202100050684,1,21,,0,2,0,21,B01
202100050685,1,10,,0,2,1,1,A01
202100050685,1,7,,0,0,4,23,B01
202100050686,2,30,,0,2,7,1,B01
202100050686,2,7,,0,2,3,9,A01
202100050687,1,7,,0,1,3,1,A01
202100050688,1,7,,0,2,2,9,A01
202100050688,1,33,,0,2,1,1,B01
202100050689,2,7,,0,0,1,1,B01
202100050689,1,7,,0,0,1,1,A01
202100050690,1,20,,0,2,3,1,B01
202100050690,2,10,,0,2,3,13,A01
202100050691,1,7,,0,2,3,1,B01
202100050691,2,7,,0,2,3,13,A01
202100050692,2,7,,0,0,1,1,B01
202100050692,1,7,,0,2,1,1,A01
202100050693,1,33,,0,2,1,2,A01
202100050693,1,33,,0,2,4,2,B01
202100050694,2,10,,0,2,8,1,A01
202100050694,1,33,,0,2,8,13,B01
202100050695,1,33,,0,2,1,1,B01
202100050695,1,7,,0,2,6,10,A01
202100050696,1,10,,0,2,1,1,B01
202100050696,2,7,,0,2,1,1,A01
202100050697,0,33,,0,2,1,1,B01
202100050697,0,7,,0,2,8,19,A01
202100050698,1,32,,13,0,7,1,A01
202100050699,2,7,,0,0,4,2,B01
202100050699,2,7,,0,2,1,2,A01
202100050700,1,10,,9,0,1,14,A01
202100050701,1,33,,0,2,3,1,A01
202100050701,2,7,,0,2,2,15,B01
202100050702,1,7,,13,0,1,1,A01
202100050703,1,33,,0,2,1,1,B01
202100050703,2,7,,0,2,2,15,A01
202100050704,2,7,,0,2,3,15,B01
202100050704,2,32,,0,2,1,17,A01
202100050705,1,33,,0,2,1,1,B01
202100050705,2,7,,0,2,3,9,A01
202100050706,3,2,,0,0,9,1,A01
202100050707,3,7,,0,0,6,9,A01
202100050707,3,33,,0,2,1,2,B01
202100050708,1,38,1.0,0,2,3,1,B01
202100050708,2,7,,0,2,3,5,A01
202100050709,1,7,,0,0,5,1,A01
202100050709,1,2,,0,2,1,2,B01
202100050710,0,36,,0,0,6,1,A01
202100050711,3,36,,0,0,1,26,A01
202100050712,1,33,,0,2,1,17,B01
202100050712,1,7,,0,9,6,17,A01
202100050713,2,10,,0,2,0,2,A01
202100050713,2,7,,0,2,1,2,E01
202100050713,2,7,,0,2,4,2,C01
202100050713,2,7,,0,2,4,2,B01
202100050713,2,7,,0,2,4,2,D01
202100050714,1,10,,0,2,9,14,B01
202100050714,1,13,,0,2,6,1,A01
202100050715,2,7,,0,2,7,17,C01
202100050715,2,7,,0,2,2,1,B01
202100050715,2,7,,0,2,3,18,A01
202100050716,2,10,,0,2,1,1,E01
202100050716,2,7,,0,2,1,11,D01
202100050716,2,7,,4,2,7,1,C01
202100050716,2,7,,3,2,8,11,B01
202100050716,2,7,,0,2,6,1,A01
202100050717,1,7,,0,2,1,26,A01
202100050717,1,7,,0,2,4,26,B01
202100050718,2,7,,0,2,8,13,A01
202100050718,2,7,,4,2,2,1,B01
202100050719,2,7,,4,0,3,13,A01
202100050720,1,32,,0,0,0,2,A01
202100050721,2,20,,0,0,0,26,A01
202100050721,2,31,,0,0,0,26,B01
202100050722,2,7,,0,2,4,2,C01
202100050722,2,7,,0,2,1,9,A01
202100050722,2,7,,0,2,4,2,B01
202100050723,2,32,,4,0,8,1,A01
202100050724,2,7,,3,0,1,21,A01
202100050725,2,7,,0,2,1,2,A01
202100050725,2,7,,0,2,4,2,B01
202100050726,1,7,,6,0,0,13,A01
202100050727,1,31,,0,2,7,1,B01
202100050727,1,7,,0,9,8,15,A01
202100050728,3,33,,0,2,2,1,B01
202100050728,3,7,,0,2,8,26,A01
202100050729,3,7,,0,2,1,14,B01
202100050729,3,30,,0,2,1,25,A01
202100050730,2,7,,0,2,1,2,A01
202100050730,2,7,,0,2,4,23,B01
202100050731,3,37,1.0,0,1,5,16,A01
202100050732,3,7,,0,2,4,1,C01
202100050732,3,7,,0,2,2,1,A01
202100050732,3,7,,0,2,6,1,B01
202100050733,2,7,,0,2,8,1,B01
202100050733,2,7,,0,2,1,1,A01
202100050734,1,33,,0,2,4,1,B01
202100050734,1,7,,0,2,3,26,A01
202100050735,3,7,,0,2,3,1,B01
202100050735,3,30,,0,2,4,9,A01
202100050736,3,2,,1,0,1,13,A01
202100050736,3,7,,0,9,2,26,B01
202100050737,1,7,,0,2,6,2,B01
202100050737,1,32,,0,2,0,0,A01
202100050738,2,33,,0,0,1,1,A01
202100050739,2,14,,0,2,6,1,B01
202100050739,2,30,,0,2,0,3,A01
202100050740,3,33,,0,2,1,2,B01
202100050740,3,7,,0,2,3,10,A01
202100050741,2,7,,0,2,3,1,B01
202100050741,1,2,,0,2,3,19,A01
202100050742,2,7,,0,1,4,20,A01
202100050743,2,7,,14,0,3,1,A01
202100050744,2,2,,0,2,1,9,A01
202100050744,1,7,,0,2,5,16,B01
202100050745,2,33,,6,0,3,16,A01
202100050746,0,1,,0,2,1,1,B01
202100050746,0,7,,0,2,3,15,A01
202100050747,2,99,,0,2,2,19,B01
202100050747,2,99,,0,2,1,19,A01
202100050748,2,30,,0,2,7,9,A01
202100050748,1,7,,0,2,3,9,B01
202100050749,3,7,,0,2,4,15,B01
202100050749,3,30,,0,2,1,2,A01
202100050750,2,7,,0,1,2,1,A01
202100050751,1,33,,0,2,1,1,B01
202100050751,3,7,,0,2,3,15,A01
202100050752,1,7,,0,1,1,15,A01
202100050753,1,7,,0,2,3,9,A01
202100050753,2,1,,0,2,1,1,B01
202100050754,1,7,,12,2,2,2,A01
202100050754,1,7,,12,2,6,1,B01
202100050755,1,7,,13,0,1,1,A01
202100050756,1,7,,0,2,6,0,C01
202100050756,1,31,,1,0,1,13,D01
202100050756,1,7,,0,2,6,26,A01
202100050756,1,7,,1,0,2,2,B01
202100050757,3,36,,8,0,5,14,A01
202100050758,0,7,,0,2,2,1,Z01
202100050758,1,31,,0,2,7,20,A01
202100050759,2,32,,8,2,1,17,A01
202100050759,2,10,,0,2,3,15,B01
202100050760,1,7,,0,2,0,0,A01
202100050760,1,2,,0,2,3,15,B01
202100050761,2,32,,0,2,1,3,A01
202100050761,2,7,,0,2,6,1,B01
202100050761,2,7,,0,2,2,1,C01
202100050762,1,10,,0,2,4,2,C01
202100050762,1,10,,0,2,4,2,B01
202100050762,1,7,,0,2,1,2,A01
202100050763,1,7,,0,1,2,1,A01
202100050764,2,50,,0,2,1,1,B01
202100050764,2,10,,0,2,2,16,A01
202100050765,1,1,,0,0,0,21,A01
202100050766,1,60,,0,0,0,25,A01
202100050767,1,7,,0,2,2,15,A01
202100050767,1,33,,0,2,3,1,B01
202100050767,1,7,,0,2,5,23,C01
202100050768,2,7,,0,2,2,15,A01
202100050768,1,1,,0,2,8,1,B01
202100050769,1,43,,0,2,1,2,Z01
202100050769,1,33,,0,2,4,2,A01
202100050770,1,1,,0,1,0,1,A01
202100050771,1,30,,0,2,4,23,B01
202100050771,1,30,,0,2,1,1,A01
202100050772,1,33,,0,0,4,1,A01
202100050773,1,7,,0,2,3,22,A01
202100050773,1,80,,0,2,0,1,B01
202100050774,1,7,,0,1,4,4,A01
202100050775,3,7,,0,2,2,1,B01
202100050775,3,7,,0,2,3,1,A01
202100050776,1,33,,16,0,5,20,A01
202100050776,1,2,,0,2,3,2,Z01
202100050777,2,32,,12,0,1,26,A01
202100050778,3,33,,0,0,0,1,A01
202100050779,2,7,,0,1,5,1,A01
202100050780,1,7,,0,1,1,1,A01
202100050781,1,7,,0,2,5,12,A01
202100050781,1,33,,0,2,3,1,B01
202100050782,1,7,,0,2,2,16,A01
202100050782,1,34,,0,2,5,16,B01
202100050783,3,33,,0,2,6,15,B01
202100050783,3,7,,0,2,0,1,A01
202100050784,2,2,,0,2,8,15,A01
202100050784,2,32,,0,2,7,17,B01
202100050785,1,7,,0,2,2,15,A01
202100050785,2,7,,0,2,1,1,C01
202100050785,2,7,,0,2,6,1,B01
202100050786,3,2,,1,0,0,1,A01
202100050787,3,7,,17,0,2,14,A01
202100050788,2,7,,0,2,1,1,A01
202100050788,2,7,,0,2,4,2,B01
202100050789,1,17,,0,0,4,1,B01
202100050789,1,7,,0,2,1,2,A01
202100050790,2,7,,4,2,3,11,A01
202100050790,2,7,,0,2,3,17,B01
202100050791,1,2,,0,2,1,21,A01
202100050791,2,10,,0,0,8,1,B01
202100050792,2,7,,13,0,1,1,A01
202100050793,1,33,,0,2,1,1,B01
202100050793,1,7,,0,2,3,16,A01
202100050794,1,7,,0,2,8,1,C01
202100050794,1,7,,0,2,8,1,B01
202100050794,2,32,,0,2,8,1,A01
202100050795,1,7,,0,0,1,1,A01
202100050795,2,1,,0,2,1,1,B01
202100050796,1,2,,0,2,3,13,A01
202100050796,1,7,,0,2,6,1,B01
202100050797,1,1,,0,2,4,2,B01
202100050797,1,7,,0,2,1,1,A01
202100050798,2,7,,15,2,1,1,B01
202100050798,1,7,,0,0,3,15,A01
202100050799,3,7,,0,2,3,13,A01
202100050799,3,2,,0,2,3,1,B01
202100050800,1,7,,0,2,1,1,B01
202100050800,2,7,,0,2,1,13,A01
202100050801,1,7,,8,0,1,1,A01
202100050802,1,1,,0,2,8,1,B01
202100050802,2,7,,0,2,1,15,A01
202100050803,2,33,,0,2,1,1,B01
202100050803,1,7,,0,2,3,19,A01
202100050804,2,7,,6,0,3,13,A01
202100050805,1,7,,0,1,1,1,A01
202100050806,2,33,,0,2,7,5,A01
202100050806,1,7,,0,2,1,1,B01
202100050807,3,7,,0,2,1,15,A01
202100050807,1,7,,14,0,1,1,C01
202100050807,1,7,,0,2,2,1,B01
202100050808,3,2,,0,0,0,1,A01
202100050809,1,7,,0,2,1,9,A01
202100050809,1,1,,0,2,7,1,B01
202100050810,2,33,,0,0,8,1,A01
202100050811,3,31,,15,0,1,1,A01
202100050812,2,33,,0,2,3,13,A01
202100050812,1,7,,0,2,8,1,B01
202100050813,1,33,,0,9,1,21,B01
202100050813,1,33,,0,0,0,1,A01
202100050814,1,1,,0,0,0,2,B01
202100050814,1,1,,0,0,0,1,A01
202100050815,2,7,,13,0,1,1,A01
202100050816,1,33,,0,2,1,0,A01
202100050816,2,7,,0,2,3,0,B01
202100050817,1,7,,16,0,3,1,A01
202100050818,2,7,,0,9,2,13,A01
202100050818,2,80,,0,0,4,13,B01
202100050819,3,31,,0,2,1,2,B01
202100050819,3,7,,0,2,6,15,A01
202100050820,1,3,,0,0,0,1,A01
202100050821,2,1,,12,2,7,2,A01
202100050821,2,1,,12,2,8,2,B01
202100050822,2,1,,0,2,8,1,B01
202100050822,1,7,,0,2,3,15,A01
202100050823,1,32,,15,0,1,14,A01
202100050824,1,7,,2,0,1,0,A01
202100050825,1,7,,0,2,3,15,A01
202100050825,2,7,,0,2,1,1,B01
202100050826,1,30,,1,0,0,0,A01
202100050827,2,7,,0,2,0,1,B01
202100050827,1,7,,0,2,8,19,A01
202100050828,1,7,,0,2,1,13,A01
202100050828,2,7,,0,2,2,1,B01
202100050829,1,33,,5,0,1,21,B01
202100050829,1,33,,5,0,1,21,A01
202100050830,2,15,,0,0,4,2,B01
202100050830,2,7,,3,2,1,2,A01
202100050831,1,1,,0,2,4,2,B01
202100050831,1,7,,0,9,2,1,A01
202100050832,1,33,,0,6,1,1,A01
202100050833,1,33,,0,0,3,1,A01
202100050834,1,7,,13,0,2,14,A01
202100050835,0,7,,0,9,1,15,A01
202100050835,3,50,,0,2,1,16,C01
202100050836,3,1,,0,1,1,1,A01
202100050837,1,7,,0,2,3,1,B01
202100050837,2,0,,0,2,0,5,A01
202100050838,2,33,,0,5,1,26,A01
202100050839,2,7,,2,0,1,1,A01
202100050840,1,33,,0,2,2,1,B01
202100050840,2,7,,0,2,2,1,A01
202100050841,2,7,,13,9,1,13,A01
202100050842,1,7,,0,2,8,2,B01
202100050842,1,15,,0,2,2,12,A01
202100050843,1,33,,4,0,1,1,A01
202100050844,1,7,,0,2,4,2,B01
202100050844,1,32,,0,2,1,2,A01
202100050845,1,7,,0,2,4,1,B01
202100050845,1,7,,0,2,1,14,A01
202100050845,1,7,,0,2,4,1,C01
202100050846,1,7,,0,2,6,1,B01
202100050846,1,7,,0,2,2,12,A01
202100050847,2,33,,0,2,0,0,B01
202100050847,2,10,,0,2,0,9,A01
202100050848,2,7,,0,2,6,1,B01
202100050848,2,7,,0,2,1,26,A01
202100050849,2,0,,0,2,0,0,B01
202100050849,2,32,,0,2,8,13,A01
202100050850,2,7,,0,2,6,2,B01
202100050850,2,14,,0,2,2,12,A01
202100050851,1,10,,0,2,6,1,C01
202100050851,1,7,,0,2,4,1,B01
202100050851,1,17,,0,2,1,1,A01
202100050852,1,7,,0,2,4,2,C01
202100050852,0,7,,0,2,4,2,B01
202100050852,1,7,,0,2,1,2,A01
202100050853,1,7,,0,2,4,23,D01
202100050853,1,7,,0,2,4,23,B01
202100050853,1,7,,0,2,1,2,A01
202100050853,1,7,,0,2,4,23,C01
202100050854,1,2,,0,2,1,1,B01
202100050854,1,10,,0,2,5,15,A01
202100050855,1,33,,0,2,1,1,B01
202100050855,2,7,,0,2,3,15,A01
202100050856,1,7,,0,2,2,1,B01
202100050856,2,1,,0,2,7,19,A01
202100050857,3,7,,6,0,1,26,A01
202100050858,1,10,,0,2,4,23,A01
202100050858,1,7,,0,2,1,2,B01
202100050859,1,30,,14,0,1,5,A01
202100050860,2,7,,0,2,2,1,C01
202100050860,2,7,,0,2,8,1,B01
202100050860,2,7,,0,2,6,9,A01
202100050861,2,33,,0,2,8,0,B01
202100050861,2,7,,0,2,3,9,A01
202100050862,2,7,,0,2,4,2,B01
202100050862,2,7,,0,2,1,2,A01
202100050863,3,7,,0,1,1,1,A01
202100050864,1,30,,0,9,1,26,A01
202100050865,3,10,,1,1,4,26,A01
202100050866,3,7,,0,0,4,4,A01
202100050867,3,2,,0,2,1,17,B01
202100050867,3,7,,0,2,3,1,A01
202100050868,0,2,,0,2,7,1,B01
202100050868,1,7,,0,2,2,9,A01
202100050869,0,7,,0,2,4,16,B01
202100050869,0,33,,0,2,1,2,A01
202100050870,0,7,,0,9,0,15,A01
202100050870,0,50,,0,2,8,1,B01
202100050871,0,7,,0,1,1,1,A01
202100050872,2,7,,0,2,1,15,A01
202100050872,2,33,,0,2,8,16,B01
202100050873,2,7,,12,0,1,26,A01
202100050874,0,2,,0,2,7,0,B01
202100050874,0,10,,0,2,8,0,A01
202100050875,2,3,,0,2,4,23,A01
202100050875,2,7,,0,2,1,1,Z01
202100050876,2,7,,0,2,1,2,A01
202100050876,2,7,,0,2,4,2,C01
202100050876,2,7,,0,2,4,2,B01
202100050877,0,50,,0,2,2,19,A01
202100050877,2,7,,0,2,0,0,B01
202100050878,3,32,,0,2,8,1,B01
202100050878,3,7,,0,2,3,9,A01
202100050879,1,2,,0,2,0,2,B01
202100050879,1,7,,0,9,3,9,A01
202100050880,0,7,,0,1,1,9,A01
202100050881,3,7,,0,2,3,1,B01
202100050881,3,30,,0,2,1,1,A01
202100050882,2,7,,0,2,1,15,B01
202100050882,2,30,,0,2,1,1,A01
202100050883,1,7,,0,2,2,1,A01
202100050883,1,1,,0,2,8,13,B01
202100050884,2,10,,0,1,1,1,A01
202100050885,2,7,,0,2,3,16,B01
202100050885,3,7,,0,2,2,1,A01
202100050886,1,7,,0,2,1,1,A01
202100050886,1,7,,0,2,4,1,B01
202100050887,1,7,,0,9,0,0,Z01
202100050887,1,1,,0,2,7,1,B01
202100050888,1,7,,0,1,1,1,Z01
202100050889,1,7,,0,1,7,1,A01
202100050890,0,10,,0,1,1,1,A01
202100050891,0,7,,0,2,3,15,B01
202100050891,0,34,,0,2,1,1,A01
202100050892,1,7,,0,2,1,16,A01
202100050892,2,1,,0,2,4,15,B01
202100050893,3,7,,0,1,1,1,A01
202100050894,2,10,,0,2,3,9,A01
202100050894,2,2,,0,2,1,1,B01
202100050895,2,2,,0,0,1,1,A01
202100050896,3,7,,0,1,5,26,A01
202100050897,2,1,,0,2,7,19,C01
202100050897,2,7,,0,2,4,23,B01
202100050897,2,7,,0,2,1,2,A01
202100050898,1,7,,0,1,0,15,A01
202100050899,1,1,,0,2,1,26,B01
202100050899,1,7,,0,2,3,9,A01
202100050900,1,7,,0,2,1,17,A01
202100050900,2,7,,0,2,1,1,B01
202100050901,0,1,,0,0,0,1,A01
202100050902,1,7,,0,2,1,1,B01
202100050902,3,10,,0,2,8,19,A01
202100050903,1,7,,0,2,2,1,B01
202100050903,1,7,,0,2,1,9,A01
202100050904,1,7,,0,2,4,1,B01
202100050904,1,7,,0,2,1,2,A01
202100050905,2,30,,0,2,2,15,A01
202100050905,1,30,,0,2,1,1,B01
202100050906,2,7,,0,2,1,1,B01
202100050906,2,30,,0,2,4,1,A01
202100050907,1,33,,0,2,9,1,B01
202100050907,1,33,,15,0,1,1,A01
202100050908,1,33,,0,2,1,16,A01
202100050908,1,7,,0,2,8,1,B01
202100050909,3,1,,0,2,8,1,B01
202100050909,3,7,,0,2,2,15,A01
202100050910,1,1,,0,2,4,1,B01
202100050910,1,7,,0,2,1,1,A01
202100050911,1,30,,0,2,2,1,B01
202100050911,1,7,,0,2,3,20,A01
202100050912,1,15,,0,2,4,23,B01
202100050912,1,7,,0,2,3,21,A01
202100050913,2,32,,0,2,1,1,A01
202100050913,0,99,,0,2,0,0,Z01
202100050914,2,34,,0,2,7,17,A01
202100050914,2,7,,0,2,3,17,B01
202100050915,1,7,,0,2,8,2,B01
202100050915,3,7,,0,2,0,26,A01
202100050916,0,34,,0,2,1,1,B01
202100050916,0,7,,0,2,2,15,A01
202100050917,2,34,,0,2,1,1,A01
202100050917,2,7,,0,2,4,2,B01
202100050918,3,7,,1,0,3,26,Z01
202100050918,3,7,,0,2,3,23,B01
202100050919,2,33,,0,0,0,1,A01
202100050920,1,7,,0,2,1,2,A01
202100050920,1,7,,0,0,4,2,B01
202100050921,2,30,,0,0,0,1,A01
202100050922,1,7,,0,2,3,23,C01
202100050922,2,33,,0,2,1,2,A01
202100050922,2,7,,0,2,4,2,B01
202100050923,1,1,,0,2,1,16,A01
202100050923,1,37,1.0,0,2,6,7,B01
202100050924,1,43,,0,2,0,15,B01
202100050924,1,32,,0,2,0,2,A01
202100050925,3,30,,0,2,3,1,A01
202100050925,3,7,,0,2,0,16,Z01
202100050926,1,7,,0,2,6,15,B01
202100050926,2,50,,0,2,1,1,A01
202100050927,2,32,,0,0,0,1,A01
202100050928,1,7,,0,2,1,15,B01
202100050928,2,30,,0,2,7,1,A01
202100050929,2,1,,0,2,2,17,A01
202100050929,1,10,,0,2,6,4,Z01
202100050930,3,33,,0,2,2,1,A01
202100050930,3,7,,0,2,3,1,B01
202100050931,3,7,,0,2,3,16,B01
202100050931,3,32,,0,2,2,18,A01
202100050932,2,10,,0,2,2,16,A01
202100050932,2,33,,0,2,3,7,B01
202100050933,2,7,,0,2,3,22,A01
202100050933,2,1,,0,2,0,1,B01
202100050934,3,50,,12,0,7,1,A01
202100050935,1,15,,1,1,4,20,A01
202100050936,3,80,,0,0,7,1,A01
202100050937,1,30,,0,2,0,15,B01
202100050937,2,30,,0,2,3,1,A01
202100050938,1,1,,0,1,1,1,A01
202100050939,1,50,,15,0,1,25,A01
202100050940,1,1,,0,2,1,1,A01
202100050941,1,7,,0,1,1,16,Z01
202100050942,3,7,,14,2,8,13,A01
202100050942,1,7,,0,2,1,21,B01
202100050943,1,7,,1,2,2,16,A01
202100050943,1,2,,1,2,1,21,B01
202100050944,2,30,,0,2,0,1,B01
202100050944,2,7,,0,2,5,15,A01
202100050945,2,7,,0,2,5,2,B01
202100050945,2,7,,0,0,0,23,T01
202100050945,2,7,,0,2,1,2,A01
202100050946,2,33,,0,2,8,2,B01
202100050946,1,7,,0,2,3,15,A01
202100050947,2,7,,0,2,1,15,B01
202100050947,1,7,,0,2,2,21,A01
202100050948,3,7,,0,2,1,1,A01
202100050948,1,7,,0,2,1,1,B01
202100050949,1,7,,0,0,2,26,A01
202100050950,1,7,,0,2,0,0,B01
202100050950,1,30,,0,2,1,0,A01
202100050951,3,7,,0,2,0,16,A01
202100050951,3,50,,0,2,0,5,B01
202100050952,1,33,,0,1,1,1,A01
202100050953,1,7,,0,2,2,9,A01
202100050953,1,31,,0,2,3,1,B01
202100050954,1,7,,12,2,1,2,A01
202100050954,1,10,,12,2,4,1,B01
202100050955,1,1,,0,2,8,15,Z01
202100050955,1,30,,0,2,2,18,A01
202100050956,1,33,,13,0,8,1,A01
202100050957,1,7,,0,2,5,9,B01
202100050957,1,7,,0,2,3,1,A01
202100050958,1,7,,0,2,1,13,A01
202100050958,2,7,,0,2,1,1,B01
202100050958,2,7,,0,2,3,1,C01
202100050959,2,2,,0,2,1,1,B01
202100050959,1,7,,0,2,3,1,A01
202100050960,1,31,,0,2,1,2,B01
202100050960,1,33,,0,0,6,1,A01
202100050961,1,7,,0,2,2,2,A01
202100050961,1,1,,0,2,4,2,B01
202100050962,3,7,,0,2,1,13,A01
202100050962,3,7,,0,2,1,1,B01
202100050963,2,7,,0,1,3,13,A01
202100050964,1,33,,13,0,1,1,B01
202100050964,1,33,,15,0,1,1,A01
202100050965,3,2,,13,0,0,1,A01
202100050966,3,7,,15,0,0,1,A01
202100050967,2,33,,0,0,0,1,A01
202100050968,3,7,,0,2,6,15,A01
202100050968,3,10,,0,2,3,1,B01
202100050969,2,7,,13,0,7,1,A01
202100050970,0,7,,13,0,1,19,A01
202100050971,3,7,,0,2,3,1,B01
202100050971,3,33,,0,2,1,1,A01
202100050972,1,33,,6,0,7,1,A01
202100050973,3,1,,0,1,1,1,A01
202100050974,2,7,,0,2,3,1,B01
202100050974,1,7,,0,2,1,0,A01
202100050975,2,2,,13,0,1,1,A01
202100050976,3,31,,2,0,1,1,A01
202100050977,2,7,,0,2,8,15,A01
202100050977,1,7,,0,2,1,1,B01
202100050978,1,7,,2,0,1,1,A01
202100050979,2,1,,0,2,8,1,B01
202100050979,2,7,,0,2,7,1,A01
202100050980,2,2,,0,0,4,15,B01
202100050980,2,34,,0,2,1,17,A01
202100050981,2,7,,0,0,1,13,A01
202100050981,1,10,,0,0,1,21,B01
202100050982,2,7,,0,2,1,17,B01
202100050982,1,10,,0,2,1,1,A01
202100050983,2,7,,3,2,2,17,B01
202100050983,2,15,,0,0,6,1,A01
202100050984,2,32,,0,2,2,17,B01
202100050984,2,10,,0,2,3,15,A01
202100050985,0,7,,0,1,4,4,A01
202100050986,1,10,,11,0,3,1,A01
202100050987,2,7,,1,2,3,1,E01
202100050987,2,7,,0,2,2,2,B01
202100050987,2,7,,1,0,2,2,C01
202100050987,2,7,,1,2,3,2,D01
202100050987,2,7,,4,0,5,0,A01
202100050988,2,2,,0,2,3,10,A01
202100050988,2,7,,0,2,1,1,B01
202100050989,0,7,,0,2,1,13,B01
202100050989,0,14,,0,2,3,1,A01
202100050990,2,15,,0,2,0,0,D01
202100050990,2,15,,0,2,4,0,E01
202100050990,2,7,,0,0,4,0,G01
202100050990,2,7,,0,2,4,0,F01
202100050990,2,15,,0,2,4,0,C01
202100050990,2,15,,0,2,1,2,B01
202100050990,2,15,,0,2,3,0,A01
202100050991,2,7,,0,2,1,1,B01
202100050991,1,7,,12,2,1,1,A01
202100050992,1,33,,0,2,1,2,A01
202100050992,1,7,,0,2,6,9,B01
202100050993,2,1,,0,2,4,12,B01
202100050993,2,7,,0,2,1,1,A01
202100050994,1,7,,2,0,3,17,A01
202100050995,2,7,,3,0,8,1,B01
202100050995,1,7,,0,2,8,13,A01
202100050995,2,7,,3,2,1,1,C01
202100050996,2,33,,0,0,0,1,A01
202100050997,3,1,,0,0,0,1,A01
202100050997,3,7,,0,0,0,15,B01
202100050998,1,7,,6,2,1,1,B01
202100050998,2,7,,6,2,7,15,A01
202100050999,2,7,,0,2,1,13,A01
202100050999,1,7,,0,2,1,1,B01
202100051000,3,7,,0,2,1,13,A01
202100051000,3,7,,0,0,8,1,B01
202100051000,3,7,,0,2,3,1,C01
202100051001,1,10,,15,0,1,1,A01
202100051002,3,2,,0,2,6,5,B01
202100051002,3,7,,0,2,3,1,A01
202100051003,1,15,,0,2,2,1,B01
202100051003,1,7,,0,2,8,11,A01
202100051004,1,10,,0,0,4,2,A01
202100051004,1,7,,0,0,4,2,B01
202100051005,2,7,,0,0,8,23,A01
202100051005,2,32,,0,2,7,21,B01
202100051006,2,7,,0,2,1,2,A01
202100051006,2,15,,0,2,4,2,B01
202100051007,2,33,,0,2,1,1,A01
202100051007,2,7,,0,2,4,2,B01
202100051008,2,17,,3,0,9,2,A01
202100051009,1,7,,0,2,4,2,B01
202100051009,1,7,,0,2,1,2,A01
202100051010,3,7,,0,2,0,26,B01
202100051010,3,31,,0,2,0,26,A01
202100051011,1,7,,4,0,3,2,A01
202100051012,1,10,,0,2,1,0,A01
202100051012,1,7,,0,2,4,0,B01
202100051013,2,7,,0,2,4,2,B01
202100051013,2,7,,0,2,1,2,A01
202100051014,1,7,,4,0,1,12,A01
202100051015,2,7,,0,2,1,26,C01
202100051015,1,7,,0,2,1,26,B01
202100051015,1,7,,0,2,2,0,A01
202100051016,1,7,,0,2,3,15,A01
202100051016,0,33,,0,2,7,1,B01
202100051017,1,7,,0,1,2,9,A01
202100051018,1,31,,1,0,2,15,A01
202100051019,1,1,,0,2,8,1,B01
202100051019,2,7,,0,2,2,1,A01
202100051020,2,7,,0,0,0,14,BA01
202100051021,2,7,,0,1,0,1,A01
202100051022,1,7,,0,2,1,1,A01
202100051022,1,34,,0,2,4,1,B01
202100051023,2,15,,0,2,2,2,A01
202100051023,2,7,,0,2,6,23,B01
202100051024,1,7,,0,1,2,16,A01
202100051025,2,2,,1,2,7,1,B01