Num_Acc,senc,catv,occutc,obs,obsm,choc,manv,num_veh
202100051025,2,7,,1,2,7,20,A01
202100051026,1,7,,0,2,8,1,B01
202100051026,1,7,,0,2,3,1,A01
202100051027,3,7,,7,0,1,14,A01
202100051028,3,7,,0,2,5,15,A01
202100051028,3,33,,0,2,1,13,B01
202100051029,3,7,,0,2,1,1,A01
202100051029,0,7,,0,2,4,1,B01
202100051029,0,7,,0,2,9,0,C01
202100051029,0,7,,0,2,4,1,D01
202100051030,1,10,,0,1,4,4,A01
202100051031,0,7,,0,1,1,1,A01
202100051032,2,7,,0,2,1,1,B01
202100051032,1,37,1.0,0,2,1,15,A01
202100051033,2,7,,0,2,1,2,A01
202100051033,2,10,,0,2,4,23,B01
202100051034,1,7,,8,0,1,14,A01
202100051035,3,7,,0,2,4,1,B01
202100051035,3,7,,0,2,1,26,A01
202100051036,2,30,,0,0,9,9,A01
202100051037,3,7,,0,0,0,0,B01
202100051037,3,7,,0,2,0,0,A01
202100051038,0,7,,1,0,8,24,A01
202100051039,2,7,,0,2,1,0,B01
202100051039,1,7,,0,2,5,19,A01
202100051040,1,7,,0,1,2,1,A01
202100051041,2,7,,0,2,6,15,A01
202100051041,2,2,,0,2,1,2,B01
202100051042,0,7,,0,1,7,1,A01
202100051043,2,7,,1,2,6,22,A01
202100051043,2,33,,0,2,6,17,B01
202100051044,1,7,,9,0,3,1,A01
202100051045,2,7,,0,2,1,9,A01
202100051045,1,2,,0,2,1,1,B01
202100051046,1,10,,0,2,2,1,B01
202100051046,1,7,,0,2,3,1,A01
202100051047,3,7,,0,1,1,14,A01
202100051048,0,2,,13,0,1,1,A01
202100051049,2,7,,0,1,2,1,A01
202100051050,3,50,,0,2,3,19,A01
202100051050,3,7,,0,2,1,1,B01
202100051051,3,7,,0,1,4,20,A01
202100051052,3,7,,0,2,3,11,A01
202100051052,3,7,,0,2,2,1,B01
202100051053,3,7,,0,2,8,9,A01
202100051053,3,33,,0,2,8,9,B01
202100051054,3,10,,0,2,2,15,A01
202100051054,1,33,,0,2,3,1,B01
202100051055,0,7,,0,1,1,9,A01
202100051056,2,1,,0,2,1,25,B01
202100051056,2,7,,0,2,7,9,A01
202100051057,1,10,,0,1,3,15,A01
202100051058,2,7,,0,2,2,1,B01
202100051058,1,7,,7,2,2,1,A01
202100051059,1,37,1.0,0,2,2,1,B01
202100051059,2,1,,0,2,8,19,A01
202100051060,2,32,,0,2,8,1,B01
202100051060,1,3,,0,2,3,15,A01
202100051061,1,7,,0,2,3,9,A01
202100051061,2,2,,0,2,2,1,B01
202100051062,1,7,,0,2,2,15,A01
202100051062,2,7,,0,2,1,1,B01
202100051063,0,10,,0,2,1,1,B01
202100051063,0,7,,0,2,2,1,A01
202100051064,1,7,,0,2,1,26,A01
202100051064,1,10,,0,2,0,9,B01
202100051065,1,7,,0,2,1,1,A01
202100051065,3,1,,0,2,7,1,B01
202100051066,1,7,,0,1,1,16,A01
202100051067,3,99,,0,2,1,19,A01
202100051067,1,7,,0,9,2,1,B01
202100051068,0,33,,0,2,4,2,B01
202100051068,2,7,,0,2,1,2,A01
202100051069,2,30,,0,1,1,3,A01
202100051070,3,7,,0,2,1,9,A01
202100051070,3,2,,0,2,7,16,B01
202100051071,1,7,,0,2,3,15,B01
202100051071,1,33,,0,2,1,17,A01
202100051072,2,33,,0,2,1,1,B01
202100051072,3,7,,0,2,3,15,A01
202100051073,1,7,,0,2,1,1,B01
202100051073,2,7,,0,2,1,15,A01
202100051074,3,32,,0,0,0,26,A01
202100051075,2,7,,0,1,2,1,A01
202100051076,2,34,,0,2,7,17,A01
202100051076,2,7,,0,2,8,15,B01
202100051077,0,31,,0,0,1,2,A01
202100051078,3,30,,0,2,0,1,A01
202100051078,3,32,,0,2,0,1,B01
202100051079,2,30,,0,2,7,1,B01
202100051079,2,30,,0,2,3,9,A01
202100051080,2,30,,0,0,0,21,A01
202100051081,1,10,,0,2,1,1,A01
202100051081,1,7,,0,2,4,23,B01
202100051082,1,10,,0,2,2,1,B01
202100051082,2,7,,0,2,3,1,A01
202100051083,1,7,,0,1,1,1,A01
202100051084,2,50,,0,1,7,1,A01
202100051085,1,50,,0,2,1,18,B01
202100051085,1,7,,0,2,5,22,A01
202100051086,1,1,,0,1,1,1,A01
202100051087,1,7,,0,2,1,1,B01
202100051087,1,1,,8,2,3,15,A01
202100051088,2,10,,0,2,1,1,A01
202100051088,2,7,,0,0,4,1,B01
202100051089,1,7,,0,2,3,15,A01
202100051089,1,2,,0,2,0,0,B01
202100051090,1,7,,0,1,2,1,A01
202100051091,1,7,,8,2,7,6,A01
202100051091,1,7,,0,2,1,6,B01
202100051092,2,7,,0,2,2,15,A01
202100051092,1,1,,0,2,6,19,B01
202100051093,1,10,,0,2,1,0,A01
202100051093,-1,13,,1,2,0,12,C01
202100051093,2,7,,0,2,1,1,B01
202100051094,1,7,,0,2,2,1,A01
202100051094,1,50,,0,2,7,0,B01
202100051095,1,7,,0,1,3,1,A01
202100051096,-1,7,,0,2,8,15,B01
202100051096,-1,7,,0,2,1,1,A01
202100051097,1,2,,0,2,1,1,A01
202100051097,1,7,,0,2,1,9,B01
202100051098,3,7,,0,2,1,1,B01
202100051098,3,7,,15,2,2,1,A01
202100051099,2,30,,0,2,2,26,A01
202100051099,2,7,,0,2,1,19,B01
202100051100,1,2,,0,2,1,1,B01
202100051100,1,7,,0,2,2,1,A01
202100051101,2,7,,0,2,5,1,B01
202100051101,2,30,,0,2,1,2,A01
202100051102,1,7,,0,1,0,24,A01
202100051103,1,10,,0,2,3,15,A01
202100051103,1,33,,0,2,1,17,B01
202100051104,2,3,,0,2,2,1,B01
202100051104,2,7,,0,2,3,15,A01
202100051105,2,10,,0,2,1,2,A01
202100051105,2,10,,0,2,4,2,B01
202100051105,2,7,,0,2,4,1,C01
202100051106,1,7,,0,2,1,1,B01
202100051106,3,7,,0,0,7,19,A01
202100051107,1,15,,0,2,3,1,A01
202100051107,2,7,,0,2,1,5,B01
202100051108,2,21,,0,9,6,1,B01
202100051108,1,33,,0,0,0,0,A01
202100051109,2,0,,0,9,2,21,A01
202100051109,2,1,,0,2,4,2,B01
202100051110,1,7,,0,2,3,1,B01
202100051110,2,7,,0,2,3,17,A01
202100051111,1,7,,0,2,8,1,C01
202100051111,2,33,,0,2,8,17,A01
202100051111,2,38,1.0,0,2,3,1,B01
202100051112,1,7,,0,9,2,1,A01
202100051113,2,17,,0,2,1,1,B01
202100051113,2,7,,0,2,8,16,A01
202100051114,1,7,,0,2,3,26,A01
202100051114,2,30,,0,2,1,1,B01
202100051115,3,38,1.0,0,1,7,1,A01
202100051116,2,7,,0,2,3,15,A01
202100051116,2,35,,7,2,1,17,B01
202100051117,1,33,,0,2,1,1,B01
202100051117,2,7,,0,2,1,11,A01
202100051118,1,33,,0,0,0,14,A01
202100051119,2,7,,13,0,8,1,A01
202100051120,2,7,,0,2,3,1,B01
202100051120,2,7,,0,2,2,15,A01
202100051121,2,7,,0,2,3,1,B01
202100051121,1,7,,0,2,3,13,A01
202100051122,1,7,,0,1,3,1,A01
202100051123,1,33,,13,0,1,14,A01
202100051124,3,7,,0,1,2,1,A01
202100051125,1,33,,0,2,8,1,A01
202100051125,2,14,,0,2,8,1,B01
202100051126,2,15,,0,1,3,19,A01
202100051127,2,7,,3,0,8,1,A01
202100051128,1,10,,0,2,7,1,B01
202100051128,1,7,,3,2,2,14,A01
202100051129,1,7,,0,2,3,17,A01
202100051129,2,2,,0,2,3,1,B01
202100051130,2,7,,0,2,1,1,A01
202100051130,1,10,,0,2,1,17,B01
202100051131,2,33,,0,0,9,1,A01
202100051132,1,7,,0,2,1,17,C01
202100051132,1,10,,6,2,3,1,A01
202100051132,3,7,,6,2,1,16,B01
202100051133,2,33,,0,2,1,1,B01
202100051133,1,7,,0,2,5,15,A01
202100051134,1,7,,0,0,1,1,B01
202100051134,2,7,,0,0,1,15,A01
202100051135,1,10,,0,0,7,9,A01
202100051135,1,33,,0,2,1,1,B01
202100051136,2,80,,0,0,2,16,A01
202100051137,1,7,,0,2,1,1,A01
202100051137,2,7,,0,2,1,1,B01
202100051138,2,0,,0,2,1,1,Z01
202100051138,2,10,,0,2,4,1,B01
202100051138,2,7,,0,2,4,1,A01
202100051139,2,7,,0,0,0,1,B01
202100051139,1,15,,3,0,3,6,A01
202100051140,1,15,,0,2,2,12,A01
202100051140,1,7,,0,2,3,1,B01
202100051141,2,33,,0,0,0,1,A01
202100051142,1,7,,4,0,0,0,A01
202100051143,2,10,,0,2,4,2,A01
202100051143,2,7,,0,2,1,2,Z01
202100051144,1,7,,0,2,1,2,C01
202100051144,1,7,,0,2,1,2,D01
202100051144,1,7,,0,2,1,2,A01
202100051144,1,7,,0,2,1,2,B01
202100051145,1,7,,0,2,1,1,A01
202100051145,1,7,,0,2,4,2,B01
202100051145,1,7,,0,2,1,2,C01
202100051146,2,33,,0,2,8,1,B01
202100051146,2,7,,0,2,7,17,A01
202100051147,1,7,,0,2,8,15,A01
202100051147,1,30,,0,2,1,17,B01
202100051148,2,30,,0,0,0,1,A01
202100051149,3,50,,0,2,0,0,B01
202100051149,3,7,,0,2,2,16,A01
202100051150,3,7,,0,1,2,2,A01
202100051151,2,33,,9,0,1,0,A01
202100051152,3,33,,0,0,7,1,A01
202100051153,2,7,,0,0,7,1,A01
202100051154,2,99,,0,0,1,26,A01
202100051155,2,7,,0,2,1,2,A01
202100051155,2,7,,0,2,4,23,B01
202100051156,1,7,,0,1,1,15,A01
202100051157,0,15,,0,0,0,26,A01
202100051158,2,7,,0,2,4,1,B01
202100051158,2,7,,0,2,1,2,A01
202100051159,1,7,,0,2,0,0,D01
202100051159,1,7,,0,2,2,1,B01
202100051159,1,7,,0,2,8,0,C01
202100051159,1,7,,0,2,3,1,A01
202100051160,1,30,,0,2,4,1,B01
202100051160,1,7,,0,2,1,9,A01
202100051161,1,30,,0,2,7,1,A01
202100051161,1,7,,0,2,1,1,B01
202100051162,0,7,,0,0,0,24,A01
202100051162,0,1,,1,0,8,21,B01
202100051163,2,33,,0,2,7,21,A01
202100051164,2,7,,0,1,1,1,A01
202100051165,1,7,,0,2,2,16,A01
202100051165,1,1,,0,2,4,1,B01
202100051166,1,2,,0,2,8,1,B01
202100051166,1,7,,0,2,0,9,A01
202100051167,3,7,,0,2,0,9,A01
202100051167,3,1,,0,2,0,0,B01
202100051168,2,31,,6,0,1,26,A01
202100051169,1,7,,0,2,7,1,B01
202100051169,1,7,,0,2,2,13,A01
202100051170,2,30,,0,0,0,0,A01
202100051171,1,30,,0,2,1,1,A01
202100051171,1,7,,0,2,3,1,B01
202100051172,1,7,,0,2,3,15,B01
202100051172,1,43,,0,2,1,17,A01
202100051173,1,15,,0,2,6,24,A01
202100051173,1,7,,1,0,2,2,B01
202100051174,3,7,,0,2,1,1,A01
202100051174,3,10,,0,2,8,15,B01
202100051175,3,7,,0,2,8,19,A01
202100051175,3,34,,0,2,1,17,B01
202100051176,1,10,,0,2,6,2,B01
202100051176,1,33,,0,2,1,2,A01
202100051177,0,7,,0,2,1,13,Z01
202100051177,3,7,,0,2,8,1,B01
202100051177,3,7,,0,2,1,1,A01
202100051178,1,7,,0,2,1,1,A01
202100051178,1,33,,0,2,4,1,B01
202100051178,2,7,,0,2,3,1,C01
202100051179,1,7,,0,2,2,15,A01
202100051179,2,2,,0,2,1,1,B01
202100051180,1,7,,0,2,4,2,B01
202100051180,1,7,,0,2,4,2,C01
202100051180,1,10,,0,2,1,2,A01
202100051181,2,1,,0,1,7,1,A01
202100051182,2,7,,0,1,8,1,A01
202100051183,1,7,,0,2,3,10,A01
202100051183,1,33,,0,2,2,17,B01
202100051184,2,7,,0,1,1,17,A01
202100051185,1,50,,0,1,8,1,A01
202100051186,1,10,,0,2,1,15,A01
202100051186,2,33,,0,2,1,1,B01
202100051187,2,1,,0,2,3,19,A01
202100051187,2,1,,0,2,1,1,B01
202100051188,1,30,,0,1,1,1,A01
202100051189,1,7,,0,2,3,15,A01
202100051189,1,33,,0,2,2,17,B01
202100051190,2,32,,0,1,1,1,A01
202100051191,1,1,,0,2,7,15,A01
202100051191,1,32,,0,2,1,1,B01
202100051192,1,50,,0,2,1,16,A01
202100051192,1,10,,0,2,0,1,B01
202100051193,2,30,,12,0,2,14,A01
202100051194,1,33,,0,0,0,15,A01
202100051195,2,7,,1,0,4,23,B01
202100051195,2,7,,0,2,1,1,A01
202100051196,1,13,,0,1,1,9,A01
202100051197,1,7,,0,1,4,4,A01
202100051198,1,7,,0,2,3,15,A01
202100051198,1,30,,0,2,1,1,B01
202100051199,3,7,,0,2,8,15,A01
202100051199,3,2,,0,2,7,17,B01
202100051200,1,2,,0,2,1,2,A01
202100051200,1,7,,14,0,5,23,B01
202100051201,1,33,,1,2,2,17,A01
202100051201,2,7,,0,2,2,9,B01
202100051201,2,7,,0,0,3,0,C01
202100051202,2,7,,0,1,2,1,A01
202100051203,1,50,,0,0,1,19,A01
202100051204,1,7,,0,2,1,19,A01
202100051204,1,10,,0,2,1,19,B01
202100051205,2,30,,0,1,1,1,A01
202100051206,1,7,,13,0,7,14,A01
202100051207,1,7,,3,2,1,14,B01
202100051207,1,7,,0,2,4,23,A01
202100051208,1,7,,0,0,7,2,A01
202100051209,1,7,,2,0,1,1,A01
202100051210,2,7,,0,1,1,1,A01
202100051211,1,31,,0,2,1,13,A01
202100051211,2,13,,0,2,1,1,B01
202100051212,2,7,,0,0,4,1,B01
202100051212,2,7,,0,2,1,0,A01
202100051213,2,33,,0,2,7,1,B01
202100051213,2,7,,0,2,8,11,A01
202100051214,2,7,,13,0,1,1,A01
202100051215,1,7,,0,0,1,13,A01
202100051215,2,7,,0,2,1,1,B01
202100051216,2,7,,0,2,3,1,C01
202100051216,1,10,,0,2,1,21,A01
202100051216,1,10,,0,2,6,1,B01
202100051217,2,7,,0,2,1,1,B01
202100051217,1,7,,0,2,8,17,A01
202100051218,2,7,,0,2,1,1,C01
202100051218,1,7,,0,2,1,13,B01
202100051218,1,7,,0,0,0,17,A01
202100051219,1,32,,0,2,1,1,B01
202100051219,2,7,,0,2,2,15,A01
202100051220,1,10,,0,0,9,1,A01
202100051221,0,36,,0,0,0,0,A01
202100051222,2,7,,0,2,3,2,B01
202100051222,2,7,,0,2,5,15,A01
202100051223,1,7,,0,2,2,2,A01
202100051223,1,7,,0,2,4,2,B01
202100051224,1,2,,12,0,1,1,A01
202100051225,1,20,,2,0,0,21,A01
202100051226,3,7,,2,0,2,1,A01
202100051227,0,10,,0,2,2,15,B01
202100051227,2,33,,0,2,8,2,A01
202100051228,2,1,,0,2,4,1,B01
202100051228,2,7,,0,9,1,16,A01
202100051229,0,14,,0,0,5,0,A01
202100051230,3,2,,0,0,0,0,A01
202100051231,2,7,,13,0,3,13,A01
202100051232,0,33,,12,0,1,9,A01
202100051233,1,7,,15,0,9,1,A01
202100051234,1,2,,0,0,8,26,A01
202100051235,3,7,,0,1,2,16,A01
202100051236,2,80,,12,2,0,2,B01
202100051236,2,37,1.0,0,9,0,2,A01
202100051237,2,80,,0,0,4,2,B01
202100051237,2,10,,6,2,1,1,A01
202100051238,1,7,,0,2,1,1,B01
202100051238,2,7,,0,2,2,15,A01
202100051239,1,7,,0,2,1,17,A01
202100051239,2,7,,0,2,1,1,B01
202100051240,0,2,,0,2,1,1,B01
202100051240,0,7,,0,2,3,15,A01
202100051241,3,10,,0,1,4,4,A01
202100051242,2,7,,0,2,0,26,A01
202100051242,2,1,,0,2,0,1,B01
202100051243,1,33,,15,0,1,1,A01
202100051244,1,7,,0,2,2,1,B01
202100051244,1,7,,0,2,3,15,A01
202100051245,1,3,,0,2,7,19,A01
202100051245,1,33,,0,2,1,1,B01
202100051246,2,7,,16,0,2,21,A01
202100051247,1,50,,0,2,4,2,B01
202100051247,1,7,,0,9,2,2,A01
202100051248,1,1,,0,2,5,1,B01
202100051248,1,10,,0,2,1,9,A01
202100051249,3,7,,0,2,8,19,A01
202100051249,1,33,,0,2,1,1,B01
202100051250,2,7,,0,2,3,9,A01
202100051250,1,7,,0,2,2,1,B01
202100051251,1,33,,0,2,1,2,B01
202100051251,1,7,,0,2,5,2,A01
202100051252,1,7,,0,2,4,1,B01
202100051252,1,7,,0,2,1,2,D01
202100051252,1,10,,0,2,4,1,C01
202100051252,1,7,,0,2,4,1,A01
202100051253,1,7,,0,2,5,1,B01
202100051253,1,32,,0,2,3,3,A01
202100051254,3,7,,1,0,2,15,A01
202100051255,1,2,,0,2,1,1,B01
202100051255,1,7,,0,2,7,1,A01
202100051256,1,2,,0,2,2,1,B01
202100051256,1,7,,0,2,1,3,A01
202100051257,1,7,,0,2,7,1,A01
202100051257,2,7,,0,2,1,1,B01
202100051258,1,50,,0,2,3,1,A01
202100051258,2,7,,0,2,2,1,B01
202100051259,2,17,,0,1,1,1,A01
202100051260,2,7,,4,0,3,13,A01
202100051261,1,2,,0,2,1,1,B01
202100051261,3,7,,0,2,3,15,A01
202100051262,1,7,,0,1,3,1,A01
202100051263,1,7,,0,2,4,23,B01
202100051263,1,7,,0,2,1,1,A01
202100051264,3,7,,0,2,2,1,A01
202100051264,3,50,,0,2,1,1,B01
202100051265,1,32,,0,2,7,1,B01
202100051265,1,7,,0,2,3,9,A01
202100051266,1,7,,0,1,1,16,Z01
202100051267,2,34,,0,2,1,17,A01
202100051267,2,7,,0,2,3,15,B01
202100051268,2,1,,1,0,1,9,B01
202100051269,2,7,,0,2,3,1,B01
202100051269,1,30,,0,2,1,1,A01
202100051270,2,7,,0,2,4,23,B01
202100051270,2,7,,0,2,1,2,A01
202100051270,2,7,,0,2,4,23,C01
202100051271,2,33,,0,2,1,17,B01
202100051271,3,10,,0,2,6,15,A01
202100051272,1,30,,0,2,1,1,B01
202100051272,2,7,,0,2,7,15,A01
202100051272,2,7,,0,2,1,21,C01
202100051273,1,7,,4,2,3,26,A01
202100051273,1,7,,0,2,8,1,B01
202100051274,2,7,,0,1,1,15,A01
202100051275,2,3,,9,0,2,1,A01
202100051276,2,7,,0,1,3,15,A01
202100051277,1,30,,0,5,0,21,A01
202100051278,1,7,,0,2,2,1,B01
202100051278,3,7,,0,2,3,19,A01
202100051279,1,7,,0,2,6,23,Z01
202100051279,1,1,,0,2,0,19,A01
202100051280,1,7,,0,2,1,1,B01
202100051280,1,10,,0,2,4,23,A01
202100051281,0,7,,0,1,1,1,A01
202100051282,3,7,,0,2,8,1,B01
202100051282,3,7,,0,2,1,15,A01
202100051283,3,30,,0,0,3,1,A01
202100051284,3,7,,0,2,8,1,B01
202100051284,3,30,,0,2,1,1,A01
202100051285,1,33,,0,2,2,1,B01
202100051285,2,7,,0,2,3,15,A01
202100051286,2,10,,0,2,2,2,A01
202100051286,2,7,,0,2,6,23,B01
202100051287,3,7,,0,1,1,1,A01
202100051288,2,7,,0,2,2,23,C01
202100051288,1,7,,0,2,3,1,B01
202100051288,1,7,,1,2,3,19,A01
202100051289,1,7,,0,1,3,1,A01
202100051290,1,7,,0,2,4,1,B01
202100051290,1,7,,0,2,1,2,A01
202100051290,1,7,,0,2,6,2,C01
202100051291,3,30,,0,0,7,1,A01
202100051292,2,7,,0,1,3,15,A01
202100051293,1,1,,0,2,7,1,B01
202100051293,2,7,,0,2,3,9,A01
202100051294,2,33,,0,2,2,1,B01
202100051294,2,10,,0,2,8,11,A01
202100051295,2,7,,0,2,2,1,A01
202100051295,0,60,,0,2,3,19,B01
202100051296,2,7,,0,1,1,1,A01
202100051297,1,7,,0,1,3,13,A01
202100051298,2,7,,0,2,3,1,B01
202100051298,1,7,,0,2,3,13,A01
202100051299,3,33,,0,2,1,2,B01
202100051299,3,7,,0,2,1,13,A01
202100051300,0,7,,0,2,3,0,Z01
202100051300,0,7,,0,2,3,1,A01
202100051301,2,31,,0,2,2,17,A01
202100051301,2,60,,0,2,8,1,B01
202100051302,1,33,,3,2,3,1,C01
202100051302,1,7,,0,2,2,26,A01
202100051302,1,7,,0,0,0,1,B01
202100051303,1,10,,0,2,7,1,B01
202100051303,1,7,,0,2,1,1,A01
202100051304,1,31,,0,2,1,1,B01
202100051304,1,7,,0,2,6,23,A01
202100051305,1,7,,0,2,4,2,B01
202100051305,1,30,,0,2,1,2,A01
202100051306,1,1,,0,2,1,1,A01
202100051306,1,7,,0,2,4,1,B01
202100051307,3,7,,0,2,3,13,A01
202100051307,3,7,,0,2,8,1,B01
202100051308,2,2,,0,2,1,26,B01
202100051308,1,7,,0,9,2,15,A01
202100051309,1,7,,0,2,2,1,B01
202100051309,1,14,,0,2,2,12,Z01
202100051309,1,7,,0,2,6,1,A01
202100051310,2,14,,0,2,2,12,A01
202100051310,2,7,,0,2,3,1,B01
202100051311,2,10,,0,2,1,2,A01
202100051311,2,7,,0,2,4,23,B01
202100051312,1,10,,0,2,2,1,A01
202100051312,2,43,,0,2,5,1,B01
202100051313,2,7,,1,0,1,13,Z01
202100051314,1,7,,0,1,1,1,Z01
202100051315,3,7,,0,2,1,2,A01
202100051315,3,7,,0,2,4,2,B01
202100051315,3,7,,0,2,4,23,C01
202100051315,1,7,,0,2,5,23,D01
202100051316,2,7,,0,2,2,15,A01
202100051316,2,31,,0,2,3,1,B01
202100051317,1,1,,0,2,7,1,B01
202100051317,1,32,,0,2,1,1,A01
202100051318,1,7,,0,1,2,1,A01
202100051319,2,30,,0,2,1,1,A01
202100051319,1,30,,0,2,8,16,Z01
202100051320,3,7,,0,2,2,1,B01
202100051320,3,30,,0,2,3,18,A01
202100051321,1,10,,1,0,1,7,A01
202100051322,2,2,,0,2,8,1,B01
202100051322,1,0,,0,2,3,15,A01
202100051323,2,7,,12,0,2,1,A01
202100051324,1,2,,0,2,8,2,A01
202100051324,2,10,,0,2,3,11,B01
202100051325,2,7,,0,2,3,9,A01
202100051325,2,7,,0,2,2,1,B01
202100051326,2,7,,6,0,1,14,A01
202100051327,1,10,,0,2,7,16,A01
202100051327,2,30,,0,2,7,1,B01
202100051328,3,33,,0,1,2,2,A01
202100051329,1,7,,0,1,1,1,A01
202100051330,1,7,,0,2,4,1,A01
202100051330,1,3,,0,2,1,1,B01
202100051331,-1,7,,0,2,1,23,C01
202100051331,0,10,,11,2,1,6,A01
202100051331,-1,7,,0,2,1,23,B01
202100051332,1,10,,0,1,4,4,A01
202100051333,1,30,,0,2,2,1,A01
202100051333,1,7,,0,2,3,1,B01
202100051334,3,7,,0,1,3,15,A01
202100051335,1,7,,7,0,1,1,A01
202100051336,1,3,,0,2,2,1,B01
202100051336,2,7,,0,2,1,13,A01
202100051337,2,7,,0,0,2,1,A01
202100051338,1,17,,0,2,4,2,B01
202100051338,1,7,,0,2,1,2,A01
202100051339,1,7,,0,2,1,1,B01
202100051339,3,7,,0,2,7,1,A01
202100051340,1,7,,2,0,7,14,A01
202100051341,1,7,,9,0,7,15,A01
202100051341,2,13,,0,0,3,1,B01
202100051342,2,7,,0,0,5,10,A01
202100051342,2,33,,0,2,1,1,B01
202100051343,2,7,,0,0,4,23,B01
202100051343,2,2,,0,2,1,2,A01
202100051344,1,2,,7,0,2,1,A01
202100051345,1,21,,0,2,6,15,B01
202100051345,1,33,,0,2,1,17,A01
202100051346,2,2,,0,0,4,1,B01
202100051346,2,7,,0,2,1,1,A01
202100051347,0,7,,0,0,1,0,B01
202100051347,0,7,,0,0,1,0,A01
202100051348,3,7,,0,1,2,1,A01
202100051349,2,7,,16,0,0,13,A01
202100051350,1,36,,11,0,0,1,A01
202100051351,1,7,,0,2,3,1,A01
202100051351,2,2,,0,2,0,1,B01
202100051352,2,1,,0,1,1,1,A01
202100051353,2,14,,10,0,2,14,A01
202100051354,2,33,,0,0,8,1,A01
202100051355,1,33,,13,0,1,1,A01
202100051356,2,7,,0,2,1,1,B01
202100051356,1,7,,0,2,1,1,A01
202100051357,2,7,,16,0,2,14,A01
202100051358,1,7,,6,0,3,1,A01
202100051359,2,10,,12,0,2,21,A01
202100051360,1,7,,0,2,3,1,A01
202100051360,2,7,,0,2,3,1,B01
202100051361,2,10,,0,2,3,2,A01
202100051361,2,7,,0,2,4,2,C01
202100051361,2,7,,0,0,4,1,D01
202100051361,2,31,,0,2,4,2,B01
202100051362,1,7,,0,2,1,17,A01
202100051362,2,7,,0,2,1,1,B01
202100051363,1,33,,0,0,0,2,A01
202100051364,2,14,,0,2,3,1,B01
202100051364,1,7,,0,2,1,1,A01
202100051365,3,7,,2,0,1,1,A01
202100051366,2,14,,0,2,0,15,A01
202100051366,1,33,,0,2,1,1,B01
202100051367,2,7,,13,0,4,2,A01
202100051368,1,31,,0,0,0,1,A01
202100051369,1,7,,0,2,6,11,A01
202100051369,1,32,,0,2,1,3,B01
202100051370,2,33,,0,0,7,1,A01
202100051371,2,7,,0,2,4,23,A01
202100051371,2,10,,0,2,1,1,B01
202100051372,2,7,,14,0,4,2,A01
202100051372,2,7,,14,2,1,9,B01
202100051373,1,15,,0,2,6,26,A01
202100051373,1,7,,0,2,2,2,B01
202100051374,1,7,,0,1,1,2,A01
202100051375,1,7,,0,2,4,2,C01
202100051375,1,7,,0,2,4,2,B01
202100051375,1,10,,0,2,1,2,A01
202100051376,2,33,,0,0,7,9,A01
202100051377,2,33,,0,2,1,3,A01
202100051377,2,7,,0,2,5,1,B01
202100051378,1,17,,0,2,6,2,B01
202100051378,1,10,,0,2,2,2,A01
202100051379,2,7,,4,0,5,1,A01
202100051380,1,14,,0,2,4,1,B01
202100051380,1,14,,0,2,2,12,A01
202100051381,1,33,,4,0,0,11,A01
202100051382,1,7,,0,2,1,26,A01
202100051382,1,17,,0,2,4,2,B01
202100051383,2,7,,0,1,8,16,A01
202100051384,2,30,,0,2,1,1,A01
202100051384,2,7,,0,2,4,1,B01
202100051385,3,31,,0,2,1,13,A01
202100051385,1,7,,0,2,1,1,B01
202100051386,1,30,,0,0,0,2,A01
202100051387,3,33,,14,0,0,1,A01
202100051388,2,33,,0,2,7,13,A01
202100051388,1,7,,0,2,8,5,B01
202100051389,2,7,,4,0,3,13,A01
202100051390,1,7,,0,2,2,2,A01
202100051390,1,7,,0,2,6,2,B01
202100051391,3,7,,0,2,4,20,A01
202100051391,1,7,,0,2,2,1,B01
202100051392,2,7,,0,2,7,1,B01
202100051392,2,7,,0,2,2,15,A01
202100051393,3,7,,0,1,1,1,A01
202100051394,2,7,,0,1,2,1,A01
202100051395,2,7,,0,2,2,9,Z01
202100051395,3,7,,0,2,5,1,B01
202100051396,1,10,,0,2,1,5,A01
202100051396,2,7,,0,2,1,1,B01
202100051397,2,7,,0,2,7,15,A01
202100051397,1,33,,0,2,1,1,B01
202100051398,2,7,,11,0,1,13,A01
202100051399,1,80,,12,0,7,1,A01
202100051400,3,7,,0,1,2,9,A01
202100051401,1,1,,0,9,1,26,B01
202100051401,2,30,,0,9,1,26,A01
202100051402,2,7,,13,0,0,1,A01
202100051403,1,7,,0,1,2,16,A01
202100051404,1,31,,0,2,1,1,A01
202100051404,1,7,,0,2,8,15,B01
202100051405,0,7,,0,2,6,1,B01
202100051405,0,2,,0,2,1,1,A01
202100051406,0,7,,0,2,4,1,B01
202100051406,0,10,,0,2,1,1,A01
202100051407,0,7,,0,2,5,15,A01
202100051407,0,10,,0,2,2,1,B01
202100051408,2,7,,0,2,8,19,B01
202100051408,1,7,,0,2,1,1,A01
202100051409,0,7,,0,0,0,26,A01
202100051410,1,1,,0,1,1,1,A01
202100051411,2,7,,0,2,1,1,B01
202100051411,2,7,,0,2,3,20,A01
202100051412,2,7,,9,0,3,1,A01
202100051413,3,7,,2,0,3,25,A01
202100051414,1,7,,0,2,7,1,B01
202100051414,1,7,,0,2,1,1,A01
202100051415,1,7,,0,2,4,1,B01
202100051415,1,7,,0,2,4,23,A01