Num_Acc,senc,catv,occutc,obs,obsm,choc,manv,num_veh
202100051416,1,7,,13,0,3,13,A01
202100051417,0,7,,0,1,1,1,A01
202100051418,0,2,,12,0,7,1,A01
202100051419,0,7,,0,2,8,15,A01
202100051419,0,7,,8,2,1,0,B01
202100051420,1,33,,0,2,1,1,B01
202100051420,0,7,,0,2,8,26,A01
202100051421,2,1,,0,2,1,1,B01
202100051421,1,7,,0,2,3,15,A01
202100051422,2,80,,0,2,7,1,B01
202100051422,2,7,,0,2,1,16,A01
202100051423,2,32,,0,0,8,2,A01
202100051424,1,7,,0,1,5,23,A01
202100051425,2,7,,1,0,1,13,A01
202100051426,1,7,,0,1,3,1,A01
202100051427,2,30,,16,0,8,1,A01
202100051428,1,1,,0,2,7,1,A01
202100051428,1,7,,0,9,8,1,B01
202100051429,1,7,,0,1,2,1,A01
202100051430,0,7,,1,0,1,1,A01
202100051431,2,7,,0,1,3,1,A01
202100051432,2,7,,0,2,1,1,B01
202100051432,1,33,,0,2,7,5,A01
202100051433,3,17,,13,0,7,1,A01
202100051434,2,10,,0,1,1,1,A01
202100051435,0,7,,0,2,4,23,B01
202100051435,0,3,,0,2,1,1,A01
202100051436,1,7,,0,2,1,1,B01
202100051436,1,7,,0,2,1,9,A01
202100051437,1,7,,0,2,3,15,A01
202100051437,2,2,,0,2,3,1,B01
202100051438,3,7,,0,1,1,1,A01
202100051439,1,33,,0,0,6,1,A01
202100051440,3,7,,13,0,0,0,A01
202100051441,3,33,,0,2,7,12,A01
202100051441,3,7,,0,2,6,23,B01
202100051442,1,7,,0,2,7,15,B01
202100051442,1,32,,0,2,1,19,A01
202100051443,1,7,,0,9,1,1,A01
202100051443,2,1,,0,2,1,0,B01
202100051444,3,7,,0,2,8,1,B01
202100051444,3,15,,0,2,2,9,A01
202100051445,3,20,,0,1,3,26,A01
202100051446,1,10,,0,2,1,2,A01
202100051446,1,7,,0,2,4,2,B01
202100051447,1,34,,0,2,1,3,A01
202100051447,1,7,,0,2,4,12,B01
202100051448,1,7,,0,2,4,2,D01
202100051448,1,7,,0,2,4,0,C01
202100051448,1,7,,0,2,4,2,B01
202100051448,1,7,,0,2,1,2,A01
202100051449,3,10,,0,1,1,14,A01
202100051450,1,50,,0,1,1,1,A01
202100051451,2,1,,0,2,0,21,B01
202100051451,2,7,,0,2,0,15,A01
202100051452,1,7,,0,2,0,16,A01
202100051452,1,30,,0,2,0,1,B01
202100051453,1,43,,0,0,0,21,A01
202100051454,2,7,,8,1,1,13,A01
202100051455,2,7,,0,2,2,1,A01
202100051455,2,33,,0,2,1,1,B01
202100051456,2,34,,0,0,7,23,A01
202100051457,0,7,,1,0,1,1,C01
202100051458,0,7,,0,2,1,1,A01
202100051458,2,33,,0,2,7,0,B01
202100051459,0,7,,1,1,2,17,A01
202100051460,2,7,,0,1,3,15,A01
202100051461,1,7,,1,2,1,1,A01
202100051461,2,14,,0,2,5,1,B01
202100051462,2,10,,0,2,3,1,B01
202100051462,2,2,,0,2,1,15,A01
202100051463,1,32,,7,0,2,2,A01
202100051464,1,7,,6,0,3,13,A01
202100051465,3,7,,0,9,7,1,B01
202100051465,3,50,,0,2,3,0,A01
202100051466,1,2,,0,0,6,1,A01
202100051466,1,0,,0,2,2,2,B01
202100051467,3,7,,0,0,8,1,B01
202100051467,0,30,,0,2,1,6,A01
202100051468,2,7,,0,2,3,1,A01
202100051468,1,7,,0,2,3,1,B01
202100051469,1,7,,6,2,3,1,B01
202100051469,2,7,,0,0,7,15,A01
202100051470,1,7,,0,0,1,1,A01
202100051470,2,7,,0,2,1,1,B01
202100051471,2,36,,13,0,1,14,A01
202100051472,1,2,,0,0,1,0,A01
202100051473,1,1,,0,0,0,0,A01
202100051474,3,7,,1,0,1,1,B01
202100051475,0,7,,13,0,3,1,A01
202100051476,1,7,,16,0,1,1,A01
202100051477,2,17,,16,0,2,1,A01
202100051478,2,33,,7,0,0,1,A01
202100051479,2,7,,3,0,3,17,A01
202100051480,2,1,,0,2,4,2,B01
202100051480,2,7,,4,2,1,1,A01
202100051481,1,10,,0,1,3,1,A01
202100051482,2,17,,1,0,2,0,A01
202100051482,2,7,,0,0,6,23,B01
202100051483,2,30,,0,2,1,3,A01
202100051483,2,7,,0,2,3,15,B01
202100051484,2,7,,2,0,9,21,A01
202100051485,2,7,,0,2,3,1,D01
202100051485,2,7,,0,2,2,1,C01
202100051485,2,7,,0,2,6,1,A01
202100051485,2,7,,4,0,3,13,B01
202100051485,2,7,,0,2,2,14,E01
202100051486,2,32,,0,2,4,1,B01
202100051486,2,7,,0,0,1,1,A01
202100051487,2,7,,0,2,1,13,A01
202100051487,1,10,,0,2,1,1,B01
202100051488,3,7,,0,1,2,1,A01
202100051489,1,10,,0,2,7,1,A01
202100051489,2,38,1.0,0,2,3,1,B01
202100051490,2,2,,0,0,9,26,A01
202100051491,1,7,,15,0,1,13,A01
202100051492,2,7,,0,1,3,1,A01
202100051493,2,7,,0,1,3,1,A01
202100051494,2,1,,2,0,1,11,A01
202100051495,1,33,,0,2,1,1,A01
202100051495,2,7,,0,2,5,15,B01
202100051496,2,7,,0,0,4,23,A01
202100051496,2,7,,0,0,1,2,B01
202100051497,1,7,,6,0,2,1,A01
202100051498,1,7,,3,0,3,0,A01
202100051499,2,7,,0,2,0,0,C01
202100051499,2,10,,0,0,0,0,F01
202100051499,2,7,,0,0,0,0,E01
202100051499,2,7,,0,2,4,0,D01
202100051499,2,7,,3,0,0,0,B01
202100051499,2,10,,0,2,1,1,A01
202100051500,1,7,,1,0,1,2,B01
202100051500,1,7,,0,2,4,2,A01
202100051501,2,32,,4,2,2,1,B01
202100051501,2,10,,0,2,3,13,A01
202100051502,2,20,,0,9,4,23,B01
202100051502,2,50,,0,2,1,2,A01
202100051503,1,7,,14,0,4,0,C01
202100051503,1,7,,0,2,1,1,B01
202100051503,1,7,,14,0,1,1,A01
202100051504,1,7,,0,2,3,13,A01
202100051504,2,33,,0,2,1,1,B01
202100051505,1,10,,0,2,8,13,A01
202100051505,1,10,,0,2,3,23,B01
202100051506,2,30,,0,2,7,2,B01
202100051506,2,37,1.0,0,2,3,15,A01
202100051507,1,7,,0,2,2,1,B01
202100051507,2,7,,0,2,3,19,A01
202100051508,2,7,,0,1,1,1,A01
202100051509,0,7,,0,2,1,2,A01
202100051509,0,7,,0,2,4,2,B01
202100051510,2,7,,0,2,2,1,B01
202100051510,1,7,,8,2,3,13,A01
202100051511,1,30,,0,1,1,17,A01
202100051512,1,7,,8,0,8,0,A01
202100051513,0,7,,0,2,5,15,A01
202100051513,0,33,,0,2,1,1,B01
202100051514,1,2,,0,2,1,1,A01
202100051514,1,1,,0,2,1,1,B01
202100051515,2,7,,0,2,2,1,B01
202100051515,2,3,,0,2,8,9,A01
202100051516,2,31,,0,2,1,2,A01
202100051516,2,7,,0,2,3,19,B01
202100051517,2,1,,0,2,1,1,C01
202100051517,1,7,,0,2,1,15,A01
202100051517,1,7,,0,2,3,1,B01
202100051518,2,7,,0,2,1,1,A01
202100051518,1,7,,0,2,1,1,B01
202100051519,1,1,,0,2,1,15,A01
202100051519,2,30,,0,2,1,1,Z01
202100051520,2,10,,0,2,5,15,A01
202100051520,1,2,,0,2,1,1,B01
202100051521,2,7,,0,2,3,1,A01
202100051521,3,1,,0,2,1,5,B01
202100051522,1,10,,2,0,1,1,A01
202100051523,1,31,,0,2,1,1,B01
202100051523,1,33,,6,0,8,1,A01
202100051524,-1,33,,0,2,3,21,A01
202100051524,-1,99,,0,2,2,14,B01
202100051525,1,7,,0,0,4,23,A01
202100051525,1,0,,0,0,0,0,Z01
202100051526,2,7,,0,2,7,1,A01
202100051526,2,37,4.0,0,2,1,1,B01
202100051527,2,32,,0,2,1,15,B01
202100051527,1,7,,0,2,5,1,A01
202100051528,2,7,,6,0,1,14,A01
202100051529,2,33,,0,9,0,1,A01
202100051530,1,7,,13,0,9,1,A01
202100051531,1,7,,0,6,2,21,A01
202100051532,1,7,,0,0,4,1,A01
202100051532,1,7,,0,2,1,2,B01
202100051532,1,7,,0,2,1,2,C01
202100051533,1,10,,0,2,6,4,A01
202100051533,1,33,,0,2,8,21,B01
202100051534,1,33,,0,0,8,1,A01
202100051535,2,7,,15,0,0,1,A01
202100051536,1,33,,0,2,8,5,B01
202100051536,2,31,,0,2,3,3,A01
202100051537,2,7,,0,2,1,1,B01
202100051537,1,7,,0,2,1,13,A01
202100051538,1,17,,0,2,6,1,A01
202100051538,2,7,,0,2,3,1,B01
202100051539,1,7,,0,2,1,1,B01
202100051539,1,7,,0,2,1,13,A01
202100051540,2,7,,0,2,6,15,B01
202100051540,2,10,,0,2,1,17,A01
202100051540,1,7,,0,2,3,1,C01
202100051541,2,7,,0,2,8,6,A01
202100051541,2,33,,0,2,1,1,B01
202100051542,1,7,,12,0,1,1,A01
202100051543,3,7,,13,0,2,1,A01
202100051544,3,7,,2,0,1,1,A01
202100051545,2,7,,8,0,3,13,A01
202100051546,2,7,,6,0,8,0,A01
202100051547,0,10,,0,2,1,1,B01
202100051547,0,7,,13,0,2,1,A01
202100051548,1,7,,0,2,1,1,C01
202100051548,1,7,,0,2,3,1,B01
202100051548,2,10,,0,2,1,13,A01
202100051549,1,7,,10,0,3,1,A01
202100051550,2,14,,0,0,6,2,B01
202100051550,2,7,,0,2,1,2,A01
202100051551,1,7,,0,2,1,2,A01
202100051551,1,7,,0,2,4,2,B01
202100051552,1,7,,4,0,1,1,A01
202100051552,1,7,,0,0,4,23,B01
202100051552,1,7,,1,0,1,2,C01
202100051553,2,10,,0,2,2,1,B01
202100051553,1,33,,0,2,0,1,A01
202100051554,2,7,,0,2,3,1,C01
202100051554,2,21,,0,2,6,1,B01
202100051554,1,7,,0,2,1,13,A01
202100051555,0,33,,2,0,1,13,A01
202100051556,2,1,,0,2,6,1,B01
202100051556,2,7,,0,2,7,1,A01
202100051557,3,2,,0,0,7,1,A01
202100051558,0,7,,0,2,3,0,C01
202100051558,0,7,,0,2,3,17,A01
202100051558,0,15,,0,0,8,1,B01
202100051559,2,33,,0,9,0,2,B01
202100051559,2,0,,0,2,-1,1,D01
202100051560,1,7,,13,0,1,11,A01
202100051561,2,7,,3,0,1,11,A01
202100051562,1,7,,0,2,1,1,A01
202100051562,1,7,,0,2,4,2,B01
202100051562,1,7,,0,2,4,2,C01
202100051563,2,10,,0,2,5,12,B01
202100051563,2,7,,0,2,8,1,C01
202100051563,2,43,,0,2,1,3,A01
202100051564,2,7,,13,0,1,14,A01
202100051565,0,7,,0,1,3,9,A01
202100051566,1,7,,0,1,1,1,A01
202100051567,1,2,,0,2,1,1,B01
202100051567,2,7,,0,2,0,1,A01
202100051568,2,7,,6,0,2,1,A01
202100051569,2,7,,0,1,7,19,A01
202100051570,2,7,,0,2,1,2,B01
202100051570,1,7,,0,2,1,11,A01
202100051571,1,7,,0,1,3,1,A01
202100051572,1,7,,6,0,1,26,A01
202100051573,3,7,,0,2,1,9,A01
202100051573,3,7,,0,2,1,1,B01
202100051574,2,7,,0,2,1,10,A01
202100051574,2,7,,0,2,7,21,B01
202100051575,1,7,,0,2,1,2,A01
202100051575,1,7,,0,2,4,2,B01
202100051576,0,7,,0,0,6,1,C01
202100051576,3,30,,0,2,1,1,A01
202100051576,3,30,,0,2,1,1,B01
202100051577,0,7,,0,2,1,1,A01
202100051577,0,7,,0,2,8,1,B01
202100051578,1,7,,0,2,2,15,A01
202100051578,1,7,,0,2,3,1,B01
202100051579,3,7,,0,2,1,1,A01
202100051579,1,7,,0,2,4,1,C01
202100051579,1,7,,0,2,4,1,B01
202100051580,3,7,,0,2,6,19,A01
202100051580,1,10,,0,2,1,1,C01
202100051581,1,30,,0,1,7,2,A01
202100051582,1,2,,6,0,1,14,A01
202100051583,2,7,,0,2,3,15,A01
202100051583,1,33,,0,2,1,2,B01
202100051584,2,37,1.0,4,0,1,1,A01
202100051585,2,2,,0,2,8,26,B01
202100051585,0,7,,0,2,1,16,A01
202100051586,2,7,,3,0,3,1,A01
202100051587,1,7,,0,2,3,9,A01
202100051587,1,31,,0,2,1,3,B01
202100051588,1,7,,0,2,2,1,B01
202100051588,1,30,,0,2,1,9,A01
202100051589,2,30,,0,2,2,1,A01
202100051589,1,7,,0,2,0,0,Z01
202100051590,1,7,,0,2,1,26,B01
202100051590,1,32,,0,2,1,26,A01
202100051591,2,7,,0,2,0,1,Z01
202100051591,2,30,,1,2,2,17,A01
202100051592,1,2,,0,2,2,17,B01
202100051592,1,7,,0,2,3,15,A01
202100051593,1,7,,0,1,1,1,A01
202100051594,1,7,,0,2,3,22,Z01
202100051594,1,1,,0,2,1,1,A01
202100051595,2,10,,0,2,5,15,B01
202100051595,1,50,,0,2,5,7,A01
202100051596,1,7,,0,2,7,16,B01
202100051596,1,33,,0,2,1,18,A01
202100051597,3,31,,0,0,0,26,A01
202100051598,3,1,,0,2,2,1,A01
202100051598,3,7,,0,2,3,1,B01
202100051599,1,7,,0,2,2,2,A01
202100051599,3,50,,0,2,1,25,B01
202100051600,1,7,,0,2,3,1,A01
202100051600,2,7,,0,2,8,1,B01
202100051601,0,34,,0,0,8,1,A01
202100051602,1,10,,0,2,1,2,A01
202100051602,1,7,,0,2,4,2,B01
202100051602,1,7,,0,2,4,2,C01
202100051602,1,7,,0,2,4,2,D01
202100051603,2,3,,0,2,5,1,C01
202100051603,2,7,,0,2,4,0,B01
202100051603,1,7,,0,2,1,1,A01
202100051604,1,7,,0,1,1,21,A01
202100051605,-1,7,,0,2,8,19,B01
202100051605,2,30,,0,2,7,21,A01
202100051606,1,7,,0,2,2,2,A01
202100051606,1,10,,0,2,6,15,B01
202100051607,3,7,,0,2,4,2,C01
202100051607,3,7,,0,2,4,2,B01
202100051607,3,7,,0,2,1,2,A01
202100051608,2,10,,0,2,4,2,A01
202100051608,2,7,,0,2,1,2,B01
202100051608,2,7,,0,2,1,2,C01
202100051609,2,30,,9,0,3,13,A01
202100051610,2,7,,9,2,2,1,B01
202100051610,2,7,,0,2,3,1,A01
202100051611,1,1,,0,2,4,1,B01
202100051611,1,3,,0,9,2,17,A01
202100051612,2,7,,6,0,3,1,A01
202100051613,1,32,,0,1,1,1,A01
202100051614,1,7,,8,0,2,1,A01
202100051615,0,7,,9,0,1,1,A01
202100051616,1,7,,0,0,9,13,A01
202100051617,2,7,,2,0,1,1,A01
202100051618,1,7,,8,0,1,1,A01
202100051619,1,7,,6,0,1,1,A01
202100051620,1,7,,0,2,2,1,B01
202100051620,1,10,,0,2,3,9,A01
202100051621,2,7,,8,0,1,1,A01
202100051622,2,7,,0,2,6,15,B01
202100051622,2,33,,0,2,2,2,A01
202100051623,3,7,,1,1,8,20,A01
202100051624,1,33,,0,0,0,13,A01
202100051625,2,33,,0,2,1,18,A01
202100051625,2,7,,0,2,7,16,B01
202100051626,2,7,,13,0,1,1,A01
202100051627,1,7,,13,0,3,1,B01
202100051627,3,7,,0,0,1,19,A01
202100051628,1,33,,7,0,0,1,A01
202100051629,1,7,,0,2,1,1,A01
202100051629,1,7,,0,2,4,15,B01
202100051630,1,7,,2,0,1,1,A01
202100051631,3,99,,0,0,0,1,A01
202100051632,2,10,,0,2,3,1,B01
202100051632,1,7,,0,2,3,1,A01
202100051633,0,33,,0,0,0,1,A01
202100051634,3,7,,4,0,1,1,A01
202100051635,2,7,,0,2,1,2,A01
202100051635,2,7,,0,2,4,2,B01
202100051636,2,7,,0,2,4,1,B01
202100051636,2,7,,0,2,1,1,A01
202100051636,2,7,,0,2,4,1,D01
202100051636,2,7,,0,2,4,1,C01
202100051637,2,7,,0,2,1,2,A01
202100051637,2,10,,0,2,4,2,B01
202100051638,2,10,,0,2,4,2,D01
202100051638,2,7,,0,2,4,1,C01
202100051638,2,7,,0,2,4,2,B01
202100051638,2,7,,0,2,1,2,A01
202100051639,1,7,,0,2,2,1,B01
202100051639,1,7,,0,2,3,1,A01
202100051640,2,7,,0,2,1,2,D01
202100051640,2,10,,0,2,1,2,A01
202100051640,2,7,,0,2,4,2,B01
202100051640,2,7,,0,2,4,2,C01
202100051641,3,30,,0,1,1,1,A01
202100051642,3,33,,8,0,2,26,A01
202100051643,2,10,,0,2,3,15,A01
202100051643,1,7,,14,2,6,19,B01
202100051644,1,10,,0,2,1,1,B01
202100051644,2,10,,0,2,7,1,A01
202100051645,1,7,,0,2,8,11,A01
202100051645,1,30,,0,2,7,1,B01
202100051646,1,7,,0,1,1,1,A01
202100051647,2,7,,0,1,1,15,A01
202100051648,3,7,,0,2,3,13,A01
202100051648,3,7,,0,2,3,1,B01
202100051649,1,7,,1,2,3,13,A01
202100051649,2,7,,0,2,6,1,B01
202100051650,1,2,,0,2,1,17,B01
202100051650,1,7,,0,2,8,15,A01
202100051651,1,37,1.0,0,2,7,14,A01
202100051651,1,50,,0,2,8,1,B01
202100051652,3,10,,0,1,4,4,A01
202100051653,1,37,1.0,0,1,1,1,A01
202100051654,3,7,,0,1,1,26,A01
202100051655,3,7,,0,2,6,1,B01
202100051655,3,7,,0,2,5,1,A01
202100051656,1,1,,0,2,4,0,B01
202100051656,1,7,,0,2,0,26,A01
202100051657,2,7,,2,0,3,13,A01
202100051658,1,10,,0,2,4,1,B01
202100051658,1,7,,0,2,1,2,A01
202100051659,3,7,,0,2,3,9,A01
202100051659,3,2,,0,2,1,1,B01
202100051660,3,7,,0,2,3,4,A01
202100051660,2,33,,0,0,3,21,B01
202100051661,1,33,,0,1,7,1,A01
202100051662,0,7,,0,2,0,1,A01
202100051662,0,50,,0,2,4,11,B01
202100051663,1,1,,0,2,8,18,B01
202100051663,1,14,,0,9,7,1,A01
202100051664,0,7,,0,1,1,1,A01
202100051665,1,33,,0,2,3,2,A01
202100051665,1,10,,0,2,5,2,B01
202100051666,2,32,,0,2,5,1,B01
202100051666,2,7,,0,2,3,26,A01
202100051667,2,30,,0,2,2,17,A01
202100051667,2,7,,0,2,3,15,B01
202100051668,1,7,,0,1,2,1,B01
202100051669,1,7,,0,1,1,26,A01
202100051670,1,7,,0,2,1,2,A01
202100051670,2,7,,5,0,4,2,B01
202100051671,1,10,,0,1,1,1,A01
202100051672,2,50,,0,2,1,25,A01
202100051672,2,7,,0,2,3,26,B01
202100051673,3,1,,0,0,0,1,A01
202100051674,3,7,,0,2,4,0,B01
202100051674,3,7,,0,2,1,1,A01
202100051675,1,10,,0,2,1,1,A01
202100051675,1,7,,0,2,4,2,B01
202100051676,3,7,,0,1,1,1,A01
202100051677,1,7,,0,1,1,15,A01
202100051678,2,7,,0,2,1,15,B01
202100051678,1,33,,0,2,1,17,A01
202100051679,2,10,,0,2,8,17,A01
202100051679,2,1,,0,2,1,1,B01
202100051680,1,7,,0,2,8,1,A01
202100051680,2,7,,0,2,1,1,B01
202100051681,1,7,,0,2,1,1,B01
202100051681,2,7,,0,2,1,19,A01
202100051682,2,7,,0,1,1,16,A01
202100051683,2,7,,0,2,1,1,A01
202100051683,2,7,,0,2,4,1,B01
202100051684,1,10,,0,2,4,1,B01
202100051684,1,30,,0,2,1,17,A01
202100051685,2,7,,0,2,6,2,B01
202100051685,2,0,,0,2,0,0,A01
202100051686,3,7,,0,2,5,15,B01
202100051686,3,7,,0,2,3,1,C01
202100051686,3,33,,0,2,1,1,A01
202100051687,1,7,,0,2,1,19,A01
202100051687,1,7,,0,2,2,1,B01
202100051688,0,40,,0,1,2,1,A01
202100051689,3,30,,0,0,8,15,A01
202100051690,1,0,,0,1,1,1,Z01
202100051691,2,7,,0,2,1,19,A01
202100051691,1,7,,0,2,0,0,B01
202100051692,1,7,,0,2,4,2,C01
202100051692,1,7,,0,2,4,2,B01
202100051692,1,7,,0,2,1,2,A01
202100051693,1,7,,0,2,7,10,A01
202100051693,1,7,,0,2,1,2,B01
202100051694,2,7,,0,2,1,1,A01
202100051694,1,7,,0,2,4,1,B01
202100051695,3,7,,0,2,3,13,A01
202100051695,3,17,,0,0,0,0,B01
202100051696,2,7,,0,2,2,17,A01
202100051696,2,1,,0,2,8,15,B01
202100051697,0,7,,0,2,6,9,A01
202100051697,0,30,,0,2,7,1,B01
202100051698,2,7,,0,2,6,2,A01
202100051698,2,7,,0,2,2,2,B01
202100051699,1,32,,0,1,1,1,A01
202100051700,0,32,,0,2,2,13,A01
202100051700,0,7,,0,2,8,15,B01
202100051701,1,33,,0,2,2,11,B01
202100051701,1,7,,0,2,8,11,A01
202100051702,2,7,,0,2,1,15,A01
202100051702,1,31,,0,2,1,1,B01
202100051703,3,7,,0,2,8,19,A01
202100051703,2,33,,0,2,1,1,B01
202100051704,1,32,,0,1,1,26,A01
202100051705,1,33,,0,2,4,23,B01
202100051705,1,10,,0,2,1,2,A01
202100051706,1,7,,0,2,5,14,A01
202100051706,1,1,,0,2,1,1,B01
202100051707,2,7,,0,1,6,15,Z01
202100051708,2,7,,0,2,8,11,A01
202100051708,2,33,,0,2,7,1,B01
202100051709,2,10,,0,2,8,22,Z01
202100051709,2,80,,0,2,1,1,A01
202100051710,1,7,,0,2,4,23,B01
202100051710,1,2,,0,2,1,2,A01
202100051711,2,1,,0,2,1,1,B01
202100051711,2,7,,0,2,3,1,A01
202100051712,2,7,,0,2,7,16,A01
202100051712,2,33,,0,2,3,1,B01
202100051713,1,7,,0,2,3,1,A01
202100051714,2,33,,0,2,1,1,B01
202100051714,2,7,,0,2,3,10,A01
202100051715,0,7,,0,2,1,1,A01
202100051715,0,7,,0,2,8,0,B01
202100051716,1,7,,0,2,1,1,A01
202100051716,1,7,,0,2,4,1,B01
202100051717,1,1,,0,2,8,1,B01
202100051717,3,7,,0,2,2,15,A01
202100051718,3,7,,0,1,2,1,A01
202100051719,1,10,,0,2,2,15,A01
202100051719,2,7,,0,2,3,2,B01
202100051720,1,7,,0,2,1,16,A01
202100051720,1,37,2.0,0,2,3,15,B01
202100051721,1,7,,0,2,3,17,A01
202100051721,1,7,,0,2,3,0,B01
202100051722,2,7,,0,2,1,1,A01
202100051722,2,7,,0,2,4,1,B01
202100051723,1,7,,0,2,2,2,A01
202100051723,1,2,,0,2,3,18,B01
202100051724,2,10,,0,1,3,15,A01
202100051725,2,15,,0,2,0,16,A01
202100051725,2,1,,0,2,2,1,B01
202100051726,2,10,,0,2,1,1,A01
202100051726,2,7,,0,2,4,23,B01
202100051727,2,7,,0,1,3,1,A01
202100051728,0,7,,1,0,5,4,B01
202100051728,2,32,,0,2,1,1,A01
202100051729,2,7,,0,2,2,15,A01
202100051729,1,7,,0,2,2,1,B01
202100051730,1,7,,1,0,4,2,A01
202100051731,1,7,,0,1,2,1,A01
202100051732,2,1,,0,0,0,1,A01
202100051733,2,7,,0,2,1,1,A01
202100051733,1,7,,0,2,3,1,B01
202100051734,2,7,,13,0,0,17,A01
202100051735,2,7,,0,2,1,13,A01
202100051735,1,7,,0,2,1,1,B01
202100051735,1,7,,0,2,2,13,C01
202100051735,2,7,,0,2,6,1,D01
202100051736,1,7,,0,9,3,5,A01
202100051736,1,80,,0,2,1,1,B01
202100051737,1,7,,4,0,1,26,A01
202100051738,2,10,,0,2,1,17,A01
202100051738,2,17,,0,2,6,1,B01
202100051739,2,7,,6,0,7,0,A01
202100051740,0,7,,6,0,1,1,A01
202100051741,2,7,,6,0,1,15,A01
202100051742,2,7,,2,0,3,1,A01
202100051743,1,7,,2,0,1,14,A01
202100051744,1,7,,0,2,7,11,A01
202100051744,2,2,,0,2,1,1,B01
202100051745,2,7,,8,1,2,13,A01
202100051746,2,7,,2,0,1,1,A01
202100051747,2,7,,3,0,3,1,A01
202100051748,3,10,,0,1,2,1,A01
202100051749,2,10,,2,0,2,1,A01
202100051750,1,7,,2,0,1,14,A01
202100051751,2,7,,0,2,2,15,A01
202100051751,1,2,,0,2,1,1,B01
202100051752,3,2,,2,0,1,0,A01
202100051753,1,7,,2,0,1,1,A01
202100051754,1,15,,0,2,1,2,A01
202100051754,1,10,,0,2,4,2,B01
202100051755,3,7,,8,0,7,13,A01
202100051756,2,7,,13,0,2,1,A01
202100051757,0,7,,0,2,1,1,B01
202100051757,0,33,,0,2,1,17,A01
202100051758,2,30,,17,0,4,14,A01
202100051759,2,10,,0,2,1,13,A01
202100051759,1,7,,0,2,1,21,B01
202100051760,2,14,,0,0,4,2,B01
202100051760,2,7,,0,2,1,2,A01
202100051761,2,7,,1,1,2,1,B01
202100051761,1,7,,0,0,6,24,C01
202100051762,1,31,,14,0,1,6,A01
202100051763,1,7,,0,9,3,20,A01
202100051763,1,80,,0,2,2,1,B01
202100051764,1,7,,0,2,1,13,A01
202100051764,2,7,,0,2,1,1,B01
202100051765,2,17,,0,2,3,13,B01
202100051765,2,7,,0,2,3,13,A01
202100051766,1,7,,0,2,0,0,B01
202100051766,1,7,,0,2,1,2,A01
202100051767,1,7,,0,2,5,1,B01
202100051767,1,7,,0,2,1,1,A01
202100051768,2,10,,0,2,8,13,Z01
202100051768,2,7,,0,2,7,1,A01
202100051769,2,15,,0,2,2,12,A01
202100051769,2,7,,0,2,8,18,B01
202100051770,1,10,,0,2,4,2,A01
202100051770,1,7,,0,2,1,2,B01
202100051771,1,31,,0,2,8,15,A01
202100051771,2,7,,0,2,2,1,B01
202100051772,1,7,,0,1,1,26,CA01
202100051773,2,99,,0,2,1,1,PA01
202100051773,1,7,,0,2,4,23,B01
202100051773,1,15,,0,2,6,23,C01
202100051774,1,30,,0,2,3,1,A01
202100051774,1,7,,0,2,3,11,B01
202100051775,3,7,,0,2,3,26,A01
202100051775,3,7,,0,2,1,15,B01
202100051775,3,7,,0,2,3,0,C01
202100051776,1,7,,0,2,7,1,B01
202100051776,1,7,,0,2,1,16,A01
202100051777,2,7,,0,2,3,1,B01
202100051777,1,7,,0,2,2,15,A01
202100051778,2,7,,0,1,3,1,A01
202100051779,1,7,,0,1,3,1,A01
202100051780,1,7,,0,2,6,19,A01
202100051780,2,7,,0,2,1,1,B01
202100051781,2,43,,0,2,4,2,B01
202100051781,2,7,,0,2,3,1,A01
202100051782,2,7,,0,2,9,1,B01
202100051782,2,7,,0,2,2,14,A01
202100051783,2,10,,0,2,1,2,A01
202100051783,2,7,,0,2,4,1,B01
202100051784,0,7,,0,9,1,15,A01
202100051785,1,30,,14,0,1,26,A01
202100051786,1,7,,0,2,1,1,A01
202100051786,1,7,,0,2,4,1,B01
202100051787,1,7,,0,2,1,9,B01
202100051787,1,7,,0,2,2,15,A01
202100051788,1,7,,0,2,1,1,A01
202100051788,3,80,,0,2,8,19,B01
202100051789,1,7,,0,1,1,1,A01
202100051790,2,7,,2,0,1,1,A01
202100051791,3,7,,0,2,5,1,B01
202100051791,3,30,,0,2,8,13,A01
202100051792,2,7,,0,1,1,16,A01
202100051793,1,7,,0,2,1,13,A01
202100051793,1,7,,0,2,1,1,B01
202100051794,3,7,,0,0,9,1,A01
202100051795,1,17,,0,1,0,1,Z01
202100051796,2,7,,0,2,3,15,A01
202100051796,2,7,,0,2,3,0,B01
202100051797,3,7,,0,2,8,15,B01
202100051797,3,7,,0,2,1,1,A01
202100051798,3,7,,0,2,4,23,B01
202100051798,2,7,,0,2,1,2,A01
202100051799,1,7,,1,2,1,1,B01
202100051799,2,7,,0,2,1,26,A01
202100051800,2,33,,0,1,1,17,A01
202100051801,2,7,,0,2,6,15,A01
202100051801,2,7,,0,2,1,2,B01
202100051802,2,17,,16,0,3,1,B01
202100051802,1,7,,16,0,1,17,A01
202100051803,1,7,,4,0,2,26,A01
202100051804,1,7,,0,2,1,2,A01
202100051804,1,80,,0,2,4,2,B01
202100051805,2,7,,0,2,1,2,A01
202100051805,2,7,,0,2,4,2,B01
202100051806,3,7,,0,1,1,1,A01
202100051807,2,32,,0,2,5,1,B01
202100051807,2,7,,0,2,1,19,A01
202100051808,0,7,,0,1,0,0,A01