Num_Acc,senc,catv,occutc,obs,obsm,choc,manv,num_veh
202100051809,1,1,,1,0,1,1,A01
202100051810,0,32,,0,2,2,3,A01
202100051810,0,33,,0,2,4,23,B01
202100051811,1,7,,0,2,1,2,A01
202100051811,1,7,,0,2,4,23,B01
202100051812,1,99,,0,1,6,19,A01
202100051813,1,7,,0,2,1,1,B01
202100051813,1,7,,0,2,3,15,A01
202100051814,2,7,,0,1,1,0,A01
202100051815,1,14,,0,2,6,23,B01
202100051815,1,10,,1,2,2,1,A01
202100051816,1,30,,0,2,1,1,A01
202100051816,1,10,,0,2,4,1,B01
202100051817,2,7,,0,2,2,21,A01
202100051817,3,7,,0,2,1,0,B01
202100051818,2,33,,0,2,2,9,A01
202100051818,2,15,,0,2,6,1,B01
202100051819,1,43,,0,0,0,21,A01
202100051820,1,2,,0,0,0,1,A01
202100051821,1,7,,0,2,7,2,B01
202100051821,1,32,,0,2,8,2,A01
202100051822,1,7,,1,1,1,1,A01
202100051823,2,7,,0,1,8,1,A01
202100051824,1,14,,0,2,1,2,A01
202100051824,1,7,,0,2,4,23,B01
202100051825,2,7,,0,1,1,1,A01
202100051826,1,32,,0,0,7,14,A01
202100051827,1,30,,0,2,4,23,B01
202100051827,1,33,,1,0,2,1,A01
202100051828,2,7,,1,9,1,17,A01
202100051828,1,7,,1,2,1,1,B01
202100051829,0,2,,0,2,3,26,B01
202100051829,0,7,,0,2,3,26,A01
202100051830,3,7,,0,1,2,1,A01
202100051831,2,7,,0,1,1,19,B01
202100051832,1,10,,0,2,7,22,A01
202100051832,1,31,,0,2,7,18,B01
202100051833,1,7,,0,2,4,1,A01
202100051833,1,7,,0,2,3,1,B01
202100051833,1,7,,0,2,1,1,C01
202100051834,3,3,,0,2,0,0,C01
202100051834,3,3,,0,2,1,0,B01
202100051834,3,7,,0,2,1,2,A01
202100051835,1,7,,0,1,1,15,A01
202100051836,2,10,,0,2,2,9,B01
202100051836,2,7,,0,2,6,9,A01
202100051837,1,50,,0,2,4,1,B01
202100051837,2,7,,0,2,1,2,A01
202100051838,2,7,,3,0,1,13,A01
202100051839,1,7,,0,2,7,11,B01
202100051839,1,7,,0,2,8,2,A01
202100051840,3,30,,0,2,1,13,A01
202100051840,0,7,,0,2,1,1,B01
202100051841,2,7,,0,2,1,15,A01
202100051841,1,7,,0,2,2,1,B01
202100051842,2,17,,0,0,4,1,B01
202100051842,2,7,,0,2,1,1,A01
202100051843,2,7,,0,2,1,1,A01
202100051843,3,1,,0,2,1,1,B01
202100051844,3,7,,0,1,2,16,A01
202100051845,1,7,,0,2,1,1,B01
202100051845,2,7,,0,2,6,16,A01
202100051846,1,7,,0,2,1,1,B01
202100051846,1,7,,0,2,1,1,C01
202100051846,2,7,,0,2,3,26,A01
202100051847,1,7,,8,2,3,1,B01
202100051847,2,15,,6,2,6,1,A01
202100051848,2,10,,0,2,7,15,B01
202100051848,1,2,,0,2,1,1,A01
202100051849,2,7,,0,2,1,1,B01
202100051849,1,7,,0,2,1,13,A01
202100051850,1,7,,0,2,1,1,B01
202100051850,2,7,,5,2,8,1,A01
202100051851,3,3,,0,2,8,1,A01
202100051851,0,7,,0,2,1,19,B01
202100051852,2,10,,0,1,7,1,A01
202100051853,2,7,,3,0,7,1,A01
202100051854,1,14,,0,0,0,19,A01
202100051854,1,7,,0,2,1,21,B01
202100051854,2,7,,0,0,6,23,C01
202100051855,1,15,,0,1,3,1,A01
202100051856,0,7,,0,0,1,1,A01
202100051857,3,10,,0,2,3,1,B01
202100051857,3,7,,0,2,3,1,A01
202100051858,2,7,,0,2,8,14,A01
202100051858,1,33,,0,2,8,17,B01
202100051859,2,1,,0,2,7,19,B01
202100051859,2,7,,0,9,3,1,A01
202100051860,3,10,,0,2,2,15,B01
202100051860,0,1,,0,2,2,14,A01
202100051861,2,10,,2,0,1,2,A01
202100051862,0,7,,13,2,9,5,B01
202100051862,0,7,,0,2,8,1,A01
202100051863,1,7,,0,2,1,1,A01
202100051863,2,7,,0,2,1,1,B01
202100051863,2,7,,0,2,3,1,C01
202100051864,1,7,,0,2,3,13,A01
202100051864,2,10,,0,2,3,1,B01
202100051865,0,7,,0,9,1,15,A01
202100051865,0,1,,0,2,8,1,B01
202100051866,1,7,,6,0,9,1,A01
202100051867,2,7,,5,0,3,9,A01
202100051868,1,7,,0,2,5,2,B01
202100051868,1,10,,0,2,3,2,A01
202100051869,2,7,,0,2,1,2,A01
202100051869,2,7,,0,2,4,2,C01
202100051869,2,7,,0,2,4,2,B01
202100051870,1,7,,0,2,2,2,A01
202100051870,1,7,,0,2,0,1,B01
202100051871,2,17,,0,2,2,12,A01
202100051871,2,7,,0,2,2,1,B01
202100051872,1,3,,0,2,6,11,A01
202100051872,1,31,,0,2,1,1,B01
202100051873,0,33,,0,2,1,1,A01
202100051873,1,7,,0,2,6,15,B01
202100051874,1,7,,0,2,3,1,A01
202100051874,2,32,,0,2,1,15,B01
202100051875,1,2,,0,2,1,1,B01
202100051875,1,99,,0,2,3,15,A01
202100051876,2,10,,0,2,8,15,A01
202100051876,1,2,,0,2,1,1,B01
202100051877,1,33,,0,2,1,2,A01
202100051877,1,7,,0,2,8,15,B01
202100051878,1,32,,0,2,1,1,A01
202100051878,3,1,,0,2,1,15,B01
202100051879,2,31,,0,1,1,5,A01
202100051880,1,1,,0,2,4,26,A01
202100051880,1,32,,1,2,1,1,B01
202100051880,1,7,,1,2,3,0,C01
202100051881,1,7,,0,2,7,1,B01
202100051881,1,2,,0,2,1,26,A01
202100051882,1,7,,0,2,2,1,B01
202100051882,1,7,,4,2,2,1,A01
202100051883,1,7,,0,2,2,1,B01
202100051883,1,7,,0,2,6,11,A01
202100051884,2,7,,0,2,2,15,A01
202100051884,1,33,,0,2,1,1,B01
202100051885,1,7,,0,1,1,15,A01
202100051886,3,7,,0,1,2,1,A01
202100051887,1,7,,6,0,3,16,A01
202100051888,1,7,,15,0,1,1,A01
202100051889,1,31,,1,0,1,13,A01
202100051890,0,2,,0,2,1,17,B01
202100051890,0,7,,0,2,2,9,A01
202100051891,0,7,,0,1,2,16,A01
202100051892,1,7,,6,2,2,15,A01
202100051892,2,7,,0,2,1,1,B01
202100051893,1,7,,0,2,1,1,B01
202100051893,1,30,,0,2,9,5,A01
202100051894,1,7,,0,2,3,1,B01
202100051894,2,7,,0,2,2,19,A01
202100051895,3,1,,0,0,7,1,A01
202100051896,1,1,,0,2,1,13,A01
202100051896,1,7,,0,2,2,1,B01
202100051897,1,7,,0,2,3,13,B01
202100051897,1,2,,0,2,1,17,A01
202100051898,2,7,,0,1,3,15,A01
202100051899,1,7,,0,1,3,26,A01
202100051900,1,7,,0,2,2,1,A01
202100051900,1,1,,0,2,8,1,B01
202100051901,3,7,,0,1,1,1,B01
202100051901,3,1,,0,2,1,9,A01
202100051902,0,7,,0,9,1,26,A01
202100051902,0,60,,0,0,0,0,B01
202100051903,2,7,,0,2,6,1,B01
202100051903,2,10,,0,0,0,0,C01
202100051903,2,7,,0,2,1,1,A01
202100051903,2,7,,0,2,5,1,D01
202100051904,2,7,,0,2,8,16,B01
202100051904,2,7,,0,2,8,1,A01
202100051905,1,7,,0,2,2,15,A01
202100051905,2,33,,0,2,1,1,B01
202100051906,2,31,,0,2,1,1,B01
202100051906,0,7,,0,2,3,15,A01
202100051907,2,7,,0,2,8,1,A01
202100051907,2,15,,0,2,4,1,B01
202100051908,2,30,,0,2,7,15,A01
202100051908,1,7,,0,2,3,9,B01
202100051909,2,7,,7,0,1,2,A01
202100051910,1,14,,0,2,1,1,A01
202100051910,1,14,,0,2,4,9,B01
202100051911,1,7,,0,2,1,15,A01
202100051911,2,32,,0,2,1,0,B01
202100051912,1,32,,0,1,1,26,A01
202100051913,3,10,,0,2,1,26,A01
202100051913,3,7,,0,2,7,6,B01
202100051914,1,7,,0,1,2,1,A01
202100051915,1,7,,0,1,1,1,A01
202100051916,1,7,,8,0,1,1,A01
202100051917,2,7,,0,2,1,0,B01
202100051917,2,7,,0,2,4,23,A01
202100051918,2,7,,0,1,2,17,A01
202100051919,2,7,,0,9,8,9,A01
202100051919,1,1,,0,2,1,9,B01
202100051920,2,10,,0,1,1,1,A01
202100051921,1,10,,0,2,4,23,B01
202100051921,1,14,,0,2,3,2,A01
202100051922,1,10,,0,2,5,1,B01
202100051922,1,32,,0,2,1,3,A01
202100051923,1,32,,0,0,8,1,A01
202100051924,1,1,,0,2,1,1,A01
202100051924,1,7,,0,2,0,13,Z01
202100051925,1,33,,0,0,7,1,A01
202100051926,2,33,,1,0,1,14,A01
202100051927,2,10,,1,2,1,24,B01
202100051927,2,10,,0,2,2,14,A01
202100051928,1,2,,0,2,4,23,A01
202100051928,1,7,,0,2,3,2,B01
202100051929,2,1,,0,1,7,1,Z01
202100051930,1,7,,0,2,1,2,A01
202100051930,1,32,,0,2,4,23,B01
202100051931,1,7,,0,1,2,1,A01
202100051932,1,33,,0,0,7,1,A01
202100051933,1,7,,0,2,5,16,A01
202100051933,1,30,,9,2,1,0,B01
202100051934,2,7,,0,2,3,15,A01
202100051934,1,7,,0,2,3,1,B01
202100051935,3,7,,1,2,1,24,A01
202100051935,3,7,,1,2,1,1,B01
202100051935,3,7,,1,2,1,15,C01
202100051936,-1,34,,0,2,1,9,A01
202100051936,-1,7,,0,2,4,1,B01
202100051937,2,7,,0,1,2,1,A01
202100051938,3,7,,1,1,4,4,A01
202100051938,3,7,,0,2,3,23,B01
202100051938,3,10,,0,2,7,23,C01
202100051939,1,7,,0,2,3,1,A01
202100051939,2,30,,0,2,1,19,B01
202100051940,1,10,,0,1,1,1,A01
202100051941,1,34,,0,2,1,1,B01
202100051941,2,7,,0,2,2,15,A01
202100051942,1,2,,0,2,4,1,B01
202100051942,1,14,,0,2,4,26,A01
202100051943,1,30,,0,0,7,1,A01
202100051944,3,7,,0,2,1,1,A01
202100051944,0,7,,0,0,4,0,B01
202100051945,1,7,,0,2,1,1,A01
202100051945,1,10,,9,2,7,1,B01
202100051946,3,30,,0,0,0,1,A01
202100051947,2,7,,0,2,3,19,B01
202100051947,1,7,,0,2,2,1,A01
202100051948,1,34,,8,0,0,1,A01
202100051949,2,7,,0,0,8,15,B01
202100051949,2,7,,0,2,2,15,A01
202100051950,1,15,,0,2,4,2,B01
202100051950,1,7,,0,2,1,2,A01
202100051951,3,7,,2,0,1,14,A01
202100051952,1,38,2.0,0,2,1,2,A01
202100051952,1,38,3.0,0,0,4,23,B01
202100051953,1,7,,0,2,3,1,A01
202100051953,2,7,,0,2,3,1,B01
202100051954,1,7,,0,2,1,1,A01
202100051954,2,21,,0,2,1,1,B01
202100051955,1,7,,13,0,1,1,A01
202100051956,1,7,,0,2,3,1,B01
202100051956,2,7,,0,2,3,13,A01
202100051957,2,7,,0,0,8,17,B01
202100051957,1,33,,13,0,8,0,A01
202100051958,3,7,,13,0,1,1,A01
202100051959,1,7,,0,2,1,1,B01
202100051959,2,7,,0,2,3,15,A01
202100051960,1,2,,0,2,7,23,A01
202100051960,2,7,,0,2,3,1,B01
202100051961,2,7,,0,2,2,5,A01
202100051961,1,7,,0,2,2,1,B01
202100051962,2,7,,0,2,1,1,B01
202100051962,1,7,,0,2,7,17,A01
202100051963,2,2,,0,2,8,1,A01
202100051963,3,7,,0,2,3,1,B01
202100051964,2,10,,17,0,2,14,A01
202100051965,2,2,,0,2,0,1,B01
202100051965,2,7,,0,2,3,9,A01
202100051966,1,7,,0,1,1,1,A01
202100051967,1,2,,0,2,3,18,B01
202100051967,1,7,,0,2,7,16,A01
202100051968,3,2,,8,0,1,13,A01
202100051969,1,7,,0,2,1,0,B01
202100051969,2,7,,0,2,1,0,A01
202100051970,2,7,,13,0,9,2,A01
202100051971,2,7,,0,2,1,15,A01
202100051971,1,7,,0,2,1,1,B01
202100051972,2,7,,0,2,1,2,B01
202100051972,2,7,,0,2,4,1,A01
202100051973,1,10,,0,2,1,2,A01
202100051973,1,7,,0,2,4,23,C01
202100051973,1,7,,0,2,1,2,B01
202100051974,1,14,,0,2,2,2,B01
202100051974,1,7,,4,2,3,14,A01
202100051975,2,7,,0,2,7,17,A01
202100051975,2,7,,0,2,8,1,B01
202100051976,2,7,,0,2,5,0,B01
202100051976,2,7,,0,2,0,26,A01
202100051977,2,7,,4,0,3,0,A01
202100051978,2,7,,0,2,1,1,A01
202100051978,1,13,,0,2,4,2,B01
202100051979,1,7,,4,0,1,1,A01
202100051980,1,7,,4,0,4,0,B01
202100051980,2,10,,0,2,1,1,A01
202100051981,2,7,,4,0,1,1,A01
202100051982,1,7,,0,1,1,9,A01
202100051983,3,7,,0,2,3,26,A01
202100051983,3,2,,0,2,7,12,B01
202100051984,2,7,,1,0,1,14,A01
202100051985,2,10,,0,2,8,15,B01
202100051985,1,2,,0,2,1,9,A01
202100051986,1,7,,0,1,1,26,A01
202100051987,2,3,,0,2,2,1,B01
202100051987,1,7,,0,2,1,9,A01
202100051988,1,1,,0,2,8,15,A01
202100051988,1,7,,0,2,1,2,B01
202100051989,1,7,,1,0,2,1,A01
202100051989,1,7,,0,2,6,24,B01
202100051990,1,7,,0,2,8,2,A01
202100051990,1,15,,0,2,7,2,B01
202100051991,1,7,,0,2,7,15,A01
202100051991,2,2,,0,2,1,1,B01
202100051992,2,2,,0,2,2,17,B01
202100051992,2,7,,0,2,3,15,A01
202100051993,2,7,,0,0,4,2,A01
202100051994,1,7,,0,2,3,15,B01
202100051994,2,30,,0,2,3,1,A01
202100051995,1,7,,0,2,1,2,B01
202100051995,1,7,,0,2,4,1,A01
202100051996,3,7,,0,1,0,1,A01
202100051997,1,7,,1,0,2,1,A01
202100051998,1,31,,0,2,1,2,A01
202100051998,1,7,,0,2,4,1,B01
202100051999,0,30,,1,0,8,1,A01
202100052000,0,7,,1,0,1,1,A01
202100052001,3,7,,0,2,1,0,B01
202100052001,3,7,,0,2,1,0,A01
202100052002,3,7,,9,0,3,13,A01
202100052003,2,1,,0,2,1,1,B01
202100052003,2,1,,0,1,1,1,A01
202100052004,1,2,,0,2,1,1,B01
202100052004,3,7,,0,2,3,10,A01
202100052005,1,50,,0,2,7,19,B01
202100052005,1,7,,0,2,3,1,A01
202100052006,1,7,,0,2,1,2,A01
202100052006,1,7,,0,1,4,2,B01
202100052007,1,7,,0,2,2,1,A01
202100052007,1,33,,0,2,4,23,B01
202100052008,1,7,,0,2,1,2,A01
202100052008,1,7,,0,2,4,2,B01
202100052008,1,7,,0,2,1,2,C01
202100052008,1,7,,0,2,4,2,D01
202100052009,1,7,,0,0,0,14,A01
202100052010,2,1,,0,2,1,2,B01
202100052010,2,7,,0,2,5,22,A01
202100052011,2,1,,0,2,4,2,B01
202100052011,1,7,,0,2,1,2,A01
202100052012,0,7,,0,1,7,16,A01
202100052013,0,10,,0,2,2,15,A01
202100052013,0,7,,0,2,1,1,B01
202100052014,1,7,,0,1,1,15,A01
202100052015,1,1,,0,2,1,1,B01
202100052015,2,7,,0,2,1,15,A01
202100052016,1,7,,0,2,7,1,A01
202100052016,0,31,,0,2,1,1,B01
202100052017,1,31,,0,0,7,1,A01
202100052018,1,2,,0,2,7,1,A01
202100052019,1,7,,0,2,1,0,A01
202100052019,1,1,,0,2,4,1,B01
202100052020,1,7,,0,2,3,15,A01
202100052020,1,2,,0,2,1,17,B01
202100052021,2,7,,0,1,1,1,A01
202100052022,1,7,,0,2,3,19,B01
202100052022,1,7,,0,2,1,19,A01
202100052023,1,30,,0,0,0,1,A01
202100052024,2,7,,0,2,4,1,A01
202100052024,2,2,,0,2,1,2,B01
202100052025,2,7,,6,0,1,1,A01
202100052026,1,10,,0,2,1,2,A01
202100052026,1,50,,0,2,7,2,B01
202100052027,3,33,,0,2,7,1,B01
202100052027,3,10,,0,2,1,10,A01
202100052028,3,7,,0,2,3,15,A01
202100052028,3,1,,0,2,0,0,B01
202100052029,3,7,,0,1,3,1,A01
202100052030,2,37,1.0,0,1,0,0,A01
202100052031,2,7,,0,2,4,1,B01
202100052031,2,7,,0,2,1,1,A01
202100052032,3,30,,0,1,1,1,B01
202100052033,1,10,,0,2,5,11,Z01
202100052033,1,43,,0,2,3,1,A01
202100052034,2,31,,14,0,1,1,A01
202100052035,3,7,,0,2,3,1,B01
202100052035,3,7,,0,2,2,1,A01
202100052036,3,7,,0,2,1,1,A01
202100052036,3,32,,0,2,4,23,B01
202100052037,1,7,,0,1,8,1,A01
202100052038,2,7,,0,2,8,15,A01
202100052038,2,34,,0,2,7,17,B01
202100052039,1,30,,0,2,1,5,Z01
202100052039,2,30,,0,2,1,1,A01
202100052040,1,2,,0,1,0,1,Z01
202100052041,2,7,,0,2,0,9,B01
202100052041,2,30,,0,2,7,5,A01
202100052042,1,33,,0,0,0,1,A01
202100052043,1,43,,2,0,1,1,A01
202100052044,2,7,,0,0,0,15,A01
202100052044,1,33,,0,2,0,1,B01
202100052045,3,7,,0,2,1,1,A01
202100052045,3,7,,0,2,1,1,B01
202100052046,2,7,,0,1,4,20,A01
202100052047,2,1,,0,2,1,1,B01
202100052047,1,7,,0,9,8,15,A01
202100052048,1,34,,0,2,7,2,A01
202100052048,1,7,,0,2,1,16,B01
202100052049,1,32,,0,2,8,13,B01
202100052049,1,7,,0,2,1,9,A01
202100052050,1,7,,0,1,5,4,A01
202100052051,3,10,,0,1,3,1,A01
202100052052,1,7,,0,1,1,26,A01
202100052053,1,7,,0,2,5,15,A01
202100052053,1,7,,0,2,3,2,B01
202100052054,2,7,,0,2,3,19,B01
202100052054,2,32,,0,2,5,26,A01
202100052055,1,7,,0,2,8,1,B01
202100052055,1,7,,0,2,1,1,A01
202100052056,1,32,,12,2,2,17,A01
202100052056,1,7,,0,2,0,20,B01
202100052057,2,7,,0,1,2,1,A01
202100052058,2,7,,0,1,2,1,A01
202100052059,1,7,,0,1,1,0,A01
202100052060,2,7,,0,2,1,12,A01
202100052060,2,7,,0,0,6,1,B01
202100052061,1,7,,0,1,1,1,B01
202100052062,2,7,,0,2,2,19,A01
202100052062,1,7,,0,2,3,1,B01
202100052063,1,10,,0,2,1,2,B01
202100052063,1,7,,0,0,4,2,A01
202100052064,0,39,,0,2,1,19,B01
202100052064,1,7,,0,4,3,26,A01
202100052065,2,7,,13,0,1,2,A01
202100052066,1,14,,0,2,1,1,B01
202100052066,2,7,,0,2,2,13,A01
202100052066,1,7,,0,2,1,1,C01
202100052067,1,1,,0,0,0,25,A01
202100052068,2,7,,0,0,0,1,A01
202100052069,2,7,,6,0,1,1,A01
202100052070,2,7,,2,0,7,1,A01
202100052071,1,7,,0,9,1,2,A01
202100052071,1,1,,0,0,4,2,B01
202100052072,2,7,,0,0,3,13,A01
202100052073,3,7,,0,1,4,4,A01
202100052074,1,10,,0,2,1,13,A01
202100052074,2,7,,0,2,3,1,B01
202100052074,2,7,,0,2,1,1,C01
202100052075,1,7,,10,0,1,14,A01
202100052076,1,7,,0,2,2,13,A01
202100052076,1,10,,0,2,6,1,B01
202100052077,2,7,,3,2,1,17,A01
202100052077,2,7,,0,2,2,17,B01
202100052077,2,17,,0,2,3,1,C01
202100052078,1,7,,0,0,0,26,A01
202100052079,2,10,,0,0,9,1,A01
202100052080,1,7,,4,2,1,1,A01
202100052080,1,15,,0,0,8,1,B01
202100052081,1,7,,2,0,1,1,A01
202100052082,1,7,,0,2,1,1,B01
202100052082,2,10,,0,2,1,13,A01
202100052083,3,7,,0,2,1,26,A01
202100052083,3,15,,0,2,2,1,B01
202100052084,3,2,,6,0,1,1,A01
202100052085,3,7,,0,0,3,2,A01
202100052086,1,7,,0,2,8,1,B01
202100052086,2,10,,0,2,3,1,A01
202100052087,2,7,,0,2,1,17,A01
202100052087,1,7,,0,2,1,1,C01
202100052087,1,7,,0,2,0,1,D01
202100052087,-1,7,,0,2,0,0,B01
202100052088,3,7,,0,0,4,1,A01
202100052088,3,7,,0,2,4,2,B01
202100052088,3,7,,0,2,1,2,C01
202100052089,1,1,,0,2,4,1,B01
202100052089,1,7,,0,2,1,1,A01
202100052090,1,7,,0,2,0,1,C01
202100052090,1,7,,0,2,0,0,D01
202100052090,1,7,,0,2,1,1,E01
202100052090,1,7,,0,2,4,1,A01
202100052090,1,7,,0,2,0,1,B01
202100052091,2,10,,0,2,1,2,C01
202100052091,2,7,,0,2,4,2,B01
202100052091,2,7,,0,2,4,2,A01
202100052092,1,7,,0,2,1,1,C01
202100052092,1,10,,0,2,4,1,B01
202100052092,1,7,,0,2,4,1,A01
202100052093,2,7,,0,2,1,2,A01
202100052093,2,7,,0,2,4,2,B01
202100052093,2,7,,0,2,4,2,C01
202100052094,1,10,,4,9,4,1,A01
202100052094,1,15,,4,2,1,2,B01
202100052094,1,10,,4,0,4,1,C01
202100052095,1,7,,0,5,1,1,A01
202100052096,1,7,,0,2,3,1,A01
202100052096,1,7,,0,2,4,2,B01
202100052096,1,10,,0,2,1,2,C01
202100052097,2,7,,0,2,6,1,A01
202100052097,2,17,,0,2,3,11,B01
202100052098,2,33,,0,0,7,1,A01
202100052099,1,2,,0,2,3,13,A01
202100052099,1,7,,0,2,3,26,MB01
202100052100,2,7,,0,2,3,20,A01
202100052100,1,33,,0,2,1,17,B01
202100052101,1,7,,0,9,7,16,A01
202100052101,1,2,,0,2,8,2,B01
202100052102,1,1,,0,2,6,1,A01
202100052102,2,7,,0,2,3,1,B01
202100052103,1,33,,0,0,1,2,A01
202100052104,1,7,,8,2,0,1,B01
202100052104,2,7,,0,2,0,15,A01
202100052105,2,7,,0,1,2,1,A01
202100052106,1,33,,0,1,7,21,A01
202100052107,1,7,,0,2,1,1,B01
202100052107,2,7,,0,2,2,15,A01
202100052108,2,7,,0,2,3,10,A01
202100052108,2,7,,0,2,7,1,B01
202100052109,2,7,,0,2,1,24,B01
202100052109,1,30,,1,0,7,14,A01
202100052110,1,37,1.0,0,2,1,23,B01
202100052110,2,30,,14,0,1,26,A01
202100052111,3,7,,0,2,1,1,Z01
202100052111,3,7,,0,2,5,9,B01
202100052112,3,32,,0,1,1,1,A01
202100052113,2,7,,0,1,1,26,A01
202100052114,0,7,,0,2,1,1,B01
202100052114,0,7,,0,2,6,1,A01
202100052115,0,7,,0,2,4,23,B01
202100052115,0,7,,0,2,1,1,A01
202100052116,0,7,,0,2,1,15,A01
202100052116,0,1,,0,2,7,1,B01
202100052117,0,7,,0,2,1,9,A01
202100052117,0,31,,0,2,7,1,B01
202100052118,3,7,,0,1,1,26,Z01
202100052119,1,7,,0,2,2,1,B01
202100052119,1,7,,0,2,5,1,A01
202100052120,2,2,,0,2,3,18,A01
202100052120,2,7,,0,2,5,16,B01
202100052121,0,80,,0,2,8,0,B01
202100052121,0,7,,0,2,7,15,A01
202100052122,3,50,,0,0,0,0,A01
202100052123,3,1,,0,0,1,0,A01
202100052124,1,0,,0,0,0,0,A01
202100052125,3,10,,0,2,1,1,A01
202100052125,3,7,,0,2,4,1,B01
202100052125,3,7,,0,2,4,1,C01
202100052125,3,7,,0,2,4,1,D01
202100052126,1,7,,4,0,3,1,A01
202100052127,2,7,,0,2,1,1,B01
202100052127,1,7,,0,2,1,13,A01
202100052128,2,30,,0,2,7,2,A01
202100052129,1,7,,0,1,2,1,A01
202100052129,1,7,,0,2,1,2,B01
202100052130,1,7,,0,1,3,1,A01
202100052131,1,7,,0,1,1,1,A01
202100052132,2,7,,0,2,1,1,A01
202100052132,2,7,,0,2,4,0,B01
202100052133,2,7,,0,1,1,1,A01
202100052134,1,30,,0,0,0,1,A01
202100052135,1,33,,0,0,7,1,A01
202100052136,2,7,,4,0,1,13,A01
202100052137,1,7,,0,2,4,23,C01
202100052137,1,7,,0,2,4,23,B01
202100052137,1,7,,0,2,1,1,A01
202100052138,1,7,,0,2,3,16,B01
202100052138,1,31,,0,2,1,1,A01
202100052139,2,1,,0,2,8,19,B01
202100052139,1,1,,0,2,1,1,A01
202100052140,3,7,,0,2,3,15,A01
202100052140,3,30,,0,2,1,17,B01
202100052141,3,34,,0,0,3,21,A01
202100052142,3,7,,0,2,3,15,A01
202100052142,3,32,,0,2,3,1,B01
202100052143,1,30,,0,2,1,1,A01
202100052143,2,1,,0,2,3,1,B01
202100052144,1,1,,0,1,1,1,A01
202100052145,2,32,,0,1,7,1,A01
202100052146,1,50,,0,2,0,1,B01
202100052146,2,7,,0,2,0,15,A01
202100052147,1,7,,0,1,1,1,A01
202100052148,3,7,,0,1,5,26,A01
202100052149,1,33,,1,2,1,1,A01
202100052149,1,7,,0,2,3,9,B01
202100052150,2,7,,0,2,1,11,A01
202100052150,2,32,,0,2,1,1,B01
202100052151,2,7,,0,2,3,1,A01
202100052151,1,33,,0,2,1,1,B01
202100052152,3,60,,0,2,7,19,B01
202100052152,3,7,,0,1,3,9,A01
202100052153,1,7,,1,1,0,0,Z01
202100052154,2,33,,0,2,2,17,A01
202100052154,2,7,,0,2,3,15,B01
202100052155,1,7,,0,1,4,26,A01
202100052156,1,10,,0,2,0,15,B01
202100052156,1,7,,9,1,1,1,A01
202100052157,2,7,,0,2,1,1,A01
202100052157,1,7,,0,2,1,13,B01
202100052158,1,50,,0,2,1,25,B01
202100052158,1,7,,0,0,2,2,A01
202100052159,2,7,,0,9,6,1,B01
202100052159,1,7,,0,2,0,1,A01
202100052160,1,7,,0,2,2,1,B01
202100052160,2,2,,0,2,3,15,A01
202100052161,1,7,,0,2,1,13,A01
202100052161,2,14,,0,2,3,1,B01
202100052162,1,38,1.0,0,2,2,1,A01
202100052162,2,7,,0,2,3,15,B01
202100052163,1,7,,0,2,3,1,A01
202100052163,2,7,,0,2,3,1,B01
202100052164,1,7,,0,2,3,16,B01
202100052164,1,1,,0,2,7,1,A01
202100052165,1,7,,0,1,2,26,A01
202100052166,2,7,,0,2,7,15,B01
202100052166,1,33,,0,2,1,1,A01
202100052167,2,33,,6,0,3,1,A01
202100052168,2,7,,0,9,1,2,C01
202100052168,2,7,,0,2,3,1,B01
202100052168,1,7,,0,2,1,1,A01
202100052169,2,7,,0,2,6,15,B01
202100052169,2,7,,0,2,2,17,A01
202100052170,2,7,,0,2,3,1,B01
202100052170,1,7,,0,2,3,1,A01
202100052171,1,7,,0,2,1,13,A01
202100052171,2,14,,0,2,1,1,B01
202100052172,1,7,,0,2,1,1,A01
202100052172,2,7,,0,0,1,1,B01
202100052173,1,7,,0,2,1,2,A01
202100052173,1,7,,0,2,4,23,C01
202100052173,1,7,,0,2,4,23,B01
202100052174,2,7,,8,0,3,1,B01
202100052174,1,7,,0,2,1,2,A01
202100052175,1,7,,2,0,1,1,A01
202100052176,3,7,,0,2,1,2,A01
202100052176,3,2,,0,2,6,1,B01
202100052177,2,7,,2,0,1,1,A01
202100052178,1,7,,10,0,3,1,A01
202100052179,2,13,,0,9,2,16,A01
202100052179,1,1,,0,2,1,26,B01
202100052180,2,7,,0,2,1,1,B01
202100052180,1,7,,0,2,7,15,A01
202100052181,1,2,,0,2,3,2,A01
202100052181,1,10,,0,2,5,1,B01
202100052182,2,7,,0,0,3,1,B01
202100052182,1,7,,0,2,3,1,A01
202100052183,1,7,,4,0,3,1,A01
202100052184,2,17,,0,0,7,1,A01
202100052185,2,7,,0,1,1,1,A01
202100052186,1,33,,0,2,1,5,A01
202100052186,2,7,,0,2,3,26,B01
202100052187,2,7,,2,1,2,14,A01
202100052188,1,2,,0,2,1,1,B01
202100052188,1,7,,0,0,5,26,A01
202100052189,3,99,,1,0,0,14,A01
202100052190,2,7,,0,2,3,17,A01
202100052190,1,7,,3,2,3,1,B01
202100052190,2,15,,0,2,6,1,C01
202100052191,3,7,,0,1,3,1,A01
202100052192,2,7,,0,2,3,9,A01
202100052192,2,30,,0,2,7,1,B01
202100052193,1,7,,0,2,2,5,A01
202100052193,2,7,,0,2,3,1,B01
202100052194,2,10,,0,0,5,1,B01
202100052194,2,7,,2,2,1,2,A01