Num_Acc,senc,catv,occutc,obs,obsm,choc,manv,num_veh
202100052195,2,7,,0,2,6,15,A01
202100052195,1,7,,0,2,1,1,B01
202100052196,2,7,,0,0,4,1,B01
202100052196,2,7,,0,2,1,1,A01
202100052197,2,15,,0,2,3,1,A01
202100052197,1,15,,0,2,0,1,B01
202100052198,2,7,,12,0,3,26,A01
202100052199,1,7,,0,2,4,2,B01
202100052199,1,33,,0,2,1,2,A01
202100052200,1,7,,0,2,1,2,C01
202100052200,1,15,,0,2,1,2,B01
202100052200,1,7,,0,2,4,2,A01
202100052201,2,7,,0,2,8,9,A01
202100052201,2,33,,0,2,7,1,B01
202100052202,2,7,,4,0,1,1,A01
202100052203,1,7,,0,9,8,19,A01
202100052203,2,2,,0,2,1,1,B01
202100052204,3,2,,0,2,1,1,C01
202100052204,3,2,,0,2,1,26,A01
202100052204,3,7,,0,2,3,1,B01
202100052205,2,7,,8,0,1,16,A01
202100052206,3,7,,0,2,1,1,A01
202100052206,3,7,,0,2,4,1,B01
202100052207,2,7,,7,0,1,13,A01
202100052208,2,7,,0,2,8,19,A01
202100052208,2,33,,0,2,1,1,B01
202100052209,3,7,,0,1,1,1,A01
202100052210,1,7,,12,2,1,1,B01
202100052210,1,10,,12,2,1,1,A01
202100052211,2,7,,0,2,7,20,A01
202100052211,2,2,,0,2,3,7,B01
202100052212,2,7,,0,2,1,1,A01
202100052212,2,10,,0,2,4,23,B01
202100052213,0,7,,8,0,1,1,A01
202100052214,3,7,,4,0,1,1,A01
202100052214,3,7,,0,2,2,1,B01
202100052215,1,7,,0,2,2,20,A01
202100052215,1,1,,0,2,1,1,B01
202100052216,1,33,,0,2,1,2,A01
202100052216,1,7,,0,9,4,1,B01
202100052217,2,33,,0,2,8,1,B01
202100052217,1,7,,0,2,1,19,A01
202100052218,1,7,,6,0,1,14,A01
202100052219,1,7,,0,2,2,15,A01
202100052219,1,7,,0,2,0,2,B01
202100052219,2,7,,0,2,8,2,C01
202100052220,1,32,,0,0,0,1,A01
202100052221,3,7,,0,2,3,1,B01
202100052221,3,7,,0,2,3,15,A01
202100052222,3,7,,6,0,1,2,A01
202100052223,3,7,,0,2,4,2,D01
202100052223,3,7,,0,2,1,2,A01
202100052223,3,7,,0,2,4,2,B01
202100052223,3,7,,0,2,4,2,C01
202100052224,1,7,,0,2,2,1,A01
202100052224,2,30,,0,2,1,1,B01
202100052225,3,7,,0,2,4,1,C01
202100052225,3,7,,0,2,4,1,B01
202100052225,3,7,,0,2,1,1,A01
202100052226,1,7,,0,9,6,13,B01
202100052226,1,33,,0,2,1,1,A01
202100052227,1,10,,0,2,1,2,Z01
202100052227,1,7,,0,2,5,2,A01
202100052228,1,32,,0,1,1,1,A01
202100052229,1,30,,0,2,8,12,B01
202100052229,1,7,,0,2,5,12,A01
202100052230,1,80,,0,1,0,1,Z01
202100052231,1,7,,0,2,2,15,B01
202100052231,1,30,,0,2,1,1,A01
202100052232,1,1,,0,0,0,1,A01
202100052233,1,7,,0,2,3,15,A01
202100052233,2,2,,0,2,1,1,B01
202100052234,3,7,,0,2,8,1,B01
202100052234,3,30,,0,2,1,1,A01
202100052235,2,2,,1,0,2,14,A01
202100052236,1,7,,0,2,4,2,A01
202100052236,1,7,,0,2,4,2,B01
202100052236,1,7,,0,2,2,2,C01
202100052237,2,7,,0,2,4,1,B01
202100052237,2,33,,0,2,1,14,A01
202100052238,2,7,,4,0,6,1,A01
202100052239,2,7,,0,2,4,2,C01
202100052239,2,7,,0,2,4,2,B01
202100052239,2,7,,0,2,1,2,A01
202100052240,1,7,,4,0,6,2,A01
202100052241,1,7,,0,2,3,13,A01
202100052241,1,7,,0,2,3,1,B01
202100052242,2,7,,0,9,3,1,A01
202100052243,2,7,,3,2,6,2,A01
202100052243,2,7,,0,2,4,2,B01
202100052243,2,10,,0,2,3,2,C01
202100052244,2,31,,0,2,1,2,A01
202100052244,2,7,,0,2,6,2,B01
202100052245,2,7,,0,2,1,26,A01
202100052245,2,7,,0,2,8,0,B01
202100052246,1,7,,4,0,6,1,A01
202100052247,2,7,,4,0,0,26,A01
202100052248,1,7,,0,2,4,2,B01
202100052248,1,7,,0,2,1,1,A01
202100052249,1,10,,4,0,1,1,A01
202100052250,2,7,,0,2,1,6,A01
202100052250,2,7,,0,2,1,1,B01
202100052250,2,7,,0,2,4,1,C01
202100052251,1,7,,3,0,1,14,A01
202100052252,2,10,,4,0,6,13,A01
202100052253,2,7,,4,2,4,12,B01
202100052253,2,10,,0,0,2,2,A01
202100052254,1,7,,2,0,2,1,A01
202100052255,3,7,,13,0,1,1,A01
202100052256,1,7,,0,2,1,13,A01
202100052256,1,7,,0,2,3,1,B01
202100052257,1,7,,0,2,5,17,A01
202100052257,1,7,,0,2,4,2,B01
202100052257,1,7,,0,0,4,1,C01
202100052257,1,15,,0,2,3,1,D01
202100052258,1,7,,2,0,6,0,A01
202100052259,2,36,,2,0,1,13,A01
202100052260,1,10,,0,2,1,1,B01
202100052260,1,7,,0,2,8,10,A01
202100052261,1,7,,6,0,2,0,A01
202100052262,1,7,,0,1,3,1,A01
202100052263,1,10,,0,2,6,23,B01
202100052263,1,2,,1,0,1,2,A01
202100052264,0,7,,0,2,7,1,A01
202100052264,0,7,,0,2,7,26,B01
202100052265,2,10,,0,9,1,1,A01
202100052265,2,1,,0,2,1,15,B01
202100052266,1,2,,0,0,0,14,A01
202100052267,0,7,,8,2,0,17,A01
202100052267,0,21,,0,2,3,15,B01
202100052268,2,7,,0,2,3,1,B01
202100052268,1,7,,0,2,1,13,A01
202100052269,0,10,,5,0,1,0,A01
202100052270,1,7,,2,0,1,1,A01
202100052271,2,7,,0,2,3,1,B01
202100052271,1,10,,0,2,3,17,A01
202100052272,1,7,,3,0,0,0,A01
202100052273,3,2,,12,0,0,1,A01
202100052274,1,7,,0,0,3,1,B01
202100052274,2,7,,0,2,3,13,A01
202100052275,1,33,,0,2,1,17,A01
202100052275,1,7,,0,2,3,23,C01
202100052275,2,7,,0,2,3,1,B01
202100052276,3,7,,0,1,1,14,A01
202100052277,2,15,,0,2,1,1,A01
202100052277,1,10,,0,0,8,15,B01
202100052278,1,36,,0,2,1,1,A01
202100052278,2,7,,0,2,3,23,B01
202100052279,2,7,,15,0,0,0,A01
202100052280,1,7,,0,1,2,1,A01
202100052281,2,7,,0,2,1,2,A01
202100052281,2,7,,3,0,4,2,B01
202100052282,1,7,,0,2,3,1,B01
202100052282,2,15,,0,2,3,13,A01
202100052283,2,10,,0,2,3,14,B01
202100052283,2,15,,0,2,2,1,A01
202100052284,2,7,,8,0,1,1,A01
202100052285,1,7,,0,0,5,1,B01
202100052285,2,7,,0,0,2,13,A01
202100052286,3,30,,0,0,0,1,A01
202100052287,2,7,,12,1,1,14,A01
202100052288,3,7,,0,2,1,1,A01
202100052288,3,7,,0,2,3,1,B01
202100052289,1,7,,12,0,3,0,A01
202100052290,1,7,,0,2,6,15,B01
202100052290,2,7,,0,2,6,1,A01
202100052291,1,7,,0,2,1,2,B01
202100052291,1,7,,0,2,1,9,A01
202100052292,1,7,,0,2,5,17,A01
202100052292,1,1,,0,2,8,2,B01
202100052293,3,7,,0,1,2,26,A01
202100052294,1,7,,0,9,6,9,B01
202100052294,1,10,,0,9,1,9,A01
202100052295,1,7,,0,2,4,1,A01
202100052295,1,10,,0,2,0,0,Z01
202100052296,2,7,,0,1,3,1,A01
202100052297,0,99,,0,2,8,15,A01
202100052297,0,31,,0,2,1,1,B01
202100052298,3,1,,0,2,7,0,B01
202100052298,3,7,,0,2,1,1,A01
202100052299,3,10,,0,1,4,26,A01
202100052300,1,7,,0,1,1,26,A01
202100052301,1,1,,0,2,1,1,B01
202100052301,2,7,,0,2,2,15,A01
202100052302,1,7,,0,1,1,1,A01
202100052303,1,2,,0,2,1,26,B01
202100052303,1,7,,0,2,2,11,A01
202100052304,2,7,,0,1,1,1,A01
202100052305,1,33,,0,0,8,26,A01
202100052306,2,7,,0,1,1,1,A01
202100052307,1,7,,1,2,0,1,A01
202100052308,1,7,,0,1,7,1,A01
202100052309,2,7,,0,2,1,1,B01
202100052309,1,7,,0,2,1,13,A01
202100052310,1,40,,0,2,3,0,B01
202100052310,2,1,,0,4,1,13,A01
202100052311,2,7,,0,2,1,2,A01
202100052311,2,7,,0,0,4,1,B01
202100052312,2,7,,0,1,3,20,A01
202100052313,1,7,,0,2,1,1,B01
202100052313,2,7,,0,2,2,15,A01
202100052314,1,2,,0,2,1,15,B01
202100052314,1,7,,0,2,8,1,A01
202100052315,1,7,,0,2,1,15,Z01
202100052315,2,1,,0,2,1,19,B01
202100052316,3,30,,0,2,1,1,A01
202100052316,3,7,,0,2,6,1,B01
202100052317,2,7,,0,1,2,26,A01
202100052318,1,7,,0,2,1,1,B01
202100052318,1,7,,0,2,7,19,A01
202100052318,1,7,,0,2,6,0,C01
202100052319,1,34,,0,2,2,1,A01
202100052319,1,10,,0,2,0,10,B01
202100052320,1,7,,0,2,3,1,B01
202100052320,2,2,,0,2,1,17,A01
202100052321,2,7,,0,2,8,10,A01
202100052321,2,2,,0,2,1,1,B01
202100052322,1,1,,0,2,7,1,B01
202100052322,1,7,,0,2,1,9,A01
202100052323,1,2,,0,2,1,2,A01
202100052323,1,10,,0,2,4,2,B01
202100052324,2,7,,0,1,7,1,A01
202100052325,2,2,,0,1,0,1,Z01
202100052326,2,7,,0,2,8,1,B01
202100052326,2,2,,0,2,1,5,A01
202100052327,1,10,,1,0,1,17,A01
202100052328,1,10,,0,1,3,1,A01
202100052329,1,40,,0,1,2,1,A01
202100052330,3,10,,0,2,5,12,A01
202100052330,3,7,,0,2,3,1,B01
202100052331,1,30,,0,2,1,1,A01
202100052331,1,7,,0,2,4,23,B01
202100052332,1,31,,0,2,1,1,B01
202100052332,1,7,,0,2,3,9,A01
202100052333,1,43,,0,2,1,1,B01
202100052333,2,7,,0,2,5,15,A01
202100052334,3,7,,0,1,1,0,A01
202100052335,1,0,,0,2,1,19,Y01
202100052335,1,7,,0,1,1,2,Z01
202100052336,1,7,,0,2,2,1,B01
202100052336,2,7,,0,2,1,1,A01
202100052337,2,10,,1,0,2,1,A01
202100052338,1,7,,15,2,3,26,A01
202100052338,2,7,,0,2,3,1,B01
202100052339,1,7,,0,2,3,15,B01
202100052339,2,7,,0,2,2,1,A01
202100052340,0,7,,0,2,3,2,B01
202100052340,0,7,,0,0,4,15,A01
202100052341,2,7,,0,1,2,1,A01
202100052341,2,7,,0,2,2,17,B01
202100052342,2,7,,0,2,2,1,A01
202100052342,1,10,,0,2,2,1,B01
202100052343,0,7,,0,2,1,15,B01
202100052343,0,7,,0,2,2,1,A01
202100052344,2,7,,0,2,3,1,A01
202100052344,1,31,,0,2,1,13,B01
202100052345,3,1,,0,2,7,1,B01
202100052345,3,7,,0,2,8,9,A01
202100052346,1,7,,12,0,9,1,A01
202100052347,3,7,,2,0,8,1,A01
202100052348,2,7,,0,2,3,0,B01
202100052348,1,7,,0,2,1,5,A01
202100052349,2,7,,13,0,9,13,A01
202100052350,2,2,,13,0,8,2,A01
202100052351,1,7,,3,0,9,1,A01
202100052352,2,10,,0,1,7,1,A01
202100052353,1,7,,2,0,0,1,A01
202100052354,1,7,,7,0,1,1,A01
202100052355,1,7,,2,0,1,1,A01
202100052356,2,33,,8,0,0,1,A01
202100052357,1,7,,0,2,3,1,A01
202100052357,2,7,,0,2,3,1,B01
202100052358,1,7,,6,0,3,13,A01
202100052359,2,7,,0,2,1,15,A01
202100052359,1,7,,0,2,1,1,B01
202100052360,2,7,,0,2,2,2,A01
202100052360,2,7,,0,2,1,2,E01
202100052360,2,7,,8,0,4,2,B01
202100052360,2,7,,0,2,4,2,D01
202100052360,2,7,,0,2,1,2,F01
202100052360,2,7,,0,2,1,2,G01
202100052360,2,7,,0,2,1,2,H01
202100052360,2,7,,0,2,1,2,C01
202100052361,3,7,,0,2,3,1,B01
202100052361,3,2,,0,2,0,17,A01
202100052362,1,7,,0,0,4,2,B01
202100052362,1,7,,0,2,1,2,A01
202100052363,1,10,,0,2,1,1,A01
202100052363,1,7,,0,2,4,1,B01
202100052364,2,7,,0,2,6,1,B01
202100052364,2,7,,0,2,1,14,A01
202100052365,1,7,,0,2,3,18,A01
202100052365,1,15,,0,2,2,1,B01
202100052365,1,7,,0,2,4,1,C01
202100052366,2,7,,0,2,4,2,B01
202100052366,2,7,,0,2,1,2,A01
202100052367,1,7,,4,0,1,1,A01
202100052368,2,7,,4,0,8,1,A01
202100052369,2,7,,4,0,3,14,A01
202100052370,0,7,,0,2,1,0,A01
202100052370,0,32,,0,2,0,0,B01
202100052371,2,33,,0,2,5,23,B01
202100052371,1,7,,0,2,1,1,A01
202100052372,2,7,,0,2,1,15,A01
202100052372,2,31,,0,2,2,1,B01
202100052373,2,7,,8,2,2,1,A01
202100052373,1,7,,0,2,1,15,B01
202100052374,1,1,,0,2,1,1,B01
202100052374,1,7,,0,9,2,1,A01
202100052375,3,7,,0,5,1,13,A01
202100052376,1,7,,0,1,7,1,A01
202100052377,1,2,,0,0,0,0,B01
202100052377,1,7,,0,9,8,15,A01
202100052378,2,7,,0,2,2,15,A01
202100052378,1,1,,0,2,1,7,B01
202100052379,1,7,,8,2,1,1,B01
202100052379,3,7,,0,2,1,1,A01
202100052380,2,7,,0,2,3,1,B01
202100052380,1,7,,0,2,1,1,A01
202100052381,3,7,,0,2,2,9,A01
202100052381,3,7,,0,2,6,2,B01
202100052382,3,7,,0,2,3,9,A01
202100052382,2,14,,0,2,5,1,B01
202100052383,3,7,,0,2,4,2,C01
202100052383,3,7,,0,2,4,2,B01
202100052383,3,7,,0,2,2,2,A01
202100052384,2,7,,0,2,1,1,C01
202100052384,2,7,,0,2,4,1,A01
202100052384,2,7,,0,2,3,1,B01
202100052385,2,7,,0,1,2,15,A01
202100052386,1,7,,0,2,3,13,A01
202100052386,1,7,,0,2,8,1,B01
202100052386,1,7,,1,2,6,0,C01
202100052387,1,30,,1,1,0,21,Z01
202100052388,1,7,,0,1,2,19,A01
202100052389,2,7,,0,2,1,2,A01
202100052389,1,7,,0,2,4,2,B01
202100052390,3,50,,0,2,8,26,A01
202100052390,3,7,,0,9,8,1,B01
202100052391,3,7,,0,2,1,2,B01
202100052391,3,10,,0,2,1,15,A01
202100052392,1,7,,0,2,1,1,A01
202100052392,1,7,,0,2,4,1,B01
202100052392,1,7,,0,2,4,1,C01
202100052393,2,1,,0,2,8,19,B01
202100052393,1,7,,0,2,1,1,A01
202100052394,3,7,,0,2,2,26,A01
202100052394,2,1,,0,2,1,5,B01
202100052395,2,7,,0,2,2,17,A01
202100052395,2,7,,0,2,8,15,B01
202100052396,1,7,,0,2,2,15,A01
202100052396,1,34,,0,2,1,18,B01
202100052397,3,10,,0,1,4,4,A01
202100052398,2,7,,0,1,1,1,A01
202100052399,0,7,,0,2,3,20,A01
202100052399,0,50,,0,2,5,1,B01
202100052400,0,7,,0,2,1,1,A01
202100052400,0,7,,0,2,4,1,B01
202100052401,1,7,,1,0,2,9,A01
202100052402,0,7,,0,1,1,1,A01
202100052403,1,30,,0,2,1,2,A01
202100052403,1,7,,0,2,4,23,B01
202100052404,0,7,,0,2,3,15,A01
202100052404,0,7,,0,2,2,1,Z01
202100052405,2,7,,0,2,1,2,B01
202100052405,2,10,,0,2,4,23,A01
202100052406,2,99,,6,0,9,1,A01
202100052407,1,7,,0,2,3,19,B01
202100052407,1,7,,0,2,1,19,A01
202100052408,3,30,,0,2,1,1,B01
202100052408,3,7,,0,2,6,19,A01
202100052409,1,1,,0,2,1,15,B01
202100052409,1,7,,0,2,2,26,Z01
202100052410,1,7,,0,1,1,26,A01
202100052411,1,33,,0,2,3,2,A01
202100052411,1,10,,0,2,6,2,B01
202100052412,1,7,,0,2,6,20,A01
202100052412,1,1,,0,2,1,1,B01
202100052413,1,30,,0,1,2,1,A01
202100052414,2,7,,0,2,7,1,B01
202100052414,2,7,,0,2,8,9,A01
202100052415,1,7,,0,2,4,2,B01
202100052415,1,7,,0,2,4,2,C01
202100052415,1,7,,0,2,1,2,A01
202100052416,2,50,,0,2,2,1,B01
202100052416,2,7,,0,2,3,1,A01
202100052417,1,1,,0,1,1,1,A01
202100052418,1,7,,0,1,2,1,A01
202100052419,2,10,,0,2,1,5,C01
202100052419,1,7,,0,2,6,2,B01
202100052419,1,30,,0,2,1,26,A01
202100052420,1,7,,0,2,1,1,A01
202100052420,3,1,,0,2,8,19,B01
202100052421,2,7,,13,0,2,14,A01
202100052422,0,2,,0,1,7,1,A01
202100052423,1,7,,0,9,8,16,B01
202100052423,1,50,,0,2,1,25,A01
202100052424,2,7,,0,9,0,1,Z01
202100052424,2,1,,0,2,4,1,B01
202100052425,1,7,,0,1,8,1,A01
202100052426,1,50,,0,2,1,26,B01
202100052426,1,7,,0,9,1,15,A01
202100052427,2,33,,0,0,7,16,A01
202100052428,2,2,,0,2,1,17,A01
202100052428,2,7,,0,2,6,15,B01
202100052429,2,7,,0,2,2,23,B01
202100052429,2,30,,0,2,1,18,A01
202100052430,1,2,,0,2,1,15,A01
202100052430,2,7,,0,2,3,1,B01
202100052431,3,33,,0,2,1,1,B01
202100052431,3,10,,0,2,4,4,A01
202100052432,1,7,,0,1,1,1,A01
202100052433,1,34,,0,2,1,1,B01
202100052433,1,7,,0,2,2,15,A01
202100052434,3,7,,0,2,1,1,B01
202100052434,1,7,,0,2,7,26,A01
202100052435,3,7,,8,0,3,0,A01
202100052436,3,99,,0,1,5,1,A01
202100052437,3,7,,0,2,2,15,A01
202100052437,2,7,,0,2,8,1,C01
202100052437,1,7,,0,2,3,1,B01
202100052438,3,33,,0,2,1,1,B01
202100052438,1,10,,0,2,3,15,A01
202100052439,1,33,,0,2,1,17,A01
202100052439,2,31,,0,2,3,9,B01
202100052440,1,7,,0,1,1,1,B01
202100052440,1,7,,0,1,1,1,A01
202100052441,2,7,,0,2,4,0,B01
202100052441,2,7,,0,2,4,15,Z01
202100052441,2,7,,0,0,1,0,A01
202100052442,1,7,,0,2,1,1,A01
202100052442,1,7,,0,2,6,1,B01
202100052443,1,33,,0,0,8,1,A01
202100052444,2,7,,0,1,2,1,A01
202100052445,2,34,,0,2,1,1,B01
202100052445,0,10,,0,2,2,15,A01
202100052446,2,7,,0,2,1,1,B01
202100052446,1,7,,0,2,1,17,A01
202100052447,1,7,,0,2,7,26,B01
202100052447,1,7,,0,2,1,26,A01
202100052448,2,7,,0,2,2,1,B01
202100052448,2,7,,0,2,1,15,A01
202100052449,3,1,,0,2,5,9,B01
202100052449,3,7,,0,9,5,9,A01
202100052450,2,2,,0,0,7,23,A01
202100052451,0,7,,10,0,3,1,A01
202100052452,3,10,,0,2,3,15,A01
202100052452,3,33,,0,2,1,17,B01
202100052453,1,7,,0,2,4,23,B01
202100052453,1,10,,0,2,1,1,A01
202100052454,1,33,,0,1,1,17,A01
202100052455,2,7,,0,2,7,16,A01
202100052455,2,32,,0,2,1,1,B01
202100052456,1,7,,8,0,1,21,A01
202100052457,1,7,,0,2,2,15,A01
202100052457,1,31,,0,2,1,1,B01
202100052458,1,7,,0,1,1,1,A01
202100052459,2,30,,0,2,1,1,A01
202100052459,2,30,,0,2,8,1,B01
202100052460,1,7,,0,1,1,1,A01
202100052461,3,33,,0,2,3,1,B01
202100052461,3,7,,0,2,7,15,A01
202100052462,1,31,,0,2,1,1,A01
202100052462,1,1,,0,2,7,15,B01
202100052463,2,1,,0,2,7,10,B01
202100052463,0,30,,0,2,0,0,Z01
202100052464,3,7,,0,2,2,1,A01
202100052464,3,7,,0,2,1,1,B01
202100052465,3,7,,0,2,3,1,A01
202100052465,0,50,,0,2,0,19,B01
202100052466,2,2,,0,2,2,2,B01
202100052466,2,10,,0,2,6,18,A01
202100052467,2,10,,0,2,2,12,A01
202100052467,2,1,,0,2,4,1,B01
202100052468,1,7,,0,2,7,12,A01
202100052468,1,1,,0,2,8,26,B01
202100052469,1,37,1.0,0,1,7,26,A01
202100052470,1,7,,0,1,3,15,A01
202100052471,1,1,,0,2,0,0,B01
202100052471,3,7,,0,9,5,12,A01
202100052472,2,32,,0,2,8,18,B01
202100052472,1,7,,0,2,7,19,A01
202100052473,1,7,,0,9,1,1,A01
202100052473,2,1,,0,2,1,1,B01
202100052474,2,3,,0,1,1,1,A01
202100052475,2,7,,0,1,2,1,A01
202100052476,2,10,,0,1,7,1,A01
202100052477,3,7,,0,2,4,1,B01
202100052477,3,7,,0,2,1,2,A01
202100052478,1,7,,0,1,1,16,A01
202100052479,1,7,,0,1,8,22,A01
202100052480,2,7,,15,0,1,14,A01
202100052481,1,7,,0,2,7,15,A01
202100052481,2,7,,0,2,2,1,B01
202100052482,2,7,,13,0,1,15,A01
202100052483,3,7,,0,2,3,1,A01
202100052483,3,7,,0,2,3,1,B01
202100052484,1,7,,15,0,1,1,A01
202100052485,1,7,,0,0,0,2,A01
202100052486,2,7,,0,2,1,1,B01
202100052486,1,7,,0,2,1,3,A01
202100052487,1,7,,0,1,2,1,A01
202100052488,1,7,,4,0,3,2,A01
202100052489,1,7,,2,0,8,12,A01
202100052490,3,7,,0,1,2,11,A01
202100052491,1,7,,0,2,2,1,A01
202100052491,1,7,,0,2,8,15,B01
202100052492,2,10,,0,2,3,13,A01
202100052492,1,7,,0,2,1,1,B01
202100052493,2,7,,0,2,3,15,A01
202100052493,1,7,,0,2,2,1,B01
202100052494,1,7,,0,2,2,17,A01
202100052494,1,1,,0,0,4,2,B01
202100052495,2,7,,0,2,1,5,A01
202100052495,1,7,,0,2,1,1,B01
202100052496,1,7,,0,2,1,9,B01
202100052496,2,7,,3,2,3,1,A01
202100052497,2,7,,0,0,2,1,A01
202100052498,0,10,,0,2,1,1,B01
202100052498,0,7,,0,2,1,13,A01
202100052499,1,50,,0,2,1,5,A01
202100052499,2,7,,0,2,1,1,B01
202100052500,2,10,,0,2,1,2,A01
202100052500,2,7,,0,0,4,2,B01
202100052501,3,32,,0,2,4,2,B01
202100052501,3,7,,0,9,1,2,A01
202100052502,1,7,,0,2,3,1,B01
202100052502,2,7,,0,2,3,1,A01
202100052503,2,7,,0,2,5,1,B01
202100052503,1,7,,2,2,3,1,A01
202100052504,3,10,,0,2,3,9,A01
202100052504,0,33,,0,2,1,1,B01
202100052505,0,7,,0,2,1,15,A01
202100052505,0,7,,0,2,3,1,B01
202100052506,1,7,,8,0,2,1,A01
202100052507,1,33,,0,2,1,17,A01
202100052507,1,7,,0,2,3,15,B01
202100052508,2,7,,6,0,1,16,A01
202100052509,2,7,,0,2,6,26,A01
202100052509,2,7,,0,2,2,2,B01
202100052510,1,7,,0,2,4,1,D01
202100052510,1,7,,0,2,4,1,C01
202100052510,1,10,,0,2,1,12,A01
202100052510,1,7,,3,2,4,1,B01
202100052511,2,7,,0,2,6,11,A01
202100052511,2,32,,0,2,2,3,B01
202100052512,2,7,,0,2,8,1,B01
202100052512,1,7,,0,2,8,15,Z01
202100052513,2,7,,0,2,8,15,A01
202100052513,1,2,,0,2,3,1,B01
202100052514,1,32,,0,2,1,1,B01
202100052514,2,1,,0,2,1,1,A01
202100052515,2,7,,0,0,1,14,A01
202100052516,1,31,,0,1,0,1,A01
202100052517,1,7,,0,2,2,12,A01
202100052517,1,33,,0,2,3,3,B01
202100052518,1,1,,0,2,1,13,B01
202100052518,1,7,,0,2,2,15,A01
202100052519,1,7,,0,1,3,1,A01
202100052520,1,1,,0,1,1,18,A01
202100052521,3,37,1.0,0,2,7,1,B01
202100052521,3,7,,0,2,1,9,A01
202100052522,1,7,,0,2,5,0,A01
202100052522,1,2,,0,2,8,13,B01
202100052523,2,7,,0,1,2,1,A01
202100052524,0,50,,0,2,1,15,B01
202100052524,0,7,,0,2,0,17,A01
202100052525,2,7,,0,2,3,15,A01
202100052525,2,1,,0,2,1,1,B01
202100052526,2,10,,0,1,2,1,A01
202100052527,2,7,,0,2,5,0,B01
202100052527,2,7,,0,2,3,0,A01
202100052528,1,40,,0,0,0,9,A01
202100052529,1,30,,0,2,1,1,B01
202100052529,2,7,,0,2,2,15,A01
202100052530,1,7,,13,0,1,14,A01
202100052531,1,3,,0,2,1,1,A01
202100052531,2,7,,0,2,3,1,B01
202100052532,0,7,,0,0,1,1,A01
202100052533,2,7,,8,2,8,1,B01
202100052533,2,7,,8,2,1,1,A01
202100052534,2,33,,0,2,1,1,B01
202100052534,3,7,,0,2,7,1,A01
202100052535,3,10,,0,1,1,26,A01
202100052536,1,7,,0,1,3,1,A01
202100052537,2,7,,0,2,1,13,A01
202100052537,1,7,,0,2,1,1,B01
202100052538,1,7,,0,2,1,15,A01
202100052538,1,2,,0,2,7,0,B01
202100052539,1,1,,0,2,1,26,A01
202100052539,1,7,,0,2,0,1,B01
202100052540,3,7,,0,9,1,16,A01
202100052540,3,1,,0,2,7,1,B01
202100052541,2,7,,15,0,1,1,A01
202100052542,1,7,,0,2,2,10,A01
202100052542,2,33,,0,2,1,1,B01
202100052543,1,80,,0,0,0,0,A01
202100052544,3,7,,0,2,3,9,A01
202100052544,3,1,,0,2,7,0,B01
202100052545,3,7,,0,1,2,1,A01
202100052546,3,7,,0,2,1,15,A01
202100052546,1,80,,0,2,8,1,B01
202100052547,1,15,,0,2,1,2,A01
202100052547,1,7,,0,2,4,1,B01
202100052547,1,15,,0,2,4,1,C01
202100052548,2,7,,0,0,4,2,B01
202100052548,2,7,,0,2,1,2,A01
202100052549,2,7,,0,0,0,0,B01
202100052549,1,1,,0,2,0,13,A01
202100052550,2,7,,0,1,3,9,A01
202100052551,1,7,,3,0,2,1,A01
202100052552,1,7,,0,2,2,16,B01
202100052552,1,30,,0,2,1,18,A01
202100052553,1,15,,0,1,0,26,A01
202100052554,2,10,,0,2,8,13,A01
202100052554,2,33,,0,2,7,1,B01
202100052555,3,7,,0,2,7,1,B01
202100052555,3,7,,0,2,1,9,A01
202100052556,2,32,,0,1,0,1,Z01
202100052557,2,7,,0,2,6,15,B01
202100052557,2,30,,0,2,1,17,A01
202100052558,1,32,,0,2,1,1,A01
202100052558,1,7,,0,2,2,10,B01
202100052559,1,7,,0,1,1,2,Z01
202100052560,2,7,,0,2,1,1,B01
202100052560,1,30,,0,2,7,1,A01
202100052561,3,10,,0,2,1,2,A01
202100052561,3,7,,0,2,4,23,B01
202100052562,1,7,,0,2,1,9,B01
202100052562,2,33,,0,2,1,8,A01
202100052563,2,7,,0,2,7,20,B01
202100052563,2,30,,1,2,1,1,A01
202100052564,2,33,,0,2,1,17,A01
202100052564,2,10,,0,2,3,15,B01
202100052565,1,10,,0,1,5,1,A01
202100052566,3,37,1.0,0,2,5,21,B01
202100052566,3,7,,0,2,8,22,A01
202100052567,1,33,,0,1,1,1,A01
202100052568,1,7,,0,1,2,1,A01
202100052569,3,1,,0,1,1,1,A01
202100052570,1,1,,0,2,1,13,B01
202100052570,2,2,,0,2,1,1,A01
202100052571,2,1,,0,1,7,1,A01
202100052572,0,30,,0,2,1,3,B01
202100052572,3,32,,0,2,8,11,A01
202100052573,2,7,,0,2,6,23,B01
202100052573,2,30,,0,2,2,1,A01
202100052574,2,33,,0,2,6,1,A01
202100052574,2,1,,0,2,6,15,B01
202100052575,1,30,,0,2,3,13,A01
202100052575,1,33,,0,2,2,1,B01
202100052576,2,1,,0,1,2,1,A01
202100052577,1,2,,14,0,7,1,A01
202100052578,2,30,,0,0,7,1,A01
202100052579,1,7,,0,2,2,16,A01
202100052579,1,1,,0,2,1,1,B01
202100052580,2,7,,0,1,1,1,B01
202100052580,2,2,,0,1,0,0,A01
202100052581,1,1,,0,1,7,1,A01
202100052582,3,7,,0,2,8,15,B01
202100052582,3,31,,0,2,7,15,A01
202100052583,1,7,,1,2,2,1,B01
202100052584,1,7,,0,2,3,15,B01
202100052584,1,2,,0,2,1,17,A01