Num_Acc,senc,catv,occutc,obs,obsm,choc,manv,num_veh
202100052585,2,7,,15,0,2,13,A01
202100052585,2,1,,0,0,0,0,B01
202100052586,3,33,,3,0,1,17,A01
202100052587,2,7,,15,0,4,2,B01
202100052587,2,7,,15,0,1,2,A01
202100052588,2,50,,0,2,9,16,C01
202100052588,1,10,,0,2,3,9,A01
202100052588,2,7,,0,2,6,2,B01
202100052589,3,7,,0,0,8,15,B01
202100052589,3,7,,0,2,1,1,A01
202100052590,0,7,,0,0,0,0,A01
202100052590,0,20,,0,0,0,0,B01
202100052591,-1,7,,0,2,5,15,B01
202100052591,-1,7,,0,2,7,1,A01
202100052592,2,7,,0,2,1,2,A01
202100052592,2,7,,0,2,4,2,B01
202100052593,-1,10,,0,2,3,10,B01
202100052593,-1,7,,0,2,2,1,A01
202100052594,0,7,,0,2,2,16,A01
202100052594,3,7,,0,2,3,0,MB01
202100052595,1,7,,0,2,3,15,A01
202100052595,1,32,,0,2,1,1,B01
202100052596,2,7,,0,2,6,15,B01
202100052596,2,2,,0,2,2,0,A01
202100052597,3,7,,0,2,1,15,A01
202100052597,3,32,,0,2,1,1,B01
202100052598,3,10,,0,2,2,10,B01
202100052598,3,31,,0,2,1,1,A01
202100052599,1,33,,0,2,1,1,B01
202100052599,3,21,,0,2,4,19,A01
202100052600,1,7,,6,2,7,1,B01
202100052600,1,7,,6,2,1,19,A01
202100052601,2,7,,0,1,2,1,A01
202100052602,1,17,,0,0,6,24,A01
202100052602,1,17,,1,0,2,26,B01
202100052603,2,7,,0,0,1,1,B01
202100052603,1,7,,4,0,1,1,A01
202100052604,2,33,,0,2,1,1,B01
202100052604,1,21,,0,2,7,15,A01
202100052605,1,1,,0,2,1,1,A01
202100052605,2,10,,0,9,8,1,B01
202100052606,2,7,,0,2,1,2,A01
202100052606,2,7,,0,2,4,2,B01
202100052606,2,7,,0,2,4,2,C01
202100052606,2,7,,0,2,4,2,D01
202100052606,2,7,,0,2,4,2,E01
202100052606,2,7,,0,2,4,2,F01
202100052607,3,31,,8,0,1,1,A01
202100052608,1,3,,0,2,7,2,A01
202100052608,1,1,,0,2,8,2,B01
202100052609,2,7,,2,0,1,14,A01
202100052610,1,2,,0,2,4,1,B01
202100052610,1,7,,0,2,1,1,A01
202100052611,2,10,,0,2,8,15,A01
202100052611,1,2,,0,2,1,1,B01
202100052612,1,7,,2,6,1,1,A01
202100052613,2,7,,13,0,2,1,A01
202100052614,1,7,,0,1,3,1,A01
202100052615,2,7,,12,0,2,1,A01
202100052616,3,7,,0,1,7,2,A01
202100052617,1,7,,6,0,2,14,A01
202100052618,2,7,,0,2,8,15,A01
202100052618,1,1,,0,2,1,1,B01
202100052619,2,7,,0,2,1,1,A01
202100052619,2,1,,0,0,4,1,B01
202100052620,1,10,,0,0,3,17,A01
202100052620,2,7,,0,0,3,14,B01
202100052621,1,33,,13,0,7,13,A01
202100052622,2,1,,0,2,8,9,A01
202100052622,2,7,,0,2,2,1,B01
202100052623,1,7,,0,0,5,1,B01
202100052623,1,7,,9,2,1,12,A01
202100052624,1,7,,3,0,3,17,A01
202100052625,3,20,,0,0,0,0,A01
202100052626,2,7,,16,0,2,1,A01
202100052627,1,7,,0,1,1,1,A01
202100052628,3,7,,6,0,1,16,A01
202100052629,2,7,,0,1,1,1,A01
202100052630,1,31,,8,0,0,1,A01
202100052631,2,32,,0,2,8,2,A01
202100052631,1,7,,0,2,1,2,C01
202100052631,2,7,,0,0,8,2,B01
202100052632,3,7,,13,0,1,1,A01
202100052633,0,10,,0,2,2,1,B01
202100052633,0,14,,0,2,1,1,A01
202100052634,2,1,,0,2,1,1,A01
202100052634,2,10,,0,0,7,1,B01
202100052635,2,7,,0,2,4,2,B01
202100052635,2,7,,0,2,1,1,A01
202100052636,1,7,,0,2,1,9,B01
202100052636,1,7,,0,2,4,9,A01
202100052637,2,7,,0,2,1,26,A01
202100052637,2,7,,0,0,4,2,B01
202100052638,1,17,,0,2,1,12,A01
202100052638,1,7,,0,2,6,1,B01
202100052639,2,7,,0,2,4,23,B01
202100052639,2,7,,0,2,1,1,A01
202100052640,2,33,,1,0,9,1,A01
202100052641,1,7,,0,2,4,2,B01
202100052641,1,7,,0,2,1,2,A01
202100052642,1,7,,0,2,6,11,B01
202100052642,1,33,,0,2,2,3,A01
202100052643,2,7,,4,0,1,1,A01
202100052644,2,10,,0,2,4,1,B01
202100052644,2,10,,0,2,4,1,C01
202100052644,2,7,,0,2,1,21,A01
202100052645,1,7,,0,2,1,1,B01
202100052645,2,32,,0,2,1,1,A01
202100052646,1,7,,14,0,1,15,A01
202100052647,1,7,,0,0,4,2,B01
202100052647,1,7,,0,2,1,2,A01
202100052648,2,7,,0,2,1,1,B01
202100052648,1,30,,0,2,1,21,A01
202100052649,1,7,,0,2,3,1,B01
202100052649,2,33,,0,2,1,1,A01
202100052650,3,50,,0,2,1,25,B01
202100052650,3,7,,0,2,1,26,Z01
202100052651,2,32,,0,2,7,1,B01
202100052651,1,7,,0,2,3,10,A01
202100052652,3,3,,0,2,1,13,A01
202100052652,3,37,1.0,0,2,3,1,B01
202100052653,3,1,,0,2,4,1,B01
202100052653,3,7,,0,2,1,9,A01
202100052654,1,31,,0,2,1,15,B01
202100052654,1,7,,0,2,6,11,A01
202100052655,2,7,,0,1,3,1,A01
202100052656,3,37,1.0,0,1,2,16,A01
202100052657,2,7,,0,2,1,1,C01
202100052657,1,7,,0,2,1,1,A01
202100052657,2,7,,0,2,1,1,B01
202100052658,0,7,,0,2,1,1,A01
202100052658,0,7,,0,2,6,23,B01
202100052659,2,7,,0,2,3,1,B01
202100052659,1,30,,0,2,1,1,A01
202100052660,3,7,,0,2,8,9,A01
202100052660,1,43,,0,2,1,1,B01
202100052661,1,7,,8,0,1,14,A01
202100052662,1,7,,0,1,1,1,A01
202100052663,2,7,,0,2,3,1,B01
202100052663,1,10,,0,2,1,1,A01
202100052664,2,1,,15,0,3,21,A01
202100052665,3,31,,0,2,7,1,B01
202100052665,3,10,,0,2,1,9,A01
202100052666,1,7,,0,2,8,19,B01
202100052666,2,30,,0,2,1,1,A01
202100052667,1,30,,0,2,1,26,A01
202100052667,1,7,,0,0,4,2,B01
202100052668,2,1,,0,0,0,26,A01
202100052669,1,10,,8,0,1,13,A01
202100052670,0,7,,0,2,3,23,B01
202100052670,0,1,,0,2,1,16,A01
202100052671,1,10,,0,1,4,4,A01
202100052672,3,50,,0,0,0,0,A01
202100052673,3,10,,0,1,7,16,A01
202100052674,2,7,,2,0,1,14,A01
202100052675,1,7,,0,0,1,1,Z01
202100052675,3,1,,0,2,1,1,A01
202100052676,1,1,,0,2,1,1,B01
202100052676,2,7,,0,2,8,1,A01
202100052677,1,7,,6,2,1,1,A01
202100052677,2,7,,0,2,5,1,B01
202100052678,2,7,,0,1,2,1,A01
202100052679,1,7,,0,2,3,17,A01
202100052679,2,31,,0,2,1,1,B01
202100052680,1,7,,0,1,1,1,B01
202100052680,2,7,,0,2,1,1,A01
202100052681,0,1,,6,0,1,17,A01
202100052682,3,33,,0,2,1,17,A01
202100052682,3,7,,0,2,8,15,B01
202100052683,2,33,,0,1,1,1,A01
202100052684,2,10,,0,2,2,15,A01
202100052684,1,7,,0,2,1,1,B01
202100052685,1,7,,0,2,2,12,A01
202100052685,1,31,,0,2,3,1,B01
202100052686,2,7,,0,2,4,2,B01
202100052686,2,7,,0,2,1,2,A01
202100052687,2,32,,0,2,2,3,B01
202100052687,2,7,,0,2,8,11,A01
202100052688,1,10,,0,2,1,1,A01
202100052688,1,30,,0,2,8,1,B01
202100052689,1,7,,0,2,5,10,A01
202100052689,2,30,,0,2,1,1,B01
202100052690,1,50,,0,2,1,5,A01
202100052690,1,7,,0,2,2,15,B01
202100052691,1,33,,0,2,7,5,A01
202100052691,1,7,,0,2,3,15,B01
202100052692,1,7,,0,2,1,1,A01
202100052692,1,1,,0,2,7,1,B01
202100052693,1,7,,0,2,5,23,B01
202100052693,1,30,,0,2,1,2,A01
202100052694,1,10,,0,1,2,15,A01
202100052695,1,10,,0,1,0,1,Z01
202100052696,2,1,,0,2,1,1,A01
202100052696,3,7,,0,9,3,1,B01
202100052697,2,7,,0,1,0,1,A01
202100052698,3,7,,0,1,3,1,A01
202100052699,3,7,,0,2,4,9,A01
202100052699,3,7,,0,2,1,0,B01
202100052700,3,7,,0,2,3,23,B01
202100052700,2,7,,0,2,2,1,A01
202100052701,0,10,,0,2,3,13,B01
202100052701,0,37,1.0,0,2,1,26,A01
202100052702,1,7,,0,1,1,0,A01
202100052703,1,7,,0,1,2,1,A01
202100052704,1,7,,0,2,2,10,A01
202100052704,2,34,,0,2,3,1,B01
202100052705,2,7,,0,2,3,2,B01
202100052705,2,33,,0,2,4,23,A01
202100052706,1,7,,0,1,3,15,A01
202100052707,3,50,,0,2,1,1,B01
202100052707,1,7,,0,2,2,15,A01
202100052708,1,7,,0,1,1,1,A01
202100052709,3,7,,0,1,5,1,A01
202100052710,1,7,,0,2,4,2,A01
202100052710,1,30,,0,2,4,1,B01
202100052711,1,34,,0,2,1,1,B01
202100052711,1,7,,0,2,1,1,A01
202100052712,1,14,,0,0,8,14,A01
202100052713,2,10,,0,2,2,1,A01
202100052713,2,7,,3,0,6,11,B01
202100052714,0,7,,13,2,3,13,A01
202100052714,0,7,,0,2,8,1,B01
202100052715,1,7,,0,1,2,1,A01
202100052716,1,7,,15,0,9,0,A01
202100052717,2,7,,0,0,1,2,A01
202100052718,2,7,,0,9,3,17,A01
202100052718,1,1,,0,2,1,1,B01
202100052718,1,1,,0,2,1,1,C01
202100052719,1,10,,0,2,2,15,A01
202100052719,2,7,,6,2,1,1,B01
202100052720,2,7,,2,0,9,1,A01
202100052721,2,7,,13,0,1,1,A01
202100052722,2,2,,0,2,1,1,A01
202100052722,2,7,,0,2,3,15,B01
202100052723,1,33,,7,2,4,2,B01
202100052723,1,10,,0,2,7,15,A01
202100052724,1,7,,0,1,2,1,A01
202100052725,1,33,,13,0,0,2,A01
202100052726,1,38,1.0,0,2,3,1,B01
202100052726,2,7,,0,2,3,9,A01
202100052727,2,7,,0,2,3,0,A01
202100052727,1,7,,0,2,3,1,B01
202100052728,1,7,,0,2,1,1,A01
202100052728,2,7,,0,2,1,5,B01
202100052729,2,15,,16,0,1,1,A01
202100052730,1,7,,0,2,1,2,A01
202100052730,1,7,,0,0,4,1,C01
202100052730,1,7,,0,2,4,2,B01
202100052731,1,7,,0,2,1,13,A01
202100052731,2,17,,0,2,2,1,B01
202100052732,2,7,,2,9,1,14,A01
202100052733,1,7,,0,1,1,1,C01
202100052733,2,7,,0,2,1,2,A01
202100052733,2,7,,0,0,4,1,B01
202100052734,2,7,,0,2,1,5,A01
202100052734,1,7,,0,2,1,2,B01
202100052734,1,7,,0,2,2,21,C01
202100052735,3,7,,1,0,1,1,A01
202100052735,0,7,,0,0,7,24,B01
202100052736,3,7,,0,2,3,1,A01
202100052736,3,7,,8,2,3,1,B01
202100052737,1,7,,0,1,2,1,A01
202100052738,0,10,,15,1,4,26,A01
202100052739,1,17,,0,2,2,12,A01
202100052739,1,10,,0,2,3,1,B01
202100052740,2,7,,0,2,4,9,A01
202100052740,2,17,,0,2,3,1,B01
202100052740,2,7,,0,2,7,1,C01
202100052741,2,7,,4,0,1,13,A01
202100052742,1,31,,0,2,1,1,B01
202100052742,3,7,,0,2,3,15,A01
202100052743,1,7,,0,2,1,1,A01
202100052743,2,7,,0,2,1,1,B01
202100052744,2,50,,0,2,7,1,B01
202100052744,2,7,,0,2,1,1,A01
202100052745,2,7,,0,2,5,22,A01
202100052745,2,80,,1,0,1,18,B01
202100052746,1,7,,0,2,6,15,B01
202100052746,1,7,,0,2,1,2,A01
202100052747,1,7,,0,1,1,1,A01
202100052748,2,7,,0,2,3,1,C01
202100052748,2,7,,0,2,3,1,B01
202100052748,2,7,,0,2,3,0,A01
202100052749,1,7,,0,2,1,1,D01
202100052749,1,7,,0,2,1,1,C01
202100052749,2,10,,0,2,1,1,B01
202100052749,2,7,,0,2,1,13,A01
202100052750,2,7,,6,0,1,1,A01
202100052751,1,7,,0,0,1,14,A01
202100052752,1,7,,0,1,2,15,A01
202100052753,2,30,,0,2,3,15,A01
202100052753,1,7,,0,2,1,1,B01
202100052754,3,7,,0,2,1,13,A01
202100052754,3,10,,0,2,1,1,B01
202100052755,3,7,,0,2,0,0,B01
202100052755,3,30,,0,2,0,0,A01
202100052756,0,7,,0,2,3,9,A01
202100052756,0,7,,0,2,2,1,B01
202100052757,0,7,,0,2,1,1,A01
202100052757,0,7,,0,2,4,1,B01
202100052758,2,10,,0,1,1,1,A01
202100052759,1,30,,0,2,7,1,B01
202100052759,2,7,,0,2,1,15,A01
202100052760,1,7,,0,1,1,1,A01
202100052761,1,7,,0,2,3,11,A01
202100052761,1,7,,0,2,0,1,C01
202100052761,1,99,,0,2,5,1,B01
202100052762,1,7,,7,0,3,14,A01
202100052763,2,7,,0,2,3,19,A01
202100052763,2,1,,0,2,7,1,B01
202100052764,2,7,,0,2,1,2,A01
202100052764,2,7,,0,2,4,1,B01
202100052765,1,7,,0,1,1,1,A01
202100052766,1,0,,0,1,0,2,Z01
202100052767,1,7,,0,1,5,4,A01
202100052768,2,7,,1,0,1,14,A01
202100052769,0,7,,0,2,1,1,B01
202100052769,0,7,,0,2,5,19,A01
202100052770,1,7,,0,2,1,13,A01
202100052770,1,7,,0,2,1,1,B01
202100052771,1,32,,0,2,7,1,A01
202100052771,1,80,,0,2,6,1,B01
202100052772,1,7,,0,1,1,1,A01
202100052773,3,7,,13,0,1,14,A01
202100052774,1,10,,1,2,8,0,D01
202100052774,1,7,,0,2,3,13,B01
202100052774,2,3,,0,2,3,13,A01
202100052774,1,7,,1,2,8,0,C01
202100052775,2,10,,0,1,2,16,A01
202100052776,2,7,,0,1,3,1,A01
202100052777,1,1,,0,2,2,1,B01
202100052777,1,7,,0,2,1,1,A01
202100052778,1,7,,0,2,3,15,A01
202100052778,2,33,,0,2,8,1,B01
202100052779,2,7,,0,2,1,9,Z01
202100052779,1,1,,0,2,2,9,B01
202100052780,1,7,,14,0,1,6,A01
202100052780,2,7,,0,2,1,1,B01
202100052781,2,7,,0,0,2,19,A01
202100052781,2,32,,0,9,1,19,B01
202100052782,3,7,,0,1,3,1,A01
202100052783,2,10,,0,0,0,1,A01
202100052783,2,7,,0,0,1,13,B01
202100052784,1,7,,0,2,4,2,B01
202100052784,2,7,,0,2,1,2,A01
202100052785,1,7,,0,2,4,2,A01
202100052785,1,7,,0,2,1,1,C01
202100052785,1,7,,0,2,4,2,B01
202100052786,3,2,,0,2,1,1,B01
202100052786,3,7,,0,2,2,1,A01
202100052787,2,7,,0,2,1,9,A01
202100052787,2,7,,0,2,3,1,C01
202100052787,1,7,,0,2,2,1,B01
202100052788,3,10,,0,0,0,0,B01
202100052788,3,31,,0,2,1,5,A01
202100052789,2,7,,0,2,2,15,B01
202100052789,2,30,,0,2,1,1,A01
202100052790,1,32,,0,1,1,1,A01
202100052791,1,43,,0,2,1,1,A01
202100052791,1,10,,0,2,4,1,B01
202100052792,3,2,,0,0,0,1,A01
202100052793,1,7,,16,0,1,19,A01
202100052794,1,7,,0,2,1,0,C01
202100052794,1,7,,0,2,1,0,B01
202100052794,1,7,,0,2,6,0,A01
202100052795,1,7,,0,2,3,16,A01
202100052795,2,2,,0,2,1,1,B01
202100052796,1,7,,0,1,1,1,A01
202100052797,1,2,,14,0,9,2,A01
202100052798,1,30,,0,2,1,19,A01
202100052798,1,7,,0,2,6,1,B01
202100052799,3,7,,0,9,8,1,B01
202100052799,3,1,,0,2,3,19,A01
202100052800,2,7,,0,2,1,11,A01
202100052800,2,10,,0,2,2,23,B01
202100052800,2,7,,0,2,4,23,C01
202100052800,2,7,,0,2,4,23,D01
202100052801,3,33,,0,2,8,1,A01
202100052801,3,7,,0,2,5,1,Z01
202100052802,1,32,,0,2,1,1,B01
202100052802,2,7,,0,2,5,15,A01
202100052803,1,7,,0,1,8,1,A01
202100052804,3,30,,0,2,7,15,B01
202100052804,2,7,,0,2,2,1,A01
202100052805,2,33,,0,2,3,2,A01
202100052805,3,1,,0,2,3,15,B01
202100052806,1,1,,0,2,8,15,B01
202100052806,1,1,,0,2,7,17,A01
202100052807,2,30,,0,2,3,17,A01
202100052807,2,7,,0,2,2,16,B01
202100052808,2,10,,0,1,1,1,A01
202100052809,1,7,,1,2,2,1,A01
202100052810,3,7,,14,1,1,1,A01
202100052811,3,1,,0,2,2,1,B01
202100052811,3,7,,0,0,3,9,A01
202100052812,1,7,,0,2,2,9,B01
202100052812,1,2,,0,2,3,1,A01
202100052813,2,32,,0,2,1,1,A01
202100052813,1,7,,0,2,2,15,B01
202100052814,2,99,,0,2,1,3,B01
202100052814,1,7,,0,9,3,1,A01
202100052815,2,7,,0,2,4,23,B01
202100052815,2,30,,0,2,2,2,A01
202100052816,1,30,,14,0,1,14,A01
202100052817,1,1,,0,1,1,1,A01
202100052818,3,2,,0,2,8,1,B01
202100052818,3,7,,0,2,1,15,A01
202100052819,0,7,,0,1,1,1,A01
202100052820,1,7,,0,0,1,1,B01
202100052820,2,7,,0,0,7,13,A01
202100052821,1,7,,2,0,2,1,A01
202100052822,1,10,,4,0,7,1,A01
202100052823,2,7,,0,2,1,1,A01
202100052823,1,14,,0,2,3,1,B01
202100052824,1,20,,6,0,1,1,A01
202100052825,2,15,,0,2,1,1,B01
202100052825,1,7,,0,2,2,19,A01
202100052826,1,10,,0,2,1,1,C01
202100052826,2,7,,0,2,7,21,B01
202100052827,1,7,,13,0,1,1,A01
202100052828,2,21,,17,0,2,14,A01
202100052829,3,2,,0,2,1,13,A01
202100052829,3,7,,0,2,1,1,B01
202100052830,1,7,,2,0,7,1,A01
202100052831,1,14,,0,0,7,2,A01
202100052832,2,37,3.0,0,2,3,23,B01
202100052832,1,17,,0,2,3,1,A01
202100052833,1,7,,0,2,5,15,B01
202100052833,2,2,,0,2,8,1,A01
202100052834,2,7,,0,2,7,1,D01
202100052834,2,7,,0,2,1,2,C01
202100052834,2,7,,0,2,1,2,B01
202100052834,2,15,,3,0,0,1,A01
202100052835,1,7,,0,2,1,1,A01
202100052835,1,7,,0,2,8,11,B01
202100052836,2,21,,14,1,5,4,A01
202100052836,1,17,,0,1,1,23,B01
202100052837,2,15,,3,2,1,6,A01
202100052837,1,10,,0,2,8,1,B01
202100052838,1,10,,3,2,1,14,A01
202100052839,1,7,,0,2,3,1,B01
202100052839,2,7,,0,2,1,13,A01
202100052840,2,7,,0,2,3,13,A01
202100052840,1,7,,0,2,3,0,B01
202100052841,0,2,,2,0,3,2,A01
202100052842,2,1,,0,2,8,1,B01
202100052842,3,7,,0,2,8,15,A01
202100052843,1,7,,0,0,4,2,A01
202100052843,1,7,,0,2,4,2,B01
202100052843,1,7,,0,2,1,2,D01
202100052843,1,7,,0,2,4,2,C01
202100052844,2,7,,13,0,1,1,A01
202100052845,1,14,,0,2,3,15,B01
202100052845,1,7,,2,2,7,17,A01
202100052846,2,7,,0,0,7,2,E01
202100052846,2,7,,0,0,7,2,D01
202100052846,2,7,,0,0,6,2,C01
202100052846,2,15,,0,2,6,1,B01
202100052846,2,7,,0,2,9,3,A01
202100052847,1,34,,0,0,8,1,A01
202100052848,2,17,,0,2,2,2,A01
202100052848,2,7,,0,2,4,23,B01
202100052849,1,15,,0,2,2,14,A01
202100052849,1,7,,0,2,1,2,B01
202100052849,1,34,,0,2,1,2,C01
202100052850,2,10,,0,2,5,1,A01
202100052850,2,7,,0,2,3,0,B01
202100052851,1,7,,0,2,0,0,Z01
202100052851,1,31,,0,2,3,1,A01
202100052852,2,43,,0,2,1,3,A01
202100052852,2,7,,0,2,4,1,B01
202100052853,1,33,,12,0,1,1,A01
202100052854,2,7,,0,2,4,2,B01
202100052854,2,7,,3,2,1,1,A01
202100052855,1,31,,0,0,8,1,A01
202100052856,0,13,,0,2,6,2,B01
202100052856,1,7,,3,2,3,2,A01
202100052857,1,2,,0,0,0,26,A01
202100052858,2,7,,0,2,1,15,A01
202100052858,1,2,,0,2,1,1,B01
202100052859,2,7,,0,2,1,1,B01
202100052859,2,7,,0,2,4,1,A01
202100052860,1,7,,0,2,1,10,A01
202100052860,1,33,,0,2,8,1,B01
202100052861,2,15,,0,2,1,2,A01
202100052861,2,7,,0,9,4,2,B01
202100052862,2,7,,0,1,1,1,A01
202100052863,1,2,,0,2,1,1,B01
202100052863,2,7,,0,2,1,15,A01
202100052864,2,7,,0,2,3,16,A01
202100052864,1,1,,0,2,1,15,B01
202100052865,2,7,,0,2,4,23,B01
202100052865,2,10,,0,2,1,2,A01
202100052866,2,7,,4,2,2,19,A01
202100052866,1,7,,0,2,1,1,B01
202100052867,0,7,,8,0,2,0,A01
202100052868,1,1,,0,2,1,1,B01
202100052868,2,10,,0,2,1,15,A01
202100052869,2,10,,0,2,1,2,A01
202100052869,2,7,,0,2,5,1,B01
202100052870,1,7,,0,2,1,1,A01
202100052870,1,7,,0,2,4,23,C01
202100052870,1,7,,0,2,4,23,B01
202100052871,1,7,,0,2,1,1,B01
202100052871,2,7,,0,2,1,1,A01
202100052872,1,30,,0,0,0,0,A01
202100052873,1,7,,0,2,1,1,A01
202100052873,3,7,,0,2,6,1,B01
202100052874,1,7,,2,0,2,13,A01
202100052875,1,7,,0,0,0,14,A01
202100052876,0,7,,0,1,7,1,A01
202100052877,1,7,,0,2,1,19,A01
202100052877,1,1,,0,2,8,1,B01
202100052878,3,7,,0,1,1,1,A01
202100052879,3,7,,0,1,1,15,A01
202100052880,1,10,,0,1,7,1,A01
202100052881,1,7,,0,2,4,2,A01
202100052881,1,7,,0,2,1,2,B01
202100052882,1,30,,14,0,1,1,A01
202100052883,1,1,,0,2,7,1,B01
202100052884,1,7,,0,2,1,1,A01
202100052884,3,7,,0,2,4,23,B01
202100052885,3,30,,0,0,8,15,A01
202100052886,1,7,,15,0,1,1,A01
202100052887,3,7,,0,2,3,1,B01
202100052887,3,7,,0,2,1,15,A01
202100052888,2,7,,0,1,7,1,A01
202100052889,1,10,,0,2,1,2,C01
202100052889,1,7,,0,0,4,2,A01
202100052889,1,7,,0,2,1,2,B01
202100052890,2,7,,0,2,8,15,A01
202100052890,2,33,,0,2,1,17,B01
202100052891,2,7,,0,2,2,15,A01
202100052891,1,31,,0,2,2,17,B01
202100052892,1,7,,0,1,1,21,A01
202100052893,0,1,,0,2,4,1,B01
202100052893,0,7,,0,2,1,1,Z01
202100052894,2,7,,0,0,2,14,A01
202100052895,1,7,,0,1,1,1,A01
202100052896,1,30,,0,2,4,1,B01
202100052896,1,30,,0,2,1,1,A01
202100052897,0,7,,0,2,1,1,A01
202100052897,3,7,,0,2,8,1,B01
202100052898,3,7,,0,2,2,15,A01
202100052898,3,7,,0,2,3,1,B01
202100052899,1,33,,0,2,7,1,B01
202100052899,1,7,,0,2,6,26,A01
202100052900,1,10,,0,2,3,1,A01
202100052900,0,7,,0,2,0,0,C01
202100052900,1,10,,0,2,3,0,B01
202100052901,2,32,,14,0,3,26,A01
202100052902,2,43,,0,1,1,1,A01
202100052903,3,7,,0,2,2,2,B01
202100052903,3,7,,0,2,6,15,A01
202100052904,2,7,,8,0,2,1,A01
202100052905,2,7,,0,2,1,2,A01
202100052905,2,7,,4,2,4,2,B01
202100052906,2,30,,0,2,2,11,A01
202100052906,2,7,,0,2,2,21,B01
202100052906,2,33,,9,2,3,7,C01
202100052907,1,7,,0,2,1,1,B01
202100052907,2,7,,0,2,3,1,A01
202100052908,1,7,,0,1,2,1,A01
202100052909,1,7,,0,2,2,15,A01
202100052909,2,50,,0,2,1,1,B01
202100052910,3,7,,11,0,1,13,A01
202100052911,1,33,,0,2,1,1,B01
202100052911,2,7,,0,2,1,15,A01
202100052912,1,7,,1,0,1,15,A01
202100052913,2,32,,0,2,0,1,A01
202100052914,2,7,,0,2,8,15,B01
202100052914,3,33,,0,2,7,17,A01
202100052915,2,7,,0,2,3,22,A01
202100052915,2,1,,0,2,1,1,B01
202100052916,2,50,,8,0,1,14,A01
202100052917,1,34,,0,1,1,1,A01
202100052918,0,7,,0,2,1,19,A01
202100052918,1,33,,0,2,0,0,B01
202100052919,1,7,,0,0,0,16,A01
202100052919,3,2,,0,0,0,21,B01
202100052920,1,7,,0,2,3,9,A01
202100052920,1,2,,0,2,1,9,B01
202100052921,1,30,,0,2,1,15,A01
202100052921,1,30,,0,2,8,1,B01
202100052922,0,10,,0,1,1,26,A01
202100052923,2,20,,0,2,3,26,A01
202100052923,1,7,,0,2,3,26,B01
202100052924,-1,7,,0,1,0,-1,A01
202100052925,1,33,,0,2,2,17,B01
202100052925,1,13,,0,2,3,2,A01
202100052926,2,7,,0,2,5,1,B01
202100052926,2,2,,0,2,3,11,A01
202100052927,2,7,,0,2,3,1,B01
202100052927,1,7,,0,2,1,1,A01
202100052928,2,7,,0,9,3,1,B01
202100052928,1,1,,0,2,1,15,A01
202100052929,1,10,,0,2,3,1,B01
202100052929,2,10,,0,2,3,13,A01
202100052930,1,7,,0,0,0,1,A01
202100052931,1,10,,0,1,7,1,A01
202100052932,1,7,,0,0,4,2,B01
202100052932,1,7,,0,2,1,2,A01
202100052933,2,7,,0,0,4,1,A01
202100052933,2,7,,0,2,1,1,B01
202100052933,2,7,,0,2,1,1,C01
202100052934,1,34,,0,2,1,17,A01
202100052934,2,7,,0,2,3,9,B01
202100052935,0,33,,0,2,7,0,B01
202100052935,0,7,,0,2,1,0,A01
202100052936,1,7,,15,0,3,0,A01
202100052937,1,7,,0,1,3,0,A01
202100052938,1,33,,3,0,2,1,A01
202100052939,1,17,,0,1,2,1,A01
202100052940,2,7,,0,2,3,1,A01
202100052940,2,7,,0,2,3,1,B01
202100052940,2,99,,0,2,1,1,C01
202100052941,0,7,,0,1,0,1,A01
202100052942,1,15,,3,0,7,14,A01
202100052943,0,7,,4,0,3,26,A01
202100052944,2,15,,0,2,4,2,B01
202100052944,2,15,,0,2,1,2,A01
202100052945,2,38,2.0,0,2,2,19,A01
202100052945,2,10,,0,2,5,21,B01
202100052946,2,7,,0,2,2,0,B01
202100052946,2,7,,0,2,3,0,A01
202100052947,2,7,,0,2,1,2,D01
202100052947,2,7,,0,2,1,2,B01
202100052947,2,7,,0,0,4,1,A01
202100052947,2,10,,0,2,4,2,C01
202100052948,1,17,,0,2,2,2,A01
202100052948,1,7,,0,0,4,2,B01
202100052949,2,7,,0,2,2,1,A01
202100052949,2,1,,0,2,6,1,B01
202100052950,1,2,,0,2,1,13,A01
202100052950,2,38,1.0,0,2,3,1,B01
202100052951,1,7,,13,0,7,1,A01
202100052952,1,1,,0,0,4,2,B01
202100052952,1,1,,0,9,1,2,A01
202100052953,2,7,,0,0,2,1,A01
202100052954,1,7,,0,2,2,1,B01
202100052954,2,10,,0,0,2,1,A01
202100052955,3,7,,6,0,1,1,A01
202100052956,3,10,,0,1,3,1,A01
202100052957,1,7,,0,2,9,1,B01
202100052957,2,17,,0,2,1,0,A01
202100052958,1,7,,2,0,1,1,A01
202100052959,1,7,,0,2,1,1,A01
202100052959,1,7,,7,2,6,15,B01
202100052960,2,14,,0,0,6,1,B01
202100052960,2,10,,0,2,2,17,A01
202100052961,2,7,,0,2,3,18,Z01
202100052961,2,7,,0,2,5,1,B01
202100052962,2,7,,0,2,1,2,A01
202100052962,2,7,,0,2,4,2,B01
202100052963,2,17,,0,2,2,12,A01
202100052963,2,7,,0,2,4,1,B01
202100052964,1,7,,0,0,9,1,A01
202100052965,1,30,,0,2,8,1,B01
202100052965,2,7,,0,2,3,13,Z01
202100052966,1,1,,0,2,8,19,A01
202100052966,1,7,,0,2,1,2,C01
202100052966,2,7,,0,0,0,0,B01
202100052967,2,2,,0,2,4,15,A01