Num_Acc,senc,catv,occutc,obs,obsm,choc,manv,num_veh
202100052968,1,7,,0,2,6,2,A01
202100052968,1,10,,0,2,1,2,B01
202100052969,3,7,,0,2,5,15,B01
202100052969,3,1,,0,2,1,1,A01
202100052970,3,3,,0,2,0,0,A01
202100052970,3,7,,8,2,8,1,B01
202100052971,2,7,,6,1,1,26,A01
202100052971,2,7,,0,2,7,15,B01
202100052972,2,7,,0,2,4,23,A01
202100052972,2,10,,0,2,1,1,B01
202100052973,1,37,1.0,0,1,1,1,A01
202100052974,1,7,,0,2,1,1,A01
202100052974,2,7,,0,2,8,1,B01
202100052975,1,30,,0,2,1,1,A01
202100052975,2,7,,0,2,1,15,B01
202100052976,1,7,,0,1,2,26,A01
202100052977,1,7,,0,1,1,1,A01
202100052978,1,7,,0,2,2,17,A01
202100052978,1,7,,0,2,3,15,B01
202100052979,1,30,,0,1,1,14,A01
202100052980,3,7,,0,1,1,1,A01
202100052981,1,10,,0,2,7,1,B01
202100052981,1,7,,0,2,3,15,A01
202100052982,2,7,,0,2,0,0,D01
202100052982,2,7,,0,2,0,1,C01
202100052982,2,7,,0,2,4,1,B01
202100052982,2,7,,0,2,9,26,A01
202100052983,2,34,,0,2,1,1,B01
202100052983,2,7,,0,2,6,26,A01
202100052984,1,7,,0,1,5,1,Z01
202100052985,1,7,,0,1,1,1,A01
202100052986,2,2,,0,2,3,1,A01
202100052986,2,7,,0,2,5,23,B01
202100052987,1,7,,0,2,1,2,A01
202100052987,1,99,,0,2,4,23,B01
202100052988,2,30,,0,2,8,1,B01
202100052988,1,30,,0,2,1,1,A01
202100052989,2,50,,0,1,8,1,Z01
202100052990,1,1,,0,2,4,1,A01
202100052991,1,30,,0,1,3,17,A01
202100052992,1,10,,0,1,2,16,A01
202100052993,1,10,,0,2,0,26,Z01
202100052993,2,2,,0,2,6,0,B01
202100052994,1,32,,0,2,0,15,B01
202100052994,1,37,1.0,0,2,8,15,A01
202100052995,-1,7,,16,2,6,9,A01
202100052995,-1,7,,0,2,1,1,B01
202100052996,1,7,,0,2,0,0,A01
202100052996,1,7,,0,2,1,26,B01
202100052997,1,30,,0,2,1,5,B01
202100052997,1,7,,0,2,3,10,A01
202100052998,1,7,,0,0,3,1,B01
202100052998,2,7,,0,0,3,1,A01
202100052999,0,7,,0,1,1,1,A01
202100053000,1,7,,13,0,2,14,A01
202100053001,2,7,,0,2,1,0,B01
202100053001,3,7,,0,2,8,0,A01
202100053002,1,7,,0,2,1,13,A01
202100053002,1,7,,0,0,8,1,B01
202100053002,1,7,,0,0,3,1,C01
202100053002,1,7,,14,0,1,1,D01
202100053003,3,7,,0,1,6,4,A01
202100053004,2,7,,13,0,9,1,A01
202100053005,1,7,,0,2,1,1,B01
202100053005,2,7,,0,2,2,26,A01
202100053006,1,33,,15,0,7,1,A01
202100053007,1,7,,0,2,1,2,B01
202100053007,1,7,,0,2,6,1,A01
202100053008,2,7,,0,2,1,13,A01
202100053008,1,7,,0,2,1,1,B01
202100053009,1,7,,6,0,0,1,A01
202100053010,1,7,,0,2,1,1,B01
202100053010,1,7,,0,2,8,19,A01
202100053011,2,31,,0,0,0,21,A01
202100053012,2,7,,4,0,8,9,A01
202100053013,0,7,,0,2,1,1,B01
202100053013,0,7,,0,2,1,17,A01
202100053014,2,7,,7,0,1,14,A01
202100053015,1,7,,6,0,3,1,A01
202100053016,3,7,,0,2,3,1,B01
202100053016,3,7,,0,2,3,1,A01
202100053017,2,10,,0,2,1,2,A01
202100053017,2,7,,0,2,4,2,B01
202100053017,2,7,,0,2,4,2,C01
202100053018,2,7,,0,2,2,1,B01
202100053018,2,2,,0,2,3,2,A01
202100053019,1,7,,6,0,4,0,A01
202100053020,1,2,,8,0,2,9,A01
202100053021,2,7,,13,0,2,0,A01
202100053022,2,7,,8,0,1,1,A01
202100053023,0,7,,13,0,1,15,A01
202100053024,1,2,,0,2,1,1,B01
202100053024,0,7,,0,2,7,19,A01
202100053025,1,7,,0,2,1,1,B01
202100053025,2,7,,0,2,3,26,A01
202100053026,1,7,,0,2,4,1,A01
202100053026,1,7,,0,2,1,2,B01
202100053027,2,7,,0,2,3,12,B01
202100053027,1,7,,0,2,4,1,A01
202100053028,2,7,,0,2,4,2,A01
202100053028,2,7,,0,2,1,2,B01
202100053029,2,7,,16,0,9,13,A01
202100053030,2,7,,0,2,2,2,Z01
202100053030,2,7,,4,2,6,1,A01
202100053031,2,7,,4,0,1,18,A01
202100053032,2,7,,0,2,3,1,B01
202100053032,2,7,,0,2,9,21,C01
202100053032,2,7,,0,2,6,1,D01
202100053032,1,7,,0,2,3,5,A01
202100053033,1,7,,0,2,1,2,A01
202100053033,1,7,,0,2,4,2,B01
202100053034,2,7,,4,0,1,14,A01
202100053035,1,7,,0,2,4,2,B01
202100053035,2,7,,0,2,1,1,A01
202100053036,1,7,,3,0,1,1,A01
202100053037,1,7,,0,0,5,1,B01
202100053037,1,33,,0,0,0,0,A01
202100053038,1,7,,0,2,4,1,B01
202100053038,1,7,,0,2,9,1,A01
202100053039,1,33,,0,0,9,1,A01
202100053040,1,7,,0,2,3,13,A01
202100053040,1,7,,0,2,2,1,B01
202100053041,1,1,,0,2,4,1,B01
202100053041,1,7,,0,2,2,1,A01
202100053042,2,33,,0,2,1,3,A01
202100053042,2,7,,0,2,3,9,B01
202100053043,1,7,,0,2,5,23,B01
202100053043,1,1,,0,2,1,1,A01
202100053044,2,7,,0,2,5,1,B01
202100053044,2,7,,0,2,1,1,A01
202100053045,2,10,,0,2,3,1,A01
202100053045,3,33,,0,2,0,16,B01
202100053046,2,7,,0,2,1,15,B01
202100053046,1,2,,0,2,1,26,A01
202100053047,1,7,,0,2,1,2,A01
202100053047,1,7,,0,0,4,2,B01
202100053048,1,33,,12,0,3,1,A01
202100053049,1,7,,1,0,1,1,A01
202100053050,3,7,,8,0,1,15,A01
202100053051,2,10,,0,1,6,26,Z01
202100053052,3,50,,0,2,1,25,B01
202100053052,3,7,,0,2,1,16,A01
202100053053,2,2,,0,2,1,1,A01
202100053053,2,7,,0,0,4,2,B01
202100053054,3,80,,0,2,1,1,A01
202100053054,3,7,,0,2,3,1,B01
202100053055,2,1,,0,2,4,1,B01
202100053055,1,10,,0,2,1,9,A01
202100053056,1,7,,0,2,6,15,B01
202100053056,1,33,,0,2,1,17,A01
202100053057,2,30,,0,2,4,1,B01
202100053057,2,7,,14,0,1,9,A01
202100053058,2,7,,13,0,1,13,A01
202100053059,1,7,,13,0,1,14,A01
202100053060,3,2,,14,0,1,1,A01
202100053061,3,7,,0,2,8,1,B01
202100053061,3,7,,0,2,3,1,A01
202100053062,2,30,,0,2,1,9,A01
202100053062,2,7,,0,2,2,1,B01
202100053063,2,7,,0,2,9,1,C01
202100053063,1,7,,0,2,3,15,A01
202100053063,2,7,,0,2,7,1,D01
202100053063,2,7,,0,2,1,1,B01
202100053064,3,1,,0,2,1,2,B01
202100053064,3,14,,0,2,0,1,A01
202100053065,2,7,,7,0,7,1,A01
202100053066,0,7,,0,1,2,1,A01
202100053067,1,7,,0,2,1,0,C01
202100053067,1,7,,0,2,3,0,B01
202100053067,2,7,,0,2,1,19,A01
202100053068,1,7,,0,1,3,1,A01
202100053069,1,7,,0,1,1,19,A01
202100053070,1,7,,9,2,7,2,B01
202100053070,1,7,,9,2,1,13,A01
202100053071,1,7,,8,0,1,1,A01
202100053072,3,7,,0,2,3,10,A01
202100053072,3,2,,0,2,1,2,B01
202100053073,1,2,,0,2,8,2,B01
202100053073,1,7,,0,2,7,12,A01
202100053074,1,32,,0,0,3,11,A01
202100053075,2,32,,0,2,1,1,A01
202100053076,2,13,,0,2,2,12,A01
202100053076,2,7,,0,2,3,1,B01
202100053077,1,7,,1,0,2,14,A01
202100053078,1,7,,0,2,1,1,B01
202100053078,2,30,,0,2,1,15,A01
202100053079,1,7,,0,1,7,16,A01
202100053080,1,31,,0,2,0,1,A01
202100053080,1,7,,0,2,0,9,Z01
202100053081,1,30,,0,1,3,1,A01
202100053082,2,1,,0,1,0,1,A01
202100053083,3,32,,12,0,1,13,A01
202100053084,2,7,,0,2,7,13,A01
202100053084,2,33,,0,2,7,17,B01
202100053085,1,30,,0,2,3,1,B01
202100053085,1,7,,0,2,3,15,A01
202100053086,1,7,,0,1,1,1,A01
202100053087,3,2,,0,0,0,0,B01
202100053087,1,7,,0,2,1,2,A01
202100053088,3,7,,0,2,8,15,B01
202100053088,1,7,,0,2,1,1,A01
202100053089,1,7,,0,1,3,18,A01
202100053090,2,1,,12,0,1,1,A01
202100053091,1,7,,8,0,1,18,A01
202100053092,1,7,,3,0,1,1,A01
202100053093,1,7,,1,0,9,23,B01
202100053093,1,7,,1,0,1,16,C01
202100053093,1,7,,0,2,6,23,A01
202100053094,2,7,,1,1,4,4,A01
202100053095,2,32,,14,0,3,13,A01
202100053096,1,32,,0,0,1,26,A01
202100053097,0,7,,0,2,5,16,A01
202100053097,0,7,,0,2,0,9,Y01
202100053098,0,7,,0,1,7,1,A01
202100053099,2,30,,0,2,1,14,B01
202100053099,1,7,,1,2,3,17,A01
202100053100,1,7,,0,2,6,15,B01
202100053100,1,31,,0,2,1,1,A01
202100053101,1,2,,0,2,8,15,B01
202100053101,1,7,,0,2,7,15,A01
202100053102,1,7,,0,1,1,1,A01
202100053103,2,33,,3,0,0,1,A01
202100053104,1,7,,0,2,1,1,B01
202100053104,2,7,,0,2,1,13,A01
202100053105,2,7,,0,2,3,1,B01
202100053105,1,7,,0,2,2,5,A01
202100053106,1,7,,0,1,2,1,A01
202100053106,1,15,,0,1,2,1,B01
202100053107,3,31,,8,0,1,1,A01
202100053108,1,33,,0,2,1,13,A01
202100053108,1,7,,0,2,6,1,B01
202100053108,1,7,,0,2,8,1,C01
202100053109,1,7,,13,0,2,13,A01
202100053110,3,7,,0,2,1,15,B01
202100053110,0,7,,0,2,6,19,A01
202100053111,1,7,,0,2,1,1,A01
202100053111,2,10,,0,2,1,1,B01
202100053112,2,7,,13,0,1,1,A01
202100053113,2,10,,8,0,0,0,A01
202100053114,2,7,,0,2,8,15,B01
202100053114,2,7,,0,2,1,17,A01
202100053115,1,7,,2,0,2,1,A01
202100053116,2,7,,0,2,3,13,A01
202100053116,1,7,,0,2,3,1,B01
202100053116,1,7,,0,2,7,1,C01
202100053117,3,7,,13,0,3,13,A01
202100053118,3,2,,14,9,1,1,A01
202100053119,2,7,,0,0,1,1,A01
202100053120,1,2,,0,2,1,5,B01
202100053120,2,7,,0,2,2,1,A01
202100053121,2,7,,0,0,8,1,A01
202100053121,2,34,,0,2,7,17,B01
202100053122,1,7,,3,0,8,1,A01
202100053123,0,33,,0,0,0,0,A01
202100053124,1,32,,0,2,7,17,A01
202100053124,1,1,,0,2,8,1,B01
202100053125,0,7,,2,0,1,0,A01
202100053126,1,7,,6,0,2,14,A01
202100053127,2,7,,0,9,1,19,A01
202100053127,1,1,,0,2,7,19,B01
202100053128,3,10,,0,1,4,4,A01
202100053129,1,7,,13,0,2,14,A01
202100053130,2,10,,1,0,6,1,A01
202100053131,1,7,,2,0,1,21,A01
202100053132,1,33,,0,0,8,16,A01
202100053133,1,2,,0,0,0,0,A01
202100053134,1,7,,16,2,8,1,A01
202100053134,2,7,,0,2,8,17,B01
202100053135,0,7,,0,0,1,1,B01
202100053135,0,7,,0,0,1,15,A01
202100053136,2,7,,6,0,1,6,A01
202100053137,1,36,,6,0,2,0,A01
202100053138,1,7,,6,0,1,0,A01
202100053139,2,7,,3,2,4,2,A01
202100053139,2,7,,3,2,4,2,B01
202100053139,2,7,,3,2,1,2,C01
202100053140,2,7,,0,2,2,1,A01
202100053140,2,7,,0,2,6,1,B01
202100053141,2,7,,0,2,4,2,B01
202100053141,2,7,,0,2,1,2,A01
202100053141,2,7,,0,2,4,0,C01
202100053142,1,7,,2,0,2,1,A01
202100053143,2,33,,0,0,8,26,A01
202100053144,1,7,,0,0,0,1,A01
202100053145,1,33,,0,2,2,3,A01
202100053145,1,7,,0,2,3,11,B01
202100053146,1,7,,0,2,1,21,A01
202100053146,1,7,,0,2,5,2,B01
202100053146,1,7,,0,2,4,0,C01
202100053147,1,7,,0,0,9,1,A01
202100053148,2,7,,0,2,1,1,A01
202100053148,2,10,,0,2,2,1,C01
202100053148,2,10,,0,2,4,1,B01
202100053149,1,7,,0,2,6,23,B01
202100053149,1,10,,0,2,2,21,A01
202100053149,1,7,,0,2,4,0,C01
202100053150,1,10,,0,2,6,23,B01
202100053150,1,33,,1,0,1,2,A01
202100053151,1,7,,0,2,1,2,A01
202100053151,1,7,,0,2,1,2,B01
202100053151,1,7,,0,2,4,23,C01
202100053152,0,10,,0,0,0,0,B01
202100053152,1,33,,2,2,1,17,A01
202100053153,1,7,,1,1,3,13,A01
202100053154,3,7,,0,2,4,1,C01
202100053154,3,7,,0,2,4,1,B01
202100053154,3,14,,0,2,1,1,A01
202100053155,2,7,,0,2,8,15,B01
202100053155,2,33,,0,2,7,17,A01
202100053156,1,7,,0,2,8,16,A01
202100053156,1,7,,0,2,2,1,B01
202100053157,1,7,,0,1,8,2,A01
202100053158,2,7,,0,2,6,2,C01
202100053158,2,7,,0,2,4,2,B01
202100053158,2,10,,0,2,1,2,A01
202100053159,2,7,,0,2,8,1,B01
202100053159,2,32,,0,2,1,1,A01
202100053160,3,7,,0,2,3,2,A01
202100053160,3,7,,0,2,5,1,B01
202100053161,2,7,,0,0,0,14,A01
202100053161,2,1,,0,0,0,21,B01
202100053162,2,30,,0,2,1,1,A01
202100053162,2,7,,0,2,8,15,B01
202100053163,2,32,,0,2,3,0,B01
202100053163,2,7,,1,2,3,15,A01
202100053164,1,50,,0,2,2,15,A01
202100053164,2,32,,0,2,1,1,B01
202100053165,2,7,,0,2,1,1,B01
202100053165,2,7,,0,2,7,19,A01
202100053166,2,7,,0,2,2,15,A01
202100053166,1,7,,0,2,1,1,B01
202100053167,2,37,0.0,0,9,7,1,A01
202100053167,2,2,,0,2,8,26,B01
202100053168,1,7,,0,2,1,1,B01
202100053168,2,7,,0,2,1,24,C01
202100053168,1,7,,0,2,1,15,A01
202100053169,1,30,,0,0,7,9,A01
202100053170,2,7,,4,0,9,13,A01
202100053171,3,7,,0,2,3,1,B01
202100053171,3,7,,0,2,2,1,A01
202100053172,2,32,,0,2,1,1,B01
202100053172,1,10,,0,2,7,15,A01
202100053173,1,7,,0,2,5,1,A01
202100053173,2,7,,0,2,1,1,B01
202100053174,1,7,,0,1,2,16,A01
202100053175,0,7,,0,2,1,15,A01
202100053175,0,1,,0,2,1,1,B01
202100053176,3,7,,0,1,7,11,A01
202100053177,2,2,,0,2,3,12,A01
202100053177,2,7,,0,2,5,1,B01
202100053178,1,7,,0,2,0,1,A01
202100053178,2,1,,0,2,4,15,B01
202100053179,1,32,,0,0,0,16,A01
202100053180,0,7,,0,2,1,1,A01
202100053181,0,7,,0,2,1,13,A01
202100053181,0,7,,0,2,8,1,B01
202100053181,0,7,,0,2,1,1,C01
202100053182,1,7,,0,1,1,1,A01
202100053183,1,7,,0,2,3,7,A01
202100053183,1,37,5.0,0,2,2,1,B01
202100053184,1,7,,0,2,4,2,B01
202100053184,1,7,,0,2,1,2,A01
202100053185,3,7,,0,2,2,15,A01
202100053185,3,7,,0,2,2,1,B01
202100053186,1,7,,0,9,1,1,B01
202100053186,2,1,,0,2,7,19,A01
202100053187,1,7,,13,0,1,14,A01
202100053188,1,40,,0,1,6,1,A01
202100053189,2,7,,1,2,5,1,B01
202100053189,1,7,,0,2,2,9,A01
202100053190,1,7,,0,1,1,1,Z01
202100053191,0,50,,0,2,1,5,B01
202100053191,1,7,,0,9,3,16,A01
202100053192,2,7,,0,2,2,1,B01
202100053192,2,7,,0,2,3,15,A01
202100053193,1,7,,14,0,1,9,A01
202100053193,1,2,,0,2,0,9,B01
202100053194,3,10,,0,1,1,15,A01
202100053195,1,10,,0,2,2,17,B01
202100053195,1,10,,0,2,8,15,A01
202100053196,2,7,,0,9,3,0,A01
202100053196,1,50,,0,2,7,19,B01
202100053197,2,7,,0,2,6,11,B01
202100053197,2,32,,0,2,2,2,A01
202100053198,1,7,,0,2,1,2,A01
202100053198,1,7,,0,2,4,1,B01
202100053199,3,3,,0,1,3,0,A01
202100053200,2,7,,2,0,1,1,A01
202100053201,2,7,,0,1,3,15,A01
202100053202,3,7,,5,0,5,1,A01
202100053203,1,2,,15,0,1,1,B01
202100053203,1,7,,0,2,2,15,A01
202100053204,1,1,,0,2,7,1,B01
202100053204,1,7,,0,2,8,15,A01
202100053205,2,7,,0,2,2,16,B01
202100053205,2,7,,0,2,3,7,A01
202100053206,3,7,,0,2,1,15,A01
202100053206,3,30,,0,2,4,15,B01
202100053207,3,7,,0,2,3,15,A01
202100053207,3,7,,0,2,3,1,B01
202100053208,1,33,,0,2,2,1,B01
202100053208,1,7,,0,2,3,9,A01
202100053209,1,7,,4,0,3,1,A01
202100053210,1,7,,0,2,7,1,B01
202100053210,1,7,,0,2,0,12,A01
202100053211,1,7,,0,1,1,1,A01
202100053212,2,10,,0,2,3,15,A01
202100053212,2,32,,0,2,1,1,B01
202100053213,2,50,,0,0,0,1,A01
202100053214,1,7,,0,1,1,1,A01
202100053215,1,31,,0,2,7,1,B01
202100053215,2,10,,0,2,6,15,A01
202100053216,3,33,,12,2,2,17,A01
202100053216,3,7,,0,2,3,15,B01
202100053217,1,2,,0,1,0,16,B01
202100053217,1,31,,0,1,0,15,A01
202100053218,3,1,,0,2,0,1,B01
202100053218,2,15,,0,2,5,16,A01
202100053219,2,7,,0,2,1,1,A01
202100053219,1,7,,0,2,1,15,B01
202100053220,3,1,,0,2,7,1,A01
202100053220,3,7,,0,2,1,1,B01
202100053221,1,7,,0,2,1,15,A01
202100053221,2,7,,0,2,3,0,B01
202100053222,1,7,,0,1,1,1,A01
202100053223,1,7,,0,2,1,12,A01
202100053223,1,37,1.0,0,2,1,16,B01
202100053224,1,33,,0,2,1,1,B01
202100053224,1,7,,0,2,3,20,A01
202100053225,1,30,,0,1,1,17,A01
202100053226,2,7,,0,2,5,19,A01
202100053226,1,2,,0,2,1,2,B01
202100053227,3,13,,0,1,5,26,A01
202100053228,1,7,,0,2,4,0,D01
202100053228,1,7,,0,2,1,26,A01
202100053228,1,20,,0,2,4,0,B01
202100053228,1,20,,0,2,4,0,C01
202100053228,1,20,,0,2,4,0,E01
202100053229,1,7,,0,2,8,15,B01
202100053229,1,30,,0,2,1,9,A01
202100053230,3,7,,0,2,1,1,A01
202100053230,3,10,,0,2,4,23,B01
202100053231,0,10,,0,2,1,1,A01
202100053231,0,7,,0,2,4,1,B01
202100053232,3,10,,0,2,1,1,A01
202100053232,3,7,,0,2,4,1,B01
202100053232,3,15,,0,2,6,1,C01
202100053233,3,7,,0,2,2,15,B01
202100053233,3,30,,0,2,7,26,A01
202100053234,2,31,,0,1,1,21,A01
202100053235,3,7,,0,2,4,1,C01
202100053235,3,7,,0,2,4,2,B01
202100053235,3,14,,0,2,1,2,A01
202100053236,1,7,,8,0,1,1,A01
202100053237,1,7,,0,2,4,2,B01
202100053237,1,10,,0,2,1,2,Z01
202100053237,1,7,,0,2,4,2,C01
202100053237,1,7,,0,2,4,2,A01
202100053238,2,7,,0,2,4,23,B01
202100053238,2,30,,0,2,1,2,A01
202100053239,1,1,,0,2,1,1,A01
202100053239,1,7,,0,2,8,1,B01
202100053240,3,7,,0,2,7,1,B01
202100053240,3,7,,1,2,1,5,A01
202100053241,1,7,,0,2,7,14,A01
202100053241,1,32,,0,2,0,1,B01
202100053242,1,7,,14,0,1,13,A01
202100053243,2,7,,0,2,7,22,B01
202100053243,2,1,,1,2,7,18,A01
202100053244,1,1,,0,2,8,1,B01
202100053244,1,32,,0,2,8,1,A01
202100053245,2,32,,0,2,7,1,B01
202100053245,2,7,,0,2,8,15,A01
202100053246,1,7,,0,1,1,1,A01
202100053247,2,10,,0,2,0,13,Z01
202100053247,2,32,,0,2,8,23,A01
202100053248,2,30,,0,0,0,1,A01
202100053249,2,34,,14,0,0,1,A01
202100053250,2,33,,0,1,1,0,A01
202100053251,1,10,,0,2,7,16,A01
202100053251,1,1,,0,2,1,1,B01
202100053252,1,7,,0,1,2,16,A01
202100053253,2,7,,0,2,2,23,C01
202100053253,2,7,,0,2,3,22,A01
202100053253,2,34,,0,2,2,3,B01
202100053254,1,50,,0,1,1,1,A01
202100053255,1,30,,0,1,0,0,Z01
202100053256,1,33,,0,2,1,21,A01
202100053256,2,37,1.0,0,2,1,1,B01
202100053256,1,33,,0,0,7,21,C01
202100053257,1,1,,0,2,1,19,A01
202100053257,3,32,,0,2,2,0,B01
202100053258,1,3,,8,0,1,1,A01
202100053259,3,7,,0,1,1,1,A01
202100053260,1,7,,12,0,3,14,A01
202100053261,3,30,,0,0,8,1,A01
202100053262,2,1,,0,2,1,25,A01
202100053262,1,7,,0,2,2,9,B01
202100053263,1,7,,0,1,3,17,A01
202100053264,1,7,,0,2,1,1,B01
202100053264,1,7,,0,2,4,1,A01
202100053265,3,7,,0,1,1,1,A01
202100053266,1,7,,0,2,2,15,A01
202100053266,1,7,,0,2,2,1,B01
202100053267,0,7,,0,1,3,16,A01
202100053268,1,2,,0,2,1,1,A01
202100053268,1,7,,0,2,3,15,B01
202100053269,-1,33,,0,1,1,26,A01
202100053270,0,7,,0,1,2,15,A01
202100053271,2,10,,0,2,5,10,A01
202100053271,1,32,,0,2,1,1,B01
202100053272,2,50,,0,2,3,15,A01
202100053272,2,30,,0,2,2,1,B01
202100053273,2,43,,0,2,2,1,B01
202100053273,2,7,,0,2,3,9,A01
202100053274,2,50,,0,2,1,1,B01
202100053274,1,7,,0,2,2,10,A01
202100053275,1,33,,0,2,1,1,B01
202100053275,1,1,,0,2,4,15,A01
202100053276,3,7,,0,1,1,0,A01
202100053277,1,1,,0,2,2,1,B01
202100053277,2,7,,0,9,3,9,A01
202100053278,0,7,,0,0,1,13,A01
202100053278,0,7,,0,0,1,1,B01
202100053279,1,7,,0,2,3,2,C01
202100053279,1,7,,0,9,5,2,B01
202100053279,1,7,,3,0,2,1,A01
202100053280,3,7,,2,0,1,1,A01
202100053281,1,7,,17,0,2,1,A01
202100053282,2,7,,0,2,1,1,B01
202100053282,1,7,,0,2,3,5,A01
202100053283,1,33,,0,0,0,1,A01
202100053284,2,7,,13,2,3,13,A01
202100053284,1,7,,13,2,3,1,B01
202100053285,0,7,,13,0,3,0,A01
202100053286,1,10,,6,0,1,0,A01
202100053287,2,7,,0,2,5,15,A01
202100053287,1,7,,0,2,1,1,B01
202100053288,3,10,,0,2,3,19,A01
202100053288,3,30,,0,2,7,1,B01
202100053289,2,7,,3,0,9,1,A01
202100053290,2,13,,0,0,6,2,C01
202100053290,2,7,,0,2,2,1,B01
202100053290,2,33,,0,2,7,11,A01
202100053291,1,7,,4,0,3,17,A01
202100053292,2,7,,0,2,3,1,B01
202100053292,1,30,,0,2,1,13,A01
202100053293,1,7,,0,2,3,15,A01
202100053293,2,33,,0,2,0,21,B01
202100053294,1,10,,0,9,7,2,A01
202100053294,1,1,,0,0,4,2,B01
202100053295,1,7,,0,1,1,26,A01
202100053296,1,7,,15,0,2,1,A01
202100053297,2,7,,0,2,2,15,B01
202100053297,1,1,,0,2,1,0,A01
202100053298,1,80,,0,0,7,1,A01
202100053298,1,7,,0,2,1,9,B01
202100053299,0,7,,0,1,2,1,A01
202100053300,1,10,,0,1,2,1,A01
202100053301,2,10,,0,2,1,1,A01
202100053301,1,2,,0,2,8,1,B01
202100053302,1,7,,4,0,7,1,A01
202100053303,2,10,,0,2,2,2,A01
202100053303,2,17,,0,2,4,2,B01
202100053304,1,10,,0,2,4,2,A01
202100053304,1,7,,0,2,1,2,C01
202100053304,1,7,,0,2,1,2,B01
202100053305,1,7,,0,2,4,2,D01
202100053305,1,7,,0,2,1,2,C01
202100053305,1,7,,0,2,1,2,B01
202100053305,1,7,,0,2,1,2,A01
202100053306,1,7,,13,0,1,1,A01
202100053307,1,7,,0,2,4,2,C01
202100053307,1,10,,0,2,4,2,B01
202100053307,1,10,,0,2,1,2,A01
202100053308,1,10,,0,2,2,1,A01
202100053308,1,33,,0,2,3,3,B01
202100053309,1,7,,0,2,0,0,C01
202100053309,1,7,,0,2,4,2,B01
202100053309,1,15,,0,2,1,2,A01
202100053310,1,14,,0,2,1,1,A01
202100053310,1,7,,0,2,4,0,B01
202100053311,2,7,,0,2,3,11,A01
202100053311,2,7,,0,2,5,2,B01
202100053311,2,7,,0,2,2,2,C01
202100053312,1,7,,0,2,3,21,A01
202100053312,1,7,,0,2,5,2,B01
202100053313,1,7,,0,2,1,1,A01
202100053313,1,10,,0,2,2,26,B01
202100053313,1,7,,0,2,8,2,C01
202100053314,2,7,,4,0,4,11,A01
202100053315,1,17,,0,2,1,2,A01
202100053315,1,7,,0,2,4,2,E01
202100053315,1,7,,0,2,4,2,C01
202100053315,1,7,,0,2,4,2,D01
202100053315,1,14,,0,2,4,2,B01
202100053316,1,7,,0,0,9,1,A01
202100053317,1,2,,0,2,1,1,B01
202100053317,1,7,,0,9,1,15,A01
202100053318,1,7,,0,9,1,15,A01
202100053318,1,2,,0,2,1,1,B01
202100053319,1,7,,0,9,1,1,A01
202100053319,1,1,,0,2,1,19,B01
202100053320,3,7,,0,1,1,1,A01
202100053321,1,7,,0,2,1,19,A01
202100053321,1,7,,0,2,7,2,B01
202100053322,0,50,,0,0,0,0,B01
202100053322,1,10,,0,2,1,11,A01
202100053323,3,7,,0,2,1,17,Z01
202100053323,3,1,,0,2,8,15,B01
202100053324,3,7,,0,2,2,15,A01
202100053324,2,32,,0,2,1,1,B01
202100053325,3,13,,0,2,7,14,A01
202100053325,3,7,,0,2,6,1,B01
202100053326,2,14,,0,1,8,1,A01
202100053327,3,1,,0,2,1,26,B01
202100053327,2,7,,0,9,3,9,A01
202100053328,2,7,,0,2,1,1,A01
202100053328,1,7,,0,2,9,1,B01
202100053329,1,33,,0,2,7,1,B01
202100053329,2,7,,0,2,2,15,A01
202100053330,2,7,,1,0,3,24,D01
202100053330,2,7,,0,2,2,1,A01
202100053330,2,7,,1,0,3,26,B01
202100053330,2,7,,1,0,8,24,C01
202100053331,0,3,,0,1,1,1,A01
202100053332,2,1,,0,2,7,1,A01
202100053332,2,7,,0,2,1,16,B01
202100053333,2,30,,0,2,3,1,A01
202100053333,1,7,,0,2,0,0,B01
202100053334,2,7,,0,1,1,1,A01
202100053335,0,1,,0,1,1,1,A01
202100053336,0,7,,0,2,3,2,A01
202100053336,0,7,,0,2,4,2,B01
202100053337,2,40,,0,2,1,1,B01
202100053337,1,7,,0,4,8,15,A01
202100053338,1,7,,0,1,5,16,A01
202100053339,1,7,,0,2,4,2,A01
202100053339,1,7,,0,2,1,2,B01
202100053339,1,7,,0,2,1,2,C01
202100053340,3,7,,13,0,2,14,A01
202100053341,3,7,,0,1,3,26,A01
202100053342,2,30,,0,2,1,26,A01
202100053342,2,7,,14,0,4,26,B01
202100053343,2,32,,0,2,8,19,A01
202100053343,1,7,,0,2,1,1,B01
202100053344,1,7,,0,2,6,1,B01
202100053344,1,2,,0,2,1,1,A01
202100053345,1,7,,0,1,1,1,A01
202100053346,2,10,,0,2,4,1,Z01
202100053346,2,33,,0,2,1,13,A01
202100053347,1,32,,0,2,8,1,A01
202100053347,1,7,,0,2,1,15,Z01
202100053348,2,10,,0,1,0,1,A01
202100053349,2,32,,0,1,1,1,A01
202100053350,2,30,,0,1,1,1,A01
202100053351,1,7,,0,2,3,1,B01
202100053351,1,1,,0,2,1,5,A01
202100053352,3,30,,0,2,1,1,A01
202100053352,3,2,,0,2,4,1,Z01
202100053353,1,43,,0,1,1,1,A01
202100053354,2,1,,0,2,8,1,B01