Num_Acc,senc,catv,occutc,obs,obsm,choc,manv,num_veh
202100053354,1,7,,0,2,3,15,A01
202100053355,2,7,,0,2,6,9,A01
202100053355,2,30,,0,2,1,1,B01
202100053356,1,14,,0,2,4,0,B01
202100053356,1,7,,0,2,1,0,A01
202100053357,2,33,,0,1,1,1,A01
202100053358,2,7,,0,2,4,2,B01
202100053358,2,7,,0,2,1,2,A01
202100053359,1,7,,0,2,4,2,C01
202100053359,1,7,,0,2,4,2,B01
202100053359,1,10,,0,2,1,1,A01
202100053360,-1,7,,0,0,0,0,Z01
202100053360,3,33,,0,2,1,1,A01
202100053361,0,40,,0,2,1,1,B01
202100053361,0,7,,0,-1,2,9,A01
202100053362,2,7,,0,2,1,13,B01
202100053362,1,7,,0,2,1,1,A01
202100053363,-1,7,,0,2,1,2,A01
202100053363,-1,7,,0,2,1,2,B01
202100053363,-1,7,,0,2,4,2,C01
202100053364,1,7,,0,2,1,1,A01
202100053364,1,34,,0,2,4,0,B01
202100053365,1,33,,0,2,1,19,A01
202100053365,1,7,,0,2,3,21,B01
202100053366,1,7,,0,1,1,1,A01
202100053367,3,7,,0,1,4,20,A01
202100053368,1,31,,0,0,9,1,A01
202100053369,2,10,,0,2,3,15,A01
202100053369,2,7,,0,2,2,17,B01
202100053370,2,13,,1,2,3,1,A01
202100053370,1,7,,0,2,3,1,B01
202100053371,2,2,,0,0,8,1,A01
202100053372,1,7,,0,1,2,1,A01
202100053373,1,10,,0,2,2,0,B01
202100053373,1,30,,0,2,8,0,A01
202100053374,2,7,,15,0,3,14,A01
202100053375,2,7,,2,0,1,14,A01
202100053376,1,7,,2,0,1,1,A01
202100053377,2,7,,0,2,3,15,A01
202100053377,1,15,,0,2,1,1,B01
202100053378,1,7,,0,2,3,5,A01
202100053378,2,15,,0,2,3,1,B01
202100053379,1,33,,3,0,9,1,A01
202100053380,1,7,,15,2,1,19,A01
202100053380,2,7,,15,2,7,1,B01
202100053381,2,7,,0,2,7,15,B01
202100053381,1,7,,0,2,1,1,A01
202100053382,1,7,,6,0,3,9,A01
202100053382,1,7,,6,0,1,1,B01
202100053383,1,7,,0,2,2,9,A01
202100053383,2,15,,0,2,1,9,B01
202100053383,2,15,,0,9,8,1,C01
202100053384,2,7,,0,2,1,1,B01
202100053384,1,7,,0,2,1,13,A01
202100053385,1,7,,8,0,1,1,A01
202100053386,1,7,,8,0,2,1,A01
202100053387,1,7,,2,0,1,1,A01
202100053388,1,7,,0,1,3,2,A01
202100053389,2,17,,0,2,3,1,B01
202100053389,2,7,,2,0,4,13,A01
202100053390,3,7,,0,1,1,26,A01
202100053391,1,7,,13,0,3,1,A01
202100053391,1,7,,0,0,2,17,B01
202100053392,1,7,,4,2,1,14,A01
202100053392,1,17,,0,0,8,1,B01
202100053393,1,7,,0,2,4,2,B01
202100053393,1,32,,1,0,1,2,A01
202100053394,1,7,,12,2,6,1,B01
202100053394,3,7,,0,2,1,9,A01
202100053395,2,7,,0,2,5,13,A01
202100053395,1,7,,0,2,2,1,B01
202100053396,3,7,,0,0,4,23,A01
202100053396,3,7,,0,2,1,1,B01
202100053397,0,7,,0,0,2,1,A01
202100053398,2,10,,8,0,1,1,B01
202100053398,2,7,,8,0,2,1,A01
202100053399,2,50,,0,0,0,2,B01
202100053399,2,15,,0,2,2,2,A01
202100053400,2,7,,0,2,3,17,A01
202100053400,1,2,,0,2,3,1,B01
202100053401,0,2,,1,0,1,0,A01
202100053402,2,7,,0,2,2,5,A01
202100053402,1,10,,0,2,1,1,B01
202100053403,0,7,,9,0,2,0,A01
202100053404,0,7,,0,0,7,19,A01
202100053404,1,7,,0,2,1,1,B01
202100053405,2,7,,0,2,1,2,C01
202100053405,2,7,,0,2,4,2,B01
202100053405,2,7,,0,2,4,1,A01
202100053406,1,10,,0,2,1,0,C01
202100053406,1,7,,0,2,2,16,A01
202100053406,1,15,,0,2,3,1,B01
202100053407,1,7,,0,2,6,11,A01
202100053407,1,43,,0,2,2,1,B01
202100053408,2,7,,0,2,1,2,B01
202100053408,2,7,,0,2,4,2,A01
202100053409,2,7,,0,2,0,0,Z01
202100053409,2,7,,4,2,5,1,A01
202100053410,2,7,,0,2,6,2,B01
202100053410,2,7,,0,2,2,2,A01
202100053411,1,7,,0,2,1,2,A01
202100053412,1,15,,0,2,1,1,C01
202100053412,1,15,,0,2,1,1,A01
202100053412,1,7,,0,2,4,1,B01
202100053413,2,7,,0,2,3,1,B01
202100053413,2,33,,0,2,1,1,A01
202100053414,2,7,,15,0,3,26,A01
202100053415,2,7,,4,2,1,1,A01
202100053415,2,7,,0,2,6,1,B01
202100053415,2,10,,0,1,8,1,C01
202100053416,1,7,,0,2,1,2,A01
202100053416,1,10,,0,2,4,2,B01
202100053417,1,7,,0,2,4,2,C01
202100053417,1,7,,0,2,4,2,B01
202100053417,1,10,,0,2,1,2,A01
202100053418,2,7,,0,2,4,2,C01
202100053418,2,7,,0,2,4,2,B01
202100053418,2,7,,0,2,1,2,A01
202100053419,1,7,,0,2,4,2,B01
202100053419,1,13,,0,2,1,1,A01
202100053420,2,10,,0,2,5,26,C01
202100053420,2,7,,0,2,8,13,B01
202100053420,2,33,,0,2,8,3,A01
202100053421,2,10,,0,2,5,1,C01
202100053421,2,7,,0,2,8,11,B01
202100053421,2,43,,0,2,1,3,A01
202100053422,1,7,,0,0,8,16,A01
202100053422,1,1,,0,2,3,19,B01
202100053423,1,7,,0,2,1,17,A01
202100053423,1,7,,0,2,3,1,B01
202100053423,2,7,,0,2,3,1,C01
202100053424,1,7,,15,0,1,13,A01
202100053425,2,33,,0,2,6,1,B01
202100053425,1,7,,0,2,3,11,A01
202100053426,2,10,,0,0,5,2,B01
202100053426,2,33,,0,0,8,2,A01
202100053427,1,7,,0,2,1,13,A01
202100053427,2,7,,0,2,3,15,B01
202100053428,1,10,,0,1,7,1,A01
202100053429,3,7,,0,1,2,1,A01
202100053430,3,7,,0,1,2,16,A01
202100053431,3,3,,0,9,2,17,A01
202100053431,3,50,,0,2,4,1,B01
202100053432,1,7,,0,2,2,15,A01
202100053432,2,7,,0,2,1,1,B01
202100053433,1,7,,0,1,3,1,A01
202100053434,1,10,,0,2,4,23,B01
202100053434,1,17,,0,2,1,2,A01
202100053435,1,7,,0,1,1,1,A01
202100053436,1,7,,0,1,1,1,A01
202100053437,3,10,,0,1,1,1,A01
202100053438,1,7,,0,0,4,1,B01
202100053438,2,7,,0,2,1,2,A01
202100053439,3,99,,0,1,1,16,A01
202100053440,2,7,,0,2,1,2,A01
202100053440,2,7,,0,2,5,23,B01
202100053440,2,7,,0,2,5,23,C01
202100053441,2,7,,8,0,1,1,A01
202100053442,1,7,,0,1,3,15,A01
202100053443,2,1,,0,2,1,1,B01
202100053443,1,7,,0,2,3,9,A01
202100053444,2,7,,0,2,2,1,B01
202100053444,1,2,,0,2,0,16,A01
202100053445,1,7,,0,2,2,1,B01
202100053445,2,7,,0,2,3,1,C01
202100053445,2,7,,0,2,2,15,A01
202100053446,2,7,,0,2,6,26,B01
202100053446,2,33,,0,2,6,26,A01
202100053447,3,99,,0,2,1,26,A01
202100053447,3,99,,0,2,3,0,B01
202100053448,2,7,,0,2,1,9,A01
202100053448,1,50,,0,2,7,0,B01
202100053449,2,7,,0,2,3,9,A01
202100053449,1,1,,0,2,1,1,B01
202100053450,1,33,,0,2,1,1,B01
202100053450,2,7,,0,2,3,15,A01
202100053451,1,7,,0,1,1,14,A01
202100053452,2,10,,0,1,2,1,A01
202100053453,2,7,,0,1,3,1,A01
202100053454,0,7,,0,1,1,1,A01
202100053455,1,10,,0,2,1,1,A01
202100053455,1,7,,0,2,1,1,B01
202100053456,2,10,,0,2,1,1,B01
202100053456,1,7,,0,2,1,13,A01
202100053457,1,7,,0,1,2,1,A01
202100053458,3,7,,0,2,1,1,B01
202100053458,3,1,,0,2,7,15,A01
202100053459,3,7,,0,2,1,2,A01
202100053459,3,7,,0,2,4,2,C01
202100053459,3,7,,0,2,1,2,B01
202100053460,1,14,,0,2,8,22,B01
202100053460,1,80,,1,0,1,1,A01
202100053461,2,7,,0,1,1,1,A01
202100053462,1,32,,0,2,1,1,B01
202100053462,1,30,,0,2,7,1,A01
202100053463,1,7,,0,2,8,1,B01
202100053463,1,30,,0,2,1,16,A01
202100053464,1,7,,0,1,1,1,A01
202100053465,1,10,,0,2,8,1,B01
202100053465,1,7,,0,2,1,1,A01
202100053466,3,10,,0,9,1,16,A01
202100053466,1,1,,0,2,8,1,B01
202100053467,1,7,,0,1,6,20,A01
202100053468,1,7,,0,2,1,1,C01
202100053468,1,7,,0,2,4,1,A01
202100053468,1,7,,0,2,1,1,B01
202100053469,1,50,,0,1,1,1,A01
202100053470,1,32,,0,2,3,2,B01
202100053470,1,7,,0,2,3,10,A01
202100053471,3,40,,0,2,3,1,B01
202100053471,3,7,,0,4,3,1,A01
202100053472,2,7,,11,2,3,18,A01
202100053472,2,14,,0,2,2,1,B01
202100053472,1,7,,0,2,6,1,C01
202100053473,1,7,,0,2,1,1,A01
202100053473,1,7,,8,1,7,1,B01
202100053474,0,37,1.0,0,2,1,26,A01
202100053474,0,7,,0,2,4,26,B01
202100053475,3,7,,1,2,4,1,A01
202100053475,3,10,,0,2,6,1,B01
202100053475,3,10,,1,0,5,26,C01
202100053476,1,80,,0,0,0,1,A01
202100053477,2,10,,0,2,7,18,B01
202100053477,2,33,,0,2,8,22,A01
202100053478,1,30,,0,2,2,17,B01
202100053478,1,7,,0,2,3,15,A01
202100053479,1,10,,0,1,1,1,A01
202100053480,1,32,,0,0,3,1,A01
202100053481,1,2,,0,2,1,1,B01
202100053481,2,7,,0,2,7,15,A01
202100053482,1,7,,0,2,1,15,A01
202100053482,1,32,,0,2,8,1,B01
202100053483,3,7,,0,2,1,1,A01
202100053483,3,31,,0,2,4,1,B01
202100053484,1,10,,0,1,4,4,A01
202100053485,2,7,,0,1,1,1,A01
202100053486,2,43,,0,1,6,2,A01
202100053487,1,13,,0,1,2,1,A01
202100053488,3,33,,0,0,7,1,A01
202100053489,1,7,,0,1,3,1,A01
202100053490,1,7,,0,2,2,1,A01
202100053490,1,7,,0,2,6,9,B01
202100053491,1,7,,0,2,1,2,A01
202100053491,1,33,,0,2,1,1,B01
202100053491,1,7,,0,2,4,2,C01
202100053492,0,1,,0,2,1,1,B01
202100053492,0,30,,0,9,1,25,A01
202100053493,1,7,,0,2,3,22,A01
202100053493,1,1,,0,2,1,1,B01
202100053494,1,7,,0,2,3,10,A01
202100053494,1,33,,0,2,8,1,B01
202100053495,1,33,,0,2,0,17,A01
202100053495,1,7,,0,2,3,13,B01
202100053496,2,7,,0,2,3,9,A01
202100053496,1,50,,0,2,7,2,B01
202100053497,1,7,,0,0,0,1,D01
202100053497,2,7,,14,2,6,13,A01
202100053497,2,7,,0,2,8,1,B01
202100053497,2,31,,14,2,1,1,C01
202100053498,3,10,,0,2,4,1,A01
202100053498,3,7,,0,2,1,2,B01
202100053498,3,7,,0,2,1,2,C01
202100053499,3,2,,0,2,1,1,B01
202100053499,3,7,,0,2,2,1,A01
202100053500,1,7,,0,2,1,1,B01
202100053500,1,7,,0,2,4,23,A01
202100053501,3,7,,0,1,1,15,A01
202100053502,2,7,,0,2,2,1,A01
202100053502,1,1,,0,2,0,1,B01
202100053503,1,7,,0,2,4,1,B01
202100053503,1,7,,0,2,1,2,A01
202100053504,1,10,,0,2,2,9,A01
202100053504,1,7,,0,2,3,1,B01
202100053505,1,32,,0,0,0,17,A01
202100053506,2,80,,0,1,7,1,A01
202100053507,1,7,,0,1,3,1,A01
202100053508,1,7,,0,2,3,9,C01
202100053508,1,7,,0,2,4,16,B01
202100053508,1,7,,14,0,2,1,A01
202100053509,1,7,,0,2,1,1,B01
202100053509,2,7,,0,2,3,19,A01
202100053510,2,7,,0,2,1,11,A01
202100053510,1,14,,0,2,1,1,B01
202100053511,1,7,,2,0,2,1,A01
202100053512,2,7,,0,2,2,1,B01
202100053512,1,7,,0,2,2,1,A01
202100053513,1,7,,2,0,3,0,A01
202100053514,1,7,,1,1,2,1,A01
202100053515,2,10,,0,1,7,1,A01
202100053516,1,10,,0,2,1,13,A01
202100053516,2,7,,0,2,3,1,B01
202100053517,1,7,,0,2,1,1,B01
202100053517,2,7,,13,2,7,15,A01
202100053518,2,3,,2,0,8,1,A01
202100053519,3,31,,0,0,8,1,A01
202100053520,2,7,,0,2,8,1,A01
202100053520,1,7,,0,2,3,13,B01
202100053521,2,1,,0,2,0,1,B01
202100053521,2,1,,0,2,0,1,A01
202100053522,1,7,,0,1,1,1,A01
202100053523,1,7,,0,0,3,13,A01
202100053523,2,7,,0,0,8,1,B01
202100053523,2,7,,0,0,3,1,C01
202100053523,2,10,,0,9,0,21,D01
202100053524,0,7,,0,1,4,26,A01
202100053525,1,7,,0,0,9,1,A01
202100053526,1,10,,0,1,0,1,A01
202100053527,3,7,,0,1,1,1,A01
202100053528,1,7,,0,2,8,13,B01
202100053528,2,7,,0,0,8,1,A01
202100053529,1,7,,9,0,1,0,A01
202100053530,3,7,,0,2,8,1,A01
202100053530,3,7,,0,2,1,16,B01
202100053531,2,33,,0,2,1,17,B01
202100053531,1,15,,0,2,3,1,A01
202100053532,2,17,,3,0,2,2,A01
202100053533,1,10,,0,9,3,0,B01
202100053533,2,1,,0,2,0,0,A01
202100053534,2,33,,0,2,1,17,B01
202100053534,1,7,,0,0,8,15,A01
202100053535,2,7,,1,0,1,0,A01
202100053535,3,7,,0,1,6,23,B01
202100053536,1,7,,0,1,2,1,A01
202100053537,1,7,,4,0,3,2,A01
202100053538,0,7,,0,1,2,1,A01
202100053539,3,7,,0,1,2,13,A01
202100053540,2,7,,13,2,4,1,A01
202100053540,1,14,,0,2,3,14,B01
202100053541,1,7,,0,9,3,15,A01
202100053541,1,1,,0,2,1,16,B01
202100053542,1,7,,0,2,5,26,A01
202100053542,1,14,,0,2,5,26,B01
202100053543,1,7,,0,2,3,26,A01
202100053543,1,7,,0,2,0,14,Z01
202100053544,2,7,,0,2,9,18,B01
202100053544,2,14,,0,2,2,1,A01
202100053545,1,7,,4,0,7,1,A01
202100053545,1,10,,0,2,7,0,Z01
202100053546,2,7,,4,0,2,14,A01
202100053547,1,7,,0,2,8,13,A01
202100053547,1,15,,0,2,2,1,B01
202100053548,2,7,,4,0,3,1,A01
202100053549,1,15,,0,2,2,14,A01
202100053549,1,7,,0,2,6,2,B01
202100053550,2,7,,2,0,1,21,A01
202100053551,2,10,,0,2,6,1,B01
202100053551,2,33,,0,2,1,26,A01
202100053552,2,7,,0,2,1,1,A01
202100053552,2,7,,0,2,4,1,B01
202100053553,1,7,,4,1,1,17,A01
202100053554,1,1,,0,2,2,11,A01
202100053554,1,7,,0,2,3,15,B01
202100053555,3,7,,0,2,3,15,A01
202100053555,3,80,,0,2,1,17,B01
202100053556,1,7,,0,2,4,24,B01
202100053556,1,2,,0,2,1,1,A01
202100053557,1,2,,0,2,8,9,A01
202100053557,1,7,,0,2,7,16,B01
202100053558,2,1,,0,2,1,2,B01
202100053558,2,7,,0,2,8,22,A01
202100053559,2,7,,0,0,2,14,A01
202100053560,2,7,,0,1,2,15,A01
202100053561,3,7,,11,2,1,2,A01
202100053561,3,7,,11,2,4,2,B01
202100053561,3,7,,11,2,4,2,C01
202100053562,1,31,,0,0,0,26,A01
202100053563,1,50,,0,2,1,25,A01
202100053563,2,7,,0,2,2,16,B01
202100053564,3,7,,0,1,3,15,A01
202100053565,2,7,,0,2,3,13,A01
202100053565,1,7,,0,2,3,13,B01
202100053566,3,30,,0,2,1,26,A01
202100053566,3,7,,0,2,3,15,B01
202100053567,3,31,,0,2,1,1,B01
202100053567,3,13,,0,2,1,15,A01
202100053568,3,7,,0,2,1,13,A01
202100053568,3,37,1.0,0,2,1,1,B01
202100053569,3,7,,0,1,4,20,A01
202100053570,2,7,,0,2,8,9,A01
202100053570,1,7,,0,2,3,1,B01
202100053571,2,7,,0,2,1,15,A01
202100053571,1,2,,0,2,1,1,B01
202100053572,2,7,,0,2,1,1,B01
202100053572,1,7,,0,2,8,13,A01
202100053573,2,7,,0,2,8,19,A01
202100053573,1,50,,0,2,1,1,B01
202100053574,1,2,,1,2,1,1,B01
202100053574,2,7,,0,2,3,19,A01
202100053575,3,50,,0,2,8,19,A01
202100053575,3,7,,0,2,1,1,B01
202100053576,2,7,,0,1,1,1,A01
202100053577,3,7,,0,1,3,1,A01
202100053578,1,30,,0,2,2,9,A01
202100053578,2,7,,0,2,2,1,B01
202100053579,3,7,,0,2,2,26,B01
202100053579,3,7,,0,2,3,26,A01
202100053580,1,7,,0,2,7,15,A01
202100053580,2,7,,0,2,2,1,B01
202100053581,3,7,,0,1,3,1,A01
202100053582,1,7,,0,2,1,2,A01
202100053582,1,10,,0,2,4,2,B01
202100053583,1,7,,4,0,3,0,A01
202100053584,3,1,,0,2,0,19,A01
202100053584,3,7,,0,2,3,2,C01
202100053584,3,7,,0,2,3,1,B01
202100053585,1,3,,1,0,1,13,A01
202100053586,0,30,,0,0,0,1,A01
202100053587,1,7,,0,0,0,0,B01
202100053587,1,1,,0,2,3,26,A01
202100053588,3,7,,0,2,8,1,B01
202100053588,3,33,,0,2,1,19,A01
202100053589,1,7,,0,2,4,23,C01
202100053589,1,7,,0,0,0,23,D01
202100053589,1,7,,0,2,1,1,A01
202100053589,1,7,,0,2,4,23,B01
202100053590,0,7,,0,2,4,23,B01
202100053590,0,7,,0,2,1,1,A01
202100053591,3,7,,0,2,2,15,A01
202100053591,1,7,,0,2,3,1,B01
202100053592,1,1,,0,0,0,1,A01
202100053593,3,7,,0,0,0,0,B01
202100053593,3,10,,0,2,3,0,A01
202100053594,3,7,,0,2,7,2,B01
202100053594,3,7,,0,2,3,9,A01
202100053595,1,50,,0,0,7,0,A01
202100053596,1,7,,0,1,1,1,A01
202100053597,1,7,,7,0,2,9,A01
202100053598,1,7,,0,2,1,1,A01
202100053598,1,1,,0,2,8,1,B01
202100053599,1,7,,0,1,1,1,A01
202100053600,2,99,,0,2,4,1,C01
202100053600,2,7,,0,2,1,1,B01
202100053600,2,7,,0,2,1,1,A01
202100053601,3,30,,0,0,1,1,A01
202100053602,1,30,,0,0,8,1,A01
202100053603,1,10,,0,2,5,1,B01
202100053603,1,7,,0,2,1,9,A01
202100053604,1,7,,4,0,1,1,A01
202100053605,1,7,,0,1,1,26,A01
202100053605,1,60,,0,2,1,15,B01
202100053606,1,7,,0,2,1,2,A01
202100053606,1,7,,0,2,4,23,B01
202100053606,1,10,,0,2,4,1,C01
202100053607,0,10,,0,2,3,9,A01
202100053607,1,2,,0,2,2,1,B01
202100053608,1,7,,15,0,3,9,A01
202100053609,1,7,,0,2,1,9,A01
202100053609,1,7,,0,2,4,9,B01
202100053610,0,7,,0,2,1,15,A01
202100053610,0,7,,0,2,5,1,B01
202100053611,3,7,,0,2,4,26,A01
202100053611,3,7,,0,2,1,1,B01
202100053612,1,7,,0,9,1,1,B01
202100053612,1,14,,0,2,0,1,A01
202100053613,1,7,,0,1,1,15,A01
202100053614,2,33,,0,1,1,17,A01
202100053615,3,33,,0,0,0,9,A01
202100053616,3,7,,0,2,1,1,B01
202100053616,3,7,,0,2,3,16,A01
202100053617,0,7,,0,2,1,1,B01
202100053617,0,7,,0,2,3,26,A01
202100053618,2,7,,0,1,1,1,A01
202100053619,3,7,,0,1,0,0,A01
202100053620,2,31,,0,0,8,26,A01
202100053621,1,7,,9,2,2,15,A01
202100053621,2,7,,0,2,1,1,B01
202100053622,2,30,,0,0,9,1,A01
202100053623,2,7,,1,0,1,1,A01
202100053624,1,13,,0,2,2,12,A01
202100053624,1,7,,0,2,6,1,B01
202100053625,2,31,,0,2,1,2,A01
202100053625,2,33,,0,2,4,23,B01
202100053626,3,30,,0,0,1,1,A01
202100053627,1,32,,0,2,1,1,B01
202100053627,1,10,,0,2,2,9,A01
202100053628,2,7,,0,2,2,16,A01
202100053628,2,1,,0,2,8,1,B01
202100053629,1,1,,0,2,0,21,A01
202100053630,2,1,,12,0,8,12,A01
202100053631,1,1,,0,1,1,1,A01
202100053632,2,30,,0,1,1,1,A01
202100053633,1,7,,0,2,2,9,A01
202100053633,1,33,,0,2,8,1,B01
202100053634,2,10,,0,1,4,2,B01
202100053634,2,7,,0,2,1,2,A01
202100053635,3,7,,0,1,1,2,A01
202100053636,1,33,,0,0,0,26,A01
202100053637,3,10,,0,1,1,1,A01
202100053638,0,99,,0,0,0,15,A01
202100053638,0,33,,0,2,0,1,B01
202100053639,1,13,,0,2,1,23,A01
202100053639,1,7,,0,2,4,23,B01
202100053640,1,7,,0,2,2,14,A01
202100053640,1,0,,0,0,6,1,B01
202100053641,1,3,,0,1,3,26,A01
202100053642,1,7,,0,2,2,1,A01
202100053642,1,2,,0,2,1,15,B01
202100053643,1,7,,0,2,8,13,A01
202100053643,2,7,,0,2,3,13,B01
202100053644,1,32,,3,1,7,21,A01
202100053645,3,32,,0,2,1,1,B01
202100053645,3,50,,0,2,1,5,A01
202100053646,2,7,,13,0,0,9,A01
202100053647,2,10,,0,2,1,13,A01
202100053647,1,7,,0,2,1,1,B01
202100053648,2,7,,2,0,2,11,A01
202100053649,2,7,,0,0,8,1,A01
202100053650,3,7,,0,2,1,1,A01
202100053650,3,50,,0,2,2,19,B01
202100053651,1,7,,0,0,2,0,A01
202100053652,2,7,,0,2,5,15,A01
202100053652,1,7,,0,2,2,1,B01
202100053653,1,7,,8,0,1,1,A01
202100053654,2,7,,13,1,2,1,B01
202100053654,2,7,,13,0,7,1,A01
202100053655,0,3,,0,2,1,1,B01
202100053655,0,7,,0,2,1,5,A01
202100053656,2,31,,0,6,1,1,A01
202100053657,2,7,,0,2,1,1,B01
202100053657,1,7,,0,2,3,13,A01
202100053658,1,7,,6,0,9,13,A01
202100053659,1,2,,0,2,1,1,A01
202100053659,2,7,,0,2,3,15,B01
202100053660,2,7,,2,0,1,1,A01
202100053661,1,15,,0,2,1,1,B01
202100053661,2,7,,0,2,3,13,A01
202100053662,1,7,,0,2,6,13,C01
202100053662,2,7,,0,2,6,1,B01
202100053662,2,33,,0,2,3,1,A01
202100053663,2,7,,17,0,1,14,A01
202100053664,1,7,,0,1,1,1,A01
202100053665,3,7,,0,2,8,1,B01
202100053665,2,7,,0,2,1,1,A01
202100053666,2,10,,0,2,1,1,B01
202100053666,1,10,,0,2,2,0,A01
202100053667,1,7,,0,1,2,1,A01
202100053668,1,7,,0,2,1,13,A01
202100053668,2,7,,0,2,3,1,B01
202100053669,1,17,,3,0,3,1,A01
202100053670,1,7,,0,0,4,1,A01
202100053670,1,10,,0,2,1,2,B01
202100053671,2,33,,0,2,1,2,A01
202100053671,2,7,,0,0,4,2,B01
202100053672,1,15,,0,2,6,1,A01
202100053672,1,7,,0,2,2,1,B01
202100053673,3,7,,0,1,4,4,A01
202100053674,1,7,,0,9,3,1,C01
202100053674,2,33,,0,2,3,13,B01
202100053674,1,7,,0,2,3,1,A01
202100053675,1,7,,0,0,3,1,B01
202100053675,0,7,,0,0,2,13,A01
202100053676,1,7,,4,0,0,1,A01
202100053677,0,7,,15,0,1,1,A01
202100053678,3,7,,0,1,2,15,A01
202100053679,2,7,,0,2,6,1,B01
202100053679,1,7,,6,2,7,1,A01
202100053679,1,7,,0,2,5,2,C01
202100053679,1,7,,0,2,8,1,D01
202100053679,1,7,,0,0,7,2,E01
202100053680,2,7,,0,1,3,16,A01
202100053681,1,7,,0,1,3,1,A01
202100053682,1,15,,0,2,1,1,A01
202100053682,1,10,,0,2,3,9,B01
202100053683,2,2,,0,2,1,1,B01
202100053683,2,7,,0,2,3,9,A01
202100053684,1,7,,0,2,8,1,B01
202100053684,2,15,,0,2,6,13,A01
202100053685,1,7,,17,0,1,21,A01
202100053686,1,7,,0,2,3,12,Z01
202100053686,1,7,,0,2,5,1,A01
202100053687,2,33,,0,2,1,3,B01
202100053687,2,7,,0,2,6,11,A01
202100053688,2,7,,0,2,6,2,A01
202100053688,2,7,,0,2,6,9,B01
202100053688,2,7,,0,2,2,1,C01
202100053689,1,7,,0,2,4,2,C01
202100053689,1,7,,0,2,4,2,B01
202100053689,1,7,,0,2,1,2,A01
202100053690,1,7,,9,0,1,21,A01
202100053691,2,33,,0,2,1,3,A01
202100053691,2,7,,0,2,4,11,B01
202100053692,2,10,,0,2,6,0,A01
202100053692,2,33,,0,2,1,3,B01
202100053693,2,32,,0,2,2,3,B01
202100053693,2,7,,0,2,6,11,A01
202100053694,2,7,,0,9,1,1,A01
202100053695,2,7,,0,2,0,2,C01
202100053695,2,33,,0,2,1,3,B01
202100053695,2,10,,0,2,6,1,A01
202100053696,2,7,,0,2,5,12,A01
202100053696,2,33,,0,2,1,3,B01
202100053697,2,7,,0,2,4,1,A01
202100053697,1,7,,0,2,1,2,B01
202100053698,1,7,,0,2,4,2,B01
202100053698,1,37,1.0,0,2,1,9,A01
202100053699,1,7,,0,2,1,2,A01
202100053699,1,7,,0,2,4,2,B01
202100053700,3,7,,0,1,3,15,A01
202100053701,1,7,,0,2,4,2,B01
202100053701,1,34,,0,2,1,2,A01
202100053702,2,7,,1,2,8,1,A01
202100053702,2,31,,0,2,1,1,B01
202100053703,3,7,,0,1,1,19,A01
202100053704,1,7,,0,1,2,1,A01
202100053705,1,10,,9,1,2,2,A01
202100053706,1,7,,0,2,7,1,B01
202100053706,1,7,,0,2,1,1,A01
202100053707,3,7,,0,2,3,1,A01
202100053707,3,1,,0,2,1,1,B01
202100053708,2,7,,0,1,2,1,A01
202100053709,2,7,,0,1,7,26,A01
202100053710,1,7,,0,2,3,15,A01
202100053710,1,7,,2,0,8,1,B01
202100053711,1,7,,0,1,1,1,A01
202100053712,1,10,,0,2,0,17,A01
202100053712,1,7,,0,2,6,12,B01
202100053713,1,10,,0,2,3,15,B01
202100053713,1,7,,0,2,2,1,A01
202100053714,2,7,,0,2,1,1,A01
202100053714,1,7,,0,2,8,1,B01
202100053715,1,7,,0,2,8,15,A01
202100053715,1,7,,0,2,1,1,B01
202100053716,2,7,,0,2,1,1,B01
202100053716,1,7,,5,2,4,13,A01
202100053717,0,7,,0,2,0,1,A01
202100053717,1,7,,0,2,1,1,B01
202100053718,1,7,,0,1,1,16,A01
202100053719,1,15,,0,0,0,14,A01
202100053720,2,7,,0,2,1,1,B01
202100053720,1,1,,0,2,5,1,A01
202100053721,1,33,,0,2,1,1,B01
202100053721,1,7,,0,2,1,15,A01
202100053722,0,7,,8,0,1,1,A01
202100053723,3,30,,0,0,7,9,A01
202100053724,1,7,,0,1,1,26,A01
202100053725,1,7,,0,2,3,1,B01
202100053725,1,32,,0,2,3,1,A01
202100053726,1,99,,0,1,1,26,A01
202100053727,1,7,,0,1,7,19,A01
202100053728,3,7,,0,9,1,15,A01
202100053729,3,30,,2,0,1,1,A01
202100053730,3,7,,0,2,4,1,A01
202100053730,3,7,,0,2,1,2,B01
202100053731,2,7,,0,1,2,1,A01
202100053732,1,7,,0,2,6,15,A01
202100053732,1,2,,0,2,7,17,B01
202100053733,0,7,,8,0,2,1,A01
202100053734,3,30,,0,0,7,0,A01
202100053735,1,7,,0,1,8,16,A01
202100053736,1,99,,0,1,1,1,A01
202100053737,1,1,,0,2,7,26,B01
202100053737,1,7,,0,2,7,9,A01
202100053738,1,7,,0,2,2,15,A01
202100053738,2,7,,0,2,1,1,B01
202100053739,1,7,,0,0,9,26,A01
202100053740,2,7,,0,2,3,17,A01
202100053740,2,33,,0,2,1,1,B01
202100053740,2,7,,0,2,4,1,C01
202100053741,2,7,,0,2,1,13,A01
202100053741,1,7,,0,2,1,1,B01
202100053742,1,7,,0,2,0,26,A01
202100053742,1,30,,0,2,0,0,B01
202100053743,2,7,,0,2,2,10,A01
202100053743,1,34,,0,2,1,26,B01