Num_Acc,senc,catv,occutc,obs,obsm,choc,manv,num_veh
202100053744,2,37,3.0,0,0,0,7,A01
202100053745,2,7,,0,2,8,1,B01
202100053745,1,10,,0,2,1,1,A01
202100053746,1,10,,0,1,5,4,A01
202100053747,2,30,,0,2,7,15,A01
202100053747,1,30,,0,2,1,1,B01
202100053748,1,7,,0,1,1,16,A01
202100053749,2,32,,0,1,1,1,A01
202100053750,1,7,,0,2,1,16,A01
202100053750,2,1,,0,2,4,1,B01
202100053751,1,1,,0,2,7,1,A01
202100053751,1,10,,0,2,3,1,B01
202100053752,2,33,,0,2,1,1,A01
202100053752,1,32,,0,2,7,15,B01
202100053753,1,2,,0,1,1,1,Z01
202100053754,2,7,,8,0,0,1,A01
202100053755,2,7,,0,2,7,15,A01
202100053755,1,32,,0,2,1,1,B01
202100053756,1,37,1.0,0,1,7,26,A01
202100053757,1,7,,0,1,3,0,A01
202100053758,1,7,,0,2,1,1,A01
202100053758,1,34,,0,2,4,23,B01
202100053759,2,7,,0,2,2,16,A01
202100053759,2,2,,0,2,1,18,B01
202100053760,2,7,,0,2,1,17,A01
202100053760,2,13,,0,0,4,1,B01
202100053761,2,7,,0,1,2,1,A01
202100053762,-1,7,,0,2,1,15,B01
202100053762,3,30,,0,2,8,1,A01
202100053763,3,7,,0,2,3,1,B01
202100053763,3,7,,0,2,1,15,A01
202100053764,2,30,,0,1,1,9,A01
202100053765,2,33,,0,2,2,1,A01
202100053765,2,7,,0,2,1,15,B01
202100053766,2,15,,0,1,7,1,A01
202100053767,0,50,,0,0,0,0,Y01
202100053767,1,7,,0,1,1,17,A01
202100053768,3,33,,0,2,6,1,A01
202100053768,3,7,,0,2,1,2,B01
202100053769,2,7,,0,1,1,1,A01
202100053770,3,1,,0,0,0,26,A01
202100053771,2,7,,0,1,2,1,A01
202100053772,3,7,,0,1,2,15,A01
202100053773,2,3,,0,0,0,2,A01
202100053774,3,7,,0,9,2,15,A01
202100053774,3,1,,0,2,1,1,B01
202100053775,2,7,,2,0,0,1,A01
202100053776,0,7,,0,2,1,1,A01
202100053776,0,7,,0,2,1,17,B01
202100053777,2,7,,4,0,3,1,A01
202100053778,1,7,,0,2,1,1,B01
202100053778,2,7,,0,2,1,13,A01
202100053779,1,7,,8,0,1,1,A01
202100053780,1,17,,0,2,8,1,B01
202100053780,2,10,,6,2,3,13,A01
202100053781,2,17,,1,1,2,1,A01
202100053782,1,7,,1,0,7,2,B01
202100053782,1,7,,3,0,7,1,A01
202100053783,1,7,,15,9,1,21,A01
202100053784,2,7,,0,2,3,1,A01
202100053784,1,7,,0,2,3,1,B01
202100053785,1,7,,0,2,1,2,B01
202100053785,1,7,,0,2,8,2,A01
202100053786,0,21,,0,0,4,2,B01
202100053786,0,10,,0,2,1,2,A01
202100053787,1,7,,14,0,1,1,A01
202100053788,2,7,,0,1,3,1,A01
202100053789,1,33,,0,0,0,1,A01
202100053790,2,10,,0,2,1,1,C01
202100053790,1,7,,0,2,1,1,D01
202100053790,1,31,,0,2,1,17,A01
202100053790,2,7,,0,2,1,1,B01
202100053791,2,7,,2,0,1,14,A01
202100053792,1,7,,0,1,3,15,A01
202100053793,3,7,,0,1,2,20,A01
202100053794,3,7,,0,0,7,1,A01
202100053795,0,7,,0,0,2,2,A01
202100053796,2,7,,17,0,2,21,A01
202100053797,1,15,,3,0,9,6,A01
202100053798,2,7,,0,1,2,1,A01
202100053799,1,7,,0,1,1,1,A01
202100053800,2,7,,0,2,2,1,A01
202100053800,1,7,,0,2,1,1,B01
202100053801,2,7,,0,2,2,17,A01
202100053801,2,15,,0,2,6,13,B01
202100053802,2,7,,0,2,1,2,A01
202100053802,2,10,,0,2,4,2,B01
202100053802,2,7,,0,2,8,9,C01
202100053803,0,7,,0,0,5,15,B01
202100053803,0,1,,0,2,2,1,A01
202100053804,2,7,,0,2,2,15,A01
202100053804,1,2,,0,2,1,1,B01
202100053805,1,7,,0,0,2,13,A01
202100053805,1,7,,0,0,2,21,B01
202100053806,3,7,,2,0,3,13,A01
202100053807,1,7,,4,0,0,1,A01
202100053808,1,7,,0,1,1,1,A01
202100053809,2,15,,0,2,8,1,B01
202100053809,1,7,,0,2,1,5,A01
202100053810,1,31,,0,2,1,1,B01
202100053810,2,7,,0,2,2,19,A01
202100053811,3,7,,0,2,3,9,A01
202100053811,1,2,,0,2,1,1,B01
202100053812,3,7,,0,1,1,15,A01
202100053813,3,7,,0,2,3,1,B01
202100053813,3,10,,0,2,3,1,A01
202100053814,3,7,,0,2,1,1,C01
202100053814,3,7,,0,2,3,1,B01
202100053814,3,7,,0,2,1,13,A01
202100053815,2,7,,3,0,1,13,A01
202100053816,1,7,,0,2,4,2,B01
202100053816,1,7,,0,2,1,2,A01
202100053817,1,7,,0,2,1,2,A01
202100053817,1,7,,0,2,4,2,C01
202100053817,1,7,,0,2,4,2,B01
202100053818,2,33,,0,0,8,1,A01
202100053819,1,7,,4,0,4,2,B01
202100053819,1,7,,0,2,1,2,A01
202100053820,1,7,,0,2,4,12,A01
202100053820,1,10,,0,2,1,2,B01
202100053820,1,7,,0,2,5,1,C01
202100053820,1,7,,0,2,1,1,D01
202100053821,2,7,,3,0,0,1,A01
202100053822,1,30,,0,2,1,1,B01
202100053822,1,10,,0,2,4,1,A01
202100053823,2,30,,0,2,1,1,B01
202100053823,1,7,,0,2,1,1,A01
202100053824,2,7,,0,2,6,2,A01
202100053824,2,7,,0,2,2,2,B01
202100053825,3,7,,0,2,1,1,A01
202100053825,3,7,,0,2,4,1,B01
202100053826,2,7,,0,2,2,16,B01
202100053826,2,36,,0,2,8,18,A01
202100053827,2,7,,0,2,1,16,A01
202100053827,2,7,,0,2,7,1,B01
202100053828,3,7,,0,2,1,16,B01
202100053828,1,7,,0,2,1,5,A01
202100053829,1,7,,3,0,3,2,A01
202100053830,1,1,,0,2,6,1,B01
202100053830,2,7,,0,1,3,15,A01
202100053831,1,30,,0,2,1,2,A01
202100053831,1,7,,0,2,6,2,B01
202100053832,0,7,,9,0,2,1,A01
202100053832,0,7,,2,0,0,0,B01
202100053833,1,7,,2,0,7,1,A01
202100053834,1,7,,0,1,2,26,A01
202100053835,2,3,,0,2,1,1,A01
202100053835,2,3,,0,2,7,1,B01
202100053836,1,7,,0,9,3,15,A01
202100053836,1,50,,0,2,1,1,B01
202100053837,3,7,,0,2,1,1,B01
202100053837,3,7,,1,2,8,9,A01
202100053838,1,2,,11,0,1,1,A01
202100053839,1,7,,0,2,2,1,B01
202100053839,2,7,,0,2,3,1,A01
202100053840,1,7,,0,2,2,2,A01
202100053840,1,7,,0,2,6,1,B01
202100053841,2,7,,0,2,1,1,B01
202100053841,1,7,,0,2,2,15,A01
202100053842,0,33,,0,2,8,1,B01
202100053842,3,7,,0,2,1,19,A01
202100053843,1,7,,0,1,3,1,A01
202100053844,2,7,,8,2,7,1,B01
202100053844,0,7,,0,2,2,15,A01
202100053845,2,7,,0,0,2,14,A01
202100053846,1,7,,13,2,8,1,B01
202100053846,3,7,,0,2,1,19,A01
202100053847,2,33,,0,2,1,1,B01
202100053847,2,7,,0,2,1,15,A01
202100053848,2,7,,0,2,2,3,A01
202100053848,2,7,,0,2,6,1,B01
202100053849,0,7,,0,2,2,1,B01
202100053849,0,7,,0,2,8,2,A01
202100053850,2,7,,0,2,0,26,C01
202100053850,2,7,,0,2,3,26,B01
202100053850,1,34,,0,2,1,13,A01
202100053851,1,7,,0,9,4,26,B01
202100053851,1,7,,0,2,1,2,A01
202100053852,1,7,,0,1,3,16,A01
202100053853,1,33,,0,2,1,3,A01
202100053853,1,7,,0,2,5,12,B01
202100053854,1,7,,0,2,1,1,A01
202100053854,1,30,,0,2,5,1,B01
202100053855,1,7,,0,2,2,15,B01
202100053855,3,34,,0,2,1,1,A01
202100053856,3,1,,0,0,0,16,A01
202100053857,0,0,,0,1,0,0,A01
202100053858,2,2,,0,2,1,26,A01
202100053858,2,7,,0,2,8,9,B01
202100053859,1,7,,0,2,1,17,A01
202100053859,2,7,,0,2,1,1,B01
202100053860,1,7,,0,2,1,1,B01
202100053860,1,7,,0,2,8,1,A01
202100053861,2,7,,0,2,5,15,A01
202100053861,2,7,,0,2,3,1,B01
202100053862,2,7,,0,1,3,15,A01
202100053863,1,7,,0,2,2,1,A01
202100053863,2,7,,0,2,1,1,B01
202100053864,0,2,,0,0,0,0,B01
202100053864,0,3,,0,0,0,0,A01
202100053865,3,32,,1,0,1,1,A01
202100053866,1,7,,0,2,7,12,A01
202100053866,1,33,,0,2,8,3,B01
202100053867,1,7,,0,2,3,1,A01
202100053867,2,7,,0,2,3,1,B01
202100053868,1,7,,0,0,6,15,A01
202100053868,1,7,,0,2,4,23,B01
202100053868,1,7,,0,2,1,1,C01
202100053869,2,7,,0,2,1,1,B01
202100053869,1,7,,0,2,7,13,A01
202100053870,0,7,,0,1,1,1,A01
202100053871,2,17,,0,2,3,1,B01
202100053871,1,10,,0,2,8,13,A01
202100053871,1,7,,0,2,1,1,C01
202100053872,3,7,,0,2,3,13,A01
202100053872,3,7,,0,2,3,1,B01
202100053873,2,13,,0,2,6,2,B01
202100053873,2,10,,0,2,1,11,A01
202100053874,1,7,,0,1,1,1,A01
202100053875,1,7,,0,2,1,1,B01
202100053875,2,7,,0,2,1,11,A01
202100053876,3,1,,16,0,0,0,A01
202100053877,1,2,,0,0,8,1,A01
202100053878,3,7,,0,2,3,17,A01
202100053878,2,7,,0,2,1,15,B01
202100053879,1,7,,0,2,3,15,A01
202100053879,2,10,,0,2,2,1,B01
202100053880,1,7,,13,0,1,1,A01
202100053881,3,7,,0,0,7,1,B01
202100053881,3,7,,0,2,1,19,A01
202100053882,1,7,,0,2,3,15,A01
202100053882,1,1,,0,0,4,1,B01
202100053883,1,7,,0,2,6,17,A01
202100053883,2,1,,0,2,1,1,B01
202100053884,2,7,,0,0,2,1,A01
202100053885,0,7,,0,0,4,2,B01
202100053885,3,7,,0,2,1,2,A01
202100053886,2,20,,6,0,2,2,A01
202100053887,0,7,,0,2,1,1,A01
202100053887,0,33,,0,2,1,1,B01
202100053888,2,33,,0,2,1,1,A01
202100053888,1,7,,0,9,1,1,C01
202100053888,1,7,,0,2,3,1,B01
202100053889,2,7,,0,2,3,15,A01
202100053889,1,7,,0,2,1,1,B01
202100053890,1,7,,8,0,6,17,A01
202100053891,2,7,,3,0,0,0,A01
202100053892,2,7,,0,2,6,13,A01
202100053892,2,7,,0,2,2,1,B01
202100053893,1,7,,0,2,1,1,A01
202100053893,1,33,,0,0,4,1,B01
202100053894,2,99,,13,9,1,1,A01
202100053895,0,7,,13,9,1,1,A01
202100053896,0,7,,2,0,7,13,A01
202100053897,1,7,,2,2,3,1,B01
202100053897,2,7,,0,2,1,13,A01
202100053898,2,7,,0,2,1,1,B01
202100053898,1,7,,0,2,1,13,A01
202100053899,3,7,,0,1,2,1,A01
202100053900,2,2,,0,2,1,1,B01
202100053900,1,7,,0,2,1,17,A01
202100053901,2,7,,13,0,9,26,A01
202100053902,2,7,,16,0,1,1,A01
202100053903,2,33,,0,2,8,15,A01
202100053903,2,33,,0,2,1,1,B01
202100053904,2,7,,0,2,2,1,B01
202100053904,1,7,,0,2,1,9,A01
202100053905,2,7,,0,2,1,15,A01
202100053905,1,2,,0,2,1,1,B01
202100053906,3,7,,0,9,2,15,B01
202100053906,3,1,,0,2,1,1,A01
202100053907,2,7,,13,0,1,1,A01
202100053908,0,7,,0,2,3,1,B01
202100053908,0,7,,0,2,3,13,A01
202100053909,1,7,,0,2,4,1,A01
202100053909,1,7,,0,2,1,2,B01
202100053909,1,7,,0,2,2,23,C01
202100053910,2,7,,0,2,4,23,A01
202100053910,2,7,,1,0,1,1,B01
202100053911,1,32,,0,0,0,26,A01
202100053912,2,7,,0,2,4,2,B01
202100053912,2,7,,4,2,1,1,A01
202100053913,1,7,,4,0,2,26,A01
202100053914,1,7,,0,2,4,12,A01
202100053914,1,7,,0,2,2,2,B01
202100053914,1,7,,3,2,9,2,C01
202100053914,1,7,,0,2,0,0,E01
202100053914,1,7,,0,2,1,2,D01
202100053915,1,7,,0,2,5,2,B01
202100053915,1,7,,0,2,1,9,A01
202100053916,2,7,,4,0,1,1,A01
202100053917,1,7,,3,2,1,1,A01
202100053917,1,10,,3,2,1,21,B01
202100053918,1,2,,0,2,1,1,B01
202100053918,1,32,,0,2,4,1,A01
202100053919,2,7,,0,2,1,9,B01
202100053919,2,7,,16,0,4,2,A01
202100053920,2,10,,0,2,1,1,A01
202100053920,2,7,,0,2,7,1,B01
202100053921,3,33,,0,0,0,26,A01
202100053922,2,7,,0,2,3,15,A01
202100053922,2,37,2.0,0,2,2,1,B01
202100053923,1,7,,0,2,1,12,A01
202100053923,1,7,,0,2,4,23,C01
202100053923,1,7,,0,2,4,23,B01
202100053924,1,7,,9,0,3,13,A01
202100053925,0,7,,4,0,0,14,A01
202100053926,2,7,,0,1,2,1,A01
202100053927,1,7,,0,2,2,1,B01
202100053927,1,7,,0,2,8,9,A01
202100053928,2,7,,0,2,2,15,A01
202100053928,1,7,,0,2,1,1,B01
202100053929,3,7,,0,2,1,0,A01
202100053929,3,7,,0,2,2,1,B01
202100053930,1,7,,0,2,3,1,B01
202100053930,2,10,,0,2,3,15,A01
202100053931,1,7,,0,1,1,1,A01
202100053932,1,10,,0,1,1,1,A01
202100053933,1,7,,0,2,1,1,A01
202100053933,1,7,,0,2,1,5,B01
202100053934,1,7,,0,1,1,1,A01
202100053935,1,7,,0,2,1,1,B01
202100053935,1,7,,0,2,8,1,A01
202100053936,1,7,,0,1,4,26,A01
202100053937,1,2,,0,1,1,2,A01
202100053938,2,7,,0,2,2,19,A01
202100053938,2,7,,0,2,3,1,B01
202100053939,1,7,,0,2,2,13,A01
202100053939,1,31,,0,2,8,15,B01
202100053940,1,7,,0,1,0,1,Z01
202100053941,3,7,,0,2,1,1,B01
202100053941,1,1,,0,2,8,1,A01
202100053942,1,7,,0,2,1,1,A01
202100053942,3,1,,0,2,8,19,B01
202100053943,3,7,,0,1,4,4,A01
202100053944,3,7,,0,1,3,17,A01
202100053945,2,7,,0,0,4,26,B01
202100053945,2,14,,0,2,1,26,A01
202100053946,1,7,,0,2,2,1,B01
202100053946,1,7,,0,2,3,9,A01
202100053947,3,30,,0,2,1,1,B01
202100053947,3,7,,0,2,7,15,A01
202100053948,0,3,,0,1,0,26,Z01
202100053949,0,7,,0,2,3,1,A01
202100053949,0,7,,0,2,1,9,Z01
202100053950,3,7,,0,2,1,7,A01
202100053950,3,10,,0,2,7,15,B01
202100053951,1,7,,0,0,9,1,A01
202100053952,2,7,,0,2,1,9,A01
202100053952,2,7,,15,2,5,1,B01
202100053953,3,7,,0,1,2,15,A01
202100053954,1,7,,0,2,6,23,C01
202100053954,1,7,,0,2,5,23,B01
202100053954,1,32,,0,2,1,3,A01
202100053955,2,10,,0,1,1,15,A01
202100053956,2,43,,0,2,3,15,A01
202100053956,2,43,,0,2,1,17,B01
202100053957,2,7,,0,1,6,4,A01
202100053958,1,30,,0,2,5,1,B01
202100053958,1,30,,0,2,1,16,A01
202100053959,3,33,,0,2,1,1,B01
202100053959,3,7,,0,2,2,15,A01
202100053960,1,1,,0,2,1,17,A01
202100053960,1,7,,0,2,8,10,B01
202100053961,3,32,,0,0,0,0,A01
202100053962,1,7,,0,2,4,1,B01
202100053962,1,7,,0,2,1,1,A01
202100053963,2,2,,0,2,1,1,B01
202100053963,2,7,,0,2,2,15,A01
202100053964,1,10,,0,1,2,16,A01
202100053965,1,30,,0,1,0,1,Z01
202100053966,2,7,,0,2,1,1,A01
202100053966,2,7,,0,2,3,1,B01
202100053967,3,30,,0,2,2,1,B01
202100053967,3,7,,0,2,3,11,A01
202100053968,2,32,,0,2,1,1,A01
202100053968,1,7,,0,2,3,1,B01
202100053969,1,7,,0,2,1,9,A01
202100053969,1,7,,0,2,1,1,B01
202100053970,0,7,,0,2,1,26,A01
202100053970,0,7,,0,2,3,23,C01
202100053970,0,7,,0,2,4,0,B01
202100053971,0,7,,1,0,6,23,A01
202100053971,0,10,,0,2,1,1,B01
202100053972,1,7,,12,0,2,0,A01
202100053972,1,7,,0,2,4,1,B01
202100053973,1,7,,0,2,1,26,A01
202100053973,1,7,,0,2,1,1,C01
202100053973,1,7,,0,2,7,1,B01
202100053974,2,7,,0,2,1,1,A01
202100053974,2,7,,0,2,4,23,B01
202100053974,2,7,,0,2,4,23,C01
202100053975,1,32,,0,2,9,1,B01
202100053975,2,7,,0,2,7,19,A01
202100053976,1,7,,0,1,1,26,A01
202100053977,1,99,,15,0,9,14,A01
202100053978,1,7,,8,2,1,1,A01
202100053978,1,7,,0,0,2,9,B01
202100053979,2,7,,0,2,2,1,B01
202100053979,2,10,,0,2,3,9,A01
202100053980,1,30,,0,0,0,1,A01
202100053981,2,37,1.0,0,2,2,1,A01
202100053981,1,1,,0,2,1,16,B01
202100053982,2,7,,0,2,2,1,C01
202100053982,2,7,,3,0,3,1,A01
202100053982,2,7,,1,0,6,23,D01
202100053983,2,10,,4,0,3,2,A01
202100053984,1,7,,0,1,3,1,A01
202100053985,1,2,,0,0,7,1,A01
202100053986,2,7,,0,2,1,1,B01
202100053986,1,10,,0,2,2,13,A01
202100053987,2,3,,6,0,8,13,A01
202100053988,3,1,,0,2,1,15,A01
202100053988,1,7,,0,2,3,1,B01
202100053989,3,10,,0,0,2,0,A01
202100053990,2,7,,0,2,2,2,A01
202100053990,2,1,,0,2,4,2,B01
202100053991,2,7,,2,0,7,0,A01
202100053992,1,33,,13,0,1,1,A01
202100053993,1,7,,0,0,9,1,A01
202100053994,2,7,,0,2,3,15,A01
202100053994,1,33,,0,2,8,1,B01
202100053995,0,7,,0,0,0,0,A01
202100053996,1,7,,0,1,0,1,A01
202100053997,1,33,,0,2,7,13,A01
202100053997,2,10,,0,9,1,21,B01
202100053998,1,7,,0,2,3,15,A01
202100053998,1,33,,0,2,1,17,B01
202100053999,1,7,,0,2,3,13,A01
202100053999,2,7,,0,2,3,21,B01
202100054000,2,7,,2,0,9,1,A01
202100054001,1,33,,0,2,3,1,B01
202100054001,2,7,,0,2,3,1,A01
202100054002,1,34,,0,2,1,1,B01
202100054002,3,7,,0,2,3,17,A01
202100054003,1,7,,0,0,2,26,A01
202100054004,1,2,,9,0,1,1,A01
202100054005,1,20,,0,1,2,16,A01
202100054006,1,7,,0,1,2,1,A01
202100054007,3,7,,0,2,1,5,A01
202100054007,3,7,,0,2,3,23,C01
202100054007,3,7,,0,2,3,1,B01
202100054008,2,7,,13,0,1,1,A01
202100054009,2,33,,0,2,7,16,B01
202100054009,2,7,,0,2,3,2,A01
202100054010,1,31,,0,2,0,0,B01
202100054010,1,7,,0,2,2,0,A01
202100054011,1,7,,0,2,4,1,D01
202100054011,1,7,,0,2,6,1,C01
202100054011,1,7,,3,2,2,21,A01
202100054012,1,7,,3,0,2,26,A01
202100054013,2,7,,0,2,1,2,C01
202100054013,2,7,,0,2,1,2,D01
202100054013,2,7,,0,2,1,2,B01
202100054013,2,7,,0,2,4,2,E01
202100054013,2,7,,0,2,1,2,A01
202100054014,2,7,,4,0,3,26,A01
202100054015,1,7,,0,2,1,1,B01
202100054016,1,7,,0,2,1,14,A01
202100054016,1,10,,0,2,3,1,B01
202100054016,1,7,,0,2,1,1,C01
202100054017,2,7,,0,2,6,23,B01
202100054017,2,14,,1,0,2,1,A01
202100054018,1,7,,0,2,1,26,A01
202100054018,1,7,,0,2,4,0,B01
202100054019,2,7,,0,2,4,2,E01
202100054019,2,7,,0,2,4,2,D01
202100054019,2,7,,0,2,4,2,C01
202100054019,2,10,,0,2,4,2,B01
202100054019,2,7,,0,2,1,2,A01
202100054020,1,7,,0,2,4,2,B01
202100054020,1,10,,0,2,1,2,A01
202100054021,1,7,,0,2,4,2,B01
202100054021,1,7,,0,2,1,2,A01
202100054022,1,32,,0,0,9,1,A01
202100054023,1,32,,0,2,1,1,B01
202100054023,2,33,,0,2,1,13,A01
202100054024,2,30,,12,0,7,26,A01
202100054025,1,30,,0,2,8,3,A01
202100054025,1,7,,0,2,5,1,B01
202100054026,1,7,,0,2,1,15,A01
202100054026,1,7,,0,2,8,1,B01
202100054027,1,10,,6,0,1,1,A01
202100054028,1,7,,8,0,1,16,A01
202100054029,2,7,,0,2,8,1,A01
202100054029,2,7,,0,2,2,12,B01
202100054030,3,7,,0,2,1,16,Z01
202100054030,2,7,,0,2,7,1,B01
202100054031,3,10,,0,2,4,23,C01
202100054031,3,7,,0,2,4,23,B01
202100054031,3,10,,0,2,1,2,A01
202100054032,1,10,,0,1,3,15,A01
202100054033,3,10,,0,9,3,1,A01
202100054033,3,39,,0,2,0,0,B01
202100054034,1,7,,0,2,1,17,A01
202100054034,2,7,,0,2,1,1,B01
202100054035,1,7,,9,1,2,2,A01
202100054036,0,7,,0,1,1,0,A01
202100054037,2,37,1.0,0,1,0,1,A01
202100054038,0,10,,0,2,3,1,B01
202100054038,0,7,,0,2,1,1,A01
202100054039,1,7,,0,1,3,1,A01
202100054040,1,2,,0,2,7,0,B01
202100054040,1,7,,0,2,3,0,A01
202100054041,0,7,,0,1,1,1,Z01
202100054042,1,7,,4,0,1,2,D01
202100054042,1,13,,4,0,0,0,C01
202100054042,1,3,,4,0,9,1,A01
202100054042,1,7,,4,0,5,11,B01
202100054043,1,7,,0,1,1,20,A01
202100054044,3,7,,0,2,7,1,B01
202100054044,3,7,,0,2,1,1,A01
202100054045,0,7,,0,1,1,1,A01
202100054046,2,7,,0,1,2,17,A01
202100054047,1,7,,0,2,4,1,B01
202100054047,1,7,,0,2,1,1,A01
202100054048,1,7,,0,1,1,9,A01
202100054049,2,7,,0,0,1,1,B01
202100054049,2,2,,0,2,7,1,A01
202100054050,1,30,,12,0,0,26,A01
202100054051,2,7,,0,2,1,1,A01
202100054051,2,1,,0,2,8,13,B01
202100054052,1,7,,0,1,1,1,A01
202100054053,3,7,,0,1,1,1,Z01
202100054054,2,7,,0,2,2,15,A01
202100054054,2,30,,0,2,8,0,B01
202100054055,1,10,,0,1,2,26,A01
202100054056,3,7,,0,2,1,1,B01
202100054056,1,7,,0,2,6,1,A01
202100054057,2,7,,0,1,3,1,A01
202100054058,2,7,,0,2,1,9,A01
202100054058,1,1,,0,2,7,1,B01
202100054059,2,7,,0,2,1,1,B01
202100054059,1,10,,0,2,2,1,A01
202100054060,2,7,,0,1,1,1,A01
202100054061,2,30,,0,2,1,17,A01
202100054061,2,7,,0,2,6,15,B01
202100054062,1,1,,0,2,1,1,B01
202100054062,1,7,,0,9,1,15,A01
202100054063,2,7,,0,1,3,1,A01
202100054064,3,7,,0,2,1,1,B01
202100054064,3,7,,9,2,7,19,A01
202100054065,3,7,,0,4,1,1,A01
202100054065,3,40,,0,2,2,1,B01
202100054066,3,7,,0,2,4,1,B01
202100054066,3,7,,0,2,1,1,A01
202100054067,-1,31,,0,2,1,0,B01
202100054067,3,7,,0,2,2,15,A01
202100054068,3,1,,0,2,8,19,B01
202100054068,3,10,,0,2,2,1,A01
202100054069,2,7,,9,2,4,2,B01
202100054069,2,7,,0,2,3,2,A01
202100054070,3,7,,0,1,2,1,A01
202100054071,2,7,,0,2,1,1,A01
202100054071,2,7,,0,2,3,16,B01
202100054072,2,2,,0,2,1,1,B01
202100054072,2,7,,0,2,3,15,A01
202100054073,3,7,,0,2,1,1,A01
202100054073,3,30,,0,2,1,1,B01
202100054074,2,7,,0,1,2,1,A01
202100054075,2,7,,0,1,1,1,A01
202100054076,2,7,,6,0,3,13,A01
202100054077,2,7,,0,2,1,24,C01
202100054077,1,31,,0,2,7,17,B01
202100054077,1,7,,0,2,3,15,A01
202100054078,0,7,,0,0,4,1,B01
202100054078,0,7,,1,2,1,1,A01
202100054079,3,50,,0,2,0,0,B01
202100054079,3,7,,0,2,3,26,A01
202100054080,1,7,,0,2,2,15,A01
202100054080,2,7,,0,2,3,1,B01
202100054081,2,7,,0,1,2,15,A01
202100054082,1,2,,0,1,7,1,A01
202100054083,3,2,,0,2,1,1,B01
202100054083,3,7,,0,2,2,19,A01
202100054084,1,7,,0,2,4,1,B01
202100054084,1,7,,14,2,1,2,A01
202100054085,1,7,,0,2,1,1,Z01
202100054085,1,30,,0,2,1,1,B01
202100054086,1,7,,0,2,4,20,Z01
202100054086,1,7,,0,2,1,23,B01
202100054087,1,7,,0,2,1,16,A01
202100054087,0,7,,0,2,2,1,B01
202100054088,3,7,,0,2,1,0,B01
202100054088,3,7,,0,2,1,0,A01
202100054089,3,10,,0,2,3,9,B01
202100054089,3,7,,0,2,7,13,A01
202100054090,1,7,,0,2,3,15,B01
202100054090,1,31,,0,2,1,1,A01
202100054091,2,7,,0,2,1,13,A01
202100054091,1,7,,0,2,3,1,B01
202100054092,1,50,,0,2,8,1,B01
202100054092,1,7,,0,2,2,16,A01
202100054093,1,7,,0,1,2,1,A01
202100054094,1,10,,0,1,2,26,A01
202100054095,1,7,,0,2,0,1,A01
202100054095,1,30,,0,2,8,15,B01
202100054096,1,33,,0,2,7,15,A01
202100054096,2,30,,0,2,1,1,B01
202100054097,1,7,,0,2,0,22,A01
202100054097,1,1,,0,2,0,1,B01
202100054098,3,30,,0,2,1,18,A01
202100054098,2,7,,0,2,2,15,B01
202100054099,1,10,,0,2,7,10,A01
202100054099,1,43,,1,2,1,17,B01
202100054100,1,7,,0,1,1,1,A01
202100054101,1,7,,0,2,7,15,A01
202100054101,2,32,,0,2,1,1,B01
202100054102,2,33,,0,0,1,1,A01
202100054103,3,7,,0,1,2,1,A01
202100054104,1,50,,0,0,2,1,A01
202100054105,1,32,,1,0,2,1,A01
202100054106,3,10,,0,2,3,2,A01
202100054106,3,50,,1,0,7,1,B01
202100054107,2,31,,0,2,3,1,B01
202100054107,1,7,,0,2,1,15,A01
202100054108,2,10,,0,1,3,26,A01
202100054109,1,7,,1,0,0,0,A01
202100054109,2,1,,1,0,0,0,B01
202100054110,1,7,,0,2,3,20,A01
202100054110,1,31,,0,2,1,1,B01
202100054111,3,32,,0,2,3,13,A01
202100054111,3,15,,0,2,3,1,B01
202100054112,0,7,,0,2,1,9,A01
202100054112,2,7,,0,2,7,1,B01
202100054113,3,7,,0,2,3,20,A01
202100054113,3,32,,0,2,4,1,B01
202100054114,3,7,,0,2,1,5,A01
202100054114,2,32,,0,2,1,1,B01
202100054115,2,3,,0,2,6,2,A01
202100054115,1,30,,0,2,1,2,B01
202100054116,1,7,,0,1,1,1,A01
202100054117,3,7,,1,0,1,5,A01
202100054118,-1,7,,0,2,4,0,B01
202100054118,-1,31,,0,2,4,26,A01
202100054119,1,7,,0,2,7,16,B01
202100054119,1,34,,0,2,8,18,A01
202100054120,1,7,,6,0,1,16,A01
202100054121,3,30,,0,2,8,1,B01
202100054121,3,7,,0,2,0,0,Z01
202100054122,1,10,,0,1,2,1,A01
202100054123,0,7,,0,2,1,2,Z01
202100054123,3,7,,0,2,4,2,B01
202100054123,3,33,,0,2,4,2,A01
202100054124,1,7,,0,1,1,14,A01
202100054125,3,7,,0,2,2,17,Z01
202100054125,1,30,,0,2,3,1,A01
202100054126,1,10,,0,2,3,15,A01
202100054126,1,2,,0,2,1,1,B01
202100054127,2,30,,0,1,1,16,A01
202100054128,2,31,,0,0,0,1,A01
202100054128,2,7,,0,0,0,15,Z01
202100054129,1,10,,3,0,6,9,A01
202100054129,1,7,,0,2,2,2,B01
202100054130,1,7,,0,2,6,15,A01
202100054130,1,7,,0,2,3,1,C01
202100054131,1,7,,0,2,3,9,B01
202100054131,2,7,,0,2,1,1,A01
202100054132,1,3,,0,0,6,0,A01
202100054132,1,7,,0,2,9,0,B01
202100054133,2,7,,5,0,1,16,A01
202100054134,0,7,,0,2,7,1,B01
202100054134,0,2,,0,2,2,15,A01