Num_Acc,senc,catv,occutc,obs,obsm,choc,manv,num_veh
202100054135,3,7,,0,1,3,2,A01
202100054136,2,7,,0,1,1,1,A01
202100054137,2,7,,1,0,1,2,A01
202100054137,2,10,,1,0,4,0,B01
202100054138,2,33,,0,2,0,15,A01
202100054138,2,7,,0,0,6,23,B01
202100054139,1,7,,0,1,2,1,A01
202100054140,2,7,,0,9,1,1,B01
202100054140,2,33,,0,2,4,16,A01
202100054141,2,7,,2,0,1,2,A01
202100054142,2,7,,0,2,8,1,A01
202100054142,1,7,,0,2,1,1,B01
202100054143,3,7,,0,2,2,15,A01
202100054143,3,2,,0,2,2,2,B01
202100054144,3,33,,13,0,1,0,A01
202100054145,1,2,,0,0,8,1,A01
202100054146,1,33,,0,2,1,1,B01
202100054146,2,7,,0,2,1,5,A01
202100054147,2,7,,0,2,1,1,B01
202100054147,2,7,,0,2,1,19,A01
202100054147,1,7,,0,2,3,23,C01
202100054148,2,10,,0,2,2,1,B01
202100054148,3,7,,0,2,3,15,A01
202100054149,2,21,,0,2,3,1,B01
202100054149,1,7,,0,2,3,1,A01
202100054150,2,33,,0,0,1,2,A01
202100054150,2,7,,0,0,6,23,B01
202100054151,2,7,,0,0,1,13,A01
202100054151,1,7,,0,0,1,0,B01
202100054152,1,7,,0,2,8,1,A01
202100054152,2,7,,0,2,1,1,B01
202100054153,2,1,,0,2,1,1,B01
202100054153,1,10,,0,9,2,1,A01
202100054154,1,10,,4,0,3,1,A01
202100054155,2,7,,3,0,5,1,A01
202100054155,2,7,,3,0,1,1,B01
202100054155,2,7,,3,2,1,1,C01
202100054155,2,7,,3,2,1,1,D01
202100054155,2,7,,3,2,1,1,E01
202100054155,2,7,,3,2,4,1,F01
202100054156,3,7,,0,2,3,2,A01
202100054156,3,31,,0,2,2,2,B01
202100054157,2,7,,15,0,2,1,A01
202100054158,2,7,,13,0,1,1,A01
202100054159,3,7,,0,0,0,1,A01
202100054160,1,7,,0,1,3,1,A01
202100054161,1,15,,0,2,3,1,A01
202100054161,2,7,,0,2,3,1,B01
202100054162,3,7,,0,2,3,15,A01
202100054162,3,2,,0,2,7,1,B01
202100054163,2,7,,0,0,9,1,A01
202100054164,0,31,,0,0,8,1,A01
202100054164,0,7,,0,0,0,15,B01
202100054165,0,33,,0,0,2,1,A01
202100054166,0,7,,0,2,0,1,A01
202100054166,0,7,,0,2,3,1,B01
202100054167,2,7,,8,0,7,0,A01
202100054168,1,10,,0,2,1,2,B01
202100054168,1,7,,0,0,4,23,A01
202100054169,0,7,,0,2,2,2,B01
202100054169,0,7,,0,2,3,2,A01
202100054170,2,7,,0,2,4,1,C01
202100054170,2,7,,0,2,4,2,B01
202100054170,2,7,,0,2,1,1,A01
202100054171,2,7,,0,2,9,1,B01
202100054171,2,7,,0,2,7,1,C01
202100054171,2,17,,0,2,2,12,A01
202100054172,1,7,,0,2,1,14,A01
202100054173,1,7,,6,0,2,14,A01
202100054174,2,33,,0,0,7,1,A01
202100054174,2,7,,0,2,3,11,Z01
202100054175,1,10,,4,0,1,0,A01
202100054175,1,7,,3,0,1,0,B01
202100054176,1,10,,0,2,5,1,B01
202100054176,1,7,,0,2,3,1,A01
202100054176,1,7,,0,2,4,1,E01
202100054176,1,7,,0,2,4,1,D01
202100054176,1,7,,0,2,4,1,C01
202100054177,1,7,,4,0,3,13,A01
202100054178,3,7,,0,9,3,1,A01
202100054178,3,1,,0,2,1,1,B01
202100054179,2,1,,0,1,4,25,A01
202100054180,1,7,,0,1,0,6,A01
202100054181,2,1,,14,0,1,1,A01
202100054182,2,1,,12,0,0,19,A01
202100054183,1,7,,0,2,2,1,B01
202100054183,1,7,,15,2,3,9,A01
202100054184,1,7,,14,0,2,2,A01
202100054184,1,7,,0,2,6,23,B01
202100054185,1,7,,6,0,9,17,A01
202100054186,3,7,,0,1,1,16,A01
202100054187,1,10,,0,1,2,21,A01
202100054188,2,33,,0,2,1,1,B01
202100054188,2,10,,0,2,2,9,A01
202100054189,1,7,,0,1,1,1,A01
202100054190,1,7,,0,0,7,1,A01
202100054191,0,7,,0,2,6,9,A01
202100054191,0,33,,0,2,7,9,B01
202100054192,0,7,,0,1,8,1,A01
202100054193,0,7,,0,0,0,1,B01
202100054193,0,33,,0,0,7,1,A01
202100054194,1,33,,0,2,1,18,A01
202100054194,2,7,,0,2,1,0,B01
202100054195,1,14,,0,2,2,16,A01
202100054195,2,1,,0,2,0,9,B01
202100054196,3,7,,0,1,2,1,A01
202100054197,1,7,,0,1,2,1,A01
202100054198,1,7,,0,2,1,15,A01
202100054198,0,50,,0,2,8,19,B01
202100054199,1,14,,0,1,2,1,A01
202100054200,1,10,,0,2,7,1,B01
202100054200,2,30,,0,2,7,13,A01
202100054201,2,10,,0,2,6,1,B01
202100054201,1,2,,0,2,1,1,A01
202100054202,1,10,,0,2,2,19,A01
202100054202,1,37,2.0,0,2,3,1,B01
202100054203,3,30,,0,0,1,1,A01
202100054204,1,7,,0,2,1,1,A01
202100054204,1,7,,0,2,4,1,B01
202100054205,1,7,,0,1,1,15,A01
202100054206,1,32,,0,0,1,9,A01
202100054207,1,10,,0,2,2,15,B01
202100054207,2,31,,0,2,7,21,A01
202100054208,2,7,,0,2,2,2,A01
202100054208,2,1,,0,2,8,15,B01
202100054209,3,7,,0,2,1,1,A01
202100054209,3,10,,0,2,7,1,B01
202100054210,3,30,,0,2,7,26,A01
202100054210,3,7,,0,2,3,26,B01
202100054211,3,30,,0,2,1,1,A01
202100054211,3,7,,0,2,3,15,B01
202100054212,1,7,,0,0,4,1,B01
202100054212,1,7,,0,2,1,2,A01
202100054213,2,7,,0,2,1,1,B01
202100054213,3,7,,0,2,3,16,A01
202100054214,1,32,,0,1,1,1,A01
202100054215,3,7,,0,2,3,9,A01
202100054215,3,2,,0,2,1,1,B01
202100054216,1,7,,0,1,1,1,A01
202100054217,1,7,,0,1,2,0,A01
202100054218,1,7,,0,1,1,1,A01
202100054219,1,7,,0,2,3,15,B01
202100054219,2,2,,0,2,1,15,A01
202100054220,1,7,,0,2,5,1,B01
202100054220,1,7,,0,2,1,1,A01
202100054221,1,10,,0,2,7,1,A01
202100054221,2,7,,0,2,1,1,B01
202100054222,2,10,,0,1,7,16,A01
202100054223,1,14,,0,2,1,1,A01
202100054223,3,50,,0,2,3,19,B01
202100054224,3,34,,0,1,1,1,A01
202100054225,1,30,,0,0,0,0,A01
202100054225,1,7,,0,2,3,0,E01
202100054226,1,7,,0,2,1,2,A01
202100054226,1,15,,0,2,4,2,B01
202100054227,1,30,,0,2,8,2,A01
202100054228,2,7,,0,2,8,15,B01
202100054228,2,30,,0,2,2,17,A01
202100054229,2,7,,0,1,1,16,A01
202100054230,1,10,,0,1,2,1,A01
202100054231,1,30,,0,2,7,17,B01
202100054231,3,7,,0,2,3,9,A01
202100054232,2,30,,0,2,1,1,A01
202100054232,1,7,,0,2,2,1,B01
202100054233,1,7,,0,2,1,1,B01
202100054233,1,7,,0,2,4,1,A01
202100054234,3,50,,0,2,8,19,A01
202100054234,3,7,,0,2,5,1,B01
202100054235,1,34,,0,2,3,1,B01
202100054235,1,7,,0,2,2,1,A01
202100054236,1,7,,0,2,1,1,A01
202100054236,1,34,,0,2,4,15,B01
202100054237,2,7,,0,1,1,16,A01
202100054238,2,37,1.0,0,1,3,7,A01
202100054239,2,50,,0,1,1,1,A01
202100054240,1,7,,0,2,8,15,A01
202100054240,1,30,,0,2,7,1,B01
202100054241,2,37,1.0,0,2,7,23,B01
202100054241,2,50,,0,2,8,16,A01
202100054242,1,7,,0,2,1,15,A01
202100054242,2,33,,0,2,1,1,B01
202100054243,1,34,,0,2,1,3,B01
202100054243,1,7,,0,2,8,22,A01
202100054244,1,32,,0,0,1,1,A01
202100054245,1,7,,0,2,3,15,B01
202100054245,2,1,,0,2,1,17,A01
202100054246,0,7,,0,1,3,1,A01
202100054247,3,30,,0,0,3,1,A01
202100054248,3,50,,0,1,0,1,Z01
202100054249,2,7,,11,0,2,1,A01
202100054250,2,33,,0,2,1,18,A01
202100054250,2,10,,0,2,3,15,B01
202100054251,1,31,,0,1,1,0,B01
202100054252,1,13,,1,0,6,11,A01
202100054252,1,2,,0,2,2,2,B01
202100054253,1,10,,0,2,4,4,A01
202100054253,1,2,,0,2,1,2,B01
202100054254,1,7,,0,2,1,1,A01
202100054254,1,1,,0,2,4,26,B01
202100054255,1,10,,0,2,3,1,A01
202100054255,1,7,,0,2,3,2,C01
202100054255,1,7,,0,2,9,1,B01
202100054256,1,14,,0,1,3,1,A01
202100054257,0,7,,0,1,1,1,A01
202100054258,2,43,,0,1,2,1,A01
202100054259,1,2,,0,1,1,1,A01
202100054260,2,1,,0,2,8,1,B01
202100054260,1,7,,0,2,1,15,A01
202100054261,3,7,,0,2,3,11,A01
202100054261,3,32,,0,2,1,3,B01
202100054261,3,7,,0,2,1,1,C01
202100054262,1,7,,0,1,2,1,A01
202100054263,1,1,,0,2,0,1,B01
202100054263,1,7,,0,2,5,16,A01
202100054264,1,1,,0,2,4,2,B01
202100054264,1,10,,0,2,2,2,A01
202100054265,2,7,,2,0,7,14,A01
202100054266,1,14,,0,2,3,1,C01
202100054266,2,10,,0,2,6,1,B01
202100054266,2,7,,0,2,2,1,A01
202100054267,3,7,,13,0,9,1,A01
202100054268,2,7,,4,0,0,1,A01
202100054269,2,17,,0,2,6,1,A01
202100054269,1,10,,0,2,3,1,B01
202100054270,2,7,,15,0,3,0,A01
202100054271,1,7,,0,2,1,13,A01
202100054271,2,7,,0,2,1,1,B01
202100054272,1,7,,0,1,1,1,A01
202100054273,1,7,,0,2,3,1,B01
202100054273,2,7,,0,2,3,1,A01
202100054274,1,7,,2,0,2,13,A01
202100054275,2,7,,0,1,1,1,A01
202100054276,1,7,,14,0,1,1,A01
202100054277,1,1,,0,2,2,1,B01
202100054277,1,7,,0,2,3,16,A01
202100054278,2,7,,0,2,8,19,A01
202100054278,1,33,,0,2,1,1,B01
202100054279,2,7,,0,1,3,1,A01
202100054280,0,7,,3,0,3,1,A01
202100054281,2,7,,0,1,3,1,A01
202100054282,1,7,,3,0,1,1,A01
202100054283,1,2,,0,2,1,1,A01
202100054283,1,7,,0,0,4,23,B01
202100054284,1,15,,0,2,3,1,B01
202100054284,2,7,,0,9,-1,2,C01
202100054284,1,7,,0,9,1,2,D01
202100054284,2,7,,0,2,3,5,A01
202100054285,1,7,,0,2,3,11,A01
202100054285,1,10,,0,2,2,1,B01
202100054285,1,17,,0,2,2,1,C01
202100054286,2,38,13.0,16,0,7,1,A01
202100054287,3,7,,1,0,2,14,A01
202100054288,3,10,,0,2,6,1,A01
202100054288,3,7,,0,2,3,16,B01
202100054289,1,7,,0,0,3,9,A01
202100054289,2,33,,0,2,1,1,B01
202100054290,2,7,,13,0,1,1,A01
202100054291,2,7,,0,1,2,14,A01
202100054292,2,7,,0,1,1,1,A01
202100054293,1,7,,0,1,1,1,A01
202100054294,2,7,,0,2,1,15,A01
202100054294,1,2,,0,2,1,1,B01
202100054295,2,7,,0,2,6,15,A01
202100054295,1,33,,0,2,1,1,B01
202100054296,2,7,,3,0,6,1,A01
202100054296,2,7,,0,0,0,1,B01
202100054297,1,7,,0,2,2,2,A01
202100054297,1,1,,0,0,4,2,B01
202100054298,2,7,,0,1,2,1,A01
202100054299,1,30,,4,0,3,1,A01
202100054300,2,7,,0,1,1,1,A01
202100054301,1,7,,0,2,4,2,E01
202100054301,1,7,,0,2,4,2,D01
202100054301,1,7,,0,2,4,2,C01
202100054301,1,10,,0,2,4,2,B01
202100054301,1,7,,0,2,1,2,A01
202100054302,2,32,,0,2,0,3,A01
202100054303,1,10,,0,2,1,2,C01
202100054303,1,7,,0,2,4,2,B01
202100054303,1,10,,0,2,4,1,A01
202100054304,3,7,,0,2,3,1,A01
202100054304,3,7,,0,2,3,0,B01
202100054305,1,1,,0,2,1,1,B01
202100054305,1,7,,0,2,1,9,A01
202100054306,2,7,,0,2,7,15,B01
202100054306,2,2,,0,2,0,0,A01
202100054307,0,7,,0,0,0,1,A01
202100054308,2,7,,9,0,6,16,A01
202100054309,3,7,,0,1,1,1,A01
202100054310,3,33,,0,2,1,1,B01
202100054310,3,7,,0,2,3,15,A01
202100054311,2,7,,0,1,1,1,A01
202100054312,3,7,,0,1,2,26,A01
202100054313,1,7,,9,2,2,1,A01
202100054314,1,0,,0,1,7,16,A01
202100054315,1,7,,0,2,1,1,B01
202100054315,2,2,,0,2,5,1,A01
202100054316,1,2,,0,0,5,1,B01
202100054316,1,1,,0,2,8,7,A01
202100054317,1,33,,0,2,1,15,B01
202100054317,2,15,,0,2,8,26,A01
202100054318,1,7,,0,2,4,23,B01
202100054318,1,7,,0,2,1,2,A01
202100054319,2,7,,0,2,1,1,B01
202100054319,1,7,,0,2,2,13,A01
202100054320,0,7,,0,2,5,26,A01
202100054320,3,1,,0,2,0,1,B01
202100054321,1,7,,0,2,1,1,A01
202100054321,1,7,,0,2,3,16,B01
202100054322,2,7,,0,1,3,15,A01
202100054323,2,7,,0,2,1,1,B01
202100054323,1,7,,0,2,1,13,A01
202100054324,0,32,,0,0,8,15,A01
202100054324,1,10,,0,2,2,0,B01
202100054325,1,30,,0,1,1,1,A01
202100054326,2,7,,0,2,3,9,A01
202100054326,3,1,,0,2,1,1,B01
202100054327,2,7,,0,2,4,1,C01
202100054327,2,7,,0,2,4,1,B01
202100054327,2,7,,0,2,1,2,A01
202100054328,1,2,,0,1,1,26,A01
202100054329,3,7,,0,1,2,26,A01
202100054330,1,7,,0,2,6,10,A01
202100054330,1,33,,0,2,1,1,B01
202100054331,1,7,,0,1,3,1,A01
202100054332,3,7,,0,2,3,15,A01
202100054332,3,7,,0,2,3,1,B01
202100054333,1,7,,0,2,2,1,A01
202100054333,1,7,,0,2,3,15,B01
202100054334,2,7,,9,0,7,16,B01
202100054334,2,7,,0,2,1,1,A01
202100054335,1,7,,0,2,2,1,B01
202100054335,3,10,,0,2,5,4,A01
202100054336,1,10,,0,1,2,15,A01
202100054337,1,7,,0,2,1,15,B01
202100054337,2,30,,0,2,1,1,A01
202100054338,1,10,,0,2,2,1,A01
202100054338,1,1,,0,2,1,19,B01
202100054339,2,80,,0,2,2,1,A01
202100054339,1,7,,0,2,3,1,B01
202100054340,3,10,,0,1,3,1,A01
202100054341,2,7,,0,2,3,19,B01
202100054341,1,7,,0,2,1,1,A01
202100054342,2,7,,0,1,1,3,A01
202100054343,3,30,,0,0,0,1,A01
202100054344,3,1,,0,2,0,1,B01
202100054344,3,7,,0,2,1,26,A01
202100054345,3,10,,0,2,4,1,C01
202100054345,3,7,,0,2,4,1,B01
202100054345,3,7,,0,2,1,1,A01
202100054346,1,7,,0,2,1,0,B01
202100054346,1,32,,0,2,2,1,A01
202100054347,1,7,,0,2,4,2,C01
202100054347,1,7,,0,2,1,2,B01
202100054347,1,7,,0,2,1,2,A01
202100054348,2,33,,0,2,3,3,B01
202100054348,2,7,,0,2,2,12,A01
202100054349,2,7,,0,2,2,12,A01
202100054349,2,33,,0,2,8,1,B01
202100054350,2,7,,0,2,1,2,A01
202100054350,2,7,,0,2,4,2,B01
202100054350,2,7,,0,2,4,2,C01
202100054351,1,43,,0,2,7,1,A01
202100054351,1,7,,0,2,8,11,Z01
202100054352,2,7,,0,2,4,1,B01
202100054352,2,10,,0,2,1,12,A01
202100054353,1,10,,0,2,2,3,A01
202100054353,1,7,,0,2,6,1,B01
202100054354,1,7,,4,0,2,1,A01
202100054355,1,33,,0,2,7,1,A01
202100054355,1,7,,0,2,7,15,B01
202100054356,2,32,,0,1,3,17,A01
202100054357,2,31,,0,0,0,1,A01
202100054358,2,10,,0,2,1,1,B01
202100054358,2,7,,1,2,3,1,A01
202100054359,1,7,,0,2,3,15,A01
202100054359,1,32,,0,2,7,1,B01
202100054360,1,7,,0,2,4,23,B01
202100054360,1,30,,0,2,1,2,A01
202100054361,1,1,,8,0,1,1,A01
202100054362,1,7,,6,0,1,1,A01
202100054363,1,7,,0,2,1,1,B01
202100054363,1,10,,0,2,2,1,A01
202100054364,3,33,,0,2,7,15,A01
202100054364,3,10,,0,2,3,1,B01
202100054364,3,7,,0,2,1,15,C01
202100054365,3,0,,0,1,0,15,A01
202100054366,2,7,,0,2,4,0,B01
202100054366,1,7,,0,2,4,2,A01
202100054367,2,7,,0,1,1,13,A01
202100054368,2,33,,0,2,1,2,A01
202100054368,1,14,,0,2,6,15,B01
202100054369,2,7,,0,2,3,26,A01
202100054369,2,30,,0,2,1,11,B01
202100054370,2,7,,0,2,2,1,A01
202100054370,2,7,,0,2,3,1,B01
202100054371,1,7,,0,9,2,1,B01
202100054371,1,80,,0,2,8,1,A01
202100054372,1,7,,0,0,4,16,A01
202100054372,1,7,,0,2,1,16,B01
202100054373,-1,7,,0,1,1,1,A01
202100054374,3,7,,8,0,1,1,A01
202100054375,3,7,,8,0,2,1,A01
202100054376,1,7,,0,2,7,22,A01
202100054376,1,1,,1,0,0,1,B01
202100054377,1,1,,0,1,1,1,A01
202100054378,1,7,,0,2,1,2,A01
202100054378,1,7,,0,2,4,2,B01
202100054378,1,7,,0,2,4,1,C01
202100054379,1,7,,0,2,2,16,A01
202100054379,1,1,,0,2,8,1,B01
202100054380,0,21,,0,0,7,16,A01
202100054381,1,7,,0,2,8,19,A01
202100054381,2,2,,0,2,1,1,B01
202100054382,2,7,,0,1,1,9,A01
202100054383,1,10,,3,0,1,1,A01
202100054384,2,7,,13,0,1,1,A01
202100054385,1,7,,0,2,3,1,B01
202100054385,2,7,,8,2,2,15,A01
202100054386,3,7,,0,1,3,1,A01
202100054387,2,2,,0,2,1,1,A01
202100054387,1,10,,0,2,1,23,B01
202100054388,2,7,,0,2,3,15,A01
202100054388,2,15,,0,2,2,2,B01
202100054389,3,7,,10,0,1,1,A01
202100054390,2,7,,5,0,1,1,A01
202100054391,1,10,,7,2,3,17,A01
202100054391,1,7,,0,2,3,16,B01
202100054392,2,7,,15,0,2,1,A01
202100054393,0,7,,0,1,2,21,A01
202100054394,3,7,,0,0,4,2,D01
202100054394,3,7,,0,2,4,2,C01
202100054394,1,7,,0,2,4,2,B01
202100054394,1,10,,0,2,1,2,A01
202100054395,2,14,,0,2,8,15,A01
202100054395,1,7,,0,2,1,1,B01
202100054396,2,1,,0,2,0,13,A01
202100054396,2,7,,0,9,2,17,B01
202100054397,1,13,,0,0,6,1,B01
202100054397,2,13,,0,2,1,1,A01
202100054398,3,7,,0,0,3,16,A01
202100054398,3,1,,0,2,1,1,B01
202100054399,2,7,,0,1,2,1,A01
202100054400,1,7,,4,0,1,1,A01
202100054401,1,7,,0,1,1,1,A01
202100054402,2,7,,0,2,1,1,B01
202100054402,2,7,,0,2,1,5,A01
202100054403,2,7,,0,2,4,2,B01
202100054403,2,7,,0,2,1,2,A01
202100054404,2,7,,0,2,1,1,A01
202100054404,2,10,,0,0,4,1,B01
202100054405,1,7,,0,2,1,1,A01
202100054405,1,7,,0,2,4,1,B01
202100054405,1,7,,0,2,4,1,C01
202100054405,1,7,,0,2,4,1,D01
202100054406,2,7,,0,2,8,1,B01
202100054406,2,7,,0,2,4,2,A01
202100054406,2,7,,0,2,1,2,E01
202100054406,2,7,,0,2,1,1,D01
202100054406,2,33,,0,2,7,3,C01
202100054407,2,34,,0,2,1,1,A01
202100054407,2,17,,0,2,4,1,B01
202100054408,2,7,,0,2,5,0,A01
202100054408,2,33,,0,2,1,1,B01
202100054409,1,10,,0,2,1,1,C01
202100054409,1,7,,0,2,1,1,B01
202100054409,1,7,,0,2,4,23,A01
202100054410,2,10,,0,2,1,1,A01
202100054410,2,7,,1,2,4,26,B01
202100054411,1,7,,0,2,6,2,B01
202100054411,1,10,,0,2,1,2,A01
202100054412,3,10,,9,0,1,15,A01
202100054413,2,2,,0,2,1,0,B01
202100054413,1,7,,0,2,2,15,A01
202100054414,2,7,,0,2,1,1,A01
202100054414,1,7,,0,2,3,1,B01
202100054415,3,7,,0,1,1,26,A01
202100054416,1,7,,0,2,1,2,A01
202100054416,1,7,,0,2,4,2,B01
202100054417,0,7,,0,1,1,4,A01
202100054418,0,7,,0,2,0,1,C01
202100054418,0,7,,0,2,1,5,A01
202100054418,0,7,,0,2,8,1,B01
202100054418,0,7,,0,2,0,1,D01
202100054419,0,30,,0,2,1,19,A01
202100054419,1,7,,0,2,2,0,B01
202100054420,1,7,,0,2,1,13,A01
202100054420,1,7,,0,2,1,1,B01
202100054421,1,7,,0,2,1,1,B01
202100054421,2,7,,0,2,2,17,A01
202100054422,3,7,,0,2,1,1,A01
202100054422,1,33,,0,2,7,0,B01
202100054423,2,7,,0,1,1,1,A01
202100054424,1,7,,0,2,4,2,B01
202100054424,1,7,,0,2,1,2,A01
202100054425,1,7,,0,1,2,1,A01
202100054426,1,7,,0,2,8,15,B01
202100054426,1,33,,0,2,2,1,A01
202100054427,1,30,,0,2,1,13,A01
202100054427,2,7,,0,2,1,1,B01
202100054428,2,7,,0,1,2,26,A01
202100054429,0,15,,0,2,3,21,A01
202100054429,0,7,,0,2,3,13,B01
202100054430,1,10,,0,1,3,1,A01
202100054431,1,1,,0,1,1,16,B01
202100054432,2,7,,0,2,3,1,B01
202100054432,1,7,,0,2,2,15,A01
202100054433,0,7,,0,2,2,1,A01
202100054433,0,7,,0,2,1,1,B01
202100054434,0,7,,2,0,1,13,A01
202100054435,2,10,,0,1,0,1,A01
202100054436,2,7,,0,1,3,11,A01
202100054437,1,40,,0,1,1,1,A01
202100054438,1,30,,0,2,8,15,A01
202100054438,1,7,,0,2,1,1,B01
202100054439,2,7,,0,1,0,16,A01
202100054440,2,7,,0,1,2,1,A01
202100054441,1,7,,0,1,1,15,A01
202100054442,2,7,,0,2,3,1,A01
202100054442,1,1,,0,2,1,1,B01
202100054443,1,7,,0,1,3,1,A01
202100054444,1,7,,0,1,8,1,A01
202100054445,1,30,,0,1,1,0,A01
202100054446,2,7,,0,1,3,1,A01
202100054447,2,7,,0,2,1,13,A01
202100054447,1,10,,0,2,3,1,B01
202100054448,1,10,,0,2,1,15,A01
202100054448,0,1,,0,2,1,25,B01
202100054449,1,2,,0,2,2,3,B01
202100054449,0,7,,0,2,3,11,A01
202100054450,1,33,,0,2,9,1,A01
202100054450,1,7,,0,2,3,1,B01
202100054450,1,7,,0,2,2,1,C01
202100054451,1,7,,0,1,3,1,A01
202100054452,0,7,,0,0,1,1,B01
202100054452,0,7,,0,2,1,0,A01
202100054453,1,7,,0,2,1,1,B01
202100054453,2,7,,0,2,6,13,C01
202100054453,1,7,,0,2,1,1,A01
202100054454,0,10,,0,2,2,1,A01
202100054454,0,1,,0,2,4,15,B01
202100054455,3,1,,0,2,0,17,B01
202100054455,3,7,,0,2,3,15,A01
202100054456,1,33,,0,2,3,2,B01
202100054456,1,7,,0,2,2,15,A01
202100054457,2,37,1.0,0,2,5,15,B01
202100054457,1,33,,0,2,1,17,A01
202100054458,2,10,,0,2,8,15,A01
202100054458,1,34,,0,2,1,1,B01
202100054459,0,3,,0,1,1,0,A01
202100054460,1,2,,12,0,1,2,A01
202100054461,2,7,,0,2,1,2,A01
202100054461,2,2,,0,2,4,1,B01
202100054462,1,10,,0,2,2,1,A01
202100054462,1,7,,0,2,6,1,B01
202100054463,3,30,,0,2,7,1,A01
202100054464,3,31,,0,0,0,0,A01
202100054464,3,7,,0,0,0,1,B01
202100054465,1,10,,0,2,3,15,A01
202100054465,3,31,,0,2,1,15,B01
202100054466,2,7,,12,2,3,13,A01
202100054466,2,7,,0,2,8,1,B01
202100054467,2,32,,0,1,1,1,A01
202100054468,2,7,,0,1,3,21,A01
202100054469,3,34,,0,1,3,3,A01
202100054470,1,7,,0,2,2,16,A01
202100054470,1,1,,0,2,2,1,B01
202100054471,1,10,,0,2,3,22,A01
202100054471,1,80,,0,2,7,17,B01
202100054472,1,7,,0,1,1,1,A01
202100054473,2,7,,0,2,2,9,A01
202100054473,2,30,,0,2,3,1,B01
202100054474,1,7,,0,2,1,1,B01
202100054474,2,7,,0,2,5,1,A01
202100054475,2,7,,1,0,1,14,A01
202100054476,2,32,,0,2,1,1,B01
202100054476,1,7,,0,2,7,16,A01
202100054477,1,7,,0,1,1,2,A01
202100054478,1,31,,0,2,7,17,B01
202100054478,1,10,,0,2,3,15,A01
202100054479,2,7,,0,2,7,1,A01
202100054479,2,1,,0,2,8,1,B01
202100054480,2,30,,0,0,0,1,A01
202100054481,1,33,,0,2,7,1,B01
202100054481,1,7,,0,2,1,9,A01
202100054482,0,7,,1,2,1,14,A01
202100054482,0,7,,0,2,3,2,B01
202100054483,1,30,,0,1,1,19,A01
202100054484,2,7,,0,2,8,15,A01
202100054484,1,7,,1,2,1,1,B01
202100054485,1,32,,0,1,1,19,A01
202100054486,-1,7,,0,1,2,1,A01
202100054487,2,10,,0,2,2,16,B01
202100054487,1,33,,0,2,1,15,A01
202100054488,1,7,,0,2,3,15,A01
202100054488,2,1,,0,2,6,1,B01
202100054489,3,10,,0,1,1,1,A01
202100054490,2,37,5.0,0,2,2,2,A01
202100054490,2,7,,0,2,4,1,B01
202100054491,1,7,,0,1,1,1,A01
202100054492,1,30,,0,2,0,1,B01
202100054492,1,7,,0,2,8,15,A01
202100054493,1,7,,0,1,5,4,A01
202100054494,0,7,,0,1,1,1,A01
202100054495,1,1,,0,1,1,1,A01
202100054496,1,1,,0,1,1,1,A01
202100054497,3,7,,0,1,6,15,A01
202100054498,2,3,,0,1,2,1,A01
202100054499,2,33,,0,2,8,1,B01
202100054499,1,7,,0,2,1,15,A01
202100054500,1,7,,0,2,3,1,B01
202100054500,1,1,,0,2,7,19,A01
202100054501,1,32,,0,2,1,2,B01
202100054501,1,7,,0,0,5,9,A01
202100054502,2,7,,0,2,3,1,A01
202100054502,2,33,,0,2,1,1,B01
202100054503,1,17,,13,0,2,1,A01
202100054504,2,7,,2,0,1,1,A01
202100054505,2,7,,0,2,2,1,B01
202100054505,1,7,,0,2,3,13,A01
202100054506,1,7,,7,0,0,13,A01
202100054507,2,7,,0,1,1,1,B01
202100054507,1,7,,0,1,3,1,A01
202100054508,2,7,,0,2,3,13,A01
202100054508,1,7,,0,2,3,1,B01
202100054509,2,7,,13,0,2,14,A01
202100054510,1,7,,0,2,3,13,A01
202100054510,2,7,,0,2,3,1,B01
202100054511,2,7,,0,1,5,1,A01
202100054512,2,7,,6,0,2,1,A01
202100054513,1,10,,0,2,2,17,A01
202100054513,1,80,,0,2,4,11,B01
202100054514,1,7,,0,2,3,1,A01
202100054514,1,7,,0,2,2,19,B01
202100054515,1,7,,0,2,2,19,A01
202100054515,2,32,,0,2,6,1,B01
202100054516,1,7,,4,2,6,1,A01
202100054516,1,15,,0,2,7,12,B01
202100054517,2,7,,0,2,1,1,A01
202100054517,1,7,,0,2,3,15,B01
202100054518,2,7,,0,2,1,2,A01
202100054518,2,7,,0,2,4,1,B01
202100054519,1,7,,0,1,2,1,A01
202100054520,1,10,,13,0,1,13,A01
202100054521,1,20,,0,2,4,1,B01
202100054521,1,17,,0,2,1,2,A01
202100054522,1,99,,0,0,3,1,A01
202100054523,1,2,,0,1,1,1,A01
202100054524,1,7,,0,2,8,1,A01
202100054524,2,7,,0,2,1,1,B01
202100054525,2,33,,0,2,2,8,B01
202100054525,1,7,,0,2,7,15,A01
202100054526,0,7,,0,1,1,1,A01
202100054527,2,7,,0,1,2,1,A01
202100054528,1,2,,0,2,1,17,A01
202100054528,1,7,,0,2,3,15,B01
202100054529,0,13,,0,1,1,1,A01
202100054530,2,2,,0,2,1,23,A01
202100054530,2,7,,0,0,5,15,B01
202100054531,2,15,,0,2,2,14,A01
202100054531,2,7,,0,2,8,1,B01
202100054532,1,7,,0,2,7,14,A01
202100054532,1,34,,0,2,3,13,B01
202100054533,1,7,,14,0,9,1,A01