Num_Acc,senc,catv,occutc,obs,obsm,choc,manv,num_veh
202100054534,1,10,,0,2,4,2,B01
202100054534,1,7,,0,2,4,2,A01
202100054534,1,7,,0,2,1,1,C01
202100054535,2,14,,0,2,4,23,A01
202100054535,2,14,,1,0,1,1,B01
202100054536,2,7,,0,2,1,0,A01
202100054536,2,7,,0,2,4,1,B01
202100054536,2,7,,0,2,8,1,C01
202100054536,1,15,,0,2,6,1,D01
202100054537,1,7,,4,2,6,1,B01
202100054537,1,14,,0,2,2,12,A01
202100054538,1,7,,2,0,1,14,A01
202100054539,1,10,,4,0,1,15,A01
202100054540,2,13,,0,2,1,2,A01
202100054540,1,7,,0,2,4,0,B01
202100054541,1,7,,3,0,3,9,A01
202100054542,2,7,,0,2,6,12,B01
202100054542,2,33,,0,2,2,2,A01
202100054543,1,33,,0,0,0,0,B01
202100054543,1,7,,0,0,0,13,A01
202100054544,2,32,,0,2,8,1,A01
202100054545,1,10,,1,0,1,2,A01
202100054545,1,7,,0,2,4,23,B01
202100054546,1,10,,0,2,5,1,B01
202100054546,1,43,,0,2,1,3,A01
202100054547,2,7,,0,2,5,0,A01
202100054547,2,33,,0,2,3,0,B01
202100054548,1,43,,0,1,1,1,A01
202100054549,1,7,,0,9,2,14,A01
202100054549,1,37,1.0,0,2,8,1,B01
202100054550,2,7,,0,2,4,2,B01
202100054550,2,7,,0,2,1,2,A01
202100054551,1,32,,1,0,1,2,A01
202100054551,1,10,,0,2,4,23,B01
202100054552,1,30,,0,2,1,1,A01
202100054552,1,7,,14,2,4,1,B01
202100054553,2,10,,0,1,1,19,A01
202100054554,1,10,,0,0,3,1,A01
202100054555,3,7,,0,2,1,15,A01
202100054555,1,7,,0,2,2,1,B01
202100054556,1,7,,0,1,3,1,A01
202100054557,2,7,,0,2,6,1,B01
202100054557,2,17,,0,2,2,12,A01
202100054558,2,1,,0,0,0,1,A01
202100054559,2,7,,0,2,3,1,B01
202100054559,1,7,,0,2,2,9,A01
202100054560,1,33,,0,0,7,1,A01
202100054561,1,7,,0,2,2,1,B01
202100054561,1,7,,0,2,1,11,A01
202100054562,1,10,,0,1,1,19,A01
202100054563,1,7,,0,2,3,1,B01
202100054563,1,7,,0,2,1,13,A01
202100054564,0,7,,0,1,1,1,A01
202100054565,0,1,,0,2,1,5,B01
202100054565,0,7,,0,2,3,1,A01
202100054566,2,7,,0,1,1,1,A01
202100054567,1,10,,0,2,2,2,A01
202100054568,2,7,,0,2,4,1,C01
202100054568,2,7,,0,2,4,1,B01
202100054568,2,7,,0,2,1,1,A01
202100054569,1,7,,0,1,2,1,A01
202100054570,2,7,,16,0,8,14,A01
202100054571,1,7,,0,1,4,4,A01
202100054572,1,10,,1,0,2,14,A01
202100054573,1,31,,0,2,1,1,B01
202100054573,2,14,,0,2,3,19,A01
202100054574,3,7,,0,0,2,2,B01
202100054574,3,7,,0,0,1,10,A01
202100054575,1,7,,0,2,1,1,A01
202100054575,2,7,,0,2,7,9,B01
202100054576,1,7,,0,2,2,26,A01
202100054576,1,3,,0,2,4,2,B01
202100054577,1,7,,1,2,3,1,A01
202100054577,1,7,,1,2,3,20,B01
202100054578,3,7,,0,1,1,1,A01
202100054579,1,7,,6,0,1,26,A01
202100054580,1,7,,1,0,3,0,A01
202100054581,3,7,,0,2,1,1,A01
202100054581,3,7,,12,0,8,9,B01
202100054582,2,33,,12,0,1,13,A01
202100054583,1,7,,14,0,1,13,A01
202100054584,1,7,,0,1,1,1,Z01
202100054585,3,7,,0,1,2,1,A01
202100054586,1,7,,0,2,3,9,A01
202100054586,2,1,,0,2,7,1,B01
202100054587,2,2,,0,2,1,1,A01
202100054587,2,7,,0,2,3,1,B01
202100054588,0,34,,0,2,0,0,A01
202100054589,3,7,,2,0,1,21,A01
202100054590,3,33,,0,2,1,26,B01
202100054590,3,7,,0,2,4,23,Z01
202100054591,1,10,,0,2,4,1,B01
202100054591,1,7,,0,2,1,1,A01
202100054592,3,7,,0,2,8,22,A01
202100054592,3,1,,1,0,1,1,B01
202100054593,1,7,,15,2,1,13,A01
202100054593,2,7,,0,2,8,1,B01
202100054594,2,32,,0,2,3,1,B01
202100054594,1,7,,0,2,3,5,A01
202100054595,1,7,,0,1,2,16,A01
202100054596,1,7,,0,2,7,1,A01
202100054596,1,1,,0,2,8,13,B01
202100054597,1,7,,0,1,3,15,A01
202100054598,2,7,,0,2,3,15,A01
202100054598,1,7,,0,2,3,1,B01
202100054599,1,7,,0,1,0,0,A01
202100054600,1,7,,1,2,3,1,B01
202100054600,2,7,,0,2,1,13,A01
202100054601,2,32,,0,2,7,3,B01
202100054601,2,7,,0,2,6,13,A01
202100054602,1,1,,0,1,1,1,A01
202100054603,1,7,,0,1,4,4,A01
202100054604,1,2,,0,2,3,17,A01
202100054604,1,10,,0,2,8,15,B01
202100054605,3,60,,0,2,1,19,B01
202100054605,3,7,,0,2,2,15,A01
202100054606,3,1,,0,2,2,19,A01
202100054606,1,34,,0,2,3,1,B01
202100054607,1,30,,0,9,2,1,A01
202100054608,2,7,,0,1,2,1,A01
202100054609,1,7,,0,2,8,15,B01
202100054609,1,30,,0,2,2,17,A01
202100054610,1,7,,0,1,2,26,A01
202100054611,2,7,,0,0,0,15,B01
202100054611,2,30,,0,2,0,17,A01
202100054612,1,7,,0,1,1,26,A01
202100054613,-1,7,,14,0,1,2,A01
202100054613,-1,7,,14,0,1,23,B01
202100054613,-1,7,,14,0,4,23,C01
202100054614,-1,7,,0,2,7,1,A01
202100054614,-1,30,,0,2,0,1,B01
202100054615,2,1,,0,0,0,1,A01
202100054616,0,10,,0,1,1,0,A01
202100054617,2,30,,0,2,1,1,A01
202100054617,3,7,,0,2,8,1,B01
202100054618,1,7,,0,2,6,1,B01
202100054618,1,33,,0,2,2,18,A01
202100054619,1,14,,0,1,5,16,A01
202100054620,0,7,,0,2,4,0,A01
202100054620,0,7,,0,2,1,26,B01
202100054621,1,33,,0,2,3,17,B01
202100054621,2,7,,0,2,8,15,A01
202100054622,1,7,,13,6,1,1,A01
202100054623,3,7,,15,9,1,1,A01
202100054624,1,7,,1,0,1,2,A01
202100054624,1,7,,0,0,4,23,B01
202100054625,1,7,,0,2,1,1,A01
202100054625,2,7,,0,2,1,1,B01
202100054626,2,7,,8,0,5,1,A01
202100054627,2,10,,0,2,3,19,A01
202100054627,1,15,,0,2,2,1,B01
202100054628,3,36,,13,0,0,1,A01
202100054629,2,2,,0,0,9,1,A01
202100054630,-1,7,,0,2,6,19,A01
202100054630,-1,2,,0,2,1,1,B01
202100054631,1,33,,0,2,1,1,B01
202100054631,2,7,,0,2,3,15,A01
202100054632,1,33,,0,0,7,1,A01
202100054633,1,15,,0,2,3,13,A01
202100054633,2,7,,0,2,3,1,B01
202100054634,2,7,,0,2,4,23,B01
202100054634,2,31,,0,2,1,2,A01
202100054635,2,7,,0,2,1,2,C01
202100054635,2,10,,0,2,1,1,B01
202100054635,1,7,,0,2,1,1,A01
202100054636,1,7,,0,1,1,0,A01
202100054637,1,7,,7,0,3,1,A01
202100054638,2,7,,0,2,1,15,B01
202100054638,1,7,,0,2,1,1,A01
202100054639,0,7,,1,1,2,1,A01
202100054640,2,7,,0,1,1,1,A01
202100054641,1,7,,0,2,2,2,A01
202100054641,1,7,,0,0,6,2,B01
202100054642,3,7,,16,0,2,1,A01
202100054643,2,7,,13,0,1,1,A01
202100054644,1,31,,12,0,6,1,A01
202100054645,1,2,,0,2,3,13,B01
202100054645,2,14,,0,2,3,1,A01
202100054646,1,10,,0,2,1,9,A01
202100054646,1,50,,0,2,7,1,B01
202100054647,1,7,,0,2,4,2,B01
202100054647,1,7,,3,2,2,1,A01
202100054648,2,7,,0,2,1,13,A01
202100054648,1,7,,0,2,1,1,B01
202100054649,2,7,,0,2,7,13,A01
202100054649,1,7,,0,2,1,1,B01
202100054650,2,2,,12,0,1,1,A01
202100054651,2,7,,0,2,1,17,A01
202100054651,2,1,,0,2,8,15,B01
202100054652,0,7,,0,0,4,16,B01
202100054652,0,7,,0,2,1,2,A01
202100054653,2,10,,3,0,0,14,A01
202100054654,1,7,,0,2,3,9,B01
202100054654,1,2,,0,0,7,16,A01
202100054655,2,7,,13,0,1,19,A01
202100054656,2,7,,0,2,4,2,A01
202100054656,2,7,,0,2,1,2,B01
202100054656,2,33,,0,2,1,2,C01
202100054656,2,7,,0,2,1,2,D01
202100054657,1,7,,0,2,5,11,A01
202100054657,1,33,,0,2,1,3,B01
202100054658,2,7,,3,0,1,26,A01
202100054659,1,7,,0,2,1,2,A01
202100054659,1,7,,0,2,4,2,B01
202100054659,1,10,,0,2,1,2,C01
202100054659,1,7,,0,2,1,2,E01
202100054659,1,7,,0,2,0,1,I01
202100054659,1,7,,0,2,1,1,J01
202100054659,1,7,,0,2,1,1,K01
202100054659,1,7,,0,2,1,1,L01
202100054659,1,7,,0,2,4,2,D01
202100054659,1,7,,0,2,4,2,F01
202100054659,1,7,,0,2,1,1,G01
202100054659,1,7,,0,2,1,1,H01
202100054660,2,7,,0,2,2,12,A01
202100054660,2,7,,0,2,6,12,B01
202100054661,2,7,,0,2,5,1,B01
202100054661,2,7,,0,2,3,13,A01
202100054662,1,7,,0,2,4,2,B01
202100054662,1,33,,0,2,1,2,A01
202100054663,2,7,,0,2,1,13,A01
202100054663,1,2,,0,2,1,1,B01
202100054664,1,7,,0,0,0,26,A01
202100054665,2,7,,12,0,2,14,A01
202100054666,2,7,,0,2,4,2,B01
202100054666,2,7,,0,2,1,2,A01
202100054667,2,7,,0,2,2,1,A01
202100054667,2,1,,0,2,4,2,B01
202100054668,2,10,,9,0,1,16,A01
202100054669,1,10,,0,2,1,13,B01
202100054669,2,7,,0,2,1,26,A01
202100054670,1,7,,0,1,7,1,A01
202100054671,1,7,,1,1,3,5,A01
202100054672,1,7,,0,1,3,1,B01
202100054672,2,7,,0,1,3,1,A01
202100054673,1,10,,0,1,2,1,A01
202100054674,1,7,,0,2,6,23,B01
202100054674,1,7,,0,2,1,11,A01
202100054675,2,10,,0,1,3,1,A01
202100054676,2,7,,0,2,1,1,B01
202100054676,2,7,,0,2,8,15,A01
202100054677,2,7,,0,2,6,1,C01
202100054677,1,7,,0,2,1,1,B01
202100054677,2,7,,0,2,1,16,A01
202100054678,1,7,,2,0,1,14,A01
202100054679,2,30,,0,2,1,18,A01
202100054679,1,7,,0,2,2,15,B01
202100054680,2,7,,0,2,3,15,A01
202100054680,1,7,,0,2,2,1,B01
202100054681,3,7,,0,2,2,1,B01
202100054681,3,7,,0,2,6,9,A01
202100054682,3,7,,0,1,1,1,A01
202100054683,1,7,,2,0,0,0,A01
202100054684,3,7,,0,1,2,17,A01
202100054685,1,7,,0,1,0,10,A01
202100054686,1,2,,0,2,8,1,B01
202100054686,1,7,,0,2,0,22,A01
202100054687,3,7,,0,2,1,1,A01
202100054687,3,7,,0,2,2,15,B01
202100054688,3,2,,0,2,3,1,B01
202100054688,3,7,,0,2,2,1,A01
202100054689,1,7,,0,1,1,1,A01
202100054690,3,7,,0,0,3,1,Z01
202100054690,3,30,,0,2,2,17,A01
202100054691,1,2,,0,2,7,17,B01
202100054691,1,7,,0,2,3,15,A01
202100054692,2,32,,0,0,2,21,A01
202100054693,1,7,,0,2,3,5,A01
202100054693,1,7,,0,2,3,1,B01
202100054694,1,7,,0,1,1,16,A01
202100054695,1,7,,0,2,1,23,A01
202100054695,1,7,,0,2,4,23,B01
202100054696,1,7,,0,2,2,1,B01
202100054696,1,7,,0,2,1,9,A01
202100054697,2,7,,0,2,4,23,B01
202100054697,2,7,,0,2,1,1,A01
202100054698,1,7,,0,2,4,1,B01
202100054698,1,7,,0,2,1,15,A01
202100054699,3,10,,0,2,1,2,B01
202100054699,3,10,,0,2,1,2,A01
202100054700,1,30,,0,2,4,0,A01
202100054700,1,7,,0,2,1,1,B01
202100054701,1,7,,0,2,1,1,A01
202100054701,1,50,,0,2,1,1,B01
202100054702,2,7,,0,2,3,26,A01
202100054702,2,30,,0,2,2,1,B01
202100054703,1,7,,2,0,1,2,A01
202100054704,1,33,,6,0,1,14,A01
202100054705,3,10,,0,1,6,4,A01
202100054706,1,7,,3,6,1,0,A01
202100054707,3,7,,0,2,2,2,A01
202100054707,3,1,,0,2,4,2,B01
202100054708,3,36,,6,0,3,1,A01
202100054709,1,7,,3,9,3,2,B01
202100054709,1,7,,0,0,0,12,A01
202100054710,2,7,,8,0,1,1,A01
202100054710,2,7,,15,1,1,2,B01
202100054711,1,7,,15,1,1,1,A01
202100054712,2,10,,0,1,6,4,A01
202100054713,2,7,,0,2,3,1,A01
202100054713,1,7,,0,2,3,1,B01
202100054714,3,7,,0,2,3,1,B01
202100054714,3,7,,0,2,3,1,A01
202100054715,2,7,,0,2,1,1,A01
202100054715,2,33,,0,0,4,0,B01
202100054716,3,1,,0,0,0,1,A01
202100054717,1,10,,0,2,2,19,A01
202100054717,1,7,,0,2,3,2,B01
202100054718,1,7,,0,2,3,2,A01
202100054718,1,7,,0,0,5,23,B01
202100054719,1,7,,0,2,3,1,B01
202100054719,2,7,,0,2,3,13,A01
202100054720,1,10,,0,5,2,1,A01
202100054721,1,10,,0,2,1,1,B01
202100054721,2,7,,0,2,1,15,A01
202100054722,2,2,,0,0,1,26,A01
202100054723,2,15,,0,0,6,9,A01
202100054724,2,14,,0,2,3,1,B01
202100054724,1,7,,0,2,3,13,A01
202100054725,2,7,,9,0,1,1,A01
202100054725,2,7,,0,9,1,2,B01
202100054726,1,33,,0,9,1,3,A01
202100054727,2,32,,12,0,8,17,A01
202100054727,1,7,,0,0,0,1,B01
202100054728,2,7,,0,2,3,6,A01
202100054728,1,31,,0,2,1,1,B01
202100054729,1,7,,15,0,1,16,A01
202100054730,1,7,,2,0,2,13,A01
202100054731,1,33,,0,2,4,1,B01
202100054731,1,33,,0,2,1,1,A01
202100054732,1,7,,0,2,5,2,B01
202100054732,1,33,,0,2,1,2,A01
202100054733,2,7,,0,2,1,1,B01
202100054733,2,7,,0,0,4,1,A01
202100054734,2,31,,0,0,0,1,A01
202100054735,1,7,,0,1,3,1,A01
202100054736,2,7,,0,2,1,1,B01
202100054736,1,7,,0,2,1,1,A01
202100054737,2,7,,0,1,1,1,A01
202100054738,2,7,,0,1,1,2,A01
202100054739,2,7,,15,0,1,1,A01
202100054740,1,7,,3,0,1,1,A01
202100054741,1,7,,0,2,7,21,A01
202100054741,1,10,,4,0,1,1,B01
202100054742,2,7,,0,2,1,1,A01
202100054742,2,7,,0,2,7,1,B01
202100054743,2,7,,0,2,4,2,B01
202100054743,2,7,,0,2,1,2,A01
202100054744,1,7,,4,0,1,21,A01
202100054745,2,7,,4,0,1,1,A01
202100054746,2,7,,4,0,1,26,A01
202100054747,1,7,,4,0,2,21,A01
202100054748,1,7,,1,1,2,26,A01
202100054749,1,7,,0,2,1,2,A01
202100054749,1,7,,0,2,4,2,B01
202100054750,2,7,,0,1,1,2,A01
202100054751,1,33,,0,2,1,5,B01
202100054751,2,7,,0,2,2,15,A01
202100054752,2,7,,0,2,2,0,B01
202100054752,1,7,,0,2,3,1,A01
202100054753,1,33,,1,0,2,14,A01
202100054754,1,33,,0,1,1,1,A01
202100054755,1,32,,0,2,7,17,A01
202100054755,1,30,,0,2,8,1,B01
202100054756,3,7,,0,2,1,2,A01
202100054756,3,7,,0,2,4,2,B01
202100054757,1,14,,0,2,2,12,A01
202100054757,1,1,,0,2,8,1,B01
202100054758,1,7,,0,2,6,15,B01
202100054758,1,7,,6,2,1,26,A01
202100054759,2,33,,12,0,7,1,A01
202100054760,2,33,,0,0,0,26,A01
202100054761,1,7,,0,1,1,25,A01
202100054762,0,7,,0,2,4,1,B01
202100054762,3,30,,0,2,1,1,A01
202100054763,1,7,,1,0,3,13,A01
202100054764,0,30,,0,0,0,0,B01
202100054764,3,7,,0,2,1,15,A01
202100054765,1,40,,0,1,7,1,A01
202100054766,1,7,,9,0,1,1,A01
202100054767,3,37,1.0,0,0,6,1,B01
202100054767,2,1,,0,2,1,1,A01
202100054768,1,7,,0,1,2,1,A01
202100054769,2,7,,0,2,1,9,A01
202100054769,2,7,,0,0,4,2,B01
202100054770,2,7,,0,2,4,23,B01
202100054770,2,7,,0,2,1,2,A01
202100054770,2,7,,0,2,4,23,C01
202100054771,2,33,,0,0,2,16,A01
202100054772,0,7,,0,2,4,1,B01
202100054772,0,7,,0,2,1,1,A01
202100054773,1,1,,0,2,1,1,B01
202100054773,1,7,,0,2,3,9,A01
202100054774,2,31,,0,0,0,1,A01
202100054775,2,10,,0,2,1,1,A01
202100054775,2,7,,0,2,4,1,C01
202100054775,2,7,,0,2,4,1,B01
202100054776,2,7,,0,2,5,1,C01
202100054776,2,7,,0,2,8,1,B01
202100054776,2,17,,0,2,2,12,A01
202100054777,2,7,,11,0,3,13,A01
202100054778,1,2,,12,0,1,13,A01
202100054779,1,37,1.0,0,1,2,21,A01
202100054780,2,7,,0,1,7,1,Z01
202100054781,3,7,,0,1,2,1,A01
202100054782,2,1,,0,1,1,1,A01
202100054783,1,7,,0,2,6,13,A01
202100054783,1,43,,0,2,2,1,B01
202100054784,2,1,,12,0,1,1,A01
202100054785,1,30,,0,2,1,1,A01
202100054785,1,7,,0,2,2,1,B01
202100054786,1,10,,11,0,3,13,A01
202100054787,2,7,,0,2,3,22,A01
202100054787,2,1,,0,2,3,1,B01
202100054788,1,7,,0,2,1,1,Z01
202100054788,1,7,,0,2,4,23,A01
202100054789,1,32,,0,2,8,1,B01
202100054789,1,7,,0,2,2,9,A01
202100054790,1,7,,1,2,8,22,A01
202100054790,1,1,,1,0,0,1,B01
202100054791,2,7,,0,2,1,13,A01
202100054791,2,7,,12,2,3,21,B01
202100054792,3,7,,0,2,3,16,B01
202100054792,3,7,,0,2,3,15,A01
202100054793,0,7,,0,2,3,24,A01
202100054793,0,31,,0,2,0,0,B01
202100054794,3,37,1.0,0,2,1,2,A01
202100054794,3,7,,0,0,4,2,B01
202100054795,1,7,,0,2,2,26,B01
202100054795,3,7,,0,2,3,15,A01
202100054796,2,32,,0,2,2,1,B01
202100054796,2,10,,0,0,1,2,A01
202100054797,1,7,,0,2,1,2,A01
202100054797,1,7,,0,2,4,1,B01
202100054798,2,7,,0,2,8,15,B01
202100054798,2,7,,0,2,1,1,A01
202100054799,1,7,,0,2,1,2,A01
202100054799,1,7,,0,2,4,23,B01
202100054800,2,7,,0,1,8,1,A01
202100054801,2,7,,0,2,1,0,C01
202100054801,2,7,,0,2,8,0,B01
202100054801,1,7,,0,2,3,13,A01
202100054802,1,10,,0,2,3,1,B01
202100054802,2,7,,13,2,3,26,A01
202100054803,2,32,,13,0,1,0,A01
202100054804,2,7,,2,0,1,13,A01
202100054805,3,7,,0,2,3,1,B01
202100054805,1,10,,0,2,1,1,A01
202100054806,2,1,,0,2,1,1,B01
202100054806,2,7,,0,9,2,15,A01
202100054807,1,7,,13,9,9,1,A01
202100054808,1,7,,0,2,1,1,B01
202100054808,2,7,,0,2,1,15,A01
202100054809,2,7,,2,0,8,14,A01
202100054810,2,7,,15,0,2,1,A01
202100054811,0,32,,0,1,0,21,A01
202100054812,1,7,,0,0,9,1,A01
202100054813,2,10,,0,0,6,1,A01
202100054813,1,7,,0,2,1,13,C01
202100054813,2,2,,0,0,1,1,B01
202100054814,3,7,,2,0,1,1,A01
202100054815,2,7,,0,2,1,2,A01
202100054815,1,7,,0,2,6,2,B01
202100054815,1,7,,0,2,1,2,C01
202100054816,2,7,,2,0,8,2,A01
202100054817,2,7,,0,2,7,1,B01
202100054817,1,2,,0,2,1,19,A01
202100054818,1,33,,0,2,1,1,B01
202100054818,2,7,,0,2,3,15,A01
202100054819,1,10,,0,1,3,1,A01
202100054820,2,7,,0,2,7,2,A01
202100054820,2,50,,0,2,8,2,B01
202100054821,2,10,,3,0,1,14,A01
202100054822,1,7,,0,2,5,13,A01
202100054822,2,7,,0,2,1,1,B01
202100054823,2,7,,0,0,2,1,A01
202100054824,1,7,,0,1,2,1,A01
202100054825,2,7,,0,2,1,1,B01
202100054825,1,7,,0,2,7,1,A01
202100054825,2,7,,0,2,1,1,C01
202100054826,0,31,,3,0,0,21,A01
202100054827,3,7,,0,1,2,1,A01
202100054828,2,33,,0,2,1,2,C01
202100054828,2,33,,0,2,1,2,B01
202100054828,2,7,,0,2,4,1,A01
202100054829,1,7,,0,2,7,1,A01
202100054829,2,7,,0,2,1,1,B01
202100054830,0,33,,0,0,0,0,A01
202100054831,1,7,,6,2,2,19,A01
202100054831,2,7,,6,2,1,1,B01
202100054832,2,7,,2,0,3,0,A01
202100054833,1,7,,15,0,9,13,A01
202100054834,3,7,,2,0,3,13,A01
202100054835,2,7,,0,2,4,1,B01
202100054835,2,7,,0,2,1,14,A01
202100054836,1,7,,3,0,3,2,A01
202100054837,1,7,,3,0,2,26,A01
202100054838,1,15,,0,2,2,12,B01
202100054838,1,7,,0,0,8,1,A01
202100054839,2,7,,0,0,0,11,A01
202100054839,2,33,,0,0,0,3,B01
202100054840,2,7,,0,2,1,2,A01
202100054840,2,7,,0,2,4,2,B01
202100054841,3,30,,0,2,1,26,A01
202100054841,2,7,,0,2,2,1,B01
202100054842,0,7,,0,1,1,1,A01
202100054843,1,7,,0,1,1,1,A01
202100054844,2,31,,0,2,1,1,B01
202100054844,2,7,,0,2,2,15,A01
202100054845,1,10,,0,2,2,1,B01
202100054845,1,7,,0,2,8,10,A01
202100054846,2,30,,0,2,8,17,A01
202100054846,2,7,,0,2,1,15,B01
202100054847,2,7,,0,2,0,0,A01
202100054847,2,50,,0,2,8,1,B01
202100054848,2,7,,0,1,1,1,A01
202100054849,0,7,,1,0,6,14,A01
202100054850,2,7,,0,0,4,23,B01
202100054850,2,33,,0,2,1,1,A01
202100054851,3,10,,0,2,2,1,A01
202100054851,3,7,,0,2,4,1,B01
202100054851,3,7,,0,2,4,1,C01
202100054852,3,40,,0,2,1,1,B01
202100054852,3,7,,0,4,7,1,A01
202100054853,1,32,,0,2,7,1,B01
202100054853,2,7,,0,2,1,1,A01
202100054854,3,7,,0,0,9,1,A01
202100054855,2,7,,0,2,8,26,A01
202100054855,2,2,,0,2,1,1,B01
202100054856,2,7,,0,1,2,16,A01
202100054857,1,7,,8,0,2,1,A01
202100054858,1,7,,0,2,2,15,B01
202100054858,2,7,,0,2,2,15,A01
202100054859,2,32,,0,2,1,1,B01
202100054859,1,7,,0,2,3,15,A01
202100054860,3,37,1.0,0,0,6,9,A01
202100054861,3,7,,0,2,3,15,B01
202100054861,2,30,,0,2,1,1,A01
202100054862,3,33,,0,2,1,1,A01
202100054862,3,7,,0,2,3,23,B01
202100054863,1,30,,0,2,1,1,B01
202100054863,1,7,,0,2,6,20,A01
202100054864,2,7,,13,0,8,16,A01
202100054865,2,7,,0,2,7,1,B01
202100054865,1,30,,0,2,1,1,A01
202100054866,1,7,,0,1,1,26,A01
202100054867,2,33,,1,2,8,1,B01
202100054867,1,7,,0,2,1,15,A01
202100054868,2,7,,0,2,8,17,A01
202100054868,2,15,,0,2,7,1,B01
202100054869,1,7,,0,0,9,1,A01
202100054870,1,7,,0,2,7,0,A01
202100054870,3,7,,0,2,1,6,B01
202100054871,2,7,,0,2,4,23,A01
202100054871,2,7,,0,0,0,0,Z01
202100054872,0,7,,0,1,1,1,A01
202100054873,1,7,,0,1,2,15,A01
202100054874,2,7,,13,0,3,13,A01
202100054875,1,1,,0,2,1,1,B01
202100054875,1,7,,0,2,3,15,A01
202100054876,1,7,,0,1,3,1,A01
202100054877,1,7,,0,2,8,1,B01
202100054877,1,7,,0,2,1,1,A01
202100054878,1,1,,0,2,1,21,B01
202100054878,1,7,,0,2,2,16,A01
202100054879,1,7,,0,2,4,1,B01
202100054879,1,7,,0,2,1,2,A01
202100054880,1,7,,0,2,1,1,A01
202100054880,1,50,,0,2,7,19,B01
202100054881,1,99,,0,1,0,1,A01
202100054882,1,7,,0,2,1,9,A01
202100054882,2,1,,0,2,8,1,B01
202100054883,1,7,,0,2,1,2,A01
202100054883,1,7,,0,2,4,2,B01
202100054883,1,7,,0,2,4,2,C01
202100054884,2,30,,0,0,0,1,A01
202100054885,3,7,,6,0,1,20,A01
202100054886,1,7,,0,2,2,19,A01
202100054886,2,7,,0,2,3,1,B01
202100054887,2,10,,0,1,2,21,A01
202100054888,2,7,,0,1,3,15,A01
202100054889,2,7,,0,2,2,2,A01
202100054889,2,7,,0,2,6,2,B01
202100054890,1,33,,0,2,1,1,B01
202100054890,2,7,,0,2,2,15,A01
202100054891,2,1,,0,2,1,1,B01
202100054891,3,7,,0,2,3,9,A01
202100054892,1,7,,0,1,1,16,A01
202100054893,2,7,,0,2,8,11,A01
202100054893,2,7,,0,2,2,1,B01
202100054894,0,7,,0,1,2,15,A01
202100054895,3,7,,0,1,2,1,A01
202100054896,1,30,,0,2,1,1,B01
202100054896,1,7,,0,2,3,26,A01
202100054897,3,7,,0,2,1,1,A01
202100054897,3,7,,0,2,1,15,B01
202100054898,1,10,,0,2,1,1,A01
202100054898,1,10,,0,2,4,1,B01
202100054898,1,7,,0,2,4,1,C01
202100054898,1,7,,0,2,5,1,D01
202100054899,2,7,,0,2,2,1,A01
202100054899,1,50,,0,2,1,19,B01
202100054900,2,7,,0,1,1,1,Z01
202100054901,1,7,,0,2,2,1,B01
202100054901,1,7,,0,2,3,11,A01
202100054902,1,31,,0,2,8,1,B01
202100054902,1,7,,0,2,1,15,A01
202100054903,1,10,,0,2,3,1,B01
202100054903,1,7,,0,2,7,1,A01
202100054904,1,7,,0,2,1,1,A01
202100054904,1,7,,0,2,4,1,B01
202100054905,3,7,,0,1,1,1,A01
202100054906,1,7,,0,2,1,13,B01
202100054906,1,30,,0,2,1,1,A01
202100054907,1,7,,0,1,1,1,A01
202100054908,1,10,,0,2,0,15,A01
202100054908,1,2,,0,2,1,1,B01
202100054909,2,10,,0,0,4,1,B01
202100054909,2,7,,0,2,1,16,A01
202100054910,1,10,,0,1,1,1,A01
202100054911,1,7,,0,2,3,15,A01
202100054911,2,1,,0,2,3,1,B01
202100054912,1,2,,0,2,8,1,B01
202100054912,2,7,,0,2,3,15,A01
202100054913,1,7,,0,1,1,9,A01
202100054914,3,7,,0,2,4,1,B01
202100054914,3,7,,0,2,1,2,A01
202100054915,3,39,,0,2,1,26,B01
202100054915,1,7,,6,4,3,19,A01
202100054916,2,32,,0,2,1,2,A01
202100054916,2,10,,0,2,4,2,B01
202100054917,2,14,,0,2,1,1,A01
202100054917,2,10,,0,2,4,1,B01
202100054918,2,1,,0,2,8,13,B01
202100054918,2,1,,0,2,7,17,A01
202100054919,1,7,,0,2,3,22,A01
202100054919,1,1,,0,2,1,1,B01
202100054920,2,30,,0,0,0,1,A01
202100054921,3,30,,0,2,8,15,A01
202100054921,3,37,1.0,0,2,1,1,B01
202100054922,3,7,,0,2,3,1,A01
202100054922,3,7,,0,2,1,1,B01
202100054923,1,10,,0,1,6,4,A01
202100054924,2,1,,0,2,3,18,B01
202100054924,2,7,,0,2,2,16,A01
202100054925,2,1,,0,1,1,1,A01
202100054926,2,31,,0,2,3,1,Z01
202100054926,1,1,,0,2,3,15,A01
202100054927,2,1,,0,0,1,7,A01
202100054928,2,1,,0,2,1,17,B01
202100054928,2,10,,0,2,8,22,A01
202100054929,1,7,,0,2,1,2,A01
202100054929,1,7,,0,2,4,2,B01
202100054930,1,1,,0,1,8,1,A01
202100054931,3,7,,0,2,4,4,A01
202100054931,3,1,,0,2,8,19,B01
202100054932,1,7,,0,1,3,1,A01
202100054933,1,7,,0,1,1,15,A01
202100054934,2,7,,0,2,2,9,A01
202100054934,2,7,,0,2,3,1,B01
202100054934,1,10,,0,2,8,0,C01
202100054935,1,7,,0,2,3,15,A01
202100054935,1,33,,0,2,1,1,B01