Num_Acc,senc,catv,occutc,obs,obsm,choc,manv,num_veh
202100054936,3,30,,0,2,1,1,B01
202100054936,3,7,,0,2,1,15,A01
202100054937,2,32,,0,1,0,17,Z01
202100054938,1,10,,0,2,0,15,A01
202100054938,1,50,,0,2,3,1,B01
202100054939,2,7,,0,0,0,1,T01
202100054939,2,7,,0,2,2,10,A01
202100054939,1,32,,0,2,1,1,B01
202100054940,2,7,,0,2,1,1,A01
202100054940,2,7,,0,2,4,15,B01
202100054941,3,7,,0,2,3,1,B01
202100054941,3,30,,0,2,2,1,A01
202100054942,1,30,,1,2,1,1,B01
202100054942,1,30,,0,0,4,20,A01
202100054943,1,99,,8,2,5,19,A01
202100054943,1,7,,0,2,1,19,B01
202100054944,2,30,,0,2,0,1,A01
202100054945,-1,7,,1,0,3,0,C01
202100054945,-1,7,,0,2,1,17,A01
202100054945,3,7,,0,2,3,15,B01
202100054946,-1,7,,0,0,3,26,A01
202100054947,0,7,,0,1,1,1,A01
202100054948,1,34,,0,2,1,26,A01
202100054948,1,1,,0,2,7,19,B01
202100054949,1,7,,0,2,3,1,B01
202100054949,1,30,,0,2,1,19,A01
202100054950,0,2,,0,0,0,0,A01
202100054951,1,2,,0,0,4,1,A01
202100054951,1,2,,0,0,1,2,B01
202100054952,1,7,,0,2,1,15,A01
202100054952,1,7,,0,2,1,1,C01
202100054952,2,7,,0,2,2,1,B01
202100054953,2,7,,0,1,3,1,A01
202100054954,3,36,,2,0,0,0,A01
202100054955,3,7,,0,0,0,0,A01
202100054956,2,7,,0,2,3,1,B01
202100054956,1,7,,0,2,3,13,A01
202100054957,0,7,,8,0,1,6,A01
202100054958,3,7,,16,0,0,19,A01
202100054959,2,2,,0,0,4,2,B01
202100054959,2,7,,0,2,2,2,A01
202100054960,0,7,,0,2,9,21,B01
202100054960,3,7,,0,2,6,9,A01
202100054961,2,7,,0,2,1,1,A01
202100054961,1,7,,0,2,2,1,B01
202100054962,1,7,,6,2,3,17,A01
202100054962,2,7,,0,2,3,1,B01
202100054963,2,7,,0,0,9,1,A01
202100054964,2,7,,6,0,1,0,A01
202100054965,2,7,,16,0,0,14,A01
202100054966,2,2,,0,2,1,1,B01
202100054966,1,7,,0,2,1,15,A01
202100054967,3,7,,0,1,3,0,A01
202100054968,3,10,,0,2,1,1,A01
202100054968,0,7,,0,2,2,26,B01
202100054969,2,7,,0,0,4,2,B01
202100054969,2,7,,0,2,1,2,A01
202100054970,1,7,,0,2,2,1,B01
202100054970,1,7,,0,2,3,26,A01
202100054971,2,7,,2,0,7,14,A01
202100054972,1,17,,0,0,4,2,B01
202100054972,1,7,,0,2,1,2,A01
202100054973,2,7,,0,1,0,17,A01
202100054974,3,7,,0,2,2,15,A01
202100054974,3,32,,0,2,1,1,B01
202100054975,1,7,,0,1,3,1,A01
202100054976,2,7,,0,2,1,1,B01
202100054976,1,10,,0,2,1,13,A01
202100054977,1,7,,0,1,3,1,A01
202100054978,1,7,,0,2,3,17,B01
202100054978,1,2,,0,2,8,15,A01
202100054979,1,2,,0,2,2,17,B01
202100054979,1,2,,0,0,8,15,A01
202100054980,2,7,,0,2,1,1,B01
202100054980,1,2,,0,2,1,11,A01
202100054981,1,7,,4,0,1,26,A01
202100054982,1,7,,4,9,1,16,A01
202100054983,3,7,,0,0,6,20,A01
202100054984,2,7,,0,2,1,2,B01
202100054984,1,7,,0,2,4,2,A01
202100054985,2,33,,7,2,8,1,B01
202100054985,2,7,,0,2,7,14,A01
202100054986,2,7,,13,0,2,14,A01
202100054987,2,7,,0,2,6,9,B01
202100054987,2,15,,0,2,2,1,A01
202100054988,1,7,,0,2,0,23,D01
202100054988,1,7,,0,2,0,23,C01
202100054988,1,7,,0,2,5,23,B01
202100054988,1,7,,0,2,1,11,A01
202100054989,1,7,,0,2,4,2,C01
202100054989,1,7,,0,2,1,2,A01
202100054989,1,7,,0,2,4,2,B01
202100054990,2,7,,0,2,0,26,B01
202100054990,2,10,,0,2,4,26,A01
202100054991,2,14,,0,2,1,2,A01
202100054991,2,7,,12,0,4,1,B01
202100054992,2,7,,0,2,4,1,B01
202100054992,1,7,,0,2,1,2,A01
202100054993,1,7,,1,0,2,2,B01
202100054994,2,7,,0,2,4,2,B01
202100054994,2,10,,0,2,1,2,A01
202100054995,1,10,,0,2,5,12,A01
202100054995,1,33,,0,2,5,3,B01
202100054996,2,7,,0,0,0,2,A01
202100054997,1,10,,0,2,4,2,C01
202100054997,1,7,,0,2,4,2,B01
202100054997,1,10,,0,2,1,2,A01
202100054998,2,17,,0,2,1,1,C01
202100054998,2,7,,0,2,3,1,B01
202100054998,2,17,,0,2,7,12,A01
202100054999,2,7,,0,2,7,12,A01
202100054999,2,7,,4,2,4,2,B01
202100054999,2,7,,0,2,1,2,C01
202100055000,2,7,,4,0,2,1,A01
202100055001,1,7,,0,2,2,1,B01
202100055001,1,7,,0,2,3,9,A01
202100055002,1,7,,0,2,4,2,B01
202100055002,1,7,,0,2,1,26,A01
202100055003,2,17,,16,0,1,26,A01
202100055004,2,7,,3,0,1,21,A01
202100055005,2,7,,0,2,3,2,B01
202100055005,2,10,,0,2,6,2,C01
202100055005,1,32,,0,2,1,3,A01
202100055006,2,7,,0,1,3,1,A01
202100055007,1,32,,0,2,1,1,A01
202100055007,2,7,,0,2,3,26,B01
202100055008,2,37,1.0,0,9,5,1,B01
202100055008,1,1,,0,2,1,15,A01
202100055009,2,7,,0,2,2,2,A01
202100055009,2,7,,0,2,4,12,B01
202100055010,1,10,,0,2,3,1,B01
202100055010,1,32,,0,2,1,1,A01
202100055011,1,7,,0,2,0,0,B01
202100055011,2,7,,0,2,0,0,C01
202100055011,1,33,,3,0,1,3,D01
202100055011,2,7,,0,2,0,0,A01
202100055012,2,1,,0,0,0,26,A01
202100055013,1,7,,0,1,2,1,A01
202100055014,1,30,,0,0,9,1,A01
202100055015,2,7,,0,9,2,9,A01
202100055015,2,1,,0,2,4,18,B01
202100055016,1,17,,0,2,1,2,A01
202100055016,1,1,,0,2,4,1,B01
202100055017,2,7,,0,1,1,2,A01
202100055018,2,17,,0,2,1,1,B01
202100055018,1,7,,0,2,9,5,A01
202100055019,2,30,,0,0,8,1,A01
202100055020,2,10,,0,2,0,0,Z01
202100055020,3,1,,0,2,4,2,B01
202100055021,2,7,,0,2,1,15,A01
202100055021,1,7,,0,2,1,2,B01
202100055022,2,30,,0,2,1,17,B01
202100055022,2,7,,0,2,3,15,A01
202100055023,2,7,,0,1,0,1,Z01
202100055024,1,7,,0,2,7,15,A01
202100055024,2,14,,0,2,1,1,B01
202100055025,2,7,,0,2,3,9,B01
202100055025,2,7,,0,2,1,17,A01
202100055026,1,7,,0,9,1,26,B01
202100055026,3,99,,12,2,1,26,A01
202100055027,1,7,,0,1,1,1,A01
202100055028,1,7,,0,1,3,15,A01
202100055029,1,50,,0,1,3,26,A01
202100055030,1,7,,0,1,1,1,A01
202100055031,3,40,,0,2,2,1,C01
202100055031,3,7,,0,4,1,18,A01
202100055032,2,7,,0,2,1,2,A01
202100055032,2,7,,0,2,4,2,B01
202100055033,2,7,,0,1,3,15,A01
202100055034,2,7,,0,2,3,9,A01
202100055034,2,7,,0,2,2,1,B01
202100055035,3,1,,0,2,1,0,B01
202100055035,3,7,,0,9,2,15,A01
202100055036,1,10,,0,2,1,1,A01
202100055036,1,7,,0,2,4,23,B01
202100055037,1,7,,0,1,1,1,A01
202100055038,0,7,,0,1,2,1,A01
202100055039,2,10,,0,1,3,15,A01
202100055040,2,30,,0,2,1,1,A01
202100055040,2,7,,0,2,8,1,B01
202100055041,2,10,,0,2,2,15,B01
202100055041,1,7,,0,2,1,1,A01
202100055042,1,31,,0,2,1,1,A01
202100055042,1,30,,0,2,4,1,B01
202100055043,1,33,,0,1,9,1,A01
202100055044,0,7,,0,2,1,26,A01
202100055044,1,37,2.0,0,2,7,2,B01
202100055045,2,30,,0,2,1,17,A01
202100055045,1,7,,0,2,3,15,B01
202100055046,2,7,,0,2,6,1,B01
202100055046,1,7,,0,2,4,1,A01
202100055046,1,7,,0,2,1,1,C01
202100055047,1,7,,0,2,4,23,B01
202100055047,1,10,,0,2,1,1,A01
202100055048,1,7,,0,1,2,15,A01
202100055049,1,7,,0,1,8,1,A01
202100055050,1,7,,0,2,1,15,A01
202100055050,2,7,,0,2,1,1,B01
202100055051,1,30,,0,0,0,26,A01
202100055052,1,7,,0,2,1,1,C01
202100055052,1,10,,0,2,1,1,B01
202100055052,2,7,,0,2,3,13,A01
202100055053,1,2,,0,2,1,1,A01
202100055053,1,7,,0,2,1,1,B01
202100055054,0,7,,0,1,1,1,A01
202100055055,1,32,,10,2,1,1,A01
202100055055,0,7,,0,0,0,0,Z01
202100055056,1,7,,0,2,1,0,C01
202100055056,1,7,,0,2,6,0,B01
202100055056,1,7,,0,2,1,9,A01
202100055057,2,7,,0,1,3,26,A01
202100055058,2,2,,0,2,7,1,B01
202100055058,3,7,,0,2,0,0,Z01
202100055059,1,30,,0,2,1,1,A01
202100055059,1,1,,0,2,1,19,B01
202100055060,1,7,,0,2,1,26,A01
202100055060,1,7,,0,2,0,0,B01
202100055061,1,7,,0,9,8,1,B01
202100055061,1,80,,0,2,3,17,A01
202100055062,2,14,,0,2,8,1,B01
202100055062,1,7,,0,2,3,1,A01
202100055063,1,13,,0,2,5,1,A01
202100055063,1,1,,0,2,1,2,B01
202100055064,2,7,,0,1,1,26,A01
202100055065,1,10,,0,2,5,1,B01
202100055065,1,32,,0,2,1,1,A01
202100055066,3,60,,0,2,8,19,C01
202100055066,3,1,,0,2,8,19,B01
202100055066,3,7,,0,2,3,1,A01
202100055067,1,7,,0,1,6,1,A01
202100055068,2,7,,8,2,1,1,A01
202100055068,1,7,,8,2,1,1,B01
202100055069,3,7,,0,2,2,16,A01
202100055069,3,60,,0,2,8,19,B01
202100055070,1,1,,0,2,1,1,B01
202100055070,1,10,,0,2,8,22,A01
202100055071,2,7,,0,1,3,1,A01
202100055072,1,30,,0,2,7,10,B01
202100055072,2,7,,0,2,1,1,Z01
202100055073,2,10,,0,1,2,1,A01
202100055074,1,7,,0,2,1,1,A01
202100055074,1,7,,0,2,4,1,B01
202100055075,1,7,,0,1,1,2,FA01
202100055076,2,7,,0,1,1,16,A01
202100055077,2,37,1.0,0,1,2,1,A01
202100055078,3,2,,0,2,0,1,B01
202100055078,3,7,,0,0,0,15,A01
202100055079,3,7,,0,2,2,26,B01
202100055079,3,7,,0,2,3,26,A01
202100055080,1,7,,0,2,3,20,A01
202100055080,1,2,,0,2,1,1,B01
202100055081,1,7,,0,9,8,15,A01
202100055081,2,50,,0,2,2,18,B01
202100055082,2,20,,0,1,1,1,A01
202100055083,1,7,,0,1,2,1,A01
202100055084,0,7,,0,0,1,1,B01
202100055084,0,7,,14,1,1,1,A01
202100055085,1,30,,0,2,3,9,A01
202100055085,1,33,,0,2,1,1,B01
202100055086,-1,7,,12,0,1,9,A01
202100055087,3,30,,0,2,1,2,A01
202100055087,3,7,,0,0,6,2,B01
202100055088,1,7,,0,2,1,2,B01
202100055088,2,7,,8,0,4,2,A01
202100055089,1,7,,0,1,2,1,A01
202100055090,1,37,1.0,0,2,4,4,A01
202100055090,1,7,,0,2,1,2,B01
202100055091,0,7,,0,2,2,15,A01
202100055091,0,60,,0,2,1,19,B01
202100055092,1,1,,0,2,1,2,B01
202100055092,1,10,,0,2,1,9,A01
202100055093,2,20,,0,1,6,26,A01
202100055094,1,7,,4,9,9,2,D01
202100055094,1,7,,0,2,1,2,C01
202100055094,1,17,,0,0,0,2,A01
202100055095,1,7,,8,0,1,14,A01
202100055096,1,7,,0,2,1,19,A01
202100055096,2,7,,0,2,1,2,B01
202100055097,1,10,,0,2,2,2,A01
202100055097,1,1,,0,2,4,2,B01
202100055098,2,7,,0,2,1,1,B01
202100055098,3,38,1.0,0,2,7,19,A01
202100055099,2,7,,0,1,6,26,A01
202100055100,2,7,,0,2,3,19,B01
202100055100,2,7,,0,2,1,1,A01
202100055101,3,7,,0,2,2,15,A01
202100055101,1,2,,0,2,7,1,B01
202100055102,1,17,,0,2,3,13,A01
202100055102,2,7,,0,2,3,1,B01
202100055103,2,7,,0,1,2,1,A01
202100055104,1,7,,3,2,2,1,A01
202100055104,1,7,,0,2,6,1,B01
202100055104,2,15,,0,2,2,1,C01
202100055105,1,7,,0,2,1,1,A01
202100055105,2,7,,0,2,8,5,B01
202100055106,0,7,,0,2,1,13,A01
202100055106,0,7,,0,2,6,1,B01
202100055107,2,31,,0,2,8,1,A01
202100055107,1,10,,0,2,3,1,B01
202100055108,1,1,,0,0,0,0,A01
202100055109,2,7,,0,2,3,15,A01
202100055109,1,7,,0,2,1,16,B01
202100055110,3,7,,0,2,2,1,A01
202100055110,3,1,,0,2,5,1,B01
202100055111,1,7,,0,2,1,1,B01
202100055111,3,7,,0,2,7,19,A01
202100055112,1,7,,0,2,2,1,B01
202100055112,2,15,,0,2,3,13,A01
202100055113,2,10,,0,2,1,2,A01
202100055113,2,16,,0,0,4,2,B01
202100055114,3,2,,1,0,8,1,A01
202100055115,2,10,,13,0,3,13,A01
202100055116,1,17,,0,2,6,1,B01
202100055116,1,7,,0,2,2,2,A01
202100055117,1,14,,0,2,1,1,C01
202100055117,2,7,,0,0,6,1,B01
202100055117,2,10,,0,2,1,17,A01
202100055118,3,7,,0,1,3,15,A01
202100055119,1,7,,0,2,0,1,A01
202100055119,2,7,,0,2,3,1,B01
202100055120,1,10,,0,2,2,1,A01
202100055120,1,50,,0,2,3,1,B01
202100055121,3,7,,0,0,8,19,B01
202100055121,3,2,,0,2,1,19,A01
202100055122,2,10,,0,1,1,1,A01
202100055123,1,31,,0,2,1,5,A01
202100055123,2,7,,0,2,3,1,B01
202100055124,1,7,,0,2,3,1,B01
202100055124,2,7,,0,2,1,1,A01
202100055125,2,7,,14,0,1,1,A01
202100055126,3,7,,0,1,3,16,A01
202100055127,2,7,,0,2,3,1,B01
202100055127,1,10,,0,2,8,17,A01
202100055128,1,7,,6,0,7,1,A01
202100055129,3,7,,0,2,1,1,A01
202100055129,3,10,,0,2,8,23,B01
202100055130,2,7,,0,1,2,1,A01
202100055131,1,7,,0,2,1,1,B01
202100055131,3,7,,0,2,8,19,A01
202100055132,1,7,,6,0,2,1,A01
202100055133,2,7,,6,0,3,1,A01
202100055134,3,7,,0,2,1,1,B01
202100055134,1,7,,6,2,7,1,A01
202100055135,1,7,,0,2,1,9,B01
202100055135,1,7,,0,2,4,1,A01
202100055136,2,7,,0,2,4,2,C01
202100055136,2,15,,0,2,4,2,B01
202100055136,2,15,,0,2,1,2,A01
202100055136,2,10,,0,2,4,2,D01
202100055137,1,33,,4,0,8,1,A01
202100055138,2,7,,0,2,5,1,B01
202100055138,2,7,,0,2,3,1,A01
202100055139,2,32,,1,2,3,3,B01
202100055139,2,7,,0,2,7,12,A01
202100055140,2,7,,0,2,1,1,A01
202100055140,2,7,,0,2,4,23,B01
202100055141,1,7,,4,0,2,14,A01
202100055142,2,7,,0,2,1,0,B01
202100055142,2,7,,0,2,1,1,A01
202100055143,1,7,,0,0,9,16,A01
202100055144,1,34,,0,2,3,3,A01
202100055144,1,14,,0,0,0,0,Z01
202100055145,2,10,,0,2,1,2,B01
202100055145,2,33,,0,2,1,2,A01
202100055145,2,7,,0,2,4,2,C01
202100055146,1,7,,0,1,7,2,A01
202100055147,2,7,,0,2,3,15,B01
202100055147,2,2,,0,2,1,1,A01
202100055148,0,7,,0,1,3,1,A01
202100055149,3,7,,0,2,4,5,A01
202100055149,3,7,,0,2,3,1,B01
202100055150,1,7,,0,2,6,1,B01
202100055150,2,7,,0,2,2,9,A01
202100055151,1,7,,14,0,1,14,A01
202100055152,3,10,,9,2,1,14,A01
202100055153,1,32,,0,0,3,15,A01
202100055154,3,7,,0,2,3,9,A01
202100055154,1,7,,0,2,7,1,B01
202100055155,1,7,,0,1,2,1,A01
202100055156,1,7,,0,2,1,1,B01
202100055156,1,33,,0,2,4,1,A01
202100055157,3,7,,0,2,1,1,B01
202100055157,3,7,,0,2,7,13,A01
202100055158,2,7,,0,1,1,1,A01
202100055159,3,7,,0,2,3,1,B01
202100055159,3,7,,1,2,1,19,A01
202100055160,1,7,,0,2,3,0,D01
202100055160,2,7,,0,2,5,2,C01
202100055160,2,33,,0,2,4,2,B01
202100055160,2,33,,0,9,1,2,A01
202100055161,0,7,,0,2,1,1,A01
202100055161,0,7,,0,2,7,15,B01
202100055162,0,7,,0,1,1,16,A01
202100055163,0,7,,0,2,4,1,C01
202100055163,0,7,,0,2,1,1,B01
202100055163,0,7,,0,2,1,1,A01
202100055164,0,7,,15,0,1,1,A01
202100055165,3,1,,0,2,7,1,B01
202100055165,1,10,,0,2,1,9,A01
202100055166,3,7,,2,0,1,13,A01
202100055167,3,7,,0,2,7,1,A01
202100055167,3,7,,0,2,1,1,C01
202100055167,3,7,,0,2,1,1,B01
202100055168,1,7,,0,1,2,15,A01
202100055169,1,7,,0,1,1,9,A01
202100055170,1,7,,0,2,2,1,B01
202100055170,3,10,,0,2,1,15,A01
202100055171,3,30,,0,2,1,1,B01
202100055171,3,7,,0,2,5,15,A01
202100055172,2,1,,0,2,1,1,B01
202100055172,3,7,,0,9,3,16,A01
202100055173,2,7,,0,2,2,15,A01
202100055173,1,7,,0,2,3,1,B01
202100055174,2,2,,0,2,1,1,B01
202100055174,1,7,,0,2,1,13,A01
202100055175,2,7,,0,2,2,19,A01
202100055175,1,7,,0,2,3,2,B01
202100055176,1,50,,0,0,0,1,A01
202100055177,1,1,,0,0,0,1,A01
202100055178,1,7,,0,1,1,1,A01
202100055179,2,15,,0,2,6,1,A01
202100055179,2,7,,0,2,2,1,B01
202100055179,2,7,,0,2,3,1,C01
202100055180,1,7,,0,1,1,1,A01
202100055181,1,7,,0,1,1,1,A01
202100055182,1,7,,14,0,1,1,A01
202100055183,2,7,,0,1,1,1,B01
202100055183,1,7,,0,1,3,2,A01
202100055184,3,30,,0,2,4,2,B01
202100055184,3,10,,0,2,1,2,A01
202100055185,2,7,,0,2,4,2,B01
202100055185,2,7,,0,2,1,2,A01
202100055186,2,7,,0,2,1,15,A01
202100055186,1,80,,0,2,8,1,B01
202100055187,2,15,,0,2,3,16,A01
202100055187,1,32,,0,2,1,16,B01
202100055188,2,7,,0,2,1,1,B01
202100055188,1,7,,0,2,9,14,A01
202100055188,1,7,,0,2,6,1,C01
202100055188,1,7,,0,2,0,0,Z01
202100055189,0,3,,0,1,2,1,A01
202100055190,0,30,,0,2,1,17,A01
202100055190,0,7,,0,2,3,15,B01
202100055191,2,10,,0,1,0,1,A01
202100055192,1,43,,0,2,1,1,B01
202100055192,1,7,,0,2,1,9,A01
202100055193,1,7,,0,2,8,15,A01
202100055193,1,2,,0,2,1,17,B01
202100055194,0,7,,0,1,1,1,A01
202100055195,1,7,,0,2,3,16,A01
202100055195,1,7,,0,2,5,1,B01
202100055196,3,10,,0,2,1,1,A01
202100055196,3,7,,0,2,1,1,B01
202100055197,1,7,,0,2,4,2,B01
202100055197,1,7,,0,2,1,2,A01
202100055198,3,7,,0,2,1,2,A01
202100055198,3,10,,0,2,4,23,B01
202100055199,1,7,,4,0,1,13,A01
202100055200,2,7,,0,2,1,1,B01
202100055200,1,7,,0,2,7,26,A01
202100055201,0,7,,0,2,2,1,B01
202100055201,0,7,,0,2,1,1,A01
202100055202,2,10,,0,2,2,17,B01
202100055202,2,7,,0,2,8,15,A01
202100055203,1,7,,0,2,1,1,B01
202100055203,1,1,,0,2,1,11,A01
202100055204,2,7,,0,2,1,7,B01
202100055204,2,2,,0,2,8,15,A01
202100055205,1,31,,0,0,8,1,A01
202100055206,2,1,,0,2,1,1,B01
202100055206,1,30,,0,2,8,5,A01
202100055207,2,7,,0,2,3,9,B01
202100055207,2,30,,0,2,1,1,A01
202100055208,1,10,,0,2,1,1,B01
202100055208,1,7,,0,2,4,1,A01
202100055209,1,10,,0,2,7,12,A01
202100055209,1,43,,0,2,8,7,B01
202100055210,3,7,,0,2,2,15,A01
202100055210,3,33,,0,2,2,1,B01
202100055211,2,37,2.0,0,0,0,1,A01
202100055212,2,7,,0,2,1,15,A01
202100055212,2,1,,0,2,8,1,B01
202100055213,2,7,,0,1,3,1,A01
202100055214,1,32,,0,1,3,1,A01
202100055215,1,7,,0,2,0,15,Z01
202100055215,2,1,,0,2,0,1,B01
202100055216,3,43,,0,2,1,1,B01
202100055216,3,30,,0,2,8,9,A01
202100055217,3,10,,0,1,4,4,A01
202100055218,2,37,1.0,0,1,1,15,A01
202100055219,1,34,,0,2,1,13,A01
202100055219,1,7,,0,2,6,15,B01
202100055220,1,7,,0,1,1,1,A01
202100055221,2,1,,0,0,0,15,B01
202100055221,2,34,,0,2,3,17,A01
202100055222,2,7,,12,0,2,1,A01
202100055223,1,80,,1,2,7,1,A01
202100055223,1,7,,0,2,8,24,Z01
202100055224,1,2,,0,2,2,17,B01
202100055224,1,7,,0,2,6,17,A01
202100055225,1,7,,0,1,1,1,Z01
202100055226,2,7,,8,0,1,13,A01
202100055227,0,7,,1,0,7,1,B01
202100055227,0,7,,1,0,1,9,A01
202100055228,2,32,,0,2,4,1,B01
202100055228,2,7,,0,2,1,1,A01
202100055229,2,2,,0,2,1,2,B01
202100055229,1,7,,1,0,3,26,A01
202100055230,2,7,,0,2,8,13,A01
202100055230,2,37,1.0,0,2,2,1,B01
202100055231,2,30,,0,1,1,21,A01
202100055232,1,10,,0,2,1,1,A01
202100055232,1,7,,0,2,4,23,B01
202100055232,1,7,,0,2,4,23,C01
202100055233,2,7,,0,2,8,15,B01
202100055233,2,32,,0,2,2,17,A01
202100055234,1,32,,0,1,1,1,A01
202100055235,1,10,,0,1,8,1,A01
202100055236,1,7,,0,2,3,15,A01
202100055236,2,7,,0,2,1,1,B01
202100055237,1,7,,0,1,3,15,A01
202100055238,1,7,,13,0,1,1,A01
202100055239,2,7,,0,2,3,1,B01
202100055239,1,1,,0,2,1,19,A01
202100055240,3,7,,0,2,1,1,A01
202100055240,3,1,,0,0,1,1,B01
202100055241,2,7,,2,0,2,1,A01
202100055242,0,2,,0,2,1,1,B01
202100055242,3,7,,0,2,6,9,A01
202100055243,0,15,,0,0,0,1,A01
202100055244,1,7,,0,2,1,1,A01
202100055244,1,10,,0,2,4,1,B01
202100055244,1,10,,0,0,6,1,C01
202100055245,1,7,,2,0,0,1,A01
202100055246,1,7,,0,1,1,1,A01
202100055247,1,7,,13,0,2,1,A01
202100055248,0,7,,0,1,2,1,A01
202100055249,1,10,,0,2,1,2,D01
202100055249,1,7,,0,2,4,2,C01
202100055249,1,7,,0,2,4,0,B01
202100055249,1,7,,0,0,4,1,A01
202100055250,2,15,,3,0,3,13,A01
202100055251,2,7,,6,0,8,15,B01
202100055251,2,7,,0,2,2,13,A01
202100055252,1,7,,0,1,3,0,A01
202100055253,2,7,,0,2,3,1,B01
202100055253,1,7,,0,2,3,17,A01
202100055254,1,2,,0,2,1,15,A01
202100055254,2,7,,0,2,3,1,B01
202100055255,3,32,,0,0,0,1,A01
202100055256,1,7,,0,2,1,1,B01
202100055256,2,7,,0,2,1,1,A01
202100055257,2,7,,0,2,1,0,A01
202100055257,1,7,,0,2,1,1,B01
202100055258,2,7,,0,1,1,1,A01
202100055259,1,99,,0,0,4,0,B01
202100055259,1,10,,0,0,1,17,A01
202100055260,1,7,,0,6,1,1,A01
202100055261,1,7,,0,2,5,0,B01
202100055261,2,7,,0,2,1,0,A01
202100055262,3,7,,7,0,7,1,B01
202100055262,3,7,,0,2,1,1,A01
202100055263,1,7,,0,2,1,26,B01
202100055263,1,7,,0,2,4,26,A01
202100055264,2,7,,4,0,4,2,B01
202100055264,2,15,,0,2,1,2,A01
202100055265,2,10,,0,2,7,12,A01
202100055265,2,33,,0,2,1,3,B01
202100055266,2,33,,0,2,1,1,B01
202100055266,2,7,,0,2,1,1,A01
202100055266,2,7,,0,2,4,1,C01
202100055267,2,10,,0,2,4,2,F01
202100055267,2,7,,0,2,1,2,E01
202100055267,2,7,,0,2,1,2,C01
202100055267,2,7,,0,2,1,2,B01
202100055267,2,7,,0,2,1,2,A01
202100055268,3,32,,0,2,1,19,A01
202100055268,3,10,,0,2,7,19,B01
202100055269,3,7,,0,2,2,15,A01
202100055269,3,2,,0,2,1,2,B01
202100055270,1,1,,0,2,7,19,A01
202100055270,1,7,,0,2,1,1,B01
202100055271,2,7,,0,2,2,9,B01
202100055271,2,32,,0,2,2,26,A01
202100055272,2,7,,0,1,1,1,A01
202100055273,1,7,,0,1,7,1,A01
202100055274,1,13,,0,1,1,1,A01
202100055275,1,32,,1,0,1,13,A01
202100055276,3,7,,0,2,2,17,A01
202100055277,3,7,,0,2,3,15,A01
202100055277,3,1,,0,2,8,16,B01
202100055278,1,7,,0,1,1,1,A01
202100055279,2,7,,0,2,4,2,B01
202100055279,2,7,,0,2,1,2,A01
202100055280,3,30,,0,2,0,0,B01
202100055280,1,37,1.0,0,2,1,15,A01
202100055281,1,33,,0,2,1,2,A01
202100055281,1,7,,0,2,4,2,B01
202100055281,1,7,,0,2,4,2,C01
202100055282,3,7,,0,2,5,15,A01
202100055282,0,2,,0,2,1,1,B01
202100055283,0,2,,0,2,6,1,B01
202100055283,0,7,,0,2,8,10,A01
202100055284,1,7,,0,1,2,26,A01
202100055285,1,7,,0,2,8,10,A01
202100055285,1,7,,0,2,1,2,B01
202100055286,1,7,,0,1,1,1,A01
202100055287,3,7,,0,1,1,1,A01
202100055288,2,7,,0,2,4,0,B01
202100055288,2,37,1.0,0,2,1,1,A01
202100055289,1,7,,0,2,1,1,B01
202100055289,2,7,,0,2,7,1,A01
202100055290,1,7,,1,0,4,2,B01
202100055290,1,7,,0,2,1,26,A01
202100055291,1,32,,0,2,1,1,B01
202100055291,2,10,,0,2,2,19,A01
202100055292,3,7,,0,1,1,16,A01
202100055293,2,7,,0,2,2,17,Z01
202100055293,2,7,,0,2,6,23,B01
202100055294,1,2,,0,2,1,1,B01
202100055294,2,7,,0,2,3,15,A01
202100055295,3,32,,0,2,5,23,B01
202100055295,3,13,,0,2,1,1,A01
202100055296,3,20,,0,1,3,10,A01
202100055297,3,7,,0,2,1,1,A01
202100055297,3,7,,0,2,1,0,B01
202100055298,2,7,,0,1,3,1,A01
202100055299,1,7,,0,1,2,1,A01
202100055300,1,7,,0,1,8,1,A01
202100055301,3,7,,0,1,1,16,A01
202100055302,1,7,,0,1,1,1,A01
202100055303,2,7,,0,1,1,1,A01
202100055304,3,7,,0,1,2,15,A01
202100055305,1,7,,0,2,4,23,B01
202100055305,1,10,,0,2,1,1,A01
202100055305,1,7,,0,0,4,23,C01
202100055306,1,7,,0,1,1,15,A01
202100055307,1,3,,0,1,1,1,A01
202100055308,2,3,,6,0,1,9,A01
202100055309,1,7,,13,0,6,1,A01
202100055310,1,7,,8,0,1,1,A01
202100055311,3,7,,0,2,1,1,B01
202100055311,3,7,,0,2,3,15,A01
202100055312,3,1,,0,2,0,1,B01
202100055312,3,7,,0,2,1,17,A01
202100055313,1,7,,0,2,2,19,B01
202100055313,1,99,,0,2,3,19,A01
202100055314,2,7,,0,2,7,1,A01
202100055314,3,7,,0,2,3,0,B01
202100055315,1,60,,0,2,1,1,A01
202100055316,3,30,,0,0,8,15,A01
202100055317,1,7,,0,1,1,1,A01
202100055318,2,7,,0,2,2,1,B01
202100055318,2,30,,0,2,1,18,A01
202100055319,3,30,,0,2,1,1,B01
202100055319,3,7,,0,2,3,15,A01
202100055320,2,7,,0,2,4,2,B01
202100055320,2,7,,0,2,1,2,A01
202100055321,2,1,,0,2,1,1,B01
202100055321,2,7,,0,2,5,16,A01
202100055322,3,7,,1,1,1,1,Z01
202100055322,3,13,,0,0,7,24,B01