Num_Acc,senc,catv,occutc,obs,obsm,choc,manv,num_veh
202100055323,3,37,3.0,0,2,3,1,B01
202100055323,3,7,,0,2,7,16,A01
202100055324,3,7,,0,1,2,1,A01
202100055325,1,7,,0,2,2,15,A01
202100055325,2,32,,0,2,1,1,B01
202100055326,2,33,,0,2,7,17,A01
202100055326,0,7,,0,2,8,1,B01
202100055327,1,7,,0,2,1,1,B01
202100055327,2,7,,0,2,6,9,A01
202100055328,3,7,,0,1,2,16,A01
202100055329,3,7,,0,1,2,15,A01
202100055330,2,1,,0,2,3,1,B01
202100055330,2,7,,0,2,2,21,A01
202100055331,1,7,,0,1,1,1,A01
202100055332,1,7,,0,2,4,23,A01
202100055332,1,7,,0,2,2,26,B01
202100055333,0,1,,0,0,0,0,B01
202100055333,0,7,,0,2,4,4,A01
202100055334,1,7,,0,0,0,1,A01
202100055335,1,7,,0,1,1,1,A01
202100055336,1,30,,0,2,1,17,A01
202100055336,1,7,,0,2,3,15,B01
202100055337,3,32,,0,1,0,1,A01
202100055338,1,7,,0,2,1,1,C01
202100055338,2,7,,0,2,8,1,B01
202100055338,1,10,,0,2,1,15,A01
202100055339,2,7,,0,2,1,15,A01
202100055339,1,2,,1,2,1,1,B01
202100055340,3,30,,8,2,8,1,A01
202100055340,0,7,,0,2,2,1,B01
202100055341,3,33,,12,0,1,1,A01
202100055342,2,7,,0,1,1,15,A01
202100055343,1,7,,0,1,3,15,A01
202100055344,1,7,,0,1,1,1,Z01
202100055345,2,10,,0,2,8,11,A01
202100055345,2,31,,0,2,2,3,B01
202100055346,2,32,,4,2,8,13,A01
202100055347,2,7,,0,1,2,1,A01
202100055348,1,7,,0,2,7,1,A01
202100055348,1,34,,0,2,8,17,B01
202100055349,1,43,,12,0,1,13,A01
202100055350,2,33,,0,1,1,17,A01
202100055351,3,7,,0,2,4,23,B01
202100055351,3,14,,0,2,1,1,A01
202100055352,1,7,,0,2,6,4,A01
202100055352,1,2,,0,2,1,17,B01
202100055353,1,10,,1,2,6,1,B01
202100055353,2,7,,0,2,1,1,A01
202100055354,2,50,,0,2,3,1,B01
202100055354,2,7,,0,2,8,15,A01
202100055355,2,10,,0,2,1,1,Z01
202100055355,2,30,,0,2,0,1,A01
202100055356,1,10,,0,2,6,15,B01
202100055356,1,30,,0,2,2,17,A01
202100055357,2,7,,0,1,1,1,A01
202100055358,1,10,,0,2,2,15,A01
202100055358,2,30,,0,2,3,1,B01
202100055359,1,7,,0,1,2,1,A01
202100055360,2,7,,0,1,3,15,A01
202100055361,1,10,,0,1,1,9,A01
202100055362,2,7,,0,2,4,4,A01
202100055362,2,10,,0,2,7,21,B01
202100055363,1,1,,0,0,0,1,A01
202100055364,2,10,,0,2,1,9,A01
202100055364,2,7,,0,2,5,1,B01
202100055364,2,7,,0,2,5,2,C01
202100055364,2,7,,0,2,2,2,D01
202100055365,1,10,,1,1,2,1,A01
202100055366,2,7,,0,1,8,15,A01
202100055367,2,7,,0,2,1,2,B01
202100055367,2,1,,0,2,8,19,FA01
202100055368,1,33,,0,1,1,1,A01
202100055369,1,7,,0,2,3,15,C01
202100055369,1,7,,0,2,1,1,A01
202100055369,1,7,,0,2,4,1,B01
202100055370,1,7,,0,1,3,15,A01
202100055371,1,7,,0,2,1,15,B01
202100055371,1,7,,0,2,8,1,A01
202100055372,3,7,,0,2,1,26,A01
202100055372,3,99,,0,0,0,25,B01
202100055373,3,7,,12,0,9,2,A01
202100055374,1,7,,0,1,3,15,A01
202100055375,1,30,,0,0,8,1,A01
202100055376,0,7,,0,1,1,15,A01
202100055377,1,30,,0,1,2,1,A01
202100055378,2,10,,0,1,4,4,A01
202100055379,2,7,,0,2,4,0,B01
202100055379,2,7,,0,2,1,0,A01
202100055380,1,7,,0,1,1,16,Z01
202100055381,1,7,,0,2,6,1,B01
202100055381,1,30,,0,2,6,12,A01
202100055382,2,7,,0,2,1,1,B01
202100055382,2,30,,0,2,4,18,A01
202100055383,1,32,,0,0,0,0,A01
202100055384,1,7,,0,0,9,14,A01
202100055385,1,7,,0,1,2,1,A01
202100055386,1,7,,2,0,1,1,A01
202100055387,0,7,,6,0,3,1,A01
202100055388,2,7,,0,2,3,19,A01
202100055388,2,7,,0,2,2,1,B01
202100055389,2,2,,0,2,3,1,B01
202100055389,1,2,,0,2,3,13,A01
202100055390,2,33,,0,2,1,17,B01
202100055390,3,10,,0,2,3,19,A01
202100055391,1,7,,0,1,4,4,A01
202100055392,1,7,,0,2,1,1,B01
202100055392,2,7,,0,2,1,13,A01
202100055393,1,2,,0,2,8,1,B01
202100055393,2,7,,0,2,1,1,A01
202100055394,1,7,,0,1,2,1,A01
202100055395,2,10,,0,1,4,4,A01
202100055396,2,15,,0,0,4,1,A01
202100055396,2,7,,0,2,1,1,B01
202100055396,2,7,,0,2,1,1,C01
202100055397,2,10,,0,2,8,17,A01
202100055397,1,30,,0,2,3,1,B01
202100055398,1,7,,7,0,9,1,A01
202100055399,0,7,,0,2,1,11,A01
202100055399,0,7,,0,2,1,1,B01
202100055400,1,7,,6,0,1,1,A01
202100055401,1,7,,13,0,4,1,A01
202100055402,2,7,,0,2,6,1,C01
202100055402,2,7,,0,2,3,1,D01
202100055402,2,7,,0,2,8,1,B01
202100055402,1,7,,0,2,3,13,A01
202100055403,1,7,,0,2,1,17,A01
202100055403,1,7,,13,0,4,13,B01
202100055404,2,17,,0,2,1,1,B01
202100055404,1,14,,0,2,1,13,A01
202100055405,3,7,,0,1,1,1,A01
202100055406,1,7,,3,0,2,14,A01
202100055407,3,10,,3,0,2,0,A01
202100055408,3,32,,6,0,1,1,A01
202100055409,2,7,,9,0,1,1,A01
202100055410,0,7,,0,2,3,23,B01
202100055410,0,7,,0,2,3,16,A01
202100055411,1,7,,8,0,1,1,A01
202100055412,3,7,,0,2,3,1,B01
202100055412,3,7,,0,2,1,13,A01
202100055413,1,7,,0,2,3,13,A01
202100055413,2,7,,0,2,3,1,B01
202100055414,1,7,,0,1,3,1,A01
202100055415,2,33,,3,0,7,17,A01
202100055416,1,7,,0,9,0,1,A01
202100055417,1,7,,0,2,4,2,B01
202100055417,1,7,,0,2,1,2,A01
202100055418,1,7,,1,2,1,2,C01
202100055418,1,7,,3,0,1,2,B01
202100055418,1,7,,0,2,4,23,A01
202100055419,1,7,,4,0,3,1,A01
202100055420,1,7,,0,2,3,9,A01
202100055420,1,14,,0,2,2,26,B01
202100055421,2,10,,0,2,4,2,C01
202100055421,2,99,,0,2,1,2,A01
202100055421,2,7,,0,2,4,2,B01
202100055422,2,7,,0,2,3,12,A01
202100055422,2,10,,0,2,5,2,B01
202100055423,2,7,,4,0,8,2,A01
202100055424,2,7,,4,0,2,14,A01
202100055425,2,7,,3,0,3,2,A01
202100055426,2,7,,4,0,3,13,A01
202100055427,2,33,,0,2,8,3,A01
202100055427,2,7,,0,2,2,12,B01
202100055427,2,7,,0,2,7,1,C01
202100055427,2,7,,0,2,6,1,D01
202100055428,2,33,,0,0,0,2,A01
202100055429,1,7,,0,2,1,1,B01
202100055429,1,10,,0,2,4,1,A01
202100055430,2,7,,0,2,0,11,A01
202100055430,2,7,,0,2,0,2,B01
202100055431,1,10,,0,1,1,21,A01
202100055432,1,30,,14,0,0,26,A01
202100055433,2,10,,4,0,1,15,A01
202100055434,3,7,,0,1,1,1,A01
202100055435,1,7,,1,0,2,1,A01
202100055436,1,7,,1,0,2,14,A01
202100055437,2,30,,14,0,1,17,A01
202100055438,2,7,,0,9,0,1,A01
202100055438,1,1,,0,2,0,15,B01
202100055439,1,10,,0,2,2,13,A01
202100055439,2,7,,0,2,2,1,B01
202100055440,2,7,,0,1,3,1,A01
202100055441,1,33,,0,2,0,26,B01
202100055441,1,10,,0,2,2,0,A01
202100055442,3,31,,0,2,0,26,A01
202100055442,3,7,,5,2,3,1,B01
202100055443,2,33,,0,2,7,3,B01
202100055443,2,7,,0,2,8,11,A01
202100055444,1,7,,15,0,1,19,A01
202100055445,3,7,,0,2,8,1,B01
202100055445,1,7,,0,2,1,1,A01
202100055446,2,33,,0,2,3,1,B01
202100055446,1,7,,0,2,3,15,A01
202100055447,1,2,,0,2,1,1,B01
202100055447,1,7,,0,2,2,15,A01
202100055448,2,7,,0,2,1,5,B01
202100055448,1,7,,0,2,1,0,A01
202100055449,1,7,,0,1,1,1,A01
202100055450,1,7,,11,0,0,6,A01
202100055450,1,7,,0,2,1,1,B01
202100055450,1,7,,0,2,3,1,C01
202100055451,2,30,,0,2,1,1,B01
202100055451,2,7,,0,2,3,23,A01
202100055452,1,2,,0,2,1,1,A01
202100055452,2,7,,0,2,2,1,B01
202100055453,1,33,,0,0,8,1,A01
202100055454,2,7,,13,0,1,13,A01
202100055455,2,10,,0,2,1,1,A01
202100055455,2,7,,0,2,4,23,E01
202100055455,2,7,,0,2,4,23,D01
202100055455,2,7,,0,2,4,23,C01
202100055455,2,7,,0,2,4,23,B01
202100055456,3,7,,0,2,1,1,A01
202100055456,3,2,,0,2,1,1,B01
202100055457,2,7,,0,2,1,2,Z01
202100055457,2,80,,0,2,4,1,A01
202100055458,1,33,,0,2,1,13,A01
202100055458,1,7,,0,2,3,1,B01
202100055459,1,7,,0,2,8,1,A01
202100055459,1,80,,0,2,1,1,B01
202100055460,0,7,,0,2,3,1,B01
202100055460,0,7,,0,2,0,9,A01
202100055461,1,10,,0,2,1,2,A01
202100055461,1,43,,0,2,4,23,B01
202100055462,1,1,,0,2,0,1,B01
202100055462,1,15,,0,2,0,16,A01
202100055463,2,7,,2,0,3,26,A01
202100055464,2,37,1.0,0,2,1,1,C01
202100055464,1,7,,0,2,3,9,A01
202100055464,1,34,,0,2,1,1,B01
202100055465,2,7,,0,2,1,1,A01
202100055465,1,10,,0,2,1,15,B01
202100055466,0,7,,0,2,1,1,B01
202100055466,0,7,,0,2,8,26,A01
202100055467,3,7,,0,1,1,26,A01
202100055468,2,7,,0,1,2,21,A01
202100055469,2,10,,0,2,3,15,A01
202100055469,1,50,,0,2,1,1,B01
202100055470,1,7,,0,1,3,1,A01
202100055471,2,7,,6,0,2,1,A01
202100055472,1,7,,6,0,1,1,A01
202100055473,2,7,,0,2,7,1,A01
202100055473,3,14,,0,2,1,1,B01
202100055474,0,7,,0,1,3,11,A01
202100055475,2,99,,0,1,3,15,A01
202100055476,2,7,,8,0,1,13,A01
202100055477,1,7,,0,2,4,23,B01
202100055477,1,7,,0,2,1,1,A01
202100055478,1,7,,0,1,2,1,A01
202100055479,1,7,,0,1,3,1,A01
202100055480,0,7,,0,2,3,0,A01
202100055480,2,50,,0,2,0,0,B01
202100055481,1,30,,0,0,0,1,A01
202100055482,1,30,,0,0,0,1,A01
202100055483,3,7,,3,0,1,1,A01
202100055484,1,7,,0,2,7,1,B01
202100055484,1,60,,0,2,1,1,A01
202100055485,1,7,,0,2,4,1,C01
202100055485,0,7,,0,2,1,1,A01
202100055485,1,7,,0,2,9,1,B01
202100055486,1,7,,14,0,9,1,A01
202100055487,1,40,,0,2,1,1,B01
202100055487,2,7,,0,4,1,1,A01
202100055488,3,7,,0,2,4,1,B01
202100055488,3,7,,0,2,1,1,A01
202100055489,1,7,,0,2,3,1,B01
202100055489,2,7,,0,2,2,10,A01
202100055490,1,1,,0,2,1,5,A01
202100055490,2,7,,0,2,0,1,B01
202100055491,2,7,,0,2,4,1,B01
202100055491,2,7,,0,2,1,2,A01
202100055492,1,7,,0,2,4,2,C01
202100055492,1,7,,0,2,4,1,B01
202100055492,1,10,,0,2,1,2,A01
202100055493,1,7,,0,2,3,9,A01
202100055493,1,1,,0,2,7,1,B01
202100055494,1,30,,0,2,0,1,A01
202100055494,1,7,,0,2,2,1,B01
202100055495,2,7,,0,2,1,1,B01
202100055495,2,10,,0,2,8,9,A01
202100055496,1,7,,0,1,1,1,A01
202100055497,1,7,,0,2,4,1,B01
202100055497,1,10,,0,2,1,1,A01
202100055498,1,7,,0,1,3,1,A01
202100055499,2,7,,0,2,1,16,A01
202100055499,2,10,,0,2,4,16,B01
202100055499,2,7,,0,2,4,9,C01
202100055500,2,2,,0,2,2,1,B01
202100055500,2,7,,0,2,0,15,A01
202100055501,1,7,,0,2,4,15,E01
202100055501,1,7,,0,2,1,1,A01
202100055501,1,7,,0,0,1,1,B01
202100055501,1,7,,0,0,4,0,C01
202100055501,1,7,,0,2,0,0,D01
202100055502,3,7,,0,2,4,16,Z01
202100055502,3,2,,0,2,1,26,A01
202100055503,0,10,,0,2,2,15,A01
202100055503,0,32,,0,2,1,1,B01
202100055504,1,10,,0,2,1,1,B01
202100055504,2,7,,0,2,1,9,A01
202100055505,1,7,,0,2,3,1,B01
202100055505,2,7,,0,2,3,19,A01
202100055506,2,7,,4,2,0,0,B01
202100055506,1,7,,4,2,3,23,A01
202100055507,1,7,,0,2,2,1,B01
202100055507,1,7,,0,2,3,9,A01
202100055508,3,7,,5,0,1,1,A01
202100055509,1,33,,0,2,1,13,A01
202100055509,2,10,,0,2,1,1,B01
202100055510,1,7,,1,2,1,1,B01
202100055510,1,7,,1,2,2,15,A01
202100055511,3,7,,0,2,4,0,B01
202100055511,3,7,,0,2,1,21,A01
202100055512,2,7,,0,1,1,1,A01
202100055513,1,7,,6,0,1,1,A01
202100055514,2,7,,0,2,1,1,B01
202100055514,1,7,,0,2,4,1,A01
202100055515,3,7,,2,0,8,1,A01
202100055516,2,43,,0,2,2,3,A01
202100055516,2,7,,0,2,8,1,B01
202100055516,2,7,,0,2,7,1,C01
202100055517,1,7,,0,2,7,12,A01
202100055517,1,33,,0,2,8,1,B01
202100055518,1,37,1.0,0,1,2,1,A01
202100055519,3,7,,9,1,1,14,A01
202100055520,1,32,,0,2,1,7,A01
202100055520,1,7,,0,2,2,16,B01
202100055521,1,37,1.0,0,2,3,9,B01
202100055521,2,30,,0,2,1,1,A01
202100055522,1,7,,0,2,1,2,Z01
202100055522,1,7,,0,2,4,1,A01
202100055523,1,7,,0,1,7,1,A01
202100055524,1,2,,0,2,8,18,A01
202100055524,1,7,,0,2,7,16,Z01
202100055525,2,7,,0,1,3,1,A01
202100055526,1,2,,8,0,1,25,A01
202100055527,1,30,,0,2,3,18,A01
202100055527,1,10,,0,2,7,14,Z01
202100055528,2,34,,1,0,3,13,A01
202100055529,1,1,,0,1,1,1,A01
202100055530,1,1,,0,2,3,1,B01
202100055530,1,7,,0,2,2,16,A01
202100055531,1,2,,0,2,1,11,A01
202100055531,1,7,,0,2,4,1,B01
202100055532,0,1,,14,0,0,1,A01
202100055533,1,1,,0,2,8,1,B01
202100055533,1,14,,0,2,2,2,A01
202100055534,1,1,,9,0,1,19,A01
202100055535,2,1,,0,0,0,21,B01
202100055536,1,1,,0,1,1,1,A01
202100055537,1,50,,8,0,1,25,A01
202100055538,2,7,,0,1,2,9,A01
202100055539,2,30,,0,0,8,1,A01
202100055540,2,34,,0,0,0,1,A01
202100055541,3,32,,0,2,1,1,B01
202100055541,3,7,,0,2,5,19,A01
202100055542,3,7,,0,0,1,21,A01
202100055543,1,32,,0,2,1,1,A01
202100055543,3,7,,0,2,5,15,B01
202100055544,2,7,,0,1,2,20,A01
202100055545,2,30,,0,2,2,1,A01
202100055545,3,7,,0,2,2,1,B01
202100055546,0,30,,0,0,3,0,A01
202100055546,0,7,,0,0,0,2,B01
202100055547,1,43,,0,2,7,2,B01
202100055547,1,7,,0,2,8,13,A01
202100055548,0,7,,0,1,1,26,A01
202100055549,1,30,,0,2,8,17,A01
202100055549,1,7,,0,2,8,15,B01
202100055550,2,7,,0,2,2,15,A01
202100055550,1,33,,0,2,7,1,B01
202100055551,2,10,,2,0,7,26,A01
202100055551,1,10,,0,2,1,16,B01
202100055552,0,30,,0,2,3,26,A01
202100055552,0,7,,0,0,0,0,B01
202100055553,1,7,,7,0,3,1,A01
202100055554,1,32,,0,2,8,16,B01
202100055554,2,7,,0,2,2,1,A01
202100055555,2,7,,0,1,1,1,A01
202100055556,1,33,,12,0,3,18,A01
202100055557,1,34,,5,0,1,19,A01
202100055558,1,7,,0,2,3,15,A01
202100055558,3,7,,0,2,0,0,B01
202100055559,0,7,,0,2,2,20,A01
202100055559,0,2,,0,2,1,1,B01
202100055560,2,7,,0,2,1,1,B01
202100055560,1,7,,0,2,7,1,A01
202100055561,1,14,,0,2,1,1,B01
202100055561,2,10,,0,2,1,5,A01
202100055562,0,7,,0,2,3,15,A01
202100055562,2,33,,0,2,1,21,B01
202100055563,0,2,,5,2,1,1,B01
202100055563,0,10,,0,2,3,15,A01
202100055564,1,7,,0,2,1,17,A01
202100055564,2,7,,0,2,1,1,B01
202100055565,1,17,,13,0,2,1,A01
202100055566,0,2,,0,2,5,19,C01
202100055566,1,7,,0,2,1,1,A01
202100055567,1,7,,0,0,4,2,B01
202100055567,1,7,,0,0,6,2,C01
202100055567,1,10,,0,2,1,1,A01
202100055568,1,7,,0,2,5,17,A01
202100055568,1,7,,0,2,3,1,B01
202100055569,2,3,,0,2,3,1,B01
202100055569,1,7,,0,2,3,13,A01
202100055570,1,7,,0,0,9,1,A01
202100055571,1,33,,0,0,8,1,A01
202100055572,3,2,,0,2,1,1,A01
202100055572,3,7,,0,2,2,15,B01
202100055573,3,7,,0,0,1,1,A01
202100055574,2,33,,0,0,0,1,A01
202100055575,2,7,,13,0,2,1,A01
202100055576,2,21,,0,2,1,1,B01
202100055576,1,7,,0,2,7,26,A01
202100055577,1,13,,0,2,1,0,B01
202100055577,1,7,,0,2,7,13,A01
202100055578,1,7,,10,0,2,1,A01
202100055579,2,7,,3,0,1,16,A01
202100055580,1,7,,13,0,1,0,A01
202100055581,1,7,,0,2,3,1,B01
202100055581,2,10,,0,2,3,13,A01
202100055582,2,7,,13,0,1,1,A01
202100055583,2,7,,0,2,1,1,A01
202100055583,1,10,,0,2,1,1,B01
202100055584,3,7,,0,1,3,20,A01
202100055585,1,7,,2,2,3,17,A01
202100055585,1,7,,0,2,3,1,B01
202100055586,2,7,,13,0,3,1,A01
202100055587,1,7,,0,2,3,1,A01
202100055587,2,7,,0,2,3,1,B01
202100055588,1,7,,0,2,3,13,A01
202100055588,2,10,,0,2,3,1,B01
202100055589,1,7,,0,2,2,13,A01
202100055589,2,7,,0,2,2,1,B01
202100055590,2,33,,0,0,4,1,B01
202100055590,2,14,,0,0,3,9,A01
202100055591,0,7,,0,1,1,0,A01
202100055592,1,7,,0,2,3,1,A01
202100055592,2,7,,0,2,3,1,B01
202100055593,1,7,,0,2,1,1,A01
202100055593,2,7,,0,2,1,13,B01
202100055594,1,7,,0,2,1,0,B01
202100055594,1,1,,0,0,4,0,A01
202100055595,1,7,,0,2,2,1,B01
202100055595,2,30,,0,2,1,19,A01
202100055596,2,7,,0,2,3,19,A01
202100055596,2,7,,0,2,3,21,B01
202100055597,1,33,,0,0,7,1,A01
202100055598,1,7,,13,0,2,1,A01
202100055599,0,7,,15,1,7,2,A01
202100055600,2,33,,0,0,9,14,A01
202100055601,2,7,,6,0,3,15,A01
202100055602,1,7,,0,2,7,15,A01
202100055602,1,33,,0,2,1,1,B01
202100055603,1,7,,0,2,3,17,B01
202100055603,2,7,,0,2,3,1,A01
202100055603,1,15,,0,2,6,1,C01
202100055604,1,7,,6,1,2,1,A01
202100055604,1,7,,0,2,1,1,B01
202100055605,2,10,,0,2,2,13,B01
202100055605,1,7,,0,2,2,13,A01
202100055606,2,7,,0,1,3,1,B01
202100055606,1,10,,0,1,3,1,A01
202100055607,2,21,,0,2,1,1,B01
202100055607,1,7,,0,2,1,17,A01
202100055608,2,20,,0,2,1,9,A01
202100055608,1,38,1.0,14,2,1,2,B01
202100055609,2,10,,0,2,4,2,A01
202100055609,2,7,,0,2,4,1,D01
202100055609,2,7,,0,2,4,1,E01
202100055609,2,10,,0,2,1,1,F01
202100055609,2,10,,0,2,4,2,B01
202100055609,2,7,,0,2,4,2,C01
202100055610,1,14,,0,2,7,1,B01
202100055610,1,7,,0,2,1,1,A01
202100055611,2,7,,0,2,6,1,C01
202100055611,2,7,,0,2,7,12,B01
202100055611,2,33,,0,2,1,3,A01
202100055612,1,10,,16,0,1,15,A01
202100055613,2,10,,0,2,1,1,A01
202100055613,2,7,,0,2,4,2,B01
202100055613,2,7,,0,2,0,0,C01
202100055614,2,7,,0,2,8,1,B01
202100055614,2,7,,0,2,2,1,Z01
202100055615,1,7,,0,2,4,2,C01
202100055615,1,7,,0,2,1,2,B01
202100055615,1,7,,0,2,1,1,A01
202100055616,2,7,,4,0,1,21,A01
202100055617,2,7,,4,0,1,15,D01
202100055617,2,7,,0,2,7,1,C01
202100055617,2,10,,0,2,6,1,B01
202100055617,2,7,,0,2,2,21,A01
202100055618,2,7,,0,2,1,2,A01
202100055618,2,7,,0,2,4,2,B01
202100055619,2,7,,0,2,4,2,C01
202100055619,2,10,,0,2,1,2,A01
202100055619,2,7,,0,2,4,2,B01
202100055620,1,7,,0,2,3,26,A01
202100055620,1,37,1.0,0,2,2,1,B01
202100055621,2,7,,0,0,7,1,A01
202100055622,2,7,,0,1,1,1,A01
202100055623,1,7,,0,2,3,13,A01
202100055623,2,7,,0,2,3,1,B01
202100055624,1,2,,0,0,0,1,A01
202100055625,1,2,,0,0,0,1,A01
202100055626,1,7,,13,0,9,1,A01
202100055627,2,3,,0,2,1,13,A01
202100055627,1,7,,0,2,2,21,B01
202100055628,1,7,,0,0,3,0,A01
202100055628,2,7,,0,0,3,0,B01
202100055629,1,0,,0,1,0,0,A01
202100055630,1,7,,0,0,2,0,A01
202100055631,1,7,,2,0,1,1,A01
202100055632,1,7,,0,2,3,1,B01
202100055632,1,7,,13,2,5,17,A01
202100055633,1,7,,0,2,1,13,A01
202100055633,2,38,1.0,0,2,3,1,B01
202100055634,2,33,,13,0,9,14,A01
202100055635,1,7,,13,0,9,17,A01
202100055636,2,7,,13,0,9,15,A01
202100055637,2,7,,0,2,3,1,B01
202100055637,1,1,,0,2,1,5,A01
202100055638,1,7,,8,0,1,1,A01
202100055639,2,7,,0,1,3,1,A01
202100055640,3,3,,0,0,1,0,A01
202100055641,2,7,,0,2,3,26,B01
202100055641,2,7,,0,2,5,15,A01
202100055642,1,7,,16,0,9,1,A01
202100055643,2,7,,3,0,3,13,A01
202100055644,1,7,,10,0,9,12,A01
202100055645,1,7,,4,0,4,1,A01
202100055646,1,10,,0,2,4,1,B01
202100055646,1,7,,0,2,1,2,A01
202100055647,2,7,,0,2,3,11,A01
202100055647,2,7,,0,2,4,1,B01
202100055647,2,15,,0,2,1,1,C01
202100055648,1,7,,0,0,2,14,A01
202100055649,1,7,,4,0,1,14,A01
202100055650,1,7,,0,2,3,1,B01
202100055650,2,7,,0,2,3,5,A01
202100055651,2,33,,0,2,4,2,B01
202100055651,2,7,,0,2,1,2,A01
202100055652,1,7,,13,0,2,26,A01
202100055653,3,30,,0,2,3,16,A01
202100055653,0,7,,0,1,2,14,B01
202100055654,2,7,,0,2,8,18,A01
202100055654,2,31,,0,2,7,1,B01
202100055655,1,7,,0,0,1,16,A01
202100055656,2,7,,0,2,1,13,A01
202100055656,2,10,,0,2,1,1,B01
202100055657,1,7,,1,0,3,1,A01
202100055657,0,7,,0,2,5,24,B01
202100055658,2,30,,0,9,0,1,A01
202100055659,1,7,,0,2,2,21,A01
202100055659,1,7,,0,0,8,9,B01
202100055660,1,7,,8,2,1,1,A01
202100055660,3,7,,0,2,1,11,B01
202100055660,3,7,,0,2,0,0,C01
202100055661,1,7,,0,1,3,1,A01
202100055662,1,7,,0,1,3,15,A01
202100055663,3,7,,0,2,0,9,A01
202100055663,2,2,,0,2,1,1,B01
202100055664,3,7,,0,2,4,2,B01
202100055664,3,7,,0,2,1,2,A01
202100055665,3,30,,12,0,0,16,A01
202100055666,1,31,,0,0,0,1,A01
202100055667,2,7,,0,2,1,2,A01
202100055667,2,7,,0,2,4,2,B01
202100055668,2,33,,0,2,8,1,B01
202100055668,2,7,,0,2,7,16,A01
202100055669,1,7,,0,2,2,9,A01
202100055669,2,1,,0,2,1,5,B01
202100055670,1,7,,0,2,2,19,B01
202100055670,3,7,,0,2,7,19,A01
202100055671,3,7,,8,0,1,26,A01
202100055672,1,7,,0,2,3,2,A01
202100055672,1,2,,0,2,7,2,B01
202100055673,0,7,,0,9,1,26,A01
202100055674,1,7,,9,0,0,0,A01
202100055675,2,33,,0,0,0,3,A01
202100055676,2,32,,0,2,7,17,A01
202100055676,2,7,,0,2,8,15,B01
202100055677,2,32,,0,2,2,1,B01
202100055677,2,7,,0,2,3,10,A01
202100055678,3,7,,0,1,1,16,A01
202100055679,2,33,,0,2,1,1,A01
202100055679,2,7,,0,2,4,1,B01
202100055680,1,37,1.0,0,1,2,1,A01
202100055681,1,34,,0,1,2,25,Z01
202100055682,1,34,,11,0,8,21,A01
202100055683,2,1,,0,2,1,1,A01
202100055683,2,7,,0,2,6,14,B01
202100055684,2,33,,0,2,2,17,A01
202100055684,2,1,,0,2,4,13,B01
202100055685,3,1,,0,2,1,1,B01
202100055685,3,7,,0,2,0,15,A01
202100055686,2,10,,0,1,2,16,A01
202100055687,1,10,,0,2,4,2,B01
202100055687,1,7,,0,2,1,2,A01
202100055688,1,33,,0,1,1,19,A01
202100055689,2,10,,0,2,3,1,B01
202100055689,1,7,,0,2,1,13,A01
202100055690,0,7,,2,0,3,14,A01
202100055691,-1,7,,0,2,1,13,A01
202100055691,-1,7,,0,2,6,1,B01
202100055692,2,31,,1,4,1,1,A01
202100055693,3,33,,0,2,1,1,B01
202100055693,1,7,,0,2,1,15,A01
202100055694,-1,2,,0,2,0,0,B01
202100055694,-1,7,,0,2,1,15,A01
202100055695,-1,7,,0,1,2,26,A01
202100055696,3,7,,0,2,4,23,B01
202100055696,-1,7,,0,2,3,2,A01
202100055697,0,7,,0,2,1,19,A01
202100055697,0,1,,0,2,8,19,B01
202100055698,1,7,,0,2,2,15,B01
202100055698,2,32,,0,2,1,1,A01
202100055699,2,7,,0,2,5,12,A01
202100055699,2,2,,0,2,8,16,B01
202100055700,1,30,,0,2,0,21,A01
202100055700,2,7,,0,0,2,15,B01
202100055701,2,7,,8,0,3,1,A01
202100055702,1,33,,0,0,8,15,A01
202100055703,2,1,,0,2,7,1,B01
202100055703,1,7,,0,2,3,15,A01
202100055704,1,7,,13,0,1,15,A01
202100055705,2,10,,0,2,2,2,B01
202100055705,2,7,,0,2,6,23,A01
202100055706,1,7,,13,0,1,1,A01
202100055707,0,36,,0,0,1,0,A01
202100055708,1,1,,0,2,8,15,B01
202100055708,1,10,,0,2,7,17,A01
202100055709,1,2,,0,2,1,26,B01
202100055709,1,7,,0,0,2,26,A01
202100055710,1,7,,0,2,3,0,B01
202100055710,2,7,,0,2,3,0,A01
202100055711,2,7,,13,0,2,21,A01
202100055712,2,7,,0,0,0,15,A01
202100055712,2,43,,13,0,0,21,B01
202100055713,1,7,,0,2,1,13,A01
202100055713,2,7,,0,2,1,1,B01
202100055714,0,7,,0,2,3,1,B01
202100055714,0,7,,0,2,3,13,A01
202100055715,1,7,,0,2,7,13,B01
202100055715,2,7,,0,2,1,1,A01
202100055716,2,7,,4,0,3,21,A01
202100055717,1,7,,0,2,7,15,A01
202100055717,2,33,,0,2,1,1,B01
202100055718,3,7,,13,0,1,14,A01
202100055719,3,7,,0,2,1,13,B01
202100055719,3,7,,0,2,1,13,A01
202100055720,2,7,,2,0,1,0,A01
202100055721,1,7,,0,1,2,1,A01
202100055722,2,7,,0,0,4,23,A01
202100055722,2,7,,0,2,1,1,C01
202100055722,2,7,,0,2,1,1,B01
202100055723,2,7,,0,9,2,15,A01
202100055723,1,1,,0,2,1,1,B01
202100055724,2,7,,2,0,1,1,A01
202100055725,1,14,,0,0,4,1,B01
202100055725,1,7,,0,2,1,2,A01
202100055726,1,7,,2,0,1,1,A01