Num_Acc,senc,catv,occutc,obs,obsm,choc,manv,num_veh
202100055727,0,7,,0,2,2,1,B01
202100055727,0,7,,0,2,3,19,A01
202100055728,2,7,,6,0,1,1,A01
202100055729,2,7,,0,0,1,1,B01
202100055729,1,7,,0,0,1,15,A01
202100055730,3,2,,0,2,7,1,B01
202100055730,3,7,,0,2,1,1,A01
202100055731,2,7,,0,9,1,1,A01
202100055731,1,1,,0,2,8,9,B01
202100055732,0,7,,8,0,7,1,A01
202100055733,2,7,,0,2,2,1,Z01
202100055733,2,7,,0,2,3,26,A01
202100055734,1,7,,0,2,4,2,A01
202100055734,1,7,,0,2,4,2,B01
202100055734,1,10,,0,2,1,2,C01
202100055735,1,7,,0,0,5,14,B01
202100055735,1,7,,4,2,1,2,A01
202100055736,1,7,,0,2,4,2,B01
202100055736,1,7,,0,2,1,2,A01
202100055737,1,7,,3,0,2,13,A01
202100055737,1,7,,0,9,1,1,B01
202100055738,1,10,,0,2,3,1,B01
202100055738,1,10,,1,0,3,1,C01
202100055738,1,7,,0,2,2,14,A01
202100055739,1,33,,0,0,2,1,A01
202100055740,2,7,,0,2,1,26,A01
202100055740,2,7,,0,0,4,1,B01
202100055741,1,30,,0,1,1,13,A01
202100055742,1,10,,0,2,0,21,A01
202100055743,0,7,,6,2,8,1,A01
202100055743,0,7,,0,2,0,0,B01
202100055744,3,7,,0,2,7,1,B01
202100055744,3,33,,0,2,3,11,A01
202100055745,1,7,,0,2,4,2,C01
202100055745,1,7,,0,2,4,2,B01
202100055745,1,7,,0,2,1,2,A01
202100055746,3,33,,0,2,2,1,B01
202100055746,3,7,,0,2,2,20,A01
202100055747,2,32,,0,2,8,1,A01
202100055748,2,7,,0,2,5,2,B01
202100055748,2,7,,0,2,6,21,A01
202100055749,3,7,,0,2,8,13,A01
202100055749,3,13,,0,2,2,14,B01
202100055750,3,7,,0,2,0,26,B01
202100055750,3,30,,0,2,3,9,A01
202100055751,1,33,,0,2,1,17,A01
202100055751,2,7,,0,2,1,1,B01
202100055752,2,33,,0,2,1,1,B01
202100055752,1,7,,0,2,8,15,A01
202100055753,3,7,,0,1,2,16,A01
202100055754,2,7,,0,2,3,17,B01
202100055754,2,32,,0,2,7,17,A01
202100055755,1,7,,0,1,0,26,Z01
202100055756,2,7,,6,0,8,16,A01
202100055757,2,7,,0,1,3,13,A01
202100055758,1,33,,0,2,1,2,A01
202100055758,1,10,,0,2,4,2,B01
202100055759,1,33,,0,2,1,1,B01
202100055759,1,7,,0,2,6,11,A01
202100055760,3,10,,0,1,1,9,A01
202100055761,3,7,,12,0,1,14,A01
202100055762,0,1,,0,2,7,1,A01
202100055762,0,7,,0,2,1,15,B01
202100055763,2,7,,0,1,3,1,A01
202100055764,1,7,,0,2,7,15,A01
202100055764,2,2,,0,2,1,1,B01
202100055765,2,7,,0,1,1,1,A01
202100055766,3,37,1.0,0,1,7,16,A01
202100055767,1,1,,0,2,7,19,B01
202100055767,2,7,,0,2,2,1,A01
202100055768,1,0,,0,9,2,17,A01
202100055768,1,1,,0,0,6,2,B01
202100055769,3,7,,0,1,6,4,A01
202100055770,3,1,,0,2,5,19,B01
202100055770,3,7,,0,2,2,26,A01
202100055771,2,31,,1,1,1,17,A01
202100055772,1,31,,0,1,8,1,A01
202100055773,1,10,,0,2,2,2,A01
202100055773,1,10,,0,2,5,2,B01
202100055774,1,7,,0,2,1,9,A01
202100055775,2,7,,0,2,8,23,B01
202100055775,2,10,,0,2,7,14,A01
202100055776,3,7,,0,2,3,9,A01
202100055776,3,1,,0,2,1,1,B01
202100055777,3,7,,0,1,1,20,A01
202100055778,1,7,,0,2,1,1,B01
202100055778,2,7,,0,2,2,19,A01
202100055779,0,7,,0,2,3,15,B01
202100055779,3,7,,0,2,1,26,A01
202100055780,3,7,,0,2,2,15,A01
202100055780,3,7,,8,2,1,1,B01
202100055781,2,2,,0,0,8,1,A01
202100055782,1,7,,0,2,8,1,B01
202100055782,2,7,,0,2,2,15,A01
202100055783,0,2,,0,2,5,1,B01
202100055783,0,10,,0,2,2,9,A01
202100055784,1,37,1.0,0,2,2,1,B01
202100055784,1,7,,0,2,1,15,A01
202100055785,1,7,,0,1,2,23,A01
202100055786,1,10,,0,2,2,1,C01
202100055786,1,30,,0,2,0,26,A01
202100055786,1,7,,0,2,5,1,B01
202100055787,1,7,,0,1,2,1,A01
202100055788,3,7,,0,2,1,2,A01
202100055788,3,7,,0,2,4,2,B01
202100055789,2,7,,0,1,3,1,A01
202100055790,1,7,,0,2,1,1,B01
202100055790,1,7,,0,2,1,1,A01
202100055791,1,30,,0,0,0,1,A01
202100055792,1,30,,0,2,1,1,B01
202100055792,2,38,1.0,0,2,3,15,A01
202100055793,2,14,,0,2,3,1,B01
202100055793,2,7,,0,2,5,12,A01
202100055794,3,7,,0,2,3,16,A01
202100055794,3,1,,0,2,1,19,B01
202100055795,1,7,,0,0,0,1,A01
202100055796,3,30,,0,0,7,1,A01
202100055797,2,7,,0,2,7,16,A01
202100055797,2,80,,0,2,0,1,B01
202100055798,1,7,,0,2,2,15,A01
202100055798,1,32,,0,2,0,0,B01
202100055799,1,7,,0,0,0,0,B01
202100055799,0,30,,0,2,4,26,A01
202100055800,1,7,,14,9,2,2,B01
202100055800,1,33,,3,0,0,17,A01
202100055800,1,17,,0,9,2,1,C01
202100055801,1,7,,0,1,1,9,A01
202100055802,1,7,,2,0,1,1,A01
202100055803,1,1,,0,2,0,1,B01
202100055803,1,7,,0,2,6,9,A01
202100055804,1,7,,4,0,9,1,A01
202100055805,1,1,,0,2,7,12,A01
202100055805,1,7,,0,2,3,1,B01
202100055806,0,10,,0,1,1,1,A01
202100055807,3,3,,8,0,1,1,A01
202100055808,1,7,,0,2,2,2,A01
202100055808,1,1,,0,2,4,2,B01
202100055809,1,7,,0,2,1,26,A01
202100055809,1,7,,0,2,6,23,B01
202100055810,1,7,,0,2,3,1,B01
202100055810,1,7,,0,2,1,13,A01
202100055811,2,7,,0,1,2,1,A01
202100055812,1,7,,0,2,3,2,A01
202100055812,1,7,,0,2,3,1,B01
202100055813,1,33,,0,1,1,17,A01
202100055814,1,7,,0,1,1,15,A01
202100055815,1,10,,1,1,2,1,A01
202100055816,2,14,,0,2,1,1,B01
202100055816,1,10,,0,2,1,5,A01
202100055817,3,7,,0,1,3,1,A01
202100055818,3,30,,0,2,8,1,B01
202100055818,3,7,,0,2,1,15,A01
202100055819,1,7,,0,2,2,1,B01
202100055819,2,1,,0,2,3,19,A01
202100055820,1,7,,0,1,1,21,A01
202100055821,2,7,,0,2,4,2,B01
202100055821,2,7,,0,2,1,2,A01
202100055822,2,10,,0,2,4,23,B01
202100055822,2,7,,0,2,1,1,A01
202100055823,2,37,1.0,0,2,3,15,B01
202100055823,1,7,,0,2,1,1,A01
202100055824,1,7,,0,2,1,1,A01
202100055824,1,2,,0,2,2,1,B01
202100055825,2,7,,0,1,3,1,A01
202100055826,3,7,,0,2,6,1,B01
202100055826,1,32,,0,2,1,1,A01
202100055827,1,7,,0,1,1,5,A01
202100055828,2,10,,0,1,3,1,Z01
202100055829,2,30,,0,1,1,1,A01
202100055830,3,1,,0,0,1,1,A01
202100055831,1,7,,0,2,0,1,A01
202100055831,1,33,,0,2,0,0,B01
202100055832,1,7,,0,1,3,1,A01
202100055833,2,10,,0,2,2,1,B01
202100055833,1,2,,0,2,8,2,A01
202100055834,1,7,,0,2,2,1,A01
202100055834,1,37,1.0,0,0,6,23,B01
202100055835,2,7,,0,1,1,1,A01
202100055836,3,7,,0,2,1,15,A01
202100055836,3,33,,0,2,8,1,B01
202100055837,1,33,,0,2,1,17,B01
202100055837,1,7,,0,2,3,9,A01
202100055838,1,7,,0,2,4,23,B01
202100055838,1,7,,0,2,1,2,A01
202100055839,2,30,,0,2,1,1,A01
202100055839,2,7,,0,2,4,0,B01
202100055840,2,32,,0,2,3,1,A01
202100055840,1,7,,0,2,5,15,B01
202100055841,0,37,1.0,0,1,1,15,A01
202100055842,3,7,,1,1,1,17,A01
202100055843,1,14,,0,1,7,26,A01
202100055844,1,7,,0,1,2,19,A01
202100055845,2,7,,0,2,3,1,B01
202100055845,1,7,,0,2,3,13,A01
202100055846,1,10,,0,2,3,17,A01
202100055846,1,32,,0,2,7,2,B01
202100055847,1,7,,0,2,3,1,B01
202100055847,1,7,,0,2,2,1,A01
202100055848,-1,7,,0,2,3,1,B01
202100055848,-1,7,,0,2,1,1,A01
202100055849,2,7,,0,1,1,15,A01
202100055850,3,15,,0,9,3,20,B01
202100055850,3,10,,1,0,7,16,A01
202100055851,1,7,,0,1,1,26,A01
202100055852,1,1,,0,2,7,1,B01
202100055852,1,7,,0,2,2,1,A01
202100055853,2,10,,0,2,4,11,A01
202100055853,2,30,,0,2,1,1,B01
202100055854,1,7,,0,0,1,26,A01
202100055855,0,30,,0,0,8,16,A01
202100055856,1,34,,9,0,1,0,A01
202100055857,1,30,,14,0,7,19,A01
202100055858,1,43,,0,2,1,16,A01
202100055858,1,7,,0,2,4,1,B01
202100055859,1,10,,0,2,7,15,A01
202100055859,2,32,,0,2,1,1,B01
202100055860,2,7,,0,1,1,1,A01
202100055861,1,7,,4,0,1,0,A01
202100055862,2,7,,0,1,1,1,A01
202100055863,0,7,,0,1,2,0,A01
202100055864,1,31,,0,2,1,3,B01
202100055864,1,7,,0,2,4,11,A01
202100055865,3,33,,0,2,1,1,A01
202100055865,3,7,,0,2,6,9,B01
202100055866,1,2,,15,0,0,17,A01
202100055866,1,7,,0,0,0,23,B01
202100055867,2,7,,0,1,2,1,A01
202100055868,1,7,,0,2,3,1,B01
202100055868,1,7,,13,2,1,17,A01
202100055869,1,36,,8,0,1,1,A01
202100055870,2,7,,13,0,9,1,A01
202100055871,1,2,,0,2,1,2,A01
202100055871,1,7,,0,0,4,23,B01
202100055871,2,7,,0,2,0,1,C01
202100055872,3,7,,0,9,2,1,B01
202100055872,3,1,,0,2,2,11,A01
202100055873,2,17,,0,2,1,5,B01
202100055873,2,7,,0,2,1,1,A01
202100055874,3,7,,0,0,3,1,B01
202100055874,3,15,,0,2,3,1,A01
202100055875,1,7,,0,1,1,1,A01
202100055876,1,7,,0,2,2,19,A01
202100055876,2,1,,0,2,8,19,B01
202100055877,1,7,,0,2,1,2,A01
202100055877,1,7,,0,2,4,2,B01
202100055877,1,7,,0,0,4,15,C01
202100055878,3,7,,0,2,1,1,A01
202100055878,3,7,,0,2,2,15,B01
202100055879,2,2,,0,0,2,1,A01
202100055880,2,7,,0,2,1,1,A01
202100055880,2,7,,0,2,8,26,B01
202100055880,2,15,,0,2,2,1,C01
202100055881,1,7,,0,2,3,11,B01
202100055881,1,15,,0,2,2,1,A01
202100055882,1,33,,0,2,1,2,A01
202100055882,1,7,,0,2,5,2,B01
202100055883,2,7,,0,2,1,1,A01
202100055883,2,14,,0,2,6,1,C01
202100055883,2,7,,0,2,6,1,B01
202100055884,1,7,,0,2,4,2,B01
202100055884,1,33,,0,2,1,1,A01
202100055885,2,7,,4,0,2,1,A01
202100055886,1,10,,0,2,1,0,A01
202100055886,1,7,,0,2,4,0,B01
202100055887,2,10,,0,2,6,1,B01
202100055887,2,33,,0,2,1,3,A01
202100055888,1,7,,0,2,7,1,A01
202100055888,1,10,,0,2,3,1,B01
202100055889,1,7,,0,1,7,16,A01
202100055890,3,7,,9,0,1,9,A01
202100055891,1,7,,0,2,1,1,B01
202100055891,2,10,,0,2,3,15,A01
202100055892,2,37,1.0,0,1,1,1,A01
202100055893,1,7,,0,2,1,15,B01
202100055893,2,50,,0,2,1,1,A01
202100055894,1,7,,0,2,4,2,B01
202100055894,1,7,,0,2,0,2,A01
202100055894,1,7,,0,2,3,2,C01
202100055895,2,7,,0,2,3,13,A01
202100055895,1,10,,0,2,8,1,B01
202100055896,2,7,,0,1,1,1,A01
202100055897,2,7,,1,0,1,1,A01
202100055898,0,7,,0,2,9,23,B01
202100055898,0,7,,0,2,3,1,C01
202100055898,0,7,,1,2,3,1,A01
202100055899,0,50,,0,2,1,1,A01
202100055899,0,7,,0,2,1,15,B01
202100055900,1,7,,0,2,1,1,A01
202100055900,1,3,,0,2,4,2,B01
202100055901,1,7,,0,2,3,1,B01
202100055901,2,30,,0,2,3,1,A01
202100055902,1,7,,0,1,2,1,A01
202100055903,2,33,,0,2,2,1,B01
202100055903,2,0,,0,2,0,1,A01
202100055904,3,7,,0,2,1,0,A01
202100055904,3,7,,0,2,1,0,B01
202100055905,3,33,,0,2,0,1,B01
202100055905,3,7,,0,2,3,9,A01
202100055906,3,10,,0,2,3,15,A01
202100055906,3,2,,0,2,1,17,B01
202100055907,1,37,2.0,0,2,3,1,B01
202100055907,1,7,,0,2,5,16,A01
202100055908,1,7,,0,2,0,0,B01
202100055908,1,7,,0,2,1,1,C01
202100055908,1,7,,0,2,4,2,A01
202100055909,1,7,,1,0,3,13,A01
202100055910,1,3,,0,1,1,1,A01
202100055911,3,7,,0,2,3,15,A01
202100055911,3,7,,0,2,1,1,B01
202100055912,1,7,,0,1,3,15,A01
202100055913,1,7,,0,2,1,26,A01
202100055913,1,7,,0,2,8,1,B01
202100055914,2,50,,0,2,1,13,B01
202100055914,1,7,,0,9,1,1,A01
202100055915,1,7,,0,1,3,15,A01
202100055916,1,7,,0,1,1,1,A01
202100055917,2,7,,0,1,3,1,A01
202100055918,1,2,,0,2,7,15,B01
202100055918,1,7,,0,2,8,1,A01
202100055919,1,31,,0,2,7,17,A01
202100055919,1,7,,0,2,8,23,B01
202100055920,3,7,,0,1,2,1,A01
202100055921,1,14,,0,2,1,2,A01
202100055921,1,17,,0,2,4,2,B01
202100055921,1,14,,0,2,4,2,C01
202100055922,1,7,,0,2,2,15,A01
202100055922,2,33,,0,2,1,1,B01
202100055923,2,14,,0,2,1,1,B01
202100055923,2,1,,0,2,1,19,A01
202100055924,2,7,,0,2,1,15,A01
202100055924,2,50,,0,2,8,19,B01
202100055925,1,7,,0,2,1,1,A01
202100055925,1,7,,0,2,1,1,B01
202100055926,2,2,,0,2,4,1,B01
202100055926,2,10,,0,2,3,1,A01
202100055927,3,7,,0,1,2,26,A01
202100055928,0,7,,0,1,2,16,A01
202100055929,3,30,,0,0,0,26,A01
202100055930,3,7,,0,2,4,0,B01
202100055930,3,7,,0,2,1,2,A01
202100055931,1,7,,0,1,1,1,A01
202100055932,1,7,,0,2,2,15,A01
202100055932,2,7,,0,2,6,1,B01
202100055933,3,7,,0,1,6,15,A01
202100055934,3,31,,0,0,7,1,A01
202100055935,2,7,,0,2,6,23,B01
202100055935,2,33,,0,2,1,3,A01
202100055936,1,7,,0,1,1,1,A01
202100055937,2,32,,0,0,0,1,A01
202100055938,2,7,,0,1,6,15,A01
202100055939,2,7,,0,1,8,1,A01
202100055940,2,30,,0,0,0,21,A01
202100055941,2,7,,0,2,1,17,A01
202100055941,1,32,,0,2,3,1,C01
202100055941,1,10,,0,2,9,1,B01
202100055942,2,30,,0,1,2,1,Z01
202100055943,1,1,,0,2,1,1,B01
202100055943,1,7,,0,2,3,9,A01
202100055944,2,1,,0,2,1,1,B01
202100055944,1,1,,0,2,1,5,A01
202100055945,2,7,,0,1,1,15,A01
202100055946,1,7,,0,1,2,16,A01
202100055947,1,50,,0,0,0,7,A01
202100055948,3,43,,0,2,1,2,A01
202100055948,3,7,,0,2,4,2,B01
202100055949,3,7,,2,0,1,1,A01
202100055950,2,33,,0,1,1,3,A01
202100055950,2,7,,0,2,8,0,B01
202100055950,2,7,,0,2,6,2,C01
202100055951,3,7,,0,2,1,1,A01
202100055951,3,7,,0,2,4,1,B01
202100055952,1,10,,0,1,4,4,A01
202100055953,3,10,,0,2,1,0,B01
202100055953,3,7,,0,2,8,26,A01
202100055954,1,7,,0,2,1,2,A01
202100055954,1,7,,0,0,4,0,B01
202100055955,1,7,,0,2,3,15,B01
202100055955,1,43,,1,0,3,1,A01
202100055956,2,10,,0,2,2,26,A01
202100055956,2,7,,0,2,7,15,B01
202100055957,1,7,,0,2,3,1,B01
202100055957,1,7,,0,2,3,16,A01
202100055958,3,10,,0,1,1,15,A01
202100055959,1,7,,0,1,2,1,A01
202100055960,2,10,,0,2,2,1,A01
202100055960,1,31,,0,2,1,1,B01
202100055961,3,7,,1,1,2,0,B01
202100055961,1,10,,1,0,1,14,A01
202100055962,2,10,,14,0,1,0,A01
202100055963,2,60,,0,2,1,1,B01
202100055963,2,7,,0,2,1,16,A01
202100055964,3,7,,0,1,0,21,A01
202100055965,1,60,,0,0,0,0,A01
202100055966,0,31,,0,2,1,2,B01
202100055966,3,99,,0,2,4,20,A01
202100055967,2,7,,0,2,2,1,A01
202100055967,1,7,,0,2,3,1,B01
202100055968,1,30,,0,0,2,1,A01
202100055969,3,7,,0,2,1,9,A01
202100055969,2,2,,0,0,7,1,B01
202100055970,3,7,,0,2,1,15,A01
202100055970,0,7,,0,2,1,1,B01
202100055971,2,7,,0,1,1,1,A01
202100055972,2,33,,8,0,1,1,A01
202100055973,2,3,,13,0,8,13,A01
202100055974,3,10,,0,1,6,4,A01
202100055975,2,7,,0,2,1,1,A01
202100055975,1,2,,0,2,7,15,B01
202100055976,2,7,,17,0,2,14,A01
202100055977,3,1,,0,2,8,0,B01
202100055977,2,7,,0,2,1,1,A01
202100055978,1,7,,0,2,3,13,A01
202100055978,2,1,,0,2,1,1,B01
202100055979,1,7,,0,1,2,1,A01
202100055980,2,10,,0,2,2,15,A01
202100055980,1,2,,0,2,1,1,B01
202100055981,1,7,,7,0,8,1,A01
202100055982,1,2,,0,0,8,15,A01
202100055982,2,10,,0,2,1,1,B01
202100055983,0,7,,0,2,1,1,A01
202100055983,0,3,,0,2,1,15,B01
202100055984,2,7,,13,2,3,9,A01
202100055984,1,7,,0,2,1,1,B01
202100055985,1,10,,0,2,1,2,B01
202100055985,1,7,,0,0,4,2,A01
202100055986,2,7,,0,0,6,15,A01
202100055986,2,2,,0,2,1,21,B01
202100055986,2,2,,0,0,0,21,C01
202100055987,1,7,,0,2,1,1,B01
202100055987,2,7,,0,2,8,13,A01
202100055988,1,7,,0,2,1,1,A01
202100055988,2,30,,0,2,1,13,B01
202100055989,1,13,,0,0,3,1,B01
202100055989,2,7,,0,0,2,1,A01
202100055990,3,7,,0,1,5,1,A01
202100055991,2,7,,0,2,1,1,B01
202100055991,3,7,,0,2,6,1,A01
202100055992,2,10,,13,0,0,0,A01
202100055993,3,7,,8,0,1,14,A01
202100055994,2,10,,0,2,1,1,A01
202100055994,1,7,,0,2,2,1,B01
202100055995,2,10,,0,2,2,17,B01
202100055995,1,7,,13,2,3,15,A01
202100055996,1,7,,9,0,1,1,A01
202100055997,2,7,,0,2,2,1,C01
202100055997,1,7,,0,2,1,17,A01
202100055997,2,7,,0,2,4,1,B01
202100055997,2,7,,0,2,3,1,D01
202100055998,0,1,,0,0,4,16,B01
202100055998,1,7,,0,9,2,9,A01
202100055999,2,7,,6,0,1,1,A01
202100056000,3,60,,0,2,8,26,B01
202100056000,3,7,,0,2,2,1,A01
202100056001,3,7,,0,2,3,1,B01
202100056001,3,7,,0,2,3,1,A01
202100056002,2,7,,0,2,7,16,A01
202100056002,2,31,,0,2,8,23,B01
202100056003,1,7,,0,2,4,1,B01
202100056003,1,7,,0,2,1,1,A01
202100056004,1,33,,0,2,1,3,A01
202100056004,2,7,,0,2,1,1,B01
202100056005,1,7,,0,2,5,1,A01
202100056005,0,2,,0,2,1,1,B01
202100056006,2,7,,0,2,1,1,B01
202100056006,2,7,,0,2,8,2,A01
202100056007,1,7,,0,2,7,14,B01
202100056007,1,7,,0,2,8,1,A01
202100056008,1,7,,0,2,4,2,B01
202100056008,1,7,,0,2,1,1,A01
202100056009,1,7,,0,2,4,2,B01
202100056009,1,7,,0,2,1,2,A01
202100056009,1,10,,0,2,4,2,C01
202100056010,1,7,,3,0,7,14,A01
202100056011,1,7,,0,2,5,2,B01
202100056011,1,7,,0,2,3,2,A01
202100056012,2,7,,0,2,8,0,B01
202100056012,2,33,,0,2,8,3,A01
202100056013,2,33,,0,2,1,12,A01
202100056013,2,7,,0,2,5,1,B01
202100056014,2,34,,0,0,9,2,A01
202100056015,1,7,,0,2,1,1,A01
202100056015,1,7,,0,2,4,2,B01
202100056016,1,7,,0,2,7,1,A01
202100056016,1,7,,4,2,8,0,Z01
202100056017,2,30,,0,9,0,1,A01
202100056018,1,31,,0,2,1,1,B01
202100056018,2,13,,0,9,3,13,A01
202100056019,1,7,,0,2,1,15,A01
202100056019,2,43,,0,2,3,1,B01
202100056020,2,7,,0,2,7,1,A01
202100056021,1,7,,0,2,1,1,A01
202100056021,1,7,,0,2,4,23,B01
202100056021,1,7,,0,2,4,23,C01
202100056022,1,7,,0,1,1,19,A01
202100056023,2,33,,0,2,1,2,A01
202100056023,2,7,,0,2,4,2,B01
202100056024,3,2,,0,2,8,16,B01
202100056024,3,7,,0,2,2,1,A01
202100056025,1,7,,4,0,3,14,A01
202100056026,3,7,,4,2,4,13,B01
202100056026,3,7,,0,2,3,15,A01
202100056027,1,7,,0,2,8,10,A01
202100056027,3,7,,0,2,1,1,B01
202100056028,1,10,,0,1,2,16,A01
202100056029,2,7,,0,2,6,0,B01
202100056029,2,7,,0,2,3,16,A01
202100056030,1,60,,0,0,1,1,A01
202100056031,2,7,,0,0,7,13,A01
202100056032,1,33,,0,0,0,1,A01
202100056033,1,7,,0,2,2,15,A01
202100056033,2,32,,0,2,1,1,B01
202100056034,0,7,,0,2,1,16,B01
202100056034,0,7,,0,2,2,1,A01
202100056035,0,7,,0,2,1,1,A01
202100056035,0,7,,1,2,4,23,B01
202100056036,1,7,,0,2,8,9,A01
202100056036,2,7,,0,2,1,9,B01
202100056037,1,7,,0,1,2,1,A01
202100056038,2,10,,0,1,2,1,A01
202100056039,3,7,,0,1,2,17,A01
202100056040,2,7,,7,2,1,2,A01
202100056040,2,7,,9,0,4,2,B01
202100056041,1,7,,0,2,2,15,A01
202100056041,2,7,,0,2,3,1,B01
202100056042,2,7,,0,2,1,1,B01
202100056042,1,7,,0,2,1,13,A01
202100056043,1,7,,0,2,1,1,A01
202100056043,1,7,,0,2,4,1,B01
202100056044,1,7,,0,2,1,1,D01
202100056044,1,7,,0,2,4,1,A01
202100056044,1,7,,0,2,4,1,C01
202100056044,1,7,,0,2,1,1,B01
202100056045,1,7,,0,2,1,1,A01
202100056045,1,2,,0,2,1,1,B01
202100056046,1,7,,0,2,4,1,B01
202100056046,1,7,,0,2,1,1,A01
202100056047,2,7,,0,1,2,1,A01
202100056048,2,7,,0,2,2,15,A01
202100056048,1,7,,0,2,1,1,B01
202100056049,0,7,,0,2,3,9,A01
202100056049,3,1,,0,2,1,1,B01
202100056050,3,7,,15,0,1,26,A01
202100056051,1,7,,0,2,3,15,A01
202100056051,2,1,,0,2,3,1,B01
202100056052,2,7,,0,1,3,1,A01
202100056053,1,7,,0,1,2,1,A01
202100056054,1,10,,0,2,0,19,Z01
202100056054,1,7,,0,2,6,1,A01
202100056054,2,7,,0,2,8,1,B01
202100056055,0,7,,0,2,1,17,A01
202100056055,0,7,,0,2,1,1,B01
202100056055,0,7,,0,2,3,1,C01
202100056056,1,34,,0,2,1,1,A01
202100056056,1,7,,0,0,0,0,B01
202100056057,1,7,,0,1,1,1,A01
202100056058,3,7,,0,1,1,1,A01
202100056059,2,30,,0,0,1,0,A01
202100056060,2,7,,4,0,2,1,A01
202100056061,2,10,,0,2,0,2,A01
202100056061,2,10,,0,2,4,23,B01
202100056061,2,7,,0,2,4,23,C01
202100056062,1,7,,0,2,6,2,B01
202100056062,1,32,,0,2,1,2,A01
202100056063,1,32,,7,2,1,1,A01
202100056063,1,32,,0,2,8,1,B01
202100056064,1,7,,0,2,3,5,C01
202100056064,2,7,,0,2,2,12,B01
202100056064,2,7,,0,2,3,7,A01
202100056065,3,30,,0,0,0,1,A01
202100056066,3,7,,0,2,6,23,B01
202100056066,3,1,,0,2,1,1,A01
202100056067,1,33,,0,2,8,1,B01
202100056067,1,10,,0,2,2,16,A01
202100056068,3,7,,0,2,3,15,A01
202100056068,3,33,,0,2,3,1,B01
202100056068,3,32,,0,2,3,1,C01
202100056069,1,1,,0,2,8,1,B01
202100056069,1,7,,0,2,2,14,A01
202100056070,2,32,,0,2,2,7,B01
202100056070,2,7,,0,2,8,22,A01
202100056071,2,32,,0,1,1,1,A01
202100056072,2,34,,0,2,8,1,B01
202100056072,2,7,,0,2,8,1,A01
202100056073,3,7,,0,2,2,1,B01
202100056073,3,30,,0,2,1,1,A01
202100056074,2,7,,0,2,1,15,B01
202100056074,1,1,,0,2,1,1,A01
202100056075,1,1,,0,2,1,19,B01
202100056075,1,7,,0,2,2,16,A01
202100056076,3,33,,0,2,1,2,A01
202100056076,3,7,,15,0,5,23,B01
202100056077,3,7,,0,2,1,1,A01
202100056077,3,7,,0,2,8,15,B01
202100056078,1,7,,0,2,3,9,A01
202100056078,1,50,,0,2,7,2,B01
202100056079,0,30,,0,0,0,26,A01
202100056080,1,7,,0,2,8,15,B01
202100056080,2,7,,0,2,1,1,A01
202100056081,1,30,,0,2,2,1,A01
202100056081,1,10,,0,2,0,9,Z01
202100056082,1,30,,0,0,0,16,A01
202100056083,1,2,,0,2,1,1,B01
202100056083,1,7,,0,2,6,9,A01
202100056084,2,7,,0,2,3,13,A01
202100056084,2,7,,0,2,7,1,B01
202100056084,2,31,,0,2,9,3,C01
202100056085,2,7,,0,1,2,26,A01
202100056086,2,15,,0,1,2,1,A01
202100056087,0,2,,0,2,1,0,A01
202100056087,3,10,,0,2,8,1,B01
202100056088,1,7,,0,0,0,15,A01
202100056088,2,1,,12,0,0,1,B01
202100056089,3,7,,0,2,8,15,A01
202100056089,1,2,,0,2,1,1,B01
202100056090,0,2,,0,2,1,1,B01
202100056090,0,7,,0,2,3,9,A01
202100056091,1,10,,0,1,2,1,A01
202100056092,3,7,,2,0,3,0,A01
202100056093,1,7,,0,2,1,13,A01
202100056093,2,10,,0,2,1,1,B01
202100056094,3,7,,0,1,1,1,A01
202100056095,1,10,,0,1,7,1,B01
202100056096,0,7,,0,2,3,1,A01
202100056096,0,7,,0,2,3,16,B01
202100056097,1,7,,0,2,3,1,B01
202100056097,2,17,,0,2,6,1,A01
202100056098,0,7,,0,1,3,16,A01
202100056099,0,7,,0,2,8,19,B01
202100056099,1,7,,0,2,1,2,A01
202100056100,3,7,,1,0,2,2,A01
202100056100,0,21,,0,0,6,23,B01
202100056101,1,10,,0,1,2,1,A01
202100056102,1,7,,0,1,1,1,A01
202100056103,1,7,,13,0,2,1,A01
202100056104,1,7,,3,0,4,26,A01
202100056104,1,7,,0,2,1,2,B01
202100056105,1,10,,0,2,1,12,A01
202100056105,1,15,,0,0,4,1,B01
202100056106,1,15,,0,2,3,1,B01
202100056106,2,7,,0,2,3,13,A01
202100056107,2,7,,0,2,3,2,B01
202100056107,2,7,,4,2,3,13,A01
202100056108,3,7,,8,0,0,1,A01
202100056109,1,7,,0,2,2,19,A01
202100056109,2,7,,0,2,7,15,B01
202100056110,2,7,,0,0,3,5,A01
202100056110,1,14,,0,0,3,0,B01
202100056111,2,7,,3,0,3,1,A01
202100056112,3,7,,1,1,7,1,A01
202100056113,3,7,,0,2,3,0,A01
202100056113,3,7,,0,2,3,1,B01
202100056114,3,2,,0,0,0,1,B01
202100056114,3,13,,0,0,0,16,A01
202100056115,0,7,,0,1,3,1,A01
202100056116,1,7,,2,0,1,1,A01
202100056117,0,30,,9,2,8,1,A01
202100056117,0,7,,0,2,3,1,B01
202100056118,1,7,,6,2,8,17,A01
202100056118,1,7,,0,2,1,1,B01
202100056119,2,7,,4,0,1,1,A01
202100056120,2,7,,4,0,0,17,A01
202100056121,1,10,,0,2,1,2,C01
202100056121,1,7,,0,2,4,2,B01