Num_Acc,senc,catv,occutc,obs,obsm,choc,manv,num_veh
202100056121,1,7,,0,2,4,1,A01
202100056122,1,7,,0,0,0,21,A01
202100056122,1,7,,0,0,1,0,B01
202100056123,2,7,,1,0,1,2,A01
202100056123,2,7,,0,2,4,23,B01
202100056124,2,7,,0,2,5,1,A01
202100056124,2,34,,0,2,1,21,B01
202100056125,2,15,,0,2,1,2,A01
202100056125,2,7,,0,2,4,2,B01
202100056126,1,7,,0,2,2,12,B01
202100056126,1,32,,0,2,3,3,A01
202100056127,1,7,,4,0,3,13,A01
202100056128,2,7,,8,0,1,14,A01
202100056129,2,43,,0,2,2,3,B01
202100056129,2,7,,0,2,6,1,D01
202100056129,2,99,,0,2,8,11,A01
202100056129,2,7,,0,2,7,1,C01
202100056130,1,7,,4,2,6,14,A01
202100056131,2,7,,0,1,1,1,A01
202100056132,3,7,,0,2,1,0,A01
202100056132,3,7,,0,2,1,0,B01
202100056133,3,7,,0,2,7,1,B01
202100056133,3,7,,0,2,1,26,A01
202100056134,1,2,,0,2,8,1,B01
202100056134,1,7,,0,2,1,15,A01
202100056135,0,1,,0,1,0,1,A01
202100056136,1,7,,0,0,2,1,C01
202100056136,1,7,,0,2,3,1,B01
202100056136,1,34,,0,2,1,15,A01
202100056137,1,7,,0,2,1,1,B01
202100056137,1,7,,0,2,5,9,A01
202100056138,2,7,,0,2,1,17,A01
202100056138,2,7,,3,0,6,1,B01
202100056139,2,7,,0,2,3,1,B01
202100056139,1,7,,0,2,3,13,A01
202100056140,1,33,,0,2,1,2,B01
202100056140,1,7,,0,2,3,15,A01
202100056141,0,7,,1,0,5,1,A01
202100056142,2,7,,0,2,2,15,A01
202100056142,3,2,,0,2,3,1,B01
202100056143,2,7,,0,2,1,1,B01
202100056143,1,7,,0,2,2,9,A01
202100056144,1,7,,0,1,1,15,A01
202100056145,1,40,,0,1,3,1,A01
202100056146,1,7,,0,2,3,1,B01
202100056146,1,7,,0,2,2,1,A01
202100056147,2,30,,0,0,8,26,A01
202100056148,3,2,,0,2,0,0,B01
202100056148,3,7,,0,2,3,9,A01
202100056149,2,7,,0,1,1,17,A01
202100056150,2,33,,0,2,1,1,B01
202100056150,1,7,,0,2,8,15,A01
202100056151,3,7,,0,2,3,0,B01
202100056151,3,1,,0,2,1,1,A01
202100056152,1,7,,0,2,6,2,B01
202100056152,1,7,,0,2,3,2,A01
202100056153,2,7,,0,1,1,1,A01
202100056154,1,7,,0,2,3,15,A01
202100056154,1,33,,0,2,1,2,B01
202100056155,1,7,,0,1,3,15,A01
202100056156,2,7,,0,1,7,1,B01
202100056157,2,7,,0,1,1,1,Z01
202100056158,1,7,,0,1,2,1,A01
202100056159,1,7,,12,0,1,1,A01
202100056160,0,7,,0,2,2,15,A01
202100056160,0,7,,0,2,8,2,B01
202100056161,1,2,,0,2,1,19,B01
202100056161,2,7,,0,2,1,15,A01
202100056162,1,7,,8,0,1,1,A01
202100056163,1,7,,0,2,7,15,A01
202100056163,1,50,,0,2,5,1,B01
202100056164,1,30,,0,0,0,1,A01
202100056165,2,30,,2,0,1,14,A01
202100056166,1,7,,0,1,3,1,A01
202100056167,1,10,,0,2,3,1,B01
202100056167,1,7,,0,2,5,9,A01
202100056168,3,2,,0,2,2,2,B01
202100056168,3,7,,0,2,3,15,A01
202100056169,2,1,,0,1,1,1,A01
202100056170,0,7,,0,2,1,1,A01
202100056170,3,7,,0,2,4,23,B01
202100056171,1,7,,6,0,1,9,A01
202100056172,0,7,,0,2,7,1,B01
202100056172,0,7,,0,2,1,19,A01
202100056173,1,43,,0,1,1,26,A01
202100056174,2,7,,0,2,4,2,B01
202100056174,2,7,,0,2,1,2,Z01
202100056175,1,7,,0,2,4,2,C01
202100056175,1,7,,0,2,4,2,B01
202100056175,1,7,,0,2,1,2,A01
202100056176,1,33,,0,1,2,17,A01
202100056177,1,30,,0,0,7,21,A01
202100056178,1,10,,0,2,0,22,A01
202100056178,1,32,,0,2,0,1,B01
202100056179,1,10,,0,2,7,12,Z01
202100056179,1,30,,0,2,8,7,A01
202100056180,2,7,,0,1,4,4,Z01
202100056181,1,33,,0,1,1,21,A01
202100056182,1,7,,0,2,3,13,A01
202100056182,1,2,,1,2,2,17,B01
202100056183,1,10,,0,2,8,22,A01
202100056183,3,80,,0,2,1,1,B01
202100056184,1,1,,0,0,1,21,A01
202100056185,2,7,,0,2,1,1,A01
202100056185,2,1,,0,2,8,19,B01
202100056186,2,14,,0,1,5,24,A01
202100056187,1,14,,0,1,1,16,A01
202100056188,1,7,,0,2,5,1,B01
202100056188,1,7,,0,2,3,13,A01
202100056189,3,1,,0,4,8,19,B01
202100056189,3,40,,0,9,1,1,A01
202100056190,0,7,,0,2,3,26,B01
202100056190,-1,7,,0,2,1,9,A01
202100056191,1,7,,0,0,0,0,B01
202100056191,1,33,,0,0,0,0,A01
202100056192,2,7,,0,1,1,1,A01
202100056193,1,30,,0,0,8,1,A01
202100056194,1,10,,0,2,3,15,A01
202100056194,2,50,,0,2,1,1,B01
202100056195,2,7,,0,2,5,16,B01
202100056195,2,7,,0,2,2,16,A01
202100056196,1,7,,0,1,1,1,A01
202100056197,1,7,,0,2,7,12,A01
202100056197,1,32,,0,2,1,1,B01
202100056198,1,10,,13,0,3,1,A01
202100056199,2,15,,0,0,4,2,B01
202100056199,2,7,,0,2,1,2,A01
202100056200,3,14,,13,0,3,1,A01
202100056201,2,7,,0,1,2,0,A01
202100056202,1,7,,13,0,1,13,A01
202100056203,1,7,,17,0,2,13,A01
202100056204,2,7,,0,1,2,1,A01
202100056205,2,10,,0,2,8,1,A01
202100056205,1,7,,0,2,1,1,B01
202100056206,1,7,,0,2,2,15,A01
202100056206,2,33,,0,2,7,21,B01
202100056207,3,7,,2,0,1,1,A01
202100056208,1,7,,1,0,1,5,A01
202100056209,1,7,,13,0,2,1,A01
202100056210,2,7,,0,2,1,1,B01
202100056210,1,7,,0,2,1,13,A01
202100056211,1,2,,0,2,7,1,B01
202100056211,2,7,,0,2,1,15,A01
202100056212,1,33,,0,2,1,1,A01
202100056212,2,7,,0,2,3,17,B01
202100056213,1,7,,0,2,4,1,B01
202100056213,1,7,,0,2,1,2,A01
202100056214,3,2,,0,2,1,1,B01
202100056214,3,2,,0,2,1,13,A01
202100056215,1,1,,0,0,3,1,A01
202100056216,2,7,,0,1,2,1,A01
202100056217,1,7,,2,0,3,13,A01
202100056218,2,7,,0,0,9,1,A01
202100056219,3,10,,0,2,5,15,B01
202100056219,3,33,,0,2,2,1,A01
202100056220,1,7,,0,0,3,1,B01
202100056220,1,7,,0,0,1,15,A01
202100056221,1,7,,0,1,7,1,A01
202100056222,1,2,,0,2,3,15,B01
202100056222,2,7,,0,2,3,15,A01
202100056223,2,33,,1,0,1,21,A01
202100056224,2,7,,0,2,4,1,A01
202100056224,2,7,,0,2,2,2,B01
202100056225,1,34,,0,9,1,1,A01
202100056226,1,7,,0,2,4,1,A01
202100056226,1,7,,0,2,1,1,B01
202100056227,1,17,,0,2,3,0,B01
202100056227,1,7,,0,2,0,0,Z01
202100056227,1,7,,0,2,0,0,A01
202100056228,2,7,,0,2,3,1,B01
202100056228,2,15,,0,2,2,12,A01
202100056229,2,7,,0,0,1,1,A01
202100056230,1,10,,0,2,4,2,B01
202100056230,1,33,,0,2,1,2,C01
202100056230,1,7,,0,2,1,2,A01
202100056231,2,7,,0,2,2,15,A01
202100056231,2,33,,0,2,5,16,B01
202100056232,1,33,,0,0,0,9,A01
202100056233,3,7,,0,2,3,13,A01
202100056233,3,33,,0,2,1,7,B01
202100056234,1,7,,0,1,1,1,A01
202100056235,1,50,,0,0,8,1,B01
202100056236,1,7,,0,2,3,1,A01
202100056236,2,7,,0,2,6,1,B01
202100056237,2,7,,0,1,2,1,A01
202100056238,1,7,,0,2,3,2,A01
202100056238,1,7,,0,2,5,2,B01
202100056239,1,7,,0,2,5,26,B01
202100056239,3,7,,0,2,3,9,A01
202100056240,3,7,,0,1,1,1,A01
202100056241,2,7,,0,2,1,1,B01
202100056241,1,7,,0,2,2,15,A01
202100056242,3,2,,12,0,1,19,A01
202100056243,2,7,,0,2,7,1,B01
202100056243,2,7,,0,2,8,15,A01
202100056244,3,7,,2,0,1,1,A01
202100056245,2,7,,0,2,4,23,B01
202100056245,2,7,,0,2,4,23,C01
202100056245,2,7,,0,0,0,0,Z01
202100056245,2,7,,0,2,1,1,A01
202100056246,3,7,,0,2,1,5,B01
202100056246,3,2,,0,2,1,15,A01
202100056247,1,7,,0,2,3,15,A01
202100056247,1,34,,0,2,1,1,B01
202100056248,2,1,,0,2,7,1,B01
202100056248,1,7,,0,2,3,9,A01
202100056249,3,30,,0,0,0,1,A01
202100056250,1,7,,1,0,8,1,A01
202100056251,0,7,,0,1,3,26,A01
202100056252,1,7,,0,1,2,1,A01
202100056253,1,0,,0,1,1,19,A01
202100056254,1,7,,7,0,2,14,A01
202100056255,1,7,,7,0,3,13,A01
202100056256,1,7,,0,2,1,15,A01
202100056256,1,33,,0,2,1,1,B01
202100056257,0,7,,0,1,2,1,A01
202100056258,1,7,,7,0,2,14,A01
202100056259,3,10,,0,1,3,15,A01
202100056260,2,2,,0,2,1,1,A01
202100056260,2,7,,0,2,6,23,B01
202100056261,1,7,,0,2,4,16,B01
202100056261,1,7,,0,2,1,16,A01
202100056262,1,7,,0,2,2,23,A01
202100056262,1,2,,14,0,1,18,B01
202100056263,2,37,3.0,0,2,2,1,B01
202100056263,2,7,,3,2,5,1,A01
202100056264,1,30,,0,2,8,1,A01
202100056264,1,7,,0,2,1,15,B01
202100056265,0,7,,0,2,0,9,Z01
202100056265,0,2,,0,2,1,1,A01
202100056266,3,10,,0,0,6,23,B01
202100056266,1,7,,0,2,2,21,A01
202100056267,3,7,,0,1,0,26,Z01
202100056268,0,7,,0,1,1,13,A01
202100056269,0,43,,0,2,1,1,A01
202100056269,0,7,,0,2,5,16,Z01
202100056270,2,7,,0,1,3,1,A01
202100056271,3,7,,0,1,1,21,B01
202100056272,1,15,,0,2,1,1,A01
202100056272,1,10,,0,2,4,15,B01
202100056272,1,7,,13,0,0,0,C01
202100056272,1,7,,0,2,3,1,D01
202100056273,2,7,,0,2,2,21,B01
202100056273,1,7,,0,2,2,9,A01
202100056274,2,7,,0,2,1,1,A01
202100056274,1,7,,0,2,2,1,B01
202100056275,2,30,,0,2,8,1,A01
202100056275,1,7,,0,2,3,15,Z01
202100056276,2,1,,0,2,3,1,B01
202100056276,2,7,,0,2,2,17,A01
202100056277,1,10,,0,2,8,22,B01
202100056277,1,30,,0,2,7,1,A01
202100056278,1,7,,0,2,3,1,A01
202100056278,1,7,,0,2,1,1,Z01
202100056279,3,32,,0,2,1,13,A01
202100056279,3,7,,0,2,4,1,B01
202100056280,1,30,,0,0,0,16,A01
202100056281,1,80,,0,0,0,1,A01
202100056282,1,80,,12,0,1,13,A01
202100056283,1,1,,0,1,1,1,A01
202100056284,1,1,,0,1,1,5,A01
202100056285,2,1,,0,9,8,19,B01
202100056285,2,2,,0,9,1,1,A01
202100056286,3,7,,0,2,6,24,C01
202100056286,3,7,,0,2,2,19,B01
202100056286,3,7,,1,2,8,1,A01
202100056287,3,50,,0,2,0,19,A01
202100056287,3,7,,0,2,0,0,B01
202100056288,2,7,,0,2,3,15,A01
202100056288,1,7,,0,2,1,1,B01
202100056289,2,7,,0,2,1,2,Z01
202100056289,2,7,,0,2,4,2,B01
202100056290,2,10,,0,2,3,15,A01
202100056290,2,1,,0,2,1,1,B01
202100056291,-1,43,,0,2,7,13,B01
202100056291,-1,7,,1,0,3,13,A01
202100056292,3,7,,14,0,3,13,A01
202100056293,1,10,,0,2,3,1,A01
202100056293,1,7,,0,2,3,15,B01
202100056294,1,10,,0,1,1,1,A01
202100056295,1,7,,0,1,4,26,A01
202100056296,1,7,,0,2,1,1,B01
202100056296,2,7,,0,2,1,5,A01
202100056297,1,7,,0,2,8,1,B01
202100056297,2,10,,0,2,1,1,A01
202100056298,3,50,,1,0,1,1,B01
202100056298,3,7,,0,2,7,22,A01
202100056299,1,10,,0,2,2,1,D01
202100056299,1,14,,0,2,6,1,B01
202100056299,1,7,,0,2,3,13,A01
202100056299,2,17,,0,2,3,1,C01
202100056300,1,1,,0,2,1,25,A01
202100056300,2,7,,0,2,7,9,B01
202100056301,2,33,,0,1,1,1,A01
202100056302,1,31,,0,0,7,1,A01
202100056303,1,10,,0,2,3,1,B01
202100056303,2,7,,0,2,3,1,A01
202100056304,1,7,,0,0,7,0,A01
202100056305,2,38,1.0,3,0,7,0,A01
202100056306,1,7,,0,1,1,11,A01
202100056307,1,1,,9,0,4,1,B01
202100056307,1,7,,0,9,2,1,A01
202100056308,1,7,,2,0,1,1,A01
202100056309,3,10,,0,1,1,1,A01
202100056310,0,7,,0,1,3,1,A01
202100056311,2,7,,0,2,2,1,B01
202100056311,1,7,,0,2,1,13,A01
202100056312,2,17,,0,2,5,1,B01
202100056312,2,1,,0,2,3,25,A01
202100056313,3,7,,0,2,2,1,B01
202100056313,3,7,,1,2,3,2,A01
202100056314,2,7,,3,0,1,1,A01
202100056315,2,15,,0,2,1,2,A01
202100056315,2,7,,0,2,4,2,B01
202100056315,2,7,,0,2,4,2,C01
202100056315,2,15,,0,0,4,2,D01
202100056316,2,7,,0,2,1,13,A01
202100056316,2,10,,0,2,4,17,B01
202100056317,2,1,,0,0,8,1,B01
202100056317,2,7,,0,2,7,14,A01
202100056318,3,2,,0,1,1,5,A01
202100056319,2,7,,0,2,2,13,A01
202100056319,1,7,,0,2,3,1,B01
202100056320,2,7,,4,0,3,11,A01
202100056321,1,7,,0,2,4,2,C01
202100056321,1,7,,0,2,1,2,A01
202100056321,1,7,,0,2,4,2,B01
202100056322,1,7,,4,0,1,1,A01
202100056322,1,15,,0,2,4,2,B01
202100056322,1,7,,0,2,1,2,C01
202100056323,2,7,,1,1,1,1,B01
202100056324,1,31,,0,2,1,1,A01
202100056324,1,7,,0,2,6,15,B01
202100056325,2,33,,1,2,8,1,A01
202100056325,1,7,,1,2,2,1,B01
202100056326,1,2,,0,2,0,0,B01
202100056326,1,7,,0,2,5,26,A01
202100056327,2,30,,0,1,1,21,A01
202100056328,2,7,,0,0,1,14,A01
202100056329,2,43,,0,9,1,1,A01
202100056330,2,7,,4,0,9,26,A01
202100056331,2,7,,0,2,1,1,B01
202100056331,2,7,,0,2,1,10,A01
202100056332,1,7,,0,2,4,2,B01
202100056332,1,7,,0,2,2,2,A01
202100056333,1,7,,0,2,3,26,A01
202100056333,1,2,,0,2,1,26,B01
202100056334,3,7,,2,2,2,24,A01
202100056334,1,7,,1,0,2,1,Z01
202100056335,3,7,,0,2,1,1,A01
202100056335,3,7,,0,2,7,1,B01
202100056336,2,7,,0,2,1,19,A01
202100056336,1,7,,0,2,3,15,B01
202100056337,2,7,,1,0,0,0,Z01
202100056338,3,7,,0,2,1,2,B01
202100056338,3,33,,0,2,1,17,A01
202100056339,1,36,,12,0,9,10,A01
202100056340,1,7,,0,2,3,19,B01
202100056340,1,31,,0,2,1,1,A01
202100056341,2,7,,0,2,2,2,B01
202100056341,2,2,,0,2,8,2,A01
202100056342,0,30,,0,2,1,15,A01
202100056342,0,32,,0,2,1,1,B01
202100056343,1,7,,8,2,5,1,B01
202100056343,1,7,,0,2,1,1,A01
202100056344,2,31,,0,2,0,0,B01
202100056344,2,7,,0,2,0,0,A01
202100056345,2,32,,0,0,0,1,A01
202100056346,1,1,,0,1,1,13,A01
202100056347,2,7,,8,0,1,0,A01
202100056348,3,32,,0,2,2,1,B01
202100056348,3,7,,0,2,3,10,A01
202100056349,1,7,,1,0,1,26,A01
202100056350,1,7,,1,0,2,13,A01
202100056351,1,2,,0,2,1,1,A01
202100056351,2,7,,0,2,6,1,B01
202100056352,1,7,,8,0,3,1,A01
202100056353,2,7,,0,2,1,1,B01
202100056353,1,7,,0,0,8,9,A01
202100056354,2,10,,0,2,7,1,B01
202100056354,2,7,,0,2,1,1,C01
202100056354,1,7,,0,2,1,13,A01
202100056355,3,7,,2,0,1,1,A01
202100056356,2,7,,2,0,1,1,A01
202100056357,1,7,,0,2,3,15,A01
202100056357,2,7,,0,2,3,1,B01
202100056358,0,7,,15,0,1,1,A01
202100056359,1,7,,0,2,3,1,B01
202100056359,2,2,,0,2,7,15,A01
202100056360,1,7,,2,0,1,1,A01
202100056361,1,7,,2,0,3,0,A01
202100056362,2,1,,0,2,0,1,B01
202100056362,1,7,,0,2,1,15,A01
202100056363,0,7,,2,0,2,1,A01
202100056364,1,7,,3,2,1,1,E01
202100056364,1,7,,3,2,2,1,D01
202100056364,1,7,,3,2,2,1,C01
202100056364,1,7,,3,2,3,1,B01
202100056364,1,7,,3,2,2,1,A01
202100056365,2,7,,0,0,4,23,A01
202100056365,2,7,,1,0,1,2,B01
202100056366,2,7,,0,0,4,17,A01
202100056366,2,7,,0,2,1,2,B01
202100056367,1,7,,0,0,4,1,B01
202100056367,1,10,,0,2,1,1,A01
202100056368,2,7,,0,2,2,2,B01
202100056368,2,7,,0,2,4,1,A01
202100056369,0,7,,8,0,1,1,A01
202100056370,2,10,,16,0,9,14,A01
202100056371,3,7,,16,0,0,13,A01
202100056372,1,2,,0,2,1,1,A01
202100056372,2,7,,0,2,1,1,B01
202100056373,3,7,,0,9,1,1,A01
202100056373,0,2,,0,2,7,19,B01
202100056374,2,7,,0,0,3,23,B01
202100056374,2,7,,1,0,3,13,A01
202100056375,2,7,,13,0,3,1,A01
202100056376,2,36,,0,0,0,1,A01
202100056377,1,7,,0,2,2,23,A01
202100056377,1,7,,0,2,0,0,B01
202100056378,1,7,,1,0,7,2,B01
202100056378,1,7,,4,0,2,1,A01
202100056379,2,7,,0,2,1,2,A01
202100056379,2,7,,0,2,4,1,B01
202100056380,2,7,,0,2,4,2,C01
202100056380,2,7,,0,2,4,2,B01
202100056380,2,7,,0,2,1,2,A01
202100056381,2,7,,0,0,0,0,Z01
202100056381,1,2,,0,2,1,0,A01
202100056382,2,7,,0,2,1,2,A01
202100056382,2,7,,0,2,4,23,B01
202100056383,2,7,,4,0,2,0,A01
202100056384,2,7,,0,2,1,2,A01
202100056384,2,7,,0,2,4,2,B01
202100056385,2,33,,0,2,1,1,A01
202100056386,3,7,,0,2,3,1,B01
202100056386,3,7,,0,2,3,15,A01
202100056387,2,32,,0,2,4,23,B01
202100056387,2,2,,0,2,1,1,A01
202100056388,1,7,,0,2,1,15,B01
202100056388,1,7,,0,2,5,1,A01
202100056389,1,31,,0,2,4,2,B01
202100056389,1,7,,0,2,1,0,A01
202100056390,1,7,,0,2,1,15,A01
202100056390,2,7,,0,2,1,2,B01
202100056390,1,7,,0,2,1,1,C01
202100056391,2,2,,0,2,2,26,A01
202100056391,2,7,,0,2,3,1,B01
202100056392,3,2,,0,2,1,0,B01
202100056392,1,7,,0,2,2,1,A01
202100056393,3,7,,0,2,7,1,A01
202100056393,3,7,,0,2,1,15,B01
202100056394,3,7,,11,0,2,12,A01
202100056395,2,7,,6,0,1,13,A01
202100056396,2,7,,0,2,3,21,B01
202100056396,1,7,,0,2,2,21,A01
202100056397,2,30,,0,2,1,1,A01
202100056397,1,7,,0,2,3,1,B01
202100056398,1,7,,0,0,4,2,B01
202100056398,1,7,,0,2,1,2,A01
202100056399,2,7,,0,1,2,1,A01
202100056400,3,7,,0,2,4,1,C01
202100056400,3,7,,0,2,4,1,B01
202100056400,3,7,,0,2,1,1,A01
202100056401,2,7,,1,1,1,21,A01
202100056402,1,7,,15,2,3,19,B01
202100056402,1,7,,15,2,2,19,A01
202100056403,1,7,,0,2,1,1,A01
202100056403,1,7,,0,2,4,1,B01
202100056404,1,1,,0,2,1,25,A01
202100056404,1,7,,0,2,1,1,B01
202100056405,2,7,,14,0,1,26,A01
202100056406,3,7,,2,0,1,1,A01
202100056407,2,7,,0,2,3,1,B01
202100056407,2,33,,0,2,1,17,A01
202100056407,2,7,,0,2,3,1,C01
202100056408,2,7,,0,2,1,1,C01
202100056408,2,7,,0,2,1,9,B01
202100056408,1,7,,0,2,1,13,A01
202100056409,1,7,,16,0,1,14,A01
202100056410,0,7,,0,2,7,9,A01
202100056410,0,30,,0,2,1,1,B01
202100056411,1,10,,0,1,7,26,A01
202100056412,1,7,,0,2,1,0,A01
202100056412,1,7,,0,2,2,1,B01
202100056413,1,7,,0,2,3,15,A01
202100056413,1,32,,0,2,1,2,B01
202100056414,1,2,,0,2,7,1,A01
202100056414,1,7,,0,2,1,0,B01
202100056415,1,32,,0,2,2,0,A01
202100056415,1,3,,0,2,6,0,B01
202100056416,2,7,,6,0,1,1,A01
202100056417,1,7,,0,2,1,2,A01
202100056417,1,7,,0,2,4,2,B01
202100056417,1,10,,0,2,4,2,C01
202100056418,1,7,,0,2,0,1,Z01
202100056418,1,30,,0,2,1,1,A01
202100056419,2,7,,0,2,4,23,E01
202100056419,2,7,,0,2,4,23,D01
202100056419,2,7,,0,2,4,23,C01
202100056419,2,7,,0,2,4,23,B01
202100056419,2,7,,0,2,1,1,A01
202100056420,1,7,,1,2,2,16,A01
202100056421,1,10,,0,1,2,1,A01
202100056422,1,7,,1,2,3,13,A01
202100056422,1,2,,0,2,7,17,B01
202100056423,2,33,,0,2,1,1,B01
202100056423,2,7,,0,2,8,10,A01
202100056424,2,7,,0,2,2,9,B01
202100056424,1,1,,0,2,1,1,A01
202100056425,1,7,,0,2,2,16,A01
202100056425,1,30,,0,2,1,18,B01
202100056426,3,50,,0,0,0,26,A01
202100056427,1,7,,0,2,0,0,A01
202100056427,1,2,,0,2,1,0,B01
202100056428,3,7,,0,1,2,1,Z01
202100056429,2,7,,0,2,3,2,A01
202100056429,2,7,,0,2,5,0,B01
202100056430,0,7,,0,2,1,1,B01
202100056430,3,10,,0,2,1,5,A01
202100056431,1,32,,0,1,3,1,A01
202100056432,2,7,,0,2,1,1,A01
202100056432,2,7,,0,2,1,1,B01
202100056433,1,7,,0,1,2,26,Z01
202100056434,3,20,,0,1,3,0,A01
202100056435,2,7,,1,0,2,0,A01
202100056436,3,7,,0,2,1,1,B01
202100056436,3,7,,0,2,2,15,A01
202100056437,0,10,,0,2,1,2,A01
202100056437,0,7,,0,2,4,1,B01
202100056438,1,7,,0,2,1,26,A01
202100056438,1,7,,0,2,4,0,D01
202100056438,1,7,,0,0,4,0,C01
202100056438,1,7,,0,2,4,0,B01
202100056439,1,7,,0,1,1,1,A01
202100056440,1,7,,0,2,2,1,A01
202100056440,1,14,,0,2,6,23,B01
202100056441,1,7,,0,1,2,15,A01
202100056442,2,32,,0,2,1,1,A01
202100056442,1,7,,0,2,2,15,B01
202100056443,1,34,,0,2,1,1,B01
202100056443,2,7,,0,2,5,15,A01
202100056444,0,31,,0,9,0,0,B01
202100056444,0,30,,0,9,0,0,A01
202100056445,0,7,,16,0,1,1,A01
202100056446,1,7,,8,0,1,21,A01
202100056447,1,7,,2,0,1,1,A01
202100056448,1,7,,0,1,2,1,A01
202100056449,1,7,,0,2,3,1,A01
202100056449,1,33,,0,2,8,15,B01
202100056450,2,7,,0,2,3,5,A01
202100056450,1,7,,0,2,1,1,C01
202100056450,1,7,,0,2,8,1,D01
202100056450,1,7,,0,2,7,1,E01
202100056450,1,7,,0,2,3,1,B01
202100056451,2,7,,13,0,2,0,A01
202100056452,1,7,,3,0,9,17,A01
202100056453,1,7,,0,2,3,15,B01
202100056453,2,43,,12,0,3,1,A01
202100056454,1,2,,8,0,7,1,A01
202100056455,2,7,,2,0,1,1,A01
202100056456,3,2,,0,2,1,1,B01
202100056456,3,7,,0,2,2,19,A01
202100056457,1,7,,0,2,1,1,B01
202100056457,1,7,,0,2,7,1,A01
202100056458,2,7,,2,0,1,19,A01
202100056459,2,7,,2,0,3,1,A01
202100056460,0,7,,0,1,1,15,A01
202100056461,3,7,,0,2,1,1,B01
202100056461,3,7,,0,2,3,15,A01
202100056462,1,7,,8,0,1,1,A01
202100056463,1,7,,0,0,3,1,C01
202100056463,1,7,,0,0,3,19,A01
202100056463,1,7,,0,2,1,1,B01
202100056464,2,7,,3,0,2,1,A01
202100056465,3,33,,0,0,0,1,A01
202100056466,1,7,,0,1,2,1,A01
202100056467,1,7,,4,2,3,1,A01
202100056467,1,7,,0,2,2,1,B01
202100056468,2,7,,0,2,3,5,A01
202100056468,1,7,,0,2,6,1,B01
202100056469,1,7,,0,2,1,6,A01
202100056469,2,7,,0,2,1,1,B01
202100056470,1,7,,0,0,1,1,B01
202100056470,2,7,,0,0,1,5,A01
202100056471,2,7,,0,2,7,16,B01
202100056471,2,32,,0,2,3,1,A01
202100056472,1,7,,0,2,1,5,A01
202100056472,2,10,,0,2,3,1,C01
202100056472,2,7,,0,2,1,1,B01
202100056473,3,36,,1,0,1,1,A01
202100056474,1,2,,0,2,1,13,A01
202100056474,2,2,,0,2,1,1,B01
202100056475,2,31,,0,2,1,13,A01
202100056475,1,10,,0,2,1,15,B01
202100056476,3,7,,0,1,3,1,A01
202100056477,2,7,,17,0,3,1,A01
202100056478,0,7,,2,2,5,19,A01
202100056478,1,7,,0,2,1,1,B01
202100056479,1,7,,16,0,8,1,A01
202100056480,1,7,,0,2,8,9,A01
202100056480,1,7,,0,2,1,1,B01
202100056481,2,7,,8,2,1,14,B01
202100056481,3,7,,8,0,3,23,A01
202100056482,3,7,,0,9,2,1,A01
202100056482,0,99,,0,2,1,15,B01
202100056483,2,7,,0,2,1,1,A01
202100056483,2,7,,0,2,5,1,B01
202100056483,2,7,,0,2,4,1,C01
202100056484,2,7,,0,2,5,2,B01
202100056484,2,7,,0,2,1,2,A01
202100056485,2,7,,0,0,4,1,A01
202100056485,2,7,,0,2,1,1,Z01
202100056486,2,7,,0,0,4,1,C01
202100056486,2,7,,0,2,4,1,B01
202100056486,2,7,,0,2,1,1,A01
202100056487,2,0,,0,1,0,1,Z01
202100056488,2,33,,0,0,9,3,A01
202100056489,1,33,,0,2,1,2,A01
202100056489,1,7,,0,2,6,2,B01
202100056490,1,7,,0,2,5,1,B01
202100056490,1,43,,0,2,1,2,A01
202100056491,2,7,,0,2,2,1,B01
202100056491,2,7,,0,2,4,2,A01
202100056492,2,7,,4,0,1,9,A01
202100056493,1,7,,4,0,9,1,A01
202100056494,1,7,,0,2,6,2,B01
202100056494,1,7,,0,2,1,1,A01
202100056495,2,7,,0,0,9,2,A01
202100056496,2,7,,4,0,1,1,A01
202100056497,1,7,,5,0,2,1,A01
202100056498,2,7,,0,2,1,2,A01
202100056498,2,7,,0,2,4,2,B01
202100056498,2,7,,0,2,4,2,C01
202100056499,1,7,,0,2,1,2,B01
202100056499,1,7,,0,2,1,1,A01
202100056499,1,7,,0,2,4,2,C01
202100056500,2,7,,0,2,4,1,B01
202100056500,2,7,,0,2,5,1,C01
202100056500,2,7,,0,2,1,3,A01
202100056501,1,7,,4,0,2,14,A01
202100056502,1,7,,4,2,8,17,B01
202100056502,1,7,,0,2,8,1,A01
202100056503,1,33,,6,0,2,0,A01
202100056504,1,7,,6,0,1,13,A01
202100056505,0,33,,6,0,1,0,A01
202100056506,2,7,,5,0,3,13,A01
202100056507,2,7,,13,0,1,1,A01
202100056508,2,1,,0,0,8,1,A01
202100056509,1,7,,13,0,8,1,A01
202100056510,1,7,,0,0,4,2,A01
202100056510,1,7,,0,2,4,2,B01
202100056510,1,7,,0,2,1,2,C01
202100056511,1,7,,0,0,6,17,B01
202100056511,1,33,,0,2,1,2,A01
202100056512,0,10,,4,0,0,1,A01
202100056513,2,7,,13,2,1,2,A01
202100056513,2,7,,0,2,4,2,B01
202100056514,2,7,,5,0,3,0,A01
202100056515,1,7,,6,0,1,1,A01
202100056516,1,7,,0,2,1,5,A01
202100056516,2,7,,0,2,3,1,B01
202100056517,2,7,,6,0,5,6,A01
202100056518,2,7,,0,2,1,6,A01
202100056518,1,7,,0,2,1,1,B01